ISO-10303-21;
HEADER;
FILE_DESCRIPTION((''),'2;1');
FILE_NAME('Case_Half_1', '2026-09-23T00:32:56', (''), (''), 'ImageToStl.com STEP Converter','', '');
FILE_SCHEMA(('AUTOMOTIVE_DESIGN_CC2'));
ENDSEC;
DATA;
#1=PRODUCT_DEFINITION_CONTEXT('',#4,'design');
#2=APPLICATION_PROTOCOL_DEFINITION('INTERNATIONAL STANDARD','automotive_design',1994,#4);
#3=(GEOMETRIC_REPRESENTATION_CONTEXT(3)GLOBAL_UNCERTAINTY_ASSIGNED_CONTEXT((#5))GLOBAL_UNIT_ASSIGNED_CONTEXT((#6,#7,#8))REPRESENTATION_CONTEXT('NONE','WORKSPACE'));
#4=APPLICATION_CONTEXT(' ');
#5=UNCERTAINTY_MEASURE_WITH_UNIT(LENGTH_MEASURE(1.0E-006),#6,'','');
#6=(CONVERSION_BASED_UNIT('METRE',#10)LENGTH_UNIT()NAMED_UNIT(#11));
#7=(NAMED_UNIT(#12)PLANE_ANGLE_UNIT()SI_UNIT($,.RADIAN.));
#8=(NAMED_UNIT(#12)SOLID_ANGLE_UNIT()SI_UNIT($,.STERADIAN.));
#9=AXIS2_PLACEMENT_3D('',#14,#15,#16);
#10=LENGTH_MEASURE_WITH_UNIT(LENGTH_MEASURE(1.0),#17);
#11=DIMENSIONAL_EXPONENTS(1.0,0.0,0.0,0.0,0.0,0.0,0.0);
#12=DIMENSIONAL_EXPONENTS(0.0,0.0,0.0,0.0,0.0,0.0,0.0);
#13=PRODUCT_CONTEXT('',#4,'mechanical');
#14=CARTESIAN_POINT('',(0.0,0.0,0.0));
#15=DIRECTION('',(0.0,0.0,1.0));
#16=DIRECTION('',(1.0,0.0,0.0));
#17=(NAMED_UNIT(#11)LENGTH_UNIT()SI_UNIT(.MILLI.,.METRE.));
#18=PRESENTATION_STYLE_ASSIGNMENT((#19));
#19=SURFACE_STYLE_USAGE(.BOTH.,#20);
#20=SURFACE_SIDE_STYLE('',(#21));
#21=SURFACE_STYLE_FILL_AREA(#22);
#22=FILL_AREA_STYLE('',(#23));
#23=FILL_AREA_STYLE_COLOUR('',#24);
#24=COLOUR_RGB('',0.9,0.9,0.9);
#25=SHAPE_DEFINITION_REPRESENTATION(#26,#27);
#26=PRODUCT_DEFINITION_SHAPE('productshape0','',#30);
#27=MANIFOLD_SURFACE_SHAPE_REPRESENTATION('',(#28,#9),#3);
#28=SHELL_BASED_SURFACE_MODEL('shell0',(#33));
#29=PRODUCT('product0','','',(#13));
#30=PRODUCT_DEFINITION('mesh0','',#31,#2);
#31=PRODUCT_DEFINITION_FORMATION_WITH_SPECIFIED_SOURCE('prodsource0','',#29,.NOT_KNOWN.);
#32=STYLED_ITEM('',(#18),#33);
#33=CLOSED_SHELL('',(#662,#684,#706,#728,#750,#772,#794,#816,#838,#860,#882,#904,#926,#948,#970,#992,#1014,#1036,#1058,#1080,#1102,#1124,#1146,#1168,#1190,#1212,#1234,#1256,#1278,#1300,#1322,#1344,#1366,#1388,#1410,#1432,#1454,#1476,#1498,#1520,#1542,#1564,#1586,#1608,#1630,#1652,#1674,#1696,#1718,#1740,#1762,#1784,#1806,#1828,#1850,#1872,#1894,#1916,#1938,#1960,#1982,#2004,#2026,#2048,#2070,#2092,#2114,#2136,#2158,#2180,#2202,#2224,#2246,#2268,#2290,#2312,#2334,#2356,#2378,#2400,#2422,#2444,#2466,#2488,#2510,#2532,#2554,#2576,#2598,#2620,#2642,#2664,#2686,#2708,#2730,#2752,#2774,#2796,#2818,#2840,#2862,#2884,#2906,#2928,#2950,#2972,#2994,#3016,#3038,#3060,#3082,#3104,#3126,#3148,#3170,#3192,#3214,#3236,#3258,#3280,#3302,#3324,#3346,#3368,#3390,#3412,#3434,#3456,#3478,#3500,#3522,#3544,#3566,#3588,#3610,#3632,#3654,#3676,#3698,#3720,#3742,#3764,#3786,#3808,#3830,#3852,#3874,#3896,#3918,#3940,#3962,#3984,#4006,#4028,#4050,#4072,#4094,#4116,#4138,#4160,#4182,#4204,#4226,#4248,#4270,#4292,#4314,#4336,#4358,#4380,#4402,#4424,#4446,#4468,#4490,#4512,#4534,#4556,#4578,#4600,#4622,#4644,#4666,#4688,#4710,#4732,#4754,#4776,#4798,#4820,#4842,#4864,#4886,#4908,#4930,#4952,#4974,#4996,#5018,#5040,#5062,#5084,#5106,#5128,#5150,#5172,#5194,#5216,#5238,#5260,#5282,#5304,#5326,#5348,#5370,#5392,#5414,#5436,#5458,#5480,#5502,#5524,#5546,#5568,#5590,#5612,#5634,#5656,#5678,#5700,#5722,#5744,#5766,#5788,#5810,#5832,#5854,#5876,#5898,#5920,#5942,#5964,#5986,#6008,#6030,#6052,#6074,#6096,#6118,#6140,#6162,#6184,#6206,#6228,#6250,#6272,#6294,#6316,#6338,#6360,#6382,#6404,#6426,#6448,#6470,#6492,#6514,#6536,#6558,#6580,#6602,#6624,#6646,#6668,#6690,#6712,#6734,#6756,#6778,#6800,#6822,#6844,#6866,#6888,#6910,#6932,#6954,#6976,#6998,#7020,#7042,#7064,#7086,#7108,#7130,#7152,#7174,#7196,#7218,#7240,#7262,#7284,#7306,#7328,#7350,#7372,#7394,#7416,#7438,#7460,#7482,#7504,#7526,#7548,#7570,#7592,#7614,#7636,#7658,#7680,#7702,#7724,#7746,#7768,#7790,#7812,#7834,#7856,#7878,#7900,#7922,#7944,#7966,#7988,#8010,#8032,#8054,#8076,#8098,#8120,#8142,#8164,#8186,#8208,#8230,#8252,#8274,#8296,#8318,#8340,#8362,#8384,#8406,#8428,#8450,#8472,#8494,#8516,#8538,#8560,#8582,#8604,#8626,#8648,#8670,#8692,#8714,#8736,#8758,#8780,#8802,#8824,#8846,#8868,#8890,#8912,#8934,#8956,#8978,#9000,#9022,#9044,#9066,#9088,#9110,#9132,#9154,#9176,#9198,#9220,#9242,#9264,#9286,#9308,#9330,#9352,#9374,#9396,#9418,#9440,#9462,#9484,#9506,#9528,#9550,#9572,#9594,#9616,#9638,#9660,#9682,#9704,#9726,#9748,#9770,#9792,#9814,#9836,#9858,#9880,#9902,#9924,#9946,#9968,#9990,#10012,#10034,#10056,#10078,#10100,#10122,#10144,#10166,#10188,#10210,#10232,#10254,#10276,#10298,#10320,#10342,#10364,#10386,#10408,#10430,#10452,#10474,#10496,#10518,#10540,#10562,#10584,#10606,#10628,#10650,#10672,#10694,#10716,#10738,#10760,#10782,#10804,#10826,#10848,#10870,#10892,#10914,#10936,#10958,#10980,#11002,#11024,#11046,#11068,#11090,#11112,#11134,#11156,#11178,#11200,#11222,#11244,#11266,#11288,#11310,#11332,#11354,#11376,#11398,#11420,#11442,#11464,#11486,#11508,#11530,#11552,#11574,#11596,#11618,#11640,#11662,#11684,#11706,#11728,#11750,#11772,#11794,#11816,#11838,#11860,#11882,#11904,#11926,#11948,#11970,#11992,#12014,#12036,#12058,#12080,#12102,#12124,#12146,#12168,#12190,#12212,#12234,#12256,#12278,#12300,#12322,#12344,#12366,#12388,#12410,#12432,#12454,#12476,#12498,#12520,#12542,#12564,#12586,#12608,#12630,#12652,#12674,#12696,#12718,#12740,#12762,#12784,#12806,#12828,#12850,#12872,#12894,#12916,#12938,#12960,#12982,#13004,#13026,#13048,#13070,#13092,#13114,#13136,#13158,#13180,#13202,#13224,#13246,#13268,#13290,#13312,#13334,#13356,#13378,#13400,#13422,#13444,#13466,#13488,#13510,#13532,#13554,#13576,#13598,#13620,#13642,#13664,#13686,#13708,#13730,#13752,#13774,#13796,#13818,#13840,#13862,#13884,#13906,#13928,#13950,#13972,#13994,#14016,#14038,#14060,#14082,#14104,#14126,#14148,#14170,#14192));
#34=CARTESIAN_POINT('',(-174.13616943359375,-62.503509521484375,-10.118657112121582));
#35=VERTEX_POINT('',#34);
#36=CARTESIAN_POINT('',(-174.13616943359375,-62.503509521484375,-1.6281057596206665));
#37=VERTEX_POINT('',#36);
#38=CARTESIAN_POINT('',(-174.28416442871094,-62.77750778198242,-1.6281057596206665));
#39=VERTEX_POINT('',#38);
#40=CARTESIAN_POINT('',(-174.28416442871094,-62.77750778198242,-10.118657112121582));
#41=VERTEX_POINT('',#40);
#42=CARTESIAN_POINT('',(-169.68817138671875,-64.67951202392578,-11.164657592773438));
#43=VERTEX_POINT('',#42);
#44=CARTESIAN_POINT('',(-169.68817138671875,-64.67951202392578,-1.6281057596206665));
#45=VERTEX_POINT('',#44);
#46=CARTESIAN_POINT('',(-170.00216674804688,-65.26351165771484,-1.6281057596206665));
#47=VERTEX_POINT('',#46);
#48=CARTESIAN_POINT('',(-170.00216674804688,-65.26351165771484,-11.164657592773438));
#49=VERTEX_POINT('',#48);
#50=CARTESIAN_POINT('',(-172.50816345214844,60.82649612426758,-1.6281052827835083));
#51=VERTEX_POINT('',#50);
#52=CARTESIAN_POINT('',(-172.50816345214844,60.82649612426758,-10.118657112121582));
#53=VERTEX_POINT('',#52);
#54=CARTESIAN_POINT('',(-172.826171875,60.794498443603516,-10.118657112121582));
#55=VERTEX_POINT('',#54);
#56=CARTESIAN_POINT('',(-172.826171875,60.794498443603516,-1.6281052827835083));
#57=VERTEX_POINT('',#56);
#58=CARTESIAN_POINT('',(-171.3681640625,-63.98550796508789,-1.6281057596206665));
#59=VERTEX_POINT('',#58);
#60=CARTESIAN_POINT('',(-171.2761688232422,-63.6875114440918,-1.6281057596206665));
#61=VERTEX_POINT('',#60);
#62=CARTESIAN_POINT('',(-171.2761688232422,-63.6875114440918,-10.118657112121582));
#63=VERTEX_POINT('',#62);
#64=CARTESIAN_POINT('',(-171.3681640625,-63.98550796508789,-10.118657112121582));
#65=VERTEX_POINT('',#64);
#66=CARTESIAN_POINT('',(-171.23416137695312,62.10049819946289,-1.6281052827835083));
#67=VERTEX_POINT('',#66);
#68=CARTESIAN_POINT('',(-171.23416137695312,62.10049819946289,-10.118657112121582));
#69=VERTEX_POINT('',#68);
#70=CARTESIAN_POINT('',(-171.3281707763672,61.794498443603516,-10.118657112121582));
#71=VERTEX_POINT('',#70);
#72=CARTESIAN_POINT('',(-171.3281707763672,61.794498443603516,-1.6281052827835083));
#73=VERTEX_POINT('',#72);
#74=CARTESIAN_POINT('',(-171.9481658935547,-64.69151306152344,-10.118657112121582));
#75=VERTEX_POINT('',#74);
#76=CARTESIAN_POINT('',(-171.70816040039062,-64.49551391601562,-10.118657112121582));
#77=VERTEX_POINT('',#76);
#78=CARTESIAN_POINT('',(-171.5121612548828,-64.2555160522461,-10.118657112121582));
#79=VERTEX_POINT('',#78);
#80=CARTESIAN_POINT('',(-171.2461700439453,-63.38151168823242,-10.118657112121582));
#81=VERTEX_POINT('',#80);
#82=CARTESIAN_POINT('',(-171.2761688232422,-63.071510314941406,-10.118657112121582));
#83=VERTEX_POINT('',#82);
#84=CARTESIAN_POINT('',(-171.3681640625,-62.77750778198242,-10.118657112121582));
#85=VERTEX_POINT('',#84);
#86=CARTESIAN_POINT('',(-171.5121612548828,-62.503509521484375,-10.118657112121582));
#87=VERTEX_POINT('',#86);
#88=CARTESIAN_POINT('',(-171.70816040039062,-62.26350784301758,-10.118657112121582));
#89=VERTEX_POINT('',#88);
#90=CARTESIAN_POINT('',(-171.9481658935547,-62.067508697509766,-10.118657112121582));
#91=VERTEX_POINT('',#90);
#92=CARTESIAN_POINT('',(-172.22216796875,-61.92351150512695,-10.118657112121582));
#93=VERTEX_POINT('',#92);
#94=CARTESIAN_POINT('',(-172.5161590576172,-61.83150863647461,-10.118657112121582));
#95=VERTEX_POINT('',#94);
#96=CARTESIAN_POINT('',(-172.826171875,-61.801509857177734,-10.118657112121582));
#97=VERTEX_POINT('',#96);
#98=CARTESIAN_POINT('',(-173.13217163085938,-61.83150863647461,-10.118657112121582));
#99=VERTEX_POINT('',#98);
#100=CARTESIAN_POINT('',(-173.43016052246094,-61.92351150512695,-10.118657112121582));
#101=VERTEX_POINT('',#100);
#102=CARTESIAN_POINT('',(-173.70016479492188,-62.067508697509766,-10.118657112121582));
#103=VERTEX_POINT('',#102);
#104=CARTESIAN_POINT('',(-173.94017028808594,-62.26350784301758,-10.118657112121582));
#105=VERTEX_POINT('',#104);
#106=CARTESIAN_POINT('',(-174.37216186523438,-63.071510314941406,-10.118657112121582));
#107=VERTEX_POINT('',#106);
#108=CARTESIAN_POINT('',(-174.40216064453125,-63.38151168823242,-10.118657112121582));
#109=VERTEX_POINT('',#108);
#110=CARTESIAN_POINT('',(-174.37216186523438,-63.6875114440918,-10.118657112121582));
#111=VERTEX_POINT('',#110);
#112=CARTESIAN_POINT('',(-174.28416442871094,-63.98550796508789,-10.118657112121582));
#113=VERTEX_POINT('',#112);
#114=CARTESIAN_POINT('',(-174.13616943359375,-64.2555160522461,-10.118657112121582));
#115=VERTEX_POINT('',#114);
#116=CARTESIAN_POINT('',(-173.94017028808594,-64.49551391601562,-10.118657112121582));
#117=VERTEX_POINT('',#116);
#118=CARTESIAN_POINT('',(-173.70016479492188,-64.69151306152344,-10.118657112121582));
#119=VERTEX_POINT('',#118);
#120=CARTESIAN_POINT('',(-173.43016052246094,-64.83551025390625,-10.118657112121582));
#121=VERTEX_POINT('',#120);
#122=CARTESIAN_POINT('',(-173.13217163085938,-64.9275131225586,-10.118657112121582));
#123=VERTEX_POINT('',#122);
#124=CARTESIAN_POINT('',(-172.826171875,-64.95751190185547,-10.118657112121582));
#125=VERTEX_POINT('',#124);
#126=CARTESIAN_POINT('',(-172.5161590576172,-64.9275131225586,-10.118657112121582));
#127=VERTEX_POINT('',#126);
#128=CARTESIAN_POINT('',(-172.22216796875,-64.83551025390625,-10.118657112121582));
#129=VERTEX_POINT('',#128);
#130=CARTESIAN_POINT('',(-171.23416137695312,62.73250198364258,-10.118657112121582));
#131=VERTEX_POINT('',#130);
#132=CARTESIAN_POINT('',(-171.3281707763672,63.03850173950195,-10.118657112121582));
#133=VERTEX_POINT('',#132);
#134=CARTESIAN_POINT('',(-171.47616577148438,63.320499420166016,-10.118657112121582));
#135=VERTEX_POINT('',#134);
#136=CARTESIAN_POINT('',(-171.67616271972656,63.56450271606445,-10.118657112121582));
#137=VERTEX_POINT('',#136);
#138=CARTESIAN_POINT('',(-171.92416381835938,63.768497467041016,-10.118657112121582));
#139=VERTEX_POINT('',#138);
#140=CARTESIAN_POINT('',(-172.20616149902344,63.9164924621582,-10.118657112121582));
#141=VERTEX_POINT('',#140);
#142=CARTESIAN_POINT('',(-172.50816345214844,64.00648498535156,-10.118657112121582));
#143=VERTEX_POINT('',#142);
#144=CARTESIAN_POINT('',(-172.826171875,64.03849792480469,-10.118657112121582));
#145=VERTEX_POINT('',#144);
#146=CARTESIAN_POINT('',(-173.1441650390625,64.00648498535156,-10.118657112121582));
#147=VERTEX_POINT('',#146);
#148=CARTESIAN_POINT('',(-173.4461669921875,63.9164924621582,-10.118657112121582));
#149=VERTEX_POINT('',#148);
#150=CARTESIAN_POINT('',(-173.72816467285156,63.768497467041016,-10.118657112121582));
#151=VERTEX_POINT('',#150);
#152=CARTESIAN_POINT('',(-173.97216796875,63.56450271606445,-10.118657112121582));
#153=VERTEX_POINT('',#152);
#154=CARTESIAN_POINT('',(-174.17616271972656,63.320499420166016,-10.118657112121582));
#155=VERTEX_POINT('',#154);
#156=CARTESIAN_POINT('',(-174.3241729736328,63.03850173950195,-10.118657112121582));
#157=VERTEX_POINT('',#156);
#158=CARTESIAN_POINT('',(-174.4181671142578,62.73250198364258,-10.118657112121582));
#159=VERTEX_POINT('',#158);
#160=CARTESIAN_POINT('',(-174.45016479492188,62.41849136352539,-10.118657112121582));
#161=VERTEX_POINT('',#160);
#162=CARTESIAN_POINT('',(-174.4181671142578,62.10049819946289,-10.118657112121582));
#163=VERTEX_POINT('',#162);
#164=CARTESIAN_POINT('',(-174.3241729736328,61.794498443603516,-10.118657112121582));
#165=VERTEX_POINT('',#164);
#166=CARTESIAN_POINT('',(-174.17616271972656,61.51649856567383,-10.118657112121582));
#167=VERTEX_POINT('',#166);
#168=CARTESIAN_POINT('',(-173.97216796875,61.2704963684082,-10.118657112121582));
#169=VERTEX_POINT('',#168);
#170=CARTESIAN_POINT('',(-173.72816467285156,61.070499420166016,-10.118657112121582));
#171=VERTEX_POINT('',#170);
#172=CARTESIAN_POINT('',(-173.4461669921875,60.92049026489258,-10.118657112121582));
#173=VERTEX_POINT('',#172);
#174=CARTESIAN_POINT('',(-173.1441650390625,60.82649612426758,-10.118657112121582));
#175=VERTEX_POINT('',#174);
#176=CARTESIAN_POINT('',(-172.20616149902344,60.92049026489258,-10.118657112121582));
#177=VERTEX_POINT('',#176);
#178=CARTESIAN_POINT('',(-171.92416381835938,61.070499420166016,-10.118657112121582));
#179=VERTEX_POINT('',#178);
#180=CARTESIAN_POINT('',(-171.67616271972656,61.2704963684082,-10.118657112121582));
#181=VERTEX_POINT('',#180);
#182=CARTESIAN_POINT('',(-171.47616577148438,61.51649856567383,-10.118657112121582));
#183=VERTEX_POINT('',#182);
#184=CARTESIAN_POINT('',(-171.20216369628906,62.41849136352539,-10.118657112121582));
#185=VERTEX_POINT('',#184);
#186=CARTESIAN_POINT('',(-171.67616271972656,63.56450271606445,-1.6281052827835083));
#187=VERTEX_POINT('',#186);
#188=CARTESIAN_POINT('',(-171.92416381835938,63.768497467041016,-1.6281052827835083));
#189=VERTEX_POINT('',#188);
#190=CARTESIAN_POINT('',(-172.20616149902344,63.9164924621582,-1.6281052827835083));
#191=VERTEX_POINT('',#190);
#192=CARTESIAN_POINT('',(-171.92416381835938,61.070499420166016,-1.6281052827835083));
#193=VERTEX_POINT('',#192);
#194=CARTESIAN_POINT('',(-172.20616149902344,60.92049026489258,-1.6281052827835083));
#195=VERTEX_POINT('',#194);
#196=CARTESIAN_POINT('',(-173.72816467285156,63.768497467041016,-1.6281052827835083));
#197=VERTEX_POINT('',#196);
#198=CARTESIAN_POINT('',(-173.97216796875,63.56450271606445,-1.6281052827835083));
#199=VERTEX_POINT('',#198);
#200=CARTESIAN_POINT('',(-173.1441650390625,60.82649612426758,-1.6281052827835083));
#201=VERTEX_POINT('',#200);
#202=CARTESIAN_POINT('',(-171.47616577148438,61.51649856567383,-1.6281052827835083));
#203=VERTEX_POINT('',#202);
#204=CARTESIAN_POINT('',(-170.5768585205078,-60.857200622558594,-1.6281057596206665));
#205=VERTEX_POINT('',#204);
#206=CARTESIAN_POINT('',(-170.42616271972656,-60.981510162353516,-1.6281057596206665));
#207=VERTEX_POINT('',#206);
#208=CARTESIAN_POINT('',(-170.42616271972656,-60.981510162353516,-11.164657592773438));
#209=VERTEX_POINT('',#208);
#210=CARTESIAN_POINT('',(-170.94017028808594,-60.55751037597656,-11.164657592773438));
#211=VERTEX_POINT('',#210);
#212=CARTESIAN_POINT('',(-170.94017028808594,-60.55751037597656,-1.6281057596206665));
#213=VERTEX_POINT('',#212);
#214=CARTESIAN_POINT('',(-176.15615844726562,61.6664924621582,-1.6281052827835083));
#215=VERTEX_POINT('',#214);
#216=CARTESIAN_POINT('',(-176.21817016601562,62.328495025634766,-1.6281052827835083));
#217=VERTEX_POINT('',#216);
#218=CARTESIAN_POINT('',(-176.21817016601562,62.328495025634766,-11.164657592773438));
#219=VERTEX_POINT('',#218);
#220=CARTESIAN_POINT('',(-176.15615844726562,61.6664924621582,-11.164657592773438));
#221=VERTEX_POINT('',#220);
#222=CARTESIAN_POINT('',(-170.94017028808594,-66.2015151977539,-11.164657592773438));
#223=VERTEX_POINT('',#222);
#224=CARTESIAN_POINT('',(-170.94017028808594,-66.2015151977539,-1.6281057596206665));
#225=VERTEX_POINT('',#224);
#226=CARTESIAN_POINT('',(-171.52816772460938,-66.51551055908203,-1.6281057596206665));
#227=VERTEX_POINT('',#226);
#228=CARTESIAN_POINT('',(-171.52816772460938,-66.51551055908203,-11.164657592773438));
#229=VERTEX_POINT('',#228);
#230=CARTESIAN_POINT('',(-173.72816467285156,61.070499420166016,-1.6281052827835083));
#231=VERTEX_POINT('',#230);
#232=CARTESIAN_POINT('',(-173.97216796875,61.2704963684082,-1.6281052827835083));
#233=VERTEX_POINT('',#232);
#234=CARTESIAN_POINT('',(-171.2461700439453,-63.38151168823242,-1.6281057596206665));
#235=VERTEX_POINT('',#234);
#236=CARTESIAN_POINT('',(-171.2761688232422,-63.071510314941406,-1.6281057596206665));
#237=VERTEX_POINT('',#236);
#238=CARTESIAN_POINT('',(-171.9481658935547,-64.69151306152344,-1.6281057596206665));
#239=VERTEX_POINT('',#238);
#240=CARTESIAN_POINT('',(-171.70816040039062,-64.49551391601562,-1.6281057596206665));
#241=VERTEX_POINT('',#240);
#242=CARTESIAN_POINT('',(-172.22216796875,-64.83551025390625,-1.6281057596206665));
#243=VERTEX_POINT('',#242);
#244=CARTESIAN_POINT('',(-173.13217163085938,-61.83150863647461,-1.6281057596206665));
#245=VERTEX_POINT('',#244);
#246=CARTESIAN_POINT('',(-173.43016052246094,-61.92351150512695,-1.6281057596206665));
#247=VERTEX_POINT('',#246);
#248=CARTESIAN_POINT('',(-174.13616943359375,-64.2555160522461,-1.6281057596206665));
#249=VERTEX_POINT('',#248);
#250=CARTESIAN_POINT('',(-173.94017028808594,-64.49551391601562,-1.6281057596206665));
#251=VERTEX_POINT('',#250);
#252=CARTESIAN_POINT('',(-171.52816772460938,65.46249389648438,-11.164657592773438));
#253=VERTEX_POINT('',#252);
#254=CARTESIAN_POINT('',(-172.16416931152344,65.65849304199219,-11.164657592773438));
#255=VERTEX_POINT('',#254);
#256=CARTESIAN_POINT('',(-172.16416931152344,65.65849304199219,-1.6281052827835083));
#257=VERTEX_POINT('',#256);
#258=CARTESIAN_POINT('',(-171.52816772460938,65.46249389648438,-1.6281052827835083));
#259=VERTEX_POINT('',#258);
#260=CARTESIAN_POINT('',(-176.15615844726562,62.99049758911133,-1.6281052827835083));
#261=VERTEX_POINT('',#260);
#262=CARTESIAN_POINT('',(-175.9601593017578,63.62649917602539,-1.6281052827835083));
#263=VERTEX_POINT('',#262);
#264=CARTESIAN_POINT('',(-175.9601593017578,63.62649917602539,-11.164657592773438));
#265=VERTEX_POINT('',#264);
#266=CARTESIAN_POINT('',(-176.15615844726562,62.99049758911133,-11.164657592773438));
#267=VERTEX_POINT('',#266);
#268=CARTESIAN_POINT('',(-172.5161590576172,-61.83150863647461,-1.6281057596206665));
#269=VERTEX_POINT('',#268);
#270=CARTESIAN_POINT('',(-172.826171875,-61.801509857177734,-1.6281057596206665));
#271=VERTEX_POINT('',#270);
#272=CARTESIAN_POINT('',(-173.4881591796875,58.99849319458008,-11.164657592773438));
#273=VERTEX_POINT('',#272);
#274=CARTESIAN_POINT('',(-173.4881591796875,58.99849319458008,-1.6281052827835083));
#275=VERTEX_POINT('',#274);
#276=CARTESIAN_POINT('',(-174.12416076660156,59.190494537353516,-1.6281052827835083));
#277=VERTEX_POINT('',#276);
#278=CARTESIAN_POINT('',(-174.12416076660156,59.190494537353516,-11.164657592773438));
#279=VERTEX_POINT('',#278);
#280=CARTESIAN_POINT('',(-171.5121612548828,-64.2555160522461,-1.6281057596206665));
#281=VERTEX_POINT('',#280);
#282=CARTESIAN_POINT('',(-173.4461669921875,63.9164924621582,-1.6281052827835083));
#283=VERTEX_POINT('',#282);
#284=CARTESIAN_POINT('',(-174.40216064453125,-63.38151168823242,-1.6281057596206665));
#285=VERTEX_POINT('',#284);
#286=CARTESIAN_POINT('',(-174.37216186523438,-63.6875114440918,-1.6281057596206665));
#287=VERTEX_POINT('',#286);
#288=CARTESIAN_POINT('',(-175.9601593017578,61.03049087524414,-1.6281052827835083));
#289=VERTEX_POINT('',#288);
#290=CARTESIAN_POINT('',(-175.9601593017578,61.03049087524414,-11.164657592773438));
#291=VERTEX_POINT('',#290);
#292=CARTESIAN_POINT('',(-173.4881591796875,65.65849304199219,-11.164657592773438));
#293=VERTEX_POINT('',#292);
#294=CARTESIAN_POINT('',(-174.12416076660156,65.46249389648438,-11.164657592773438));
#295=VERTEX_POINT('',#294);
#296=CARTESIAN_POINT('',(-174.12416076660156,65.46249389648438,-1.6281052827835083));
#297=VERTEX_POINT('',#296);
#298=CARTESIAN_POINT('',(-173.4881591796875,65.65849304199219,-1.6281052827835083));
#299=VERTEX_POINT('',#298);
#300=CARTESIAN_POINT('',(-173.4461669921875,60.92049026489258,-1.6281052827835083));
#301=VERTEX_POINT('',#300);
#302=CARTESIAN_POINT('',(-170.42616271972656,-65.77751159667969,-11.164657592773438));
#303=VERTEX_POINT('',#302);
#304=CARTESIAN_POINT('',(-170.42616271972656,-65.77751159667969,-1.6281057596206665));
#305=VERTEX_POINT('',#304);
#306=CARTESIAN_POINT('',(-171.23416137695312,62.73250198364258,-1.6281052827835083));
#307=VERTEX_POINT('',#306);
#308=CARTESIAN_POINT('',(-171.20216369628906,62.41849136352539,-1.6281052827835083));
#309=VERTEX_POINT('',#308);
#310=CARTESIAN_POINT('',(-169.68817138671875,-62.07950973510742,-11.164657592773438));
#311=VERTEX_POINT('',#310);
#312=CARTESIAN_POINT('',(-169.68817138671875,-62.07950973510742,-1.6281057596206665));
#313=VERTEX_POINT('',#312);
#314=CARTESIAN_POINT('',(-169.4961700439453,-62.71950912475586,-1.6281057596206665));
#315=VERTEX_POINT('',#314);
#316=CARTESIAN_POINT('',(-169.4961700439453,-62.71950912475586,-11.164657592773438));
#317=VERTEX_POINT('',#316);
#318=CARTESIAN_POINT('',(-175.44833374023438,71.99153900146484,-16.164657592773438));
#319=VERTEX_POINT('',#318);
#320=CARTESIAN_POINT('',(-176.2743377685547,73.99153900146484,-14.164657592773438));
#321=VERTEX_POINT('',#320);
#322=CARTESIAN_POINT('',(-3.853429916489404E-06,73.99153900146484,-14.164657592773438));
#323=VERTEX_POINT('',#322);
#324=CARTESIAN_POINT('',(-3.853429916489404E-06,71.99153900146484,-16.164657592773438));
#325=VERTEX_POINT('',#324);
#326=CARTESIAN_POINT('',(-174.3241729736328,63.03850173950195,-1.6281052827835083));
#327=VERTEX_POINT('',#326);
#328=CARTESIAN_POINT('',(-174.17616271972656,63.320499420166016,-1.6281052827835083));
#329=VERTEX_POINT('',#328);
#330=CARTESIAN_POINT('',(-169.4961700439453,62.99049758911133,-11.164657592773438));
#331=VERTEX_POINT('',#330);
#332=CARTESIAN_POINT('',(-169.4961700439453,62.99049758911133,-1.6281052827835083));
#333=VERTEX_POINT('',#332);
#334=CARTESIAN_POINT('',(-169.43016052246094,62.328495025634766,-1.6281052827835083));
#335=VERTEX_POINT('',#334);
#336=CARTESIAN_POINT('',(-169.43016052246094,62.328495025634766,-11.164657592773438));
#337=VERTEX_POINT('',#336);
#338=CARTESIAN_POINT('',(-172.16416931152344,-66.70751190185547,-1.6281057596206665));
#339=VERTEX_POINT('',#338);
#340=CARTESIAN_POINT('',(-172.16416931152344,-66.70751190185547,-11.164657592773438));
#341=VERTEX_POINT('',#340);
#342=CARTESIAN_POINT('',(-170.00216674804688,60.4424934387207,-11.164657592773438));
#343=VERTEX_POINT('',#342);
#344=CARTESIAN_POINT('',(-170.00216674804688,60.4424934387207,-1.6281052827835083));
#345=VERTEX_POINT('',#344);
#346=CARTESIAN_POINT('',(-170.42616271972656,59.92850112915039,-1.6281052827835083));
#347=VERTEX_POINT('',#346);
#348=CARTESIAN_POINT('',(-170.42616271972656,59.92850112915039,-11.164657592773438));
#349=VERTEX_POINT('',#348);
#350=CARTESIAN_POINT('',(-174.71217346191406,-60.55751037597656,-11.164657592773438));
#351=VERTEX_POINT('',#350);
#352=CARTESIAN_POINT('',(-175.22616577148438,-60.981510162353516,-11.164657592773438));
#353=VERTEX_POINT('',#352);
#354=CARTESIAN_POINT('',(-175.22616577148438,-60.981510162353516,-1.6281057596206665));
#355=VERTEX_POINT('',#354);
#356=CARTESIAN_POINT('',(-174.71217346191406,-60.55751037597656,-1.6281057596206665));
#357=VERTEX_POINT('',#356);
#358=CARTESIAN_POINT('',(-173.1441650390625,64.00648498535156,-1.6281052827835083));
#359=VERTEX_POINT('',#358);
#360=CARTESIAN_POINT('',(-176.15615844726562,-62.71950912475586,-1.6281057596206665));
#361=VERTEX_POINT('',#360);
#362=CARTESIAN_POINT('',(-175.9601593017578,-62.07950973510742,-1.6281057596206665));
#363=VERTEX_POINT('',#362);
#364=CARTESIAN_POINT('',(-175.9601593017578,-62.07950973510742,-11.164657592773438));
#365=VERTEX_POINT('',#364);
#366=CARTESIAN_POINT('',(-176.15615844726562,-62.71950912475586,-11.164657592773438));
#367=VERTEX_POINT('',#366);
#368=CARTESIAN_POINT('',(-171.52816772460938,59.190494537353516,-11.164657592773438));
#369=VERTEX_POINT('',#368);
#370=CARTESIAN_POINT('',(-171.52816772460938,59.190494537353516,-1.6281052827835083));
#371=VERTEX_POINT('',#370);
#372=CARTESIAN_POINT('',(-172.16416931152344,58.99849319458008,-1.6281052827835083));
#373=VERTEX_POINT('',#372);
#374=CARTESIAN_POINT('',(-172.16416931152344,58.99849319458008,-11.164657592773438));
#375=VERTEX_POINT('',#374);
#376=CARTESIAN_POINT('',(-174.71217346191406,65.14849853515625,-11.164657592773438));
#377=VERTEX_POINT('',#376);
#378=CARTESIAN_POINT('',(-174.71217346191406,65.14849853515625,-1.6281052827835083));
#379=VERTEX_POINT('',#378);
#380=CARTESIAN_POINT('',(-172.826171875,58.932498931884766,-11.164657592773438));
#381=VERTEX_POINT('',#380);
#382=CARTESIAN_POINT('',(-172.826171875,58.932498931884766,-1.6281052827835083));
#383=VERTEX_POINT('',#382);
#384=CARTESIAN_POINT('',(-170.94017028808594,65.14849853515625,-11.164657592773438));
#385=VERTEX_POINT('',#384);
#386=CARTESIAN_POINT('',(-170.94017028808594,65.14849853515625,-1.6281052827835083));
#387=VERTEX_POINT('',#386);
#388=CARTESIAN_POINT('',(-174.71217346191406,59.50448989868164,-1.6281052827835083));
#389=VERTEX_POINT('',#388);
#390=CARTESIAN_POINT('',(-174.71217346191406,59.50448989868164,-11.164657592773438));
#391=VERTEX_POINT('',#390);
#392=CARTESIAN_POINT('',(-173.70016479492188,-64.69151306152344,-1.6281057596206665));
#393=VERTEX_POINT('',#392);
#394=CARTESIAN_POINT('',(-173.43016052246094,-64.83551025390625,-1.6281057596206665));
#395=VERTEX_POINT('',#394);
#396=CARTESIAN_POINT('',(-175.86810302734375,-64.8507308959961,-1.6281057596206665));
#397=VERTEX_POINT('',#396);
#398=CARTESIAN_POINT('',(-175.9601593017578,-64.67951202392578,-1.6281057596206665));
#399=VERTEX_POINT('',#398);
#400=CARTESIAN_POINT('',(-175.9601593017578,-64.67951202392578,-11.164657592773438));
#401=VERTEX_POINT('',#400);
#402=CARTESIAN_POINT('',(-175.6461639404297,-65.26351165771484,-11.164657592773438));
#403=VERTEX_POINT('',#402);
#404=CARTESIAN_POINT('',(-175.6461639404297,-65.26351165771484,-1.6281057596206665));
#405=VERTEX_POINT('',#404);
#406=CARTESIAN_POINT('',(-172.50816345214844,64.00648498535156,-1.6281052827835083));
#407=VERTEX_POINT('',#406);
#408=CARTESIAN_POINT('',(-172.826171875,64.03849792480469,-1.6281052827835083));
#409=VERTEX_POINT('',#408);
#410=CARTESIAN_POINT('',(-171.52816772460938,-60.24351119995117,-11.164657592773438));
#411=VERTEX_POINT('',#410);
#412=CARTESIAN_POINT('',(-171.52816772460938,-60.24351119995117,-1.6281057596206665));
#413=VERTEX_POINT('',#412);
#414=CARTESIAN_POINT('',(-169.43016052246094,-63.38151168823242,-11.164657592773438));
#415=VERTEX_POINT('',#414);
#416=CARTESIAN_POINT('',(-169.43016052246094,-63.38151168823242,-1.6281057596206665));
#417=VERTEX_POINT('',#416);
#418=CARTESIAN_POINT('',(-169.4961700439453,-64.03951263427734,-1.6281057596206665));
#419=VERTEX_POINT('',#418);
#420=CARTESIAN_POINT('',(-169.4961700439453,-64.03951263427734,-11.164657592773438));
#421=VERTEX_POINT('',#420);
#422=CARTESIAN_POINT('',(-170.00216674804688,64.21449279785156,-11.164657592773438));
#423=VERTEX_POINT('',#422);
#424=CARTESIAN_POINT('',(-170.00216674804688,64.21449279785156,-1.6281052827835083));
#425=VERTEX_POINT('',#424);
#426=CARTESIAN_POINT('',(-169.68817138671875,63.62649917602539,-1.6281052827835083));
#427=VERTEX_POINT('',#426);
#428=CARTESIAN_POINT('',(-169.68817138671875,63.62649917602539,-11.164657592773438));
#429=VERTEX_POINT('',#428);
#430=CARTESIAN_POINT('',(-174.17616271972656,61.51649856567383,-1.6281052827835083));
#431=VERTEX_POINT('',#430);
#432=CARTESIAN_POINT('',(-174.28416442871094,-63.98550796508789,-1.6281057596206665));
#433=VERTEX_POINT('',#432);
#434=CARTESIAN_POINT('',(-175.22616577148438,59.92850112915039,-1.6281052827835083));
#435=VERTEX_POINT('',#434);
#436=CARTESIAN_POINT('',(-175.22616577148438,59.92850112915039,-11.164657592773438));
#437=VERTEX_POINT('',#436);
#438=CARTESIAN_POINT('',(-173.70016479492188,-62.067508697509766,-1.6281057596206665));
#439=VERTEX_POINT('',#438);
#440=CARTESIAN_POINT('',(-173.94017028808594,-62.26350784301758,-1.6281057596206665));
#441=VERTEX_POINT('',#440);
#442=CARTESIAN_POINT('',(-170.94017028808594,59.50448989868164,-1.6281052827835083));
#443=VERTEX_POINT('',#442);
#444=CARTESIAN_POINT('',(-170.94017028808594,59.50448989868164,-11.164657592773438));
#445=VERTEX_POINT('',#444);
#446=CARTESIAN_POINT('',(-172.826171875,-59.98550796508789,-11.164657592773438));
#447=VERTEX_POINT('',#446);
#448=CARTESIAN_POINT('',(-173.4881591796875,-60.051509857177734,-11.164657592773438));
#449=VERTEX_POINT('',#448);
#450=CARTESIAN_POINT('',(-173.4881591796875,-60.051509857177734,-1.6281057596206665));
#451=VERTEX_POINT('',#450);
#452=CARTESIAN_POINT('',(-172.826171875,-59.98550796508789,-1.6281057596206665));
#453=VERTEX_POINT('',#452);
#454=CARTESIAN_POINT('',(-171.3681640625,-62.77750778198242,-1.6281057596206665));
#455=VERTEX_POINT('',#454);
#456=CARTESIAN_POINT('',(-171.5121612548828,-62.503509521484375,-1.6281057596206665));
#457=VERTEX_POINT('',#456);
#458=CARTESIAN_POINT('',(-175.22616577148438,64.72848510742188,-11.164657592773438));
#459=VERTEX_POINT('',#458);
#460=CARTESIAN_POINT('',(-175.22616577148438,64.72848510742188,-1.6281052827835083));
#461=VERTEX_POINT('',#460);
#462=CARTESIAN_POINT('',(-173.13217163085938,-64.9275131225586,-1.6281057596206665));
#463=VERTEX_POINT('',#462);
#464=CARTESIAN_POINT('',(-172.826171875,-64.95751190185547,-1.6281057596206665));
#465=VERTEX_POINT('',#464);
#466=CARTESIAN_POINT('',(-174.3241729736328,61.794498443603516,-1.6281052827835083));
#467=VERTEX_POINT('',#466);
#468=CARTESIAN_POINT('',(-174.4181671142578,62.10049819946289,-1.6281052827835083));
#469=VERTEX_POINT('',#468);
#470=CARTESIAN_POINT('',(-171.47616577148438,63.320499420166016,-1.6281052827835083));
#471=VERTEX_POINT('',#470);
#472=CARTESIAN_POINT('',(-172.5161590576172,-64.9275131225586,-1.6281057596206665));
#473=VERTEX_POINT('',#472);
#474=CARTESIAN_POINT('',(-174.12416076660156,-60.24351119995117,-11.164657592773438));
#475=VERTEX_POINT('',#474);
#476=CARTESIAN_POINT('',(-174.12416076660156,-60.24351119995117,-1.6281057596206665));
#477=VERTEX_POINT('',#476);
#478=CARTESIAN_POINT('',(-170.00216674804688,-61.49551010131836,-11.164657592773438));
#479=VERTEX_POINT('',#478);
#480=CARTESIAN_POINT('',(-170.00216674804688,-61.49551010131836,-1.6281057596206665));
#481=VERTEX_POINT('',#480);
#482=CARTESIAN_POINT('',(-169.4961700439453,61.6664924621582,-1.6281052827835083));
#483=VERTEX_POINT('',#482);
#484=CARTESIAN_POINT('',(-169.4961700439453,61.6664924621582,-11.164657592773438));
#485=VERTEX_POINT('',#484);
#486=CARTESIAN_POINT('',(-172.35826110839844,65.67666625976562,-1.6281052827835083));
#487=VERTEX_POINT('',#486);
#488=CARTESIAN_POINT('',(-172.826171875,65.72048950195312,-11.164657592773438));
#489=VERTEX_POINT('',#488);
#490=CARTESIAN_POINT('',(-172.826171875,65.72048950195312,-1.6281052827835083));
#491=VERTEX_POINT('',#490);
#492=CARTESIAN_POINT('',(-174.37216186523438,-63.071510314941406,-1.6281057596206665));
#493=VERTEX_POINT('',#492);
#494=CARTESIAN_POINT('',(-169.68817138671875,61.03049087524414,-1.6281052827835083));
#495=VERTEX_POINT('',#494);
#496=CARTESIAN_POINT('',(-169.68817138671875,61.03049087524414,-11.164657592773438));
#497=VERTEX_POINT('',#496);
#498=CARTESIAN_POINT('',(-175.6461639404297,64.21449279785156,-1.6281052827835083));
#499=VERTEX_POINT('',#498);
#500=CARTESIAN_POINT('',(-175.6461639404297,64.21449279785156,-11.164657592773438));
#501=VERTEX_POINT('',#500);
#502=CARTESIAN_POINT('',(-174.71217346191406,-66.2015151977539,-11.164657592773438));
#503=VERTEX_POINT('',#502);
#504=CARTESIAN_POINT('',(-174.71217346191406,-66.2015151977539,-1.6281057596206665));
#505=VERTEX_POINT('',#504);
#506=CARTESIAN_POINT('',(-175.22616577148438,-65.77751159667969,-1.6281057596206665));
#507=VERTEX_POINT('',#506);
#508=CARTESIAN_POINT('',(-175.22616577148438,-65.77751159667969,-11.164657592773438));
#509=VERTEX_POINT('',#508);
#510=CARTESIAN_POINT('',(-174.45016479492188,62.41849136352539,-1.6281052827835083));
#511=VERTEX_POINT('',#510);
#512=CARTESIAN_POINT('',(-172.16416931152344,-60.051509857177734,-11.164657592773438));
#513=VERTEX_POINT('',#512);
#514=CARTESIAN_POINT('',(-172.16416931152344,-60.051509857177734,-1.6281057596206665));
#515=VERTEX_POINT('',#514);
#516=CARTESIAN_POINT('',(-172.22216796875,-61.92351150512695,-1.6281057596206665));
#517=VERTEX_POINT('',#516);
#518=CARTESIAN_POINT('',(-176.15615844726562,-64.03951263427734,-1.6281057596206665));
#519=VERTEX_POINT('',#518);
#520=CARTESIAN_POINT('',(-176.15615844726562,-64.03951263427734,-11.164657592773438));
#521=VERTEX_POINT('',#520);
#522=CARTESIAN_POINT('',(2.616031224533799E-06,-74.0124740600586,-14.164657592773438));
#523=VERTEX_POINT('',#522);
#524=CARTESIAN_POINT('',(-176.2743377685547,-74.0124740600586,-14.164657592773438));
#525=VERTEX_POINT('',#524);
#526=CARTESIAN_POINT('',(-175.44833374023438,-72.0124740600586,-16.164657592773438));
#527=VERTEX_POINT('',#526);
#528=CARTESIAN_POINT('',(2.441185642965138E-06,-72.0124740600586,-16.164657592773438));
#529=VERTEX_POINT('',#528);
#530=CARTESIAN_POINT('',(-172.826171875,-66.77351379394531,-1.6281057596206665));
#531=VERTEX_POINT('',#530);
#532=CARTESIAN_POINT('',(-172.826171875,-66.77351379394531,-11.164657592773438));
#533=VERTEX_POINT('',#532);
#534=CARTESIAN_POINT('',(-174.4181671142578,62.73250198364258,-1.6281052827835083));
#535=VERTEX_POINT('',#534);
#536=CARTESIAN_POINT('',(-173.020263671875,65.70231628417969,-1.6281052827835083));
#537=VERTEX_POINT('',#536);
#538=CARTESIAN_POINT('',(-176.21817016601562,-63.38151168823242,-1.6281057596206665));
#539=VERTEX_POINT('',#538);
#540=CARTESIAN_POINT('',(-176.21817016601562,-63.38151168823242,-11.164657592773438));
#541=VERTEX_POINT('',#540);
#542=CARTESIAN_POINT('',(-171.3281707763672,63.03850173950195,-1.6281052827835083));
#543=VERTEX_POINT('',#542);
#544=CARTESIAN_POINT('',(-173.4881591796875,-66.70751190185547,-1.6281057596206665));
#545=VERTEX_POINT('',#544);
#546=CARTESIAN_POINT('',(-173.4881591796875,-66.70751190185547,-11.164657592773438));
#547=VERTEX_POINT('',#546);
#548=CARTESIAN_POINT('',(-181.2743377685547,68.99153900146484,-14.164657592773438));
#549=VERTEX_POINT('',#548);
#550=CARTESIAN_POINT('',(-179.2743377685547,68.16353607177734,-16.164657592773438));
#551=VERTEX_POINT('',#550);
#552=CARTESIAN_POINT('',(-171.67616271972656,61.2704963684082,-1.6281052827835083));
#553=VERTEX_POINT('',#552);
#554=CARTESIAN_POINT('',(-171.9481658935547,-62.067508697509766,-1.6281057596206665));
#555=VERTEX_POINT('',#554);
#556=CARTESIAN_POINT('',(-170.42616271972656,64.72848510742188,-11.164657592773438));
#557=VERTEX_POINT('',#556);
#558=CARTESIAN_POINT('',(-170.42616271972656,64.72848510742188,-1.6281052827835083));
#559=VERTEX_POINT('',#558);
#560=CARTESIAN_POINT('',(-179.2743377685547,-68.18647003173828,-16.164657592773438));
#561=VERTEX_POINT('',#560);
#562=CARTESIAN_POINT('',(-175.6461639404297,-61.49551010131836,-1.6281057596206665));
#563=VERTEX_POINT('',#562);
#564=CARTESIAN_POINT('',(-175.6461639404297,-61.49551010131836,-11.164657592773438));
#565=VERTEX_POINT('',#564);
#566=CARTESIAN_POINT('',(-174.12416076660156,-66.51551055908203,-11.164657592773438));
#567=VERTEX_POINT('',#566);
#568=CARTESIAN_POINT('',(-174.12416076660156,-66.51551055908203,-1.6281057596206665));
#569=VERTEX_POINT('',#568);
#570=CARTESIAN_POINT('',(-171.70816040039062,-62.26350784301758,-1.6281057596206665));
#571=VERTEX_POINT('',#570);
#572=CARTESIAN_POINT('',(-175.6461639404297,60.4424934387207,-1.6281052827835083));
#573=VERTEX_POINT('',#572);
#574=CARTESIAN_POINT('',(-175.6461639404297,60.4424934387207,-11.164657592773438));
#575=VERTEX_POINT('',#574);
#576=CARTESIAN_POINT('',(-181.2743377685547,-69.0124740600586,-14.164657592773438));
#577=VERTEX_POINT('',#576);
#578=CARTESIAN_POINT('',(3.6912438190483954E-06,-74.0124740600586,10.433342933654785));
#579=VERTEX_POINT('',#578);
#580=CARTESIAN_POINT('',(-176.2743377685547,-74.0124740600586,10.433342933654785));
#581=VERTEX_POINT('',#580);
#582=CARTESIAN_POINT('',(-181.2743377685547,-69.0124740600586,10.433335304260254));
#583=VERTEX_POINT('',#582);
#584=CARTESIAN_POINT('',(-181.2743377685547,68.99153900146484,10.433335304260254));
#585=VERTEX_POINT('',#584);
#586=CARTESIAN_POINT('',(-176.2743377685547,73.99153900146484,10.433335304260254));
#587=VERTEX_POINT('',#586);
#588=CARTESIAN_POINT('',(-2.7782173219748074E-06,73.99153900146484,10.433335304260254));
#589=VERTEX_POINT('',#588);
#590=CARTESIAN_POINT('',(2.6200527827313635E-06,-71.10447692871094,-11.164657592773438));
#591=VERTEX_POINT('',#590);
#592=CARTESIAN_POINT('',(-3.5950952224084176E-06,71.08153533935547,-11.164657592773438));
#593=VERTEX_POINT('',#592);
#594=CARTESIAN_POINT('',(-173.8523406982422,71.08153533935547,-11.164657592773438));
#595=VERTEX_POINT('',#594);
#596=CARTESIAN_POINT('',(-178.8523406982422,66.08153533935547,-11.164657592773438));
#597=VERTEX_POINT('',#596);
#598=CARTESIAN_POINT('',(-178.8523406982422,-66.10247039794922,-11.164657592773438));
#599=VERTEX_POINT('',#598);
#600=CARTESIAN_POINT('',(-173.8523406982422,-71.10447692871094,-11.164657592773438));
#601=VERTEX_POINT('',#600);
#602=CARTESIAN_POINT('',(-173.8523406982422,71.08153533935547,5.439122200012207));
#603=VERTEX_POINT('',#602);
#604=CARTESIAN_POINT('',(-173.8523406982422,71.08153533935547,10.433342933654785));
#605=VERTEX_POINT('',#604);
#606=CARTESIAN_POINT('',(-178.8523406982422,66.08153533935547,10.433342933654785));
#607=VERTEX_POINT('',#606);
#608=CARTESIAN_POINT('',(-178.8523406982422,66.08153533935547,5.439122200012207));
#609=VERTEX_POINT('',#608);
#610=CARTESIAN_POINT('',(-178.8523406982422,-66.10247039794922,5.439122200012207));
#611=VERTEX_POINT('',#610);
#612=CARTESIAN_POINT('',(-178.8523406982422,-66.10247039794922,10.433342933654785));
#613=VERTEX_POINT('',#612);
#614=CARTESIAN_POINT('',(-173.8523406982422,-71.10447692871094,10.433342933654785));
#615=VERTEX_POINT('',#614);
#616=CARTESIAN_POINT('',(-173.8523406982422,-71.10447692871094,5.439122200012207));
#617=VERTEX_POINT('',#616);
#618=CARTESIAN_POINT('',(-2.8693209515040508E-06,71.08153533935547,5.439122200012207));
#619=VERTEX_POINT('',#618);
#620=CARTESIAN_POINT('',(-2.6510167572268983E-06,71.08153533935547,10.433342933654785));
#621=VERTEX_POINT('',#620);
#622=CARTESIAN_POINT('',(3.564131247912883E-06,-71.10447692871094,10.433342933654785));
#623=VERTEX_POINT('',#622);
#624=CARTESIAN_POINT('',(3.3458270536357304E-06,-71.10447692871094,5.439122200012207));
#625=VERTEX_POINT('',#624);
#626=CARTESIAN_POINT('',(3.0280118608061457E-06,-67.54979705810547,1.723038673400879));
#627=VERTEX_POINT('',#626);
#628=CARTESIAN_POINT('',(3.1833917546464363E-06,-71.10447692871094,1.723038673400879));
#629=VERTEX_POINT('',#628);
#630=CARTESIAN_POINT('',(-173.8523406982422,-71.10447692871094,1.723038673400879));
#631=VERTEX_POINT('',#630);
#632=CARTESIAN_POINT('',(-173.8523406982422,71.08153533935547,1.723038673400879));
#633=VERTEX_POINT('',#632);
#634=CARTESIAN_POINT('',(-3.031756250493345E-06,71.08153533935547,1.723038673400879));
#635=VERTEX_POINT('',#634);
#636=CARTESIAN_POINT('',(-2.8763786303898087E-06,67.52690887451172,1.723038673400879));
#637=VERTEX_POINT('',#636);
#638=CARTESIAN_POINT('',(-169.50999450683594,67.52690887451172,1.723038673400879));
#639=VERTEX_POINT('',#638);
#640=CARTESIAN_POINT('',(-169.50999450683594,-67.54979705810547,1.723038673400879));
#641=VERTEX_POINT('',#640);
#642=CARTESIAN_POINT('',(-174.38499450683594,-62.79789352416992,1.723038673400879));
#643=VERTEX_POINT('',#642);
#644=CARTESIAN_POINT('',(-178.8523406982422,66.08153533935547,1.723038673400879));
#645=VERTEX_POINT('',#644);
#646=CARTESIAN_POINT('',(-174.38499450683594,62.77690887451172,1.723038673400879));
#647=VERTEX_POINT('',#646);
#648=CARTESIAN_POINT('',(-178.8523406982422,-66.10247039794922,1.723038673400879));
#649=VERTEX_POINT('',#648);
#650=CARTESIAN_POINT('',(-169.50999450683594,-67.54979705810547,5.439122200012207));
#651=VERTEX_POINT('',#650);
#652=CARTESIAN_POINT('',(-174.38499450683594,-62.79789352416992,5.439122200012207));
#653=VERTEX_POINT('',#652);
#654=CARTESIAN_POINT('',(3.1904469324217644E-06,-67.54979705810547,5.439122200012207));
#655=VERTEX_POINT('',#654);
#656=CARTESIAN_POINT('',(-174.38499450683594,62.77690887451172,5.439122200012207));
#657=VERTEX_POINT('',#656);
#658=CARTESIAN_POINT('',(-169.50999450683594,67.52690887451172,5.439122200012207));
#659=VERTEX_POINT('',#658);
#660=CARTESIAN_POINT('',(-2.7139433314005146E-06,67.52690887451172,5.439122200012207));
#661=VERTEX_POINT('',#660);
#662=FACE_SURFACE('',(#667),#663,.T.);
#663=PLANE('',#664);
#664=AXIS2_PLACEMENT_3D('',#34,#665,#666);
#665=DIRECTION('',(0.8798571493708051,-0.4752382525650487,0));
#666=DIRECTION('',(0,0,1));
#667=FACE_BOUND('',#668,.T.);
#668=EDGE_LOOP('',(#669,#670,#671));
#669=ORIENTED_EDGE('',*,*,#672,.T.);
#670=ORIENTED_EDGE('',*,*,#673,.T.);
#671=ORIENTED_EDGE('',*,*,#674,.T.);
#672=EDGE_CURVE('',#35,#37,#675,.F.);
#673=EDGE_CURVE('',#37,#39,#676,.T.);
#674=EDGE_CURVE('',#39,#35,#677,.T.);
#675=LINE('',#34,#678);
#676=LINE('',#36,#679);
#677=LINE('',#38,#680);
#678=VECTOR('',#681,1.0);
#679=VECTOR('',#682,1.0);
#680=VECTOR('',#683,1.0);
#681=DIRECTION('',(0,0,1));
#682=DIRECTION('',(-0.4752382525650487,-0.8798571493708051,0));
#683=DIRECTION('',(0.017418839480347666,0.0322492778470701,-0.9993280583019274));
#684=FACE_SURFACE('',(#689),#685,.T.);
#685=PLANE('',#686);
#686=AXIS2_PLACEMENT_3D('',#34,#687,#688);
#687=DIRECTION('',(0.8798571493708051,-0.4752382525650487,0));
#688=DIRECTION('',(-0.017418839480347666,-0.0322492778470701,0.9993280583019274));
#689=FACE_BOUND('',#690,.T.);
#690=EDGE_LOOP('',(#691,#692,#693));
#691=ORIENTED_EDGE('',*,*,#694,.T.);
#692=ORIENTED_EDGE('',*,*,#695,.T.);
#693=ORIENTED_EDGE('',*,*,#696,.T.);
#694=EDGE_CURVE('',#35,#39,#697,.F.);
#695=EDGE_CURVE('',#39,#41,#698,.T.);
#696=EDGE_CURVE('',#41,#35,#699,.T.);
#697=LINE('',#34,#700);
#698=LINE('',#38,#701);
#699=LINE('',#40,#702);
#700=VECTOR('',#703,1.0);
#701=VECTOR('',#704,1.0);
#702=VECTOR('',#705,1.0);
#703=DIRECTION('',(-0.017418839480347666,-0.0322492778470701,0.9993280583019274));
#704=DIRECTION('',(0,0,-1));
#705=DIRECTION('',(0.4752382525650487,0.8798571493708051,0));
#706=FACE_SURFACE('',(#711),#707,.T.);
#707=PLANE('',#708);
#708=AXIS2_PLACEMENT_3D('',#42,#709,#710);
#709=DIRECTION('',(0.8807642902510676,-0.4735549229165853,0));
#710=DIRECTION('',(0,0,1));
#711=FACE_BOUND('',#712,.T.);
#712=EDGE_LOOP('',(#713,#714,#715));
#713=ORIENTED_EDGE('',*,*,#716,.T.);
#714=ORIENTED_EDGE('',*,*,#717,.T.);
#715=ORIENTED_EDGE('',*,*,#718,.T.);
#716=EDGE_CURVE('',#43,#45,#719,.F.);
#717=EDGE_CURVE('',#45,#47,#720,.T.);
#718=EDGE_CURVE('',#47,#43,#721,.T.);
#719=LINE('',#42,#722);
#720=LINE('',#44,#723);
#721=LINE('',#46,#724);
#722=VECTOR('',#725,1.0);
#723=VECTOR('',#726,1.0);
#724=VECTOR('',#727,1.0);
#725=DIRECTION('',(0,0,1));
#726=DIRECTION('',(-0.4735549229165853,-0.8807642902510676,0));
#727=DIRECTION('',(0.03284616411559187,0.061090545203423434,-0.9975916372893471));
#728=FACE_SURFACE('',(#733),#729,.T.);
#729=PLANE('',#730);
#730=AXIS2_PLACEMENT_3D('',#42,#731,#732);
#731=DIRECTION('',(0.8807642902510676,-0.4735549229165853,0));
#732=DIRECTION('',(-0.03284616411559187,-0.061090545203423434,0.9975916372893471));
#733=FACE_BOUND('',#734,.T.);
#734=EDGE_LOOP('',(#735,#736,#737));
#735=ORIENTED_EDGE('',*,*,#738,.T.);
#736=ORIENTED_EDGE('',*,*,#739,.T.);
#737=ORIENTED_EDGE('',*,*,#740,.T.);
#738=EDGE_CURVE('',#43,#47,#741,.F.);
#739=EDGE_CURVE('',#47,#49,#742,.T.);
#740=EDGE_CURVE('',#49,#43,#743,.T.);
#741=LINE('',#42,#744);
#742=LINE('',#46,#745);
#743=LINE('',#48,#746);
#744=VECTOR('',#747,1.0);
#745=VECTOR('',#748,1.0);
#746=VECTOR('',#749,1.0);
#747=DIRECTION('',(-0.03284616411559187,-0.061090545203423434,0.9975916372893471));
#748=DIRECTION('',(0,0,-1));
#749=DIRECTION('',(0.4735549229165853,0.8807642902510676,0));
#750=FACE_SURFACE('',(#755),#751,.T.);
#751=PLANE('',#752);
#752=AXIS2_PLACEMENT_3D('',#50,#753,#754);
#753=DIRECTION('',(-0.10011346520736081,0.9949760268891782,0));
#754=DIRECTION('',(0,0,-1));
#755=FACE_BOUND('',#756,.T.);
#756=EDGE_LOOP('',(#757,#758,#759));
#757=ORIENTED_EDGE('',*,*,#760,.T.);
#758=ORIENTED_EDGE('',*,*,#761,.T.);
#759=ORIENTED_EDGE('',*,*,#762,.T.);
#760=EDGE_CURVE('',#51,#53,#763,.F.);
#761=EDGE_CURVE('',#53,#55,#764,.T.);
#762=EDGE_CURVE('',#55,#51,#765,.T.);
#763=LINE('',#50,#766);
#764=LINE('',#52,#767);
#765=LINE('',#54,#768);
#766=VECTOR('',#769,1.0);
#767=VECTOR('',#770,1.0);
#768=VECTOR('',#771,1.0);
#769=DIRECTION('',(0,0,-1));
#770=DIRECTION('',(-0.9949760268891781,-0.10011346520736081,0));
#771=DIRECTION('',(0.03742787914023697,0.003765954731398538,0.9992922352585478));
#772=FACE_SURFACE('',(#777),#773,.T.);
#773=PLANE('',#774);
#774=AXIS2_PLACEMENT_3D('',#50,#775,#776);
#775=DIRECTION('',(-0.10011346520736081,0.9949760268891782,0));
#776=DIRECTION('',(-0.03742787914023697,-0.003765954731398538,-0.9992922352585478));
#777=FACE_BOUND('',#778,.T.);
#778=EDGE_LOOP('',(#779,#780,#781));
#779=ORIENTED_EDGE('',*,*,#782,.T.);
#780=ORIENTED_EDGE('',*,*,#783,.T.);
#781=ORIENTED_EDGE('',*,*,#784,.T.);
#782=EDGE_CURVE('',#51,#55,#785,.F.);
#783=EDGE_CURVE('',#55,#57,#786,.T.);
#784=EDGE_CURVE('',#57,#51,#787,.T.);
#785=LINE('',#50,#788);
#786=LINE('',#54,#789);
#787=LINE('',#56,#790);
#788=VECTOR('',#791,1.0);
#789=VECTOR('',#792,1.0);
#790=VECTOR('',#793,1.0);
#791=DIRECTION('',(-0.03742787914023697,-0.003765954731398538,-0.9992922352585478));
#792=DIRECTION('',(0,0,1));
#793=DIRECTION('',(0.9949760268891781,0.10011346520736081,0));
#794=FACE_SURFACE('',(#799),#795,.T.);
#795=PLANE('',#796);
#796=AXIS2_PLACEMENT_3D('',#58,#797,#798);
#797=DIRECTION('',(-0.9555046070918224,0.29497617840480284,0));
#798=DIRECTION('',(0.2949761784048029,0.9555046070918225,0));
#799=FACE_BOUND('',#800,.T.);
#800=EDGE_LOOP('',(#801,#802,#803));
#801=ORIENTED_EDGE('',*,*,#804,.T.);
#802=ORIENTED_EDGE('',*,*,#805,.T.);
#803=ORIENTED_EDGE('',*,*,#806,.T.);
#804=EDGE_CURVE('',#59,#61,#807,.F.);
#805=EDGE_CURVE('',#61,#63,#808,.T.);
#806=EDGE_CURVE('',#63,#59,#809,.T.);
#807=LINE('',#58,#810);
#808=LINE('',#60,#811);
#809=LINE('',#62,#812);
#810=VECTOR('',#813,1.0);
#811=VECTOR('',#814,1.0);
#812=VECTOR('',#815,1.0);
#813=DIRECTION('',(0.2949761784048029,0.9555046070918225,0));
#814=DIRECTION('',(0,0,-1));
#815=DIRECTION('',(-0.010827711527806018,-0.03507377546563072,0.9993260683769123));
#816=FACE_SURFACE('',(#821),#817,.T.);
#817=PLANE('',#818);
#818=AXIS2_PLACEMENT_3D('',#58,#819,#820);
#819=DIRECTION('',(-0.9555046070918224,0.29497617840480284,0));
#820=DIRECTION('',(0.010827711527806018,0.03507377546563072,-0.9993260683769123));
#821=FACE_BOUND('',#822,.T.);
#822=EDGE_LOOP('',(#823,#824,#825));
#823=ORIENTED_EDGE('',*,*,#826,.T.);
#824=ORIENTED_EDGE('',*,*,#827,.T.);
#825=ORIENTED_EDGE('',*,*,#828,.T.);
#826=EDGE_CURVE('',#59,#63,#829,.F.);
#827=EDGE_CURVE('',#63,#65,#830,.T.);
#828=EDGE_CURVE('',#65,#59,#831,.T.);
#829=LINE('',#58,#832);
#830=LINE('',#62,#833);
#831=LINE('',#64,#834);
#832=VECTOR('',#835,1.0);
#833=VECTOR('',#836,1.0);
#834=VECTOR('',#837,1.0);
#835=DIRECTION('',(0.010827711527806018,0.03507377546563072,-0.9993260683769123));
#836=DIRECTION('',(-0.2949761784048029,-0.9555046070918225,0));
#837=DIRECTION('',(0,0,1));
#838=FACE_SURFACE('',(#843),#839,.T.);
#839=PLANE('',#840);
#840=AXIS2_PLACEMENT_3D('',#66,#841,#842);
#841=DIRECTION('',(-0.955905687275088,0.29367382763048855,0));
#842=DIRECTION('',(0,0,-1));
#843=FACE_BOUND('',#844,.T.);
#844=EDGE_LOOP('',(#845,#846,#847));
#845=ORIENTED_EDGE('',*,*,#848,.T.);
#846=ORIENTED_EDGE('',*,*,#849,.T.);
#847=ORIENTED_EDGE('',*,*,#850,.T.);
#848=EDGE_CURVE('',#67,#69,#851,.F.);
#849=EDGE_CURVE('',#69,#71,#852,.T.);
#850=EDGE_CURVE('',#71,#67,#853,.T.);
#851=LINE('',#66,#854);
#852=LINE('',#68,#855);
#853=LINE('',#70,#856);
#854=VECTOR('',#857,1.0);
#855=VECTOR('',#858,1.0);
#856=VECTOR('',#859,1.0);
#857=DIRECTION('',(0,0,-1));
#858=DIRECTION('',(-0.2936738276304885,-0.9559056872750878,0));
#859=DIRECTION('',(0.011064375589564506,0.03601444377099929,0.9992900176788911));
#860=FACE_SURFACE('',(#865),#861,.T.);
#861=PLANE('',#862);
#862=AXIS2_PLACEMENT_3D('',#66,#863,#864);
#863=DIRECTION('',(-0.955905687275088,0.29367382763048855,0));
#864=DIRECTION('',(-0.011064375589564506,-0.03601444377099929,-0.9992900176788911));
#865=FACE_BOUND('',#866,.T.);
#866=EDGE_LOOP('',(#867,#868,#869));
#867=ORIENTED_EDGE('',*,*,#870,.T.);
#868=ORIENTED_EDGE('',*,*,#871,.T.);
#869=ORIENTED_EDGE('',*,*,#872,.T.);
#870=EDGE_CURVE('',#67,#71,#873,.F.);
#871=EDGE_CURVE('',#71,#73,#874,.T.);
#872=EDGE_CURVE('',#73,#67,#875,.T.);
#873=LINE('',#66,#876);
#874=LINE('',#70,#877);
#875=LINE('',#72,#878);
#876=VECTOR('',#879,1.0);
#877=VECTOR('',#880,1.0);
#878=VECTOR('',#881,1.0);
#879=DIRECTION('',(-0.011064375589564506,-0.03601444377099929,-0.9992900176788911));
#880=DIRECTION('',(0,0,1));
#881=DIRECTION('',(0.2936738276304885,0.9559056872750878,0));
#882=FACE_SURFACE('',(#887),#883,.T.);
#883=PLANE('',#884);
#884=AXIS2_PLACEMENT_3D('',#74,#885,#886);
#885=DIRECTION('',(0,0,1));
#886=DIRECTION('',(0.7745405712567573,0.632524231533667,0));
#887=FACE_BOUND('',#888,.T.);
#888=EDGE_LOOP('',(#889,#890,#891));
#889=ORIENTED_EDGE('',*,*,#892,.T.);
#890=ORIENTED_EDGE('',*,*,#893,.T.);
#891=ORIENTED_EDGE('',*,*,#894,.T.);
#892=EDGE_CURVE('',#75,#77,#895,.F.);
#893=EDGE_CURVE('',#77,#79,#896,.T.);
#894=EDGE_CURVE('',#79,#75,#897,.T.);
#895=LINE('',#74,#898);
#896=LINE('',#76,#899);
#897=LINE('',#78,#900);
#898=VECTOR('',#901,1.0);
#899=VECTOR('',#902,1.0);
#900=VECTOR('',#903,1.0);
#901=DIRECTION('',(0.7745405712567573,0.632524231533667,0));
#902=DIRECTION('',(0.6325362941057873,0.7745307202680324,0));
#903=DIRECTION('',(-0.7071129678411503,-0.7071005944778158,0));
#904=FACE_SURFACE('',(#909),#905,.T.);
#905=PLANE('',#906);
#906=AXIS2_PLACEMENT_3D('',#78,#907,#908);
#907=DIRECTION('',(0,0,1));
#908=DIRECTION('',(0.47057011838003326,0.8823626032917541,0));
#909=FACE_BOUND('',#910,.T.);
#910=EDGE_LOOP('',(#911,#912,#913));
#911=ORIENTED_EDGE('',*,*,#914,.T.);
#912=ORIENTED_EDGE('',*,*,#915,.T.);
#913=ORIENTED_EDGE('',*,*,#916,.T.);
#914=EDGE_CURVE('',#79,#65,#917,.F.);
#915=EDGE_CURVE('',#65,#63,#918,.T.);
#916=EDGE_CURVE('',#63,#79,#919,.T.);
#917=LINE('',#78,#920);
#918=LINE('',#64,#921);
#919=LINE('',#62,#922);
#920=VECTOR('',#923,1.0);
#921=VECTOR('',#924,1.0);
#922=VECTOR('',#925,1.0);
#923=DIRECTION('',(0.47057011838003326,0.8823626032917541,0));
#924=DIRECTION('',(0.2949761784048029,0.9555046070918225,0));
#925=DIRECTION('',(-0.3836785060428073,-0.9234667313990036,0));
#926=FACE_SURFACE('',(#931),#927,.T.);
#927=PLANE('',#928);
#928=AXIS2_PLACEMENT_3D('',#62,#929,#930);
#929=DIRECTION('',(0,0,1));
#930=DIRECTION('',(0.09756756873741251,0.9952289030824367,0));
#931=FACE_BOUND('',#932,.T.);
#932=EDGE_LOOP('',(#933,#934,#935));
#933=ORIENTED_EDGE('',*,*,#936,.T.);
#934=ORIENTED_EDGE('',*,*,#937,.T.);
#935=ORIENTED_EDGE('',*,*,#938,.T.);
#936=EDGE_CURVE('',#63,#81,#939,.F.);
#937=EDGE_CURVE('',#81,#83,#940,.T.);
#938=EDGE_CURVE('',#83,#63,#941,.T.);
#939=LINE('',#62,#942);
#940=LINE('',#80,#943);
#941=LINE('',#82,#944);
#942=VECTOR('',#945,1.0);
#943=VECTOR('',#946,1.0);
#944=VECTOR('',#947,1.0);
#945=DIRECTION('',(0.09756756873741251,0.9952289030824367,0));
#946=DIRECTION('',(-0.0963198890467956,0.9953504302375183,0));
#947=DIRECTION('',(0,-1,0));
#948=FACE_SURFACE('',(#953),#949,.T.);
#949=PLANE('',#950);
#950=AXIS2_PLACEMENT_3D('',#82,#951,#952);
#951=DIRECTION('',(0,0,1));
#952=DIRECTION('',(-0.2986282184680904,0.9543695233684772,0));
#953=FACE_BOUND('',#954,.T.);
#954=EDGE_LOOP('',(#955,#956,#957));
#955=ORIENTED_EDGE('',*,*,#958,.T.);
#956=ORIENTED_EDGE('',*,*,#959,.T.);
#957=ORIENTED_EDGE('',*,*,#960,.T.);
#958=EDGE_CURVE('',#83,#85,#961,.F.);
#959=EDGE_CURVE('',#85,#87,#962,.T.);
#960=EDGE_CURVE('',#87,#83,#963,.T.);
#961=LINE('',#82,#964);
#962=LINE('',#84,#965);
#963=LINE('',#86,#966);
#964=VECTOR('',#967,1.0);
#965=VECTOR('',#968,1.0);
#966=VECTOR('',#969,1.0);
#967=DIRECTION('',(-0.2986282184680904,0.9543695233684772,0));
#968=DIRECTION('',(-0.46520895338671137,0.8852008979259118,0));
#969=DIRECTION('',(0.38368070350023725,-0.9234658184045379,0));
#970=FACE_SURFACE('',(#975),#971,.T.);
#971=PLANE('',#972);
#972=AXIS2_PLACEMENT_3D('',#86,#973,#974);
#973=DIRECTION('',(0,0,1));
#974=DIRECTION('',(-0.6325302627813951,0.774535645832843,0));
#975=FACE_BOUND('',#976,.T.);
#976=EDGE_LOOP('',(#977,#978,#979));
#977=ORIENTED_EDGE('',*,*,#980,.T.);
#978=ORIENTED_EDGE('',*,*,#981,.T.);
#979=ORIENTED_EDGE('',*,*,#982,.T.);
#980=EDGE_CURVE('',#87,#89,#983,.F.);
#981=EDGE_CURVE('',#89,#91,#984,.T.);
#982=EDGE_CURVE('',#91,#87,#985,.T.);
#983=LINE('',#86,#986);
#984=LINE('',#88,#987);
#985=LINE('',#90,#988);
#986=VECTOR('',#989,1.0);
#987=VECTOR('',#990,1.0);
#988=VECTOR('',#991,1.0);
#989=DIRECTION('',(-0.6325302627813951,0.774535645832843,0));
#990=DIRECTION('',(-0.7745405712567573,0.632524231533667,0));
#991=DIRECTION('',(0.707109874507083,-0.70710368785248,0));
#992=FACE_SURFACE('',(#997),#993,.T.);
#993=PLANE('',#994);
#994=AXIS2_PLACEMENT_3D('',#90,#995,#996);
#995=DIRECTION('',(0,0,1));
#996=DIRECTION('',(-0.8852035650495013,0.4652038783411563,0));
#997=FACE_BOUND('',#998,.T.);
#998=EDGE_LOOP('',(#999,#1000,#1001));
#999=ORIENTED_EDGE('',*,*,#1002,.T.);
#1000=ORIENTED_EDGE('',*,*,#1003,.T.);
#1001=ORIENTED_EDGE('',*,*,#1004,.T.);
#1002=EDGE_CURVE('',#91,#93,#1005,.F.);
#1003=EDGE_CURVE('',#93,#95,#1006,.T.);
#1004=EDGE_CURVE('',#95,#91,#1007,.T.);
#1005=LINE('',#90,#1008);
#1006=LINE('',#92,#1009);
#1007=LINE('',#94,#1010);
#1008=VECTOR('',#1011,1.0);
#1009=VECTOR('',#1012,1.0);
#1010=VECTOR('',#1013,1.0);
#1011=DIRECTION('',(-0.8852035650495013,0.4652038783411563,0));
#1012=DIRECTION('',(-0.9543591512540768,0.29866136411929495,0));
#1013=DIRECTION('',(0.9234595972990227,-0.38369567648896774,0));
#1014=FACE_SURFACE('',(#1019),#1015,.T.);
#1015=PLANE('',#1016);
#1016=AXIS2_PLACEMENT_3D('',#94,#1017,#1018);
#1017=DIRECTION('',(0,0,1));
#1018=DIRECTION('',(-0.9953507711177731,0.0963163663935395,0));
#1019=FACE_BOUND('',#1020,.T.);
#1020=EDGE_LOOP('',(#1021,#1022,#1023));
#1021=ORIENTED_EDGE('',*,*,#1024,.T.);
#1022=ORIENTED_EDGE('',*,*,#1025,.T.);
#1023=ORIENTED_EDGE('',*,*,#1026,.T.);
#1024=EDGE_CURVE('',#95,#97,#1027,.F.);
#1025=EDGE_CURVE('',#97,#99,#1028,.T.);
#1026=EDGE_CURVE('',#99,#95,#1029,.T.);
#1027=LINE('',#94,#1030);
#1028=LINE('',#96,#1031);
#1029=LINE('',#98,#1032);
#1030=VECTOR('',#1033,1.0);
#1031=VECTOR('',#1034,1.0);
#1032=VECTOR('',#1035,1.0);
#1033=DIRECTION('',(-0.9953507711177731,0.0963163663935395,0));
#1034=DIRECTION('',(-0.9952289030824367,-0.09756756873741251,0));
#1035=DIRECTION('',(1,0,0));
#1036=FACE_SURFACE('',(#1041),#1037,.T.);
#1037=PLANE('',#1038);
#1038=AXIS2_PLACEMENT_3D('',#98,#1039,#1040);
#1039=DIRECTION('',(0,0,1));
#1040=DIRECTION('',(-0.9554955829862489,-0.2950054082449479,0));
#1041=FACE_BOUND('',#1042,.T.);
#1042=EDGE_LOOP('',(#1043,#1044,#1045));
#1043=ORIENTED_EDGE('',*,*,#1046,.T.);
#1044=ORIENTED_EDGE('',*,*,#1047,.T.);
#1045=ORIENTED_EDGE('',*,*,#1048,.T.);
#1046=EDGE_CURVE('',#99,#101,#1049,.F.);
#1047=EDGE_CURVE('',#101,#103,#1050,.T.);
#1048=EDGE_CURVE('',#103,#99,#1051,.T.);
#1049=LINE('',#98,#1052);
#1050=LINE('',#100,#1053);
#1051=LINE('',#102,#1054);
#1052=VECTOR('',#1055,1.0);
#1053=VECTOR('',#1056,1.0);
#1054=VECTOR('',#1057,1.0);
#1055=DIRECTION('',(-0.9554955829862489,-0.2950054082449479,0));
#1056=DIRECTION('',(-0.8823598428012587,-0.4705752945191002,0));
#1057=DIRECTION('',(0.9234595972990227,0.38369567648896774,0));
#1058=FACE_SURFACE('',(#1063),#1059,.T.);
#1059=PLANE('',#1060);
#1060=AXIS2_PLACEMENT_3D('',#102,#1061,#1062);
#1061=DIRECTION('',(0,0,1));
#1062=DIRECTION('',(-0.7745405712567573,-0.632524231533667,0));
#1063=FACE_BOUND('',#1064,.T.);
#1064=EDGE_LOOP('',(#1065,#1066,#1067));
#1065=ORIENTED_EDGE('',*,*,#1068,.T.);
#1066=ORIENTED_EDGE('',*,*,#1069,.T.);
#1067=ORIENTED_EDGE('',*,*,#1070,.T.);
#1068=EDGE_CURVE('',#103,#105,#1071,.F.);
#1069=EDGE_CURVE('',#105,#35,#1072,.T.);
#1070=EDGE_CURVE('',#35,#103,#1073,.T.);
#1071=LINE('',#102,#1074);
#1072=LINE('',#104,#1075);
#1073=LINE('',#34,#1076);
#1074=VECTOR('',#1077,1.0);
#1075=VECTOR('',#1078,1.0);
#1076=VECTOR('',#1079,1.0);
#1077=DIRECTION('',(-0.7745405712567573,-0.632524231533667,0));
#1078=DIRECTION('',(-0.6325302627813951,-0.774535645832843,0));
#1079=DIRECTION('',(0.707109874507083,0.70710368785248,0));
#1080=FACE_SURFACE('',(#1085),#1081,.T.);
#1081=PLANE('',#1082);
#1082=AXIS2_PLACEMENT_3D('',#34,#1083,#1084);
#1083=DIRECTION('',(0,0,1));
#1084=DIRECTION('',(-0.4752382525650487,-0.8798571493708051,0));
#1085=FACE_BOUND('',#1086,.T.);
#1086=EDGE_LOOP('',(#1087,#1088,#1089));
#1087=ORIENTED_EDGE('',*,*,#1090,.T.);
#1088=ORIENTED_EDGE('',*,*,#1091,.T.);
#1089=ORIENTED_EDGE('',*,*,#1092,.T.);
#1090=EDGE_CURVE('',#35,#41,#1093,.F.);
#1091=EDGE_CURVE('',#41,#107,#1094,.T.);
#1092=EDGE_CURVE('',#107,#35,#1095,.T.);
#1093=LINE('',#34,#1096);
#1094=LINE('',#40,#1097);
#1095=LINE('',#106,#1098);
#1096=VECTOR('',#1099,1.0);
#1097=VECTOR('',#1100,1.0);
#1098=VECTOR('',#1101,1.0);
#1099=DIRECTION('',(-0.4752382525650487,-0.8798571493708051,0));
#1100=DIRECTION('',(-0.2867400020176872,-0.9580084400687172,0));
#1101=DIRECTION('',(0.38368070350023725,0.9234658184045379,0));
#1102=FACE_SURFACE('',(#1107),#1103,.T.);
#1103=PLANE('',#1104);
#1104=AXIS2_PLACEMENT_3D('',#106,#1105,#1106);
#1105=DIRECTION('',(0,0,1));
#1106=DIRECTION('',(-0.0963198890467956,-0.9953504302375183,0));
#1107=FACE_BOUND('',#1108,.T.);
#1108=EDGE_LOOP('',(#1109,#1110,#1111));
#1109=ORIENTED_EDGE('',*,*,#1112,.T.);
#1110=ORIENTED_EDGE('',*,*,#1113,.T.);
#1111=ORIENTED_EDGE('',*,*,#1114,.T.);
#1112=EDGE_CURVE('',#107,#109,#1115,.F.);
#1113=EDGE_CURVE('',#109,#111,#1116,.T.);
#1114=EDGE_CURVE('',#111,#107,#1117,.T.);
#1115=LINE('',#106,#1118);
#1116=LINE('',#108,#1119);
#1117=LINE('',#110,#1120);
#1118=VECTOR('',#1121,1.0);
#1119=VECTOR('',#1122,1.0);
#1120=VECTOR('',#1123,1.0);
#1121=DIRECTION('',(-0.0963198890467956,-0.9953504302375183,0));
#1122=DIRECTION('',(0.09756756873741251,-0.9952289030824367,0));
#1123=DIRECTION('',(0,1,0));
#1124=FACE_SURFACE('',(#1129),#1125,.T.);
#1125=PLANE('',#1126);
#1126=AXIS2_PLACEMENT_3D('',#110,#1127,#1128);
#1127=DIRECTION('',(0,0,1));
#1128=DIRECTION('',(0.2832070486551023,-0.9590587925628264,0));
#1129=FACE_BOUND('',#1130,.T.);
#1130=EDGE_LOOP('',(#1131,#1132,#1133));
#1131=ORIENTED_EDGE('',*,*,#1134,.T.);
#1132=ORIENTED_EDGE('',*,*,#1135,.T.);
#1133=ORIENTED_EDGE('',*,*,#1136,.T.);
#1134=EDGE_CURVE('',#111,#113,#1137,.F.);
#1135=EDGE_CURVE('',#113,#115,#1138,.T.);
#1136=EDGE_CURVE('',#115,#111,#1139,.T.);
#1137=LINE('',#110,#1140);
#1138=LINE('',#112,#1141);
#1139=LINE('',#114,#1142);
#1140=VECTOR('',#1143,1.0);
#1141=VECTOR('',#1144,1.0);
#1142=VECTOR('',#1145,1.0);
#1143=DIRECTION('',(0.2832070486551023,-0.9590587925628264,0));
#1144=DIRECTION('',(0.4806479433248294,-0.8769136528630465,0));
#1145=DIRECTION('',(-0.3836785060428073,0.9234667313990036,0));
#1146=FACE_SURFACE('',(#1151),#1147,.T.);
#1147=PLANE('',#1148);
#1148=AXIS2_PLACEMENT_3D('',#114,#1149,#1150);
#1149=DIRECTION('',(0,0,1));
#1150=DIRECTION('',(0.6325362941057873,-0.7745307202680324,0));
#1151=FACE_BOUND('',#1152,.T.);
#1152=EDGE_LOOP('',(#1153,#1154,#1155));
#1153=ORIENTED_EDGE('',*,*,#1156,.T.);
#1154=ORIENTED_EDGE('',*,*,#1157,.T.);
#1155=ORIENTED_EDGE('',*,*,#1158,.T.);
#1156=EDGE_CURVE('',#115,#117,#1159,.F.);
#1157=EDGE_CURVE('',#117,#119,#1160,.T.);
#1158=EDGE_CURVE('',#119,#115,#1161,.T.);
#1159=LINE('',#114,#1162);
#1160=LINE('',#116,#1163);
#1161=LINE('',#118,#1164);
#1162=VECTOR('',#1165,1.0);
#1163=VECTOR('',#1166,1.0);
#1164=VECTOR('',#1167,1.0);
#1165=DIRECTION('',(0.6325362941057873,-0.7745307202680324,0));
#1166=DIRECTION('',(0.7745405712567573,-0.632524231533667,0));
#1167=DIRECTION('',(-0.7071129678411503,0.7071005944778158,0));
#1168=FACE_SURFACE('',(#1173),#1169,.T.);
#1169=PLANE('',#1170);
#1170=AXIS2_PLACEMENT_3D('',#118,#1171,#1172);
#1171=DIRECTION('',(0,0,1));
#1172=DIRECTION('',(0.8823598428012587,-0.4705752945191002,0));
#1173=FACE_BOUND('',#1174,.T.);
#1174=EDGE_LOOP('',(#1175,#1176,#1177));
#1175=ORIENTED_EDGE('',*,*,#1178,.T.);
#1176=ORIENTED_EDGE('',*,*,#1179,.T.);
#1177=ORIENTED_EDGE('',*,*,#1180,.T.);
#1178=EDGE_CURVE('',#119,#121,#1181,.F.);
#1179=EDGE_CURVE('',#121,#123,#1182,.T.);
#1180=EDGE_CURVE('',#123,#119,#1183,.T.);
#1181=LINE('',#118,#1184);
#1182=LINE('',#120,#1185);
#1183=LINE('',#122,#1186);
#1184=VECTOR('',#1187,1.0);
#1185=VECTOR('',#1188,1.0);
#1186=VECTOR('',#1189,1.0);
#1187=DIRECTION('',(0.8823598428012587,-0.4705752945191002,0));
#1188=DIRECTION('',(0.9554955829862489,-0.2950054082449479,0));
#1189=DIRECTION('',(-0.9234595972990227,0.38369567648896774,0));
#1190=FACE_SURFACE('',(#1195),#1191,.T.);
#1191=PLANE('',#1192);
#1192=AXIS2_PLACEMENT_3D('',#122,#1193,#1194);
#1193=DIRECTION('',(-0,0,1));
#1194=DIRECTION('',(0.9952289030824367,-0.09756756873741251,0));
#1195=FACE_BOUND('',#1196,.T.);
#1196=EDGE_LOOP('',(#1197,#1198,#1199));
#1197=ORIENTED_EDGE('',*,*,#1200,.T.);
#1198=ORIENTED_EDGE('',*,*,#1201,.T.);
#1199=ORIENTED_EDGE('',*,*,#1202,.T.);
#1200=EDGE_CURVE('',#123,#125,#1203,.F.);
#1201=EDGE_CURVE('',#125,#127,#1204,.T.);
#1202=EDGE_CURVE('',#127,#123,#1205,.T.);
#1203=LINE('',#122,#1206);
#1204=LINE('',#124,#1207);
#1205=LINE('',#126,#1208);
#1206=VECTOR('',#1209,1.0);
#1207=VECTOR('',#1210,1.0);
#1208=VECTOR('',#1211,1.0);
#1209=DIRECTION('',(0.9952289030824367,-0.09756756873741251,0));
#1210=DIRECTION('',(0.9953507711177731,0.0963163663935395,0));
#1211=DIRECTION('',(-1,0,0));
#1212=FACE_SURFACE('',(#1217),#1213,.T.);
#1213=PLANE('',#1214);
#1214=AXIS2_PLACEMENT_3D('',#126,#1215,#1216);
#1215=DIRECTION('',(0,0,1));
#1216=DIRECTION('',(0.9543591512540768,0.29866136411929495,0));
#1217=FACE_BOUND('',#1218,.T.);
#1218=EDGE_LOOP('',(#1219,#1220,#1221));
#1219=ORIENTED_EDGE('',*,*,#1222,.T.);
#1220=ORIENTED_EDGE('',*,*,#1223,.T.);
#1221=ORIENTED_EDGE('',*,*,#1224,.T.);
#1222=EDGE_CURVE('',#127,#129,#1225,.F.);
#1223=EDGE_CURVE('',#129,#75,#1226,.T.);
#1224=EDGE_CURVE('',#75,#127,#1227,.T.);
#1225=LINE('',#126,#1228);
#1226=LINE('',#128,#1229);
#1227=LINE('',#74,#1230);
#1228=VECTOR('',#1231,1.0);
#1229=VECTOR('',#1232,1.0);
#1230=VECTOR('',#1233,1.0);
#1231=DIRECTION('',(0.9543591512540768,0.29866136411929495,0));
#1232=DIRECTION('',(0.8852035650495013,0.4652038783411563,0));
#1233=DIRECTION('',(-0.9234595972990227,-0.38369567648896774,0));
#1234=FACE_SURFACE('',(#1239),#1235,.T.);
#1235=PLANE('',#1236);
#1236=AXIS2_PLACEMENT_3D('',#74,#1237,#1238);
#1237=DIRECTION('',(0,0,1));
#1238=DIRECTION('',(0.7071129678411503,0.7071005944778158,0));
#1239=FACE_BOUND('',#1240,.T.);
#1240=EDGE_LOOP('',(#1241,#1242,#1243));
#1241=ORIENTED_EDGE('',*,*,#1244,.T.);
#1242=ORIENTED_EDGE('',*,*,#1245,.T.);
#1243=ORIENTED_EDGE('',*,*,#1246,.T.);
#1244=EDGE_CURVE('',#75,#79,#1247,.F.);
#1245=EDGE_CURVE('',#79,#63,#1248,.T.);
#1246=EDGE_CURVE('',#63,#75,#1249,.T.);
#1247=LINE('',#74,#1250);
#1248=LINE('',#78,#1251);
#1249=LINE('',#62,#1252);
#1250=VECTOR('',#1253,1.0);
#1251=VECTOR('',#1254,1.0);
#1252=VECTOR('',#1255,1.0);
#1253=DIRECTION('',(0.7071129678411503,0.7071005944778158,0));
#1254=DIRECTION('',(0.3836785060428073,0.9234667313990036,0));
#1255=DIRECTION('',(-0.5562250643429836,-0.8310316948207475,0));
#1256=FACE_SURFACE('',(#1261),#1257,.T.);
#1257=PLANE('',#1258);
#1258=AXIS2_PLACEMENT_3D('',#62,#1259,#1260);
#1259=DIRECTION('',(0,-0,1));
#1260=DIRECTION('',(0,1,0));
#1261=FACE_BOUND('',#1262,.T.);
#1262=EDGE_LOOP('',(#1263,#1264,#1265));
#1263=ORIENTED_EDGE('',*,*,#1266,.T.);
#1264=ORIENTED_EDGE('',*,*,#1267,.T.);
#1265=ORIENTED_EDGE('',*,*,#1268,.T.);
#1266=EDGE_CURVE('',#63,#83,#1269,.F.);
#1267=EDGE_CURVE('',#83,#87,#1270,.T.);
#1268=EDGE_CURVE('',#87,#63,#1271,.T.);
#1269=LINE('',#62,#1272);
#1270=LINE('',#82,#1273);
#1271=LINE('',#86,#1274);
#1272=VECTOR('',#1275,1.0);
#1273=VECTOR('',#1276,1.0);
#1274=VECTOR('',#1277,1.0);
#1275=DIRECTION('',(0,1,0));
#1276=DIRECTION('',(-0.38368070350023725,0.9234658184045379,0));
#1277=DIRECTION('',(0.19547260481095224,-0.9807091621721606,0));
#1278=FACE_SURFACE('',(#1283),#1279,.T.);
#1279=PLANE('',#1280);
#1280=AXIS2_PLACEMENT_3D('',#86,#1281,#1282);
#1281=DIRECTION('',(0,0,1));
#1282=DIRECTION('',(-0.707109874507083,0.70710368785248,0));
#1283=FACE_BOUND('',#1284,.T.);
#1284=EDGE_LOOP('',(#1285,#1286,#1287));
#1285=ORIENTED_EDGE('',*,*,#1288,.T.);
#1286=ORIENTED_EDGE('',*,*,#1289,.T.);
#1287=ORIENTED_EDGE('',*,*,#1290,.T.);
#1288=EDGE_CURVE('',#87,#91,#1291,.F.);
#1289=EDGE_CURVE('',#91,#95,#1292,.T.);
#1290=EDGE_CURVE('',#95,#87,#1293,.T.);
#1291=LINE('',#86,#1294);
#1292=LINE('',#90,#1295);
#1293=LINE('',#94,#1296);
#1294=VECTOR('',#1297,1.0);
#1295=VECTOR('',#1298,1.0);
#1296=VECTOR('',#1299,1.0);
#1297=DIRECTION('',(-0.707109874507083,0.70710368785248,0));
#1298=DIRECTION('',(-0.9234595972990227,0.38369567648896774,0));
#1299=DIRECTION('',(0.8310292583990654,-0.5562287044774832,0));
#1300=FACE_SURFACE('',(#1305),#1301,.T.);
#1301=PLANE('',#1302);
#1302=AXIS2_PLACEMENT_3D('',#94,#1303,#1304);
#1303=DIRECTION('',(0,0,1));
#1304=DIRECTION('',(-1,0,0));
#1305=FACE_BOUND('',#1306,.T.);
#1306=EDGE_LOOP('',(#1307,#1308,#1309));
#1307=ORIENTED_EDGE('',*,*,#1310,.T.);
#1308=ORIENTED_EDGE('',*,*,#1311,.T.);
#1309=ORIENTED_EDGE('',*,*,#1312,.T.);
#1310=EDGE_CURVE('',#95,#99,#1313,.F.);
#1311=EDGE_CURVE('',#99,#103,#1314,.T.);
#1312=EDGE_CURVE('',#103,#95,#1315,.T.);
#1313=LINE('',#94,#1316);
#1314=LINE('',#98,#1317);
#1315=LINE('',#102,#1318);
#1316=VECTOR('',#1319,1.0);
#1317=VECTOR('',#1320,1.0);
#1318=VECTOR('',#1321,1.0);
#1319=DIRECTION('',(-1,0,0));
#1320=DIRECTION('',(-0.9234595972990227,-0.38369567648896774,0));
#1321=DIRECTION('',(0.9807080714469523,0.1954780770286009,0));
#1322=FACE_SURFACE('',(#1327),#1323,.T.);
#1323=PLANE('',#1324);
#1324=AXIS2_PLACEMENT_3D('',#102,#1325,#1326);
#1325=DIRECTION('',(0,0,1));
#1326=DIRECTION('',(-0.707109874507083,-0.70710368785248,0));
#1327=FACE_BOUND('',#1328,.T.);
#1328=EDGE_LOOP('',(#1329,#1330,#1331));
#1329=ORIENTED_EDGE('',*,*,#1332,.T.);
#1330=ORIENTED_EDGE('',*,*,#1333,.T.);
#1331=ORIENTED_EDGE('',*,*,#1334,.T.);
#1332=EDGE_CURVE('',#103,#35,#1335,.F.);
#1333=EDGE_CURVE('',#35,#107,#1336,.T.);
#1334=EDGE_CURVE('',#107,#103,#1337,.T.);
#1335=LINE('',#102,#1338);
#1336=LINE('',#34,#1339);
#1337=LINE('',#106,#1340);
#1338=VECTOR('',#1341,1.0);
#1339=VECTOR('',#1342,1.0);
#1340=VECTOR('',#1343,1.0);
#1341=DIRECTION('',(-0.707109874507083,-0.70710368785248,0));
#1342=DIRECTION('',(-0.38368070350023725,-0.9234658184045379,0));
#1343=DIRECTION('',(0.5562250643429836,0.8310316948207475,0));
#1344=FACE_SURFACE('',(#1349),#1345,.T.);
#1345=PLANE('',#1346);
#1346=AXIS2_PLACEMENT_3D('',#106,#1347,#1348);
#1347=DIRECTION('',(0,0,1));
#1348=DIRECTION('',(0,-1,0));
#1349=FACE_BOUND('',#1350,.T.);
#1350=EDGE_LOOP('',(#1351,#1352,#1353));
#1351=ORIENTED_EDGE('',*,*,#1354,.T.);
#1352=ORIENTED_EDGE('',*,*,#1355,.T.);
#1353=ORIENTED_EDGE('',*,*,#1356,.T.);
#1354=EDGE_CURVE('',#107,#111,#1357,.F.);
#1355=EDGE_CURVE('',#111,#115,#1358,.T.);
#1356=EDGE_CURVE('',#115,#107,#1359,.T.);
#1357=LINE('',#106,#1360);
#1358=LINE('',#110,#1361);
#1359=LINE('',#114,#1362);
#1360=VECTOR('',#1363,1.0);
#1361=VECTOR('',#1364,1.0);
#1362=VECTOR('',#1365,1.0);
#1363=DIRECTION('',(0,-1,0));
#1364=DIRECTION('',(0.3836785060428073,-0.9234667313990036,0));
#1365=DIRECTION('',(-0.1954719990898318,0.9807092829028512,0));
#1366=FACE_SURFACE('',(#1371),#1367,.T.);
#1367=PLANE('',#1368);
#1368=AXIS2_PLACEMENT_3D('',#114,#1369,#1370);
#1369=DIRECTION('',(0,0,1));
#1370=DIRECTION('',(0.7071129678411503,-0.7071005944778158,0));
#1371=FACE_BOUND('',#1372,.T.);
#1372=EDGE_LOOP('',(#1373,#1374,#1375));
#1373=ORIENTED_EDGE('',*,*,#1376,.T.);
#1374=ORIENTED_EDGE('',*,*,#1377,.T.);
#1375=ORIENTED_EDGE('',*,*,#1378,.T.);
#1376=EDGE_CURVE('',#115,#119,#1379,.F.);
#1377=EDGE_CURVE('',#119,#123,#1380,.T.);
#1378=EDGE_CURVE('',#123,#115,#1381,.T.);
#1379=LINE('',#114,#1382);
#1380=LINE('',#118,#1383);
#1381=LINE('',#122,#1384);
#1382=VECTOR('',#1385,1.0);
#1383=VECTOR('',#1386,1.0);
#1384=VECTOR('',#1387,1.0);
#1385=DIRECTION('',(0.7071129678411503,-0.7071005944778158,0));
#1386=DIRECTION('',(0.9234595972990227,-0.38369567648896774,0));
#1387=DIRECTION('',(-0.8310307179298283,0.5562265238704769,0));
#1388=FACE_SURFACE('',(#1393),#1389,.T.);
#1389=PLANE('',#1390);
#1390=AXIS2_PLACEMENT_3D('',#122,#1391,#1392);
#1391=DIRECTION('',(0,0,1));
#1392=DIRECTION('',(1,0,0));
#1393=FACE_BOUND('',#1394,.T.);
#1394=EDGE_LOOP('',(#1395,#1396,#1397));
#1395=ORIENTED_EDGE('',*,*,#1398,.T.);
#1396=ORIENTED_EDGE('',*,*,#1399,.T.);
#1397=ORIENTED_EDGE('',*,*,#1400,.T.);
#1398=EDGE_CURVE('',#123,#127,#1401,.F.);
#1399=EDGE_CURVE('',#127,#75,#1402,.T.);
#1400=EDGE_CURVE('',#75,#123,#1403,.T.);
#1401=LINE('',#122,#1404);
#1402=LINE('',#126,#1405);
#1403=LINE('',#74,#1406);
#1404=VECTOR('',#1407,1.0);
#1405=VECTOR('',#1408,1.0);
#1406=VECTOR('',#1409,1.0);
#1407=DIRECTION('',(1,0,0));
#1408=DIRECTION('',(0.9234595972990227,0.38369567648896774,0));
#1409=DIRECTION('',(-0.9807080714469523,-0.1954780770286009,0));
#1410=FACE_SURFACE('',(#1415),#1411,.T.);
#1411=PLANE('',#1412);
#1412=AXIS2_PLACEMENT_3D('',#74,#1413,#1414);
#1413=DIRECTION('',(0,0,1));
#1414=DIRECTION('',(0.5562250643429836,0.8310316948207475,0));
#1415=FACE_BOUND('',#1416,.T.);
#1416=EDGE_LOOP('',(#1417,#1418,#1419));
#1417=ORIENTED_EDGE('',*,*,#1420,.T.);
#1418=ORIENTED_EDGE('',*,*,#1421,.T.);
#1419=ORIENTED_EDGE('',*,*,#1422,.T.);
#1420=EDGE_CURVE('',#75,#63,#1423,.F.);
#1421=EDGE_CURVE('',#63,#87,#1424,.T.);
#1422=EDGE_CURVE('',#87,#75,#1425,.T.);
#1423=LINE('',#74,#1426);
#1424=LINE('',#62,#1427);
#1425=LINE('',#86,#1428);
#1426=VECTOR('',#1429,1.0);
#1427=VECTOR('',#1430,1.0);
#1428=VECTOR('',#1431,1.0);
#1429=DIRECTION('',(0.5562250643429836,0.8310316948207475,0));
#1430=DIRECTION('',(-0.19547260481095224,0.9807091621721606,0));
#1431=DIRECTION('',(-0.19542820393207355,-0.9807180110041235,0));
#1432=FACE_SURFACE('',(#1437),#1433,.T.);
#1433=PLANE('',#1434);
#1434=AXIS2_PLACEMENT_3D('',#86,#1435,#1436);
#1435=DIRECTION('',(0,0,1));
#1436=DIRECTION('',(-0.8310292583990654,0.5562287044774832,0));
#1437=FACE_BOUND('',#1438,.T.);
#1438=EDGE_LOOP('',(#1439,#1440,#1441));
#1439=ORIENTED_EDGE('',*,*,#1442,.T.);
#1440=ORIENTED_EDGE('',*,*,#1443,.T.);
#1441=ORIENTED_EDGE('',*,*,#1444,.T.);
#1442=EDGE_CURVE('',#87,#95,#1445,.F.);
#1443=EDGE_CURVE('',#95,#103,#1446,.T.);
#1444=EDGE_CURVE('',#103,#87,#1447,.T.);
#1445=LINE('',#86,#1448);
#1446=LINE('',#94,#1449);
#1447=LINE('',#102,#1450);
#1448=VECTOR('',#1451,1.0);
#1449=VECTOR('',#1452,1.0);
#1450=VECTOR('',#1453,1.0);
#1451=DIRECTION('',(-0.8310292583990654,0.5562287044774832,0));
#1452=DIRECTION('',(-0.9807080714469523,-0.1954780770286009,0));
#1453=DIRECTION('',(0.9807183387112748,-0.19542655939098344,0));
#1454=FACE_SURFACE('',(#1459),#1455,.T.);
#1455=PLANE('',#1456);
#1456=AXIS2_PLACEMENT_3D('',#102,#1457,#1458);
#1457=DIRECTION('',(0,0,1));
#1458=DIRECTION('',(-0.5562250643429836,-0.8310316948207475,0));
#1459=FACE_BOUND('',#1460,.T.);
#1460=EDGE_LOOP('',(#1461,#1462,#1463));
#1461=ORIENTED_EDGE('',*,*,#1464,.T.);
#1462=ORIENTED_EDGE('',*,*,#1465,.T.);
#1463=ORIENTED_EDGE('',*,*,#1466,.T.);
#1464=EDGE_CURVE('',#103,#107,#1467,.F.);
#1465=EDGE_CURVE('',#107,#115,#1468,.T.);
#1466=EDGE_CURVE('',#115,#103,#1469,.T.);
#1467=LINE('',#102,#1470);
#1468=LINE('',#106,#1471);
#1469=LINE('',#114,#1472);
#1470=VECTOR('',#1473,1.0);
#1471=VECTOR('',#1474,1.0);
#1472=VECTOR('',#1475,1.0);
#1473=DIRECTION('',(-0.5562250643429836,-0.8310316948207475,0));
#1474=DIRECTION('',(0.1954719990898318,-0.9807092829028512,0));
#1475=DIRECTION('',(0.19542787622419153,0.9807180763065918,0));
#1476=FACE_SURFACE('',(#1481),#1477,.T.);
#1477=PLANE('',#1478);
#1478=AXIS2_PLACEMENT_3D('',#114,#1479,#1480);
#1479=DIRECTION('',(0,0,1));
#1480=DIRECTION('',(0.8310307179298283,-0.5562265238704769,0));
#1481=FACE_BOUND('',#1482,.T.);
#1482=EDGE_LOOP('',(#1483,#1484,#1485));
#1483=ORIENTED_EDGE('',*,*,#1486,.T.);
#1484=ORIENTED_EDGE('',*,*,#1487,.T.);
#1485=ORIENTED_EDGE('',*,*,#1488,.T.);
#1486=EDGE_CURVE('',#115,#123,#1489,.F.);
#1487=EDGE_CURVE('',#123,#75,#1490,.T.);
#1488=EDGE_CURVE('',#75,#115,#1491,.T.);
#1489=LINE('',#114,#1492);
#1490=LINE('',#122,#1493);
#1491=LINE('',#74,#1494);
#1492=VECTOR('',#1495,1.0);
#1493=VECTOR('',#1496,1.0);
#1494=VECTOR('',#1497,1.0);
#1495=DIRECTION('',(0.8310307179298283,-0.5562265238704769,0));
#1496=DIRECTION('',(0.9807080714469523,0.1954780770286009,0));
#1497=DIRECTION('',(-0.9807186664158872,0.1954249148482447,0));
#1498=FACE_SURFACE('',(#1503),#1499,.T.);
#1499=PLANE('',#1500);
#1500=AXIS2_PLACEMENT_3D('',#74,#1501,#1502);
#1501=DIRECTION('',(0,-0,1));
#1502=DIRECTION('',(0.19542820393207355,0.9807180110041235,0));
#1503=FACE_BOUND('',#1504,.T.);
#1504=EDGE_LOOP('',(#1505,#1506,#1507));
#1505=ORIENTED_EDGE('',*,*,#1508,.T.);
#1506=ORIENTED_EDGE('',*,*,#1509,.T.);
#1507=ORIENTED_EDGE('',*,*,#1510,.T.);
#1508=EDGE_CURVE('',#75,#87,#1511,.F.);
#1509=EDGE_CURVE('',#87,#103,#1512,.T.);
#1510=EDGE_CURVE('',#103,#75,#1513,.T.);
#1511=LINE('',#74,#1514);
#1512=LINE('',#86,#1515);
#1513=LINE('',#102,#1516);
#1514=VECTOR('',#1517,1.0);
#1515=VECTOR('',#1518,1.0);
#1516=VECTOR('',#1519,1.0);
#1517=DIRECTION('',(0.19542820393207355,0.9807180110041235,0));
#1518=DIRECTION('',(-0.9807183387112748,0.19542655939098344,0));
#1519=DIRECTION('',(0.5552843061225782,-0.8316605914518056,0));
#1520=FACE_SURFACE('',(#1525),#1521,.T.);
#1521=PLANE('',#1522);
#1522=AXIS2_PLACEMENT_3D('',#102,#1523,#1524);
#1523=DIRECTION('',(0,0,1));
#1524=DIRECTION('',(-0.19542787622419153,-0.9807180763065918,0));
#1525=FACE_BOUND('',#1526,.T.);
#1526=EDGE_LOOP('',(#1527,#1528,#1529));
#1527=ORIENTED_EDGE('',*,*,#1530,.T.);
#1528=ORIENTED_EDGE('',*,*,#1531,.T.);
#1529=ORIENTED_EDGE('',*,*,#1532,.T.);
#1530=EDGE_CURVE('',#103,#115,#1533,.F.);
#1531=EDGE_CURVE('',#115,#75,#1534,.T.);
#1532=EDGE_CURVE('',#75,#103,#1535,.T.);
#1533=LINE('',#102,#1536);
#1534=LINE('',#114,#1537);
#1535=LINE('',#74,#1538);
#1536=VECTOR('',#1539,1.0);
#1537=VECTOR('',#1540,1.0);
#1538=VECTOR('',#1541,1.0);
#1539=DIRECTION('',(-0.19542787622419153,-0.9807180763065918,0));
#1540=DIRECTION('',(0.9807186664158872,-0.1954249148482447,0));
#1541=DIRECTION('',(-0.5552843061225782,0.8316605914518056,0));
#1542=FACE_SURFACE('',(#1547),#1543,.T.);
#1543=PLANE('',#1544);
#1544=AXIS2_PLACEMENT_3D('',#130,#1545,#1546);
#1545=DIRECTION('',(0,0,1));
#1546=DIRECTION('',(-0.2936738276304885,0.9559056872750878,0));
#1547=FACE_BOUND('',#1548,.T.);
#1548=EDGE_LOOP('',(#1549,#1550,#1551));
#1549=ORIENTED_EDGE('',*,*,#1552,.T.);
#1550=ORIENTED_EDGE('',*,*,#1553,.T.);
#1551=ORIENTED_EDGE('',*,*,#1554,.T.);
#1552=EDGE_CURVE('',#131,#133,#1555,.F.);
#1553=EDGE_CURVE('',#133,#135,#1556,.T.);
#1554=EDGE_CURVE('',#135,#131,#1557,.T.);
#1555=LINE('',#130,#1558);
#1556=LINE('',#132,#1559);
#1557=LINE('',#134,#1560);
#1558=VECTOR('',#1561,1.0);
#1559=VECTOR('',#1562,1.0);
#1560=VECTOR('',#1563,1.0);
#1561=DIRECTION('',(-0.2936738276304885,0.9559056872750878,0));
#1562=DIRECTION('',(-0.46470149524866,0.885467402174501,0));
#1563=DIRECTION('',(0.38059892889305935,-0.9247402096402296,0));
#1564=FACE_SURFACE('',(#1569),#1565,.T.);
#1565=PLANE('',#1566);
#1566=AXIS2_PLACEMENT_3D('',#134,#1567,#1568);
#1567=DIRECTION('',(0,0,1));
#1568=DIRECTION('',(-0.6339170472877248,0.7734010454854663,0));
#1569=FACE_BOUND('',#1570,.T.);
#1570=EDGE_LOOP('',(#1571,#1572,#1573));
#1571=ORIENTED_EDGE('',*,*,#1574,.T.);
#1572=ORIENTED_EDGE('',*,*,#1575,.T.);
#1573=ORIENTED_EDGE('',*,*,#1576,.T.);
#1574=EDGE_CURVE('',#135,#137,#1577,.F.);
#1575=EDGE_CURVE('',#137,#139,#1578,.T.);
#1576=EDGE_CURVE('',#139,#135,#1579,.T.);
#1577=LINE('',#134,#1580);
#1578=LINE('',#136,#1581);
#1579=LINE('',#138,#1582);
#1580=VECTOR('',#1583,1.0);
#1581=VECTOR('',#1584,1.0);
#1582=VECTOR('',#1585,1.0);
#1583=DIRECTION('',(-0.6339170472877248,0.7734010454854663,0));
#1584=DIRECTION('',(-0.7722990751710697,0.6352591113001925,0));
#1585=DIRECTION('',(0.7071067811865476,-0.7071067811865476,0));
#1586=FACE_SURFACE('',(#1591),#1587,.T.);
#1587=PLANE('',#1588);
#1588=AXIS2_PLACEMENT_3D('',#138,#1589,#1590);
#1589=DIRECTION('',(0,0,1));
#1590=DIRECTION('',(-0.885467402174501,0.46470149524866,0));
#1591=FACE_BOUND('',#1592,.T.);
#1592=EDGE_LOOP('',(#1593,#1594,#1595));
#1593=ORIENTED_EDGE('',*,*,#1596,.T.);
#1594=ORIENTED_EDGE('',*,*,#1597,.T.);
#1595=ORIENTED_EDGE('',*,*,#1598,.T.);
#1596=EDGE_CURVE('',#139,#141,#1599,.F.);
#1597=EDGE_CURVE('',#141,#143,#1600,.T.);
#1598=EDGE_CURVE('',#143,#139,#1601,.T.);
#1599=LINE('',#138,#1602);
#1600=LINE('',#140,#1603);
#1601=LINE('',#142,#1604);
#1602=VECTOR('',#1605,1.0);
#1603=VECTOR('',#1606,1.0);
#1604=VECTOR('',#1607,1.0);
#1605=DIRECTION('',(-0.885467402174501,0.46470149524866,0));
#1606=DIRECTION('',(-0.9583557295448742,0.28557712732029517,0));
#1607=DIRECTION('',(0.926058146917444,-0.37738085341976446,0));
#1608=FACE_SURFACE('',(#1613),#1609,.T.);
#1609=PLANE('',#1610);
#1610=AXIS2_PLACEMENT_3D('',#142,#1611,#1612);
#1611=DIRECTION('',(0,0,1));
#1612=DIRECTION('',(-0.9949712702566801,0.10016072765215271,0));
#1613=FACE_BOUND('',#1614,.T.);
#1614=EDGE_LOOP('',(#1615,#1616,#1617));
#1615=ORIENTED_EDGE('',*,*,#1618,.T.);
#1616=ORIENTED_EDGE('',*,*,#1619,.T.);
#1617=ORIENTED_EDGE('',*,*,#1620,.T.);
#1618=EDGE_CURVE('',#143,#145,#1621,.F.);
#1619=EDGE_CURVE('',#145,#147,#1622,.T.);
#1620=EDGE_CURVE('',#147,#143,#1623,.T.);
#1621=LINE('',#142,#1624);
#1622=LINE('',#144,#1625);
#1623=LINE('',#146,#1626);
#1624=VECTOR('',#1627,1.0);
#1625=VECTOR('',#1628,1.0);
#1626=VECTOR('',#1629,1.0);
#1627=DIRECTION('',(-0.9949712702566801,0.10016072765215271,0));
#1628=DIRECTION('',(-0.9949707912761347,-0.1001654856092769,0));
#1629=DIRECTION('',(1,0,0));
#1630=FACE_SURFACE('',(#1635),#1631,.T.);
#1631=PLANE('',#1632);
#1632=AXIS2_PLACEMENT_3D('',#146,#1633,#1634);
#1633=DIRECTION('',(0,0,1));
#1634=DIRECTION('',(-0.9583557295448742,-0.28557712732029517,0));
#1635=FACE_BOUND('',#1636,.T.);
#1636=EDGE_LOOP('',(#1637,#1638,#1639));
#1637=ORIENTED_EDGE('',*,*,#1640,.T.);
#1638=ORIENTED_EDGE('',*,*,#1641,.T.);
#1639=ORIENTED_EDGE('',*,*,#1642,.T.);
#1640=EDGE_CURVE('',#147,#149,#1643,.F.);
#1641=EDGE_CURVE('',#149,#151,#1644,.T.);
#1642=EDGE_CURVE('',#151,#147,#1645,.T.);
#1643=LINE('',#146,#1646);
#1644=LINE('',#148,#1647);
#1645=LINE('',#150,#1648);
#1646=VECTOR('',#1649,1.0);
#1647=VECTOR('',#1650,1.0);
#1648=VECTOR('',#1651,1.0);
#1649=DIRECTION('',(-0.9583557295448742,-0.28557712732029517,0));
#1650=DIRECTION('',(-0.885467402174501,-0.46470149524866,0));
#1651=DIRECTION('',(0.926058146917444,0.37738085341976446,0));
#1652=FACE_SURFACE('',(#1657),#1653,.T.);
#1653=PLANE('',#1654);
#1654=AXIS2_PLACEMENT_3D('',#150,#1655,#1656);
#1655=DIRECTION('',(0,0,1));
#1656=DIRECTION('',(-0.7672017771116484,-0.6414058256647881,0));
#1657=FACE_BOUND('',#1658,.T.);
#1658=EDGE_LOOP('',(#1659,#1660,#1661));
#1659=ORIENTED_EDGE('',*,*,#1662,.T.);
#1660=ORIENTED_EDGE('',*,*,#1663,.T.);
#1661=ORIENTED_EDGE('',*,*,#1664,.T.);
#1662=EDGE_CURVE('',#151,#153,#1665,.F.);
#1663=EDGE_CURVE('',#153,#155,#1666,.T.);
#1664=EDGE_CURVE('',#155,#151,#1667,.T.);
#1665=LINE('',#150,#1668);
#1666=LINE('',#152,#1669);
#1667=LINE('',#154,#1670);
#1668=VECTOR('',#1671,1.0);
#1669=VECTOR('',#1672,1.0);
#1670=VECTOR('',#1673,1.0);
#1671=DIRECTION('',(-0.7672017771116484,-0.6414058256647881,0));
#1672=DIRECTION('',(-0.6414058256647881,-0.7672017771116484,0));
#1673=DIRECTION('',(0.7071067811865476,0.7071067811865476,0));
#1674=FACE_SURFACE('',(#1679),#1675,.T.);
#1675=PLANE('',#1676);
#1676=AXIS2_PLACEMENT_3D('',#154,#1677,#1678);
#1677=DIRECTION('',(0,0,1));
#1678=DIRECTION('',(-0.4647390597615198,-0.8854476869538812,0));
#1679=FACE_BOUND('',#1680,.T.);
#1680=EDGE_LOOP('',(#1681,#1682,#1683));
#1681=ORIENTED_EDGE('',*,*,#1684,.T.);
#1682=ORIENTED_EDGE('',*,*,#1685,.T.);
#1683=ORIENTED_EDGE('',*,*,#1686,.T.);
#1684=EDGE_CURVE('',#155,#157,#1687,.F.);
#1685=EDGE_CURVE('',#157,#159,#1688,.T.);
#1686=EDGE_CURVE('',#159,#155,#1689,.T.);
#1687=LINE('',#154,#1690);
#1688=LINE('',#156,#1691);
#1689=LINE('',#158,#1692);
#1690=VECTOR('',#1693,1.0);
#1691=VECTOR('',#1694,1.0);
#1692=VECTOR('',#1695,1.0);
#1693=DIRECTION('',(-0.4647390597615198,-0.8854476869538812,0));
#1694=DIRECTION('',(-0.29363027110339907,-0.9559190676473319,0));
#1695=DIRECTION('',(0.38059892889305935,0.9247402096402296,0));
#1696=FACE_SURFACE('',(#1701),#1697,.T.);
#1697=PLANE('',#1698);
#1698=AXIS2_PLACEMENT_3D('',#158,#1699,#1700);
#1699=DIRECTION('',(0,0,1));
#1700=DIRECTION('',(-0.10137503500316813,-0.9948482810349055,0));
#1701=FACE_BOUND('',#1702,.T.);
#1702=EDGE_LOOP('',(#1703,#1704,#1705));
#1703=ORIENTED_EDGE('',*,*,#1706,.T.);
#1704=ORIENTED_EDGE('',*,*,#1707,.T.);
#1705=ORIENTED_EDGE('',*,*,#1708,.T.);
#1706=EDGE_CURVE('',#159,#161,#1709,.F.);
#1707=EDGE_CURVE('',#161,#163,#1710,.T.);
#1708=EDGE_CURVE('',#163,#159,#1711,.T.);
#1709=LINE('',#158,#1712);
#1710=LINE('',#160,#1713);
#1711=LINE('',#162,#1714);
#1712=VECTOR('',#1715,1.0);
#1713=VECTOR('',#1716,1.0);
#1714=VECTOR('',#1717,1.0);
#1715=DIRECTION('',(-0.10137503500316813,-0.9948482810349055,0));
#1716=DIRECTION('',(0.10011822096484103,-0.9949755483582676,0));
#1717=DIRECTION('',(0,1,0));
#1718=FACE_SURFACE('',(#1723),#1719,.T.);
#1719=PLANE('',#1720);
#1720=AXIS2_PLACEMENT_3D('',#162,#1721,#1722);
#1721=DIRECTION('',(0,0,1));
#1722=DIRECTION('',(0.29363027110339907,-0.9559190676473319,0));
#1723=FACE_BOUND('',#1724,.T.);
#1724=EDGE_LOOP('',(#1725,#1726,#1727));
#1725=ORIENTED_EDGE('',*,*,#1728,.T.);
#1726=ORIENTED_EDGE('',*,*,#1729,.T.);
#1727=ORIENTED_EDGE('',*,*,#1730,.T.);
#1728=EDGE_CURVE('',#163,#165,#1731,.F.);
#1729=EDGE_CURVE('',#165,#167,#1732,.T.);
#1730=EDGE_CURVE('',#167,#163,#1733,.T.);
#1731=LINE('',#162,#1734);
#1732=LINE('',#164,#1735);
#1733=LINE('',#166,#1736);
#1734=VECTOR('',#1737,1.0);
#1735=VECTOR('',#1738,1.0);
#1736=VECTOR('',#1739,1.0);
#1737=DIRECTION('',(0.29363027110339907,-0.9559190676473319,0));
#1738=DIRECTION('',(0.4699544223129292,-0.8826906824865214,0));
#1739=DIRECTION('',(-0.3828236161485706,0.9238214540261186,0));
#1740=FACE_SURFACE('',(#1745),#1741,.T.);
#1741=PLANE('',#1742);
#1742=AXIS2_PLACEMENT_3D('',#166,#1743,#1744);
#1743=DIRECTION('',(0,0,1));
#1744=DIRECTION('',(0.638322758993698,-0.7697688324105317,0));
#1745=FACE_BOUND('',#1746,.T.);
#1746=EDGE_LOOP('',(#1747,#1748,#1749));
#1747=ORIENTED_EDGE('',*,*,#1750,.T.);
#1748=ORIENTED_EDGE('',*,*,#1751,.T.);
#1749=ORIENTED_EDGE('',*,*,#1752,.T.);
#1750=EDGE_CURVE('',#167,#169,#1753,.F.);
#1751=EDGE_CURVE('',#169,#171,#1754,.T.);
#1752=EDGE_CURVE('',#171,#167,#1755,.T.);
#1753=LINE('',#166,#1756);
#1754=LINE('',#168,#1757);
#1755=LINE('',#170,#1758);
#1756=VECTOR('',#1759,1.0);
#1757=VECTOR('',#1760,1.0);
#1758=VECTOR('',#1761,1.0);
#1759=DIRECTION('',(0.638322758993698,-0.7697688324105317,0));
#1760=DIRECTION('',(0.7734010454854663,-0.6339170472877248,0));
#1761=DIRECTION('',(-0.708686040086506,0.7055239872509702,0));
#1762=FACE_SURFACE('',(#1767),#1763,.T.);
#1763=PLANE('',#1764);
#1764=AXIS2_PLACEMENT_3D('',#170,#1765,#1766);
#1765=DIRECTION('',(0,0,1));
#1766=DIRECTION('',(0.8828589036792672,-0.4696383248780302,0));
#1767=FACE_BOUND('',#1768,.T.);
#1768=EDGE_LOOP('',(#1769,#1770,#1771));
#1769=ORIENTED_EDGE('',*,*,#1772,.T.);
#1770=ORIENTED_EDGE('',*,*,#1773,.T.);
#1771=ORIENTED_EDGE('',*,*,#1774,.T.);
#1772=EDGE_CURVE('',#171,#173,#1775,.F.);
#1773=EDGE_CURVE('',#173,#175,#1776,.T.);
#1774=EDGE_CURVE('',#175,#171,#1777,.T.);
#1775=LINE('',#170,#1778);
#1776=LINE('',#172,#1779);
#1777=LINE('',#174,#1780);
#1778=VECTOR('',#1781,1.0);
#1779=VECTOR('',#1782,1.0);
#1780=VECTOR('',#1783,1.0);
#1781=DIRECTION('',(0.8828589036792672,-0.4696383248780302,0));
#1782=DIRECTION('',(0.9548227111597524,-0.29717602570453083,0));
#1783=DIRECTION('',(-0.9227005909957612,0.3855173399162129,0));
#1784=FACE_SURFACE('',(#1789),#1785,.T.);
#1785=PLANE('',#1786);
#1786=AXIS2_PLACEMENT_3D('',#174,#1787,#1788);
#1787=DIRECTION('',(-0,0,1));
#1788=DIRECTION('',(0.9949755483582676,-0.10011822096484103,0));
#1789=FACE_BOUND('',#1790,.T.);
#1790=EDGE_LOOP('',(#1791,#1792,#1793));
#1791=ORIENTED_EDGE('',*,*,#1794,.T.);
#1792=ORIENTED_EDGE('',*,*,#1795,.T.);
#1793=ORIENTED_EDGE('',*,*,#1796,.T.);
#1794=EDGE_CURVE('',#175,#55,#1797,.F.);
#1795=EDGE_CURVE('',#55,#53,#1798,.T.);
#1796=EDGE_CURVE('',#53,#175,#1799,.T.);
#1797=LINE('',#174,#1800);
#1798=LINE('',#54,#1801);
#1799=LINE('',#52,#1802);
#1800=VECTOR('',#1803,1.0);
#1801=VECTOR('',#1804,1.0);
#1802=VECTOR('',#1805,1.0);
#1803=DIRECTION('',(0.9949755483582676,-0.10011822096484103,0));
#1804=DIRECTION('',(0.9949760268891781,0.10011346520736081,0));
#1805=DIRECTION('',(-1,0,0));
#1806=FACE_SURFACE('',(#1811),#1807,.T.);
#1807=PLANE('',#1808);
#1808=AXIS2_PLACEMENT_3D('',#52,#1809,#1810);
#1809=DIRECTION('',(0,0,1));
#1810=DIRECTION('',(0.9548227111597524,0.29717602570453083,0));
#1811=FACE_BOUND('',#1812,.T.);
#1812=EDGE_LOOP('',(#1813,#1814,#1815));
#1813=ORIENTED_EDGE('',*,*,#1816,.T.);
#1814=ORIENTED_EDGE('',*,*,#1817,.T.);
#1815=ORIENTED_EDGE('',*,*,#1818,.T.);
#1816=EDGE_CURVE('',#53,#177,#1819,.F.);
#1817=EDGE_CURVE('',#177,#179,#1820,.T.);
#1818=EDGE_CURVE('',#179,#53,#1821,.T.);
#1819=LINE('',#52,#1822);
#1820=LINE('',#176,#1823);
#1821=LINE('',#178,#1824);
#1822=VECTOR('',#1825,1.0);
#1823=VECTOR('',#1826,1.0);
#1824=VECTOR('',#1827,1.0);
#1825=DIRECTION('',(0.9548227111597524,0.29717602570453083,0));
#1826=DIRECTION('',(0.8828589036792672,0.4696383248780302,0));
#1827=DIRECTION('',(-0.9227005909957612,-0.3855173399162129,0));
#1828=FACE_SURFACE('',(#1833),#1829,.T.);
#1829=PLANE('',#1830);
#1830=AXIS2_PLACEMENT_3D('',#178,#1831,#1832);
#1831=DIRECTION('',(0,0,1));
#1832=DIRECTION('',(0.7784190790194558,0.6277449620813392,0));
#1833=FACE_BOUND('',#1834,.T.);
#1834=EDGE_LOOP('',(#1835,#1836,#1837));
#1835=ORIENTED_EDGE('',*,*,#1838,.T.);
#1836=ORIENTED_EDGE('',*,*,#1839,.T.);
#1837=ORIENTED_EDGE('',*,*,#1840,.T.);
#1838=EDGE_CURVE('',#179,#181,#1841,.F.);
#1839=EDGE_CURVE('',#181,#183,#1842,.T.);
#1840=EDGE_CURVE('',#183,#179,#1843,.T.);
#1841=LINE('',#178,#1844);
#1842=LINE('',#180,#1845);
#1843=LINE('',#182,#1846);
#1844=VECTOR('',#1847,1.0);
#1845=VECTOR('',#1848,1.0);
#1846=VECTOR('',#1849,1.0);
#1847=DIRECTION('',(0.7784190790194558,0.6277449620813392,0));
#1848=DIRECTION('',(0.6308208970020709,0.7759284734468137,0));
#1849=DIRECTION('',(-0.708686040086506,-0.7055239872509702,0));
#1850=FACE_SURFACE('',(#1855),#1851,.T.);
#1851=PLANE('',#1852);
#1852=AXIS2_PLACEMENT_3D('',#182,#1853,#1854);
#1853=DIRECTION('',(0,0,1));
#1854=DIRECTION('',(0.4699166724026878,0.8827107799262367,0));
#1855=FACE_BOUND('',#1856,.T.);
#1856=EDGE_LOOP('',(#1857,#1858,#1859));
#1857=ORIENTED_EDGE('',*,*,#1860,.T.);
#1858=ORIENTED_EDGE('',*,*,#1861,.T.);
#1859=ORIENTED_EDGE('',*,*,#1862,.T.);
#1860=EDGE_CURVE('',#183,#71,#1863,.F.);
#1861=EDGE_CURVE('',#71,#69,#1864,.T.);
#1862=EDGE_CURVE('',#69,#183,#1865,.T.);
#1863=LINE('',#182,#1866);
#1864=LINE('',#70,#1867);
#1865=LINE('',#68,#1868);
#1866=VECTOR('',#1869,1.0);
#1867=VECTOR('',#1870,1.0);
#1868=VECTOR('',#1871,1.0);
#1869=DIRECTION('',(0.4699166724026878,0.8827107799262367,0));
#1870=DIRECTION('',(0.2936738276304885,0.9559056872750878,0));
#1871=DIRECTION('',(-0.3828236161485706,-0.9238214540261186,0));
#1872=FACE_SURFACE('',(#1877),#1873,.T.);
#1873=PLANE('',#1874);
#1874=AXIS2_PLACEMENT_3D('',#68,#1875,#1876);
#1875=DIRECTION('',(0,0,1));
#1876=DIRECTION('',(0.10011822096484103,0.9949755483582676,0));
#1877=FACE_BOUND('',#1878,.T.);
#1878=EDGE_LOOP('',(#1879,#1880,#1881));
#1879=ORIENTED_EDGE('',*,*,#1882,.T.);
#1880=ORIENTED_EDGE('',*,*,#1883,.T.);
#1881=ORIENTED_EDGE('',*,*,#1884,.T.);
#1882=EDGE_CURVE('',#69,#185,#1885,.F.);
#1883=EDGE_CURVE('',#185,#131,#1886,.T.);
#1884=EDGE_CURVE('',#131,#69,#1887,.T.);
#1885=LINE('',#68,#1888);
#1886=LINE('',#184,#1889);
#1887=LINE('',#130,#1890);
#1888=VECTOR('',#1891,1.0);
#1889=VECTOR('',#1892,1.0);
#1890=VECTOR('',#1893,1.0);
#1891=DIRECTION('',(0.10011822096484103,0.9949755483582676,0));
#1892=DIRECTION('',(-0.10137503500316813,0.9948482810349055,0));
#1893=DIRECTION('',(0,-1,0));
#1894=FACE_SURFACE('',(#1899),#1895,.T.);
#1895=PLANE('',#1896);
#1896=AXIS2_PLACEMENT_3D('',#130,#1897,#1898);
#1897=DIRECTION('',(0,0,1));
#1898=DIRECTION('',(-0.38059892889305935,0.9247402096402296,0));
#1899=FACE_BOUND('',#1900,.T.);
#1900=EDGE_LOOP('',(#1901,#1902,#1903));
#1901=ORIENTED_EDGE('',*,*,#1904,.T.);
#1902=ORIENTED_EDGE('',*,*,#1905,.T.);
#1903=ORIENTED_EDGE('',*,*,#1906,.T.);
#1904=EDGE_CURVE('',#131,#135,#1907,.F.);
#1905=EDGE_CURVE('',#135,#139,#1908,.T.);
#1906=EDGE_CURVE('',#139,#131,#1909,.T.);
#1907=LINE('',#130,#1910);
#1908=LINE('',#134,#1911);
#1909=LINE('',#138,#1912);
#1910=VECTOR('',#1913,1.0);
#1911=VECTOR('',#1914,1.0);
#1912=VECTOR('',#1915,1.0);
#1913=DIRECTION('',(-0.38059892889305935,0.9247402096402296,0));
#1914=DIRECTION('',(-0.7071067811865476,0.7071067811865476,0));
#1915=DIRECTION('',(0.5543323850434716,-0.8322953843990823,0));
#1916=FACE_SURFACE('',(#1921),#1917,.T.);
#1917=PLANE('',#1918);
#1918=AXIS2_PLACEMENT_3D('',#138,#1919,#1920);
#1919=DIRECTION('',(0,0,1));
#1920=DIRECTION('',(-0.926058146917444,0.37738085341976446,0));
#1921=FACE_BOUND('',#1922,.T.);
#1922=EDGE_LOOP('',(#1923,#1924,#1925));
#1923=ORIENTED_EDGE('',*,*,#1926,.T.);
#1924=ORIENTED_EDGE('',*,*,#1927,.T.);
#1925=ORIENTED_EDGE('',*,*,#1928,.T.);
#1926=EDGE_CURVE('',#139,#143,#1929,.F.);
#1927=EDGE_CURVE('',#143,#147,#1930,.T.);
#1928=EDGE_CURVE('',#147,#139,#1931,.T.);
#1929=LINE('',#138,#1932);
#1930=LINE('',#142,#1933);
#1931=LINE('',#146,#1934);
#1932=VECTOR('',#1935,1.0);
#1933=VECTOR('',#1936,1.0);
#1934=VECTOR('',#1937,1.0);
#1935=DIRECTION('',(-0.926058146917444,0.37738085341976446,0));
#1936=DIRECTION('',(-1,0,0));
#1937=DIRECTION('',(0.9814998909355408,-0.19146269634976232,0));
#1938=FACE_SURFACE('',(#1943),#1939,.T.);
#1939=PLANE('',#1940);
#1940=AXIS2_PLACEMENT_3D('',#146,#1941,#1942);
#1941=DIRECTION('',(0,0,1));
#1942=DIRECTION('',(-0.926058146917444,-0.37738085341976446,0));
#1943=FACE_BOUND('',#1944,.T.);
#1944=EDGE_LOOP('',(#1945,#1946,#1947));
#1945=ORIENTED_EDGE('',*,*,#1948,.T.);
#1946=ORIENTED_EDGE('',*,*,#1949,.T.);
#1947=ORIENTED_EDGE('',*,*,#1950,.T.);
#1948=EDGE_CURVE('',#147,#151,#1951,.F.);
#1949=EDGE_CURVE('',#151,#155,#1952,.T.);
#1950=EDGE_CURVE('',#155,#147,#1953,.T.);
#1951=LINE('',#146,#1954);
#1952=LINE('',#150,#1955);
#1953=LINE('',#154,#1956);
#1954=VECTOR('',#1957,1.0);
#1955=VECTOR('',#1958,1.0);
#1956=VECTOR('',#1959,1.0);
#1957=DIRECTION('',(-0.926058146917444,-0.37738085341976446,0));
#1958=DIRECTION('',(-0.7071067811865476,-0.7071067811865476,0));
#1959=DIRECTION('',(0.8327992373680938,0.553575135134447,0));
#1960=FACE_SURFACE('',(#1965),#1961,.T.);
#1961=PLANE('',#1962);
#1962=AXIS2_PLACEMENT_3D('',#154,#1963,#1964);
#1963=DIRECTION('',(0,0,1));
#1964=DIRECTION('',(-0.38059892889305935,-0.9247402096402296,0));
#1965=FACE_BOUND('',#1966,.T.);
#1966=EDGE_LOOP('',(#1967,#1968,#1969));
#1967=ORIENTED_EDGE('',*,*,#1970,.T.);
#1968=ORIENTED_EDGE('',*,*,#1971,.T.);
#1969=ORIENTED_EDGE('',*,*,#1972,.T.);
#1970=EDGE_CURVE('',#155,#159,#1973,.F.);
#1971=EDGE_CURVE('',#159,#163,#1974,.T.);
#1972=EDGE_CURVE('',#163,#155,#1975,.T.);
#1973=LINE('',#154,#1976);
#1974=LINE('',#158,#1977);
#1975=LINE('',#162,#1978);
#1976=VECTOR('',#1979,1.0);
#1977=VECTOR('',#1980,1.0);
#1978=VECTOR('',#1981,1.0);
#1979=DIRECTION('',(-0.38059892889305935,-0.9247402096402296,0));
#1980=DIRECTION('',(0,-1,0));
#1981=DIRECTION('',(0.19457293595314795,0.9808880530389654,0));
#1982=FACE_SURFACE('',(#1987),#1983,.T.);
#1983=PLANE('',#1984);
#1984=AXIS2_PLACEMENT_3D('',#162,#1985,#1986);
#1985=DIRECTION('',(0,0,1));
#1986=DIRECTION('',(0.3828236161485706,-0.9238214540261186,0));
#1987=FACE_BOUND('',#1988,.T.);
#1988=EDGE_LOOP('',(#1989,#1990,#1991));
#1989=ORIENTED_EDGE('',*,*,#1992,.T.);
#1990=ORIENTED_EDGE('',*,*,#1993,.T.);
#1991=ORIENTED_EDGE('',*,*,#1994,.T.);
#1992=EDGE_CURVE('',#163,#167,#1995,.F.);
#1993=EDGE_CURVE('',#167,#171,#1996,.T.);
#1994=EDGE_CURVE('',#171,#163,#1997,.T.);
#1995=LINE('',#162,#1998);
#1996=LINE('',#166,#1999);
#1997=LINE('',#170,#2000);
#1998=VECTOR('',#2001,1.0);
#1999=VECTOR('',#2002,1.0);
#2000=VECTOR('',#2003,1.0);
#2001=DIRECTION('',(0.3828236161485706,-0.9238214540261186,0));
#2002=DIRECTION('',(0.708686040086506,-0.7055239872509702,0));
#2003=DIRECTION('',(-0.5565620280999728,0.8308060597258815,0));
#2004=FACE_SURFACE('',(#2009),#2005,.T.);
#2005=PLANE('',#2006);
#2006=AXIS2_PLACEMENT_3D('',#170,#2007,#2008);
#2007=DIRECTION('',(0,0,1));
#2008=DIRECTION('',(0.9227005909957612,-0.3855173399162129,0));
#2009=FACE_BOUND('',#2010,.T.);
#2010=EDGE_LOOP('',(#2011,#2012,#2013));
#2011=ORIENTED_EDGE('',*,*,#2014,.T.);
#2012=ORIENTED_EDGE('',*,*,#2015,.T.);
#2013=ORIENTED_EDGE('',*,*,#2016,.T.);
#2014=EDGE_CURVE('',#171,#175,#2017,.F.);
#2015=EDGE_CURVE('',#175,#53,#2018,.T.);
#2016=EDGE_CURVE('',#53,#171,#2019,.T.);
#2017=LINE('',#170,#2020);
#2018=LINE('',#174,#2021);
#2019=LINE('',#52,#2022);
#2020=VECTOR('',#2023,1.0);
#2021=VECTOR('',#2024,1.0);
#2022=VECTOR('',#2025,1.0);
#2023=DIRECTION('',(0.9227005909957612,-0.3855173399162129,0));
#2024=DIRECTION('',(1,0,0));
#2025=DIRECTION('',(-0.9805802039840635,0.1961184936577177,0));
#2026=FACE_SURFACE('',(#2031),#2027,.T.);
#2027=PLANE('',#2028);
#2028=AXIS2_PLACEMENT_3D('',#52,#2029,#2030);
#2029=DIRECTION('',(0,0,1));
#2030=DIRECTION('',(0.9227005909957612,0.3855173399162129,0));
#2031=FACE_BOUND('',#2032,.T.);
#2032=EDGE_LOOP('',(#2033,#2034,#2035));
#2033=ORIENTED_EDGE('',*,*,#2036,.T.);
#2034=ORIENTED_EDGE('',*,*,#2037,.T.);
#2035=ORIENTED_EDGE('',*,*,#2038,.T.);
#2036=EDGE_CURVE('',#53,#179,#2039,.F.);
#2037=EDGE_CURVE('',#179,#183,#2040,.T.);
#2038=EDGE_CURVE('',#183,#53,#2041,.T.);
#2039=LINE('',#52,#2042);
#2040=LINE('',#178,#2043);
#2041=LINE('',#182,#2044);
#2042=VECTOR('',#2045,1.0);
#2043=VECTOR('',#2046,1.0);
#2044=VECTOR('',#2047,1.0);
#2045=DIRECTION('',(0.9227005909957612,0.3855173399162129,0));
#2046=DIRECTION('',(0.708686040086506,0.7055239872509702,0));
#2047=DIRECTION('',(-0.831304495648267,-0.5558172680971513,0));
#2048=FACE_SURFACE('',(#2053),#2049,.T.);
#2049=PLANE('',#2050);
#2050=AXIS2_PLACEMENT_3D('',#182,#2051,#2052);
#2051=DIRECTION('',(0,0,1));
#2052=DIRECTION('',(0.3828236161485706,0.9238214540261186,0));
#2053=FACE_BOUND('',#2054,.T.);
#2054=EDGE_LOOP('',(#2055,#2056,#2057));
#2055=ORIENTED_EDGE('',*,*,#2058,.T.);
#2056=ORIENTED_EDGE('',*,*,#2059,.T.);
#2057=ORIENTED_EDGE('',*,*,#2060,.T.);
#2058=EDGE_CURVE('',#183,#69,#2061,.F.);
#2059=EDGE_CURVE('',#69,#131,#2062,.T.);
#2060=EDGE_CURVE('',#131,#183,#2063,.T.);
#2061=LINE('',#182,#2064);
#2062=LINE('',#68,#2065);
#2063=LINE('',#130,#2066);
#2064=VECTOR('',#2067,1.0);
#2065=VECTOR('',#2068,1.0);
#2066=VECTOR('',#2069,1.0);
#2067=DIRECTION('',(0.3828236161485706,0.9238214540261186,0));
#2068=DIRECTION('',(0,1,0));
#2069=DIRECTION('',(-0.19518829235768864,-0.9807657878038413,0));
#2070=FACE_SURFACE('',(#2075),#2071,.T.);
#2071=PLANE('',#2072);
#2072=AXIS2_PLACEMENT_3D('',#130,#2073,#2074);
#2073=DIRECTION('',(0,0,1));
#2074=DIRECTION('',(-0.5543323850434716,0.8322953843990823,0));
#2075=FACE_BOUND('',#2076,.T.);
#2076=EDGE_LOOP('',(#2077,#2078,#2079));
#2077=ORIENTED_EDGE('',*,*,#2080,.T.);
#2078=ORIENTED_EDGE('',*,*,#2081,.T.);
#2079=ORIENTED_EDGE('',*,*,#2082,.T.);
#2080=EDGE_CURVE('',#131,#139,#2083,.F.);
#2081=EDGE_CURVE('',#139,#147,#2084,.T.);
#2082=EDGE_CURVE('',#147,#131,#2085,.T.);
#2083=LINE('',#130,#2086);
#2084=LINE('',#138,#2087);
#2085=LINE('',#146,#2088);
#2086=VECTOR('',#2089,1.0);
#2087=VECTOR('',#2090,1.0);
#2088=VECTOR('',#2091,1.0);
#2089=DIRECTION('',(-0.5543323850434716,0.8322953843990823,0));
#2090=DIRECTION('',(-0.9814998909355408,0.19146269634976232,0));
#2091=DIRECTION('',(0.8319201610664992,-0.5548953465394083,0));
#2092=FACE_SURFACE('',(#2097),#2093,.T.);
#2093=PLANE('',#2094);
#2094=AXIS2_PLACEMENT_3D('',#146,#2095,#2096);
#2095=DIRECTION('',(0,0,1));
#2096=DIRECTION('',(-0.8327992373680938,-0.553575135134447,0));
#2097=FACE_BOUND('',#2098,.T.);
#2098=EDGE_LOOP('',(#2099,#2100,#2101));
#2099=ORIENTED_EDGE('',*,*,#2102,.T.);
#2100=ORIENTED_EDGE('',*,*,#2103,.T.);
#2101=ORIENTED_EDGE('',*,*,#2104,.T.);
#2102=EDGE_CURVE('',#147,#155,#2105,.F.);
#2103=EDGE_CURVE('',#155,#163,#2106,.T.);
#2104=EDGE_CURVE('',#163,#147,#2107,.T.);
#2105=LINE('',#146,#2108);
#2106=LINE('',#154,#2109);
#2107=LINE('',#162,#2110);
#2108=VECTOR('',#2111,1.0);
#2109=VECTOR('',#2112,1.0);
#2110=VECTOR('',#2113,1.0);
#2111=DIRECTION('',(-0.8327992373680938,-0.553575135134447,0));
#2112=DIRECTION('',(-0.19457293595314795,-0.9808880530389654,0));
#2113=DIRECTION('',(0.5557096717832553,0.8313764253853646,0));
#2114=FACE_SURFACE('',(#2119),#2115,.T.);
#2115=PLANE('',#2116);
#2116=AXIS2_PLACEMENT_3D('',#162,#2117,#2118);
#2117=DIRECTION('',(0,0,1));
#2118=DIRECTION('',(0.5565620280999728,-0.8308060597258815,0));
#2119=FACE_BOUND('',#2120,.T.);
#2120=EDGE_LOOP('',(#2121,#2122,#2123));
#2121=ORIENTED_EDGE('',*,*,#2124,.T.);
#2122=ORIENTED_EDGE('',*,*,#2125,.T.);
#2123=ORIENTED_EDGE('',*,*,#2126,.T.);
#2124=EDGE_CURVE('',#163,#171,#2127,.F.);
#2125=EDGE_CURVE('',#171,#53,#2128,.T.);
#2126=EDGE_CURVE('',#53,#163,#2129,.T.);
#2127=LINE('',#162,#2130);
#2128=LINE('',#170,#2131);
#2129=LINE('',#52,#2132);
#2130=VECTOR('',#2133,1.0);
#2131=VECTOR('',#2134,1.0);
#2132=VECTOR('',#2135,1.0);
#2133=DIRECTION('',(0.5565620280999728,-0.8308060597258815,0));
#2134=DIRECTION('',(0.9805802039840635,-0.1961184936577177,0));
#2135=DIRECTION('',(-0.8319163260210805,0.5549010961419949,0));
#2136=FACE_SURFACE('',(#2141),#2137,.T.);
#2137=PLANE('',#2138);
#2138=AXIS2_PLACEMENT_3D('',#52,#2139,#2140);
#2139=DIRECTION('',(0,0,1));
#2140=DIRECTION('',(0.831304495648267,0.5558172680971513,0));
#2141=FACE_BOUND('',#2142,.T.);
#2142=EDGE_LOOP('',(#2143,#2144,#2145));
#2143=ORIENTED_EDGE('',*,*,#2146,.T.);
#2144=ORIENTED_EDGE('',*,*,#2147,.T.);
#2145=ORIENTED_EDGE('',*,*,#2148,.T.);
#2146=EDGE_CURVE('',#53,#183,#2149,.F.);
#2147=EDGE_CURVE('',#183,#131,#2150,.T.);
#2148=EDGE_CURVE('',#131,#53,#2151,.T.);
#2149=LINE('',#52,#2152);
#2150=LINE('',#182,#2153);
#2151=LINE('',#130,#2154);
#2152=VECTOR('',#2155,1.0);
#2153=VECTOR('',#2156,1.0);
#2154=VECTOR('',#2157,1.0);
#2155=DIRECTION('',(0.831304495648267,0.5558172680971513,0));
#2156=DIRECTION('',(0.19518829235768864,0.9807657878038413,0));
#2157=DIRECTION('',(-0.5557058280677956,-0.8313789945936124,0));
#2158=FACE_SURFACE('',(#2163),#2159,.T.);
#2159=PLANE('',#2160);
#2160=AXIS2_PLACEMENT_3D('',#130,#2161,#2162);
#2161=DIRECTION('',(0,0,1));
#2162=DIRECTION('',(-0.8319201610664992,0.5548953465394083,0));
#2163=FACE_BOUND('',#2164,.T.);
#2164=EDGE_LOOP('',(#2165,#2166,#2167));
#2165=ORIENTED_EDGE('',*,*,#2168,.T.);
#2166=ORIENTED_EDGE('',*,*,#2169,.T.);
#2167=ORIENTED_EDGE('',*,*,#2170,.T.);
#2168=EDGE_CURVE('',#131,#147,#2171,.F.);
#2169=EDGE_CURVE('',#147,#163,#2172,.T.);
#2170=EDGE_CURVE('',#163,#131,#2173,.T.);
#2171=LINE('',#130,#2174);
#2172=LINE('',#146,#2175);
#2173=LINE('',#162,#2176);
#2174=VECTOR('',#2177,1.0);
#2175=VECTOR('',#2178,1.0);
#2176=VECTOR('',#2179,1.0);
#2177=DIRECTION('',(-0.8319201610664992,0.5548953465394083,0));
#2178=DIRECTION('',(-0.5557096717832553,-0.8313764253853646,0));
#2179=DIRECTION('',(0.9808638526226293,0.19469489623072495,0));
#2180=FACE_SURFACE('',(#2185),#2181,.T.);
#2181=PLANE('',#2182);
#2182=AXIS2_PLACEMENT_3D('',#162,#2183,#2184);
#2183=DIRECTION('',(-0,0,1));
#2184=DIRECTION('',(0.8319163260210805,-0.5549010961419949,0));
#2185=FACE_BOUND('',#2186,.T.);
#2186=EDGE_LOOP('',(#2187,#2188,#2189));
#2187=ORIENTED_EDGE('',*,*,#2190,.T.);
#2188=ORIENTED_EDGE('',*,*,#2191,.T.);
#2189=ORIENTED_EDGE('',*,*,#2192,.T.);
#2190=EDGE_CURVE('',#163,#53,#2193,.F.);
#2191=EDGE_CURVE('',#53,#131,#2194,.T.);
#2192=EDGE_CURVE('',#131,#163,#2195,.T.);
#2193=LINE('',#162,#2196);
#2194=LINE('',#52,#2197);
#2195=LINE('',#130,#2198);
#2196=VECTOR('',#2199,1.0);
#2197=VECTOR('',#2200,1.0);
#2198=VECTOR('',#2201,1.0);
#2199=DIRECTION('',(0.8319163260210805,-0.5549010961419949,0));
#2200=DIRECTION('',(0.5557058280677956,0.8313789945936124,0));
#2201=DIRECTION('',(-0.9808638526226293,-0.19469489623072495,0));
#2202=FACE_SURFACE('',(#2207),#2203,.T.);
#2203=PLANE('',#2204);
#2204=AXIS2_PLACEMENT_3D('',#138,#2205,#2206);
#2205=DIRECTION('',(-0.6352591113001926,-0.7722990751710697,0));
#2206=DIRECTION('',(0.7722990751710697,-0.6352591113001925,0));
#2207=FACE_BOUND('',#2208,.T.);
#2208=EDGE_LOOP('',(#2209,#2210,#2211));
#2209=ORIENTED_EDGE('',*,*,#2212,.T.);
#2210=ORIENTED_EDGE('',*,*,#2213,.T.);
#2211=ORIENTED_EDGE('',*,*,#2214,.T.);
#2212=EDGE_CURVE('',#139,#137,#2215,.F.);
#2213=EDGE_CURVE('',#137,#187,#2216,.T.);
#2214=EDGE_CURVE('',#187,#139,#2217,.T.);
#2215=LINE('',#138,#2218);
#2216=LINE('',#136,#2219);
#2217=LINE('',#186,#2220);
#2218=VECTOR('',#2221,1.0);
#2219=VECTOR('',#2222,1.0);
#2220=VECTOR('',#2223,1.0);
#2221=DIRECTION('',(0.7722990751710697,-0.6352591113001925,0));
#2222=DIRECTION('',(0,0,1));
#2223=DIRECTION('',(-0.02918819889398781,0.024008923338074386,-0.9992855551069831));
#2224=FACE_SURFACE('',(#2229),#2225,.T.);
#2225=PLANE('',#2226);
#2226=AXIS2_PLACEMENT_3D('',#138,#2227,#2228);
#2227=DIRECTION('',(-0.6352591113001926,-0.7722990751710697,0));
#2228=DIRECTION('',(0.02918819889398781,-0.024008923338074386,0.9992855551069831));
#2229=FACE_BOUND('',#2230,.T.);
#2230=EDGE_LOOP('',(#2231,#2232,#2233));
#2231=ORIENTED_EDGE('',*,*,#2234,.T.);
#2232=ORIENTED_EDGE('',*,*,#2235,.T.);
#2233=ORIENTED_EDGE('',*,*,#2236,.T.);
#2234=EDGE_CURVE('',#139,#187,#2237,.F.);
#2235=EDGE_CURVE('',#187,#189,#2238,.T.);
#2236=EDGE_CURVE('',#189,#139,#2239,.T.);
#2237=LINE('',#138,#2240);
#2238=LINE('',#186,#2241);
#2239=LINE('',#188,#2242);
#2240=VECTOR('',#2243,1.0);
#2241=VECTOR('',#2244,1.0);
#2242=VECTOR('',#2245,1.0);
#2243=DIRECTION('',(0.02918819889398781,-0.024008923338074386,0.9992855551069831));
#2244=DIRECTION('',(-0.7722990751710697,0.6352591113001925,0));
#2245=DIRECTION('',(0,0,-1));
#2246=FACE_SURFACE('',(#2251),#2247,.T.);
#2247=PLANE('',#2248);
#2248=AXIS2_PLACEMENT_3D('',#140,#2249,#2250);
#2249=DIRECTION('',(-0.46470149524866,-0.885467402174501,0));
#2250=DIRECTION('',(0.885467402174501,-0.46470149524866,0));
#2251=FACE_BOUND('',#2252,.T.);
#2252=EDGE_LOOP('',(#2253,#2254,#2255));
#2253=ORIENTED_EDGE('',*,*,#2256,.T.);
#2254=ORIENTED_EDGE('',*,*,#2257,.T.);
#2255=ORIENTED_EDGE('',*,*,#2258,.T.);
#2256=EDGE_CURVE('',#141,#139,#2259,.F.);
#2257=EDGE_CURVE('',#139,#189,#2260,.T.);
#2258=EDGE_CURVE('',#189,#141,#2261,.T.);
#2259=LINE('',#140,#2262);
#2260=LINE('',#138,#2263);
#2261=LINE('',#188,#2264);
#2262=VECTOR('',#2265,1.0);
#2263=VECTOR('',#2266,1.0);
#2264=VECTOR('',#2267,1.0);
#2265=DIRECTION('',(0.885467402174501,-0.46470149524866,0));
#2266=DIRECTION('',(0,0,1));
#2267=DIRECTION('',(-0.033189776022117506,0.017418301912153978,-0.9992972738510291));
#2268=FACE_SURFACE('',(#2273),#2269,.T.);
#2269=PLANE('',#2270);
#2270=AXIS2_PLACEMENT_3D('',#140,#2271,#2272);
#2271=DIRECTION('',(-0.46470149524866,-0.885467402174501,0));
#2272=DIRECTION('',(0.033189776022117506,-0.017418301912153978,0.9992972738510291));
#2273=FACE_BOUND('',#2274,.T.);
#2274=EDGE_LOOP('',(#2275,#2276,#2277));
#2275=ORIENTED_EDGE('',*,*,#2278,.T.);
#2276=ORIENTED_EDGE('',*,*,#2279,.T.);
#2277=ORIENTED_EDGE('',*,*,#2280,.T.);
#2278=EDGE_CURVE('',#141,#189,#2281,.F.);
#2279=EDGE_CURVE('',#189,#191,#2282,.T.);
#2280=EDGE_CURVE('',#191,#141,#2283,.T.);
#2281=LINE('',#140,#2284);
#2282=LINE('',#188,#2285);
#2283=LINE('',#190,#2286);
#2284=VECTOR('',#2287,1.0);
#2285=VECTOR('',#2288,1.0);
#2286=VECTOR('',#2289,1.0);
#2287=DIRECTION('',(0.033189776022117506,-0.017418301912153978,0.9992972738510291));
#2288=DIRECTION('',(-0.885467402174501,0.46470149524866,0));
#2289=DIRECTION('',(0,0,-1));
#2290=FACE_SURFACE('',(#2295),#2291,.T.);
#2291=PLANE('',#2292);
#2292=AXIS2_PLACEMENT_3D('',#192,#2293,#2294);
#2293=DIRECTION('',(-0.46963832487803026,0.8828589036792673,0));
#2294=DIRECTION('',(0,0,-1));
#2295=FACE_BOUND('',#2296,.T.);
#2296=EDGE_LOOP('',(#2297,#2298,#2299));
#2297=ORIENTED_EDGE('',*,*,#2300,.T.);
#2298=ORIENTED_EDGE('',*,*,#2301,.T.);
#2299=ORIENTED_EDGE('',*,*,#2302,.T.);
#2300=EDGE_CURVE('',#193,#179,#2303,.F.);
#2301=EDGE_CURVE('',#179,#177,#2304,.T.);
#2302=EDGE_CURVE('',#177,#193,#2305,.T.);
#2303=LINE('',#192,#2306);
#2304=LINE('',#178,#2307);
#2305=LINE('',#176,#2308);
#2306=VECTOR('',#2309,1.0);
#2307=VECTOR('',#2310,1.0);
#2308=VECTOR('',#2311,1.0);
#2309=DIRECTION('',(0,0,-1));
#2310=DIRECTION('',(-0.8828589036792672,-0.4696383248780302,0));
#2311=DIRECTION('',(0.03318963804549764,0.017655285516221378,0.9992931195699036));
#2312=FACE_SURFACE('',(#2317),#2313,.T.);
#2313=PLANE('',#2314);
#2314=AXIS2_PLACEMENT_3D('',#192,#2315,#2316);
#2315=DIRECTION('',(-0.46963832487803026,0.8828589036792673,0));
#2316=DIRECTION('',(-0.03318963804549764,-0.017655285516221378,-0.9992931195699036));
#2317=FACE_BOUND('',#2318,.T.);
#2318=EDGE_LOOP('',(#2319,#2320,#2321));
#2319=ORIENTED_EDGE('',*,*,#2322,.T.);
#2320=ORIENTED_EDGE('',*,*,#2323,.T.);
#2321=ORIENTED_EDGE('',*,*,#2324,.T.);
#2322=EDGE_CURVE('',#193,#177,#2325,.F.);
#2323=EDGE_CURVE('',#177,#195,#2326,.T.);
#2324=EDGE_CURVE('',#195,#193,#2327,.T.);
#2325=LINE('',#192,#2328);
#2326=LINE('',#176,#2329);
#2327=LINE('',#194,#2330);
#2328=VECTOR('',#2331,1.0);
#2329=VECTOR('',#2332,1.0);
#2330=VECTOR('',#2333,1.0);
#2331=DIRECTION('',(-0.03318963804549764,-0.017655285516221378,-0.9992931195699036));
#2332=DIRECTION('',(0,0,1));
#2333=DIRECTION('',(0.8828589036792672,0.4696383248780302,0));
#2334=FACE_SURFACE('',(#2339),#2335,.T.);
#2335=PLANE('',#2336);
#2336=AXIS2_PLACEMENT_3D('',#152,#2337,#2338);
#2337=DIRECTION('',(0.6414058256647881,-0.7672017771116484,0));
#2338=DIRECTION('',(0.7672017771116484,0.6414058256647881,0));
#2339=FACE_BOUND('',#2340,.T.);
#2340=EDGE_LOOP('',(#2341,#2342,#2343));
#2341=ORIENTED_EDGE('',*,*,#2344,.T.);
#2342=ORIENTED_EDGE('',*,*,#2345,.T.);
#2343=ORIENTED_EDGE('',*,*,#2346,.T.);
#2344=EDGE_CURVE('',#153,#151,#2347,.F.);
#2345=EDGE_CURVE('',#151,#197,#2348,.T.);
#2346=EDGE_CURVE('',#197,#153,#2349,.T.);
#2347=LINE('',#152,#2350);
#2348=LINE('',#150,#2351);
#2349=LINE('',#196,#2352);
#2350=VECTOR('',#2353,1.0);
#2351=VECTOR('',#2354,1.0);
#2352=VECTOR('',#2355,1.0);
#2353=DIRECTION('',(0.7672017771116484,0.6414058256647881,0));
#2354=DIRECTION('',(0,0,1));
#2355=DIRECTION('',(-0.02871807340704954,-0.024009250414536006,-0.9992991684947603));
#2356=FACE_SURFACE('',(#2361),#2357,.T.);
#2357=PLANE('',#2358);
#2358=AXIS2_PLACEMENT_3D('',#152,#2359,#2360);
#2359=DIRECTION('',(0.6414058256647881,-0.7672017771116484,0));
#2360=DIRECTION('',(0.02871807340704954,0.024009250414536006,0.9992991684947603));
#2361=FACE_BOUND('',#2362,.T.);
#2362=EDGE_LOOP('',(#2363,#2364,#2365));
#2363=ORIENTED_EDGE('',*,*,#2366,.T.);
#2364=ORIENTED_EDGE('',*,*,#2367,.T.);
#2365=ORIENTED_EDGE('',*,*,#2368,.T.);
#2366=EDGE_CURVE('',#153,#197,#2369,.F.);
#2367=EDGE_CURVE('',#197,#199,#2370,.T.);
#2368=EDGE_CURVE('',#199,#153,#2371,.T.);
#2369=LINE('',#152,#2372);
#2370=LINE('',#196,#2373);
#2371=LINE('',#198,#2374);
#2372=VECTOR('',#2375,1.0);
#2373=VECTOR('',#2376,1.0);
#2374=VECTOR('',#2377,1.0);
#2375=DIRECTION('',(0.02871807340704954,0.024009250414536006,0.9992991684947603));
#2376=DIRECTION('',(-0.7672017771116484,-0.6414058256647881,0));
#2377=DIRECTION('',(0,0,-1));
#2378=FACE_SURFACE('',(#2383),#2379,.T.);
#2379=PLANE('',#2380);
#2380=AXIS2_PLACEMENT_3D('',#56,#2381,#2382);
#2381=DIRECTION('',(0.10011822096484103,0.9949755483582676,0));
#2382=DIRECTION('',(0,0,-1));
#2383=FACE_BOUND('',#2384,.T.);
#2384=EDGE_LOOP('',(#2385,#2386,#2387));
#2385=ORIENTED_EDGE('',*,*,#2388,.T.);
#2386=ORIENTED_EDGE('',*,*,#2389,.T.);
#2387=ORIENTED_EDGE('',*,*,#2390,.T.);
#2388=EDGE_CURVE('',#57,#55,#2391,.F.);
#2389=EDGE_CURVE('',#55,#175,#2392,.T.);
#2390=EDGE_CURVE('',#175,#57,#2393,.T.);
#2391=LINE('',#56,#2394);
#2392=LINE('',#54,#2395);
#2393=LINE('',#174,#2396);
#2394=VECTOR('',#2397,1.0);
#2395=VECTOR('',#2398,1.0);
#2396=VECTOR('',#2399,1.0);
#2397=DIRECTION('',(0,0,-1));
#2398=DIRECTION('',(-0.9949755483582676,0.10011822096484103,0));
#2399=DIRECTION('',(0.03742608577848808,-0.0037659549845244483,0.9992923024252492));
#2400=FACE_SURFACE('',(#2405),#2401,.T.);
#2401=PLANE('',#2402);
#2402=AXIS2_PLACEMENT_3D('',#56,#2403,#2404);
#2403=DIRECTION('',(0.10011822096484103,0.9949755483582676,0));
#2404=DIRECTION('',(-0.03742608577848808,0.0037659549845244483,-0.9992923024252492));
#2405=FACE_BOUND('',#2406,.T.);
#2406=EDGE_LOOP('',(#2407,#2408,#2409));
#2407=ORIENTED_EDGE('',*,*,#2410,.T.);
#2408=ORIENTED_EDGE('',*,*,#2411,.T.);
#2409=ORIENTED_EDGE('',*,*,#2412,.T.);
#2410=EDGE_CURVE('',#57,#175,#2413,.F.);
#2411=EDGE_CURVE('',#175,#201,#2414,.T.);
#2412=EDGE_CURVE('',#201,#57,#2415,.T.);
#2413=LINE('',#56,#2416);
#2414=LINE('',#174,#2417);
#2415=LINE('',#200,#2418);
#2416=VECTOR('',#2419,1.0);
#2417=VECTOR('',#2420,1.0);
#2418=VECTOR('',#2421,1.0);
#2419=DIRECTION('',(-0.03742608577848808,0.0037659549845244483,-0.9992923024252492));
#2420=DIRECTION('',(0,0,1));
#2421=DIRECTION('',(0.9949755483582676,-0.10011822096484103,0));
#2422=FACE_SURFACE('',(#2427),#2423,.T.);
#2423=PLANE('',#2424);
#2424=AXIS2_PLACEMENT_3D('',#72,#2425,#2426);
#2425=DIRECTION('',(-0.8827107799262366,0.46991667240268775,0));
#2426=DIRECTION('',(0,0,-1));
#2427=FACE_BOUND('',#2428,.T.);
#2428=EDGE_LOOP('',(#2429,#2430,#2431));
#2429=ORIENTED_EDGE('',*,*,#2432,.T.);
#2430=ORIENTED_EDGE('',*,*,#2433,.T.);
#2431=ORIENTED_EDGE('',*,*,#2434,.T.);
#2432=EDGE_CURVE('',#73,#71,#2435,.F.);
#2433=EDGE_CURVE('',#71,#183,#2436,.T.);
#2434=EDGE_CURVE('',#183,#73,#2437,.T.);
#2435=LINE('',#72,#2438);
#2436=LINE('',#70,#2439);
#2437=LINE('',#182,#2440);
#2438=VECTOR('',#2441,1.0);
#2439=VECTOR('',#2442,1.0);
#2440=VECTOR('',#2443,1.0);
#2441=DIRECTION('',(0,0,-1));
#2442=DIRECTION('',(-0.4699166724026878,-0.8827107799262367,0));
#2443=DIRECTION('',(0.017418572003695964,0.03271976114396708,0.9993127691468942));
#2444=FACE_SURFACE('',(#2449),#2445,.T.);
#2445=PLANE('',#2446);
#2446=AXIS2_PLACEMENT_3D('',#72,#2447,#2448);
#2447=DIRECTION('',(-0.8827107799262366,0.46991667240268775,0));
#2448=DIRECTION('',(-0.017418572003695964,-0.03271976114396708,-0.9993127691468942));
#2449=FACE_BOUND('',#2450,.T.);
#2450=EDGE_LOOP('',(#2451,#2452,#2453));
#2451=ORIENTED_EDGE('',*,*,#2454,.T.);
#2452=ORIENTED_EDGE('',*,*,#2455,.T.);
#2453=ORIENTED_EDGE('',*,*,#2456,.T.);
#2454=EDGE_CURVE('',#73,#183,#2457,.F.);
#2455=EDGE_CURVE('',#183,#203,#2458,.T.);
#2456=EDGE_CURVE('',#203,#73,#2459,.T.);
#2457=LINE('',#72,#2460);
#2458=LINE('',#182,#2461);
#2459=LINE('',#202,#2462);
#2460=VECTOR('',#2463,1.0);
#2461=VECTOR('',#2464,1.0);
#2462=VECTOR('',#2465,1.0);
#2463=DIRECTION('',(-0.017418572003695964,-0.03271976114396708,-0.9993127691468942));
#2464=DIRECTION('',(0,0,1));
#2465=DIRECTION('',(0.4699166724026878,0.8827107799262367,0));
#2466=FACE_SURFACE('',(#2471),#2467,.T.);
#2467=PLANE('',#2468);
#2468=AXIS2_PLACEMENT_3D('',#204,#2469,#2470);
#2469=DIRECTION('',(0.6363388011003075,0.7714097032149798,0));
#2470=DIRECTION('',(0.7714097032149798,-0.6363388011003075,0));
#2471=FACE_BOUND('',#2472,.T.);
#2472=EDGE_LOOP('',(#2473,#2474,#2475));
#2473=ORIENTED_EDGE('',*,*,#2476,.T.);
#2474=ORIENTED_EDGE('',*,*,#2477,.T.);
#2475=ORIENTED_EDGE('',*,*,#2478,.T.);
#2476=EDGE_CURVE('',#205,#207,#2479,.F.);
#2477=EDGE_CURVE('',#207,#209,#2480,.T.);
#2478=EDGE_CURVE('',#209,#205,#2481,.T.);
#2479=LINE('',#204,#2482);
#2480=LINE('',#206,#2483);
#2481=LINE('',#208,#2484);
#2482=VECTOR('',#2485,1.0);
#2483=VECTOR('',#2486,1.0);
#2484=VECTOR('',#2487,1.0);
#2485=DIRECTION('',(0.7714097032149798,-0.6363388011003075,0));
#2486=DIRECTION('',(0,0,-1));
#2487=DIRECTION('',(-0.015798602720821817,0.013032327532994646,0.9997902592999905));
#2488=FACE_SURFACE('',(#2493),#2489,.T.);
#2489=PLANE('',#2490);
#2490=AXIS2_PLACEMENT_3D('',#208,#2491,#2492);
#2491=DIRECTION('',(0.6363325373108667,0.771414870196002,0));
#2492=DIRECTION('',(-0.771414870196002,0.6363325373108667,0));
#2493=FACE_BOUND('',#2494,.T.);
#2494=EDGE_LOOP('',(#2495,#2496,#2497));
#2495=ORIENTED_EDGE('',*,*,#2498,.T.);
#2496=ORIENTED_EDGE('',*,*,#2499,.T.);
#2497=ORIENTED_EDGE('',*,*,#2500,.T.);
#2498=EDGE_CURVE('',#209,#211,#2501,.F.);
#2499=EDGE_CURVE('',#211,#213,#2502,.T.);
#2500=EDGE_CURVE('',#213,#209,#2503,.T.);
#2501=LINE('',#208,#2504);
#2502=LINE('',#210,#2505);
#2503=LINE('',#212,#2506);
#2504=VECTOR('',#2507,1.0);
#2505=VECTOR('',#2508,1.0);
#2506=VECTOR('',#2509,1.0);
#2507=DIRECTION('',(-0.771414870196002,0.6363325373108667,0));
#2508=DIRECTION('',(0,0,1));
#2509=DIRECTION('',(0.053767599706105826,-0.04435236403649852,-0.9975679991991614));
#2510=FACE_SURFACE('',(#2515),#2511,.T.);
#2511=PLANE('',#2512);
#2512=AXIS2_PLACEMENT_3D('',#208,#2513,#2514);
#2513=DIRECTION('',(0.6363299391561306,0.7714170133808951,-2.3532416896888528E-07));
#2514=DIRECTION('',(-0.053767599706105826,0.04435236403649852,0.9975679991991614));
#2515=FACE_BOUND('',#2516,.T.);
#2516=EDGE_LOOP('',(#2517,#2518,#2519));
#2517=ORIENTED_EDGE('',*,*,#2520,.T.);
#2518=ORIENTED_EDGE('',*,*,#2521,.T.);
#2519=ORIENTED_EDGE('',*,*,#2522,.T.);
#2520=EDGE_CURVE('',#209,#213,#2523,.F.);
#2521=EDGE_CURVE('',#213,#205,#2524,.T.);
#2522=EDGE_CURVE('',#205,#209,#2525,.T.);
#2523=LINE('',#208,#2526);
#2524=LINE('',#212,#2527);
#2525=LINE('',#204,#2528);
#2526=VECTOR('',#2529,1.0);
#2527=VECTOR('',#2530,1.0);
#2528=VECTOR('',#2531,1.0);
#2529=DIRECTION('',(-0.053767599706105826,0.04435236403649852,0.9975679991991614));
#2530=DIRECTION('',(0.7714170133809163,-0.6363299391561481,0));
#2531=DIRECTION('',(0.015798602720821817,-0.013032327532994646,-0.9997902592999905));
#2532=FACE_SURFACE('',(#2537),#2533,.T.);
#2533=PLANE('',#2534);
#2534=AXIS2_PLACEMENT_3D('',#214,#2535,#2536);
#2535=DIRECTION('',(-0.995641354442488,-0.09326464133811851,0));
#2536=DIRECTION('',(-0.0932646413381185,0.995641354442488,0));
#2537=FACE_BOUND('',#2538,.T.);
#2538=EDGE_LOOP('',(#2539,#2540,#2541));
#2539=ORIENTED_EDGE('',*,*,#2542,.T.);
#2540=ORIENTED_EDGE('',*,*,#2543,.T.);
#2541=ORIENTED_EDGE('',*,*,#2544,.T.);
#2542=EDGE_CURVE('',#215,#217,#2545,.F.);
#2543=EDGE_CURVE('',#217,#219,#2546,.T.);
#2544=EDGE_CURVE('',#219,#215,#2547,.T.);
#2545=LINE('',#214,#2548);
#2546=LINE('',#216,#2549);
#2547=LINE('',#218,#2550);
#2548=VECTOR('',#2551,1.0);
#2549=VECTOR('',#2552,1.0);
#2550=VECTOR('',#2553,1.0);
#2551=DIRECTION('',(-0.0932646413381185,0.995641354442488,0));
#2552=DIRECTION('',(0,0,-1));
#2553=DIRECTION('',(0.006486782935462397,-0.06924928091905415,0.997578297047075));
#2554=FACE_SURFACE('',(#2559),#2555,.T.);
#2555=PLANE('',#2556);
#2556=AXIS2_PLACEMENT_3D('',#214,#2557,#2558);
#2557=DIRECTION('',(-0.995641354442488,-0.09326464133811851,-0));
#2558=DIRECTION('',(-0.006486782935462397,0.06924928091905415,-0.997578297047075));
#2559=FACE_BOUND('',#2560,.T.);
#2560=EDGE_LOOP('',(#2561,#2562,#2563));
#2561=ORIENTED_EDGE('',*,*,#2564,.T.);
#2562=ORIENTED_EDGE('',*,*,#2565,.T.);
#2563=ORIENTED_EDGE('',*,*,#2566,.T.);
#2564=EDGE_CURVE('',#215,#219,#2567,.F.);
#2565=EDGE_CURVE('',#219,#221,#2568,.T.);
#2566=EDGE_CURVE('',#221,#215,#2569,.T.);
#2567=LINE('',#214,#2570);
#2568=LINE('',#218,#2571);
#2569=LINE('',#220,#2572);
#2570=VECTOR('',#2573,1.0);
#2571=VECTOR('',#2574,1.0);
#2572=VECTOR('',#2575,1.0);
#2573=DIRECTION('',(-0.006486782935462397,0.06924928091905415,-0.997578297047075));
#2574=DIRECTION('',(0.0932646413381185,-0.995641354442488,0));
#2575=DIRECTION('',(0,0,1));
#2576=FACE_SURFACE('',(#2581),#2577,.T.);
#2577=PLANE('',#2578);
#2578=AXIS2_PLACEMENT_3D('',#222,#2579,#2580);
#2579=DIRECTION('',(0.4710515354664002,-0.8821056914762238,0));
#2580=DIRECTION('',(0,0,1));
#2581=FACE_BOUND('',#2582,.T.);
#2582=EDGE_LOOP('',(#2583,#2584,#2585));
#2583=ORIENTED_EDGE('',*,*,#2586,.T.);
#2584=ORIENTED_EDGE('',*,*,#2587,.T.);
#2585=ORIENTED_EDGE('',*,*,#2588,.T.);
#2586=EDGE_CURVE('',#223,#225,#2589,.F.);
#2587=EDGE_CURVE('',#225,#227,#2590,.T.);
#2588=EDGE_CURVE('',#227,#223,#2591,.T.);
#2589=LINE('',#222,#2592);
#2590=LINE('',#224,#2593);
#2591=LINE('',#226,#2594);
#2592=VECTOR('',#2595,1.0);
#2593=VECTOR('',#2596,1.0);
#2594=VECTOR('',#2597,1.0);
#2595=DIRECTION('',(0,0,1));
#2596=DIRECTION('',(-0.8821056914762238,-0.4710515354664002,0));
#2597=DIRECTION('',(0.06150716726492022,0.03284532212216241,-0.9975660645740393));
#2598=FACE_SURFACE('',(#2603),#2599,.T.);
#2599=PLANE('',#2600);
#2600=AXIS2_PLACEMENT_3D('',#222,#2601,#2602);
#2601=DIRECTION('',(0.4710515354664002,-0.8821056914762238,0));
#2602=DIRECTION('',(-0.06150716726492022,-0.03284532212216241,0.9975660645740393));
#2603=FACE_BOUND('',#2604,.T.);
#2604=EDGE_LOOP('',(#2605,#2606,#2607));
#2605=ORIENTED_EDGE('',*,*,#2608,.T.);
#2606=ORIENTED_EDGE('',*,*,#2609,.T.);
#2607=ORIENTED_EDGE('',*,*,#2610,.T.);
#2608=EDGE_CURVE('',#223,#227,#2611,.F.);
#2609=EDGE_CURVE('',#227,#229,#2612,.T.);
#2610=EDGE_CURVE('',#229,#223,#2613,.T.);
#2611=LINE('',#222,#2614);
#2612=LINE('',#226,#2615);
#2613=LINE('',#228,#2616);
#2614=VECTOR('',#2617,1.0);
#2615=VECTOR('',#2618,1.0);
#2616=VECTOR('',#2619,1.0);
#2617=DIRECTION('',(-0.06150716726492022,-0.03284532212216241,0.9975660645740393));
#2618=DIRECTION('',(0,0,-1));
#2619=DIRECTION('',(0.8821056914762238,0.4710515354664002,0));
#2620=FACE_SURFACE('',(#2625),#2621,.T.);
#2621=PLANE('',#2622);
#2622=AXIS2_PLACEMENT_3D('',#230,#2623,#2624);
#2623=DIRECTION('',(0.6339170472877248,0.7734010454854663,0));
#2624=DIRECTION('',(0,0,-1));
#2625=FACE_BOUND('',#2626,.T.);
#2626=EDGE_LOOP('',(#2627,#2628,#2629));
#2627=ORIENTED_EDGE('',*,*,#2630,.T.);
#2628=ORIENTED_EDGE('',*,*,#2631,.T.);
#2629=ORIENTED_EDGE('',*,*,#2632,.T.);
#2630=EDGE_CURVE('',#231,#171,#2633,.F.);
#2631=EDGE_CURVE('',#171,#169,#2634,.T.);
#2632=EDGE_CURVE('',#169,#231,#2635,.T.);
#2633=LINE('',#230,#2636);
#2634=LINE('',#170,#2637);
#2635=LINE('',#168,#2638);
#2636=VECTOR('',#2639,1.0);
#2637=VECTOR('',#2640,1.0);
#2638=VECTOR('',#2641,1.0);
#2639=DIRECTION('',(0,0,-1));
#2640=DIRECTION('',(-0.7734010454854663,0.6339170472877248,0));
#2641=DIRECTION('',(0.02871839465888125,-0.02353899060683863,0.999310347054121));
#2642=FACE_SURFACE('',(#2647),#2643,.T.);
#2643=PLANE('',#2644);
#2644=AXIS2_PLACEMENT_3D('',#230,#2645,#2646);
#2645=DIRECTION('',(0.6339170472877248,0.7734010454854663,0));
#2646=DIRECTION('',(-0.02871839465888125,0.02353899060683863,-0.999310347054121));
#2647=FACE_BOUND('',#2648,.T.);
#2648=EDGE_LOOP('',(#2649,#2650,#2651));
#2649=ORIENTED_EDGE('',*,*,#2652,.T.);
#2650=ORIENTED_EDGE('',*,*,#2653,.T.);
#2651=ORIENTED_EDGE('',*,*,#2654,.T.);
#2652=EDGE_CURVE('',#231,#169,#2655,.F.);
#2653=EDGE_CURVE('',#169,#233,#2656,.T.);
#2654=EDGE_CURVE('',#233,#231,#2657,.T.);
#2655=LINE('',#230,#2658);
#2656=LINE('',#168,#2659);
#2657=LINE('',#232,#2660);
#2658=VECTOR('',#2661,1.0);
#2659=VECTOR('',#2662,1.0);
#2660=VECTOR('',#2663,1.0);
#2661=DIRECTION('',(-0.02871839465888125,0.02353899060683863,-0.999310347054121));
#2662=DIRECTION('',(0,0,1));
#2663=DIRECTION('',(0.7734010454854663,-0.6339170472877248,0));
#2664=FACE_SURFACE('',(#2669),#2665,.T.);
#2665=PLANE('',#2666);
#2666=AXIS2_PLACEMENT_3D('',#234,#2667,#2668);
#2667=DIRECTION('',(-0.9953504302375185,-0.0963198890467956,0));
#2668=DIRECTION('',(-0.0963198890467956,0.9953504302375183,0));
#2669=FACE_BOUND('',#2670,.T.);
#2670=EDGE_LOOP('',(#2671,#2672,#2673));
#2671=ORIENTED_EDGE('',*,*,#2674,.T.);
#2672=ORIENTED_EDGE('',*,*,#2675,.T.);
#2673=ORIENTED_EDGE('',*,*,#2676,.T.);
#2674=EDGE_CURVE('',#235,#237,#2677,.F.);
#2675=EDGE_CURVE('',#237,#83,#2678,.T.);
#2676=EDGE_CURVE('',#83,#235,#2679,.T.);
#2677=LINE('',#234,#2680);
#2678=LINE('',#236,#2681);
#2679=LINE('',#82,#2682);
#2680=VECTOR('',#2683,1.0);
#2681=VECTOR('',#2684,1.0);
#2682=VECTOR('',#2685,1.0);
#2683=DIRECTION('',(-0.0963198890467956,0.9953504302375183,0));
#2684=DIRECTION('',(0,0,-1));
#2685=DIRECTION('',(0.0035308210034273916,-0.03648679664846477,0.999327897625887));
#2686=FACE_SURFACE('',(#2691),#2687,.T.);
#2687=PLANE('',#2688);
#2688=AXIS2_PLACEMENT_3D('',#234,#2689,#2690);
#2689=DIRECTION('',(-0.9953504302375185,-0.0963198890467956,-0));
#2690=DIRECTION('',(-0.0035308210034273916,0.03648679664846477,-0.999327897625887));
#2691=FACE_BOUND('',#2692,.T.);
#2692=EDGE_LOOP('',(#2693,#2694,#2695));
#2693=ORIENTED_EDGE('',*,*,#2696,.T.);
#2694=ORIENTED_EDGE('',*,*,#2697,.T.);
#2695=ORIENTED_EDGE('',*,*,#2698,.T.);
#2696=EDGE_CURVE('',#235,#83,#2699,.F.);
#2697=EDGE_CURVE('',#83,#81,#2700,.T.);
#2698=EDGE_CURVE('',#81,#235,#2701,.T.);
#2699=LINE('',#234,#2702);
#2700=LINE('',#82,#2703);
#2701=LINE('',#80,#2704);
#2702=VECTOR('',#2705,1.0);
#2703=VECTOR('',#2706,1.0);
#2704=VECTOR('',#2707,1.0);
#2705=DIRECTION('',(-0.0035308210034273916,0.03648679664846477,-0.999327897625887));
#2706=DIRECTION('',(0.0963198890467956,-0.9953504302375183,0));
#2707=DIRECTION('',(0,0,1));
#2708=FACE_SURFACE('',(#2713),#2709,.T.);
#2709=PLANE('',#2710);
#2710=AXIS2_PLACEMENT_3D('',#76,#2711,#2712);
#2711=DIRECTION('',(-0.632524231533667,0.7745405712567573,0));
#2712=DIRECTION('',(-0.7745405712567573,-0.632524231533667,0));
#2713=FACE_BOUND('',#2714,.T.);
#2714=EDGE_LOOP('',(#2715,#2716,#2717));
#2715=ORIENTED_EDGE('',*,*,#2718,.T.);
#2716=ORIENTED_EDGE('',*,*,#2719,.T.);
#2717=ORIENTED_EDGE('',*,*,#2720,.T.);
#2718=EDGE_CURVE('',#77,#75,#2721,.F.);
#2719=EDGE_CURVE('',#75,#239,#2722,.T.);
#2720=EDGE_CURVE('',#239,#77,#2723,.T.);
#2721=LINE('',#76,#2724);
#2722=LINE('',#74,#2725);
#2723=LINE('',#238,#2726);
#2724=VECTOR('',#2727,1.0);
#2725=VECTOR('',#2728,1.0);
#2726=VECTOR('',#2729,1.0);
#2727=DIRECTION('',(-0.7745405712567573,-0.632524231533667,0));
#2728=DIRECTION('',(0,0,1));
#2729=DIRECTION('',(0.028248556204654832,0.02306902564999627,-0.9993346982507474));
#2730=FACE_SURFACE('',(#2735),#2731,.T.);
#2731=PLANE('',#2732);
#2732=AXIS2_PLACEMENT_3D('',#76,#2733,#2734);
#2733=DIRECTION('',(-0.632524231533667,0.7745405712567573,0));
#2734=DIRECTION('',(-0.028248556204654832,-0.02306902564999627,0.9993346982507474));
#2735=FACE_BOUND('',#2736,.T.);
#2736=EDGE_LOOP('',(#2737,#2738,#2739));
#2737=ORIENTED_EDGE('',*,*,#2740,.T.);
#2738=ORIENTED_EDGE('',*,*,#2741,.T.);
#2739=ORIENTED_EDGE('',*,*,#2742,.T.);
#2740=EDGE_CURVE('',#77,#239,#2743,.F.);
#2741=EDGE_CURVE('',#239,#241,#2744,.T.);
#2742=EDGE_CURVE('',#241,#77,#2745,.T.);
#2743=LINE('',#76,#2746);
#2744=LINE('',#238,#2747);
#2745=LINE('',#240,#2748);
#2746=VECTOR('',#2749,1.0);
#2747=VECTOR('',#2750,1.0);
#2748=VECTOR('',#2751,1.0);
#2749=DIRECTION('',(-0.028248556204654832,-0.02306902564999627,0.9993346982507474));
#2750=DIRECTION('',(0.7745405712567573,0.632524231533667,0));
#2751=DIRECTION('',(0,0,-1));
#2752=FACE_SURFACE('',(#2757),#2753,.T.);
#2753=PLANE('',#2754);
#2754=AXIS2_PLACEMENT_3D('',#74,#2755,#2756);
#2755=DIRECTION('',(-0.46520387834115623,0.8852035650495012,0));
#2756=DIRECTION('',(-0.8852035650495013,-0.4652038783411563,0));
#2757=FACE_BOUND('',#2758,.T.);
#2758=EDGE_LOOP('',(#2759,#2760,#2761));
#2759=ORIENTED_EDGE('',*,*,#2762,.T.);
#2760=ORIENTED_EDGE('',*,*,#2763,.T.);
#2761=ORIENTED_EDGE('',*,*,#2764,.T.);
#2762=EDGE_CURVE('',#75,#129,#2765,.F.);
#2763=EDGE_CURVE('',#129,#243,#2766,.T.);
#2764=EDGE_CURVE('',#243,#75,#2767,.T.);
#2765=LINE('',#74,#2768);
#2766=LINE('',#128,#2769);
#2767=LINE('',#242,#2770);
#2768=VECTOR('',#2771,1.0);
#2769=VECTOR('',#2772,1.0);
#2770=VECTOR('',#2773,1.0);
#2771=DIRECTION('',(-0.8852035650495013,-0.4652038783411563,0));
#2772=DIRECTION('',(0,0,1));
#2773=DIRECTION('',(0.032249987123930075,0.01694843952155305,-0.9993361239984726));
#2774=FACE_SURFACE('',(#2779),#2775,.T.);
#2775=PLANE('',#2776);
#2776=AXIS2_PLACEMENT_3D('',#74,#2777,#2778);
#2777=DIRECTION('',(-0.46520387834115623,0.8852035650495012,0));
#2778=DIRECTION('',(-0.032249987123930075,-0.01694843952155305,0.9993361239984726));
#2779=FACE_BOUND('',#2780,.T.);
#2780=EDGE_LOOP('',(#2781,#2782,#2783));
#2781=ORIENTED_EDGE('',*,*,#2784,.T.);
#2782=ORIENTED_EDGE('',*,*,#2785,.T.);
#2783=ORIENTED_EDGE('',*,*,#2786,.T.);
#2784=EDGE_CURVE('',#75,#243,#2787,.F.);
#2785=EDGE_CURVE('',#243,#239,#2788,.T.);
#2786=EDGE_CURVE('',#239,#75,#2789,.T.);
#2787=LINE('',#74,#2790);
#2788=LINE('',#242,#2791);
#2789=LINE('',#238,#2792);
#2790=VECTOR('',#2793,1.0);
#2791=VECTOR('',#2794,1.0);
#2792=VECTOR('',#2795,1.0);
#2793=DIRECTION('',(-0.032249987123930075,-0.01694843952155305,0.9993361239984726));
#2794=DIRECTION('',(0.8852035650495013,0.4652038783411563,0));
#2795=DIRECTION('',(0,0,-1));
#2796=FACE_SURFACE('',(#2801),#2797,.T.);
#2797=PLANE('',#2798);
#2798=AXIS2_PLACEMENT_3D('',#98,#2799,#2800);
#2799=DIRECTION('',(0.29500540824494786,-0.9554955829862488,0));
#2800=DIRECTION('',(0,0,1));
#2801=FACE_BOUND('',#2802,.T.);
#2802=EDGE_LOOP('',(#2803,#2804,#2805));
#2803=ORIENTED_EDGE('',*,*,#2806,.T.);
#2804=ORIENTED_EDGE('',*,*,#2807,.T.);
#2805=ORIENTED_EDGE('',*,*,#2808,.T.);
#2806=EDGE_CURVE('',#99,#245,#2809,.F.);
#2807=EDGE_CURVE('',#245,#247,#2810,.T.);
#2808=EDGE_CURVE('',#247,#99,#2811,.T.);
#2809=LINE('',#98,#2812);
#2810=LINE('',#244,#2813);
#2811=LINE('',#246,#2814);
#2812=VECTOR('',#2815,1.0);
#2813=VECTOR('',#2816,1.0);
#2814=VECTOR('',#2817,1.0);
#2815=DIRECTION('',(0,0,1));
#2816=DIRECTION('',(-0.9554955829862489,-0.2950054082449479,0));
#2817=DIRECTION('',(0.03507287826010679,0.010828609732670075,-0.9993260901336506));
#2818=FACE_SURFACE('',(#2823),#2819,.T.);
#2819=PLANE('',#2820);
#2820=AXIS2_PLACEMENT_3D('',#98,#2821,#2822);
#2821=DIRECTION('',(0.29500540824494786,-0.9554955829862488,0));
#2822=DIRECTION('',(-0.03507287826010679,-0.010828609732670075,0.9993260901336506));
#2823=FACE_BOUND('',#2824,.T.);
#2824=EDGE_LOOP('',(#2825,#2826,#2827));
#2825=ORIENTED_EDGE('',*,*,#2828,.T.);
#2826=ORIENTED_EDGE('',*,*,#2829,.T.);
#2827=ORIENTED_EDGE('',*,*,#2830,.T.);
#2828=EDGE_CURVE('',#99,#247,#2831,.F.);
#2829=EDGE_CURVE('',#247,#101,#2832,.T.);
#2830=EDGE_CURVE('',#101,#99,#2833,.T.);
#2831=LINE('',#98,#2834);
#2832=LINE('',#246,#2835);
#2833=LINE('',#100,#2836);
#2834=VECTOR('',#2837,1.0);
#2835=VECTOR('',#2838,1.0);
#2836=VECTOR('',#2839,1.0);
#2837=DIRECTION('',(-0.03507287826010679,-0.010828609732670075,0.9993260901336506));
#2838=DIRECTION('',(0,0,-1));
#2839=DIRECTION('',(0.9554955829862489,0.2950054082449479,0));
#2840=FACE_SURFACE('',(#2845),#2841,.T.);
#2841=PLANE('',#2842);
#2842=AXIS2_PLACEMENT_3D('',#114,#2843,#2844);
#2843=DIRECTION('',(0.7745307202680324,0.6325362941057874,-0));
#2844=DIRECTION('',(0,0,1));
#2845=FACE_BOUND('',#2846,.T.);
#2846=EDGE_LOOP('',(#2847,#2848,#2849));
#2847=ORIENTED_EDGE('',*,*,#2850,.T.);
#2848=ORIENTED_EDGE('',*,*,#2851,.T.);
#2849=ORIENTED_EDGE('',*,*,#2852,.T.);
#2850=EDGE_CURVE('',#115,#249,#2853,.F.);
#2851=EDGE_CURVE('',#249,#251,#2854,.T.);
#2852=EDGE_CURVE('',#251,#115,#2855,.T.);
#2853=LINE('',#114,#2856);
#2854=LINE('',#248,#2857);
#2855=LINE('',#250,#2858);
#2856=VECTOR('',#2859,1.0);
#2857=VECTOR('',#2860,1.0);
#2858=VECTOR('',#2861,1.0);
#2859=DIRECTION('',(0,0,1));
#2860=DIRECTION('',(0.6325362941057873,-0.7745307202680324,0));
#2861=DIRECTION('',(-0.02306902623516858,0.02824765894432456,-0.9993347236000188));
#2862=FACE_SURFACE('',(#2867),#2863,.T.);
#2863=PLANE('',#2864);
#2864=AXIS2_PLACEMENT_3D('',#114,#2865,#2866);
#2865=DIRECTION('',(0.7745307202680324,0.6325362941057874,0));
#2866=DIRECTION('',(0.02306902623516858,-0.02824765894432456,0.9993347236000188));
#2867=FACE_BOUND('',#2868,.T.);
#2868=EDGE_LOOP('',(#2869,#2870,#2871));
#2869=ORIENTED_EDGE('',*,*,#2872,.T.);
#2870=ORIENTED_EDGE('',*,*,#2873,.T.);
#2871=ORIENTED_EDGE('',*,*,#2874,.T.);
#2872=EDGE_CURVE('',#115,#251,#2875,.F.);
#2873=EDGE_CURVE('',#251,#117,#2876,.T.);
#2874=EDGE_CURVE('',#117,#115,#2877,.T.);
#2875=LINE('',#114,#2878);
#2876=LINE('',#250,#2879);
#2877=LINE('',#116,#2880);
#2878=VECTOR('',#2881,1.0);
#2879=VECTOR('',#2882,1.0);
#2880=VECTOR('',#2883,1.0);
#2881=DIRECTION('',(0.02306902623516858,-0.02824765894432456,0.9993347236000188));
#2882=DIRECTION('',(0,0,-1));
#2883=DIRECTION('',(-0.6325362941057873,0.7745307202680324,0));
#2884=FACE_SURFACE('',(#2889),#2885,.T.);
#2885=PLANE('',#2886);
#2886=AXIS2_PLACEMENT_3D('',#252,#2887,#2888);
#2887=DIRECTION('',(0.2945063268152872,0.9556495296214859,0));
#2888=DIRECTION('',(-0.955649529621486,0.2945063268152872,0));
#2889=FACE_BOUND('',#2890,.T.);
#2890=EDGE_LOOP('',(#2891,#2892,#2893));
#2891=ORIENTED_EDGE('',*,*,#2894,.T.);
#2892=ORIENTED_EDGE('',*,*,#2895,.T.);
#2893=ORIENTED_EDGE('',*,*,#2896,.T.);
#2894=EDGE_CURVE('',#253,#255,#2897,.F.);
#2895=EDGE_CURVE('',#255,#257,#2898,.T.);
#2896=EDGE_CURVE('',#257,#253,#2899,.T.);
#2897=LINE('',#252,#2900);
#2898=LINE('',#254,#2901);
#2899=LINE('',#256,#2902);
#2900=VECTOR('',#2903,1.0);
#2901=VECTOR('',#2904,1.0);
#2902=VECTOR('',#2905,1.0);
#2903=DIRECTION('',(-0.955649529621486,0.2945063268152872,0));
#2904=DIRECTION('',(0,0,1));
#2905=DIRECTION('',(0.06652913024094942,-0.020502547394376222,-0.9975738170079065));
#2906=FACE_SURFACE('',(#2911),#2907,.T.);
#2907=PLANE('',#2908);
#2908=AXIS2_PLACEMENT_3D('',#252,#2909,#2910);
#2909=DIRECTION('',(0.2945063268152872,0.9556495296214859,-0));
#2910=DIRECTION('',(-0.06652913024094942,0.020502547394376222,0.9975738170079065));
#2911=FACE_BOUND('',#2912,.T.);
#2912=EDGE_LOOP('',(#2913,#2914,#2915));
#2913=ORIENTED_EDGE('',*,*,#2916,.T.);
#2914=ORIENTED_EDGE('',*,*,#2917,.T.);
#2915=ORIENTED_EDGE('',*,*,#2918,.T.);
#2916=EDGE_CURVE('',#253,#257,#2919,.F.);
#2917=EDGE_CURVE('',#257,#259,#2920,.T.);
#2918=EDGE_CURVE('',#259,#253,#2921,.T.);
#2919=LINE('',#252,#2922);
#2920=LINE('',#256,#2923);
#2921=LINE('',#258,#2924);
#2922=VECTOR('',#2925,1.0);
#2923=VECTOR('',#2926,1.0);
#2924=VECTOR('',#2927,1.0);
#2925=DIRECTION('',(-0.06652913024094942,0.020502547394376222,0.9975738170079065));
#2926=DIRECTION('',(0.955649529621486,-0.2945063268152872,0));
#2927=DIRECTION('',(0,0,-1));
#2928=FACE_SURFACE('',(#2933),#2929,.T.);
#2929=PLANE('',#2930);
#2930=AXIS2_PLACEMENT_3D('',#260,#2931,#2932);
#2931=DIRECTION('',(-0.9556495296214859,0.2945063268152872,0));
#2932=DIRECTION('',(0.2945063268152872,0.955649529621486,0));
#2933=FACE_BOUND('',#2934,.T.);
#2934=EDGE_LOOP('',(#2935,#2936,#2937));
#2935=ORIENTED_EDGE('',*,*,#2938,.T.);
#2936=ORIENTED_EDGE('',*,*,#2939,.T.);
#2937=ORIENTED_EDGE('',*,*,#2940,.T.);
#2938=EDGE_CURVE('',#261,#263,#2941,.F.);
#2939=EDGE_CURVE('',#263,#265,#2942,.T.);
#2940=EDGE_CURVE('',#265,#261,#2943,.T.);
#2941=LINE('',#260,#2944);
#2942=LINE('',#262,#2945);
#2943=LINE('',#264,#2946);
#2944=VECTOR('',#2947,1.0);
#2945=VECTOR('',#2948,1.0);
#2946=VECTOR('',#2949,1.0);
#2947=DIRECTION('',(0.2945063268152872,0.955649529621486,0));
#2948=DIRECTION('',(0,0,-1));
#2949=DIRECTION('',(-0.020502547394376222,-0.06652913024094942,0.9975738170079065));
#2950=FACE_SURFACE('',(#2955),#2951,.T.);
#2951=PLANE('',#2952);
#2952=AXIS2_PLACEMENT_3D('',#260,#2953,#2954);
#2953=DIRECTION('',(-0.9556495296214859,0.2945063268152872,0));
#2954=DIRECTION('',(0.020502547394376222,0.06652913024094942,-0.9975738170079065));
#2955=FACE_BOUND('',#2956,.T.);
#2956=EDGE_LOOP('',(#2957,#2958,#2959));
#2957=ORIENTED_EDGE('',*,*,#2960,.T.);
#2958=ORIENTED_EDGE('',*,*,#2961,.T.);
#2959=ORIENTED_EDGE('',*,*,#2962,.T.);
#2960=EDGE_CURVE('',#261,#265,#2963,.F.);
#2961=EDGE_CURVE('',#265,#267,#2964,.T.);
#2962=EDGE_CURVE('',#267,#261,#2965,.T.);
#2963=LINE('',#260,#2966);
#2964=LINE('',#264,#2967);
#2965=LINE('',#266,#2968);
#2966=VECTOR('',#2969,1.0);
#2967=VECTOR('',#2970,1.0);
#2968=VECTOR('',#2971,1.0);
#2969=DIRECTION('',(0.020502547394376222,0.06652913024094942,-0.9975738170079065));
#2970=DIRECTION('',(-0.2945063268152872,-0.955649529621486,0));
#2971=DIRECTION('',(0,0,1));
#2972=FACE_SURFACE('',(#2977),#2973,.T.);
#2973=PLANE('',#2974);
#2974=AXIS2_PLACEMENT_3D('',#94,#2975,#2976);
#2975=DIRECTION('',(-0.09631636639353948,-0.9953507711177729,0));
#2976=DIRECTION('',(0,0,1));
#2977=FACE_BOUND('',#2978,.T.);
#2978=EDGE_LOOP('',(#2979,#2980,#2981));
#2979=ORIENTED_EDGE('',*,*,#2982,.T.);
#2980=ORIENTED_EDGE('',*,*,#2983,.T.);
#2981=ORIENTED_EDGE('',*,*,#2984,.T.);
#2982=EDGE_CURVE('',#95,#269,#2985,.F.);
#2983=EDGE_CURVE('',#269,#271,#2986,.T.);
#2984=EDGE_CURVE('',#271,#95,#2987,.T.);
#2985=LINE('',#94,#2988);
#2986=LINE('',#268,#2989);
#2987=LINE('',#270,#2990);
#2988=VECTOR('',#2991,1.0);
#2989=VECTOR('',#2992,1.0);
#2990=VECTOR('',#2993,1.0);
#2991=DIRECTION('',(0,0,1));
#2992=DIRECTION('',(-0.9953507711177731,0.0963163663935395,0));
#2993=DIRECTION('',(0.03648814181131183,-0.0035308208298980687,-0.999327848511901));
#2994=FACE_SURFACE('',(#2999),#2995,.T.);
#2995=PLANE('',#2996);
#2996=AXIS2_PLACEMENT_3D('',#94,#2997,#2998);
#2997=DIRECTION('',(-0.09631636639353948,-0.9953507711177729,0));
#2998=DIRECTION('',(-0.03648814181131183,0.0035308208298980687,0.999327848511901));
#2999=FACE_BOUND('',#3000,.T.);
#3000=EDGE_LOOP('',(#3001,#3002,#3003));
#3001=ORIENTED_EDGE('',*,*,#3004,.T.);
#3002=ORIENTED_EDGE('',*,*,#3005,.T.);
#3003=ORIENTED_EDGE('',*,*,#3006,.T.);
#3004=EDGE_CURVE('',#95,#271,#3007,.F.);
#3005=EDGE_CURVE('',#271,#97,#3008,.T.);
#3006=EDGE_CURVE('',#97,#95,#3009,.T.);
#3007=LINE('',#94,#3010);
#3008=LINE('',#270,#3011);
#3009=LINE('',#96,#3012);
#3010=VECTOR('',#3013,1.0);
#3011=VECTOR('',#3014,1.0);
#3012=VECTOR('',#3015,1.0);
#3013=DIRECTION('',(-0.03648814181131183,0.0035308208298980687,0.999327848511901));
#3014=DIRECTION('',(0,0,-1));
#3015=DIRECTION('',(0.9953507711177731,-0.0963163663935395,0));
#3016=FACE_SURFACE('',(#3021),#3017,.T.);
#3017=PLANE('',#3018);
#3018=AXIS2_PLACEMENT_3D('',#272,#3019,#3020);
#3019=DIRECTION('',(-0.28900578342149447,-0.9573273510920537,0));
#3020=DIRECTION('',(0,0,1));
#3021=FACE_BOUND('',#3022,.T.);
#3022=EDGE_LOOP('',(#3023,#3024,#3025));
#3023=ORIENTED_EDGE('',*,*,#3026,.T.);
#3024=ORIENTED_EDGE('',*,*,#3027,.T.);
#3025=ORIENTED_EDGE('',*,*,#3028,.T.);
#3026=EDGE_CURVE('',#273,#275,#3029,.F.);
#3027=EDGE_CURVE('',#275,#277,#3030,.T.);
#3028=EDGE_CURVE('',#277,#273,#3031,.T.);
#3029=LINE('',#272,#3032);
#3030=LINE('',#274,#3033);
#3031=LINE('',#276,#3034);
#3032=VECTOR('',#3035,1.0);
#3033=VECTOR('',#3036,1.0);
#3034=VECTOR('',#3037,1.0);
#3035=DIRECTION('',(0,0,1));
#3036=DIRECTION('',(-0.9573273510920537,0.2890057834214945,0));
#3037=DIRECTION('',(0.06652969485060975,-0.020084526530198953,-0.997582283070997));
#3038=FACE_SURFACE('',(#3043),#3039,.T.);
#3039=PLANE('',#3040);
#3040=AXIS2_PLACEMENT_3D('',#272,#3041,#3042);
#3041=DIRECTION('',(-0.28900578342149447,-0.9573273510920537,0));
#3042=DIRECTION('',(-0.06652969485060975,0.020084526530198953,0.997582283070997));
#3043=FACE_BOUND('',#3044,.T.);
#3044=EDGE_LOOP('',(#3045,#3046,#3047));
#3045=ORIENTED_EDGE('',*,*,#3048,.T.);
#3046=ORIENTED_EDGE('',*,*,#3049,.T.);
#3047=ORIENTED_EDGE('',*,*,#3050,.T.);
#3048=EDGE_CURVE('',#273,#277,#3051,.F.);
#3049=EDGE_CURVE('',#277,#279,#3052,.T.);
#3050=EDGE_CURVE('',#279,#273,#3053,.T.);
#3051=LINE('',#272,#3054);
#3052=LINE('',#276,#3055);
#3053=LINE('',#278,#3056);
#3054=VECTOR('',#3057,1.0);
#3055=VECTOR('',#3058,1.0);
#3056=VECTOR('',#3059,1.0);
#3057=DIRECTION('',(-0.06652969485060975,0.020084526530198953,0.997582283070997));
#3058=DIRECTION('',(0,0,-1));
#3059=DIRECTION('',(0.9573273510920537,-0.2890057834214945,0));
#3060=FACE_SURFACE('',(#3065),#3061,.T.);
#3061=PLANE('',#3062);
#3062=AXIS2_PLACEMENT_3D('',#280,#3063,#3064);
#3063=DIRECTION('',(-0.8823626032917542,0.4705701183800333,0));
#3064=DIRECTION('',(0.47057011838003326,0.8823626032917541,0));
#3065=FACE_BOUND('',#3066,.T.);
#3066=EDGE_LOOP('',(#3067,#3068,#3069));
#3067=ORIENTED_EDGE('',*,*,#3070,.T.);
#3068=ORIENTED_EDGE('',*,*,#3071,.T.);
#3069=ORIENTED_EDGE('',*,*,#3072,.T.);
#3070=EDGE_CURVE('',#281,#59,#3073,.F.);
#3071=EDGE_CURVE('',#59,#65,#3074,.T.);
#3072=EDGE_CURVE('',#65,#281,#3075,.T.);
#3073=LINE('',#280,#3076);
#3074=LINE('',#58,#3077);
#3075=LINE('',#64,#3078);
#3076=VECTOR('',#3079,1.0);
#3077=VECTOR('',#3080,1.0);
#3078=VECTOR('',#3081,1.0);
#3079=DIRECTION('',(0.47057011838003326,0.8823626032917541,0));
#3080=DIRECTION('',(0,0,-1));
#3081=DIRECTION('',(-0.01694869460054148,-0.03178037386142117,0.9993511643004004));
#3082=FACE_SURFACE('',(#3087),#3083,.T.);
#3083=PLANE('',#3084);
#3084=AXIS2_PLACEMENT_3D('',#280,#3085,#3086);
#3085=DIRECTION('',(-0.8823626032917542,0.4705701183800333,0));
#3086=DIRECTION('',(0.01694869460054148,0.03178037386142117,-0.9993511643004004));
#3087=FACE_BOUND('',#3088,.T.);
#3088=EDGE_LOOP('',(#3089,#3090,#3091));
#3089=ORIENTED_EDGE('',*,*,#3092,.T.);
#3090=ORIENTED_EDGE('',*,*,#3093,.T.);
#3091=ORIENTED_EDGE('',*,*,#3094,.T.);
#3092=EDGE_CURVE('',#281,#65,#3095,.F.);
#3093=EDGE_CURVE('',#65,#79,#3096,.T.);
#3094=EDGE_CURVE('',#79,#281,#3097,.T.);
#3095=LINE('',#280,#3098);
#3096=LINE('',#64,#3099);
#3097=LINE('',#78,#3100);
#3098=VECTOR('',#3101,1.0);
#3099=VECTOR('',#3102,1.0);
#3100=VECTOR('',#3103,1.0);
#3101=DIRECTION('',(0.01694869460054148,0.03178037386142117,-0.9993511643004004));
#3102=DIRECTION('',(-0.47057011838003326,-0.8823626032917541,0));
#3103=DIRECTION('',(0,0,1));
#3104=FACE_SURFACE('',(#3109),#3105,.T.);
#3105=PLANE('',#3106);
#3106=AXIS2_PLACEMENT_3D('',#150,#3107,#3108);
#3107=DIRECTION('',(0.46470149524866,-0.885467402174501,0));
#3108=DIRECTION('',(0.885467402174501,0.46470149524866,0));
#3109=FACE_BOUND('',#3110,.T.);
#3110=EDGE_LOOP('',(#3111,#3112,#3113));
#3111=ORIENTED_EDGE('',*,*,#3114,.T.);
#3112=ORIENTED_EDGE('',*,*,#3115,.T.);
#3113=ORIENTED_EDGE('',*,*,#3116,.T.);
#3114=EDGE_CURVE('',#151,#149,#3117,.F.);
#3115=EDGE_CURVE('',#149,#283,#3118,.T.);
#3116=EDGE_CURVE('',#283,#151,#3119,.T.);
#3117=LINE('',#150,#3120);
#3118=LINE('',#148,#3121);
#3119=LINE('',#282,#3122);
#3120=VECTOR('',#3123,1.0);
#3121=VECTOR('',#3124,1.0);
#3122=VECTOR('',#3125,1.0);
#3123=DIRECTION('',(0.885467402174501,0.46470149524866,0));
#3124=DIRECTION('',(0,0,1));
#3125=DIRECTION('',(-0.033189776022117506,-0.017418301912153978,-0.9992972738510291));
#3126=FACE_SURFACE('',(#3131),#3127,.T.);
#3127=PLANE('',#3128);
#3128=AXIS2_PLACEMENT_3D('',#150,#3129,#3130);
#3129=DIRECTION('',(0.46470149524866,-0.885467402174501,0));
#3130=DIRECTION('',(0.033189776022117506,0.017418301912153978,0.9992972738510291));
#3131=FACE_BOUND('',#3132,.T.);
#3132=EDGE_LOOP('',(#3133,#3134,#3135));
#3133=ORIENTED_EDGE('',*,*,#3136,.T.);
#3134=ORIENTED_EDGE('',*,*,#3137,.T.);
#3135=ORIENTED_EDGE('',*,*,#3138,.T.);
#3136=EDGE_CURVE('',#151,#283,#3139,.F.);
#3137=EDGE_CURVE('',#283,#197,#3140,.T.);
#3138=EDGE_CURVE('',#197,#151,#3141,.T.);
#3139=LINE('',#150,#3142);
#3140=LINE('',#282,#3143);
#3141=LINE('',#196,#3144);
#3142=VECTOR('',#3145,1.0);
#3143=VECTOR('',#3146,1.0);
#3144=VECTOR('',#3147,1.0);
#3145=DIRECTION('',(0.033189776022117506,0.017418301912153978,0.9992972738510291));
#3146=DIRECTION('',(-0.885467402174501,-0.46470149524866,0));
#3147=DIRECTION('',(0,0,-1));
#3148=FACE_SURFACE('',(#3153),#3149,.T.);
#3149=PLANE('',#3150);
#3150=AXIS2_PLACEMENT_3D('',#108,#3151,#3152);
#3151=DIRECTION('',(0.9952289030824367,0.09756756873741251,-0));
#3152=DIRECTION('',(0,0,1));
#3153=FACE_BOUND('',#3154,.T.);
#3154=EDGE_LOOP('',(#3155,#3156,#3157));
#3155=ORIENTED_EDGE('',*,*,#3158,.T.);
#3156=ORIENTED_EDGE('',*,*,#3159,.T.);
#3157=ORIENTED_EDGE('',*,*,#3160,.T.);
#3158=EDGE_CURVE('',#109,#285,#3161,.F.);
#3159=EDGE_CURVE('',#285,#287,#3162,.T.);
#3160=EDGE_CURVE('',#287,#109,#3163,.T.);
#3161=LINE('',#108,#3164);
#3162=LINE('',#284,#3165);
#3163=LINE('',#286,#3166);
#3164=VECTOR('',#3167,1.0);
#3165=VECTOR('',#3168,1.0);
#3166=VECTOR('',#3169,1.0);
#3167=DIRECTION('',(0,0,1));
#3168=DIRECTION('',(0.09756756873741251,-0.9952289030824367,0));
#3169=DIRECTION('',(-0.0035308812896593144,0.036016425932262404,-0.999344960431774));
#3170=FACE_SURFACE('',(#3175),#3171,.T.);
#3171=PLANE('',#3172);
#3172=AXIS2_PLACEMENT_3D('',#108,#3173,#3174);
#3173=DIRECTION('',(0.9952289030824367,0.09756756873741251,0));
#3174=DIRECTION('',(0.0035308812896593144,-0.036016425932262404,0.999344960431774));
#3175=FACE_BOUND('',#3176,.T.);
#3176=EDGE_LOOP('',(#3177,#3178,#3179));
#3177=ORIENTED_EDGE('',*,*,#3180,.T.);
#3178=ORIENTED_EDGE('',*,*,#3181,.T.);
#3179=ORIENTED_EDGE('',*,*,#3182,.T.);
#3180=EDGE_CURVE('',#109,#287,#3183,.F.);
#3181=EDGE_CURVE('',#287,#111,#3184,.T.);
#3182=EDGE_CURVE('',#111,#109,#3185,.T.);
#3183=LINE('',#108,#3186);
#3184=LINE('',#286,#3187);
#3185=LINE('',#110,#3188);
#3186=VECTOR('',#3189,1.0);
#3187=VECTOR('',#3190,1.0);
#3188=VECTOR('',#3191,1.0);
#3189=DIRECTION('',(0.0035308812896593144,-0.036016425932262404,0.999344960431774));
#3190=DIRECTION('',(0,0,-1));
#3191=DIRECTION('',(-0.09756756873741251,0.9952289030824367,0));
#3192=FACE_SURFACE('',(#3197),#3193,.T.);
#3193=PLANE('',#3194);
#3194=AXIS2_PLACEMENT_3D('',#288,#3195,#3196);
#3195=DIRECTION('',(-0.9556495296214859,-0.2945063268152872,0));
#3196=DIRECTION('',(-0.2945063268152872,0.955649529621486,0));
#3197=FACE_BOUND('',#3198,.T.);
#3198=EDGE_LOOP('',(#3199,#3200,#3201));
#3199=ORIENTED_EDGE('',*,*,#3202,.T.);
#3200=ORIENTED_EDGE('',*,*,#3203,.T.);
#3201=ORIENTED_EDGE('',*,*,#3204,.T.);
#3202=EDGE_CURVE('',#289,#215,#3205,.F.);
#3203=EDGE_CURVE('',#215,#221,#3206,.T.);
#3204=EDGE_CURVE('',#221,#289,#3207,.T.);
#3205=LINE('',#288,#3208);
#3206=LINE('',#214,#3209);
#3207=LINE('',#220,#3210);
#3208=VECTOR('',#3211,1.0);
#3209=VECTOR('',#3212,1.0);
#3210=VECTOR('',#3213,1.0);
#3211=DIRECTION('',(-0.2945063268152872,0.955649529621486,0));
#3212=DIRECTION('',(0,0,-1));
#3213=DIRECTION('',(0.020502547394376222,-0.06652913024094942,0.9975738170079065));
#3214=FACE_SURFACE('',(#3219),#3215,.T.);
#3215=PLANE('',#3216);
#3216=AXIS2_PLACEMENT_3D('',#288,#3217,#3218);
#3217=DIRECTION('',(-0.9556495296214859,-0.2945063268152872,-0));
#3218=DIRECTION('',(-0.020502547394376222,0.06652913024094942,-0.9975738170079065));
#3219=FACE_BOUND('',#3220,.T.);
#3220=EDGE_LOOP('',(#3221,#3222,#3223));
#3221=ORIENTED_EDGE('',*,*,#3224,.T.);
#3222=ORIENTED_EDGE('',*,*,#3225,.T.);
#3223=ORIENTED_EDGE('',*,*,#3226,.T.);
#3224=EDGE_CURVE('',#289,#221,#3227,.F.);
#3225=EDGE_CURVE('',#221,#291,#3228,.T.);
#3226=EDGE_CURVE('',#291,#289,#3229,.T.);
#3227=LINE('',#288,#3230);
#3228=LINE('',#220,#3231);
#3229=LINE('',#290,#3232);
#3230=VECTOR('',#3233,1.0);
#3231=VECTOR('',#3234,1.0);
#3232=VECTOR('',#3235,1.0);
#3233=DIRECTION('',(-0.020502547394376222,0.06652913024094942,-0.9975738170079065));
#3234=DIRECTION('',(0.2945063268152872,-0.955649529621486,0));
#3235=DIRECTION('',(0,0,1));
#3236=FACE_SURFACE('',(#3241),#3237,.T.);
#3237=PLANE('',#3238);
#3238=AXIS2_PLACEMENT_3D('',#292,#3239,#3240);
#3239=DIRECTION('',(-0.2945063268152872,0.9556495296214859,0));
#3240=DIRECTION('',(-0.955649529621486,-0.2945063268152872,0));
#3241=FACE_BOUND('',#3242,.T.);
#3242=EDGE_LOOP('',(#3243,#3244,#3245));
#3243=ORIENTED_EDGE('',*,*,#3246,.T.);
#3244=ORIENTED_EDGE('',*,*,#3247,.T.);
#3245=ORIENTED_EDGE('',*,*,#3248,.T.);
#3246=EDGE_CURVE('',#293,#295,#3249,.F.);
#3247=EDGE_CURVE('',#295,#297,#3250,.T.);
#3248=EDGE_CURVE('',#297,#293,#3251,.T.);
#3249=LINE('',#292,#3252);
#3250=LINE('',#294,#3253);
#3251=LINE('',#296,#3254);
#3252=VECTOR('',#3255,1.0);
#3253=VECTOR('',#3256,1.0);
#3254=VECTOR('',#3257,1.0);
#3255=DIRECTION('',(-0.955649529621486,-0.2945063268152872,0));
#3256=DIRECTION('',(0,0,1));
#3257=DIRECTION('',(0.06652913024094942,0.020502547394376222,-0.9975738170079065));
#3258=FACE_SURFACE('',(#3263),#3259,.T.);
#3259=PLANE('',#3260);
#3260=AXIS2_PLACEMENT_3D('',#292,#3261,#3262);
#3261=DIRECTION('',(-0.2945063268152872,0.9556495296214859,0));
#3262=DIRECTION('',(-0.06652913024094942,-0.020502547394376222,0.9975738170079065));
#3263=FACE_BOUND('',#3264,.T.);
#3264=EDGE_LOOP('',(#3265,#3266,#3267));
#3265=ORIENTED_EDGE('',*,*,#3268,.T.);
#3266=ORIENTED_EDGE('',*,*,#3269,.T.);
#3267=ORIENTED_EDGE('',*,*,#3270,.T.);
#3268=EDGE_CURVE('',#293,#297,#3271,.F.);
#3269=EDGE_CURVE('',#297,#299,#3272,.T.);
#3270=EDGE_CURVE('',#299,#293,#3273,.T.);
#3271=LINE('',#292,#3274);
#3272=LINE('',#296,#3275);
#3273=LINE('',#298,#3276);
#3274=VECTOR('',#3277,1.0);
#3275=VECTOR('',#3278,1.0);
#3276=VECTOR('',#3279,1.0);
#3277=DIRECTION('',(-0.06652913024094942,-0.020502547394376222,0.9975738170079065));
#3278=DIRECTION('',(0.955649529621486,0.2945063268152872,0));
#3279=DIRECTION('',(0,0,-1));
#3280=FACE_SURFACE('',(#3285),#3281,.T.);
#3281=PLANE('',#3282);
#3282=AXIS2_PLACEMENT_3D('',#200,#3283,#3284);
#3283=DIRECTION('',(0.2971760257045309,0.9548227111597525,0));
#3284=DIRECTION('',(0,0,-1));
#3285=FACE_BOUND('',#3286,.T.);
#3286=EDGE_LOOP('',(#3287,#3288,#3289));
#3287=ORIENTED_EDGE('',*,*,#3290,.T.);
#3288=ORIENTED_EDGE('',*,*,#3291,.T.);
#3289=ORIENTED_EDGE('',*,*,#3292,.T.);
#3290=EDGE_CURVE('',#201,#175,#3293,.F.);
#3291=EDGE_CURVE('',#175,#173,#3294,.T.);
#3292=EDGE_CURVE('',#173,#201,#3295,.T.);
#3293=LINE('',#200,#3296);
#3294=LINE('',#174,#3297);
#3295=LINE('',#172,#3298);
#3296=VECTOR('',#3299,1.0);
#3297=VECTOR('',#3300,1.0);
#3298=VECTOR('',#3301,1.0);
#3299=DIRECTION('',(0,0,-1));
#3300=DIRECTION('',(-0.9548227111597524,0.29717602570453083,0));
#3301=DIRECTION('',(0.03554452405388145,-0.011062766176834566,0.9993068607861649));
#3302=FACE_SURFACE('',(#3307),#3303,.T.);
#3303=PLANE('',#3304);
#3304=AXIS2_PLACEMENT_3D('',#200,#3305,#3306);
#3305=DIRECTION('',(0.2971760257045309,0.9548227111597525,0));
#3306=DIRECTION('',(-0.03554452405388145,0.011062766176834566,-0.9993068607861649));
#3307=FACE_BOUND('',#3308,.T.);
#3308=EDGE_LOOP('',(#3309,#3310,#3311));
#3309=ORIENTED_EDGE('',*,*,#3312,.T.);
#3310=ORIENTED_EDGE('',*,*,#3313,.T.);
#3311=ORIENTED_EDGE('',*,*,#3314,.T.);
#3312=EDGE_CURVE('',#201,#173,#3315,.F.);
#3313=EDGE_CURVE('',#173,#301,#3316,.T.);
#3314=EDGE_CURVE('',#301,#201,#3317,.T.);
#3315=LINE('',#200,#3318);
#3316=LINE('',#172,#3319);
#3317=LINE('',#300,#3320);
#3318=VECTOR('',#3321,1.0);
#3319=VECTOR('',#3322,1.0);
#3320=VECTOR('',#3323,1.0);
#3321=DIRECTION('',(-0.03554452405388145,0.011062766176834566,-0.9993068607861649));
#3322=DIRECTION('',(0,0,1));
#3323=DIRECTION('',(0.9548227111597524,-0.29717602570453083,0));
#3324=FACE_SURFACE('',(#3329),#3325,.T.);
#3325=PLANE('',#3326);
#3326=AXIS2_PLACEMENT_3D('',#302,#3327,#3328);
#3327=DIRECTION('',(0.636335944154572,-0.7714120599115039,0));
#3328=DIRECTION('',(0,0,1));
#3329=FACE_BOUND('',#3330,.T.);
#3330=EDGE_LOOP('',(#3331,#3332,#3333));
#3331=ORIENTED_EDGE('',*,*,#3334,.T.);
#3332=ORIENTED_EDGE('',*,*,#3335,.T.);
#3333=ORIENTED_EDGE('',*,*,#3336,.T.);
#3334=EDGE_CURVE('',#303,#305,#3337,.F.);
#3335=EDGE_CURVE('',#305,#225,#3338,.T.);
#3336=EDGE_CURVE('',#225,#303,#3339,.T.);
#3337=LINE('',#302,#3340);
#3338=LINE('',#304,#3341);
#3339=LINE('',#224,#3342);
#3340=VECTOR('',#3343,1.0);
#3341=VECTOR('',#3344,1.0);
#3342=VECTOR('',#3345,1.0);
#3343=DIRECTION('',(0,0,1));
#3344=DIRECTION('',(-0.7714120599115037,-0.636335944154572,0));
#3345=DIRECTION('',(0.05376759875451426,0.04435276228673826,-0.9975679815439695));
#3346=FACE_SURFACE('',(#3351),#3347,.T.);
#3347=PLANE('',#3348);
#3348=AXIS2_PLACEMENT_3D('',#302,#3349,#3350);
#3349=DIRECTION('',(0.636335944154572,-0.7714120599115039,0));
#3350=DIRECTION('',(-0.05376759875451426,-0.04435276228673826,0.9975679815439695));
#3351=FACE_BOUND('',#3352,.T.);
#3352=EDGE_LOOP('',(#3353,#3354,#3355));
#3353=ORIENTED_EDGE('',*,*,#3356,.T.);
#3354=ORIENTED_EDGE('',*,*,#3357,.T.);
#3355=ORIENTED_EDGE('',*,*,#3358,.T.);
#3356=EDGE_CURVE('',#303,#225,#3359,.F.);
#3357=EDGE_CURVE('',#225,#223,#3360,.T.);
#3358=EDGE_CURVE('',#223,#303,#3361,.T.);
#3359=LINE('',#302,#3362);
#3360=LINE('',#224,#3363);
#3361=LINE('',#222,#3364);
#3362=VECTOR('',#3365,1.0);
#3363=VECTOR('',#3366,1.0);
#3364=VECTOR('',#3367,1.0);
#3365=DIRECTION('',(-0.05376759875451426,-0.04435276228673826,0.9975679815439695));
#3366=DIRECTION('',(0,0,-1));
#3367=DIRECTION('',(0.7714120599115037,0.636335944154572,0));
#3368=FACE_SURFACE('',(#3373),#3369,.T.);
#3369=PLANE('',#3370);
#3370=AXIS2_PLACEMENT_3D('',#306,#3371,#3372);
#3371=DIRECTION('',(-0.9948482810349056,-0.10137503500316813,-0));
#3372=DIRECTION('',(0,0,-1));
#3373=FACE_BOUND('',#3374,.T.);
#3374=EDGE_LOOP('',(#3375,#3376,#3377));
#3375=ORIENTED_EDGE('',*,*,#3378,.T.);
#3376=ORIENTED_EDGE('',*,*,#3379,.T.);
#3377=ORIENTED_EDGE('',*,*,#3380,.T.);
#3378=EDGE_CURVE('',#307,#131,#3381,.F.);
#3379=EDGE_CURVE('',#131,#185,#3382,.T.);
#3380=EDGE_CURVE('',#185,#307,#3383,.T.);
#3381=LINE('',#306,#3384);
#3382=LINE('',#130,#3385);
#3383=LINE('',#184,#3386);
#3384=VECTOR('',#3387,1.0);
#3385=VECTOR('',#3388,1.0);
#3386=VECTOR('',#3389,1.0);
#3387=DIRECTION('',(0,0,-1));
#3388=DIRECTION('',(0.10137503500316813,-0.9948482810349055,0));
#3389=DIRECTION('',(-0.0037660206368311973,0.036958006049284314,0.9993097231976802));
#3390=FACE_SURFACE('',(#3395),#3391,.T.);
#3391=PLANE('',#3392);
#3392=AXIS2_PLACEMENT_3D('',#306,#3393,#3394);
#3393=DIRECTION('',(-0.9948482810349056,-0.10137503500316813,0));
#3394=DIRECTION('',(0.0037660206368311973,-0.036958006049284314,-0.9993097231976802));
#3395=FACE_BOUND('',#3396,.T.);
#3396=EDGE_LOOP('',(#3397,#3398,#3399));
#3397=ORIENTED_EDGE('',*,*,#3400,.T.);
#3398=ORIENTED_EDGE('',*,*,#3401,.T.);
#3399=ORIENTED_EDGE('',*,*,#3402,.T.);
#3400=EDGE_CURVE('',#307,#185,#3403,.F.);
#3401=EDGE_CURVE('',#185,#309,#3404,.T.);
#3402=EDGE_CURVE('',#309,#307,#3405,.T.);
#3403=LINE('',#306,#3406);
#3404=LINE('',#184,#3407);
#3405=LINE('',#308,#3408);
#3406=VECTOR('',#3409,1.0);
#3407=VECTOR('',#3410,1.0);
#3408=VECTOR('',#3411,1.0);
#3409=DIRECTION('',(0.0037660206368311973,-0.036958006049284314,-0.9993097231976802));
#3410=DIRECTION('',(0,0,1));
#3411=DIRECTION('',(-0.10137503500316813,0.9948482810349055,0));
#3412=FACE_SURFACE('',(#3417),#3413,.T.);
#3413=PLANE('',#3414);
#3414=AXIS2_PLACEMENT_3D('',#96,#3415,#3416);
#3415=DIRECTION('',(0.09756756873741251,-0.9952289030824367,0));
#3416=DIRECTION('',(0,0,1));
#3417=FACE_BOUND('',#3418,.T.);
#3418=EDGE_LOOP('',(#3419,#3420,#3421));
#3419=ORIENTED_EDGE('',*,*,#3422,.T.);
#3420=ORIENTED_EDGE('',*,*,#3423,.T.);
#3421=ORIENTED_EDGE('',*,*,#3424,.T.);
#3422=EDGE_CURVE('',#97,#271,#3425,.F.);
#3423=EDGE_CURVE('',#271,#245,#3426,.T.);
#3424=EDGE_CURVE('',#245,#97,#3427,.T.);
#3425=LINE('',#96,#3428);
#3426=LINE('',#270,#3429);
#3427=LINE('',#244,#3430);
#3428=VECTOR('',#3431,1.0);
#3429=VECTOR('',#3432,1.0);
#3430=VECTOR('',#3433,1.0);
#3431=DIRECTION('',(0,0,1));
#3432=DIRECTION('',(-0.9952289030824367,-0.09756756873741251,0));
#3433=DIRECTION('',(0.036016425932262404,0.0035308812896593144,-0.999344960431774));
#3434=FACE_SURFACE('',(#3439),#3435,.T.);
#3435=PLANE('',#3436);
#3436=AXIS2_PLACEMENT_3D('',#96,#3437,#3438);
#3437=DIRECTION('',(0.09756756873741251,-0.9952289030824367,0));
#3438=DIRECTION('',(-0.036016425932262404,-0.0035308812896593144,0.999344960431774));
#3439=FACE_BOUND('',#3440,.T.);
#3440=EDGE_LOOP('',(#3441,#3442,#3443));
#3441=ORIENTED_EDGE('',*,*,#3444,.T.);
#3442=ORIENTED_EDGE('',*,*,#3445,.T.);
#3443=ORIENTED_EDGE('',*,*,#3446,.T.);
#3444=EDGE_CURVE('',#97,#245,#3447,.F.);
#3445=EDGE_CURVE('',#245,#99,#3448,.T.);
#3446=EDGE_CURVE('',#99,#97,#3449,.T.);
#3447=LINE('',#96,#3450);
#3448=LINE('',#244,#3451);
#3449=LINE('',#98,#3452);
#3450=VECTOR('',#3453,1.0);
#3451=VECTOR('',#3454,1.0);
#3452=VECTOR('',#3455,1.0);
#3453=DIRECTION('',(-0.036016425932262404,-0.0035308812896593144,0.999344960431774));
#3454=DIRECTION('',(0,0,-1));
#3455=DIRECTION('',(0.9952289030824367,0.09756756873741251,0));
#3456=FACE_SURFACE('',(#3461),#3457,.T.);
#3457=PLANE('',#3458);
#3458=AXIS2_PLACEMENT_3D('',#310,#3459,#3460);
#3459=DIRECTION('',(0.957825656695053,0.2873499806450147,-0));
#3460=DIRECTION('',(0,0,1));
#3461=FACE_BOUND('',#3462,.T.);
#3462=EDGE_LOOP('',(#3463,#3464,#3465));
#3463=ORIENTED_EDGE('',*,*,#3466,.T.);
#3464=ORIENTED_EDGE('',*,*,#3467,.T.);
#3465=ORIENTED_EDGE('',*,*,#3468,.T.);
#3466=EDGE_CURVE('',#311,#313,#3469,.F.);
#3467=EDGE_CURVE('',#313,#315,#3470,.T.);
#3468=EDGE_CURVE('',#315,#311,#3471,.T.);
#3469=LINE('',#310,#3472);
#3470=LINE('',#312,#3473);
#3471=LINE('',#314,#3474);
#3472=VECTOR('',#3475,1.0);
#3473=VECTOR('',#3476,1.0);
#3474=VECTOR('',#3477,1.0);
#3475=DIRECTION('',(0,0,1));
#3476=DIRECTION('',(0.28734998064501477,-0.9578256566950532,0));
#3477=DIRECTION('',(-0.020083966997457004,0.06694602461848041,-0.9975544416508939));
#3478=FACE_SURFACE('',(#3483),#3479,.T.);
#3479=PLANE('',#3480);
#3480=AXIS2_PLACEMENT_3D('',#310,#3481,#3482);
#3481=DIRECTION('',(0.957825656695053,0.2873499806450147,0));
#3482=DIRECTION('',(0.020083966997457004,-0.06694602461848041,0.9975544416508939));
#3483=FACE_BOUND('',#3484,.T.);
#3484=EDGE_LOOP('',(#3485,#3486,#3487));
#3485=ORIENTED_EDGE('',*,*,#3488,.T.);
#3486=ORIENTED_EDGE('',*,*,#3489,.T.);
#3487=ORIENTED_EDGE('',*,*,#3490,.T.);
#3488=EDGE_CURVE('',#311,#315,#3491,.F.);
#3489=EDGE_CURVE('',#315,#317,#3492,.T.);
#3490=EDGE_CURVE('',#317,#311,#3493,.T.);
#3491=LINE('',#310,#3494);
#3492=LINE('',#314,#3495);
#3493=LINE('',#316,#3496);
#3494=VECTOR('',#3497,1.0);
#3495=VECTOR('',#3498,1.0);
#3496=VECTOR('',#3499,1.0);
#3497=DIRECTION('',(0.020083966997457004,-0.06694602461848041,0.9975544416508939));
#3498=DIRECTION('',(0,0,-1));
#3499=DIRECTION('',(-0.28734998064501477,0.9578256566950532,0));
#3500=FACE_SURFACE('',(#3505),#3501,.T.);
#3501=PLANE('',#3502);
#3502=AXIS2_PLACEMENT_3D('',#318,#3503,#3504);
#3503=DIRECTION('',(0,0.7071067811865475,-0.7071067811865475));
#3504=DIRECTION('',(-0.28032717804447094,0.6787549901288474,0.6787549901288474));
#3505=FACE_BOUND('',#3506,.T.);
#3506=EDGE_LOOP('',(#3507,#3508,#3509));
#3507=ORIENTED_EDGE('',*,*,#3510,.T.);
#3508=ORIENTED_EDGE('',*,*,#3511,.T.);
#3509=ORIENTED_EDGE('',*,*,#3512,.T.);
#3510=EDGE_CURVE('',#319,#321,#3513,.F.);
#3511=EDGE_CURVE('',#321,#323,#3514,.T.);
#3512=EDGE_CURVE('',#323,#319,#3515,.T.);
#3513=LINE('',#318,#3516);
#3514=LINE('',#320,#3517);
#3515=LINE('',#322,#3518);
#3516=VECTOR('',#3519,1.0);
#3517=VECTOR('',#3520,1.0);
#3518=VECTOR('',#3521,1.0);
#3519=DIRECTION('',(-0.28032717804447094,0.6787549901288474,0.6787549901288474));
#3520=DIRECTION('',(1,0,0));
#3521=DIRECTION('',(-0.9998700797425504,-0.011397886550275462,-0.011397886550275462));
#3522=FACE_SURFACE('',(#3527),#3523,.T.);
#3523=PLANE('',#3524);
#3524=AXIS2_PLACEMENT_3D('',#318,#3525,#3526);
#3525=DIRECTION('',(0,0.7071067811865475,-0.7071067811865475));
#3526=DIRECTION('',(0.9998700797425504,0.011397886550275462,0.011397886550275462));
#3527=FACE_BOUND('',#3528,.T.);
#3528=EDGE_LOOP('',(#3529,#3530,#3531));
#3529=ORIENTED_EDGE('',*,*,#3532,.T.);
#3530=ORIENTED_EDGE('',*,*,#3533,.T.);
#3531=ORIENTED_EDGE('',*,*,#3534,.T.);
#3532=EDGE_CURVE('',#319,#323,#3535,.F.);
#3533=EDGE_CURVE('',#323,#325,#3536,.T.);
#3534=EDGE_CURVE('',#325,#319,#3537,.T.);
#3535=LINE('',#318,#3538);
#3536=LINE('',#322,#3539);
#3537=LINE('',#324,#3540);
#3538=VECTOR('',#3541,1.0);
#3539=VECTOR('',#3542,1.0);
#3540=VECTOR('',#3543,1.0);
#3541=DIRECTION('',(0.9998700797425504,0.011397886550275462,0.011397886550275462));
#3542=DIRECTION('',(0,-0.7071067811865475,-0.7071067811865475));
#3543=DIRECTION('',(-1,0,0));
#3544=FACE_SURFACE('',(#3549),#3545,.T.);
#3545=PLANE('',#3546);
#3546=AXIS2_PLACEMENT_3D('',#326,#3547,#3548);
#3547=DIRECTION('',(0.8854476869538812,-0.46473905976151986,0));
#3548=DIRECTION('',(0,0,-1));
#3549=FACE_BOUND('',#3550,.T.);
#3550=EDGE_LOOP('',(#3551,#3552,#3553));
#3551=ORIENTED_EDGE('',*,*,#3554,.T.);
#3552=ORIENTED_EDGE('',*,*,#3555,.T.);
#3553=ORIENTED_EDGE('',*,*,#3556,.T.);
#3554=EDGE_CURVE('',#327,#157,#3557,.F.);
#3555=EDGE_CURVE('',#157,#155,#3558,.T.);
#3556=EDGE_CURVE('',#155,#327,#3559,.T.);
#3557=LINE('',#326,#3560);
#3558=LINE('',#156,#3561);
#3559=LINE('',#154,#3562);
#3560=VECTOR('',#3563,1.0);
#3561=VECTOR('',#3564,1.0);
#3562=VECTOR('',#3565,1.0);
#3563=DIRECTION('',(0,0,-1));
#3564=DIRECTION('',(0.4647390597615198,0.8854476869538812,0));
#3565=DIRECTION('',(-0.017420097253573744,-0.03318977498384499,0.9992972425901102));
#3566=FACE_SURFACE('',(#3571),#3567,.T.);
#3567=PLANE('',#3568);
#3568=AXIS2_PLACEMENT_3D('',#326,#3569,#3570);
#3569=DIRECTION('',(0.8854476869538812,-0.46473905976151986,0));
#3570=DIRECTION('',(0.017420097253573744,0.03318977498384499,-0.9992972425901102));
#3571=FACE_BOUND('',#3572,.T.);
#3572=EDGE_LOOP('',(#3573,#3574,#3575));
#3573=ORIENTED_EDGE('',*,*,#3576,.T.);
#3574=ORIENTED_EDGE('',*,*,#3577,.T.);
#3575=ORIENTED_EDGE('',*,*,#3578,.T.);
#3576=EDGE_CURVE('',#327,#155,#3579,.F.);
#3577=EDGE_CURVE('',#155,#329,#3580,.T.);
#3578=EDGE_CURVE('',#329,#327,#3581,.T.);
#3579=LINE('',#326,#3582);
#3580=LINE('',#154,#3583);
#3581=LINE('',#328,#3584);
#3582=VECTOR('',#3585,1.0);
#3583=VECTOR('',#3586,1.0);
#3584=VECTOR('',#3587,1.0);
#3585=DIRECTION('',(0.017420097253573744,0.03318977498384499,-0.9992972425901102));
#3586=DIRECTION('',(0,0,1));
#3587=DIRECTION('',(-0.4647390597615198,-0.8854476869538812,0));
#3588=FACE_SURFACE('',(#3593),#3589,.T.);
#3589=PLANE('',#3590);
#3590=AXIS2_PLACEMENT_3D('',#330,#3591,#3592);
#3591=DIRECTION('',(0.9950655354942217,0.09921985724439329,-0));
#3592=DIRECTION('',(0,0,1));
#3593=FACE_BOUND('',#3594,.T.);
#3594=EDGE_LOOP('',(#3595,#3596,#3597));
#3595=ORIENTED_EDGE('',*,*,#3598,.T.);
#3596=ORIENTED_EDGE('',*,*,#3599,.T.);
#3597=ORIENTED_EDGE('',*,*,#3600,.T.);
#3598=EDGE_CURVE('',#331,#333,#3601,.F.);
#3599=EDGE_CURVE('',#333,#335,#3602,.T.);
#3600=EDGE_CURVE('',#335,#331,#3603,.T.);
#3601=LINE('',#330,#3604);
#3602=LINE('',#332,#3605);
#3603=LINE('',#334,#3606);
#3604=VECTOR('',#3607,1.0);
#3605=VECTOR('',#3608,1.0);
#3606=VECTOR('',#3609,1.0);
#3607=DIRECTION('',(0,0,1));
#3608=DIRECTION('',(0.09921985724439329,-0.9950655354942217,0));
#3609=DIRECTION('',(-0.006904956791641494,0.06924908701002455,-0.9975755036687618));
#3610=FACE_SURFACE('',(#3615),#3611,.T.);
#3611=PLANE('',#3612);
#3612=AXIS2_PLACEMENT_3D('',#330,#3613,#3614);
#3613=DIRECTION('',(0.9950655354942217,0.09921985724439329,0));
#3614=DIRECTION('',(0.006904956791641494,-0.06924908701002455,0.9975755036687618));
#3615=FACE_BOUND('',#3616,.T.);
#3616=EDGE_LOOP('',(#3617,#3618,#3619));
#3617=ORIENTED_EDGE('',*,*,#3620,.T.);
#3618=ORIENTED_EDGE('',*,*,#3621,.T.);
#3619=ORIENTED_EDGE('',*,*,#3622,.T.);
#3620=EDGE_CURVE('',#331,#335,#3623,.F.);
#3621=EDGE_CURVE('',#335,#337,#3624,.T.);
#3622=EDGE_CURVE('',#337,#331,#3625,.T.);
#3623=LINE('',#330,#3626);
#3624=LINE('',#334,#3627);
#3625=LINE('',#336,#3628);
#3626=VECTOR('',#3629,1.0);
#3627=VECTOR('',#3630,1.0);
#3628=VECTOR('',#3631,1.0);
#3629=DIRECTION('',(0.006904956791641494,-0.06924908701002455,0.9975755036687618));
#3630=DIRECTION('',(0,0,-1));
#3631=DIRECTION('',(-0.09921985724439329,0.9950655354942217,0));
#3632=FACE_SURFACE('',(#3637),#3633,.T.);
#3633=PLANE('',#3634);
#3634=AXIS2_PLACEMENT_3D('',#228,#3635,#3636);
#3635=DIRECTION('',(0.28900578342149447,-0.9573273510920536,0));
#3636=DIRECTION('',(0,0,1));
#3637=FACE_BOUND('',#3638,.T.);
#3638=EDGE_LOOP('',(#3639,#3640,#3641));
#3639=ORIENTED_EDGE('',*,*,#3642,.T.);
#3640=ORIENTED_EDGE('',*,*,#3643,.T.);
#3641=ORIENTED_EDGE('',*,*,#3644,.T.);
#3642=EDGE_CURVE('',#229,#227,#3645,.F.);
#3643=EDGE_CURVE('',#227,#339,#3646,.T.);
#3644=EDGE_CURVE('',#339,#229,#3647,.T.);
#3645=LINE('',#228,#3648);
#3646=LINE('',#226,#3649);
#3647=LINE('',#338,#3650);
#3648=VECTOR('',#3651,1.0);
#3649=VECTOR('',#3652,1.0);
#3650=VECTOR('',#3653,1.0);
#3651=DIRECTION('',(0,0,1));
#3652=DIRECTION('',(-0.9573273510920537,-0.2890057834214945,0));
#3653=DIRECTION('',(0.06652969816109536,0.020084527529595327,-0.9975822828300964));
#3654=FACE_SURFACE('',(#3659),#3655,.T.);
#3655=PLANE('',#3656);
#3656=AXIS2_PLACEMENT_3D('',#228,#3657,#3658);
#3657=DIRECTION('',(0.28900578342149447,-0.9573273510920536,0));
#3658=DIRECTION('',(-0.06652969816109536,-0.020084527529595327,0.9975822828300964));
#3659=FACE_BOUND('',#3660,.T.);
#3660=EDGE_LOOP('',(#3661,#3662,#3663));
#3661=ORIENTED_EDGE('',*,*,#3664,.T.);
#3662=ORIENTED_EDGE('',*,*,#3665,.T.);
#3663=ORIENTED_EDGE('',*,*,#3666,.T.);
#3664=EDGE_CURVE('',#229,#339,#3667,.F.);
#3665=EDGE_CURVE('',#339,#341,#3668,.T.);
#3666=EDGE_CURVE('',#341,#229,#3669,.T.);
#3667=LINE('',#228,#3670);
#3668=LINE('',#338,#3671);
#3669=LINE('',#340,#3672);
#3670=VECTOR('',#3673,1.0);
#3671=VECTOR('',#3674,1.0);
#3672=VECTOR('',#3675,1.0);
#3673=DIRECTION('',(-0.06652969816109536,-0.020084527529595327,0.9975822828300964));
#3674=DIRECTION('',(0,0,-1));
#3675=DIRECTION('',(0.9573273510920537,0.2890057834214945,0));
#3676=FACE_SURFACE('',(#3681),#3677,.T.);
#3677=PLANE('',#3678);
#3678=AXIS2_PLACEMENT_3D('',#342,#3679,#3680);
#3679=DIRECTION('',(0.7714084075926253,-0.6363403717315209,0));
#3680=DIRECTION('',(0,0,1));
#3681=FACE_BOUND('',#3682,.T.);
#3682=EDGE_LOOP('',(#3683,#3684,#3685));
#3683=ORIENTED_EDGE('',*,*,#3686,.T.);
#3684=ORIENTED_EDGE('',*,*,#3687,.T.);
#3685=ORIENTED_EDGE('',*,*,#3688,.T.);
#3686=EDGE_CURVE('',#343,#345,#3689,.F.);
#3687=EDGE_CURVE('',#345,#347,#3690,.T.);
#3688=EDGE_CURVE('',#347,#343,#3691,.T.);
#3689=LINE('',#342,#3692);
#3690=LINE('',#344,#3693);
#3691=LINE('',#346,#3694);
#3692=VECTOR('',#3695,1.0);
#3693=VECTOR('',#3696,1.0);
#3694=VECTOR('',#3697,1.0);
#3695=DIRECTION('',(0,0,1));
#3696=DIRECTION('',(-0.6363403717315208,-0.7714084075926253,0));
#3697=DIRECTION('',(0.04435196738562694,0.053766006455711064,-0.997568102707193));
#3698=FACE_SURFACE('',(#3703),#3699,.T.);
#3699=PLANE('',#3700);
#3700=AXIS2_PLACEMENT_3D('',#342,#3701,#3702);
#3701=DIRECTION('',(0.7714084075926253,-0.6363403717315209,0));
#3702=DIRECTION('',(-0.04435196738562694,-0.053766006455711064,0.997568102707193));
#3703=FACE_BOUND('',#3704,.T.);
#3704=EDGE_LOOP('',(#3705,#3706,#3707));
#3705=ORIENTED_EDGE('',*,*,#3708,.T.);
#3706=ORIENTED_EDGE('',*,*,#3709,.T.);
#3707=ORIENTED_EDGE('',*,*,#3710,.T.);
#3708=EDGE_CURVE('',#343,#347,#3711,.F.);
#3709=EDGE_CURVE('',#347,#349,#3712,.T.);
#3710=EDGE_CURVE('',#349,#343,#3713,.T.);
#3711=LINE('',#342,#3714);
#3712=LINE('',#346,#3715);
#3713=LINE('',#348,#3716);
#3714=VECTOR('',#3717,1.0);
#3715=VECTOR('',#3718,1.0);
#3716=VECTOR('',#3719,1.0);
#3717=DIRECTION('',(-0.04435196738562694,-0.053766006455711064,0.997568102707193));
#3718=DIRECTION('',(0,0,-1));
#3719=DIRECTION('',(0.6363403717315208,0.7714084075926253,0));
#3720=FACE_SURFACE('',(#3725),#3721,.T.);
#3721=PLANE('',#3722);
#3722=AXIS2_PLACEMENT_3D('',#350,#3723,#3724);
#3723=DIRECTION('',(-0.6363437785907384,0.7714055972371869,0));
#3724=DIRECTION('',(-0.771405597237187,-0.6363437785907384,0));
#3725=FACE_BOUND('',#3726,.T.);
#3726=EDGE_LOOP('',(#3727,#3728,#3729));
#3727=ORIENTED_EDGE('',*,*,#3730,.T.);
#3728=ORIENTED_EDGE('',*,*,#3731,.T.);
#3729=ORIENTED_EDGE('',*,*,#3732,.T.);
#3730=EDGE_CURVE('',#351,#353,#3733,.F.);
#3731=EDGE_CURVE('',#353,#355,#3734,.T.);
#3732=EDGE_CURVE('',#355,#351,#3735,.T.);
#3733=LINE('',#350,#3736);
#3734=LINE('',#352,#3737);
#3735=LINE('',#354,#3738);
#3736=VECTOR('',#3739,1.0);
#3737=VECTOR('',#3740,1.0);
#3738=VECTOR('',#3741,1.0);
#3739=DIRECTION('',(-0.771405597237187,-0.6363437785907384,0));
#3740=DIRECTION('',(0,0,1));
#3741=DIRECTION('',(0.05376600817945059,0.044352367842791694,-0.9975680848098465));
#3742=FACE_SURFACE('',(#3747),#3743,.T.);
#3743=PLANE('',#3744);
#3744=AXIS2_PLACEMENT_3D('',#350,#3745,#3746);
#3745=DIRECTION('',(-0.6363437785907384,0.7714055972371869,0));
#3746=DIRECTION('',(-0.05376600817945059,-0.044352367842791694,0.9975680848098465));
#3747=FACE_BOUND('',#3748,.T.);
#3748=EDGE_LOOP('',(#3749,#3750,#3751));
#3749=ORIENTED_EDGE('',*,*,#3752,.T.);
#3750=ORIENTED_EDGE('',*,*,#3753,.T.);
#3751=ORIENTED_EDGE('',*,*,#3754,.T.);
#3752=EDGE_CURVE('',#351,#355,#3755,.F.);
#3753=EDGE_CURVE('',#355,#357,#3756,.T.);
#3754=EDGE_CURVE('',#357,#351,#3757,.T.);
#3755=LINE('',#350,#3758);
#3756=LINE('',#354,#3759);
#3757=LINE('',#356,#3760);
#3758=VECTOR('',#3761,1.0);
#3759=VECTOR('',#3762,1.0);
#3760=VECTOR('',#3763,1.0);
#3761=DIRECTION('',(-0.05376600817945059,-0.044352367842791694,0.9975680848098465));
#3762=DIRECTION('',(0.771405597237187,0.6363437785907384,0));
#3763=DIRECTION('',(0,0,-1));
#3764=FACE_SURFACE('',(#3769),#3765,.T.);
#3765=PLANE('',#3766);
#3766=AXIS2_PLACEMENT_3D('',#148,#3767,#3768);
#3767=DIRECTION('',(0.28557712732029517,-0.9583557295448742,0));
#3768=DIRECTION('',(0.9583557295448742,0.28557712732029517,0));
#3769=FACE_BOUND('',#3770,.T.);
#3770=EDGE_LOOP('',(#3771,#3772,#3773));
#3771=ORIENTED_EDGE('',*,*,#3774,.T.);
#3772=ORIENTED_EDGE('',*,*,#3775,.T.);
#3773=ORIENTED_EDGE('',*,*,#3776,.T.);
#3774=EDGE_CURVE('',#149,#147,#3777,.F.);
#3775=EDGE_CURVE('',#147,#359,#3778,.T.);
#3776=EDGE_CURVE('',#359,#149,#3779,.T.);
#3777=LINE('',#148,#3780);
#3778=LINE('',#146,#3781);
#3779=LINE('',#358,#3782);
#3780=VECTOR('',#3783,1.0);
#3781=VECTOR('',#3784,1.0);
#3782=VECTOR('',#3785,1.0);
#3783=DIRECTION('',(0.9583557295448742,0.28557712732029517,0));
#3784=DIRECTION('',(0,0,1));
#3785=DIRECTION('',(-0.03554470531048751,-0.010591844469731593,-0.9993119566757518));
#3786=FACE_SURFACE('',(#3791),#3787,.T.);
#3787=PLANE('',#3788);
#3788=AXIS2_PLACEMENT_3D('',#148,#3789,#3790);
#3789=DIRECTION('',(0.28557712732029517,-0.9583557295448742,0));
#3790=DIRECTION('',(0.03554470531048751,0.010591844469731593,0.9993119566757518));
#3791=FACE_BOUND('',#3792,.T.);
#3792=EDGE_LOOP('',(#3793,#3794,#3795));
#3793=ORIENTED_EDGE('',*,*,#3796,.T.);
#3794=ORIENTED_EDGE('',*,*,#3797,.T.);
#3795=ORIENTED_EDGE('',*,*,#3798,.T.);
#3796=EDGE_CURVE('',#149,#359,#3799,.F.);
#3797=EDGE_CURVE('',#359,#283,#3800,.T.);
#3798=EDGE_CURVE('',#283,#149,#3801,.T.);
#3799=LINE('',#148,#3802);
#3800=LINE('',#358,#3803);
#3801=LINE('',#282,#3804);
#3802=VECTOR('',#3805,1.0);
#3803=VECTOR('',#3806,1.0);
#3804=VECTOR('',#3807,1.0);
#3805=DIRECTION('',(0.03554470531048751,0.010591844469731593,0.9993119566757518));
#3806=DIRECTION('',(-0.9583557295448742,-0.28557712732029517,0));
#3807=DIRECTION('',(0,0,-1));
#3808=FACE_SURFACE('',(#3813),#3809,.T.);
#3809=PLANE('',#3810);
#3810=AXIS2_PLACEMENT_3D('',#360,#3811,#3812);
#3811=DIRECTION('',(-0.9561660924808059,0.29282486846234057,0));
#3812=DIRECTION('',(0.29282486846234057,0.9561660924808059,0));
#3813=FACE_BOUND('',#3814,.T.);
#3814=EDGE_LOOP('',(#3815,#3816,#3817));
#3815=ORIENTED_EDGE('',*,*,#3818,.T.);
#3816=ORIENTED_EDGE('',*,*,#3819,.T.);
#3817=ORIENTED_EDGE('',*,*,#3820,.T.);
#3818=EDGE_CURVE('',#361,#363,#3821,.F.);
#3819=EDGE_CURVE('',#363,#365,#3822,.T.);
#3820=EDGE_CURVE('',#365,#361,#3823,.T.);
#3821=LINE('',#360,#3824);
#3822=LINE('',#362,#3825);
#3823=LINE('',#364,#3826);
#3824=VECTOR('',#3827,1.0);
#3825=VECTOR('',#3828,1.0);
#3826=VECTOR('',#3829,1.0);
#3827=DIRECTION('',(0.29282486846234057,0.9561660924808059,0));
#3828=DIRECTION('',(0,0,-1));
#3829=DIRECTION('',(-0.02050197622572863,-0.06694545650725853,0.9975459762957668));
#3830=FACE_SURFACE('',(#3835),#3831,.T.);
#3831=PLANE('',#3832);
#3832=AXIS2_PLACEMENT_3D('',#360,#3833,#3834);
#3833=DIRECTION('',(-0.9561660924808059,0.29282486846234057,0));
#3834=DIRECTION('',(0.02050197622572863,0.06694545650725853,-0.9975459762957668));
#3835=FACE_BOUND('',#3836,.T.);
#3836=EDGE_LOOP('',(#3837,#3838,#3839));
#3837=ORIENTED_EDGE('',*,*,#3840,.T.);
#3838=ORIENTED_EDGE('',*,*,#3841,.T.);
#3839=ORIENTED_EDGE('',*,*,#3842,.T.);
#3840=EDGE_CURVE('',#361,#365,#3843,.F.);
#3841=EDGE_CURVE('',#365,#367,#3844,.T.);
#3842=EDGE_CURVE('',#367,#361,#3845,.T.);
#3843=LINE('',#360,#3846);
#3844=LINE('',#364,#3847);
#3845=LINE('',#366,#3848);
#3846=VECTOR('',#3849,1.0);
#3847=VECTOR('',#3850,1.0);
#3848=VECTOR('',#3851,1.0);
#3849=DIRECTION('',(0.02050197622572863,0.06694545650725853,-0.9975459762957668));
#3850=DIRECTION('',(-0.29282486846234057,-0.9561660924808059,0));
#3851=DIRECTION('',(0,0,1));
#3852=FACE_SURFACE('',(#3857),#3853,.T.);
#3853=PLANE('',#3854);
#3854=AXIS2_PLACEMENT_3D('',#368,#3855,#3856);
#3855=DIRECTION('',(0.28900578342149447,-0.9573273510920537,0));
#3856=DIRECTION('',(0,0,1));
#3857=FACE_BOUND('',#3858,.T.);
#3858=EDGE_LOOP('',(#3859,#3860,#3861));
#3859=ORIENTED_EDGE('',*,*,#3862,.T.);
#3860=ORIENTED_EDGE('',*,*,#3863,.T.);
#3861=ORIENTED_EDGE('',*,*,#3864,.T.);
#3862=EDGE_CURVE('',#369,#371,#3865,.F.);
#3863=EDGE_CURVE('',#371,#373,#3866,.T.);
#3864=EDGE_CURVE('',#373,#369,#3867,.T.);
#3865=LINE('',#368,#3868);
#3866=LINE('',#370,#3869);
#3867=LINE('',#372,#3870);
#3868=VECTOR('',#3871,1.0);
#3869=VECTOR('',#3872,1.0);
#3870=VECTOR('',#3873,1.0);
#3871=DIRECTION('',(0,0,1));
#3872=DIRECTION('',(-0.9573273510920537,-0.2890057834214945,0));
#3873=DIRECTION('',(0.06652969485060975,0.020084526530198953,-0.997582283070997));
#3874=FACE_SURFACE('',(#3879),#3875,.T.);
#3875=PLANE('',#3876);
#3876=AXIS2_PLACEMENT_3D('',#368,#3877,#3878);
#3877=DIRECTION('',(0.28900578342149447,-0.9573273510920537,0));
#3878=DIRECTION('',(-0.06652969485060975,-0.020084526530198953,0.997582283070997));
#3879=FACE_BOUND('',#3880,.T.);
#3880=EDGE_LOOP('',(#3881,#3882,#3883));
#3881=ORIENTED_EDGE('',*,*,#3884,.T.);
#3882=ORIENTED_EDGE('',*,*,#3885,.T.);
#3883=ORIENTED_EDGE('',*,*,#3886,.T.);
#3884=EDGE_CURVE('',#369,#373,#3887,.F.);
#3885=EDGE_CURVE('',#373,#375,#3888,.T.);
#3886=EDGE_CURVE('',#375,#369,#3889,.T.);
#3887=LINE('',#368,#3890);
#3888=LINE('',#372,#3891);
#3889=LINE('',#374,#3892);
#3890=VECTOR('',#3893,1.0);
#3891=VECTOR('',#3894,1.0);
#3892=VECTOR('',#3895,1.0);
#3893=DIRECTION('',(-0.06652969485060975,-0.020084526530198953,0.997582283070997));
#3894=DIRECTION('',(0,0,-1));
#3895=DIRECTION('',(0.9573273510920537,0.2890057834214945,0));
#3896=FACE_SURFACE('',(#3901),#3897,.T.);
#3897=PLANE('',#3898);
#3898=AXIS2_PLACEMENT_3D('',#294,#3899,#3900);
#3899=DIRECTION('',(-0.47104202401507184,0.8821107706018471,0));
#3900=DIRECTION('',(-0.8821107706018471,-0.47104202401507184,0));
#3901=FACE_BOUND('',#3902,.T.);
#3902=EDGE_LOOP('',(#3903,#3904,#3905));
#3903=ORIENTED_EDGE('',*,*,#3906,.T.);
#3904=ORIENTED_EDGE('',*,*,#3907,.T.);
#3905=ORIENTED_EDGE('',*,*,#3908,.T.);
#3906=EDGE_CURVE('',#295,#377,#3909,.F.);
#3907=EDGE_CURVE('',#377,#379,#3910,.T.);
#3908=EDGE_CURVE('',#379,#295,#3911,.T.);
#3909=LINE('',#294,#3912);
#3910=LINE('',#376,#3913);
#3911=LINE('',#378,#3914);
#3912=VECTOR('',#3915,1.0);
#3913=VECTOR('',#3916,1.0);
#3914=VECTOR('',#3917,1.0);
#3915=DIRECTION('',(-0.8821107706018471,-0.47104202401507184,0));
#3916=DIRECTION('',(0,0,1));
#3917=DIRECTION('',(0.06150875430346688,0.03284531726325362,-0.9975659668803422));
#3918=FACE_SURFACE('',(#3923),#3919,.T.);
#3919=PLANE('',#3920);
#3920=AXIS2_PLACEMENT_3D('',#294,#3921,#3922);
#3921=DIRECTION('',(-0.47104202401507184,0.8821107706018471,0));
#3922=DIRECTION('',(-0.06150875430346688,-0.03284531726325362,0.9975659668803422));
#3923=FACE_BOUND('',#3924,.T.);
#3924=EDGE_LOOP('',(#3925,#3926,#3927));
#3925=ORIENTED_EDGE('',*,*,#3928,.T.);
#3926=ORIENTED_EDGE('',*,*,#3929,.T.);
#3927=ORIENTED_EDGE('',*,*,#3930,.T.);
#3928=EDGE_CURVE('',#295,#379,#3931,.F.);
#3929=EDGE_CURVE('',#379,#297,#3932,.T.);
#3930=EDGE_CURVE('',#297,#295,#3933,.T.);
#3931=LINE('',#294,#3934);
#3932=LINE('',#378,#3935);
#3933=LINE('',#296,#3936);
#3934=VECTOR('',#3937,1.0);
#3935=VECTOR('',#3938,1.0);
#3936=VECTOR('',#3939,1.0);
#3937=DIRECTION('',(-0.06150875430346688,-0.03284531726325362,0.9975659668803422));
#3938=DIRECTION('',(0.8821107706018471,0.47104202401507184,0));
#3939=DIRECTION('',(0,0,-1));
#3940=FACE_SURFACE('',(#3945),#3941,.T.);
#3941=PLANE('',#3942);
#3942=AXIS2_PLACEMENT_3D('',#380,#3943,#3944);
#3943=DIRECTION('',(-0.09919941124633905,-0.9950675739910227,0));
#3944=DIRECTION('',(0,0,1));
#3945=FACE_BOUND('',#3946,.T.);
#3946=EDGE_LOOP('',(#3947,#3948,#3949));
#3947=ORIENTED_EDGE('',*,*,#3950,.T.);
#3948=ORIENTED_EDGE('',*,*,#3951,.T.);
#3949=ORIENTED_EDGE('',*,*,#3952,.T.);
#3950=EDGE_CURVE('',#381,#383,#3953,.F.);
#3951=EDGE_CURVE('',#383,#275,#3954,.T.);
#3952=EDGE_CURVE('',#275,#381,#3955,.T.);
#3953=LINE('',#380,#3956);
#3954=LINE('',#382,#3957);
#3955=LINE('',#274,#3958);
#3956=VECTOR('',#3959,1.0);
#3957=VECTOR('',#3960,1.0);
#3958=VECTOR('',#3961,1.0);
#3959=DIRECTION('',(0,0,1));
#3960=DIRECTION('',(-0.9950675739910229,0.09919941124633906,0));
#3961=DIRECTION('',(0.06924749927437472,-0.006903361478002736,-0.9975756249250227));
#3962=FACE_SURFACE('',(#3967),#3963,.T.);
#3963=PLANE('',#3964);
#3964=AXIS2_PLACEMENT_3D('',#380,#3965,#3966);
#3965=DIRECTION('',(-0.09919941124633905,-0.9950675739910227,0));
#3966=DIRECTION('',(-0.06924749927437472,0.006903361478002736,0.9975756249250227));
#3967=FACE_BOUND('',#3968,.T.);
#3968=EDGE_LOOP('',(#3969,#3970,#3971));
#3969=ORIENTED_EDGE('',*,*,#3972,.T.);
#3970=ORIENTED_EDGE('',*,*,#3973,.T.);
#3971=ORIENTED_EDGE('',*,*,#3974,.T.);
#3972=EDGE_CURVE('',#381,#275,#3975,.F.);
#3973=EDGE_CURVE('',#275,#273,#3976,.T.);
#3974=EDGE_CURVE('',#273,#381,#3977,.T.);
#3975=LINE('',#380,#3978);
#3976=LINE('',#274,#3979);
#3977=LINE('',#272,#3980);
#3978=VECTOR('',#3981,1.0);
#3979=VECTOR('',#3982,1.0);
#3980=VECTOR('',#3983,1.0);
#3981=DIRECTION('',(-0.06924749927437472,0.006903361478002736,0.9975756249250227));
#3982=DIRECTION('',(0,0,-1));
#3983=DIRECTION('',(0.9950675739910229,-0.09919941124633906,0));
#3984=FACE_SURFACE('',(#3989),#3985,.T.);
#3985=PLANE('',#3986);
#3986=AXIS2_PLACEMENT_3D('',#384,#3987,#3988);
#3987=DIRECTION('',(0.4710515354664002,0.8821056914762238,0));
#3988=DIRECTION('',(-0.8821056914762238,0.4710515354664002,0));
#3989=FACE_BOUND('',#3990,.T.);
#3990=EDGE_LOOP('',(#3991,#3992,#3993));
#3991=ORIENTED_EDGE('',*,*,#3994,.T.);
#3992=ORIENTED_EDGE('',*,*,#3995,.T.);
#3993=ORIENTED_EDGE('',*,*,#3996,.T.);
#3994=EDGE_CURVE('',#385,#253,#3997,.F.);
#3995=EDGE_CURVE('',#253,#259,#3998,.T.);
#3996=EDGE_CURVE('',#259,#385,#3999,.T.);
#3997=LINE('',#384,#4000);
#3998=LINE('',#252,#4001);
#3999=LINE('',#258,#4002);
#4000=VECTOR('',#4003,1.0);
#4001=VECTOR('',#4004,1.0);
#4002=VECTOR('',#4005,1.0);
#4003=DIRECTION('',(-0.8821056914762238,0.4710515354664002,0));
#4004=DIRECTION('',(0,0,1));
#4005=DIRECTION('',(0.06150716420445284,-0.032845320487848204,-0.99756606481655));
#4006=FACE_SURFACE('',(#4011),#4007,.T.);
#4007=PLANE('',#4008);
#4008=AXIS2_PLACEMENT_3D('',#384,#4009,#4010);
#4009=DIRECTION('',(0.4710515354664002,0.8821056914762238,-0));
#4010=DIRECTION('',(-0.06150716420445284,0.032845320487848204,0.99756606481655));
#4011=FACE_BOUND('',#4012,.T.);
#4012=EDGE_LOOP('',(#4013,#4014,#4015));
#4013=ORIENTED_EDGE('',*,*,#4016,.T.);
#4014=ORIENTED_EDGE('',*,*,#4017,.T.);
#4015=ORIENTED_EDGE('',*,*,#4018,.T.);
#4016=EDGE_CURVE('',#385,#259,#4019,.F.);
#4017=EDGE_CURVE('',#259,#387,#4020,.T.);
#4018=EDGE_CURVE('',#387,#385,#4021,.T.);
#4019=LINE('',#384,#4022);
#4020=LINE('',#258,#4023);
#4021=LINE('',#386,#4024);
#4022=VECTOR('',#4025,1.0);
#4023=VECTOR('',#4026,1.0);
#4024=VECTOR('',#4027,1.0);
#4025=DIRECTION('',(-0.06150716420445284,0.032845320487848204,0.99756606481655));
#4026=DIRECTION('',(0.8821056914762238,-0.4710515354664002,0));
#4027=DIRECTION('',(0,0,-1));
#4028=FACE_SURFACE('',(#4033),#4029,.T.);
#4029=PLANE('',#4030);
#4030=AXIS2_PLACEMENT_3D('',#278,#4031,#4032);
#4031=DIRECTION('',(-0.47104202401507184,-0.8821107706018471,0));
#4032=DIRECTION('',(0,0,1));
#4033=FACE_BOUND('',#4034,.T.);
#4034=EDGE_LOOP('',(#4035,#4036,#4037));
#4035=ORIENTED_EDGE('',*,*,#4038,.T.);
#4036=ORIENTED_EDGE('',*,*,#4039,.T.);
#4037=ORIENTED_EDGE('',*,*,#4040,.T.);
#4038=EDGE_CURVE('',#279,#277,#4041,.F.);
#4039=EDGE_CURVE('',#277,#389,#4042,.T.);
#4040=EDGE_CURVE('',#389,#279,#4043,.T.);
#4041=LINE('',#278,#4044);
#4042=LINE('',#276,#4045);
#4043=LINE('',#388,#4046);
#4044=VECTOR('',#4047,1.0);
#4045=VECTOR('',#4048,1.0);
#4046=VECTOR('',#4049,1.0);
#4047=DIRECTION('',(0,0,1));
#4048=DIRECTION('',(-0.8821107706018471,0.47104202401507184,0));
#4049=DIRECTION('',(0.06150875430346688,-0.03284531726325362,-0.9975659668803422));
#4050=FACE_SURFACE('',(#4055),#4051,.T.);
#4051=PLANE('',#4052);
#4052=AXIS2_PLACEMENT_3D('',#278,#4053,#4054);
#4053=DIRECTION('',(-0.47104202401507184,-0.8821107706018471,0));
#4054=DIRECTION('',(-0.06150875430346688,0.03284531726325362,0.9975659668803422));
#4055=FACE_BOUND('',#4056,.T.);
#4056=EDGE_LOOP('',(#4057,#4058,#4059));
#4057=ORIENTED_EDGE('',*,*,#4060,.T.);
#4058=ORIENTED_EDGE('',*,*,#4061,.T.);
#4059=ORIENTED_EDGE('',*,*,#4062,.T.);
#4060=EDGE_CURVE('',#279,#389,#4063,.F.);
#4061=EDGE_CURVE('',#389,#391,#4064,.T.);
#4062=EDGE_CURVE('',#391,#279,#4065,.T.);
#4063=LINE('',#278,#4066);
#4064=LINE('',#388,#4067);
#4065=LINE('',#390,#4068);
#4066=VECTOR('',#4069,1.0);
#4067=VECTOR('',#4070,1.0);
#4068=VECTOR('',#4071,1.0);
#4069=DIRECTION('',(-0.06150875430346688,0.03284531726325362,0.9975659668803422));
#4070=DIRECTION('',(0,0,-1));
#4071=DIRECTION('',(0.8821107706018471,-0.47104202401507184,0));
#4072=FACE_SURFACE('',(#4077),#4073,.T.);
#4073=PLANE('',#4074);
#4074=AXIS2_PLACEMENT_3D('',#120,#4075,#4076);
#4075=DIRECTION('',(0.4705752945191002,0.8823598428012587,0));
#4076=DIRECTION('',(-0.8823598428012587,0.4705752945191002,0));
#4077=FACE_BOUND('',#4078,.T.);
#4078=EDGE_LOOP('',(#4079,#4080,#4081));
#4079=ORIENTED_EDGE('',*,*,#4082,.T.);
#4080=ORIENTED_EDGE('',*,*,#4083,.T.);
#4081=ORIENTED_EDGE('',*,*,#4084,.T.);
#4082=EDGE_CURVE('',#121,#119,#4085,.F.);
#4083=EDGE_CURVE('',#119,#393,#4086,.T.);
#4084=EDGE_CURVE('',#393,#121,#4087,.T.);
#4085=LINE('',#120,#4088);
#4086=LINE('',#118,#4089);
#4087=LINE('',#392,#4090);
#4088=VECTOR('',#4091,1.0);
#4089=VECTOR('',#4092,1.0);
#4090=VECTOR('',#4093,1.0);
#4091=DIRECTION('',(-0.8823598428012587,0.4705752945191002,0));
#4092=DIRECTION('',(0,0,1));
#4093=DIRECTION('',(0.03177992531906358,-0.016948694842385027,-0.9993511785602969));
#4094=FACE_SURFACE('',(#4099),#4095,.T.);
#4095=PLANE('',#4096);
#4096=AXIS2_PLACEMENT_3D('',#120,#4097,#4098);
#4097=DIRECTION('',(0.4705752945191002,0.8823598428012587,-0));
#4098=DIRECTION('',(-0.03177992531906358,0.016948694842385027,0.9993511785602969));
#4099=FACE_BOUND('',#4100,.T.);
#4100=EDGE_LOOP('',(#4101,#4102,#4103));
#4101=ORIENTED_EDGE('',*,*,#4104,.T.);
#4102=ORIENTED_EDGE('',*,*,#4105,.T.);
#4103=ORIENTED_EDGE('',*,*,#4106,.T.);
#4104=EDGE_CURVE('',#121,#393,#4107,.F.);
#4105=EDGE_CURVE('',#393,#395,#4108,.T.);
#4106=EDGE_CURVE('',#395,#121,#4109,.T.);
#4107=LINE('',#120,#4110);
#4108=LINE('',#392,#4111);
#4109=LINE('',#394,#4112);
#4110=VECTOR('',#4113,1.0);
#4111=VECTOR('',#4114,1.0);
#4112=VECTOR('',#4115,1.0);
#4113=DIRECTION('',(-0.03177992531906358,0.016948694842385027,0.9993511785602969));
#4114=DIRECTION('',(0.8823598428012587,-0.4705752945191002,0));
#4115=DIRECTION('',(0,0,-1));
#4116=FACE_SURFACE('',(#4121),#4117,.T.);
#4117=PLANE('',#4118);
#4118=AXIS2_PLACEMENT_3D('',#48,#4119,#4120);
#4119=DIRECTION('',(0.7714130441007071,-0.6363347510479687,0));
#4120=DIRECTION('',(0,0,1));
#4121=FACE_BOUND('',#4122,.T.);
#4122=EDGE_LOOP('',(#4123,#4124,#4125));
#4123=ORIENTED_EDGE('',*,*,#4126,.T.);
#4124=ORIENTED_EDGE('',*,*,#4127,.T.);
#4125=ORIENTED_EDGE('',*,*,#4128,.T.);
#4126=EDGE_CURVE('',#49,#47,#4129,.F.);
#4127=EDGE_CURVE('',#47,#305,#4130,.T.);
#4128=EDGE_CURVE('',#305,#49,#4131,.T.);
#4129=LINE('',#48,#4132);
#4130=LINE('',#46,#4133);
#4131=LINE('',#304,#4134);
#4132=VECTOR('',#4135,1.0);
#4133=VECTOR('',#4136,1.0);
#4134=VECTOR('',#4137,1.0);
#4135=DIRECTION('',(0,0,1));
#4136=DIRECTION('',(-0.6363347510479688,-0.7714130441007072,0));
#4137=DIRECTION('',(0.04435196768938119,0.05376680489439846,-0.9975680596598548));
#4138=FACE_SURFACE('',(#4143),#4139,.T.);
#4139=PLANE('',#4140);
#4140=AXIS2_PLACEMENT_3D('',#48,#4141,#4142);
#4141=DIRECTION('',(0.7714130441007071,-0.6363347510479687,0));
#4142=DIRECTION('',(-0.04435196768938119,-0.05376680489439846,0.9975680596598548));
#4143=FACE_BOUND('',#4144,.T.);
#4144=EDGE_LOOP('',(#4145,#4146,#4147));
#4145=ORIENTED_EDGE('',*,*,#4148,.T.);
#4146=ORIENTED_EDGE('',*,*,#4149,.T.);
#4147=ORIENTED_EDGE('',*,*,#4150,.T.);
#4148=EDGE_CURVE('',#49,#305,#4151,.F.);
#4149=EDGE_CURVE('',#305,#303,#4152,.T.);
#4150=EDGE_CURVE('',#303,#49,#4153,.T.);
#4151=LINE('',#48,#4154);
#4152=LINE('',#304,#4155);
#4153=LINE('',#302,#4156);
#4154=VECTOR('',#4157,1.0);
#4155=VECTOR('',#4158,1.0);
#4156=VECTOR('',#4159,1.0);
#4157=DIRECTION('',(-0.04435196768938119,-0.05376680489439846,0.9975680596598548));
#4158=DIRECTION('',(0,0,-1));
#4159=DIRECTION('',(0.6363347510479688,0.7714130441007072,0));
#4160=FACE_SURFACE('',(#4165),#4161,.T.);
#4161=PLANE('',#4162);
#4162=AXIS2_PLACEMENT_3D('',#396,#4163,#4164);
#4163=DIRECTION('',(-0.8807683353909399,-0.4735473992882578,0));
#4164=DIRECTION('',(-0.4735473992882578,0.8807683353909399,0));
#4165=FACE_BOUND('',#4166,.T.);
#4166=EDGE_LOOP('',(#4167,#4168,#4169));
#4167=ORIENTED_EDGE('',*,*,#4170,.T.);
#4168=ORIENTED_EDGE('',*,*,#4171,.T.);
#4169=ORIENTED_EDGE('',*,*,#4172,.T.);
#4170=EDGE_CURVE('',#397,#399,#4173,.F.);
#4171=EDGE_CURVE('',#399,#401,#4174,.T.);
#4172=EDGE_CURVE('',#401,#397,#4175,.T.);
#4173=LINE('',#396,#4176);
#4174=LINE('',#398,#4177);
#4175=LINE('',#400,#4178);
#4176=VECTOR('',#4179,1.0);
#4177=VECTOR('',#4180,1.0);
#4178=VECTOR('',#4181,1.0);
#4179=DIRECTION('',(-0.4735473992882578,0.8807683353909399,0));
#4180=DIRECTION('',(0,0,-1));
#4181=DIRECTION('',(0.00965098875801147,-0.017950231203985863,0.9997923022386781));
#4182=FACE_SURFACE('',(#4187),#4183,.T.);
#4183=PLANE('',#4184);
#4184=AXIS2_PLACEMENT_3D('',#400,#4185,#4186);
#4185=DIRECTION('',(-0.8807642902510676,-0.4735549229165853,0));
#4186=DIRECTION('',(0.4735549229165853,-0.8807642902510676,0));
#4187=FACE_BOUND('',#4188,.T.);
#4188=EDGE_LOOP('',(#4189,#4190,#4191));
#4189=ORIENTED_EDGE('',*,*,#4192,.T.);
#4190=ORIENTED_EDGE('',*,*,#4193,.T.);
#4191=ORIENTED_EDGE('',*,*,#4194,.T.);
#4192=EDGE_CURVE('',#401,#403,#4195,.F.);
#4193=EDGE_CURVE('',#403,#405,#4196,.T.);
#4194=EDGE_CURVE('',#405,#401,#4197,.T.);
#4195=LINE('',#400,#4198);
#4196=LINE('',#402,#4199);
#4197=LINE('',#404,#4200);
#4198=VECTOR('',#4201,1.0);
#4199=VECTOR('',#4202,1.0);
#4200=VECTOR('',#4203,1.0);
#4201=DIRECTION('',(0.4735549229165853,-0.8807642902510676,0));
#4202=DIRECTION('',(0,0,1));
#4203=DIRECTION('',(-0.03284616411559187,0.061090545203423434,-0.9975916372893471));
#4204=FACE_SURFACE('',(#4209),#4205,.T.);
#4205=PLANE('',#4206);
#4206=AXIS2_PLACEMENT_3D('',#396,#4207,#4208);
#4207=DIRECTION('',(-0.8807626123444277,-0.4735580436400155,-2.4635279954467466E-07));
#4208=DIRECTION('',(-0.00965098875801147,0.017950231203985863,-0.9997923022386781));
#4209=FACE_BOUND('',#4210,.T.);
#4210=EDGE_LOOP('',(#4211,#4212,#4213));
#4211=ORIENTED_EDGE('',*,*,#4214,.T.);
#4212=ORIENTED_EDGE('',*,*,#4215,.T.);
#4213=ORIENTED_EDGE('',*,*,#4216,.T.);
#4214=EDGE_CURVE('',#397,#401,#4217,.F.);
#4215=EDGE_CURVE('',#401,#405,#4218,.T.);
#4216=EDGE_CURVE('',#405,#397,#4219,.T.);
#4217=LINE('',#396,#4220);
#4218=LINE('',#400,#4221);
#4219=LINE('',#404,#4222);
#4220=VECTOR('',#4223,1.0);
#4221=VECTOR('',#4224,1.0);
#4222=VECTOR('',#4225,1.0);
#4223=DIRECTION('',(-0.00965098875801147,0.017950231203985863,-0.9997923022386781));
#4224=DIRECTION('',(0.03284616411559187,-0.061090545203423434,0.9975916372893471));
#4225=DIRECTION('',(-0.4735580436400299,0.8807626123444544,0));
#4226=FACE_SURFACE('',(#4231),#4227,.T.);
#4227=PLANE('',#4228);
#4228=AXIS2_PLACEMENT_3D('',#142,#4229,#4230);
#4229=DIRECTION('',(-0.28557712732029517,-0.9583557295448742,0));
#4230=DIRECTION('',(0.9583557295448742,-0.28557712732029517,0));
#4231=FACE_BOUND('',#4232,.T.);
#4232=EDGE_LOOP('',(#4233,#4234,#4235));
#4233=ORIENTED_EDGE('',*,*,#4236,.T.);
#4234=ORIENTED_EDGE('',*,*,#4237,.T.);
#4235=ORIENTED_EDGE('',*,*,#4238,.T.);
#4236=EDGE_CURVE('',#143,#141,#4239,.F.);
#4237=EDGE_CURVE('',#141,#191,#4240,.T.);
#4238=EDGE_CURVE('',#191,#143,#4241,.T.);
#4239=LINE('',#142,#4242);
#4240=LINE('',#140,#4243);
#4241=LINE('',#190,#4244);
#4242=VECTOR('',#4245,1.0);
#4243=VECTOR('',#4246,1.0);
#4244=VECTOR('',#4247,1.0);
#4245=DIRECTION('',(0.9583557295448742,-0.28557712732029517,0));
#4246=DIRECTION('',(0,0,1));
#4247=DIRECTION('',(-0.03554470531048751,0.010591844469731593,-0.9993119566757518));
#4248=FACE_SURFACE('',(#4253),#4249,.T.);
#4249=PLANE('',#4250);
#4250=AXIS2_PLACEMENT_3D('',#142,#4251,#4252);
#4251=DIRECTION('',(-0.28557712732029517,-0.9583557295448742,0));
#4252=DIRECTION('',(0.03554470531048751,-0.010591844469731593,0.9993119566757518));
#4253=FACE_BOUND('',#4254,.T.);
#4254=EDGE_LOOP('',(#4255,#4256,#4257));
#4255=ORIENTED_EDGE('',*,*,#4258,.T.);
#4256=ORIENTED_EDGE('',*,*,#4259,.T.);
#4257=ORIENTED_EDGE('',*,*,#4260,.T.);
#4258=EDGE_CURVE('',#143,#191,#4261,.F.);
#4259=EDGE_CURVE('',#191,#407,#4262,.T.);
#4260=EDGE_CURVE('',#407,#143,#4263,.T.);
#4261=LINE('',#142,#4264);
#4262=LINE('',#190,#4265);
#4263=LINE('',#406,#4266);
#4264=VECTOR('',#4267,1.0);
#4265=VECTOR('',#4268,1.0);
#4266=VECTOR('',#4269,1.0);
#4267=DIRECTION('',(0.03554470531048751,-0.010591844469731593,0.9993119566757518));
#4268=DIRECTION('',(-0.9583557295448742,0.28557712732029517,0));
#4269=DIRECTION('',(0,0,-1));
#4270=FACE_SURFACE('',(#4275),#4271,.T.);
#4271=PLANE('',#4272);
#4272=AXIS2_PLACEMENT_3D('',#146,#4273,#4274);
#4273=DIRECTION('',(0.10016548560927692,-0.9949707912761349,0));
#4274=DIRECTION('',(0.9949707912761347,0.1001654856092769,0));
#4275=FACE_BOUND('',#4276,.T.);
#4276=EDGE_LOOP('',(#4277,#4278,#4279));
#4277=ORIENTED_EDGE('',*,*,#4280,.T.);
#4278=ORIENTED_EDGE('',*,*,#4281,.T.);
#4279=ORIENTED_EDGE('',*,*,#4282,.T.);
#4280=EDGE_CURVE('',#147,#145,#4283,.F.);
#4281=EDGE_CURVE('',#145,#409,#4284,.T.);
#4282=EDGE_CURVE('',#409,#147,#4285,.T.);
#4283=LINE('',#146,#4286);
#4284=LINE('',#144,#4287);
#4285=LINE('',#408,#4288);
#4286=VECTOR('',#4289,1.0);
#4287=VECTOR('',#4290,1.0);
#4288=VECTOR('',#4291,1.0);
#4289=DIRECTION('',(0.9949707912761347,0.1001654856092769,0));
#4290=DIRECTION('',(0,0,1));
#4291=DIRECTION('',(-0.03742608552530787,-0.003767750836472932,-0.9992922956652306));
#4292=FACE_SURFACE('',(#4297),#4293,.T.);
#4293=PLANE('',#4294);
#4294=AXIS2_PLACEMENT_3D('',#146,#4295,#4296);
#4295=DIRECTION('',(0.10016548560927692,-0.9949707912761349,0));
#4296=DIRECTION('',(0.03742608552530787,0.003767750836472932,0.9992922956652306));
#4297=FACE_BOUND('',#4298,.T.);
#4298=EDGE_LOOP('',(#4299,#4300,#4301));
#4299=ORIENTED_EDGE('',*,*,#4302,.T.);
#4300=ORIENTED_EDGE('',*,*,#4303,.T.);
#4301=ORIENTED_EDGE('',*,*,#4304,.T.);
#4302=EDGE_CURVE('',#147,#409,#4305,.F.);
#4303=EDGE_CURVE('',#409,#359,#4306,.T.);
#4304=EDGE_CURVE('',#359,#147,#4307,.T.);
#4305=LINE('',#146,#4308);
#4306=LINE('',#408,#4309);
#4307=LINE('',#358,#4310);
#4308=VECTOR('',#4311,1.0);
#4309=VECTOR('',#4312,1.0);
#4310=VECTOR('',#4313,1.0);
#4311=DIRECTION('',(0.03742608552530787,0.003767750836472932,0.9992922956652306));
#4312=DIRECTION('',(-0.9949707912761347,-0.1001654856092769,0));
#4313=DIRECTION('',(0,0,-1));
#4314=FACE_SURFACE('',(#4319),#4315,.T.);
#4315=PLANE('',#4316);
#4316=AXIS2_PLACEMENT_3D('',#210,#4317,#4318);
#4317=DIRECTION('',(0.4710559883850583,0.8821033135673938,0));
#4318=DIRECTION('',(-0.8821033135673937,0.47105598838505824,0));
#4319=FACE_BOUND('',#4320,.T.);
#4320=EDGE_LOOP('',(#4321,#4322,#4323));
#4321=ORIENTED_EDGE('',*,*,#4324,.T.);
#4322=ORIENTED_EDGE('',*,*,#4325,.T.);
#4323=ORIENTED_EDGE('',*,*,#4326,.T.);
#4324=EDGE_CURVE('',#211,#411,#4327,.F.);
#4325=EDGE_CURVE('',#411,#413,#4328,.T.);
#4326=EDGE_CURVE('',#413,#211,#4329,.T.);
#4327=LINE('',#210,#4330);
#4328=LINE('',#410,#4331);
#4329=LINE('',#412,#4332);
#4330=VECTOR('',#4333,1.0);
#4331=VECTOR('',#4334,1.0);
#4332=VECTOR('',#4335,1.0);
#4333=DIRECTION('',(-0.8821033135673937,0.47105598838505824,0));
#4334=DIRECTION('',(0,0,1));
#4335=DIRECTION('',(0.061507166458776914,-0.032845720726101625,-0.9975660514994459));
#4336=FACE_SURFACE('',(#4341),#4337,.T.);
#4337=PLANE('',#4338);
#4338=AXIS2_PLACEMENT_3D('',#210,#4339,#4340);
#4339=DIRECTION('',(0.4710559883850583,0.8821033135673938,-0));
#4340=DIRECTION('',(-0.061507166458776914,0.032845720726101625,0.9975660514994459));
#4341=FACE_BOUND('',#4342,.T.);
#4342=EDGE_LOOP('',(#4343,#4344,#4345));
#4343=ORIENTED_EDGE('',*,*,#4346,.T.);
#4344=ORIENTED_EDGE('',*,*,#4347,.T.);
#4345=ORIENTED_EDGE('',*,*,#4348,.T.);
#4346=EDGE_CURVE('',#211,#413,#4349,.F.);
#4347=EDGE_CURVE('',#413,#213,#4350,.T.);
#4348=EDGE_CURVE('',#213,#211,#4351,.T.);
#4349=LINE('',#210,#4352);
#4350=LINE('',#412,#4353);
#4351=LINE('',#212,#4354);
#4352=VECTOR('',#4355,1.0);
#4353=VECTOR('',#4356,1.0);
#4354=VECTOR('',#4357,1.0);
#4355=DIRECTION('',(-0.061507166458776914,0.032845720726101625,0.9975660514994459));
#4356=DIRECTION('',(0.8821033135673937,-0.47105598838505824,0));
#4357=DIRECTION('',(0,0,-1));
#4358=FACE_SURFACE('',(#4363),#4359,.T.);
#4359=PLANE('',#4360);
#4360=AXIS2_PLACEMENT_3D('',#414,#4361,#4362);
#4361=DIRECTION('',(0.9950057855667229,-0.09981726648605767,0));
#4362=DIRECTION('',(0,0,1));
#4363=FACE_BOUND('',#4364,.T.);
#4364=EDGE_LOOP('',(#4365,#4366,#4367));
#4365=ORIENTED_EDGE('',*,*,#4368,.T.);
#4366=ORIENTED_EDGE('',*,*,#4369,.T.);
#4367=ORIENTED_EDGE('',*,*,#4370,.T.);
#4368=EDGE_CURVE('',#415,#417,#4371,.F.);
#4369=EDGE_CURVE('',#417,#419,#4372,.T.);
#4370=EDGE_CURVE('',#419,#415,#4373,.T.);
#4371=LINE('',#414,#4374);
#4372=LINE('',#416,#4375);
#4373=LINE('',#418,#4376);
#4374=VECTOR('',#4377,1.0);
#4375=VECTOR('',#4378,1.0);
#4376=VECTOR('',#4379,1.0);
#4377=DIRECTION('',(0,0,1));
#4378=DIRECTION('',(-0.09981726648605765,-0.9950057855667228,0));
#4379=DIRECTION('',(0.006905156693284928,0.06883248862583279,-0.9976043340526423));
#4380=FACE_SURFACE('',(#4385),#4381,.T.);
#4381=PLANE('',#4382);
#4382=AXIS2_PLACEMENT_3D('',#414,#4383,#4384);
#4383=DIRECTION('',(0.9950057855667229,-0.09981726648605767,0));
#4384=DIRECTION('',(-0.006905156693284928,-0.06883248862583279,0.9976043340526423));
#4385=FACE_BOUND('',#4386,.T.);
#4386=EDGE_LOOP('',(#4387,#4388,#4389));
#4387=ORIENTED_EDGE('',*,*,#4390,.T.);
#4388=ORIENTED_EDGE('',*,*,#4391,.T.);
#4389=ORIENTED_EDGE('',*,*,#4392,.T.);
#4390=EDGE_CURVE('',#415,#419,#4393,.F.);
#4391=EDGE_CURVE('',#419,#421,#4394,.T.);
#4392=EDGE_CURVE('',#421,#415,#4395,.T.);
#4393=LINE('',#414,#4396);
#4394=LINE('',#418,#4397);
#4395=LINE('',#420,#4398);
#4396=VECTOR('',#4399,1.0);
#4397=VECTOR('',#4400,1.0);
#4398=VECTOR('',#4401,1.0);
#4399=DIRECTION('',(-0.006905156693284928,-0.06883248862583279,0.9976043340526423));
#4400=DIRECTION('',(0,0,-1));
#4401=DIRECTION('',(0.09981726648605765,0.9950057855667228,0));
#4402=FACE_SURFACE('',(#4407),#4403,.T.);
#4403=PLANE('',#4404);
#4404=AXIS2_PLACEMENT_3D('',#422,#4405,#4406);
#4405=DIRECTION('',(0.8821044216467426,0.47105391338069325,-0));
#4406=DIRECTION('',(0,0,1));
#4407=FACE_BOUND('',#4408,.T.);
#4408=EDGE_LOOP('',(#4409,#4410,#4411));
#4409=ORIENTED_EDGE('',*,*,#4412,.T.);
#4410=ORIENTED_EDGE('',*,*,#4413,.T.);
#4411=ORIENTED_EDGE('',*,*,#4414,.T.);
#4412=EDGE_CURVE('',#423,#425,#4415,.F.);
#4413=EDGE_CURVE('',#425,#427,#4416,.T.);
#4414=EDGE_CURVE('',#427,#423,#4417,.T.);
#4415=LINE('',#422,#4418);
#4416=LINE('',#424,#4419);
#4417=LINE('',#426,#4420);
#4418=VECTOR('',#4421,1.0);
#4419=VECTOR('',#4422,1.0);
#4420=VECTOR('',#4423,1.0);
#4421=DIRECTION('',(0,0,1));
#4422=DIRECTION('',(0.47105391338069325,-0.8821044216467426,0));
#4423=DIRECTION('',(-0.032845321293983924,0.06150676667962615,-0.9975660893002092));
#4424=FACE_SURFACE('',(#4429),#4425,.T.);
#4425=PLANE('',#4426);
#4426=AXIS2_PLACEMENT_3D('',#422,#4427,#4428);
#4427=DIRECTION('',(0.8821044216467426,0.47105391338069325,0));
#4428=DIRECTION('',(0.032845321293983924,-0.06150676667962615,0.9975660893002092));
#4429=FACE_BOUND('',#4430,.T.);
#4430=EDGE_LOOP('',(#4431,#4432,#4433));
#4431=ORIENTED_EDGE('',*,*,#4434,.T.);
#4432=ORIENTED_EDGE('',*,*,#4435,.T.);
#4433=ORIENTED_EDGE('',*,*,#4436,.T.);
#4434=EDGE_CURVE('',#423,#427,#4437,.F.);
#4435=EDGE_CURVE('',#427,#429,#4438,.T.);
#4436=EDGE_CURVE('',#429,#423,#4439,.T.);
#4437=LINE('',#422,#4440);
#4438=LINE('',#426,#4441);
#4439=LINE('',#428,#4442);
#4440=VECTOR('',#4443,1.0);
#4441=VECTOR('',#4444,1.0);
#4442=VECTOR('',#4445,1.0);
#4443=DIRECTION('',(0.032845321293983924,-0.06150676667962615,0.9975660893002092));
#4444=DIRECTION('',(0,0,-1));
#4445=DIRECTION('',(-0.47105391338069325,0.8821044216467426,0));
#4446=FACE_SURFACE('',(#4451),#4447,.T.);
#4447=PLANE('',#4448);
#4448=AXIS2_PLACEMENT_3D('',#316,#4449,#4450);
#4449=DIRECTION('',(0.9950655354942217,0.0992198572443933,-0));
#4450=DIRECTION('',(0,0,1));
#4451=FACE_BOUND('',#4452,.T.);
#4452=EDGE_LOOP('',(#4453,#4454,#4455));
#4453=ORIENTED_EDGE('',*,*,#4456,.T.);
#4454=ORIENTED_EDGE('',*,*,#4457,.T.);
#4455=ORIENTED_EDGE('',*,*,#4458,.T.);
#4456=EDGE_CURVE('',#317,#315,#4459,.F.);
#4457=EDGE_CURVE('',#315,#417,#4460,.T.);
#4458=EDGE_CURVE('',#417,#317,#4461,.T.);
#4459=LINE('',#316,#4462);
#4460=LINE('',#314,#4463);
#4461=LINE('',#416,#4464);
#4462=VECTOR('',#4465,1.0);
#4463=VECTOR('',#4466,1.0);
#4464=VECTOR('',#4467,1.0);
#4465=DIRECTION('',(0,0,1));
#4466=DIRECTION('',(0.09921985724439329,-0.9950655354942217,0));
#4467=DIRECTION('',(-0.006904957135224152,0.06924909045577897,-0.9975755034271883));
#4468=FACE_SURFACE('',(#4473),#4469,.T.);
#4469=PLANE('',#4470);
#4470=AXIS2_PLACEMENT_3D('',#316,#4471,#4472);
#4471=DIRECTION('',(0.9950655354942217,0.0992198572443933,0));
#4472=DIRECTION('',(0.006904957135224152,-0.06924909045577897,0.9975755034271883));
#4473=FACE_BOUND('',#4474,.T.);
#4474=EDGE_LOOP('',(#4475,#4476,#4477));
#4475=ORIENTED_EDGE('',*,*,#4478,.T.);
#4476=ORIENTED_EDGE('',*,*,#4479,.T.);
#4477=ORIENTED_EDGE('',*,*,#4480,.T.);
#4478=EDGE_CURVE('',#317,#417,#4481,.F.);
#4479=EDGE_CURVE('',#417,#415,#4482,.T.);
#4480=EDGE_CURVE('',#415,#317,#4483,.T.);
#4481=LINE('',#316,#4484);
#4482=LINE('',#416,#4485);
#4483=LINE('',#414,#4486);
#4484=VECTOR('',#4487,1.0);
#4485=VECTOR('',#4488,1.0);
#4486=VECTOR('',#4489,1.0);
#4487=DIRECTION('',(0.006904957135224152,-0.06924909045577897,0.9975755034271883));
#4488=DIRECTION('',(0,0,-1));
#4489=DIRECTION('',(-0.09921985724439329,0.9950655354942217,0));
#4490=FACE_SURFACE('',(#4495),#4491,.T.);
#4491=PLANE('',#4492);
#4492=AXIS2_PLACEMENT_3D('',#428,#4493,#4494);
#4493=DIRECTION('',(0.9573273510920537,0.28900578342149447,-0));
#4494=DIRECTION('',(0,0,1));
#4495=FACE_BOUND('',#4496,.T.);
#4496=EDGE_LOOP('',(#4497,#4498,#4499));
#4497=ORIENTED_EDGE('',*,*,#4500,.T.);
#4498=ORIENTED_EDGE('',*,*,#4501,.T.);
#4499=ORIENTED_EDGE('',*,*,#4502,.T.);
#4500=EDGE_CURVE('',#429,#427,#4503,.F.);
#4501=EDGE_CURVE('',#427,#333,#4504,.T.);
#4502=EDGE_CURVE('',#333,#429,#4505,.T.);
#4503=LINE('',#428,#4506);
#4504=LINE('',#426,#4507);
#4505=LINE('',#332,#4508);
#4506=VECTOR('',#4509,1.0);
#4507=VECTOR('',#4510,1.0);
#4508=VECTOR('',#4511,1.0);
#4509=DIRECTION('',(0,0,1));
#4510=DIRECTION('',(0.2890057834214945,-0.9573273510920537,0));
#4511=DIRECTION('',(-0.020084526530198953,0.06652969485060975,-0.997582283070997));
#4512=FACE_SURFACE('',(#4517),#4513,.T.);
#4513=PLANE('',#4514);
#4514=AXIS2_PLACEMENT_3D('',#428,#4515,#4516);
#4515=DIRECTION('',(0.9573273510920537,0.28900578342149447,0));
#4516=DIRECTION('',(0.020084526530198953,-0.06652969485060975,0.997582283070997));
#4517=FACE_BOUND('',#4518,.T.);
#4518=EDGE_LOOP('',(#4519,#4520,#4521));
#4519=ORIENTED_EDGE('',*,*,#4522,.T.);
#4520=ORIENTED_EDGE('',*,*,#4523,.T.);
#4521=ORIENTED_EDGE('',*,*,#4524,.T.);
#4522=EDGE_CURVE('',#429,#333,#4525,.F.);
#4523=EDGE_CURVE('',#333,#331,#4526,.T.);
#4524=EDGE_CURVE('',#331,#429,#4527,.T.);
#4525=LINE('',#428,#4528);
#4526=LINE('',#332,#4529);
#4527=LINE('',#330,#4530);
#4528=VECTOR('',#4531,1.0);
#4529=VECTOR('',#4532,1.0);
#4530=VECTOR('',#4533,1.0);
#4531=DIRECTION('',(0.020084526530198953,-0.06652969485060975,0.997582283070997));
#4532=DIRECTION('',(0,0,-1));
#4533=DIRECTION('',(-0.2890057834214945,0.9573273510920537,0));
#4534=FACE_SURFACE('',(#4539),#4535,.T.);
#4535=PLANE('',#4536);
#4536=AXIS2_PLACEMENT_3D('',#232,#4537,#4538);
#4537=DIRECTION('',(0.7697688324105317,0.6383227589936981,0));
#4538=DIRECTION('',(0,0,-1));
#4539=FACE_BOUND('',#4540,.T.);
#4540=EDGE_LOOP('',(#4541,#4542,#4543));
#4541=ORIENTED_EDGE('',*,*,#4544,.T.);
#4542=ORIENTED_EDGE('',*,*,#4545,.T.);
#4543=ORIENTED_EDGE('',*,*,#4546,.T.);
#4544=EDGE_CURVE('',#233,#169,#4547,.F.);
#4545=EDGE_CURVE('',#169,#167,#4548,.T.);
#4546=EDGE_CURVE('',#167,#233,#4549,.T.);
#4547=LINE('',#232,#4550);
#4548=LINE('',#168,#4551);
#4549=LINE('',#166,#4552);
#4550=VECTOR('',#4553,1.0);
#4551=VECTOR('',#4554,1.0);
#4552=VECTOR('',#4555,1.0);
#4553=DIRECTION('',(0,0,-1));
#4554=DIRECTION('',(-0.638322758993698,0.7697688324105317,0));
#4555=DIRECTION('',(0.024009087539052752,-0.02895313855221845,0.999292389385368));
#4556=FACE_SURFACE('',(#4561),#4557,.T.);
#4557=PLANE('',#4558);
#4558=AXIS2_PLACEMENT_3D('',#232,#4559,#4560);
#4559=DIRECTION('',(0.7697688324105317,0.6383227589936981,0));
#4560=DIRECTION('',(-0.024009087539052752,0.02895313855221845,-0.999292389385368));
#4561=FACE_BOUND('',#4562,.T.);
#4562=EDGE_LOOP('',(#4563,#4564,#4565));
#4563=ORIENTED_EDGE('',*,*,#4566,.T.);
#4564=ORIENTED_EDGE('',*,*,#4567,.T.);
#4565=ORIENTED_EDGE('',*,*,#4568,.T.);
#4566=EDGE_CURVE('',#233,#167,#4569,.F.);
#4567=EDGE_CURVE('',#167,#431,#4570,.T.);
#4568=EDGE_CURVE('',#431,#233,#4571,.T.);
#4569=LINE('',#232,#4572);
#4570=LINE('',#166,#4573);
#4571=LINE('',#430,#4574);
#4572=VECTOR('',#4575,1.0);
#4573=VECTOR('',#4576,1.0);
#4574=VECTOR('',#4577,1.0);
#4575=DIRECTION('',(-0.024009087539052752,0.02895313855221845,-0.999292389385368));
#4576=DIRECTION('',(0,0,1));
#4577=DIRECTION('',(0.638322758993698,-0.7697688324105317,0));
#4578=FACE_SURFACE('',(#4583),#4579,.T.);
#4579=PLANE('',#4580);
#4580=AXIS2_PLACEMENT_3D('',#112,#4581,#4582);
#4581=DIRECTION('',(0.8769136528630465,0.4806479433248294,-0));
#4582=DIRECTION('',(0,0,1));
#4583=FACE_BOUND('',#4584,.T.);
#4584=EDGE_LOOP('',(#4585,#4586,#4587));
#4585=ORIENTED_EDGE('',*,*,#4588,.T.);
#4586=ORIENTED_EDGE('',*,*,#4589,.T.);
#4587=ORIENTED_EDGE('',*,*,#4590,.T.);
#4588=EDGE_CURVE('',#113,#433,#4591,.F.);
#4589=EDGE_CURVE('',#433,#249,#4592,.T.);
#4590=EDGE_CURVE('',#249,#113,#4593,.T.);
#4591=LINE('',#112,#4594);
#4592=LINE('',#432,#4595);
#4593=LINE('',#248,#4596);
#4594=VECTOR('',#4597,1.0);
#4595=VECTOR('',#4598,1.0);
#4596=VECTOR('',#4599,1.0);
#4597=DIRECTION('',(0,0,1));
#4598=DIRECTION('',(0.4806479433248294,-0.8769136528630465,0));
#4599=DIRECTION('',(-0.017419101382533178,0.0317801168923879,-0.9993430837691986));
#4600=FACE_SURFACE('',(#4605),#4601,.T.);
#4601=PLANE('',#4602);
#4602=AXIS2_PLACEMENT_3D('',#112,#4603,#4604);
#4603=DIRECTION('',(0.8769136528630465,0.4806479433248294,0));
#4604=DIRECTION('',(0.017419101382533178,-0.0317801168923879,0.9993430837691986));
#4605=FACE_BOUND('',#4606,.T.);
#4606=EDGE_LOOP('',(#4607,#4608,#4609));
#4607=ORIENTED_EDGE('',*,*,#4610,.T.);
#4608=ORIENTED_EDGE('',*,*,#4611,.T.);
#4609=ORIENTED_EDGE('',*,*,#4612,.T.);
#4610=EDGE_CURVE('',#113,#249,#4613,.F.);
#4611=EDGE_CURVE('',#249,#115,#4614,.T.);
#4612=EDGE_CURVE('',#115,#113,#4615,.T.);
#4613=LINE('',#112,#4616);
#4614=LINE('',#248,#4617);
#4615=LINE('',#114,#4618);
#4616=VECTOR('',#4619,1.0);
#4617=VECTOR('',#4620,1.0);
#4618=VECTOR('',#4621,1.0);
#4619=DIRECTION('',(0.017419101382533178,-0.0317801168923879,0.9993430837691986));
#4620=DIRECTION('',(0,0,-1));
#4621=DIRECTION('',(-0.4806479433248294,0.8769136528630465,0));
#4622=FACE_SURFACE('',(#4627),#4623,.T.);
#4623=PLANE('',#4624);
#4624=AXIS2_PLACEMENT_3D('',#390,#4625,#4626);
#4625=DIRECTION('',(-0.6363539989449829,-0.7713971662034601,0));
#4626=DIRECTION('',(0,0,1));
#4627=FACE_BOUND('',#4628,.T.);
#4628=EDGE_LOOP('',(#4629,#4630,#4631));
#4629=ORIENTED_EDGE('',*,*,#4632,.T.);
#4630=ORIENTED_EDGE('',*,*,#4633,.T.);
#4631=ORIENTED_EDGE('',*,*,#4634,.T.);
#4632=EDGE_CURVE('',#391,#389,#4635,.F.);
#4633=EDGE_CURVE('',#389,#435,#4636,.T.);
#4634=EDGE_CURVE('',#435,#391,#4637,.T.);
#4635=LINE('',#390,#4638);
#4636=LINE('',#388,#4639);
#4637=LINE('',#434,#4640);
#4638=VECTOR('',#4641,1.0);
#4639=VECTOR('',#4642,1.0);
#4640=VECTOR('',#4643,1.0);
#4641=DIRECTION('',(0,0,1));
#4642=DIRECTION('',(-0.7713971662034602,0.636353998944983,0));
#4643=DIRECTION('',(0.05376600264944042,-0.04435356038660087,-0.997568032086099));
#4644=FACE_SURFACE('',(#4649),#4645,.T.);
#4645=PLANE('',#4646);
#4646=AXIS2_PLACEMENT_3D('',#390,#4647,#4648);
#4647=DIRECTION('',(-0.6363539989449829,-0.7713971662034601,0));
#4648=DIRECTION('',(-0.05376600264944042,0.04435356038660087,0.997568032086099));
#4649=FACE_BOUND('',#4650,.T.);
#4650=EDGE_LOOP('',(#4651,#4652,#4653));
#4651=ORIENTED_EDGE('',*,*,#4654,.T.);
#4652=ORIENTED_EDGE('',*,*,#4655,.T.);
#4653=ORIENTED_EDGE('',*,*,#4656,.T.);
#4654=EDGE_CURVE('',#391,#435,#4657,.F.);
#4655=EDGE_CURVE('',#435,#437,#4658,.T.);
#4656=EDGE_CURVE('',#437,#391,#4659,.T.);
#4657=LINE('',#390,#4660);
#4658=LINE('',#434,#4661);
#4659=LINE('',#436,#4662);
#4660=VECTOR('',#4663,1.0);
#4661=VECTOR('',#4664,1.0);
#4662=VECTOR('',#4665,1.0);
#4663=DIRECTION('',(-0.05376600264944042,0.04435356038660087,0.997568032086099));
#4664=DIRECTION('',(0,0,-1));
#4665=DIRECTION('',(0.7713971662034602,-0.636353998944983,0));
#4666=FACE_SURFACE('',(#4671),#4667,.T.);
#4667=PLANE('',#4668);
#4668=AXIS2_PLACEMENT_3D('',#328,#4669,#4670);
#4669=DIRECTION('',(0.7672017771116484,-0.6414058256647881,0));
#4670=DIRECTION('',(0,0,-1));
#4671=FACE_BOUND('',#4672,.T.);
#4672=EDGE_LOOP('',(#4673,#4674,#4675));
#4673=ORIENTED_EDGE('',*,*,#4676,.T.);
#4674=ORIENTED_EDGE('',*,*,#4677,.T.);
#4675=ORIENTED_EDGE('',*,*,#4678,.T.);
#4676=EDGE_CURVE('',#329,#155,#4679,.F.);
#4677=EDGE_CURVE('',#155,#153,#4680,.T.);
#4678=EDGE_CURVE('',#153,#329,#4681,.T.);
#4679=LINE('',#328,#4682);
#4680=LINE('',#154,#4683);
#4681=LINE('',#152,#4684);
#4682=VECTOR('',#4685,1.0);
#4683=VECTOR('',#4686,1.0);
#4684=VECTOR('',#4687,1.0);
#4685=DIRECTION('',(0,0,-1));
#4686=DIRECTION('',(0.6414058256647881,0.7672017771116484,0));
#4687=DIRECTION('',(-0.024009250414536006,-0.02871807340704954,0.9992991684947603));
#4688=FACE_SURFACE('',(#4693),#4689,.T.);
#4689=PLANE('',#4690);
#4690=AXIS2_PLACEMENT_3D('',#328,#4691,#4692);
#4691=DIRECTION('',(0.7672017771116484,-0.6414058256647881,0));
#4692=DIRECTION('',(0.024009250414536006,0.02871807340704954,-0.9992991684947603));
#4693=FACE_BOUND('',#4694,.T.);
#4694=EDGE_LOOP('',(#4695,#4696,#4697));
#4695=ORIENTED_EDGE('',*,*,#4698,.T.);
#4696=ORIENTED_EDGE('',*,*,#4699,.T.);
#4697=ORIENTED_EDGE('',*,*,#4700,.T.);
#4698=EDGE_CURVE('',#329,#153,#4701,.F.);
#4699=EDGE_CURVE('',#153,#199,#4702,.T.);
#4700=EDGE_CURVE('',#199,#329,#4703,.T.);
#4701=LINE('',#328,#4704);
#4702=LINE('',#152,#4705);
#4703=LINE('',#198,#4706);
#4704=VECTOR('',#4707,1.0);
#4705=VECTOR('',#4708,1.0);
#4706=VECTOR('',#4709,1.0);
#4707=DIRECTION('',(0.024009250414536006,0.02871807340704954,-0.9992991684947603));
#4708=DIRECTION('',(0,0,1));
#4709=DIRECTION('',(-0.6414058256647881,-0.7672017771116484,0));
#4710=FACE_SURFACE('',(#4715),#4711,.T.);
#4711=PLANE('',#4712);
#4712=AXIS2_PLACEMENT_3D('',#102,#4713,#4714);
#4713=DIRECTION('',(0.632524231533667,-0.7745405712567573,0));
#4714=DIRECTION('',(0,0,1));
#4715=FACE_BOUND('',#4716,.T.);
#4716=EDGE_LOOP('',(#4717,#4718,#4719));
#4717=ORIENTED_EDGE('',*,*,#4720,.T.);
#4718=ORIENTED_EDGE('',*,*,#4721,.T.);
#4719=ORIENTED_EDGE('',*,*,#4722,.T.);
#4720=EDGE_CURVE('',#103,#439,#4723,.F.);
#4721=EDGE_CURVE('',#439,#441,#4724,.T.);
#4722=EDGE_CURVE('',#441,#103,#4725,.T.);
#4723=LINE('',#102,#4726);
#4724=LINE('',#438,#4727);
#4725=LINE('',#440,#4728);
#4726=VECTOR('',#4729,1.0);
#4727=VECTOR('',#4730,1.0);
#4728=VECTOR('',#4731,1.0);
#4729=DIRECTION('',(0,0,1));
#4730=DIRECTION('',(-0.7745405712567573,-0.632524231533667,0));
#4731=DIRECTION('',(0.028248556204654832,0.02306902564999627,-0.9993346982507474));
#4732=FACE_SURFACE('',(#4737),#4733,.T.);
#4733=PLANE('',#4734);
#4734=AXIS2_PLACEMENT_3D('',#102,#4735,#4736);
#4735=DIRECTION('',(0.632524231533667,-0.7745405712567573,0));
#4736=DIRECTION('',(-0.028248556204654832,-0.02306902564999627,0.9993346982507474));
#4737=FACE_BOUND('',#4738,.T.);
#4738=EDGE_LOOP('',(#4739,#4740,#4741));
#4739=ORIENTED_EDGE('',*,*,#4742,.T.);
#4740=ORIENTED_EDGE('',*,*,#4743,.T.);
#4741=ORIENTED_EDGE('',*,*,#4744,.T.);
#4742=EDGE_CURVE('',#103,#441,#4745,.F.);
#4743=EDGE_CURVE('',#441,#105,#4746,.T.);
#4744=EDGE_CURVE('',#105,#103,#4747,.T.);
#4745=LINE('',#102,#4748);
#4746=LINE('',#440,#4749);
#4747=LINE('',#104,#4750);
#4748=VECTOR('',#4751,1.0);
#4749=VECTOR('',#4752,1.0);
#4750=VECTOR('',#4753,1.0);
#4751=DIRECTION('',(-0.028248556204654832,-0.02306902564999627,0.9993346982507474));
#4752=DIRECTION('',(0,0,-1));
#4753=DIRECTION('',(0.7745405712567573,0.632524231533667,0));
#4754=FACE_SURFACE('',(#4759),#4755,.T.);
#4755=PLANE('',#4756);
#4756=AXIS2_PLACEMENT_3D('',#348,#4757,#4758);
#4757=DIRECTION('',(0.6363427577302823,-0.7714064393587983,0));
#4758=DIRECTION('',(0,0,1));
#4759=FACE_BOUND('',#4760,.T.);
#4760=EDGE_LOOP('',(#4761,#4762,#4763));
#4761=ORIENTED_EDGE('',*,*,#4764,.T.);
#4762=ORIENTED_EDGE('',*,*,#4765,.T.);
#4763=ORIENTED_EDGE('',*,*,#4766,.T.);
#4764=EDGE_CURVE('',#349,#347,#4767,.F.);
#4765=EDGE_CURVE('',#347,#443,#4768,.T.);
#4766=EDGE_CURVE('',#443,#349,#4769,.T.);
#4767=LINE('',#348,#4770);
#4768=LINE('',#346,#4771);
#4769=LINE('',#442,#4772);
#4770=VECTOR('',#4773,1.0);
#4771=VECTOR('',#4774,1.0);
#4772=VECTOR('',#4775,1.0);
#4773=DIRECTION('',(0,0,1));
#4774=DIRECTION('',(-0.7714064393587983,-0.6363427577302821,0));
#4775=DIRECTION('',(0.053767594175932916,0.044353556580206135,-0.9975679464754362));
#4776=FACE_SURFACE('',(#4781),#4777,.T.);
#4777=PLANE('',#4778);
#4778=AXIS2_PLACEMENT_3D('',#348,#4779,#4780);
#4779=DIRECTION('',(0.6363427577302823,-0.7714064393587983,0));
#4780=DIRECTION('',(-0.053767594175932916,-0.044353556580206135,0.9975679464754362));
#4781=FACE_BOUND('',#4782,.T.);
#4782=EDGE_LOOP('',(#4783,#4784,#4785));
#4783=ORIENTED_EDGE('',*,*,#4786,.T.);
#4784=ORIENTED_EDGE('',*,*,#4787,.T.);
#4785=ORIENTED_EDGE('',*,*,#4788,.T.);
#4786=EDGE_CURVE('',#349,#443,#4789,.F.);
#4787=EDGE_CURVE('',#443,#445,#4790,.T.);
#4788=EDGE_CURVE('',#445,#349,#4791,.T.);
#4789=LINE('',#348,#4792);
#4790=LINE('',#442,#4793);
#4791=LINE('',#444,#4794);
#4792=VECTOR('',#4795,1.0);
#4793=VECTOR('',#4796,1.0);
#4794=VECTOR('',#4797,1.0);
#4795=DIRECTION('',(-0.053767594175932916,-0.044353556580206135,0.9975679464754362));
#4796=DIRECTION('',(0,0,-1));
#4797=DIRECTION('',(0.7714064393587983,0.6363427577302821,0));
#4798=FACE_SURFACE('',(#4803),#4799,.T.);
#4799=PLANE('',#4800);
#4800=AXIS2_PLACEMENT_3D('',#446,#4801,#4802);
#4801=DIRECTION('',(-0.09921076651449169,0.9950664419060704,0));
#4802=DIRECTION('',(-0.9950664419060704,-0.09921076651449169,0));
#4803=FACE_BOUND('',#4804,.T.);
#4804=EDGE_LOOP('',(#4805,#4806,#4807));
#4805=ORIENTED_EDGE('',*,*,#4808,.T.);
#4806=ORIENTED_EDGE('',*,*,#4809,.T.);
#4807=ORIENTED_EDGE('',*,*,#4810,.T.);
#4808=EDGE_CURVE('',#447,#449,#4811,.F.);
#4809=EDGE_CURVE('',#449,#451,#4812,.T.);
#4810=EDGE_CURVE('',#451,#447,#4813,.T.);
#4811=LINE('',#446,#4814);
#4812=LINE('',#448,#4815);
#4813=LINE('',#450,#4816);
#4814=VECTOR('',#4817,1.0);
#4815=VECTOR('',#4818,1.0);
#4816=VECTOR('',#4819,1.0);
#4817=DIRECTION('',(-0.9950664419060704,-0.09921076651449169,0));
#4818=DIRECTION('',(0,0,1));
#4819=DIRECTION('',(0.06924750233851597,0.0069041598599772,-0.9975756191870895));
#4820=FACE_SURFACE('',(#4825),#4821,.T.);
#4821=PLANE('',#4822);
#4822=AXIS2_PLACEMENT_3D('',#446,#4823,#4824);
#4823=DIRECTION('',(-0.09921076651449169,0.9950664419060704,0));
#4824=DIRECTION('',(-0.06924750233851597,-0.0069041598599772,0.9975756191870895));
#4825=FACE_BOUND('',#4826,.T.);
#4826=EDGE_LOOP('',(#4827,#4828,#4829));
#4827=ORIENTED_EDGE('',*,*,#4830,.T.);
#4828=ORIENTED_EDGE('',*,*,#4831,.T.);
#4829=ORIENTED_EDGE('',*,*,#4832,.T.);
#4830=EDGE_CURVE('',#447,#451,#4833,.F.);
#4831=EDGE_CURVE('',#451,#453,#4834,.T.);
#4832=EDGE_CURVE('',#453,#447,#4835,.T.);
#4833=LINE('',#446,#4836);
#4834=LINE('',#450,#4837);
#4835=LINE('',#452,#4838);
#4836=VECTOR('',#4839,1.0);
#4837=VECTOR('',#4840,1.0);
#4838=VECTOR('',#4841,1.0);
#4839=DIRECTION('',(-0.06924750233851597,-0.0069041598599772,0.9975756191870895));
#4840=DIRECTION('',(0.9950664419060704,0.09921076651449169,0));
#4841=DIRECTION('',(0,0,-1));
#4842=FACE_SURFACE('',(#4847),#4843,.T.);
#4843=PLANE('',#4844);
#4844=AXIS2_PLACEMENT_3D('',#118,#4845,#4846);
#4845=DIRECTION('',(0.632524231533667,0.7745405712567573,0));
#4846=DIRECTION('',(-0.7745405712567573,0.632524231533667,0));
#4847=FACE_BOUND('',#4848,.T.);
#4848=EDGE_LOOP('',(#4849,#4850,#4851));
#4849=ORIENTED_EDGE('',*,*,#4852,.T.);
#4850=ORIENTED_EDGE('',*,*,#4853,.T.);
#4851=ORIENTED_EDGE('',*,*,#4854,.T.);
#4852=EDGE_CURVE('',#119,#117,#4855,.F.);
#4853=EDGE_CURVE('',#117,#251,#4856,.T.);
#4854=EDGE_CURVE('',#251,#119,#4857,.T.);
#4855=LINE('',#118,#4858);
#4856=LINE('',#116,#4859);
#4857=LINE('',#250,#4860);
#4858=VECTOR('',#4861,1.0);
#4859=VECTOR('',#4862,1.0);
#4860=VECTOR('',#4863,1.0);
#4861=DIRECTION('',(-0.7745405712567573,0.632524231533667,0));
#4862=DIRECTION('',(0,0,1));
#4863=DIRECTION('',(0.028248556204654832,-0.02306902564999627,-0.9993346982507474));
#4864=FACE_SURFACE('',(#4869),#4865,.T.);
#4865=PLANE('',#4866);
#4866=AXIS2_PLACEMENT_3D('',#118,#4867,#4868);
#4867=DIRECTION('',(0.632524231533667,0.7745405712567573,-0));
#4868=DIRECTION('',(-0.028248556204654832,0.02306902564999627,0.9993346982507474));
#4869=FACE_BOUND('',#4870,.T.);
#4870=EDGE_LOOP('',(#4871,#4872,#4873));
#4871=ORIENTED_EDGE('',*,*,#4874,.T.);
#4872=ORIENTED_EDGE('',*,*,#4875,.T.);
#4873=ORIENTED_EDGE('',*,*,#4876,.T.);
#4874=EDGE_CURVE('',#119,#251,#4877,.F.);
#4875=EDGE_CURVE('',#251,#393,#4878,.T.);
#4876=EDGE_CURVE('',#393,#119,#4879,.T.);
#4877=LINE('',#118,#4880);
#4878=LINE('',#250,#4881);
#4879=LINE('',#392,#4882);
#4880=VECTOR('',#4883,1.0);
#4881=VECTOR('',#4884,1.0);
#4882=VECTOR('',#4885,1.0);
#4883=DIRECTION('',(-0.028248556204654832,0.02306902564999627,0.9993346982507474));
#4884=DIRECTION('',(0.7745405712567573,-0.632524231533667,0));
#4885=DIRECTION('',(0,0,-1));
#4886=FACE_SURFACE('',(#4891),#4887,.T.);
#4887=PLANE('',#4888);
#4888=AXIS2_PLACEMENT_3D('',#454,#4889,#4890);
#4889=DIRECTION('',(-0.8852008979259118,-0.4652089533867114,0));
#4890=DIRECTION('',(-0.46520895338671137,0.8852008979259118,0));
#4891=FACE_BOUND('',#4892,.T.);
#4892=EDGE_LOOP('',(#4893,#4894,#4895));
#4893=ORIENTED_EDGE('',*,*,#4896,.T.);
#4894=ORIENTED_EDGE('',*,*,#4897,.T.);
#4895=ORIENTED_EDGE('',*,*,#4898,.T.);
#4896=EDGE_CURVE('',#455,#457,#4899,.F.);
#4897=EDGE_CURVE('',#457,#87,#4900,.T.);
#4898=EDGE_CURVE('',#87,#455,#4901,.T.);
#4899=LINE('',#454,#4902);
#4900=LINE('',#456,#4903);
#4901=LINE('',#86,#4904);
#4902=VECTOR('',#4905,1.0);
#4903=VECTOR('',#4906,1.0);
#4904=VECTOR('',#4907,1.0);
#4905=DIRECTION('',(-0.46520895338671137,0.8852008979259118,0));
#4906=DIRECTION('',(0,0,-1));
#4907=DIRECTION('',(0.01694843976696292,-0.03224953860182382,0.9993361384686512));
#4908=FACE_SURFACE('',(#4913),#4909,.T.);
#4909=PLANE('',#4910);
#4910=AXIS2_PLACEMENT_3D('',#454,#4911,#4912);
#4911=DIRECTION('',(-0.8852008979259118,-0.4652089533867114,-0));
#4912=DIRECTION('',(-0.01694843976696292,0.03224953860182382,-0.9993361384686512));
#4913=FACE_BOUND('',#4914,.T.);
#4914=EDGE_LOOP('',(#4915,#4916,#4917));
#4915=ORIENTED_EDGE('',*,*,#4918,.T.);
#4916=ORIENTED_EDGE('',*,*,#4919,.T.);
#4917=ORIENTED_EDGE('',*,*,#4920,.T.);
#4918=EDGE_CURVE('',#455,#87,#4921,.F.);
#4919=EDGE_CURVE('',#87,#85,#4922,.T.);
#4920=EDGE_CURVE('',#85,#455,#4923,.T.);
#4921=LINE('',#454,#4924);
#4922=LINE('',#86,#4925);
#4923=LINE('',#84,#4926);
#4924=VECTOR('',#4927,1.0);
#4925=VECTOR('',#4928,1.0);
#4926=VECTOR('',#4929,1.0);
#4927=DIRECTION('',(-0.01694843976696292,0.03224953860182382,-0.9993361384686512));
#4928=DIRECTION('',(0.46520895338671137,-0.8852008979259118,0));
#4929=DIRECTION('',(0,0,1));
#4930=FACE_SURFACE('',(#4935),#4931,.T.);
#4931=PLANE('',#4932);
#4932=AXIS2_PLACEMENT_3D('',#376,#4933,#4934);
#4933=DIRECTION('',(-0.6327632341650163,0.774345329610135,0));
#4934=DIRECTION('',(-0.7743453296101351,-0.6327632341650165,0));
#4935=FACE_BOUND('',#4936,.T.);
#4936=EDGE_LOOP('',(#4937,#4938,#4939));
#4937=ORIENTED_EDGE('',*,*,#4940,.T.);
#4938=ORIENTED_EDGE('',*,*,#4941,.T.);
#4939=ORIENTED_EDGE('',*,*,#4942,.T.);
#4940=EDGE_CURVE('',#377,#459,#4943,.F.);
#4941=EDGE_CURVE('',#459,#461,#4944,.T.);
#4942=EDGE_CURVE('',#461,#377,#4945,.T.);
#4943=LINE('',#376,#4946);
#4944=LINE('',#458,#4947);
#4945=LINE('',#460,#4948);
#4946=VECTOR('',#4949,1.0);
#4947=VECTOR('',#4950,1.0);
#4948=VECTOR('',#4951,1.0);
#4949=DIRECTION('',(-0.7743453296101351,-0.6327632341650165,0));
#4950=DIRECTION('',(0,0,1));
#4951=DIRECTION('',(0.05376699523632237,0.04393618259982216,-0.9975864484253044));
#4952=FACE_SURFACE('',(#4957),#4953,.T.);
#4953=PLANE('',#4954);
#4954=AXIS2_PLACEMENT_3D('',#376,#4955,#4956);
#4955=DIRECTION('',(-0.6327632341650163,0.774345329610135,0));
#4956=DIRECTION('',(-0.05376699523632237,-0.04393618259982216,0.9975864484253044));
#4957=FACE_BOUND('',#4958,.T.);
#4958=EDGE_LOOP('',(#4959,#4960,#4961));
#4959=ORIENTED_EDGE('',*,*,#4962,.T.);
#4960=ORIENTED_EDGE('',*,*,#4963,.T.);
#4961=ORIENTED_EDGE('',*,*,#4964,.T.);
#4962=EDGE_CURVE('',#377,#461,#4965,.F.);
#4963=EDGE_CURVE('',#461,#379,#4966,.T.);
#4964=EDGE_CURVE('',#379,#377,#4967,.T.);
#4965=LINE('',#376,#4968);
#4966=LINE('',#460,#4969);
#4967=LINE('',#378,#4970);
#4968=VECTOR('',#4971,1.0);
#4969=VECTOR('',#4972,1.0);
#4970=VECTOR('',#4973,1.0);
#4971=DIRECTION('',(-0.05376699523632237,-0.04393618259982216,0.9975864484253044));
#4972=DIRECTION('',(0.7743453296101351,0.6327632341650165,0));
#4973=DIRECTION('',(0,0,-1));
#4974=FACE_SURFACE('',(#4979),#4975,.T.);
#4975=PLANE('',#4976);
#4976=AXIS2_PLACEMENT_3D('',#124,#4977,#4978);
#4977=DIRECTION('',(0.09756756873741251,0.9952289030824367,0));
#4978=DIRECTION('',(-0.9952289030824367,0.09756756873741251,0));
#4979=FACE_BOUND('',#4980,.T.);
#4980=EDGE_LOOP('',(#4981,#4982,#4983));
#4981=ORIENTED_EDGE('',*,*,#4984,.T.);
#4982=ORIENTED_EDGE('',*,*,#4985,.T.);
#4983=ORIENTED_EDGE('',*,*,#4986,.T.);
#4984=EDGE_CURVE('',#125,#123,#4987,.F.);
#4985=EDGE_CURVE('',#123,#463,#4988,.T.);
#4986=EDGE_CURVE('',#463,#125,#4989,.T.);
#4987=LINE('',#124,#4990);
#4988=LINE('',#122,#4991);
#4989=LINE('',#462,#4992);
#4990=VECTOR('',#4993,1.0);
#4991=VECTOR('',#4994,1.0);
#4992=VECTOR('',#4995,1.0);
#4993=DIRECTION('',(-0.9952289030824367,0.09756756873741251,0));
#4994=DIRECTION('',(0,0,1));
#4995=DIRECTION('',(0.036016425932262404,-0.0035308812896593144,-0.999344960431774));
#4996=FACE_SURFACE('',(#5001),#4997,.T.);
#4997=PLANE('',#4998);
#4998=AXIS2_PLACEMENT_3D('',#124,#4999,#5000);
#4999=DIRECTION('',(0.09756756873741251,0.9952289030824367,-0));
#5000=DIRECTION('',(-0.036016425932262404,0.0035308812896593144,0.999344960431774));
#5001=FACE_BOUND('',#5002,.T.);
#5002=EDGE_LOOP('',(#5003,#5004,#5005));
#5003=ORIENTED_EDGE('',*,*,#5006,.T.);
#5004=ORIENTED_EDGE('',*,*,#5007,.T.);
#5005=ORIENTED_EDGE('',*,*,#5008,.T.);
#5006=EDGE_CURVE('',#125,#463,#5009,.F.);
#5007=EDGE_CURVE('',#463,#465,#5010,.T.);
#5008=EDGE_CURVE('',#465,#125,#5011,.T.);
#5009=LINE('',#124,#5012);
#5010=LINE('',#462,#5013);
#5011=LINE('',#464,#5014);
#5012=VECTOR('',#5015,1.0);
#5013=VECTOR('',#5016,1.0);
#5014=VECTOR('',#5017,1.0);
#5015=DIRECTION('',(-0.036016425932262404,0.0035308812896593144,0.999344960431774));
#5016=DIRECTION('',(0.9952289030824367,-0.09756756873741251,0));
#5017=DIRECTION('',(0,0,-1));
#5018=FACE_SURFACE('',(#5023),#5019,.T.);
#5019=PLANE('',#5020);
#5020=AXIS2_PLACEMENT_3D('',#466,#5021,#5022);
#5021=DIRECTION('',(0.955919067647332,0.29363027110339907,0));
#5022=DIRECTION('',(0,0,-1));
#5023=FACE_BOUND('',#5024,.T.);
#5024=EDGE_LOOP('',(#5025,#5026,#5027));
#5025=ORIENTED_EDGE('',*,*,#5028,.T.);
#5026=ORIENTED_EDGE('',*,*,#5029,.T.);
#5027=ORIENTED_EDGE('',*,*,#5030,.T.);
#5028=EDGE_CURVE('',#467,#165,#5031,.F.);
#5029=EDGE_CURVE('',#165,#163,#5032,.T.);
#5030=EDGE_CURVE('',#163,#467,#5033,.T.);
#5031=LINE('',#466,#5034);
#5032=LINE('',#164,#5035);
#5033=LINE('',#162,#5036);
#5034=VECTOR('',#5037,1.0);
#5035=VECTOR('',#5038,1.0);
#5036=VECTOR('',#5039,1.0);
#5037=DIRECTION('',(0,0,-1));
#5038=DIRECTION('',(-0.29363027110339907,0.9559190676473319,0));
#5039=DIRECTION('',(0.011062579936031975,-0.036014444486556045,0.9992900375333897));
#5040=FACE_SURFACE('',(#5045),#5041,.T.);
#5041=PLANE('',#5042);
#5042=AXIS2_PLACEMENT_3D('',#466,#5043,#5044);
#5043=DIRECTION('',(0.955919067647332,0.29363027110339907,0));
#5044=DIRECTION('',(-0.011062579936031975,0.036014444486556045,-0.9992900375333897));
#5045=FACE_BOUND('',#5046,.T.);
#5046=EDGE_LOOP('',(#5047,#5048,#5049));
#5047=ORIENTED_EDGE('',*,*,#5050,.T.);
#5048=ORIENTED_EDGE('',*,*,#5051,.T.);
#5049=ORIENTED_EDGE('',*,*,#5052,.T.);
#5050=EDGE_CURVE('',#467,#163,#5053,.F.);
#5051=EDGE_CURVE('',#163,#469,#5054,.T.);
#5052=EDGE_CURVE('',#469,#467,#5055,.T.);
#5053=LINE('',#466,#5056);
#5054=LINE('',#162,#5057);
#5055=LINE('',#468,#5058);
#5056=VECTOR('',#5059,1.0);
#5057=VECTOR('',#5060,1.0);
#5058=VECTOR('',#5061,1.0);
#5059=DIRECTION('',(-0.011062579936031975,0.036014444486556045,-0.9992900375333897));
#5060=DIRECTION('',(0,0,1));
#5061=DIRECTION('',(0.29363027110339907,-0.9559190676473319,0));
#5062=FACE_SURFACE('',(#5067),#5063,.T.);
#5063=PLANE('',#5064);
#5064=AXIS2_PLACEMENT_3D('',#186,#5065,#5066);
#5065=DIRECTION('',(-0.7734010454854663,-0.6339170472877248,-0));
#5066=DIRECTION('',(0,0,-1));
#5067=FACE_BOUND('',#5068,.T.);
#5068=EDGE_LOOP('',(#5069,#5070,#5071));
#5069=ORIENTED_EDGE('',*,*,#5072,.T.);
#5070=ORIENTED_EDGE('',*,*,#5073,.T.);
#5071=ORIENTED_EDGE('',*,*,#5074,.T.);
#5072=EDGE_CURVE('',#187,#137,#5075,.F.);
#5073=EDGE_CURVE('',#137,#135,#5076,.T.);
#5074=EDGE_CURVE('',#135,#187,#5077,.T.);
#5075=LINE('',#186,#5078);
#5076=LINE('',#136,#5079);
#5077=LINE('',#134,#5080);
#5078=VECTOR('',#5081,1.0);
#5079=VECTOR('',#5082,1.0);
#5080=VECTOR('',#5083,1.0);
#5081=DIRECTION('',(0,0,-1));
#5082=DIRECTION('',(0.6339170472877248,-0.7734010454854663,0));
#5083=DIRECTION('',(-0.02353899060683863,0.02871839465888125,0.999310347054121));
#5084=FACE_SURFACE('',(#5089),#5085,.T.);
#5085=PLANE('',#5086);
#5086=AXIS2_PLACEMENT_3D('',#186,#5087,#5088);
#5087=DIRECTION('',(-0.7734010454854663,-0.6339170472877248,0));
#5088=DIRECTION('',(0.02353899060683863,-0.02871839465888125,-0.999310347054121));
#5089=FACE_BOUND('',#5090,.T.);
#5090=EDGE_LOOP('',(#5091,#5092,#5093));
#5091=ORIENTED_EDGE('',*,*,#5094,.T.);
#5092=ORIENTED_EDGE('',*,*,#5095,.T.);
#5093=ORIENTED_EDGE('',*,*,#5096,.T.);
#5094=EDGE_CURVE('',#187,#135,#5097,.F.);
#5095=EDGE_CURVE('',#135,#471,#5098,.T.);
#5096=EDGE_CURVE('',#471,#187,#5099,.T.);
#5097=LINE('',#186,#5100);
#5098=LINE('',#134,#5101);
#5099=LINE('',#470,#5102);
#5100=VECTOR('',#5103,1.0);
#5101=VECTOR('',#5104,1.0);
#5102=VECTOR('',#5105,1.0);
#5103=DIRECTION('',(0.02353899060683863,-0.02871839465888125,-0.999310347054121));
#5104=DIRECTION('',(0,0,1));
#5105=DIRECTION('',(-0.6339170472877248,0.7734010454854663,0));
#5106=FACE_SURFACE('',(#5111),#5107,.T.);
#5107=PLANE('',#5108);
#5108=AXIS2_PLACEMENT_3D('',#128,#5109,#5110);
#5109=DIRECTION('',(-0.298661364119295,0.9543591512540769,0));
#5110=DIRECTION('',(-0.9543591512540768,-0.29866136411929495,0));
#5111=FACE_BOUND('',#5112,.T.);
#5112=EDGE_LOOP('',(#5113,#5114,#5115));
#5113=ORIENTED_EDGE('',*,*,#5116,.T.);
#5114=ORIENTED_EDGE('',*,*,#5117,.T.);
#5115=ORIENTED_EDGE('',*,*,#5118,.T.);
#5116=EDGE_CURVE('',#129,#127,#5119,.F.);
#5117=EDGE_CURVE('',#127,#473,#5120,.T.);
#5118=EDGE_CURVE('',#473,#129,#5121,.T.);
#5119=LINE('',#128,#5122);
#5120=LINE('',#126,#5123);
#5121=LINE('',#472,#5124);
#5122=VECTOR('',#5125,1.0);
#5123=VECTOR('',#5126,1.0);
#5124=VECTOR('',#5127,1.0);
#5125=DIRECTION('',(-0.9543591512540768,-0.29866136411929495,0));
#5126=DIRECTION('',(0,0,1));
#5127=DIRECTION('',(0.0346029096636844,0.010828787243327196,-0.9993424718331777));
#5128=FACE_SURFACE('',(#5133),#5129,.T.);
#5129=PLANE('',#5130);
#5130=AXIS2_PLACEMENT_3D('',#128,#5131,#5132);
#5131=DIRECTION('',(-0.298661364119295,0.9543591512540769,0));
#5132=DIRECTION('',(-0.0346029096636844,-0.010828787243327196,0.9993424718331777));
#5133=FACE_BOUND('',#5134,.T.);
#5134=EDGE_LOOP('',(#5135,#5136,#5137));
#5135=ORIENTED_EDGE('',*,*,#5138,.T.);
#5136=ORIENTED_EDGE('',*,*,#5139,.T.);
#5137=ORIENTED_EDGE('',*,*,#5140,.T.);
#5138=EDGE_CURVE('',#129,#473,#5141,.F.);
#5139=EDGE_CURVE('',#473,#243,#5142,.T.);
#5140=EDGE_CURVE('',#243,#129,#5143,.T.);
#5141=LINE('',#128,#5144);
#5142=LINE('',#472,#5145);
#5143=LINE('',#242,#5146);
#5144=VECTOR('',#5147,1.0);
#5145=VECTOR('',#5148,1.0);
#5146=VECTOR('',#5149,1.0);
#5147=DIRECTION('',(-0.0346029096636844,-0.010828787243327196,0.9993424718331777));
#5148=DIRECTION('',(0.9543591512540768,0.29866136411929495,0));
#5149=DIRECTION('',(0,0,-1));
#5150=FACE_SURFACE('',(#5155),#5151,.T.);
#5151=PLANE('',#5152);
#5152=AXIS2_PLACEMENT_3D('',#448,#5153,#5154);
#5153=DIRECTION('',(-0.28900578342149447,0.9573273510920536,0));
#5154=DIRECTION('',(-0.9573273510920537,-0.2890057834214945,0));
#5155=FACE_BOUND('',#5156,.T.);
#5156=EDGE_LOOP('',(#5157,#5158,#5159));
#5157=ORIENTED_EDGE('',*,*,#5160,.T.);
#5158=ORIENTED_EDGE('',*,*,#5161,.T.);
#5159=ORIENTED_EDGE('',*,*,#5162,.T.);
#5160=EDGE_CURVE('',#449,#475,#5163,.F.);
#5161=EDGE_CURVE('',#475,#477,#5164,.T.);
#5162=EDGE_CURVE('',#477,#449,#5165,.T.);
#5163=LINE('',#448,#5166);
#5164=LINE('',#474,#5167);
#5165=LINE('',#476,#5168);
#5166=VECTOR('',#5169,1.0);
#5167=VECTOR('',#5170,1.0);
#5168=VECTOR('',#5171,1.0);
#5169=DIRECTION('',(-0.9573273510920537,-0.2890057834214945,0));
#5170=DIRECTION('',(0,0,1));
#5171=DIRECTION('',(0.06652969816109536,0.020084527529595327,-0.9975822828300964));
#5172=FACE_SURFACE('',(#5177),#5173,.T.);
#5173=PLANE('',#5174);
#5174=AXIS2_PLACEMENT_3D('',#448,#5175,#5176);
#5175=DIRECTION('',(-0.28900578342149447,0.9573273510920536,0));
#5176=DIRECTION('',(-0.06652969816109536,-0.020084527529595327,0.9975822828300964));
#5177=FACE_BOUND('',#5178,.T.);
#5178=EDGE_LOOP('',(#5179,#5180,#5181));
#5179=ORIENTED_EDGE('',*,*,#5182,.T.);
#5180=ORIENTED_EDGE('',*,*,#5183,.T.);
#5181=ORIENTED_EDGE('',*,*,#5184,.T.);
#5182=EDGE_CURVE('',#449,#477,#5185,.F.);
#5183=EDGE_CURVE('',#477,#451,#5186,.T.);
#5184=EDGE_CURVE('',#451,#449,#5187,.T.);
#5185=LINE('',#448,#5188);
#5186=LINE('',#476,#5189);
#5187=LINE('',#450,#5190);
#5188=VECTOR('',#5191,1.0);
#5189=VECTOR('',#5192,1.0);
#5190=VECTOR('',#5193,1.0);
#5191=DIRECTION('',(-0.06652969816109536,-0.020084527529595327,0.9975822828300964));
#5192=DIRECTION('',(0.9573273510920537,0.2890057834214945,0));
#5193=DIRECTION('',(0,0,-1));
#5194=FACE_SURFACE('',(#5199),#5195,.T.);
#5195=PLANE('',#5196);
#5196=AXIS2_PLACEMENT_3D('',#478,#5197,#5198);
#5197=DIRECTION('',(0.8807642902510676,0.4735549229165853,-0));
#5198=DIRECTION('',(0,0,1));
#5199=FACE_BOUND('',#5200,.T.);
#5200=EDGE_LOOP('',(#5201,#5202,#5203));
#5201=ORIENTED_EDGE('',*,*,#5204,.T.);
#5202=ORIENTED_EDGE('',*,*,#5205,.T.);
#5203=ORIENTED_EDGE('',*,*,#5206,.T.);
#5204=EDGE_CURVE('',#479,#481,#5207,.F.);
#5205=EDGE_CURVE('',#481,#313,#5208,.T.);
#5206=EDGE_CURVE('',#313,#479,#5209,.T.);
#5207=LINE('',#478,#5210);
#5208=LINE('',#480,#5211);
#5209=LINE('',#312,#5212);
#5210=VECTOR('',#5213,1.0);
#5211=VECTOR('',#5214,1.0);
#5212=VECTOR('',#5215,1.0);
#5213=DIRECTION('',(0,0,1));
#5214=DIRECTION('',(0.4735549229165853,-0.8807642902510676,0));
#5215=DIRECTION('',(-0.03284616411559187,0.061090545203423434,-0.9975916372893471));
#5216=FACE_SURFACE('',(#5221),#5217,.T.);
#5217=PLANE('',#5218);
#5218=AXIS2_PLACEMENT_3D('',#478,#5219,#5220);
#5219=DIRECTION('',(0.8807642902510676,0.4735549229165853,0));
#5220=DIRECTION('',(0.03284616411559187,-0.061090545203423434,0.9975916372893471));
#5221=FACE_BOUND('',#5222,.T.);
#5222=EDGE_LOOP('',(#5223,#5224,#5225));
#5223=ORIENTED_EDGE('',*,*,#5226,.T.);
#5224=ORIENTED_EDGE('',*,*,#5227,.T.);
#5225=ORIENTED_EDGE('',*,*,#5228,.T.);
#5226=EDGE_CURVE('',#479,#313,#5229,.F.);
#5227=EDGE_CURVE('',#313,#311,#5230,.T.);
#5228=EDGE_CURVE('',#311,#479,#5231,.T.);
#5229=LINE('',#478,#5232);
#5230=LINE('',#312,#5233);
#5231=LINE('',#310,#5234);
#5232=VECTOR('',#5235,1.0);
#5233=VECTOR('',#5236,1.0);
#5234=VECTOR('',#5237,1.0);
#5235=DIRECTION('',(0.03284616411559187,-0.061090545203423434,0.9975916372893471));
#5236=DIRECTION('',(0,0,-1));
#5237=DIRECTION('',(-0.4735549229165853,0.8807642902510676,0));
#5238=FACE_SURFACE('',(#5243),#5239,.T.);
#5239=PLANE('',#5240);
#5240=AXIS2_PLACEMENT_3D('',#336,#5241,#5242);
#5241=DIRECTION('',(0.9950655354942217,-0.09921985724439329,0));
#5242=DIRECTION('',(0,0,1));
#5243=FACE_BOUND('',#5244,.T.);
#5244=EDGE_LOOP('',(#5245,#5246,#5247));
#5245=ORIENTED_EDGE('',*,*,#5248,.T.);
#5246=ORIENTED_EDGE('',*,*,#5249,.T.);
#5247=ORIENTED_EDGE('',*,*,#5250,.T.);
#5248=EDGE_CURVE('',#337,#335,#5251,.F.);
#5249=EDGE_CURVE('',#335,#483,#5252,.T.);
#5250=EDGE_CURVE('',#483,#337,#5253,.T.);
#5251=LINE('',#336,#5254);
#5252=LINE('',#334,#5255);
#5253=LINE('',#482,#5256);
#5254=VECTOR('',#5257,1.0);
#5255=VECTOR('',#5258,1.0);
#5256=VECTOR('',#5259,1.0);
#5257=DIRECTION('',(0,0,1));
#5258=DIRECTION('',(-0.09921985724439329,-0.9950655354942217,0));
#5259=DIRECTION('',(0.006904956791641494,0.06924908701002455,-0.9975755036687618));
#5260=FACE_SURFACE('',(#5265),#5261,.T.);
#5261=PLANE('',#5262);
#5262=AXIS2_PLACEMENT_3D('',#336,#5263,#5264);
#5263=DIRECTION('',(0.9950655354942217,-0.09921985724439329,0));
#5264=DIRECTION('',(-0.006904956791641494,-0.06924908701002455,0.9975755036687618));
#5265=FACE_BOUND('',#5266,.T.);
#5266=EDGE_LOOP('',(#5267,#5268,#5269));
#5267=ORIENTED_EDGE('',*,*,#5270,.T.);
#5268=ORIENTED_EDGE('',*,*,#5271,.T.);
#5269=ORIENTED_EDGE('',*,*,#5272,.T.);
#5270=EDGE_CURVE('',#337,#483,#5273,.F.);
#5271=EDGE_CURVE('',#483,#485,#5274,.T.);
#5272=EDGE_CURVE('',#485,#337,#5275,.T.);
#5273=LINE('',#336,#5276);
#5274=LINE('',#482,#5277);
#5275=LINE('',#484,#5278);
#5276=VECTOR('',#5279,1.0);
#5277=VECTOR('',#5280,1.0);
#5278=VECTOR('',#5281,1.0);
#5279=DIRECTION('',(-0.006904956791641494,-0.06924908701002455,0.9975755036687618));
#5280=DIRECTION('',(0,0,-1));
#5281=DIRECTION('',(0.09921985724439329,0.9950655354942217,0));
#5282=FACE_SURFACE('',(#5287),#5283,.T.);
#5283=PLANE('',#5284);
#5284=AXIS2_PLACEMENT_3D('',#486,#5285,#5286);
#5285=DIRECTION('',(0.09322432001467398,0.995645130635309,0));
#5286=DIRECTION('',(0.9956451306353091,-0.09322432001467398,0));
#5287=FACE_BOUND('',#5288,.T.);
#5288=EDGE_LOOP('',(#5289,#5290,#5291));
#5289=ORIENTED_EDGE('',*,*,#5292,.T.);
#5290=ORIENTED_EDGE('',*,*,#5293,.T.);
#5291=ORIENTED_EDGE('',*,*,#5294,.T.);
#5292=EDGE_CURVE('',#487,#257,#5295,.F.);
#5293=EDGE_CURVE('',#257,#255,#5296,.T.);
#5294=EDGE_CURVE('',#255,#487,#5297,.T.);
#5295=LINE('',#486,#5298);
#5296=LINE('',#256,#5299);
#5297=LINE('',#254,#5300);
#5298=VECTOR('',#5301,1.0);
#5299=VECTOR('',#5302,1.0);
#5300=VECTOR('',#5303,1.0);
#5301=DIRECTION('',(0.9956451306353091,-0.09322432001467398,0));
#5302=DIRECTION('',(0,0,-1));
#5303=DIRECTION('',(-0.020348156488228387,0.001905240124015724,0.9997911394824424));
#5304=FACE_SURFACE('',(#5309),#5305,.T.);
#5305=PLANE('',#5306);
#5306=AXIS2_PLACEMENT_3D('',#254,#5307,#5308);
#5307=DIRECTION('',(0.09324189190531126,0.9956434851862982,0));
#5308=DIRECTION('',(-0.9956434851862981,0.09324189190531126,0));
#5309=FACE_BOUND('',#5310,.T.);
#5310=EDGE_LOOP('',(#5311,#5312,#5313));
#5311=ORIENTED_EDGE('',*,*,#5314,.T.);
#5312=ORIENTED_EDGE('',*,*,#5315,.T.);
#5313=ORIENTED_EDGE('',*,*,#5316,.T.);
#5314=EDGE_CURVE('',#255,#489,#5317,.F.);
#5315=EDGE_CURVE('',#489,#491,#5318,.T.);
#5316=EDGE_CURVE('',#491,#255,#5319,.T.);
#5317=LINE('',#254,#5320);
#5318=LINE('',#488,#5321);
#5319=LINE('',#490,#5322);
#5320=VECTOR('',#5323,1.0);
#5321=VECTOR('',#5324,1.0);
#5322=VECTOR('',#5325,1.0);
#5323=DIRECTION('',(-0.9956434851862981,0.09324189190531126,0));
#5324=DIRECTION('',(0,0,1));
#5325=DIRECTION('',(0.06924928163596784,-0.006485186845382905,-0.9975783073746557));
#5326=FACE_SURFACE('',(#5331),#5327,.T.);
#5327=PLANE('',#5328);
#5328=AXIS2_PLACEMENT_3D('',#254,#5329,#5330);
#5329=DIRECTION('',(0.09324918079050828,0.9956428025560364,5.104131122840497E-07));
#5330=DIRECTION('',(-0.06924928163596784,0.006485186845382905,0.9975783073746557));
#5331=FACE_BOUND('',#5332,.T.);
#5332=EDGE_LOOP('',(#5333,#5334,#5335));
#5333=ORIENTED_EDGE('',*,*,#5336,.T.);
#5334=ORIENTED_EDGE('',*,*,#5337,.T.);
#5335=ORIENTED_EDGE('',*,*,#5338,.T.);
#5336=EDGE_CURVE('',#255,#491,#5339,.F.);
#5337=EDGE_CURVE('',#491,#487,#5340,.T.);
#5338=EDGE_CURVE('',#487,#255,#5341,.T.);
#5339=LINE('',#254,#5342);
#5340=LINE('',#490,#5343);
#5341=LINE('',#486,#5344);
#5342=VECTOR('',#5345,1.0);
#5343=VECTOR('',#5346,1.0);
#5344=VECTOR('',#5347,1.0);
#5345=DIRECTION('',(-0.06924928163596784,0.006485186845382905,0.9975783073746557));
#5346=DIRECTION('',(0.9956428025561661,-0.09324918079052044,0));
#5347=DIRECTION('',(0.020348156488228387,-0.001905240124015724,-0.9997911394824424));
#5348=FACE_SURFACE('',(#5353),#5349,.T.);
#5349=PLANE('',#5350);
#5350=AXIS2_PLACEMENT_3D('',#106,#5351,#5352);
#5351=DIRECTION('',(0.9953504302375185,-0.0963198890467956,0));
#5352=DIRECTION('',(0,0,1));
#5353=FACE_BOUND('',#5354,.T.);
#5354=EDGE_LOOP('',(#5355,#5356,#5357));
#5355=ORIENTED_EDGE('',*,*,#5358,.T.);
#5356=ORIENTED_EDGE('',*,*,#5359,.T.);
#5357=ORIENTED_EDGE('',*,*,#5360,.T.);
#5358=EDGE_CURVE('',#107,#493,#5361,.F.);
#5359=EDGE_CURVE('',#493,#285,#5362,.T.);
#5360=EDGE_CURVE('',#285,#107,#5363,.T.);
#5361=LINE('',#106,#5364);
#5362=LINE('',#492,#5365);
#5363=LINE('',#284,#5366);
#5364=VECTOR('',#5367,1.0);
#5365=VECTOR('',#5368,1.0);
#5366=VECTOR('',#5369,1.0);
#5367=DIRECTION('',(0,0,1));
#5368=DIRECTION('',(-0.0963198890467956,-0.9953504302375183,0));
#5369=DIRECTION('',(0.0035308210034273916,0.03648679664846477,-0.999327897625887));
#5370=FACE_SURFACE('',(#5375),#5371,.T.);
#5371=PLANE('',#5372);
#5372=AXIS2_PLACEMENT_3D('',#106,#5373,#5374);
#5373=DIRECTION('',(0.9953504302375185,-0.0963198890467956,0));
#5374=DIRECTION('',(-0.0035308210034273916,-0.03648679664846477,0.999327897625887));
#5375=FACE_BOUND('',#5376,.T.);
#5376=EDGE_LOOP('',(#5377,#5378,#5379));
#5377=ORIENTED_EDGE('',*,*,#5380,.T.);
#5378=ORIENTED_EDGE('',*,*,#5381,.T.);
#5379=ORIENTED_EDGE('',*,*,#5382,.T.);
#5380=EDGE_CURVE('',#107,#285,#5383,.F.);
#5381=EDGE_CURVE('',#285,#109,#5384,.T.);
#5382=EDGE_CURVE('',#109,#107,#5385,.T.);
#5383=LINE('',#106,#5386);
#5384=LINE('',#284,#5387);
#5385=LINE('',#108,#5388);
#5386=VECTOR('',#5389,1.0);
#5387=VECTOR('',#5390,1.0);
#5388=VECTOR('',#5391,1.0);
#5389=DIRECTION('',(-0.0035308210034273916,-0.03648679664846477,0.999327897625887));
#5390=DIRECTION('',(0,0,-1));
#5391=DIRECTION('',(0.0963198890467956,0.9953504302375183,0));
#5392=FACE_SURFACE('',(#5397),#5393,.T.);
#5393=PLANE('',#5394);
#5394=AXIS2_PLACEMENT_3D('',#110,#5395,#5396);
#5395=DIRECTION('',(0.9590587925628264,0.28320704865510227,-0));
#5396=DIRECTION('',(0,0,1));
#5397=FACE_BOUND('',#5398,.T.);
#5398=EDGE_LOOP('',(#5399,#5400,#5401));
#5399=ORIENTED_EDGE('',*,*,#5402,.T.);
#5400=ORIENTED_EDGE('',*,*,#5403,.T.);
#5401=ORIENTED_EDGE('',*,*,#5404,.T.);
#5402=EDGE_CURVE('',#111,#287,#5405,.F.);
#5403=EDGE_CURVE('',#287,#433,#5406,.T.);
#5404=EDGE_CURVE('',#433,#111,#5407,.T.);
#5405=LINE('',#110,#5408);
#5406=LINE('',#286,#5409);
#5407=LINE('',#432,#5410);
#5408=VECTOR('',#5411,1.0);
#5409=VECTOR('',#5412,1.0);
#5410=VECTOR('',#5413,1.0);
#5411=DIRECTION('',(0,0,1));
#5412=DIRECTION('',(0.2832070486551023,-0.9590587925628264,0));
#5413=DIRECTION('',(-0.010357227336025747,0.035073950278986445,-0.9993310491792683));
#5414=FACE_SURFACE('',(#5419),#5415,.T.);
#5415=PLANE('',#5416);
#5416=AXIS2_PLACEMENT_3D('',#110,#5417,#5418);
#5417=DIRECTION('',(0.9590587925628264,0.28320704865510227,0));
#5418=DIRECTION('',(0.010357227336025747,-0.035073950278986445,0.9993310491792683));
#5419=FACE_BOUND('',#5420,.T.);
#5420=EDGE_LOOP('',(#5421,#5422,#5423));
#5421=ORIENTED_EDGE('',*,*,#5424,.T.);
#5422=ORIENTED_EDGE('',*,*,#5425,.T.);
#5423=ORIENTED_EDGE('',*,*,#5426,.T.);
#5424=EDGE_CURVE('',#111,#433,#5427,.F.);
#5425=EDGE_CURVE('',#433,#113,#5428,.T.);
#5426=EDGE_CURVE('',#113,#111,#5429,.T.);
#5427=LINE('',#110,#5430);
#5428=LINE('',#432,#5431);
#5429=LINE('',#112,#5432);
#5430=VECTOR('',#5433,1.0);
#5431=VECTOR('',#5434,1.0);
#5432=VECTOR('',#5435,1.0);
#5433=DIRECTION('',(0.010357227336025747,-0.035073950278986445,0.9993310491792683));
#5434=DIRECTION('',(0,0,-1));
#5435=DIRECTION('',(-0.2832070486551023,0.9590587925628264,0));
#5436=FACE_SURFACE('',(#5441),#5437,.T.);
#5437=PLANE('',#5438);
#5438=AXIS2_PLACEMENT_3D('',#484,#5439,#5440);
#5439=DIRECTION('',(0.9573273510920537,-0.28900578342149447,0));
#5440=DIRECTION('',(0,0,1));
#5441=FACE_BOUND('',#5442,.T.);
#5442=EDGE_LOOP('',(#5443,#5444,#5445));
#5443=ORIENTED_EDGE('',*,*,#5446,.T.);
#5444=ORIENTED_EDGE('',*,*,#5447,.T.);
#5445=ORIENTED_EDGE('',*,*,#5448,.T.);
#5446=EDGE_CURVE('',#485,#483,#5449,.F.);
#5447=EDGE_CURVE('',#483,#495,#5450,.T.);
#5448=EDGE_CURVE('',#495,#485,#5451,.T.);
#5449=LINE('',#484,#5452);
#5450=LINE('',#482,#5453);
#5451=LINE('',#494,#5454);
#5452=VECTOR('',#5455,1.0);
#5453=VECTOR('',#5456,1.0);
#5454=VECTOR('',#5457,1.0);
#5455=DIRECTION('',(0,0,1));
#5456=DIRECTION('',(-0.2890057834214945,-0.9573273510920537,0));
#5457=DIRECTION('',(0.020084526530198953,0.06652969485060975,-0.997582283070997));
#5458=FACE_SURFACE('',(#5463),#5459,.T.);
#5459=PLANE('',#5460);
#5460=AXIS2_PLACEMENT_3D('',#484,#5461,#5462);
#5461=DIRECTION('',(0.9573273510920537,-0.28900578342149447,0));
#5462=DIRECTION('',(-0.020084526530198953,-0.06652969485060975,0.997582283070997));
#5463=FACE_BOUND('',#5464,.T.);
#5464=EDGE_LOOP('',(#5465,#5466,#5467));
#5465=ORIENTED_EDGE('',*,*,#5468,.T.);
#5466=ORIENTED_EDGE('',*,*,#5469,.T.);
#5467=ORIENTED_EDGE('',*,*,#5470,.T.);
#5468=EDGE_CURVE('',#485,#495,#5471,.F.);
#5469=EDGE_CURVE('',#495,#497,#5472,.T.);
#5470=EDGE_CURVE('',#497,#485,#5473,.T.);
#5471=LINE('',#484,#5474);
#5472=LINE('',#494,#5475);
#5473=LINE('',#496,#5476);
#5474=VECTOR('',#5477,1.0);
#5475=VECTOR('',#5478,1.0);
#5476=VECTOR('',#5479,1.0);
#5477=DIRECTION('',(-0.020084526530198953,-0.06652969485060975,0.997582283070997));
#5478=DIRECTION('',(0,0,-1));
#5479=DIRECTION('',(0.2890057834214945,0.9573273510920537,0));
#5480=FACE_SURFACE('',(#5485),#5481,.T.);
#5481=PLANE('',#5482);
#5482=AXIS2_PLACEMENT_3D('',#498,#5483,#5484);
#5483=DIRECTION('',(-0.7743565931691507,0.6327494501107578,0));
#5484=DIRECTION('',(0.6327494501107578,0.7743565931691508,0));
#5485=FACE_BOUND('',#5486,.T.);
#5486=EDGE_LOOP('',(#5487,#5488,#5489));
#5487=ORIENTED_EDGE('',*,*,#5490,.T.);
#5488=ORIENTED_EDGE('',*,*,#5491,.T.);
#5489=ORIENTED_EDGE('',*,*,#5492,.T.);
#5490=EDGE_CURVE('',#499,#461,#5493,.F.);
#5491=EDGE_CURVE('',#461,#459,#5494,.T.);
#5492=EDGE_CURVE('',#459,#499,#5495,.T.);
#5493=LINE('',#498,#5496);
#5494=LINE('',#460,#5497);
#5495=LINE('',#458,#5498);
#5496=VECTOR('',#5499,1.0);
#5497=VECTOR('',#5500,1.0);
#5498=VECTOR('',#5501,1.0);
#5499=DIRECTION('',(0.6327494501107578,0.7743565931691508,0));
#5500=DIRECTION('',(0,0,-1));
#5501=DIRECTION('',(-0.04393458951062188,-0.053766999006913646,0.9975865183844074));
#5502=FACE_SURFACE('',(#5507),#5503,.T.);
#5503=PLANE('',#5504);
#5504=AXIS2_PLACEMENT_3D('',#498,#5505,#5506);
#5505=DIRECTION('',(-0.7743565931691507,0.6327494501107578,0));
#5506=DIRECTION('',(0.04393458951062188,0.053766999006913646,-0.9975865183844074));
#5507=FACE_BOUND('',#5508,.T.);
#5508=EDGE_LOOP('',(#5509,#5510,#5511));
#5509=ORIENTED_EDGE('',*,*,#5512,.T.);
#5510=ORIENTED_EDGE('',*,*,#5513,.T.);
#5511=ORIENTED_EDGE('',*,*,#5514,.T.);
#5512=EDGE_CURVE('',#499,#459,#5515,.F.);
#5513=EDGE_CURVE('',#459,#501,#5516,.T.);
#5514=EDGE_CURVE('',#501,#499,#5517,.T.);
#5515=LINE('',#498,#5518);
#5516=LINE('',#458,#5519);
#5517=LINE('',#500,#5520);
#5518=VECTOR('',#5521,1.0);
#5519=VECTOR('',#5522,1.0);
#5520=VECTOR('',#5523,1.0);
#5521=DIRECTION('',(0.04393458951062188,0.053766999006913646,-0.9975865183844074));
#5522=DIRECTION('',(-0.6327494501107578,-0.7743565931691508,0));
#5523=DIRECTION('',(0,0,1));
#5524=FACE_SURFACE('',(#5529),#5525,.T.);
#5525=PLANE('',#5526);
#5526=AXIS2_PLACEMENT_3D('',#502,#5527,#5528);
#5527=DIRECTION('',(-0.6363471854127212,-0.7714027868871799,0));
#5528=DIRECTION('',(0,0,1));
#5529=FACE_BOUND('',#5530,.T.);
#5530=EDGE_LOOP('',(#5531,#5532,#5533));
#5531=ORIENTED_EDGE('',*,*,#5534,.T.);
#5532=ORIENTED_EDGE('',*,*,#5535,.T.);
#5533=ORIENTED_EDGE('',*,*,#5536,.T.);
#5534=EDGE_CURVE('',#503,#505,#5537,.F.);
#5535=EDGE_CURVE('',#505,#507,#5538,.T.);
#5536=EDGE_CURVE('',#507,#503,#5539,.T.);
#5537=LINE('',#502,#5540);
#5538=LINE('',#504,#5541);
#5539=LINE('',#506,#5542);
#5540=VECTOR('',#5543,1.0);
#5541=VECTOR('',#5544,1.0);
#5542=VECTOR('',#5545,1.0);
#5543=DIRECTION('',(0,0,1));
#5544=DIRECTION('',(-0.77140278688718,0.6363471854127212,0));
#5545=DIRECTION('',(0.05376600722788703,-0.04435276609306549,-0.9975680671546501));
#5546=FACE_SURFACE('',(#5551),#5547,.T.);
#5547=PLANE('',#5548);
#5548=AXIS2_PLACEMENT_3D('',#502,#5549,#5550);
#5549=DIRECTION('',(-0.6363471854127212,-0.7714027868871799,0));
#5550=DIRECTION('',(-0.05376600722788703,0.04435276609306549,0.9975680671546501));
#5551=FACE_BOUND('',#5552,.T.);
#5552=EDGE_LOOP('',(#5553,#5554,#5555));
#5553=ORIENTED_EDGE('',*,*,#5556,.T.);
#5554=ORIENTED_EDGE('',*,*,#5557,.T.);
#5555=ORIENTED_EDGE('',*,*,#5558,.T.);
#5556=EDGE_CURVE('',#503,#507,#5559,.F.);
#5557=EDGE_CURVE('',#507,#509,#5560,.T.);
#5558=EDGE_CURVE('',#509,#503,#5561,.T.);
#5559=LINE('',#502,#5562);
#5560=LINE('',#506,#5563);
#5561=LINE('',#508,#5564);
#5562=VECTOR('',#5565,1.0);
#5563=VECTOR('',#5566,1.0);
#5564=VECTOR('',#5567,1.0);
#5565=DIRECTION('',(-0.05376600722788703,0.04435276609306549,0.9975680671546501));
#5566=DIRECTION('',(0,0,-1));
#5567=DIRECTION('',(0.77140278688718,-0.6363471854127212,0));
#5568=FACE_SURFACE('',(#5573),#5569,.T.);
#5569=PLANE('',#5570);
#5570=AXIS2_PLACEMENT_3D('',#468,#5571,#5572);
#5571=DIRECTION('',(0.9949755483582676,0.10011822096484103,0));
#5572=DIRECTION('',(0,0,-1));
#5573=FACE_BOUND('',#5574,.T.);
#5574=EDGE_LOOP('',(#5575,#5576,#5577));
#5575=ORIENTED_EDGE('',*,*,#5578,.T.);
#5576=ORIENTED_EDGE('',*,*,#5579,.T.);
#5577=ORIENTED_EDGE('',*,*,#5580,.T.);
#5578=EDGE_CURVE('',#469,#163,#5581,.F.);
#5579=EDGE_CURVE('',#163,#161,#5582,.T.);
#5580=EDGE_CURVE('',#161,#469,#5583,.T.);
#5581=LINE('',#468,#5584);
#5582=LINE('',#162,#5585);
#5583=LINE('',#160,#5586);
#5584=VECTOR('',#5587,1.0);
#5585=VECTOR('',#5588,1.0);
#5586=VECTOR('',#5589,1.0);
#5587=DIRECTION('',(0,0,-1));
#5588=DIRECTION('',(-0.10011822096484103,0.9949755483582676,0));
#5589=DIRECTION('',(0.0037659549845244483,-0.03742608577848808,0.9992923024252492));
#5590=FACE_SURFACE('',(#5595),#5591,.T.);
#5591=PLANE('',#5592);
#5592=AXIS2_PLACEMENT_3D('',#468,#5593,#5594);
#5593=DIRECTION('',(0.9949755483582676,0.10011822096484103,0));
#5594=DIRECTION('',(-0.0037659549845244483,0.03742608577848808,-0.9992923024252492));
#5595=FACE_BOUND('',#5596,.T.);
#5596=EDGE_LOOP('',(#5597,#5598,#5599));
#5597=ORIENTED_EDGE('',*,*,#5600,.T.);
#5598=ORIENTED_EDGE('',*,*,#5601,.T.);
#5599=ORIENTED_EDGE('',*,*,#5602,.T.);
#5600=EDGE_CURVE('',#469,#161,#5603,.F.);
#5601=EDGE_CURVE('',#161,#511,#5604,.T.);
#5602=EDGE_CURVE('',#511,#469,#5605,.T.);
#5603=LINE('',#468,#5606);
#5604=LINE('',#160,#5607);
#5605=LINE('',#510,#5608);
#5606=VECTOR('',#5609,1.0);
#5607=VECTOR('',#5610,1.0);
#5608=VECTOR('',#5611,1.0);
#5609=DIRECTION('',(-0.0037659549845244483,0.03742608577848808,-0.9992923024252492));
#5610=DIRECTION('',(0,0,1));
#5611=DIRECTION('',(0.10011822096484103,-0.9949755483582676,0));
#5612=FACE_SURFACE('',(#5617),#5613,.T.);
#5613=PLANE('',#5614);
#5614=AXIS2_PLACEMENT_3D('',#410,#5615,#5616);
#5615=DIRECTION('',(0.28900578342149447,0.9573273510920536,0));
#5616=DIRECTION('',(-0.9573273510920537,0.2890057834214945,0));
#5617=FACE_BOUND('',#5618,.T.);
#5618=EDGE_LOOP('',(#5619,#5620,#5621));
#5619=ORIENTED_EDGE('',*,*,#5622,.T.);
#5620=ORIENTED_EDGE('',*,*,#5623,.T.);
#5621=ORIENTED_EDGE('',*,*,#5624,.T.);
#5622=EDGE_CURVE('',#411,#513,#5625,.F.);
#5623=EDGE_CURVE('',#513,#515,#5626,.T.);
#5624=EDGE_CURVE('',#515,#411,#5627,.T.);
#5625=LINE('',#410,#5628);
#5626=LINE('',#512,#5629);
#5627=LINE('',#514,#5630);
#5628=VECTOR('',#5631,1.0);
#5629=VECTOR('',#5632,1.0);
#5630=VECTOR('',#5633,1.0);
#5631=DIRECTION('',(-0.9573273510920537,0.2890057834214945,0));
#5632=DIRECTION('',(0,0,1));
#5633=DIRECTION('',(0.06652969816109536,-0.020084527529595327,-0.9975822828300964));
#5634=FACE_SURFACE('',(#5639),#5635,.T.);
#5635=PLANE('',#5636);
#5636=AXIS2_PLACEMENT_3D('',#410,#5637,#5638);
#5637=DIRECTION('',(0.28900578342149447,0.9573273510920536,-0));
#5638=DIRECTION('',(-0.06652969816109536,0.020084527529595327,0.9975822828300964));
#5639=FACE_BOUND('',#5640,.T.);
#5640=EDGE_LOOP('',(#5641,#5642,#5643));
#5641=ORIENTED_EDGE('',*,*,#5644,.T.);
#5642=ORIENTED_EDGE('',*,*,#5645,.T.);
#5643=ORIENTED_EDGE('',*,*,#5646,.T.);
#5644=EDGE_CURVE('',#411,#515,#5647,.F.);
#5645=EDGE_CURVE('',#515,#413,#5648,.T.);
#5646=EDGE_CURVE('',#413,#411,#5649,.T.);
#5647=LINE('',#410,#5650);
#5648=LINE('',#514,#5651);
#5649=LINE('',#412,#5652);
#5650=VECTOR('',#5653,1.0);
#5651=VECTOR('',#5654,1.0);
#5652=VECTOR('',#5655,1.0);
#5653=DIRECTION('',(-0.06652969816109536,0.020084527529595327,0.9975822828300964));
#5654=DIRECTION('',(0.9573273510920537,-0.2890057834214945,0));
#5655=DIRECTION('',(0,0,-1));
#5656=FACE_SURFACE('',(#5661),#5657,.T.);
#5657=PLANE('',#5658);
#5658=AXIS2_PLACEMENT_3D('',#240,#5659,#5660);
#5659=DIRECTION('',(-0.7745307202680324,0.6325362941057874,0));
#5660=DIRECTION('',(0.6325362941057873,0.7745307202680324,0));
#5661=FACE_BOUND('',#5662,.T.);
#5662=EDGE_LOOP('',(#5663,#5664,#5665));
#5663=ORIENTED_EDGE('',*,*,#5666,.T.);
#5664=ORIENTED_EDGE('',*,*,#5667,.T.);
#5665=ORIENTED_EDGE('',*,*,#5668,.T.);
#5666=EDGE_CURVE('',#241,#281,#5669,.F.);
#5667=EDGE_CURVE('',#281,#79,#5670,.T.);
#5668=EDGE_CURVE('',#79,#241,#5671,.T.);
#5669=LINE('',#240,#5672);
#5670=LINE('',#280,#5673);
#5671=LINE('',#78,#5674);
#5672=VECTOR('',#5675,1.0);
#5673=VECTOR('',#5676,1.0);
#5674=VECTOR('',#5677,1.0);
#5675=DIRECTION('',(0.6325362941057873,0.7745307202680324,0));
#5676=DIRECTION('',(0,0,-1));
#5677=DIRECTION('',(-0.02306902623516858,-0.02824765894432456,0.9993347236000188));
#5678=FACE_SURFACE('',(#5683),#5679,.T.);
#5679=PLANE('',#5680);
#5680=AXIS2_PLACEMENT_3D('',#240,#5681,#5682);
#5681=DIRECTION('',(-0.7745307202680324,0.6325362941057874,0));
#5682=DIRECTION('',(0.02306902623516858,0.02824765894432456,-0.9993347236000188));
#5683=FACE_BOUND('',#5684,.T.);
#5684=EDGE_LOOP('',(#5685,#5686,#5687));
#5685=ORIENTED_EDGE('',*,*,#5688,.T.);
#5686=ORIENTED_EDGE('',*,*,#5689,.T.);
#5687=ORIENTED_EDGE('',*,*,#5690,.T.);
#5688=EDGE_CURVE('',#241,#79,#5691,.F.);
#5689=EDGE_CURVE('',#79,#77,#5692,.T.);
#5690=EDGE_CURVE('',#77,#241,#5693,.T.);
#5691=LINE('',#240,#5694);
#5692=LINE('',#78,#5695);
#5693=LINE('',#76,#5696);
#5694=VECTOR('',#5697,1.0);
#5695=VECTOR('',#5698,1.0);
#5696=VECTOR('',#5699,1.0);
#5697=DIRECTION('',(0.02306902623516858,0.02824765894432456,-0.9993347236000188));
#5698=DIRECTION('',(-0.6325362941057873,-0.7745307202680324,0));
#5699=DIRECTION('',(0,0,1));
#5700=FACE_SURFACE('',(#5705),#5701,.T.);
#5701=PLANE('',#5702);
#5702=AXIS2_PLACEMENT_3D('',#262,#5703,#5704);
#5703=DIRECTION('',(-0.8821044216467426,0.47105391338069325,0));
#5704=DIRECTION('',(0.47105391338069325,0.8821044216467426,0));
#5705=FACE_BOUND('',#5706,.T.);
#5706=EDGE_LOOP('',(#5707,#5708,#5709));
#5707=ORIENTED_EDGE('',*,*,#5710,.T.);
#5708=ORIENTED_EDGE('',*,*,#5711,.T.);
#5709=ORIENTED_EDGE('',*,*,#5712,.T.);
#5710=EDGE_CURVE('',#263,#499,#5713,.F.);
#5711=EDGE_CURVE('',#499,#501,#5714,.T.);
#5712=EDGE_CURVE('',#501,#263,#5715,.T.);
#5713=LINE('',#262,#5716);
#5714=LINE('',#498,#5717);
#5715=LINE('',#500,#5718);
#5716=VECTOR('',#5719,1.0);
#5717=VECTOR('',#5720,1.0);
#5718=VECTOR('',#5721,1.0);
#5719=DIRECTION('',(0.47105391338069325,0.8821044216467426,0));
#5720=DIRECTION('',(0,0,-1));
#5721=DIRECTION('',(-0.032845321293983924,-0.06150676667962615,0.9975660893002092));
#5722=FACE_SURFACE('',(#5727),#5723,.T.);
#5723=PLANE('',#5724);
#5724=AXIS2_PLACEMENT_3D('',#262,#5725,#5726);
#5725=DIRECTION('',(-0.8821044216467426,0.47105391338069325,0));
#5726=DIRECTION('',(0.032845321293983924,0.06150676667962615,-0.9975660893002092));
#5727=FACE_BOUND('',#5728,.T.);
#5728=EDGE_LOOP('',(#5729,#5730,#5731));
#5729=ORIENTED_EDGE('',*,*,#5732,.T.);
#5730=ORIENTED_EDGE('',*,*,#5733,.T.);
#5731=ORIENTED_EDGE('',*,*,#5734,.T.);
#5732=EDGE_CURVE('',#263,#501,#5735,.F.);
#5733=EDGE_CURVE('',#501,#265,#5736,.T.);
#5734=EDGE_CURVE('',#265,#263,#5737,.T.);
#5735=LINE('',#262,#5738);
#5736=LINE('',#500,#5739);
#5737=LINE('',#264,#5740);
#5738=VECTOR('',#5741,1.0);
#5739=VECTOR('',#5742,1.0);
#5740=VECTOR('',#5743,1.0);
#5741=DIRECTION('',(0.032845321293983924,0.06150676667962615,-0.9975660893002092));
#5742=DIRECTION('',(-0.47105391338069325,-0.8821044216467426,0));
#5743=DIRECTION('',(0,0,1));
#5744=FACE_SURFACE('',(#5749),#5745,.T.);
#5745=PLANE('',#5746);
#5746=AXIS2_PLACEMENT_3D('',#420,#5747,#5748);
#5747=DIRECTION('',(0.957825656695053,-0.2873499806450147,0));
#5748=DIRECTION('',(0,0,1));
#5749=FACE_BOUND('',#5750,.T.);
#5750=EDGE_LOOP('',(#5751,#5752,#5753));
#5751=ORIENTED_EDGE('',*,*,#5754,.T.);
#5752=ORIENTED_EDGE('',*,*,#5755,.T.);
#5753=ORIENTED_EDGE('',*,*,#5756,.T.);
#5754=EDGE_CURVE('',#421,#419,#5757,.F.);
#5755=EDGE_CURVE('',#419,#45,#5758,.T.);
#5756=EDGE_CURVE('',#45,#421,#5759,.T.);
#5757=LINE('',#420,#5760);
#5758=LINE('',#418,#5761);
#5759=LINE('',#44,#5762);
#5760=VECTOR('',#5763,1.0);
#5761=VECTOR('',#5764,1.0);
#5762=VECTOR('',#5765,1.0);
#5763=DIRECTION('',(0,0,1));
#5764=DIRECTION('',(-0.28734998064501477,-0.9578256566950532,0));
#5765=DIRECTION('',(0.020083966997457004,0.06694602461848041,-0.9975544416508939));
#5766=FACE_SURFACE('',(#5771),#5767,.T.);
#5767=PLANE('',#5768);
#5768=AXIS2_PLACEMENT_3D('',#420,#5769,#5770);
#5769=DIRECTION('',(0.957825656695053,-0.2873499806450147,0));
#5770=DIRECTION('',(-0.020083966997457004,-0.06694602461848041,0.9975544416508939));
#5771=FACE_BOUND('',#5772,.T.);
#5772=EDGE_LOOP('',(#5773,#5774,#5775));
#5773=ORIENTED_EDGE('',*,*,#5776,.T.);
#5774=ORIENTED_EDGE('',*,*,#5777,.T.);
#5775=ORIENTED_EDGE('',*,*,#5778,.T.);
#5776=EDGE_CURVE('',#421,#45,#5779,.F.);
#5777=EDGE_CURVE('',#45,#43,#5780,.T.);
#5778=EDGE_CURVE('',#43,#421,#5781,.T.);
#5779=LINE('',#420,#5782);
#5780=LINE('',#44,#5783);
#5781=LINE('',#42,#5784);
#5782=VECTOR('',#5785,1.0);
#5783=VECTOR('',#5786,1.0);
#5784=VECTOR('',#5787,1.0);
#5785=DIRECTION('',(-0.020083966997457004,-0.06694602461848041,0.9975544416508939));
#5786=DIRECTION('',(0,0,-1));
#5787=DIRECTION('',(0.28734998064501477,0.9578256566950532,0));
#5788=FACE_SURFACE('',(#5793),#5789,.T.);
#5789=PLANE('',#5790);
#5790=AXIS2_PLACEMENT_3D('',#92,#5791,#5792);
#5791=DIRECTION('',(-0.298661364119295,-0.9543591512540769,0));
#5792=DIRECTION('',(0,0,1));
#5793=FACE_BOUND('',#5794,.T.);
#5794=EDGE_LOOP('',(#5795,#5796,#5797));
#5795=ORIENTED_EDGE('',*,*,#5798,.T.);
#5796=ORIENTED_EDGE('',*,*,#5799,.T.);
#5797=ORIENTED_EDGE('',*,*,#5800,.T.);
#5798=EDGE_CURVE('',#93,#517,#5801,.F.);
#5799=EDGE_CURVE('',#517,#269,#5802,.T.);
#5800=EDGE_CURVE('',#269,#93,#5803,.T.);
#5801=LINE('',#92,#5804);
#5802=LINE('',#516,#5805);
#5803=LINE('',#268,#5806);
#5804=VECTOR('',#5807,1.0);
#5805=VECTOR('',#5808,1.0);
#5806=VECTOR('',#5809,1.0);
#5807=DIRECTION('',(0,0,1));
#5808=DIRECTION('',(-0.9543591512540768,0.29866136411929495,0));
#5809=DIRECTION('',(0.0346029096636844,-0.010828787243327196,-0.9993424718331777));
#5810=FACE_SURFACE('',(#5815),#5811,.T.);
#5811=PLANE('',#5812);
#5812=AXIS2_PLACEMENT_3D('',#92,#5813,#5814);
#5813=DIRECTION('',(-0.298661364119295,-0.9543591512540769,0));
#5814=DIRECTION('',(-0.0346029096636844,0.010828787243327196,0.9993424718331777));
#5815=FACE_BOUND('',#5816,.T.);
#5816=EDGE_LOOP('',(#5817,#5818,#5819));
#5817=ORIENTED_EDGE('',*,*,#5820,.T.);
#5818=ORIENTED_EDGE('',*,*,#5821,.T.);
#5819=ORIENTED_EDGE('',*,*,#5822,.T.);
#5820=EDGE_CURVE('',#93,#269,#5823,.F.);
#5821=EDGE_CURVE('',#269,#95,#5824,.T.);
#5822=EDGE_CURVE('',#95,#93,#5825,.T.);
#5823=LINE('',#92,#5826);
#5824=LINE('',#268,#5827);
#5825=LINE('',#94,#5828);
#5826=VECTOR('',#5829,1.0);
#5827=VECTOR('',#5830,1.0);
#5828=VECTOR('',#5831,1.0);
#5829=DIRECTION('',(-0.0346029096636844,0.010828787243327196,0.9993424718331777));
#5830=DIRECTION('',(0,0,-1));
#5831=DIRECTION('',(0.9543591512540768,-0.29866136411929495,0));
#5832=FACE_SURFACE('',(#5837),#5833,.T.);
#5833=PLANE('',#5834);
#5834=AXIS2_PLACEMENT_3D('',#398,#5835,#5836);
#5835=DIRECTION('',(-0.9561660924808059,-0.29282486846234057,0));
#5836=DIRECTION('',(-0.29282486846234057,0.9561660924808059,0));
#5837=FACE_BOUND('',#5838,.T.);
#5838=EDGE_LOOP('',(#5839,#5840,#5841));
#5839=ORIENTED_EDGE('',*,*,#5842,.T.);
#5840=ORIENTED_EDGE('',*,*,#5843,.T.);
#5841=ORIENTED_EDGE('',*,*,#5844,.T.);
#5842=EDGE_CURVE('',#399,#519,#5845,.F.);
#5843=EDGE_CURVE('',#519,#521,#5846,.T.);
#5844=EDGE_CURVE('',#521,#399,#5847,.T.);
#5845=LINE('',#398,#5848);
#5846=LINE('',#518,#5849);
#5847=LINE('',#520,#5850);
#5848=VECTOR('',#5851,1.0);
#5849=VECTOR('',#5852,1.0);
#5850=VECTOR('',#5853,1.0);
#5851=DIRECTION('',(-0.29282486846234057,0.9561660924808059,0));
#5852=DIRECTION('',(0,0,-1));
#5853=DIRECTION('',(0.02050197622572863,-0.06694545650725853,0.9975459762957668));
#5854=FACE_SURFACE('',(#5859),#5855,.T.);
#5855=PLANE('',#5856);
#5856=AXIS2_PLACEMENT_3D('',#398,#5857,#5858);
#5857=DIRECTION('',(-0.9561660924808059,-0.29282486846234057,-0));
#5858=DIRECTION('',(-0.02050197622572863,0.06694545650725853,-0.9975459762957668));
#5859=FACE_BOUND('',#5860,.T.);
#5860=EDGE_LOOP('',(#5861,#5862,#5863));
#5861=ORIENTED_EDGE('',*,*,#5864,.T.);
#5862=ORIENTED_EDGE('',*,*,#5865,.T.);
#5863=ORIENTED_EDGE('',*,*,#5866,.T.);
#5864=EDGE_CURVE('',#399,#521,#5867,.F.);
#5865=EDGE_CURVE('',#521,#401,#5868,.T.);
#5866=EDGE_CURVE('',#401,#399,#5869,.T.);
#5867=LINE('',#398,#5870);
#5868=LINE('',#520,#5871);
#5869=LINE('',#400,#5872);
#5870=VECTOR('',#5873,1.0);
#5871=VECTOR('',#5874,1.0);
#5872=VECTOR('',#5875,1.0);
#5873=DIRECTION('',(-0.02050197622572863,0.06694545650725853,-0.9975459762957668));
#5874=DIRECTION('',(0.29282486846234057,-0.9561660924808059,0));
#5875=DIRECTION('',(0,0,1));
#5876=FACE_SURFACE('',(#5881),#5877,.T.);
#5877=PLANE('',#5878);
#5878=AXIS2_PLACEMENT_3D('',#444,#5879,#5880);
#5879=DIRECTION('',(0.4710515354664002,-0.8821056914762238,0));
#5880=DIRECTION('',(0,0,1));
#5881=FACE_BOUND('',#5882,.T.);
#5882=EDGE_LOOP('',(#5883,#5884,#5885));
#5883=ORIENTED_EDGE('',*,*,#5886,.T.);
#5884=ORIENTED_EDGE('',*,*,#5887,.T.);
#5885=ORIENTED_EDGE('',*,*,#5888,.T.);
#5886=EDGE_CURVE('',#445,#443,#5889,.F.);
#5887=EDGE_CURVE('',#443,#371,#5890,.T.);
#5888=EDGE_CURVE('',#371,#445,#5891,.T.);
#5889=LINE('',#444,#5892);
#5890=LINE('',#442,#5893);
#5891=LINE('',#370,#5894);
#5892=VECTOR('',#5895,1.0);
#5893=VECTOR('',#5896,1.0);
#5894=VECTOR('',#5897,1.0);
#5895=DIRECTION('',(0,0,1));
#5896=DIRECTION('',(-0.8821056914762238,-0.4710515354664002,0));
#5897=DIRECTION('',(0.06150716420445284,0.032845320487848204,-0.99756606481655));
#5898=FACE_SURFACE('',(#5903),#5899,.T.);
#5899=PLANE('',#5900);
#5900=AXIS2_PLACEMENT_3D('',#444,#5901,#5902);
#5901=DIRECTION('',(0.4710515354664002,-0.8821056914762238,0));
#5902=DIRECTION('',(-0.06150716420445284,-0.032845320487848204,0.99756606481655));
#5903=FACE_BOUND('',#5904,.T.);
#5904=EDGE_LOOP('',(#5905,#5906,#5907));
#5905=ORIENTED_EDGE('',*,*,#5908,.T.);
#5906=ORIENTED_EDGE('',*,*,#5909,.T.);
#5907=ORIENTED_EDGE('',*,*,#5910,.T.);
#5908=EDGE_CURVE('',#445,#371,#5911,.F.);
#5909=EDGE_CURVE('',#371,#369,#5912,.T.);
#5910=EDGE_CURVE('',#369,#445,#5913,.T.);
#5911=LINE('',#444,#5914);
#5912=LINE('',#370,#5915);
#5913=LINE('',#368,#5916);
#5914=VECTOR('',#5917,1.0);
#5915=VECTOR('',#5918,1.0);
#5916=VECTOR('',#5919,1.0);
#5917=DIRECTION('',(-0.06150716420445284,-0.032845320487848204,0.99756606481655));
#5918=DIRECTION('',(0,0,-1));
#5919=DIRECTION('',(0.8821056914762238,0.4710515354664002,0));
#5920=FACE_SURFACE('',(#5925),#5921,.T.);
#5921=PLANE('',#5922);
#5922=AXIS2_PLACEMENT_3D('',#522,#5923,#5924);
#5923=DIRECTION('',(-0,-0.7071067811865475,-0.7071067811865475));
#5924=DIRECTION('',(-1,0,0));
#5925=FACE_BOUND('',#5926,.T.);
#5926=EDGE_LOOP('',(#5927,#5928,#5929));
#5927=ORIENTED_EDGE('',*,*,#5930,.T.);
#5928=ORIENTED_EDGE('',*,*,#5931,.T.);
#5929=ORIENTED_EDGE('',*,*,#5932,.T.);
#5930=EDGE_CURVE('',#523,#525,#5933,.F.);
#5931=EDGE_CURVE('',#525,#527,#5934,.T.);
#5932=EDGE_CURVE('',#527,#523,#5935,.T.);
#5933=LINE('',#522,#5936);
#5934=LINE('',#524,#5937);
#5935=LINE('',#526,#5938);
#5936=VECTOR('',#5939,1.0);
#5937=VECTOR('',#5940,1.0);
#5938=VECTOR('',#5941,1.0);
#5939=DIRECTION('',(-1,0,0));
#5940=DIRECTION('',(0.28032717804447094,0.6787549901288474,-0.6787549901288474));
#5941=DIRECTION('',(0.9998700797521298,-0.011397886130100345,0.011397886130100345));
#5942=FACE_SURFACE('',(#5947),#5943,.T.);
#5943=PLANE('',#5944);
#5944=AXIS2_PLACEMENT_3D('',#522,#5945,#5946);
#5945=DIRECTION('',(0,-0.7071067811865475,-0.7071067811865475));
#5946=DIRECTION('',(-0.9998700797521298,0.011397886130100345,-0.011397886130100345));
#5947=FACE_BOUND('',#5948,.T.);
#5948=EDGE_LOOP('',(#5949,#5950,#5951));
#5949=ORIENTED_EDGE('',*,*,#5952,.T.);
#5950=ORIENTED_EDGE('',*,*,#5953,.T.);
#5951=ORIENTED_EDGE('',*,*,#5954,.T.);
#5952=EDGE_CURVE('',#523,#527,#5955,.F.);
#5953=EDGE_CURVE('',#527,#529,#5956,.T.);
#5954=EDGE_CURVE('',#529,#523,#5957,.T.);
#5955=LINE('',#522,#5958);
#5956=LINE('',#526,#5959);
#5957=LINE('',#528,#5960);
#5958=VECTOR('',#5961,1.0);
#5959=VECTOR('',#5962,1.0);
#5960=VECTOR('',#5963,1.0);
#5961=DIRECTION('',(-0.9998700797521298,0.011397886130100345,-0.011397886130100345));
#5962=DIRECTION('',(1,0,0));
#5963=DIRECTION('',(6.181724819385284E-08,-0.7071067811865461,0.7071067811865461));
#5964=FACE_SURFACE('',(#5969),#5965,.T.);
#5965=PLANE('',#5966);
#5966=AXIS2_PLACEMENT_3D('',#340,#5967,#5968);
#5967=DIRECTION('',(0.09920850226900194,-0.9950666676547564,0));
#5968=DIRECTION('',(0,0,1));
#5969=FACE_BOUND('',#5970,.T.);
#5970=EDGE_LOOP('',(#5971,#5972,#5973));
#5971=ORIENTED_EDGE('',*,*,#5974,.T.);
#5972=ORIENTED_EDGE('',*,*,#5975,.T.);
#5973=ORIENTED_EDGE('',*,*,#5976,.T.);
#5974=EDGE_CURVE('',#341,#339,#5977,.F.);
#5975=EDGE_CURVE('',#339,#531,#5978,.T.);
#5976=EDGE_CURVE('',#531,#341,#5979,.T.);
#5977=LINE('',#340,#5980);
#5978=LINE('',#338,#5981);
#5979=LINE('',#530,#5982);
#5980=VECTOR('',#5983,1.0);
#5981=VECTOR('',#5984,1.0);
#5982=VECTOR('',#5985,1.0);
#5983=DIRECTION('',(0,0,1));
#5984=DIRECTION('',(-0.9950666676547564,-0.09920850226900194,0));
#5985=DIRECTION('',(0.06924909083736673,0.006904159096854438,-0.9975755089241933));
#5986=FACE_SURFACE('',(#5991),#5987,.T.);
#5987=PLANE('',#5988);
#5988=AXIS2_PLACEMENT_3D('',#340,#5989,#5990);
#5989=DIRECTION('',(0.09920850226900194,-0.9950666676547564,0));
#5990=DIRECTION('',(-0.06924909083736673,-0.006904159096854438,0.9975755089241933));
#5991=FACE_BOUND('',#5992,.T.);
#5992=EDGE_LOOP('',(#5993,#5994,#5995));
#5993=ORIENTED_EDGE('',*,*,#5996,.T.);
#5994=ORIENTED_EDGE('',*,*,#5997,.T.);
#5995=ORIENTED_EDGE('',*,*,#5998,.T.);
#5996=EDGE_CURVE('',#341,#531,#5999,.F.);
#5997=EDGE_CURVE('',#531,#533,#6000,.T.);
#5998=EDGE_CURVE('',#533,#341,#6001,.T.);
#5999=LINE('',#340,#6002);
#6000=LINE('',#530,#6003);
#6001=LINE('',#532,#6004);
#6002=VECTOR('',#6005,1.0);
#6003=VECTOR('',#6006,1.0);
#6004=VECTOR('',#6007,1.0);
#6005=DIRECTION('',(-0.06924909083736673,-0.006904159096854438,0.9975755089241933));
#6006=DIRECTION('',(0,0,-1));
#6007=DIRECTION('',(0.9950666676547564,0.09920850226900194,0));
#6008=FACE_SURFACE('',(#6013),#6009,.T.);
#6009=PLANE('',#6010);
#6010=AXIS2_PLACEMENT_3D('',#208,#6011,#6012);
#6011=DIRECTION('',(0.7714130441007071,0.6363347510479687,-0));
#6012=DIRECTION('',(0,0,1));
#6013=FACE_BOUND('',#6014,.T.);
#6014=EDGE_LOOP('',(#6015,#6016,#6017));
#6015=ORIENTED_EDGE('',*,*,#6018,.T.);
#6016=ORIENTED_EDGE('',*,*,#6019,.T.);
#6017=ORIENTED_EDGE('',*,*,#6020,.T.);
#6018=EDGE_CURVE('',#209,#207,#6021,.F.);
#6019=EDGE_CURVE('',#207,#481,#6022,.T.);
#6020=EDGE_CURVE('',#481,#209,#6023,.T.);
#6021=LINE('',#208,#6024);
#6022=LINE('',#206,#6025);
#6023=LINE('',#480,#6026);
#6024=VECTOR('',#6027,1.0);
#6025=VECTOR('',#6028,1.0);
#6026=VECTOR('',#6029,1.0);
#6027=DIRECTION('',(0,0,1));
#6028=DIRECTION('',(0.6363347510479688,-0.7714130441007072,0));
#6029=DIRECTION('',(-0.04435196768938119,0.05376680489439846,-0.9975680596598548));
#6030=FACE_SURFACE('',(#6035),#6031,.T.);
#6031=PLANE('',#6032);
#6032=AXIS2_PLACEMENT_3D('',#208,#6033,#6034);
#6033=DIRECTION('',(0.7714130441007071,0.6363347510479687,0));
#6034=DIRECTION('',(0.04435196768938119,-0.05376680489439846,0.9975680596598548));
#6035=FACE_BOUND('',#6036,.T.);
#6036=EDGE_LOOP('',(#6037,#6038,#6039));
#6037=ORIENTED_EDGE('',*,*,#6040,.T.);
#6038=ORIENTED_EDGE('',*,*,#6041,.T.);
#6039=ORIENTED_EDGE('',*,*,#6042,.T.);
#6040=EDGE_CURVE('',#209,#481,#6043,.F.);
#6041=EDGE_CURVE('',#481,#479,#6044,.T.);
#6042=EDGE_CURVE('',#479,#209,#6045,.T.);
#6043=LINE('',#208,#6046);
#6044=LINE('',#480,#6047);
#6045=LINE('',#478,#6048);
#6046=VECTOR('',#6049,1.0);
#6047=VECTOR('',#6050,1.0);
#6048=VECTOR('',#6051,1.0);
#6049=DIRECTION('',(0.04435196768938119,-0.05376680489439846,0.9975680596598548));
#6050=DIRECTION('',(0,0,-1));
#6051=DIRECTION('',(-0.6363347510479688,0.7714130441007072,0));
#6052=FACE_SURFACE('',(#6057),#6053,.T.);
#6053=PLANE('',#6054);
#6054=AXIS2_PLACEMENT_3D('',#216,#6055,#6056);
#6055=DIRECTION('',(-0.995641354442488,0.09326464133811851,0));
#6056=DIRECTION('',(0.0932646413381185,0.995641354442488,0));
#6057=FACE_BOUND('',#6058,.T.);
#6058=EDGE_LOOP('',(#6059,#6060,#6061));
#6059=ORIENTED_EDGE('',*,*,#6062,.T.);
#6060=ORIENTED_EDGE('',*,*,#6063,.T.);
#6061=ORIENTED_EDGE('',*,*,#6064,.T.);
#6062=EDGE_CURVE('',#217,#261,#6065,.F.);
#6063=EDGE_CURVE('',#261,#267,#6066,.T.);
#6064=EDGE_CURVE('',#267,#217,#6067,.T.);
#6065=LINE('',#216,#6068);
#6066=LINE('',#260,#6069);
#6067=LINE('',#266,#6070);
#6068=VECTOR('',#6071,1.0);
#6069=VECTOR('',#6072,1.0);
#6070=VECTOR('',#6073,1.0);
#6071=DIRECTION('',(0.0932646413381185,0.995641354442488,0));
#6072=DIRECTION('',(0,0,-1));
#6073=DIRECTION('',(-0.006486782935462397,-0.06924928091905415,0.997578297047075));
#6074=FACE_SURFACE('',(#6079),#6075,.T.);
#6075=PLANE('',#6076);
#6076=AXIS2_PLACEMENT_3D('',#216,#6077,#6078);
#6077=DIRECTION('',(-0.995641354442488,0.09326464133811851,0));
#6078=DIRECTION('',(0.006486782935462397,0.06924928091905415,-0.997578297047075));
#6079=FACE_BOUND('',#6080,.T.);
#6080=EDGE_LOOP('',(#6081,#6082,#6083));
#6081=ORIENTED_EDGE('',*,*,#6084,.T.);
#6082=ORIENTED_EDGE('',*,*,#6085,.T.);
#6083=ORIENTED_EDGE('',*,*,#6086,.T.);
#6084=EDGE_CURVE('',#217,#267,#6087,.F.);
#6085=EDGE_CURVE('',#267,#219,#6088,.T.);
#6086=EDGE_CURVE('',#219,#217,#6089,.T.);
#6087=LINE('',#216,#6090);
#6088=LINE('',#266,#6091);
#6089=LINE('',#218,#6092);
#6090=VECTOR('',#6093,1.0);
#6091=VECTOR('',#6094,1.0);
#6092=VECTOR('',#6095,1.0);
#6093=DIRECTION('',(0.006486782935462397,0.06924928091905415,-0.997578297047075));
#6094=DIRECTION('',(-0.0932646413381185,-0.995641354442488,0));
#6095=DIRECTION('',(0,0,1));
#6096=FACE_SURFACE('',(#6101),#6097,.T.);
#6097=PLANE('',#6098);
#6098=AXIS2_PLACEMENT_3D('',#534,#6099,#6100);
#6099=DIRECTION('',(0.955919067647332,-0.29363027110339907,0));
#6100=DIRECTION('',(0,0,-1));
#6101=FACE_BOUND('',#6102,.T.);
#6102=EDGE_LOOP('',(#6103,#6104,#6105));
#6103=ORIENTED_EDGE('',*,*,#6106,.T.);
#6104=ORIENTED_EDGE('',*,*,#6107,.T.);
#6105=ORIENTED_EDGE('',*,*,#6108,.T.);
#6106=EDGE_CURVE('',#535,#159,#6109,.F.);
#6107=EDGE_CURVE('',#159,#157,#6110,.T.);
#6108=EDGE_CURVE('',#157,#535,#6111,.T.);
#6109=LINE('',#534,#6112);
#6110=LINE('',#158,#6113);
#6111=LINE('',#156,#6114);
#6112=VECTOR('',#6115,1.0);
#6113=VECTOR('',#6116,1.0);
#6114=VECTOR('',#6117,1.0);
#6115=DIRECTION('',(0,0,-1));
#6116=DIRECTION('',(0.29363027110339907,0.9559190676473319,0));
#6117=DIRECTION('',(-0.011062579936031975,-0.036014444486556045,0.9992900375333897));
#6118=FACE_SURFACE('',(#6123),#6119,.T.);
#6119=PLANE('',#6120);
#6120=AXIS2_PLACEMENT_3D('',#534,#6121,#6122);
#6121=DIRECTION('',(0.955919067647332,-0.29363027110339907,0));
#6122=DIRECTION('',(0.011062579936031975,0.036014444486556045,-0.9992900375333897));
#6123=FACE_BOUND('',#6124,.T.);
#6124=EDGE_LOOP('',(#6125,#6126,#6127));
#6125=ORIENTED_EDGE('',*,*,#6128,.T.);
#6126=ORIENTED_EDGE('',*,*,#6129,.T.);
#6127=ORIENTED_EDGE('',*,*,#6130,.T.);
#6128=EDGE_CURVE('',#535,#157,#6131,.F.);
#6129=EDGE_CURVE('',#157,#327,#6132,.T.);
#6130=EDGE_CURVE('',#327,#535,#6133,.T.);
#6131=LINE('',#534,#6134);
#6132=LINE('',#156,#6135);
#6133=LINE('',#326,#6136);
#6134=VECTOR('',#6137,1.0);
#6135=VECTOR('',#6138,1.0);
#6136=VECTOR('',#6139,1.0);
#6137=DIRECTION('',(0.011062579936031975,0.036014444486556045,-0.9992900375333897));
#6138=DIRECTION('',(0,0,1));
#6139=DIRECTION('',(-0.29363027110339907,-0.9559190676473319,0));
#6140=FACE_SURFACE('',(#6145),#6141,.T.);
#6141=PLANE('',#6142);
#6142=AXIS2_PLACEMENT_3D('',#536,#6143,#6144);
#6143=DIRECTION('',(-0.09322432001467398,0.995645130635309,0));
#6144=DIRECTION('',(0.9956451306353091,0.09322432001467398,0));
#6145=FACE_BOUND('',#6146,.T.);
#6146=EDGE_LOOP('',(#6147,#6148,#6149));
#6147=ORIENTED_EDGE('',*,*,#6150,.T.);
#6148=ORIENTED_EDGE('',*,*,#6151,.T.);
#6149=ORIENTED_EDGE('',*,*,#6152,.T.);
#6150=EDGE_CURVE('',#537,#491,#6153,.F.);
#6151=EDGE_CURVE('',#491,#489,#6154,.T.);
#6152=EDGE_CURVE('',#489,#537,#6155,.T.);
#6153=LINE('',#536,#6156);
#6154=LINE('',#490,#6157);
#6155=LINE('',#488,#6158);
#6156=VECTOR('',#6159,1.0);
#6157=VECTOR('',#6160,1.0);
#6158=VECTOR('',#6161,1.0);
#6159=DIRECTION('',(0.9956451306353091,0.09322432001467398,0));
#6160=DIRECTION('',(0,0,-1));
#6161=DIRECTION('',(-0.020348156488228387,-0.001905240124015724,0.9997911394824424));
#6162=FACE_SURFACE('',(#6167),#6163,.T.);
#6163=PLANE('',#6164);
#6164=AXIS2_PLACEMENT_3D('',#488,#6165,#6166);
#6165=DIRECTION('',(-0.09324402244224682,0.9956432856594724,0));
#6166=DIRECTION('',(-0.9956432856594724,-0.09324402244224683,0));
#6167=FACE_BOUND('',#6168,.T.);
#6168=EDGE_LOOP('',(#6169,#6170,#6171));
#6169=ORIENTED_EDGE('',*,*,#6172,.T.);
#6170=ORIENTED_EDGE('',*,*,#6173,.T.);
#6171=ORIENTED_EDGE('',*,*,#6174,.T.);
#6172=EDGE_CURVE('',#489,#293,#6175,.F.);
#6173=EDGE_CURVE('',#293,#299,#6176,.T.);
#6174=EDGE_CURVE('',#299,#489,#6177,.T.);
#6175=LINE('',#488,#6178);
#6176=LINE('',#292,#6179);
#6177=LINE('',#298,#6180);
#6178=VECTOR('',#6181,1.0);
#6179=VECTOR('',#6182,1.0);
#6180=VECTOR('',#6183,1.0);
#6181=DIRECTION('',(-0.9956432856594724,-0.09324402244224683,0));
#6182=DIRECTION('',(0,0,1));
#6183=DIRECTION('',(0.06924769313278255,0.006485187562200246,-0.9975784176384688));
#6184=FACE_SURFACE('',(#6189),#6185,.T.);
#6185=PLANE('',#6186);
#6186=AXIS2_PLACEMENT_3D('',#488,#6187,#6188);
#6187=DIRECTION('',(-0.09325219534508507,0.9956425202164654,-5.723045919205523E-07));
#6188=DIRECTION('',(-0.06924769313278255,-0.006485187562200246,0.9975784176384688));
#6189=FACE_BOUND('',#6190,.T.);
#6190=EDGE_LOOP('',(#6191,#6192,#6193));
#6191=ORIENTED_EDGE('',*,*,#6194,.T.);
#6192=ORIENTED_EDGE('',*,*,#6195,.T.);
#6193=ORIENTED_EDGE('',*,*,#6196,.T.);
#6194=EDGE_CURVE('',#489,#299,#6197,.F.);
#6195=EDGE_CURVE('',#299,#537,#6198,.T.);
#6196=EDGE_CURVE('',#537,#489,#6199,.T.);
#6197=LINE('',#488,#6200);
#6198=LINE('',#298,#6201);
#6199=LINE('',#536,#6202);
#6200=VECTOR('',#6203,1.0);
#6201=VECTOR('',#6204,1.0);
#6202=VECTOR('',#6205,1.0);
#6203=DIRECTION('',(-0.06924769313278255,-0.006485187562200246,0.9975784176384688));
#6204=DIRECTION('',(0.9956425202166285,0.09325219534510033,0));
#6205=DIRECTION('',(0.020348156488228387,0.001905240124015724,-0.9997911394824424));
#6206=FACE_SURFACE('',(#6211),#6207,.T.);
#6207=PLANE('',#6208);
#6208=AXIS2_PLACEMENT_3D('',#538,#6209,#6210);
#6209=DIRECTION('',(-0.995641354442488,0.0932646413381185,0));
#6210=DIRECTION('',(0.0932646413381185,0.995641354442488,0));
#6211=FACE_BOUND('',#6212,.T.);
#6212=EDGE_LOOP('',(#6213,#6214,#6215));
#6213=ORIENTED_EDGE('',*,*,#6216,.T.);
#6214=ORIENTED_EDGE('',*,*,#6217,.T.);
#6215=ORIENTED_EDGE('',*,*,#6218,.T.);
#6216=EDGE_CURVE('',#539,#361,#6219,.F.);
#6217=EDGE_CURVE('',#361,#367,#6220,.T.);
#6218=EDGE_CURVE('',#367,#539,#6221,.T.);
#6219=LINE('',#538,#6222);
#6220=LINE('',#360,#6223);
#6221=LINE('',#366,#6224);
#6222=VECTOR('',#6225,1.0);
#6223=VECTOR('',#6226,1.0);
#6224=VECTOR('',#6227,1.0);
#6225=DIRECTION('',(0.0932646413381185,0.995641354442488,0));
#6226=DIRECTION('',(0,0,-1));
#6227=DIRECTION('',(-0.006486783258239015,-0.06924928436483752,0.9975782968057789));
#6228=FACE_SURFACE('',(#6233),#6229,.T.);
#6229=PLANE('',#6230);
#6230=AXIS2_PLACEMENT_3D('',#538,#6231,#6232);
#6231=DIRECTION('',(-0.995641354442488,0.0932646413381185,0));
#6232=DIRECTION('',(0.006486783258239015,0.06924928436483752,-0.9975782968057789));
#6233=FACE_BOUND('',#6234,.T.);
#6234=EDGE_LOOP('',(#6235,#6236,#6237));
#6235=ORIENTED_EDGE('',*,*,#6238,.T.);
#6236=ORIENTED_EDGE('',*,*,#6239,.T.);
#6237=ORIENTED_EDGE('',*,*,#6240,.T.);
#6238=EDGE_CURVE('',#539,#367,#6241,.F.);
#6239=EDGE_CURVE('',#367,#541,#6242,.T.);
#6240=EDGE_CURVE('',#541,#539,#6243,.T.);
#6241=LINE('',#538,#6244);
#6242=LINE('',#366,#6245);
#6243=LINE('',#540,#6246);
#6244=VECTOR('',#6247,1.0);
#6245=VECTOR('',#6248,1.0);
#6246=VECTOR('',#6249,1.0);
#6247=DIRECTION('',(0.006486783258239015,0.06924928436483752,-0.9975782968057789));
#6248=DIRECTION('',(-0.0932646413381185,-0.995641354442488,0));
#6249=DIRECTION('',(0,0,1));
#6250=FACE_SURFACE('',(#6255),#6251,.T.);
#6251=PLANE('',#6252);
#6252=AXIS2_PLACEMENT_3D('',#542,#6253,#6254);
#6253=DIRECTION('',(-0.955905687275088,-0.29367382763048855,-0));
#6254=DIRECTION('',(0,0,-1));
#6255=FACE_BOUND('',#6256,.T.);
#6256=EDGE_LOOP('',(#6257,#6258,#6259));
#6257=ORIENTED_EDGE('',*,*,#6260,.T.);
#6258=ORIENTED_EDGE('',*,*,#6261,.T.);
#6259=ORIENTED_EDGE('',*,*,#6262,.T.);
#6260=EDGE_CURVE('',#543,#133,#6263,.F.);
#6261=EDGE_CURVE('',#133,#131,#6264,.T.);
#6262=EDGE_CURVE('',#131,#543,#6265,.T.);
#6263=LINE('',#542,#6266);
#6264=LINE('',#132,#6267);
#6265=LINE('',#130,#6268);
#6266=VECTOR('',#6269,1.0);
#6267=VECTOR('',#6270,1.0);
#6268=VECTOR('',#6271,1.0);
#6269=DIRECTION('',(0,0,-1));
#6270=DIRECTION('',(0.2936738276304885,-0.9559056872750878,0));
#6271=DIRECTION('',(-0.011064375589564506,0.03601444377099929,0.9992900176788911));
#6272=FACE_SURFACE('',(#6277),#6273,.T.);
#6273=PLANE('',#6274);
#6274=AXIS2_PLACEMENT_3D('',#542,#6275,#6276);
#6275=DIRECTION('',(-0.955905687275088,-0.29367382763048855,0));
#6276=DIRECTION('',(0.011064375589564506,-0.03601444377099929,-0.9992900176788911));
#6277=FACE_BOUND('',#6278,.T.);
#6278=EDGE_LOOP('',(#6279,#6280,#6281));
#6279=ORIENTED_EDGE('',*,*,#6282,.T.);
#6280=ORIENTED_EDGE('',*,*,#6283,.T.);
#6281=ORIENTED_EDGE('',*,*,#6284,.T.);
#6282=EDGE_CURVE('',#543,#131,#6285,.F.);
#6283=EDGE_CURVE('',#131,#307,#6286,.T.);
#6284=EDGE_CURVE('',#307,#543,#6287,.T.);
#6285=LINE('',#542,#6288);
#6286=LINE('',#130,#6289);
#6287=LINE('',#306,#6290);
#6288=VECTOR('',#6291,1.0);
#6289=VECTOR('',#6292,1.0);
#6290=VECTOR('',#6293,1.0);
#6291=DIRECTION('',(0.011064375589564506,-0.03601444377099929,-0.9992900176788911));
#6292=DIRECTION('',(0,0,1));
#6293=DIRECTION('',(-0.2936738276304885,0.9559056872750878,0));
#6294=FACE_SURFACE('',(#6299),#6295,.T.);
#6295=PLANE('',#6296);
#6296=AXIS2_PLACEMENT_3D('',#144,#6297,#6298);
#6297=DIRECTION('',(-0.10016072765215271,-0.99497127025668,0));
#6298=DIRECTION('',(0.9949712702566801,-0.10016072765215271,0));
#6299=FACE_BOUND('',#6300,.T.);
#6300=EDGE_LOOP('',(#6301,#6302,#6303));
#6301=ORIENTED_EDGE('',*,*,#6304,.T.);
#6302=ORIENTED_EDGE('',*,*,#6305,.T.);
#6303=ORIENTED_EDGE('',*,*,#6306,.T.);
#6304=EDGE_CURVE('',#145,#143,#6307,.F.);
#6305=EDGE_CURVE('',#143,#407,#6308,.T.);
#6306=EDGE_CURVE('',#407,#145,#6309,.T.);
#6307=LINE('',#144,#6310);
#6308=LINE('',#142,#6311);
#6309=LINE('',#406,#6312);
#6310=VECTOR('',#6313,1.0);
#6311=VECTOR('',#6314,1.0);
#6312=VECTOR('',#6315,1.0);
#6313=DIRECTION('',(0.9949712702566801,-0.10016072765215271,0));
#6314=DIRECTION('',(0,0,1));
#6315=DIRECTION('',(-0.03742787888704466,0.003767750583226318,-0.9992922284985305));
#6316=FACE_SURFACE('',(#6321),#6317,.T.);
#6317=PLANE('',#6318);
#6318=AXIS2_PLACEMENT_3D('',#144,#6319,#6320);
#6319=DIRECTION('',(-0.10016072765215271,-0.99497127025668,0));
#6320=DIRECTION('',(0.03742787888704466,-0.003767750583226318,0.9992922284985305));
#6321=FACE_BOUND('',#6322,.T.);
#6322=EDGE_LOOP('',(#6323,#6324,#6325));
#6323=ORIENTED_EDGE('',*,*,#6326,.T.);
#6324=ORIENTED_EDGE('',*,*,#6327,.T.);
#6325=ORIENTED_EDGE('',*,*,#6328,.T.);
#6326=EDGE_CURVE('',#145,#407,#6329,.F.);
#6327=EDGE_CURVE('',#407,#409,#6330,.T.);
#6328=EDGE_CURVE('',#409,#145,#6331,.T.);
#6329=LINE('',#144,#6332);
#6330=LINE('',#406,#6333);
#6331=LINE('',#408,#6334);
#6332=VECTOR('',#6335,1.0);
#6333=VECTOR('',#6336,1.0);
#6334=VECTOR('',#6337,1.0);
#6335=DIRECTION('',(0.03742787888704466,-0.003767750583226318,0.9992922284985305));
#6336=DIRECTION('',(-0.9949712702566801,0.10016072765215271,0));
#6337=DIRECTION('',(0,0,-1));
#6338=FACE_SURFACE('',(#6343),#6339,.T.);
#6339=PLANE('',#6340);
#6340=AXIS2_PLACEMENT_3D('',#532,#6341,#6342);
#6341=DIRECTION('',(-0.09921076651449169,-0.9950664419060704,0));
#6342=DIRECTION('',(0,0,1));
#6343=FACE_BOUND('',#6344,.T.);
#6344=EDGE_LOOP('',(#6345,#6346,#6347));
#6345=ORIENTED_EDGE('',*,*,#6348,.T.);
#6346=ORIENTED_EDGE('',*,*,#6349,.T.);
#6347=ORIENTED_EDGE('',*,*,#6350,.T.);
#6348=EDGE_CURVE('',#533,#531,#6351,.F.);
#6349=EDGE_CURVE('',#531,#545,#6352,.T.);
#6350=EDGE_CURVE('',#545,#533,#6353,.T.);
#6351=LINE('',#532,#6354);
#6352=LINE('',#530,#6355);
#6353=LINE('',#544,#6356);
#6354=VECTOR('',#6357,1.0);
#6355=VECTOR('',#6358,1.0);
#6356=VECTOR('',#6359,1.0);
#6357=DIRECTION('',(0,0,1));
#6358=DIRECTION('',(-0.9950664419060704,0.09921076651449169,0));
#6359=DIRECTION('',(0.06924750233851597,-0.0069041598599772,-0.9975756191870895));
#6360=FACE_SURFACE('',(#6365),#6361,.T.);
#6361=PLANE('',#6362);
#6362=AXIS2_PLACEMENT_3D('',#532,#6363,#6364);
#6363=DIRECTION('',(-0.09921076651449169,-0.9950664419060704,0));
#6364=DIRECTION('',(-0.06924750233851597,0.0069041598599772,0.9975756191870895));
#6365=FACE_BOUND('',#6366,.T.);
#6366=EDGE_LOOP('',(#6367,#6368,#6369));
#6367=ORIENTED_EDGE('',*,*,#6370,.T.);
#6368=ORIENTED_EDGE('',*,*,#6371,.T.);
#6369=ORIENTED_EDGE('',*,*,#6372,.T.);
#6370=EDGE_CURVE('',#533,#545,#6373,.F.);
#6371=EDGE_CURVE('',#545,#547,#6374,.T.);
#6372=EDGE_CURVE('',#547,#533,#6375,.T.);
#6373=LINE('',#532,#6376);
#6374=LINE('',#544,#6377);
#6375=LINE('',#546,#6378);
#6376=VECTOR('',#6379,1.0);
#6377=VECTOR('',#6380,1.0);
#6378=VECTOR('',#6381,1.0);
#6379=DIRECTION('',(-0.06924750233851597,0.0069041598599772,0.9975756191870895));
#6380=DIRECTION('',(0,0,-1));
#6381=DIRECTION('',(0.9950664419060704,-0.09921076651449169,0));
#6382=FACE_SURFACE('',(#6387),#6383,.T.);
#6383=PLANE('',#6384);
#6384=AXIS2_PLACEMENT_3D('',#548,#6385,#6386);
#6385=DIRECTION('',(-0.5002142193398836,0.5002142193398836,-0.7068036994388057));
#6386=DIRECTION('',(0.7071067811865475,0.7071067811865475,0));
#6387=FACE_BOUND('',#6388,.T.);
#6388=EDGE_LOOP('',(#6389,#6390,#6391));
#6389=ORIENTED_EDGE('',*,*,#6392,.T.);
#6390=ORIENTED_EDGE('',*,*,#6393,.T.);
#6391=ORIENTED_EDGE('',*,*,#6394,.T.);
#6392=EDGE_CURVE('',#549,#321,#6395,.F.);
#6393=EDGE_CURVE('',#321,#319,#6396,.T.);
#6394=EDGE_CURVE('',#319,#549,#6397,.T.);
#6395=LINE('',#548,#6398);
#6396=LINE('',#320,#6399);
#6397=LINE('',#318,#6400);
#6398=VECTOR('',#6401,1.0);
#6399=VECTOR('',#6402,1.0);
#6400=VECTOR('',#6403,1.0);
#6401=DIRECTION('',(0.7071067811865475,0.7071067811865475,0));
#6402=DIRECTION('',(0.28032717804447094,-0.6787549901288474,-0.6787549901288474));
#6403=DIRECTION('',(-0.850331939800163,-0.4378637239178091,0.2919091492785394));
#6404=FACE_SURFACE('',(#6409),#6405,.T.);
#6405=PLANE('',#6406);
#6406=AXIS2_PLACEMENT_3D('',#548,#6407,#6408);
#6407=DIRECTION('',(-0.5001410134236751,0.49987985046902694,-0.707092003763727));
#6408=DIRECTION('',(0.850331939800163,0.4378637239178091,-0.2919091492785394));
#6409=FACE_BOUND('',#6410,.T.);
#6410=EDGE_LOOP('',(#6411,#6412,#6413));
#6411=ORIENTED_EDGE('',*,*,#6414,.T.);
#6412=ORIENTED_EDGE('',*,*,#6415,.T.);
#6413=ORIENTED_EDGE('',*,*,#6416,.T.);
#6414=EDGE_CURVE('',#549,#319,#6417,.F.);
#6415=EDGE_CURVE('',#319,#551,#6418,.T.);
#6416=EDGE_CURVE('',#551,#549,#6419,.T.);
#6417=LINE('',#548,#6420);
#6418=LINE('',#318,#6421);
#6419=LINE('',#550,#6422);
#6420=VECTOR('',#6423,1.0);
#6421=VECTOR('',#6424,1.0);
#6422=VECTOR('',#6425,1.0);
#6423=DIRECTION('',(0.850331939800163,0.4378637239178091,-0.2919091492785394));
#6424=DIRECTION('',(-0.7069220908359887,-0.7072914233101333,0));
#6425=DIRECTION('',(-0.6786257927197545,0.2809520722667294,0.6786257927197545));
#6426=FACE_SURFACE('',(#6431),#6427,.T.);
#6427=PLANE('',#6428);
#6428=AXIS2_PLACEMENT_3D('',#202,#6429,#6430);
#6429=DIRECTION('',(-0.7759284734468137,0.6308208970020709,0));
#6430=DIRECTION('',(0,0,-1));
#6431=FACE_BOUND('',#6432,.T.);
#6432=EDGE_LOOP('',(#6433,#6434,#6435));
#6433=ORIENTED_EDGE('',*,*,#6436,.T.);
#6434=ORIENTED_EDGE('',*,*,#6437,.T.);
#6435=ORIENTED_EDGE('',*,*,#6438,.T.);
#6436=EDGE_CURVE('',#203,#183,#6439,.F.);
#6437=EDGE_CURVE('',#183,#181,#6440,.T.);
#6438=EDGE_CURVE('',#181,#203,#6441,.T.);
#6439=LINE('',#202,#6442);
#6440=LINE('',#182,#6443);
#6441=LINE('',#180,#6444);
#6442=VECTOR('',#6445,1.0);
#6443=VECTOR('',#6446,1.0);
#6444=VECTOR('',#6447,1.0);
#6445=DIRECTION('',(0,0,-1));
#6446=DIRECTION('',(-0.6308208970020709,-0.7759284734468137,0));
#6447=DIRECTION('',(0.02353883091796124,0.028953462429188306,0.9993035677172263));
#6448=FACE_SURFACE('',(#6453),#6449,.T.);
#6449=PLANE('',#6450);
#6450=AXIS2_PLACEMENT_3D('',#202,#6451,#6452);
#6451=DIRECTION('',(-0.7759284734468137,0.6308208970020709,0));
#6452=DIRECTION('',(-0.02353883091796124,-0.028953462429188306,-0.9993035677172263));
#6453=FACE_BOUND('',#6454,.T.);
#6454=EDGE_LOOP('',(#6455,#6456,#6457));
#6455=ORIENTED_EDGE('',*,*,#6458,.T.);
#6456=ORIENTED_EDGE('',*,*,#6459,.T.);
#6457=ORIENTED_EDGE('',*,*,#6460,.T.);
#6458=EDGE_CURVE('',#203,#181,#6461,.F.);
#6459=EDGE_CURVE('',#181,#553,#6462,.T.);
#6460=EDGE_CURVE('',#553,#203,#6463,.T.);
#6461=LINE('',#202,#6464);
#6462=LINE('',#180,#6465);
#6463=LINE('',#552,#6466);
#6464=VECTOR('',#6467,1.0);
#6465=VECTOR('',#6468,1.0);
#6466=VECTOR('',#6469,1.0);
#6467=DIRECTION('',(-0.02353883091796124,-0.028953462429188306,-0.9993035677172263));
#6468=DIRECTION('',(0,0,1));
#6469=DIRECTION('',(0.6308208970020709,0.7759284734468137,0));
#6470=FACE_SURFACE('',(#6475),#6471,.T.);
#6471=PLANE('',#6472);
#6472=AXIS2_PLACEMENT_3D('',#470,#6473,#6474);
#6473=DIRECTION('',(-0.885467402174501,-0.46470149524866,-0));
#6474=DIRECTION('',(0,0,-1));
#6475=FACE_BOUND('',#6476,.T.);
#6476=EDGE_LOOP('',(#6477,#6478,#6479));
#6477=ORIENTED_EDGE('',*,*,#6480,.T.);
#6478=ORIENTED_EDGE('',*,*,#6481,.T.);
#6479=ORIENTED_EDGE('',*,*,#6482,.T.);
#6480=EDGE_CURVE('',#471,#135,#6483,.F.);
#6481=EDGE_CURVE('',#135,#133,#6484,.T.);
#6482=EDGE_CURVE('',#133,#471,#6485,.T.);
#6483=LINE('',#470,#6486);
#6484=LINE('',#134,#6487);
#6485=LINE('',#132,#6488);
#6486=VECTOR('',#6489,1.0);
#6487=VECTOR('',#6490,1.0);
#6488=VECTOR('',#6491,1.0);
#6489=DIRECTION('',(0,0,-1));
#6490=DIRECTION('',(0.46470149524866,-0.885467402174501,0));
#6491=DIRECTION('',(-0.017418301912153978,0.033189776022117506,0.9992972738510291));
#6492=FACE_SURFACE('',(#6497),#6493,.T.);
#6493=PLANE('',#6494);
#6494=AXIS2_PLACEMENT_3D('',#470,#6495,#6496);
#6495=DIRECTION('',(-0.885467402174501,-0.46470149524866,0));
#6496=DIRECTION('',(0.017418301912153978,-0.033189776022117506,-0.9992972738510291));
#6497=FACE_BOUND('',#6498,.T.);
#6498=EDGE_LOOP('',(#6499,#6500,#6501));
#6499=ORIENTED_EDGE('',*,*,#6502,.T.);
#6500=ORIENTED_EDGE('',*,*,#6503,.T.);
#6501=ORIENTED_EDGE('',*,*,#6504,.T.);
#6502=EDGE_CURVE('',#471,#133,#6505,.F.);
#6503=EDGE_CURVE('',#133,#543,#6506,.T.);
#6504=EDGE_CURVE('',#543,#471,#6507,.T.);
#6505=LINE('',#470,#6508);
#6506=LINE('',#132,#6509);
#6507=LINE('',#542,#6510);
#6508=VECTOR('',#6511,1.0);
#6509=VECTOR('',#6512,1.0);
#6510=VECTOR('',#6513,1.0);
#6511=DIRECTION('',(0.017418301912153978,-0.033189776022117506,-0.9992972738510291));
#6512=DIRECTION('',(0,0,1));
#6513=DIRECTION('',(-0.46470149524866,0.885467402174501,0));
#6514=FACE_SURFACE('',(#6519),#6515,.T.);
#6515=PLANE('',#6516);
#6516=AXIS2_PLACEMENT_3D('',#90,#6517,#6518);
#6517=DIRECTION('',(-0.46520387834115623,-0.8852035650495012,0));
#6518=DIRECTION('',(0,0,1));
#6519=FACE_BOUND('',#6520,.T.);
#6520=EDGE_LOOP('',(#6521,#6522,#6523));
#6521=ORIENTED_EDGE('',*,*,#6524,.T.);
#6522=ORIENTED_EDGE('',*,*,#6525,.T.);
#6523=ORIENTED_EDGE('',*,*,#6526,.T.);
#6524=EDGE_CURVE('',#91,#555,#6527,.F.);
#6525=EDGE_CURVE('',#555,#517,#6528,.T.);
#6526=EDGE_CURVE('',#517,#91,#6529,.T.);
#6527=LINE('',#90,#6530);
#6528=LINE('',#554,#6531);
#6529=LINE('',#516,#6532);
#6530=VECTOR('',#6533,1.0);
#6531=VECTOR('',#6534,1.0);
#6532=VECTOR('',#6535,1.0);
#6533=DIRECTION('',(0,0,1));
#6534=DIRECTION('',(-0.8852035650495013,0.4652038783411563,0));
#6535=DIRECTION('',(0.032249987123930075,-0.01694843952155305,-0.9993361239984726));
#6536=FACE_SURFACE('',(#6541),#6537,.T.);
#6537=PLANE('',#6538);
#6538=AXIS2_PLACEMENT_3D('',#90,#6539,#6540);
#6539=DIRECTION('',(-0.46520387834115623,-0.8852035650495012,0));
#6540=DIRECTION('',(-0.032249987123930075,0.01694843952155305,0.9993361239984726));
#6541=FACE_BOUND('',#6542,.T.);
#6542=EDGE_LOOP('',(#6543,#6544,#6545));
#6543=ORIENTED_EDGE('',*,*,#6546,.T.);
#6544=ORIENTED_EDGE('',*,*,#6547,.T.);
#6545=ORIENTED_EDGE('',*,*,#6548,.T.);
#6546=EDGE_CURVE('',#91,#517,#6549,.F.);
#6547=EDGE_CURVE('',#517,#93,#6550,.T.);
#6548=EDGE_CURVE('',#93,#91,#6551,.T.);
#6549=LINE('',#90,#6552);
#6550=LINE('',#516,#6553);
#6551=LINE('',#92,#6554);
#6552=VECTOR('',#6555,1.0);
#6553=VECTOR('',#6556,1.0);
#6554=VECTOR('',#6557,1.0);
#6555=DIRECTION('',(-0.032249987123930075,0.01694843952155305,0.9993361239984726));
#6556=DIRECTION('',(0,0,-1));
#6557=DIRECTION('',(0.8852035650495013,-0.4652038783411563,0));
#6558=FACE_SURFACE('',(#6563),#6559,.T.);
#6559=PLANE('',#6560);
#6560=AXIS2_PLACEMENT_3D('',#60,#6561,#6562);
#6561=DIRECTION('',(-0.9952289030824367,0.09756756873741251,0));
#6562=DIRECTION('',(0.09756756873741251,0.9952289030824367,0));
#6563=FACE_BOUND('',#6564,.T.);
#6564=EDGE_LOOP('',(#6565,#6566,#6567));
#6565=ORIENTED_EDGE('',*,*,#6568,.T.);
#6566=ORIENTED_EDGE('',*,*,#6569,.T.);
#6567=ORIENTED_EDGE('',*,*,#6570,.T.);
#6568=EDGE_CURVE('',#61,#235,#6571,.F.);
#6569=EDGE_CURVE('',#235,#81,#6572,.T.);
#6570=EDGE_CURVE('',#81,#61,#6573,.T.);
#6571=LINE('',#60,#6574);
#6572=LINE('',#234,#6575);
#6573=LINE('',#80,#6576);
#6574=VECTOR('',#6577,1.0);
#6575=VECTOR('',#6578,1.0);
#6576=VECTOR('',#6579,1.0);
#6577=DIRECTION('',(0.09756756873741251,0.9952289030824367,0));
#6578=DIRECTION('',(0,0,-1));
#6579=DIRECTION('',(-0.0035308812896593144,-0.036016425932262404,0.999344960431774));
#6580=FACE_SURFACE('',(#6585),#6581,.T.);
#6581=PLANE('',#6582);
#6582=AXIS2_PLACEMENT_3D('',#60,#6583,#6584);
#6583=DIRECTION('',(-0.9952289030824367,0.09756756873741251,0));
#6584=DIRECTION('',(0.0035308812896593144,0.036016425932262404,-0.999344960431774));
#6585=FACE_BOUND('',#6586,.T.);
#6586=EDGE_LOOP('',(#6587,#6588,#6589));
#6587=ORIENTED_EDGE('',*,*,#6590,.T.);
#6588=ORIENTED_EDGE('',*,*,#6591,.T.);
#6589=ORIENTED_EDGE('',*,*,#6592,.T.);
#6590=EDGE_CURVE('',#61,#81,#6593,.F.);
#6591=EDGE_CURVE('',#81,#63,#6594,.T.);
#6592=EDGE_CURVE('',#63,#61,#6595,.T.);
#6593=LINE('',#60,#6596);
#6594=LINE('',#80,#6597);
#6595=LINE('',#62,#6598);
#6596=VECTOR('',#6599,1.0);
#6597=VECTOR('',#6600,1.0);
#6598=VECTOR('',#6601,1.0);
#6599=DIRECTION('',(0.0035308812896593144,0.036016425932262404,-0.999344960431774));
#6600=DIRECTION('',(-0.09756756873741251,-0.9952289030824367,0));
#6601=DIRECTION('',(0,0,1));
#6602=FACE_SURFACE('',(#6607),#6603,.T.);
#6603=PLANE('',#6604);
#6604=AXIS2_PLACEMENT_3D('',#100,#6605,#6606);
#6605=DIRECTION('',(0.4705752945191002,-0.8823598428012587,0));
#6606=DIRECTION('',(0,0,1));
#6607=FACE_BOUND('',#6608,.T.);
#6608=EDGE_LOOP('',(#6609,#6610,#6611));
#6609=ORIENTED_EDGE('',*,*,#6612,.T.);
#6610=ORIENTED_EDGE('',*,*,#6613,.T.);
#6611=ORIENTED_EDGE('',*,*,#6614,.T.);
#6612=EDGE_CURVE('',#101,#247,#6615,.F.);
#6613=EDGE_CURVE('',#247,#439,#6616,.T.);
#6614=EDGE_CURVE('',#439,#101,#6617,.T.);
#6615=LINE('',#100,#6618);
#6616=LINE('',#246,#6619);
#6617=LINE('',#438,#6620);
#6618=VECTOR('',#6621,1.0);
#6619=VECTOR('',#6622,1.0);
#6620=VECTOR('',#6623,1.0);
#6621=DIRECTION('',(0,0,1));
#6622=DIRECTION('',(-0.8823598428012587,-0.4705752945191002,0));
#6623=DIRECTION('',(0.03177992531906358,0.016948694842385027,-0.9993511785602969));
#6624=FACE_SURFACE('',(#6629),#6625,.T.);
#6625=PLANE('',#6626);
#6626=AXIS2_PLACEMENT_3D('',#100,#6627,#6628);
#6627=DIRECTION('',(0.4705752945191002,-0.8823598428012587,0));
#6628=DIRECTION('',(-0.03177992531906358,-0.016948694842385027,0.9993511785602969));
#6629=FACE_BOUND('',#6630,.T.);
#6630=EDGE_LOOP('',(#6631,#6632,#6633));
#6631=ORIENTED_EDGE('',*,*,#6634,.T.);
#6632=ORIENTED_EDGE('',*,*,#6635,.T.);
#6633=ORIENTED_EDGE('',*,*,#6636,.T.);
#6634=EDGE_CURVE('',#101,#439,#6637,.F.);
#6635=EDGE_CURVE('',#439,#103,#6638,.T.);
#6636=EDGE_CURVE('',#103,#101,#6639,.T.);
#6637=LINE('',#100,#6640);
#6638=LINE('',#438,#6641);
#6639=LINE('',#102,#6642);
#6640=VECTOR('',#6643,1.0);
#6641=VECTOR('',#6644,1.0);
#6642=VECTOR('',#6645,1.0);
#6643=DIRECTION('',(-0.03177992531906358,-0.016948694842385027,0.9993511785602969));
#6644=DIRECTION('',(0,0,-1));
#6645=DIRECTION('',(0.8823598428012587,0.4705752945191002,0));
#6646=FACE_SURFACE('',(#6651),#6647,.T.);
#6647=PLANE('',#6648);
#6648=AXIS2_PLACEMENT_3D('',#556,#6649,#6650);
#6649=DIRECTION('',(0.7714084075926253,0.6363403717315209,-0));
#6650=DIRECTION('',(0,0,1));
#6651=FACE_BOUND('',#6652,.T.);
#6652=EDGE_LOOP('',(#6653,#6654,#6655));
#6653=ORIENTED_EDGE('',*,*,#6656,.T.);
#6654=ORIENTED_EDGE('',*,*,#6657,.T.);
#6655=ORIENTED_EDGE('',*,*,#6658,.T.);
#6656=EDGE_CURVE('',#557,#559,#6659,.F.);
#6657=EDGE_CURVE('',#559,#425,#6660,.T.);
#6658=EDGE_CURVE('',#425,#557,#6661,.T.);
#6659=LINE('',#556,#6662);
#6660=LINE('',#558,#6663);
#6661=LINE('',#424,#6664);
#6662=VECTOR('',#6665,1.0);
#6663=VECTOR('',#6666,1.0);
#6664=VECTOR('',#6667,1.0);
#6665=DIRECTION('',(0,0,1));
#6666=DIRECTION('',(0.6363403717315208,-0.7714084075926253,0));
#6667=DIRECTION('',(-0.04435196738562694,0.053766006455711064,-0.997568102707193));
#6668=FACE_SURFACE('',(#6673),#6669,.T.);
#6669=PLANE('',#6670);
#6670=AXIS2_PLACEMENT_3D('',#556,#6671,#6672);
#6671=DIRECTION('',(0.7714084075926253,0.6363403717315209,0));
#6672=DIRECTION('',(0.04435196738562694,-0.053766006455711064,0.997568102707193));
#6673=FACE_BOUND('',#6674,.T.);
#6674=EDGE_LOOP('',(#6675,#6676,#6677));
#6675=ORIENTED_EDGE('',*,*,#6678,.T.);
#6676=ORIENTED_EDGE('',*,*,#6679,.T.);
#6677=ORIENTED_EDGE('',*,*,#6680,.T.);
#6678=EDGE_CURVE('',#557,#425,#6681,.F.);
#6679=EDGE_CURVE('',#425,#423,#6682,.T.);
#6680=EDGE_CURVE('',#423,#557,#6683,.T.);
#6681=LINE('',#556,#6684);
#6682=LINE('',#424,#6685);
#6683=LINE('',#422,#6686);
#6684=VECTOR('',#6687,1.0);
#6685=VECTOR('',#6688,1.0);
#6686=VECTOR('',#6689,1.0);
#6687=DIRECTION('',(0.04435196738562694,-0.053766006455711064,0.997568102707193));
#6688=DIRECTION('',(0,0,-1));
#6689=DIRECTION('',(-0.6363403717315208,0.7714084075926253,0));
#6690=FACE_SURFACE('',(#6695),#6691,.T.);
#6691=PLANE('',#6692);
#6692=AXIS2_PLACEMENT_3D('',#528,#6693,#6694);
#6693=DIRECTION('',(0,0,-1));
#6694=DIRECTION('',(-1,0,0));
#6695=FACE_BOUND('',#6696,.T.);
#6696=EDGE_LOOP('',(#6697,#6698,#6699));
#6697=ORIENTED_EDGE('',*,*,#6700,.T.);
#6698=ORIENTED_EDGE('',*,*,#6701,.T.);
#6699=ORIENTED_EDGE('',*,*,#6702,.T.);
#6700=EDGE_CURVE('',#529,#527,#6703,.F.);
#6701=EDGE_CURVE('',#527,#561,#6704,.T.);
#6702=EDGE_CURVE('',#561,#529,#6705,.T.);
#6703=LINE('',#528,#6706);
#6704=LINE('',#526,#6707);
#6705=LINE('',#560,#6708);
#6706=VECTOR('',#6709,1.0);
#6707=VECTOR('',#6710,1.0);
#6708=VECTOR('',#6711,1.0);
#6709=DIRECTION('',(-1,0,0));
#6710=DIRECTION('',(-0.7071067811865476,0.7071067811865476,0));
#6711=DIRECTION('',(0.9997723454885191,-0.02133675693223661,0));
#6712=FACE_SURFACE('',(#6717),#6713,.T.);
#6713=PLANE('',#6714);
#6714=AXIS2_PLACEMENT_3D('',#560,#6715,#6716);
#6715=DIRECTION('',(0,0,-1));
#6716=DIRECTION('',(0,1,0));
#6717=FACE_BOUND('',#6718,.T.);
#6718=EDGE_LOOP('',(#6719,#6720,#6721));
#6719=ORIENTED_EDGE('',*,*,#6722,.T.);
#6720=ORIENTED_EDGE('',*,*,#6723,.T.);
#6721=ORIENTED_EDGE('',*,*,#6724,.T.);
#6722=EDGE_CURVE('',#561,#551,#6725,.F.);
#6723=EDGE_CURVE('',#551,#319,#6726,.T.);
#6724=EDGE_CURVE('',#319,#561,#6727,.T.);
#6725=LINE('',#560,#6728);
#6726=LINE('',#550,#6729);
#6727=LINE('',#318,#6730);
#6728=VECTOR('',#6731,1.0);
#6729=VECTOR('',#6732,1.0);
#6730=VECTOR('',#6733,1.0);
#6731=DIRECTION('',(0,1,0));
#6732=DIRECTION('',(0.7069220908359887,0.7072914233101333,0));
#6733=DIRECTION('',(-0.02728373549198967,-0.9996277295961747,0));
#6734=FACE_SURFACE('',(#6739),#6735,.T.);
#6735=PLANE('',#6736);
#6736=AXIS2_PLACEMENT_3D('',#318,#6737,#6738);
#6737=DIRECTION('',(0,0,-1));
#6738=DIRECTION('',(1,0,0));
#6739=FACE_BOUND('',#6740,.T.);
#6740=EDGE_LOOP('',(#6741,#6742,#6743));
#6741=ORIENTED_EDGE('',*,*,#6744,.T.);
#6742=ORIENTED_EDGE('',*,*,#6745,.T.);
#6743=ORIENTED_EDGE('',*,*,#6746,.T.);
#6744=EDGE_CURVE('',#319,#325,#6747,.F.);
#6745=EDGE_CURVE('',#325,#529,#6748,.T.);
#6746=EDGE_CURVE('',#529,#319,#6749,.T.);
#6747=LINE('',#318,#6750);
#6748=LINE('',#324,#6751);
#6749=LINE('',#528,#6752);
#6750=VECTOR('',#6753,1.0);
#6751=VECTOR('',#6754,1.0);
#6752=VECTOR('',#6755,1.0);
#6753=DIRECTION('',(1,0,0));
#6754=DIRECTION('',(4.371138988165045E-08,-0.999999999999999,0));
#6755=DIRECTION('',(-0.7729731080781094,0.6344387867935466,0));
#6756=FACE_SURFACE('',(#6761),#6757,.T.);
#6757=PLANE('',#6758);
#6758=AXIS2_PLACEMENT_3D('',#560,#6759,#6760);
#6759=DIRECTION('',(0,0,-1));
#6760=DIRECTION('',(0.02728373549198967,0.9996277295961747,0));
#6761=FACE_BOUND('',#6762,.T.);
#6762=EDGE_LOOP('',(#6763,#6764,#6765));
#6763=ORIENTED_EDGE('',*,*,#6766,.T.);
#6764=ORIENTED_EDGE('',*,*,#6767,.T.);
#6765=ORIENTED_EDGE('',*,*,#6768,.T.);
#6766=EDGE_CURVE('',#561,#319,#6769,.F.);
#6767=EDGE_CURVE('',#319,#529,#6770,.T.);
#6768=EDGE_CURVE('',#529,#561,#6771,.T.);
#6769=LINE('',#560,#6772);
#6770=LINE('',#318,#6773);
#6771=LINE('',#528,#6774);
#6772=VECTOR('',#6775,1.0);
#6773=VECTOR('',#6776,1.0);
#6774=VECTOR('',#6777,1.0);
#6775=DIRECTION('',(0.02728373549198967,0.9996277295961747,0));
#6776=DIRECTION('',(0.7729731080781094,-0.6344387867935466,0));
#6777=DIRECTION('',(-0.9997723454885191,0.02133675693223661,0));
#6778=FACE_SURFACE('',(#6783),#6779,.T.);
#6779=PLANE('',#6780);
#6780=AXIS2_PLACEMENT_3D('',#362,#6781,#6782);
#6781=DIRECTION('',(-0.8807642902510676,0.4735549229165853,0));
#6782=DIRECTION('',(0.4735549229165853,0.8807642902510676,0));
#6783=FACE_BOUND('',#6784,.T.);
#6784=EDGE_LOOP('',(#6785,#6786,#6787));
#6785=ORIENTED_EDGE('',*,*,#6788,.T.);
#6786=ORIENTED_EDGE('',*,*,#6789,.T.);
#6787=ORIENTED_EDGE('',*,*,#6790,.T.);
#6788=EDGE_CURVE('',#363,#563,#6791,.F.);
#6789=EDGE_CURVE('',#563,#565,#6792,.T.);
#6790=EDGE_CURVE('',#565,#363,#6793,.T.);
#6791=LINE('',#362,#6794);
#6792=LINE('',#562,#6795);
#6793=LINE('',#564,#6796);
#6794=VECTOR('',#6797,1.0);
#6795=VECTOR('',#6798,1.0);
#6796=VECTOR('',#6799,1.0);
#6797=DIRECTION('',(0.4735549229165853,0.8807642902510676,0));
#6798=DIRECTION('',(0,0,-1));
#6799=DIRECTION('',(-0.03284616411559187,-0.061090545203423434,0.9975916372893471));
#6800=FACE_SURFACE('',(#6805),#6801,.T.);
#6801=PLANE('',#6802);
#6802=AXIS2_PLACEMENT_3D('',#362,#6803,#6804);
#6803=DIRECTION('',(-0.8807642902510676,0.4735549229165853,0));
#6804=DIRECTION('',(0.03284616411559187,0.061090545203423434,-0.9975916372893471));
#6805=FACE_BOUND('',#6806,.T.);
#6806=EDGE_LOOP('',(#6807,#6808,#6809));
#6807=ORIENTED_EDGE('',*,*,#6810,.T.);
#6808=ORIENTED_EDGE('',*,*,#6811,.T.);
#6809=ORIENTED_EDGE('',*,*,#6812,.T.);
#6810=EDGE_CURVE('',#363,#565,#6813,.F.);
#6811=EDGE_CURVE('',#565,#365,#6814,.T.);
#6812=EDGE_CURVE('',#365,#363,#6815,.T.);
#6813=LINE('',#362,#6816);
#6814=LINE('',#564,#6817);
#6815=LINE('',#364,#6818);
#6816=VECTOR('',#6819,1.0);
#6817=VECTOR('',#6820,1.0);
#6818=VECTOR('',#6821,1.0);
#6819=DIRECTION('',(0.03284616411559187,0.061090545203423434,-0.9975916372893471));
#6820=DIRECTION('',(-0.4735549229165853,-0.8807642902510676,0));
#6821=DIRECTION('',(0,0,1));
#6822=FACE_SURFACE('',(#6827),#6823,.T.);
#6823=PLANE('',#6824);
#6824=AXIS2_PLACEMENT_3D('',#562,#6825,#6826);
#6825=DIRECTION('',(-0.7743611950164941,0.632743818344065,0));
#6826=DIRECTION('',(0.632743818344065,0.7743611950164941,0));
#6827=FACE_BOUND('',#6828,.T.);
#6828=EDGE_LOOP('',(#6829,#6830,#6831));
#6829=ORIENTED_EDGE('',*,*,#6832,.T.);
#6830=ORIENTED_EDGE('',*,*,#6833,.T.);
#6831=ORIENTED_EDGE('',*,*,#6834,.T.);
#6832=EDGE_CURVE('',#563,#355,#6835,.F.);
#6833=EDGE_CURVE('',#355,#353,#6836,.T.);
#6834=EDGE_CURVE('',#353,#563,#6837,.T.);
#6835=LINE('',#562,#6838);
#6836=LINE('',#354,#6839);
#6837=LINE('',#352,#6840);
#6838=VECTOR('',#6841,1.0);
#6839=VECTOR('',#6842,1.0);
#6840=VECTOR('',#6843,1.0);
#6841=DIRECTION('',(0.632743818344065,0.7743611950164941,0));
#6842=DIRECTION('',(0,0,-1));
#6843=DIRECTION('',(-0.043934589811528736,-0.05376779746035427,0.9975864753365268));
#6844=FACE_SURFACE('',(#6849),#6845,.T.);
#6845=PLANE('',#6846);
#6846=AXIS2_PLACEMENT_3D('',#562,#6847,#6848);
#6847=DIRECTION('',(-0.7743611950164941,0.632743818344065,0));
#6848=DIRECTION('',(0.043934589811528736,0.05376779746035427,-0.9975864753365268));
#6849=FACE_BOUND('',#6850,.T.);
#6850=EDGE_LOOP('',(#6851,#6852,#6853));
#6851=ORIENTED_EDGE('',*,*,#6854,.T.);
#6852=ORIENTED_EDGE('',*,*,#6855,.T.);
#6853=ORIENTED_EDGE('',*,*,#6856,.T.);
#6854=EDGE_CURVE('',#563,#353,#6857,.F.);
#6855=EDGE_CURVE('',#353,#565,#6858,.T.);
#6856=EDGE_CURVE('',#565,#563,#6859,.T.);
#6857=LINE('',#562,#6860);
#6858=LINE('',#352,#6861);
#6859=LINE('',#564,#6862);
#6860=VECTOR('',#6863,1.0);
#6861=VECTOR('',#6864,1.0);
#6862=VECTOR('',#6865,1.0);
#6863=DIRECTION('',(0.043934589811528736,0.05376779746035427,-0.9975864753365268));
#6864=DIRECTION('',(-0.632743818344065,-0.7743611950164941,0));
#6865=DIRECTION('',(0,0,1));
#6866=FACE_SURFACE('',(#6871),#6867,.T.);
#6867=PLANE('',#6868);
#6868=AXIS2_PLACEMENT_3D('',#194,#6869,#6870);
#6869=DIRECTION('',(-0.2971760257045309,0.9548227111597525,0));
#6870=DIRECTION('',(0,0,-1));
#6871=FACE_BOUND('',#6872,.T.);
#6872=EDGE_LOOP('',(#6873,#6874,#6875));
#6873=ORIENTED_EDGE('',*,*,#6876,.T.);
#6874=ORIENTED_EDGE('',*,*,#6877,.T.);
#6875=ORIENTED_EDGE('',*,*,#6878,.T.);
#6876=EDGE_CURVE('',#195,#177,#6879,.F.);
#6877=EDGE_CURVE('',#177,#53,#6880,.T.);
#6878=EDGE_CURVE('',#53,#195,#6881,.T.);
#6879=LINE('',#194,#6882);
#6880=LINE('',#176,#6883);
#6881=LINE('',#52,#6884);
#6882=VECTOR('',#6885,1.0);
#6883=VECTOR('',#6886,1.0);
#6884=VECTOR('',#6887,1.0);
#6885=DIRECTION('',(0,0,-1));
#6886=DIRECTION('',(-0.9548227111597524,-0.29717602570453083,0));
#6887=DIRECTION('',(0.03554452405388145,0.011062766176834566,0.9993068607861649));
#6888=FACE_SURFACE('',(#6893),#6889,.T.);
#6889=PLANE('',#6890);
#6890=AXIS2_PLACEMENT_3D('',#194,#6891,#6892);
#6891=DIRECTION('',(-0.2971760257045309,0.9548227111597525,0));
#6892=DIRECTION('',(-0.03554452405388145,-0.011062766176834566,-0.9993068607861649));
#6893=FACE_BOUND('',#6894,.T.);
#6894=EDGE_LOOP('',(#6895,#6896,#6897));
#6895=ORIENTED_EDGE('',*,*,#6898,.T.);
#6896=ORIENTED_EDGE('',*,*,#6899,.T.);
#6897=ORIENTED_EDGE('',*,*,#6900,.T.);
#6898=EDGE_CURVE('',#195,#53,#6901,.F.);
#6899=EDGE_CURVE('',#53,#51,#6902,.T.);
#6900=EDGE_CURVE('',#51,#195,#6903,.T.);
#6901=LINE('',#194,#6904);
#6902=LINE('',#52,#6905);
#6903=LINE('',#50,#6906);
#6904=VECTOR('',#6907,1.0);
#6905=VECTOR('',#6908,1.0);
#6906=VECTOR('',#6909,1.0);
#6907=DIRECTION('',(-0.03554452405388145,-0.011062766176834566,-0.9993068607861649));
#6908=DIRECTION('',(0,0,1));
#6909=DIRECTION('',(0.9548227111597524,0.29717602570453083,0));
#6910=FACE_SURFACE('',(#6915),#6911,.T.);
#6911=PLANE('',#6912);
#6912=AXIS2_PLACEMENT_3D('',#566,#6913,#6914);
#6913=DIRECTION('',(-0.4710420240150719,-0.8821107706018472,0));
#6914=DIRECTION('',(0,0,1));
#6915=FACE_BOUND('',#6916,.T.);
#6916=EDGE_LOOP('',(#6917,#6918,#6919));
#6917=ORIENTED_EDGE('',*,*,#6920,.T.);
#6918=ORIENTED_EDGE('',*,*,#6921,.T.);
#6919=ORIENTED_EDGE('',*,*,#6922,.T.);
#6920=EDGE_CURVE('',#567,#569,#6923,.F.);
#6921=EDGE_CURVE('',#569,#505,#6924,.T.);
#6922=EDGE_CURVE('',#505,#567,#6925,.T.);
#6923=LINE('',#566,#6926);
#6924=LINE('',#568,#6927);
#6925=LINE('',#504,#6928);
#6926=VECTOR('',#6929,1.0);
#6927=VECTOR('',#6930,1.0);
#6928=VECTOR('',#6931,1.0);
#6929=DIRECTION('',(0,0,1));
#6930=DIRECTION('',(-0.8821107706018471,0.47104202401507184,0));
#6931=DIRECTION('',(0.06150875736401278,-0.032845318897567345,-0.9975659666378219));
#6932=FACE_SURFACE('',(#6937),#6933,.T.);
#6933=PLANE('',#6934);
#6934=AXIS2_PLACEMENT_3D('',#566,#6935,#6936);
#6935=DIRECTION('',(-0.4710420240150719,-0.8821107706018472,0));
#6936=DIRECTION('',(-0.06150875736401278,0.032845318897567345,0.9975659666378219));
#6937=FACE_BOUND('',#6938,.T.);
#6938=EDGE_LOOP('',(#6939,#6940,#6941));
#6939=ORIENTED_EDGE('',*,*,#6942,.T.);
#6940=ORIENTED_EDGE('',*,*,#6943,.T.);
#6941=ORIENTED_EDGE('',*,*,#6944,.T.);
#6942=EDGE_CURVE('',#567,#505,#6945,.F.);
#6943=EDGE_CURVE('',#505,#503,#6946,.T.);
#6944=EDGE_CURVE('',#503,#567,#6947,.T.);
#6945=LINE('',#566,#6948);
#6946=LINE('',#504,#6949);
#6947=LINE('',#502,#6950);
#6948=VECTOR('',#6951,1.0);
#6949=VECTOR('',#6952,1.0);
#6950=VECTOR('',#6953,1.0);
#6951=DIRECTION('',(-0.06150875736401278,0.032845318897567345,0.9975659666378219));
#6952=DIRECTION('',(0,0,-1));
#6953=DIRECTION('',(0.8821107706018471,-0.47104202401507184,0));
#6954=FACE_SURFACE('',(#6959),#6955,.T.);
#6955=PLANE('',#6956);
#6956=AXIS2_PLACEMENT_3D('',#512,#6957,#6958);
#6957=DIRECTION('',(0.09920850226900194,0.9950666676547564,0));
#6958=DIRECTION('',(-0.9950666676547564,0.09920850226900194,0));
#6959=FACE_BOUND('',#6960,.T.);
#6960=EDGE_LOOP('',(#6961,#6962,#6963));
#6961=ORIENTED_EDGE('',*,*,#6964,.T.);
#6962=ORIENTED_EDGE('',*,*,#6965,.T.);
#6963=ORIENTED_EDGE('',*,*,#6966,.T.);
#6964=EDGE_CURVE('',#513,#447,#6967,.F.);
#6965=EDGE_CURVE('',#447,#453,#6968,.T.);
#6966=EDGE_CURVE('',#453,#513,#6969,.T.);
#6967=LINE('',#512,#6970);
#6968=LINE('',#446,#6971);
#6969=LINE('',#452,#6972);
#6970=VECTOR('',#6973,1.0);
#6971=VECTOR('',#6974,1.0);
#6972=VECTOR('',#6975,1.0);
#6973=DIRECTION('',(-0.9950666676547564,0.09920850226900194,0));
#6974=DIRECTION('',(0,0,1));
#6975=DIRECTION('',(0.06924909083736673,-0.006904159096854438,-0.9975755089241933));
#6976=FACE_SURFACE('',(#6981),#6977,.T.);
#6977=PLANE('',#6978);
#6978=AXIS2_PLACEMENT_3D('',#512,#6979,#6980);
#6979=DIRECTION('',(0.09920850226900194,0.9950666676547564,-0));
#6980=DIRECTION('',(-0.06924909083736673,0.006904159096854438,0.9975755089241933));
#6981=FACE_BOUND('',#6982,.T.);
#6982=EDGE_LOOP('',(#6983,#6984,#6985));
#6983=ORIENTED_EDGE('',*,*,#6986,.T.);
#6984=ORIENTED_EDGE('',*,*,#6987,.T.);
#6985=ORIENTED_EDGE('',*,*,#6988,.T.);
#6986=EDGE_CURVE('',#513,#453,#6989,.F.);
#6987=EDGE_CURVE('',#453,#515,#6990,.T.);
#6988=EDGE_CURVE('',#515,#513,#6991,.T.);
#6989=LINE('',#512,#6992);
#6990=LINE('',#452,#6993);
#6991=LINE('',#514,#6994);
#6992=VECTOR('',#6995,1.0);
#6993=VECTOR('',#6996,1.0);
#6994=VECTOR('',#6997,1.0);
#6995=DIRECTION('',(-0.06924909083736673,0.006904159096854438,0.9975755089241933));
#6996=DIRECTION('',(0.9950666676547564,-0.09920850226900194,0));
#6997=DIRECTION('',(0,0,-1));
#6998=FACE_SURFACE('',(#7003),#6999,.T.);
#6999=PLANE('',#7000);
#7000=AXIS2_PLACEMENT_3D('',#552,#7001,#7002);
#7001=DIRECTION('',(-0.6277449620813392,0.7784190790194558,0));
#7002=DIRECTION('',(0,0,-1));
#7003=FACE_BOUND('',#7004,.T.);
#7004=EDGE_LOOP('',(#7005,#7006,#7007));
#7005=ORIENTED_EDGE('',*,*,#7008,.T.);
#7006=ORIENTED_EDGE('',*,*,#7009,.T.);
#7007=ORIENTED_EDGE('',*,*,#7010,.T.);
#7008=EDGE_CURVE('',#553,#181,#7011,.F.);
#7009=EDGE_CURVE('',#181,#179,#7012,.T.);
#7010=EDGE_CURVE('',#179,#553,#7013,.T.);
#7011=LINE('',#552,#7014);
#7012=LINE('',#180,#7015);
#7013=LINE('',#178,#7016);
#7014=VECTOR('',#7017,1.0);
#7015=VECTOR('',#7018,1.0);
#7016=VECTOR('',#7019,1.0);
#7017=DIRECTION('',(0,0,-1));
#7018=DIRECTION('',(-0.7784190790194558,-0.6277449620813392,0));
#7019=DIRECTION('',(0.029188525395934705,0.023538669929521697,0.9992967332094908));
#7020=FACE_SURFACE('',(#7025),#7021,.T.);
#7021=PLANE('',#7022);
#7022=AXIS2_PLACEMENT_3D('',#552,#7023,#7024);
#7023=DIRECTION('',(-0.6277449620813392,0.7784190790194558,0));
#7024=DIRECTION('',(-0.029188525395934705,-0.023538669929521697,-0.9992967332094908));
#7025=FACE_BOUND('',#7026,.T.);
#7026=EDGE_LOOP('',(#7027,#7028,#7029));
#7027=ORIENTED_EDGE('',*,*,#7030,.T.);
#7028=ORIENTED_EDGE('',*,*,#7031,.T.);
#7029=ORIENTED_EDGE('',*,*,#7032,.T.);
#7030=EDGE_CURVE('',#553,#179,#7033,.F.);
#7031=EDGE_CURVE('',#179,#193,#7034,.T.);
#7032=EDGE_CURVE('',#193,#553,#7035,.T.);
#7033=LINE('',#552,#7036);
#7034=LINE('',#178,#7037);
#7035=LINE('',#192,#7038);
#7036=VECTOR('',#7039,1.0);
#7037=VECTOR('',#7040,1.0);
#7038=VECTOR('',#7041,1.0);
#7039=DIRECTION('',(-0.029188525395934705,-0.023538669929521697,-0.9992967332094908));
#7040=DIRECTION('',(0,0,1));
#7041=DIRECTION('',(0.7784190790194558,0.6277449620813392,0));
#7042=FACE_SURFACE('',(#7047),#7043,.T.);
#7043=PLANE('',#7044);
#7044=AXIS2_PLACEMENT_3D('',#456,#7045,#7046);
#7045=DIRECTION('',(-0.774535645832843,-0.6325302627813951,0));
#7046=DIRECTION('',(-0.6325302627813951,0.774535645832843,0));
#7047=FACE_BOUND('',#7048,.T.);
#7048=EDGE_LOOP('',(#7049,#7050,#7051));
#7049=ORIENTED_EDGE('',*,*,#7052,.T.);
#7050=ORIENTED_EDGE('',*,*,#7053,.T.);
#7051=ORIENTED_EDGE('',*,*,#7054,.T.);
#7052=EDGE_CURVE('',#457,#571,#7055,.F.);
#7053=EDGE_CURVE('',#571,#89,#7056,.T.);
#7054=EDGE_CURVE('',#89,#457,#7057,.T.);
#7055=LINE('',#456,#7058);
#7056=LINE('',#570,#7059);
#7057=LINE('',#88,#7060);
#7058=VECTOR('',#7061,1.0);
#7059=VECTOR('',#7062,1.0);
#7060=VECTOR('',#7063,1.0);
#7061=DIRECTION('',(-0.6325302627813951,0.774535645832843,0));
#7062=DIRECTION('',(0,0,-1));
#7063=DIRECTION('',(0.023069025942584746,-0.02824810757449823,0.9993347109254836));
#7064=FACE_SURFACE('',(#7069),#7065,.T.);
#7065=PLANE('',#7066);
#7066=AXIS2_PLACEMENT_3D('',#456,#7067,#7068);
#7067=DIRECTION('',(-0.774535645832843,-0.6325302627813951,-0));
#7068=DIRECTION('',(-0.023069025942584746,0.02824810757449823,-0.9993347109254836));
#7069=FACE_BOUND('',#7070,.T.);
#7070=EDGE_LOOP('',(#7071,#7072,#7073));
#7071=ORIENTED_EDGE('',*,*,#7074,.T.);
#7072=ORIENTED_EDGE('',*,*,#7075,.T.);
#7073=ORIENTED_EDGE('',*,*,#7076,.T.);
#7074=EDGE_CURVE('',#457,#89,#7077,.F.);
#7075=EDGE_CURVE('',#89,#87,#7078,.T.);
#7076=EDGE_CURVE('',#87,#457,#7079,.T.);
#7077=LINE('',#456,#7080);
#7078=LINE('',#88,#7081);
#7079=LINE('',#86,#7082);
#7080=VECTOR('',#7083,1.0);
#7081=VECTOR('',#7084,1.0);
#7082=VECTOR('',#7085,1.0);
#7083=DIRECTION('',(-0.023069025942584746,0.02824810757449823,-0.9993347109254836));
#7084=DIRECTION('',(0.6325302627813951,-0.774535645832843,0));
#7085=DIRECTION('',(0,0,1));
#7086=FACE_SURFACE('',(#7091),#7087,.T.);
#7087=PLANE('',#7088);
#7088=AXIS2_PLACEMENT_3D('',#434,#7089,#7090);
#7089=DIRECTION('',(-0.7743565931691507,-0.6327494501107578,0));
#7090=DIRECTION('',(-0.6327494501107578,0.7743565931691508,0));
#7091=FACE_BOUND('',#7092,.T.);
#7092=EDGE_LOOP('',(#7093,#7094,#7095));
#7093=ORIENTED_EDGE('',*,*,#7096,.T.);
#7094=ORIENTED_EDGE('',*,*,#7097,.T.);
#7095=ORIENTED_EDGE('',*,*,#7098,.T.);
#7096=EDGE_CURVE('',#435,#573,#7099,.F.);
#7097=EDGE_CURVE('',#573,#575,#7100,.T.);
#7098=EDGE_CURVE('',#575,#435,#7101,.T.);
#7099=LINE('',#434,#7102);
#7100=LINE('',#572,#7103);
#7101=LINE('',#574,#7104);
#7102=VECTOR('',#7105,1.0);
#7103=VECTOR('',#7106,1.0);
#7104=VECTOR('',#7107,1.0);
#7105=DIRECTION('',(-0.6327494501107578,0.7743565931691508,0));
#7106=DIRECTION('',(0,0,-1));
#7107=DIRECTION('',(0.04393458951062188,-0.053766999006913646,0.9975865183844074));
#7108=FACE_SURFACE('',(#7113),#7109,.T.);
#7109=PLANE('',#7110);
#7110=AXIS2_PLACEMENT_3D('',#434,#7111,#7112);
#7111=DIRECTION('',(-0.7743565931691507,-0.6327494501107578,-0));
#7112=DIRECTION('',(-0.04393458951062188,0.053766999006913646,-0.9975865183844074));
#7113=FACE_BOUND('',#7114,.T.);
#7114=EDGE_LOOP('',(#7115,#7116,#7117));
#7115=ORIENTED_EDGE('',*,*,#7118,.T.);
#7116=ORIENTED_EDGE('',*,*,#7119,.T.);
#7117=ORIENTED_EDGE('',*,*,#7120,.T.);
#7118=EDGE_CURVE('',#435,#575,#7121,.F.);
#7119=EDGE_CURVE('',#575,#437,#7122,.T.);
#7120=EDGE_CURVE('',#437,#435,#7123,.T.);
#7121=LINE('',#434,#7124);
#7122=LINE('',#574,#7125);
#7123=LINE('',#436,#7126);
#7124=VECTOR('',#7127,1.0);
#7125=VECTOR('',#7128,1.0);
#7126=VECTOR('',#7129,1.0);
#7127=DIRECTION('',(-0.04393458951062188,0.053766999006913646,-0.9975865183844074));
#7128=DIRECTION('',(0.6327494501107578,-0.7743565931691508,0));
#7129=DIRECTION('',(0,0,1));
#7130=FACE_SURFACE('',(#7135),#7131,.T.);
#7131=PLANE('',#7132);
#7132=AXIS2_PLACEMENT_3D('',#506,#7133,#7134);
#7133=DIRECTION('',(-0.7743611950164941,-0.632743818344065,0));
#7134=DIRECTION('',(-0.632743818344065,0.7743611950164941,0));
#7135=FACE_BOUND('',#7136,.T.);
#7136=EDGE_LOOP('',(#7137,#7138,#7139));
#7137=ORIENTED_EDGE('',*,*,#7140,.T.);
#7138=ORIENTED_EDGE('',*,*,#7141,.T.);
#7139=ORIENTED_EDGE('',*,*,#7142,.T.);
#7140=EDGE_CURVE('',#507,#405,#7143,.F.);
#7141=EDGE_CURVE('',#405,#403,#7144,.T.);
#7142=EDGE_CURVE('',#403,#507,#7145,.T.);
#7143=LINE('',#506,#7146);
#7144=LINE('',#404,#7147);
#7145=LINE('',#402,#7148);
#7146=VECTOR('',#7149,1.0);
#7147=VECTOR('',#7150,1.0);
#7148=VECTOR('',#7151,1.0);
#7149=DIRECTION('',(-0.632743818344065,0.7743611950164941,0));
#7150=DIRECTION('',(0,0,-1));
#7151=DIRECTION('',(0.043934589811528736,-0.05376779746035427,0.9975864753365268));
#7152=FACE_SURFACE('',(#7157),#7153,.T.);
#7153=PLANE('',#7154);
#7154=AXIS2_PLACEMENT_3D('',#506,#7155,#7156);
#7155=DIRECTION('',(-0.7743611950164941,-0.632743818344065,-0));
#7156=DIRECTION('',(-0.043934589811528736,0.05376779746035427,-0.9975864753365268));
#7157=FACE_BOUND('',#7158,.T.);
#7158=EDGE_LOOP('',(#7159,#7160,#7161));
#7159=ORIENTED_EDGE('',*,*,#7162,.T.);
#7160=ORIENTED_EDGE('',*,*,#7163,.T.);
#7161=ORIENTED_EDGE('',*,*,#7164,.T.);
#7162=EDGE_CURVE('',#507,#403,#7165,.F.);
#7163=EDGE_CURVE('',#403,#509,#7166,.T.);
#7164=EDGE_CURVE('',#509,#507,#7167,.T.);
#7165=LINE('',#506,#7168);
#7166=LINE('',#402,#7169);
#7167=LINE('',#508,#7170);
#7168=VECTOR('',#7171,1.0);
#7169=VECTOR('',#7172,1.0);
#7170=VECTOR('',#7173,1.0);
#7171=DIRECTION('',(-0.043934589811528736,0.05376779746035427,-0.9975864753365268));
#7172=DIRECTION('',(0.632743818344065,-0.7743611950164941,0));
#7173=DIRECTION('',(0,0,1));
#7174=FACE_SURFACE('',(#7179),#7175,.T.);
#7175=PLANE('',#7176);
#7176=AXIS2_PLACEMENT_3D('',#104,#7177,#7178);
#7177=DIRECTION('',(0.774535645832843,-0.6325302627813951,0));
#7178=DIRECTION('',(0,0,1));
#7179=FACE_BOUND('',#7180,.T.);
#7180=EDGE_LOOP('',(#7181,#7182,#7183));
#7181=ORIENTED_EDGE('',*,*,#7184,.T.);
#7182=ORIENTED_EDGE('',*,*,#7185,.T.);
#7183=ORIENTED_EDGE('',*,*,#7186,.T.);
#7184=EDGE_CURVE('',#105,#441,#7187,.F.);
#7185=EDGE_CURVE('',#441,#37,#7188,.T.);
#7186=EDGE_CURVE('',#37,#105,#7189,.T.);
#7187=LINE('',#104,#7190);
#7188=LINE('',#440,#7191);
#7189=LINE('',#36,#7192);
#7190=VECTOR('',#7193,1.0);
#7191=VECTOR('',#7194,1.0);
#7192=VECTOR('',#7195,1.0);
#7193=DIRECTION('',(0,0,1));
#7194=DIRECTION('',(-0.6325302627813951,-0.774535645832843,0));
#7195=DIRECTION('',(0.023069025942584746,0.02824810757449823,-0.9993347109254836));
#7196=FACE_SURFACE('',(#7201),#7197,.T.);
#7197=PLANE('',#7198);
#7198=AXIS2_PLACEMENT_3D('',#104,#7199,#7200);
#7199=DIRECTION('',(0.774535645832843,-0.6325302627813951,0));
#7200=DIRECTION('',(-0.023069025942584746,-0.02824810757449823,0.9993347109254836));
#7201=FACE_BOUND('',#7202,.T.);
#7202=EDGE_LOOP('',(#7203,#7204,#7205));
#7203=ORIENTED_EDGE('',*,*,#7206,.T.);
#7204=ORIENTED_EDGE('',*,*,#7207,.T.);
#7205=ORIENTED_EDGE('',*,*,#7208,.T.);
#7206=EDGE_CURVE('',#105,#37,#7209,.F.);
#7207=EDGE_CURVE('',#37,#35,#7210,.T.);
#7208=EDGE_CURVE('',#35,#105,#7211,.T.);
#7209=LINE('',#104,#7212);
#7210=LINE('',#36,#7213);
#7211=LINE('',#34,#7214);
#7212=VECTOR('',#7215,1.0);
#7213=VECTOR('',#7216,1.0);
#7214=VECTOR('',#7217,1.0);
#7215=DIRECTION('',(-0.023069025942584746,-0.02824810757449823,0.9993347109254836));
#7216=DIRECTION('',(0,0,-1));
#7217=DIRECTION('',(0.6325302627813951,0.774535645832843,0));
#7218=FACE_SURFACE('',(#7223),#7219,.T.);
#7219=PLANE('',#7220);
#7220=AXIS2_PLACEMENT_3D('',#374,#7221,#7222);
#7221=DIRECTION('',(0.0991971472548545,-0.995067799688292,0));
#7222=DIRECTION('',(0,0,1));
#7223=FACE_BOUND('',#7224,.T.);
#7224=EDGE_LOOP('',(#7225,#7226,#7227));
#7225=ORIENTED_EDGE('',*,*,#7228,.T.);
#7226=ORIENTED_EDGE('',*,*,#7229,.T.);
#7227=ORIENTED_EDGE('',*,*,#7230,.T.);
#7228=EDGE_CURVE('',#375,#373,#7231,.F.);
#7229=EDGE_CURVE('',#373,#383,#7232,.T.);
#7230=EDGE_CURVE('',#383,#375,#7233,.T.);
#7231=LINE('',#374,#7234);
#7232=LINE('',#372,#7235);
#7233=LINE('',#382,#7236);
#7234=VECTOR('',#7237,1.0);
#7235=VECTOR('',#7238,1.0);
#7236=VECTOR('',#7239,1.0);
#7237=DIRECTION('',(0,0,1));
#7238=DIRECTION('',(-0.9950677996882918,-0.0991971472548545,0));
#7239=DIRECTION('',(0.06924908777315587,0.006903360714968288,-0.9975755146621357));
#7240=FACE_SURFACE('',(#7245),#7241,.T.);
#7241=PLANE('',#7242);
#7242=AXIS2_PLACEMENT_3D('',#374,#7243,#7244);
#7243=DIRECTION('',(0.0991971472548545,-0.995067799688292,0));
#7244=DIRECTION('',(-0.06924908777315587,-0.006903360714968288,0.9975755146621357));
#7245=FACE_BOUND('',#7246,.T.);
#7246=EDGE_LOOP('',(#7247,#7248,#7249));
#7247=ORIENTED_EDGE('',*,*,#7250,.T.);
#7248=ORIENTED_EDGE('',*,*,#7251,.T.);
#7249=ORIENTED_EDGE('',*,*,#7252,.T.);
#7250=EDGE_CURVE('',#375,#383,#7253,.F.);
#7251=EDGE_CURVE('',#383,#381,#7254,.T.);
#7252=EDGE_CURVE('',#381,#375,#7255,.T.);
#7253=LINE('',#374,#7256);
#7254=LINE('',#382,#7257);
#7255=LINE('',#380,#7258);
#7256=VECTOR('',#7259,1.0);
#7257=VECTOR('',#7260,1.0);
#7258=VECTOR('',#7261,1.0);
#7259=DIRECTION('',(-0.06924908777315587,-0.006903360714968288,0.9975755146621357));
#7260=DIRECTION('',(0,0,-1));
#7261=DIRECTION('',(0.9950677996882918,0.0991971472548545,0));
#7262=FACE_SURFACE('',(#7267),#7263,.T.);
#7263=PLANE('',#7264);
#7264=AXIS2_PLACEMENT_3D('',#526,#7265,#7266);
#7265=DIRECTION('',(-0.5002142193398836,-0.5002142193398836,-0.7068036994388057));
#7266=DIRECTION('',(-0.28032717804447094,-0.6787549901288474,0.6787549901288474));
#7267=FACE_BOUND('',#7268,.T.);
#7268=EDGE_LOOP('',(#7269,#7270,#7271));
#7269=ORIENTED_EDGE('',*,*,#7272,.T.);
#7270=ORIENTED_EDGE('',*,*,#7273,.T.);
#7271=ORIENTED_EDGE('',*,*,#7274,.T.);
#7272=EDGE_CURVE('',#527,#525,#7275,.F.);
#7273=EDGE_CURVE('',#525,#577,#7276,.T.);
#7274=EDGE_CURVE('',#577,#527,#7277,.T.);
#7275=LINE('',#526,#7278);
#7276=LINE('',#524,#7279);
#7277=LINE('',#576,#7280);
#7278=VECTOR('',#7281,1.0);
#7279=VECTOR('',#7282,1.0);
#7280=VECTOR('',#7283,1.0);
#7281=DIRECTION('',(-0.28032717804447094,-0.6787549901288474,0.6787549901288474));
#7282=DIRECTION('',(-0.7071067811865475,0.7071067811865475,0));
#7283=DIRECTION('',(0.850331939800163,-0.4378637239178091,-0.2919091492785394));
#7284=FACE_SURFACE('',(#7289),#7285,.T.);
#7285=PLANE('',#7286);
#7286=AXIS2_PLACEMENT_3D('',#526,#7287,#7288);
#7287=DIRECTION('',(-0.5002142193398836,-0.5002142193398836,-0.7068036994388057));
#7288=DIRECTION('',(-0.850331939800163,0.4378637239178091,0.2919091492785394));
#7289=FACE_BOUND('',#7290,.T.);
#7290=EDGE_LOOP('',(#7291,#7292,#7293));
#7291=ORIENTED_EDGE('',*,*,#7294,.T.);
#7292=ORIENTED_EDGE('',*,*,#7295,.T.);
#7293=ORIENTED_EDGE('',*,*,#7296,.T.);
#7294=EDGE_CURVE('',#527,#577,#7297,.F.);
#7295=EDGE_CURVE('',#577,#561,#7298,.T.);
#7296=EDGE_CURVE('',#561,#527,#7299,.T.);
#7297=LINE('',#526,#7300);
#7298=LINE('',#576,#7301);
#7299=LINE('',#560,#7302);
#7300=VECTOR('',#7303,1.0);
#7301=VECTOR('',#7304,1.0);
#7302=VECTOR('',#7305,1.0);
#7303=DIRECTION('',(-0.850331939800163,0.4378637239178091,0.2919091492785394));
#7304=DIRECTION('',(0.6787549901288474,0.28032717804447094,-0.6787549901288474));
#7305=DIRECTION('',(0.7071067811865476,-0.7071067811865476,0));
#7306=FACE_SURFACE('',(#7311),#7307,.T.);
#7307=PLANE('',#7308);
#7308=AXIS2_PLACEMENT_3D('',#556,#7309,#7310);
#7309=DIRECTION('',(0.6327519707807121,0.7743545334490688,0));
#7310=DIRECTION('',(-0.7743545334490687,0.632751970780712,0));
#7311=FACE_BOUND('',#7312,.T.);
#7312=EDGE_LOOP('',(#7313,#7314,#7315));
#7313=ORIENTED_EDGE('',*,*,#7316,.T.);
#7314=ORIENTED_EDGE('',*,*,#7317,.T.);
#7315=ORIENTED_EDGE('',*,*,#7318,.T.);
#7316=EDGE_CURVE('',#557,#385,#7319,.F.);
#7317=EDGE_CURVE('',#385,#387,#7320,.T.);
#7318=EDGE_CURVE('',#387,#557,#7321,.T.);
#7319=LINE('',#556,#7322);
#7320=LINE('',#384,#7323);
#7321=LINE('',#386,#7324);
#7322=VECTOR('',#7325,1.0);
#7323=VECTOR('',#7326,1.0);
#7324=VECTOR('',#7327,1.0);
#7325=DIRECTION('',(-0.7743545334490687,0.632751970780712,0));
#7326=DIRECTION('',(0,0,1));
#7327=DIRECTION('',(0.053768586792026035,-0.0439361788291073,-0.9975863628098999));
#7328=FACE_SURFACE('',(#7333),#7329,.T.);
#7329=PLANE('',#7330);
#7330=AXIS2_PLACEMENT_3D('',#556,#7331,#7332);
#7331=DIRECTION('',(0.6327519707807121,0.7743545334490688,-0));
#7332=DIRECTION('',(-0.053768586792026035,0.0439361788291073,0.9975863628098999));
#7333=FACE_BOUND('',#7334,.T.);
#7334=EDGE_LOOP('',(#7335,#7336,#7337));
#7335=ORIENTED_EDGE('',*,*,#7338,.T.);
#7336=ORIENTED_EDGE('',*,*,#7339,.T.);
#7337=ORIENTED_EDGE('',*,*,#7340,.T.);
#7338=EDGE_CURVE('',#557,#387,#7341,.F.);
#7339=EDGE_CURVE('',#387,#559,#7342,.T.);
#7340=EDGE_CURVE('',#559,#557,#7343,.T.);
#7341=LINE('',#556,#7344);
#7342=LINE('',#386,#7345);
#7343=LINE('',#558,#7346);
#7344=VECTOR('',#7347,1.0);
#7345=VECTOR('',#7348,1.0);
#7346=VECTOR('',#7349,1.0);
#7347=DIRECTION('',(-0.053768586792026035,0.0439361788291073,0.9975863628098999));
#7348=DIRECTION('',(0.7743545334490687,-0.632751970780712,0));
#7349=DIRECTION('',(0,0,-1));
#7350=FACE_SURFACE('',(#7355),#7351,.T.);
#7351=PLANE('',#7352);
#7352=AXIS2_PLACEMENT_3D('',#474,#7353,#7354);
#7353=DIRECTION('',(-0.4710464768950961,0.8821083927753537,0));
#7354=DIRECTION('',(-0.8821083927753538,-0.4710464768950961,0));
#7355=FACE_BOUND('',#7356,.T.);
#7356=EDGE_LOOP('',(#7357,#7358,#7359));
#7357=ORIENTED_EDGE('',*,*,#7360,.T.);
#7358=ORIENTED_EDGE('',*,*,#7361,.T.);
#7359=ORIENTED_EDGE('',*,*,#7362,.T.);
#7360=EDGE_CURVE('',#475,#351,#7363,.F.);
#7361=EDGE_CURVE('',#351,#357,#7364,.T.);
#7362=EDGE_CURVE('',#357,#475,#7365,.T.);
#7363=LINE('',#474,#7366);
#7364=LINE('',#350,#7367);
#7365=LINE('',#356,#7368);
#7366=VECTOR('',#7369,1.0);
#7367=VECTOR('',#7370,1.0);
#7368=VECTOR('',#7371,1.0);
#7369=DIRECTION('',(-0.8821083927753538,-0.4710464768950961,0));
#7370=DIRECTION('',(0,0,1));
#7371=DIRECTION('',(0.0615087565578488,0.03284571750146751,-0.9975659535632324));
#7372=FACE_SURFACE('',(#7377),#7373,.T.);
#7373=PLANE('',#7374);
#7374=AXIS2_PLACEMENT_3D('',#474,#7375,#7376);
#7375=DIRECTION('',(-0.4710464768950961,0.8821083927753537,0));
#7376=DIRECTION('',(-0.0615087565578488,-0.03284571750146751,0.9975659535632324));
#7377=FACE_BOUND('',#7378,.T.);
#7378=EDGE_LOOP('',(#7379,#7380,#7381));
#7379=ORIENTED_EDGE('',*,*,#7382,.T.);
#7380=ORIENTED_EDGE('',*,*,#7383,.T.);
#7381=ORIENTED_EDGE('',*,*,#7384,.T.);
#7382=EDGE_CURVE('',#475,#357,#7385,.F.);
#7383=EDGE_CURVE('',#357,#477,#7386,.T.);
#7384=EDGE_CURVE('',#477,#475,#7387,.T.);
#7385=LINE('',#474,#7388);
#7386=LINE('',#356,#7389);
#7387=LINE('',#476,#7390);
#7388=VECTOR('',#7391,1.0);
#7389=VECTOR('',#7392,1.0);
#7390=VECTOR('',#7393,1.0);
#7391=DIRECTION('',(-0.0615087565578488,-0.03284571750146751,0.9975659535632324));
#7392=DIRECTION('',(0.8821083927753538,0.4710464768950961,0));
#7393=DIRECTION('',(0,0,-1));
#7394=FACE_SURFACE('',(#7399),#7395,.T.);
#7395=PLANE('',#7396);
#7396=AXIS2_PLACEMENT_3D('',#40,#7397,#7398);
#7397=DIRECTION('',(0.9580084400687171,-0.2867400020176872,0));
#7398=DIRECTION('',(0,0,1));
#7399=FACE_BOUND('',#7400,.T.);
#7400=EDGE_LOOP('',(#7401,#7402,#7403));
#7401=ORIENTED_EDGE('',*,*,#7404,.T.);
#7402=ORIENTED_EDGE('',*,*,#7405,.T.);
#7403=ORIENTED_EDGE('',*,*,#7406,.T.);
#7404=EDGE_CURVE('',#41,#39,#7407,.F.);
#7405=EDGE_CURVE('',#39,#493,#7408,.T.);
#7406=EDGE_CURVE('',#493,#41,#7409,.T.);
#7407=LINE('',#40,#7410);
#7408=LINE('',#38,#7411);
#7409=LINE('',#492,#7412);
#7410=VECTOR('',#7413,1.0);
#7411=VECTOR('',#7414,1.0);
#7412=VECTOR('',#7415,1.0);
#7413=DIRECTION('',(0,0,1));
#7414=DIRECTION('',(-0.2867400020176872,-0.9580084400687172,0));
#7415=DIRECTION('',(0.010357396964568425,0.03460442784186982,-0.9993474160180008));
#7416=FACE_SURFACE('',(#7421),#7417,.T.);
#7417=PLANE('',#7418);
#7418=AXIS2_PLACEMENT_3D('',#40,#7419,#7420);
#7419=DIRECTION('',(0.9580084400687171,-0.2867400020176872,0));
#7420=DIRECTION('',(-0.010357396964568425,-0.03460442784186982,0.9993474160180008));
#7421=FACE_BOUND('',#7422,.T.);
#7422=EDGE_LOOP('',(#7423,#7424,#7425));
#7423=ORIENTED_EDGE('',*,*,#7426,.T.);
#7424=ORIENTED_EDGE('',*,*,#7427,.T.);
#7425=ORIENTED_EDGE('',*,*,#7428,.T.);
#7426=EDGE_CURVE('',#41,#493,#7429,.F.);
#7427=EDGE_CURVE('',#493,#107,#7430,.T.);
#7428=EDGE_CURVE('',#107,#41,#7431,.T.);
#7429=LINE('',#40,#7432);
#7430=LINE('',#492,#7433);
#7431=LINE('',#106,#7434);
#7432=VECTOR('',#7435,1.0);
#7433=VECTOR('',#7436,1.0);
#7434=VECTOR('',#7437,1.0);
#7435=DIRECTION('',(-0.010357396964568425,-0.03460442784186982,0.9993474160180008));
#7436=DIRECTION('',(0,0,-1));
#7437=DIRECTION('',(0.2867400020176872,0.9580084400687172,0));
#7438=FACE_SURFACE('',(#7443),#7439,.T.);
#7439=PLANE('',#7440);
#7440=AXIS2_PLACEMENT_3D('',#236,#7441,#7442);
#7441=DIRECTION('',(-0.9543695233684774,-0.29862821846809046,0));
#7442=DIRECTION('',(-0.2986282184680904,0.9543695233684772,0));
#7443=FACE_BOUND('',#7444,.T.);
#7444=EDGE_LOOP('',(#7445,#7446,#7447));
#7445=ORIENTED_EDGE('',*,*,#7448,.T.);
#7446=ORIENTED_EDGE('',*,*,#7449,.T.);
#7447=ORIENTED_EDGE('',*,*,#7450,.T.);
#7448=EDGE_CURVE('',#237,#455,#7451,.F.);
#7449=EDGE_CURVE('',#455,#85,#7452,.T.);
#7450=EDGE_CURVE('',#85,#237,#7453,.T.);
#7451=LINE('',#236,#7454);
#7452=LINE('',#454,#7455);
#7453=LINE('',#84,#7456);
#7454=VECTOR('',#7457,1.0);
#7455=VECTOR('',#7458,1.0);
#7456=VECTOR('',#7459,1.0);
#7457=DIRECTION('',(-0.2986282184680904,0.9543695233684772,0));
#7458=DIRECTION('',(0,0,-1));
#7459=DIRECTION('',(0.010827888860074431,-0.03460425536302855,0.9993424349709183));
#7460=FACE_SURFACE('',(#7465),#7461,.T.);
#7461=PLANE('',#7462);
#7462=AXIS2_PLACEMENT_3D('',#236,#7463,#7464);
#7463=DIRECTION('',(-0.9543695233684774,-0.29862821846809046,-0));
#7464=DIRECTION('',(-0.010827888860074431,0.03460425536302855,-0.9993424349709183));
#7465=FACE_BOUND('',#7466,.T.);
#7466=EDGE_LOOP('',(#7467,#7468,#7469));
#7467=ORIENTED_EDGE('',*,*,#7470,.T.);
#7468=ORIENTED_EDGE('',*,*,#7471,.T.);
#7469=ORIENTED_EDGE('',*,*,#7472,.T.);
#7470=EDGE_CURVE('',#237,#85,#7473,.F.);
#7471=EDGE_CURVE('',#85,#83,#7474,.T.);
#7472=EDGE_CURVE('',#83,#237,#7475,.T.);
#7473=LINE('',#236,#7476);
#7474=LINE('',#84,#7477);
#7475=LINE('',#82,#7478);
#7476=VECTOR('',#7479,1.0);
#7477=VECTOR('',#7480,1.0);
#7478=VECTOR('',#7481,1.0);
#7479=DIRECTION('',(-0.010827888860074431,0.03460425536302855,-0.9993424349709183));
#7480=DIRECTION('',(0.2986282184680904,-0.9543695233684772,0));
#7481=DIRECTION('',(0,0,1));
#7482=FACE_SURFACE('',(#7487),#7483,.T.);
#7483=PLANE('',#7484);
#7484=AXIS2_PLACEMENT_3D('',#572,#7485,#7486);
#7485=DIRECTION('',(-0.8821056914762238,-0.4710515354664002,0));
#7486=DIRECTION('',(-0.4710515354664002,0.8821056914762238,0));
#7487=FACE_BOUND('',#7488,.T.);
#7488=EDGE_LOOP('',(#7489,#7490,#7491));
#7489=ORIENTED_EDGE('',*,*,#7492,.T.);
#7490=ORIENTED_EDGE('',*,*,#7493,.T.);
#7491=ORIENTED_EDGE('',*,*,#7494,.T.);
#7492=EDGE_CURVE('',#573,#289,#7495,.F.);
#7493=EDGE_CURVE('',#289,#291,#7496,.T.);
#7494=EDGE_CURVE('',#291,#573,#7497,.T.);
#7495=LINE('',#572,#7498);
#7496=LINE('',#288,#7499);
#7497=LINE('',#290,#7500);
#7498=VECTOR('',#7501,1.0);
#7499=VECTOR('',#7502,1.0);
#7500=VECTOR('',#7503,1.0);
#7501=DIRECTION('',(-0.4710515354664002,0.8821056914762238,0));
#7502=DIRECTION('',(0,0,-1));
#7503=DIRECTION('',(0.032845320487848204,-0.06150716420445284,0.99756606481655));
#7504=FACE_SURFACE('',(#7509),#7505,.T.);
#7505=PLANE('',#7506);
#7506=AXIS2_PLACEMENT_3D('',#572,#7507,#7508);
#7507=DIRECTION('',(-0.8821056914762238,-0.4710515354664002,-0));
#7508=DIRECTION('',(-0.032845320487848204,0.06150716420445284,-0.99756606481655));
#7509=FACE_BOUND('',#7510,.T.);
#7510=EDGE_LOOP('',(#7511,#7512,#7513));
#7511=ORIENTED_EDGE('',*,*,#7514,.T.);
#7512=ORIENTED_EDGE('',*,*,#7515,.T.);
#7513=ORIENTED_EDGE('',*,*,#7516,.T.);
#7514=EDGE_CURVE('',#573,#291,#7517,.F.);
#7515=EDGE_CURVE('',#291,#575,#7518,.T.);
#7516=EDGE_CURVE('',#575,#573,#7519,.T.);
#7517=LINE('',#572,#7520);
#7518=LINE('',#290,#7521);
#7519=LINE('',#574,#7522);
#7520=VECTOR('',#7523,1.0);
#7521=VECTOR('',#7524,1.0);
#7522=VECTOR('',#7525,1.0);
#7523=DIRECTION('',(-0.032845320487848204,0.06150716420445284,-0.99756606481655));
#7524=DIRECTION('',(0.4710515354664002,-0.8821056914762238,0));
#7525=DIRECTION('',(0,0,1));
#7526=FACE_SURFACE('',(#7531),#7527,.T.);
#7527=PLANE('',#7528);
#7528=AXIS2_PLACEMENT_3D('',#510,#7529,#7530);
#7529=DIRECTION('',(0.9948482810349056,-0.10137503500316813,0));
#7530=DIRECTION('',(0,0,-1));
#7531=FACE_BOUND('',#7532,.T.);
#7532=EDGE_LOOP('',(#7533,#7534,#7535));
#7533=ORIENTED_EDGE('',*,*,#7536,.T.);
#7534=ORIENTED_EDGE('',*,*,#7537,.T.);
#7535=ORIENTED_EDGE('',*,*,#7538,.T.);
#7536=EDGE_CURVE('',#511,#161,#7539,.F.);
#7537=EDGE_CURVE('',#161,#159,#7540,.T.);
#7538=EDGE_CURVE('',#159,#511,#7541,.T.);
#7539=LINE('',#510,#7542);
#7540=LINE('',#160,#7543);
#7541=LINE('',#158,#7544);
#7542=VECTOR('',#7545,1.0);
#7543=VECTOR('',#7546,1.0);
#7544=VECTOR('',#7547,1.0);
#7545=DIRECTION('',(0,0,-1));
#7546=DIRECTION('',(0.10137503500316813,0.9948482810349055,0));
#7547=DIRECTION('',(-0.0037660206368311973,-0.036958006049284314,0.9993097231976802));
#7548=FACE_SURFACE('',(#7553),#7549,.T.);
#7549=PLANE('',#7550);
#7550=AXIS2_PLACEMENT_3D('',#510,#7551,#7552);
#7551=DIRECTION('',(0.9948482810349056,-0.10137503500316813,0));
#7552=DIRECTION('',(0.0037660206368311973,0.036958006049284314,-0.9993097231976802));
#7553=FACE_BOUND('',#7554,.T.);
#7554=EDGE_LOOP('',(#7555,#7556,#7557));
#7555=ORIENTED_EDGE('',*,*,#7558,.T.);
#7556=ORIENTED_EDGE('',*,*,#7559,.T.);
#7557=ORIENTED_EDGE('',*,*,#7560,.T.);
#7558=EDGE_CURVE('',#511,#159,#7561,.F.);
#7559=EDGE_CURVE('',#159,#535,#7562,.T.);
#7560=EDGE_CURVE('',#535,#511,#7563,.T.);
#7561=LINE('',#510,#7564);
#7562=LINE('',#158,#7565);
#7563=LINE('',#534,#7566);
#7564=VECTOR('',#7567,1.0);
#7565=VECTOR('',#7568,1.0);
#7566=VECTOR('',#7569,1.0);
#7567=DIRECTION('',(0.0037660206368311973,0.036958006049284314,-0.9993097231976802));
#7568=DIRECTION('',(0,0,1));
#7569=DIRECTION('',(-0.10137503500316813,-0.9948482810349055,0));
#7570=FACE_SURFACE('',(#7575),#7571,.T.);
#7571=PLANE('',#7572);
#7572=AXIS2_PLACEMENT_3D('',#518,#7573,#7574);
#7573=DIRECTION('',(-0.9955885305947016,-0.09382684982606322,0));
#7574=DIRECTION('',(-0.09382684982606322,0.9955885305947018,0));
#7575=FACE_BOUND('',#7576,.T.);
#7576=EDGE_LOOP('',(#7577,#7578,#7579));
#7577=ORIENTED_EDGE('',*,*,#7580,.T.);
#7578=ORIENTED_EDGE('',*,*,#7581,.T.);
#7579=ORIENTED_EDGE('',*,*,#7582,.T.);
#7580=EDGE_CURVE('',#519,#539,#7583,.F.);
#7581=EDGE_CURVE('',#539,#541,#7584,.T.);
#7582=EDGE_CURVE('',#541,#519,#7585,.T.);
#7583=LINE('',#518,#7586);
#7584=LINE('',#538,#7587);
#7585=LINE('',#540,#7588);
#7586=VECTOR('',#7589,1.0);
#7587=VECTOR('',#7590,1.0);
#7588=VECTOR('',#7591,1.0);
#7589=DIRECTION('',(-0.09382684982606322,0.9955885305947018,0));
#7590=DIRECTION('',(0,0,-1));
#7591=DIRECTION('',(0.0064869707318340325,-0.06883268137947737,0.9976071276734322));
#7592=FACE_SURFACE('',(#7597),#7593,.T.);
#7593=PLANE('',#7594);
#7594=AXIS2_PLACEMENT_3D('',#518,#7595,#7596);
#7595=DIRECTION('',(-0.9955885305947016,-0.09382684982606322,-0));
#7596=DIRECTION('',(-0.0064869707318340325,0.06883268137947737,-0.9976071276734322));
#7597=FACE_BOUND('',#7598,.T.);
#7598=EDGE_LOOP('',(#7599,#7600,#7601));
#7599=ORIENTED_EDGE('',*,*,#7602,.T.);
#7600=ORIENTED_EDGE('',*,*,#7603,.T.);
#7601=ORIENTED_EDGE('',*,*,#7604,.T.);
#7602=EDGE_CURVE('',#519,#541,#7605,.F.);
#7603=EDGE_CURVE('',#541,#521,#7606,.T.);
#7604=EDGE_CURVE('',#521,#519,#7607,.T.);
#7605=LINE('',#518,#7608);
#7606=LINE('',#540,#7609);
#7607=LINE('',#520,#7610);
#7608=VECTOR('',#7611,1.0);
#7609=VECTOR('',#7612,1.0);
#7610=VECTOR('',#7613,1.0);
#7611=DIRECTION('',(-0.0064869707318340325,0.06883268137947737,-0.9976071276734322));
#7612=DIRECTION('',(0.09382684982606322,-0.9955885305947018,0));
#7613=DIRECTION('',(0,0,1));
#7614=FACE_SURFACE('',(#7619),#7615,.T.);
#7615=PLANE('',#7616);
#7616=AXIS2_PLACEMENT_3D('',#88,#7617,#7618);
#7617=DIRECTION('',(-0.632524231533667,-0.7745405712567573,0));
#7618=DIRECTION('',(0,0,1));
#7619=FACE_BOUND('',#7620,.T.);
#7620=EDGE_LOOP('',(#7621,#7622,#7623));
#7621=ORIENTED_EDGE('',*,*,#7624,.T.);
#7622=ORIENTED_EDGE('',*,*,#7625,.T.);
#7623=ORIENTED_EDGE('',*,*,#7626,.T.);
#7624=EDGE_CURVE('',#89,#571,#7627,.F.);
#7625=EDGE_CURVE('',#571,#555,#7628,.T.);
#7626=EDGE_CURVE('',#555,#89,#7629,.T.);
#7627=LINE('',#88,#7630);
#7628=LINE('',#570,#7631);
#7629=LINE('',#554,#7632);
#7630=VECTOR('',#7633,1.0);
#7631=VECTOR('',#7634,1.0);
#7632=VECTOR('',#7635,1.0);
#7633=DIRECTION('',(0,0,1));
#7634=DIRECTION('',(-0.7745405712567573,0.632524231533667,0));
#7635=DIRECTION('',(0.028248556204654832,-0.02306902564999627,-0.9993346982507474));
#7636=FACE_SURFACE('',(#7641),#7637,.T.);
#7637=PLANE('',#7638);
#7638=AXIS2_PLACEMENT_3D('',#88,#7639,#7640);
#7639=DIRECTION('',(-0.632524231533667,-0.7745405712567573,0));
#7640=DIRECTION('',(-0.028248556204654832,0.02306902564999627,0.9993346982507474));
#7641=FACE_BOUND('',#7642,.T.);
#7642=EDGE_LOOP('',(#7643,#7644,#7645));
#7643=ORIENTED_EDGE('',*,*,#7646,.T.);
#7644=ORIENTED_EDGE('',*,*,#7647,.T.);
#7645=ORIENTED_EDGE('',*,*,#7648,.T.);
#7646=EDGE_CURVE('',#89,#555,#7649,.F.);
#7647=EDGE_CURVE('',#555,#91,#7650,.T.);
#7648=EDGE_CURVE('',#91,#89,#7651,.T.);
#7649=LINE('',#88,#7652);
#7650=LINE('',#554,#7653);
#7651=LINE('',#90,#7654);
#7652=VECTOR('',#7655,1.0);
#7653=VECTOR('',#7656,1.0);
#7654=VECTOR('',#7657,1.0);
#7655=DIRECTION('',(-0.028248556204654832,0.02306902564999627,0.9993346982507474));
#7656=DIRECTION('',(0,0,-1));
#7657=DIRECTION('',(0.7745405712567573,-0.632524231533667,0));
#7658=FACE_SURFACE('',(#7663),#7659,.T.);
#7659=PLANE('',#7660);
#7660=AXIS2_PLACEMENT_3D('',#430,#7661,#7662);
#7661=DIRECTION('',(0.8826906824865214,0.4699544223129292,0));
#7662=DIRECTION('',(0,0,-1));
#7663=FACE_BOUND('',#7664,.T.);
#7664=EDGE_LOOP('',(#7665,#7666,#7667));
#7665=ORIENTED_EDGE('',*,*,#7668,.T.);
#7666=ORIENTED_EDGE('',*,*,#7669,.T.);
#7667=ORIENTED_EDGE('',*,*,#7670,.T.);
#7668=EDGE_CURVE('',#431,#167,#7671,.F.);
#7669=EDGE_CURVE('',#167,#165,#7672,.T.);
#7670=EDGE_CURVE('',#165,#431,#7673,.T.);
#7671=LINE('',#430,#7674);
#7672=LINE('',#166,#7675);
#7673=LINE('',#164,#7676);
#7674=VECTOR('',#7677,1.0);
#7675=VECTOR('',#7678,1.0);
#7676=VECTOR('',#7679,1.0);
#7677=DIRECTION('',(0,0,-1));
#7678=DIRECTION('',(-0.4699544223129292,0.8826906824865214,0));
#7679=DIRECTION('',(0.01742036737293774,-0.03271976012036626,0.9993127378845211));
#7680=FACE_SURFACE('',(#7685),#7681,.T.);
#7681=PLANE('',#7682);
#7682=AXIS2_PLACEMENT_3D('',#430,#7683,#7684);
#7683=DIRECTION('',(0.8826906824865214,0.4699544223129292,0));
#7684=DIRECTION('',(-0.01742036737293774,0.03271976012036626,-0.9993127378845211));
#7685=FACE_BOUND('',#7686,.T.);
#7686=EDGE_LOOP('',(#7687,#7688,#7689));
#7687=ORIENTED_EDGE('',*,*,#7690,.T.);
#7688=ORIENTED_EDGE('',*,*,#7691,.T.);
#7689=ORIENTED_EDGE('',*,*,#7692,.T.);
#7690=EDGE_CURVE('',#431,#165,#7693,.F.);
#7691=EDGE_CURVE('',#165,#467,#7694,.T.);
#7692=EDGE_CURVE('',#467,#431,#7695,.T.);
#7693=LINE('',#430,#7696);
#7694=LINE('',#164,#7697);
#7695=LINE('',#466,#7698);
#7696=VECTOR('',#7699,1.0);
#7697=VECTOR('',#7700,1.0);
#7698=VECTOR('',#7701,1.0);
#7699=DIRECTION('',(-0.01742036737293774,0.03271976012036626,-0.9993127378845211));
#7700=DIRECTION('',(0,0,1));
#7701=DIRECTION('',(0.4699544223129292,-0.8826906824865214,0));
#7702=FACE_SURFACE('',(#7707),#7703,.T.);
#7703=PLANE('',#7704);
#7704=AXIS2_PLACEMENT_3D('',#546,#7705,#7706);
#7705=DIRECTION('',(-0.28900578342149447,-0.9573273510920536,0));
#7706=DIRECTION('',(0,0,1));
#7707=FACE_BOUND('',#7708,.T.);
#7708=EDGE_LOOP('',(#7709,#7710,#7711));
#7709=ORIENTED_EDGE('',*,*,#7712,.T.);
#7710=ORIENTED_EDGE('',*,*,#7713,.T.);
#7711=ORIENTED_EDGE('',*,*,#7714,.T.);
#7712=EDGE_CURVE('',#547,#545,#7715,.F.);
#7713=EDGE_CURVE('',#545,#569,#7716,.T.);
#7714=EDGE_CURVE('',#569,#547,#7717,.T.);
#7715=LINE('',#546,#7718);
#7716=LINE('',#544,#7719);
#7717=LINE('',#568,#7720);
#7718=VECTOR('',#7721,1.0);
#7719=VECTOR('',#7722,1.0);
#7720=VECTOR('',#7723,1.0);
#7721=DIRECTION('',(0,0,1));
#7722=DIRECTION('',(-0.9573273510920537,0.2890057834214945,0));
#7723=DIRECTION('',(0.06652969816109536,-0.020084527529595327,-0.9975822828300964));
#7724=FACE_SURFACE('',(#7729),#7725,.T.);
#7725=PLANE('',#7726);
#7726=AXIS2_PLACEMENT_3D('',#546,#7727,#7728);
#7727=DIRECTION('',(-0.28900578342149447,-0.9573273510920536,0));
#7728=DIRECTION('',(-0.06652969816109536,0.020084527529595327,0.9975822828300964));
#7729=FACE_BOUND('',#7730,.T.);
#7730=EDGE_LOOP('',(#7731,#7732,#7733));
#7731=ORIENTED_EDGE('',*,*,#7734,.T.);
#7732=ORIENTED_EDGE('',*,*,#7735,.T.);
#7733=ORIENTED_EDGE('',*,*,#7736,.T.);
#7734=EDGE_CURVE('',#547,#569,#7737,.F.);
#7735=EDGE_CURVE('',#569,#567,#7738,.T.);
#7736=EDGE_CURVE('',#567,#547,#7739,.T.);
#7737=LINE('',#546,#7740);
#7738=LINE('',#568,#7741);
#7739=LINE('',#566,#7742);
#7740=VECTOR('',#7743,1.0);
#7741=VECTOR('',#7744,1.0);
#7742=VECTOR('',#7745,1.0);
#7743=DIRECTION('',(-0.06652969816109536,0.020084527529595327,0.9975822828300964));
#7744=DIRECTION('',(0,0,-1));
#7745=DIRECTION('',(0.9573273510920537,-0.2890057834214945,0));
#7746=FACE_SURFACE('',(#7751),#7747,.T.);
#7747=PLANE('',#7748);
#7748=AXIS2_PLACEMENT_3D('',#576,#7749,#7750);
#7749=DIRECTION('',(-0.7071067811865476,0,-0.7071067811865476));
#7750=DIRECTION('',(0,1,0));
#7751=FACE_BOUND('',#7752,.T.);
#7752=EDGE_LOOP('',(#7753,#7754,#7755));
#7753=ORIENTED_EDGE('',*,*,#7756,.T.);
#7754=ORIENTED_EDGE('',*,*,#7757,.T.);
#7755=ORIENTED_EDGE('',*,*,#7758,.T.);
#7756=EDGE_CURVE('',#577,#549,#7759,.F.);
#7757=EDGE_CURVE('',#549,#551,#7760,.T.);
#7758=EDGE_CURVE('',#551,#577,#7761,.T.);
#7759=LINE('',#576,#7762);
#7760=LINE('',#548,#7763);
#7761=LINE('',#550,#7764);
#7762=VECTOR('',#7765,1.0);
#7763=VECTOR('',#7766,1.0);
#7764=VECTOR('',#7767,1.0);
#7765=DIRECTION('',(0,1,0));
#7766=DIRECTION('',(0.6786257927197545,-0.2809520722667294,-0.6786257927197545));
#7767=DIRECTION('',(-0.014576710548294076,-0.999787496930814,0.014576710548294076));
#7768=FACE_SURFACE('',(#7773),#7769,.T.);
#7769=PLANE('',#7770);
#7770=AXIS2_PLACEMENT_3D('',#576,#7771,#7772);
#7771=DIRECTION('',(-0.7071067811865476,0,-0.7071067811865476));
#7772=DIRECTION('',(0.014576710548294076,0.999787496930814,-0.014576710548294076));
#7773=FACE_BOUND('',#7774,.T.);
#7774=EDGE_LOOP('',(#7775,#7776,#7777));
#7775=ORIENTED_EDGE('',*,*,#7778,.T.);
#7776=ORIENTED_EDGE('',*,*,#7779,.T.);
#7777=ORIENTED_EDGE('',*,*,#7780,.T.);
#7778=EDGE_CURVE('',#577,#551,#7781,.F.);
#7779=EDGE_CURVE('',#551,#561,#7782,.T.);
#7780=EDGE_CURVE('',#561,#577,#7783,.T.);
#7781=LINE('',#576,#7784);
#7782=LINE('',#550,#7785);
#7783=LINE('',#560,#7786);
#7784=VECTOR('',#7787,1.0);
#7785=VECTOR('',#7788,1.0);
#7786=VECTOR('',#7789,1.0);
#7787=DIRECTION('',(0.014576710548294076,0.999787496930814,-0.014576710548294076));
#7788=DIRECTION('',(0,-1,0));
#7789=DIRECTION('',(-0.6787549901288474,-0.28032717804447094,0.6787549901288474));
#7790=FACE_SURFACE('',(#7795),#7791,.T.);
#7791=PLANE('',#7792);
#7792=AXIS2_PLACEMENT_3D('',#308,#7793,#7794);
#7793=DIRECTION('',(-0.9949755483582676,0.10011822096484103,0));
#7794=DIRECTION('',(0,0,-1));
#7795=FACE_BOUND('',#7796,.T.);
#7796=EDGE_LOOP('',(#7797,#7798,#7799));
#7797=ORIENTED_EDGE('',*,*,#7800,.T.);
#7798=ORIENTED_EDGE('',*,*,#7801,.T.);
#7799=ORIENTED_EDGE('',*,*,#7802,.T.);
#7800=EDGE_CURVE('',#309,#185,#7803,.F.);
#7801=EDGE_CURVE('',#185,#69,#7804,.T.);
#7802=EDGE_CURVE('',#69,#309,#7805,.T.);
#7803=LINE('',#308,#7806);
#7804=LINE('',#184,#7807);
#7805=LINE('',#68,#7808);
#7806=VECTOR('',#7809,1.0);
#7807=VECTOR('',#7810,1.0);
#7808=VECTOR('',#7811,1.0);
#7809=DIRECTION('',(0,0,-1));
#7810=DIRECTION('',(-0.10011822096484103,-0.9949755483582676,0));
#7811=DIRECTION('',(0.0037659549845244483,0.03742608577848808,0.9992923024252492));
#7812=FACE_SURFACE('',(#7817),#7813,.T.);
#7813=PLANE('',#7814);
#7814=AXIS2_PLACEMENT_3D('',#308,#7815,#7816);
#7815=DIRECTION('',(-0.9949755483582676,0.10011822096484103,0));
#7816=DIRECTION('',(-0.0037659549845244483,-0.03742608577848808,-0.9992923024252492));
#7817=FACE_BOUND('',#7818,.T.);
#7818=EDGE_LOOP('',(#7819,#7820,#7821));
#7819=ORIENTED_EDGE('',*,*,#7822,.T.);
#7820=ORIENTED_EDGE('',*,*,#7823,.T.);
#7821=ORIENTED_EDGE('',*,*,#7824,.T.);
#7822=EDGE_CURVE('',#309,#69,#7825,.F.);
#7823=EDGE_CURVE('',#69,#67,#7826,.T.);
#7824=EDGE_CURVE('',#67,#309,#7827,.T.);
#7825=LINE('',#308,#7828);
#7826=LINE('',#68,#7829);
#7827=LINE('',#66,#7830);
#7828=VECTOR('',#7831,1.0);
#7829=VECTOR('',#7832,1.0);
#7830=VECTOR('',#7833,1.0);
#7831=DIRECTION('',(-0.0037659549845244483,-0.03742608577848808,-0.9992923024252492));
#7832=DIRECTION('',(0,0,1));
#7833=DIRECTION('',(0.10011822096484103,0.9949755483582676,0));
#7834=FACE_SURFACE('',(#7839),#7835,.T.);
#7835=PLANE('',#7836);
#7836=AXIS2_PLACEMENT_3D('',#300,#7837,#7838);
#7837=DIRECTION('',(0.46963832487803026,0.8828589036792673,0));
#7838=DIRECTION('',(0,0,-1));
#7839=FACE_BOUND('',#7840,.T.);
#7840=EDGE_LOOP('',(#7841,#7842,#7843));
#7841=ORIENTED_EDGE('',*,*,#7844,.T.);
#7842=ORIENTED_EDGE('',*,*,#7845,.T.);
#7843=ORIENTED_EDGE('',*,*,#7846,.T.);
#7844=EDGE_CURVE('',#301,#173,#7847,.F.);
#7845=EDGE_CURVE('',#173,#171,#7848,.T.);
#7846=EDGE_CURVE('',#171,#301,#7849,.T.);
#7847=LINE('',#300,#7850);
#7848=LINE('',#172,#7851);
#7849=LINE('',#170,#7852);
#7850=VECTOR('',#7853,1.0);
#7851=VECTOR('',#7854,1.0);
#7852=VECTOR('',#7855,1.0);
#7853=DIRECTION('',(0,0,-1));
#7854=DIRECTION('',(-0.8828589036792672,0.4696383248780302,0));
#7855=DIRECTION('',(0.03318963804549764,-0.017655285516221378,0.9992931195699036));
#7856=FACE_SURFACE('',(#7861),#7857,.T.);
#7857=PLANE('',#7858);
#7858=AXIS2_PLACEMENT_3D('',#300,#7859,#7860);
#7859=DIRECTION('',(0.46963832487803026,0.8828589036792673,0));
#7860=DIRECTION('',(-0.03318963804549764,0.017655285516221378,-0.9992931195699036));
#7861=FACE_BOUND('',#7862,.T.);
#7862=EDGE_LOOP('',(#7863,#7864,#7865));
#7863=ORIENTED_EDGE('',*,*,#7866,.T.);
#7864=ORIENTED_EDGE('',*,*,#7867,.T.);
#7865=ORIENTED_EDGE('',*,*,#7868,.T.);
#7866=EDGE_CURVE('',#301,#171,#7869,.F.);
#7867=EDGE_CURVE('',#171,#231,#7870,.T.);
#7868=EDGE_CURVE('',#231,#301,#7871,.T.);
#7869=LINE('',#300,#7872);
#7870=LINE('',#170,#7873);
#7871=LINE('',#230,#7874);
#7872=VECTOR('',#7875,1.0);
#7873=VECTOR('',#7876,1.0);
#7874=VECTOR('',#7877,1.0);
#7875=DIRECTION('',(-0.03318963804549764,0.017655285516221378,-0.9992931195699036));
#7876=DIRECTION('',(0,0,1));
#7877=DIRECTION('',(0.8828589036792672,-0.4696383248780302,0));
#7878=FACE_SURFACE('',(#7883),#7879,.T.);
#7879=PLANE('',#7880);
#7880=AXIS2_PLACEMENT_3D('',#496,#7881,#7882);
#7881=DIRECTION('',(0.8821056914762238,-0.4710515354664002,0));
#7882=DIRECTION('',(0,0,1));
#7883=FACE_BOUND('',#7884,.T.);
#7884=EDGE_LOOP('',(#7885,#7886,#7887));
#7885=ORIENTED_EDGE('',*,*,#7888,.T.);
#7886=ORIENTED_EDGE('',*,*,#7889,.T.);
#7887=ORIENTED_EDGE('',*,*,#7890,.T.);
#7888=EDGE_CURVE('',#497,#495,#7891,.F.);
#7889=EDGE_CURVE('',#495,#345,#7892,.T.);
#7890=EDGE_CURVE('',#345,#497,#7893,.T.);
#7891=LINE('',#496,#7894);
#7892=LINE('',#494,#7895);
#7893=LINE('',#344,#7896);
#7894=VECTOR('',#7897,1.0);
#7895=VECTOR('',#7898,1.0);
#7896=VECTOR('',#7899,1.0);
#7897=DIRECTION('',(0,0,1));
#7898=DIRECTION('',(-0.4710515354664002,-0.8821056914762238,0));
#7899=DIRECTION('',(0.032845320487848204,0.06150716420445284,-0.99756606481655));
#7900=FACE_SURFACE('',(#7905),#7901,.T.);
#7901=PLANE('',#7902);
#7902=AXIS2_PLACEMENT_3D('',#496,#7903,#7904);
#7903=DIRECTION('',(0.8821056914762238,-0.4710515354664002,0));
#7904=DIRECTION('',(-0.032845320487848204,-0.06150716420445284,0.99756606481655));
#7905=FACE_BOUND('',#7906,.T.);
#7906=EDGE_LOOP('',(#7907,#7908,#7909));
#7907=ORIENTED_EDGE('',*,*,#7910,.T.);
#7908=ORIENTED_EDGE('',*,*,#7911,.T.);
#7909=ORIENTED_EDGE('',*,*,#7912,.T.);
#7910=EDGE_CURVE('',#497,#345,#7913,.F.);
#7911=EDGE_CURVE('',#345,#343,#7914,.T.);
#7912=EDGE_CURVE('',#343,#497,#7915,.T.);
#7913=LINE('',#496,#7916);
#7914=LINE('',#344,#7917);
#7915=LINE('',#342,#7918);
#7916=VECTOR('',#7919,1.0);
#7917=VECTOR('',#7920,1.0);
#7918=VECTOR('',#7921,1.0);
#7919=DIRECTION('',(-0.032845320487848204,-0.06150716420445284,0.99756606481655));
#7920=DIRECTION('',(0,0,-1));
#7921=DIRECTION('',(0.4710515354664002,0.8821056914762238,0));
#7922=FACE_SURFACE('',(#7927),#7923,.T.);
#7923=PLANE('',#7924);
#7924=AXIS2_PLACEMENT_3D('',#126,#7925,#7926);
#7925=DIRECTION('',(-0.09631636639353948,0.9953507711177729,0));
#7926=DIRECTION('',(-0.9953507711177731,-0.0963163663935395,0));
#7927=FACE_BOUND('',#7928,.T.);
#7928=EDGE_LOOP('',(#7929,#7930,#7931));
#7929=ORIENTED_EDGE('',*,*,#7932,.T.);
#7930=ORIENTED_EDGE('',*,*,#7933,.T.);
#7931=ORIENTED_EDGE('',*,*,#7934,.T.);
#7932=EDGE_CURVE('',#127,#125,#7935,.F.);
#7933=EDGE_CURVE('',#125,#465,#7936,.T.);
#7934=EDGE_CURVE('',#465,#127,#7937,.T.);
#7935=LINE('',#126,#7938);
#7936=LINE('',#124,#7939);
#7937=LINE('',#464,#7940);
#7938=VECTOR('',#7941,1.0);
#7939=VECTOR('',#7942,1.0);
#7940=VECTOR('',#7943,1.0);
#7941=DIRECTION('',(-0.9953507711177731,-0.0963163663935395,0));
#7942=DIRECTION('',(0,0,1));
#7943=DIRECTION('',(0.03648814181131183,0.0035308208298980687,-0.999327848511901));
#7944=FACE_SURFACE('',(#7949),#7945,.T.);
#7945=PLANE('',#7946);
#7946=AXIS2_PLACEMENT_3D('',#126,#7947,#7948);
#7947=DIRECTION('',(-0.09631636639353948,0.9953507711177729,0));
#7948=DIRECTION('',(-0.03648814181131183,-0.0035308208298980687,0.999327848511901));
#7949=FACE_BOUND('',#7950,.T.);
#7950=EDGE_LOOP('',(#7951,#7952,#7953));
#7951=ORIENTED_EDGE('',*,*,#7954,.T.);
#7952=ORIENTED_EDGE('',*,*,#7955,.T.);
#7953=ORIENTED_EDGE('',*,*,#7956,.T.);
#7954=EDGE_CURVE('',#127,#465,#7957,.F.);
#7955=EDGE_CURVE('',#465,#473,#7958,.T.);
#7956=EDGE_CURVE('',#473,#127,#7959,.T.);
#7957=LINE('',#126,#7960);
#7958=LINE('',#464,#7961);
#7959=LINE('',#472,#7962);
#7960=VECTOR('',#7963,1.0);
#7961=VECTOR('',#7964,1.0);
#7962=VECTOR('',#7965,1.0);
#7963=DIRECTION('',(-0.03648814181131183,-0.0035308208298980687,0.999327848511901));
#7964=DIRECTION('',(0.9953507711177731,0.0963163663935395,0));
#7965=DIRECTION('',(0,0,-1));
#7966=FACE_SURFACE('',(#7971),#7967,.T.);
#7967=PLANE('',#7968);
#7968=AXIS2_PLACEMENT_3D('',#122,#7969,#7970);
#7969=DIRECTION('',(0.29500540824494786,0.9554955829862488,0));
#7970=DIRECTION('',(-0.9554955829862489,0.2950054082449479,0));
#7971=FACE_BOUND('',#7972,.T.);
#7972=EDGE_LOOP('',(#7973,#7974,#7975));
#7973=ORIENTED_EDGE('',*,*,#7976,.T.);
#7974=ORIENTED_EDGE('',*,*,#7977,.T.);
#7975=ORIENTED_EDGE('',*,*,#7978,.T.);
#7976=EDGE_CURVE('',#123,#121,#7979,.F.);
#7977=EDGE_CURVE('',#121,#395,#7980,.T.);
#7978=EDGE_CURVE('',#395,#123,#7981,.T.);
#7979=LINE('',#122,#7982);
#7980=LINE('',#120,#7983);
#7981=LINE('',#394,#7984);
#7982=VECTOR('',#7985,1.0);
#7983=VECTOR('',#7986,1.0);
#7984=VECTOR('',#7987,1.0);
#7985=DIRECTION('',(-0.9554955829862489,0.2950054082449479,0));
#7986=DIRECTION('',(0,0,1));
#7987=DIRECTION('',(0.03507287826010679,-0.010828609732670075,-0.9993260901336506));
#7988=FACE_SURFACE('',(#7993),#7989,.T.);
#7989=PLANE('',#7990);
#7990=AXIS2_PLACEMENT_3D('',#122,#7991,#7992);
#7991=DIRECTION('',(0.29500540824494786,0.9554955829862488,-0));
#7992=DIRECTION('',(-0.03507287826010679,0.010828609732670075,0.9993260901336506));
#7993=FACE_BOUND('',#7994,.T.);
#7994=EDGE_LOOP('',(#7995,#7996,#7997));
#7995=ORIENTED_EDGE('',*,*,#7998,.T.);
#7996=ORIENTED_EDGE('',*,*,#7999,.T.);
#7997=ORIENTED_EDGE('',*,*,#8000,.T.);
#7998=EDGE_CURVE('',#123,#395,#8001,.F.);
#7999=EDGE_CURVE('',#395,#463,#8002,.T.);
#8000=EDGE_CURVE('',#463,#123,#8003,.T.);
#8001=LINE('',#122,#8004);
#8002=LINE('',#394,#8005);
#8003=LINE('',#462,#8006);
#8004=VECTOR('',#8007,1.0);
#8005=VECTOR('',#8008,1.0);
#8006=VECTOR('',#8009,1.0);
#8007=DIRECTION('',(-0.03507287826010679,0.010828609732670075,0.9993260901336506));
#8008=DIRECTION('',(0.9554955829862489,-0.2950054082449479,0));
#8009=DIRECTION('',(0,0,-1));
#8010=FACE_SURFACE('',(#8015),#8011,.T.);
#8011=PLANE('',#8012);
#8012=AXIS2_PLACEMENT_3D('',#398,#8013,#8014);
#8013=DIRECTION('',(-0,0,1));
#8014=DIRECTION('',(0.4735473992882578,-0.8807683353909399,0));
#8015=FACE_BOUND('',#8016,.T.);
#8016=EDGE_LOOP('',(#8017,#8018,#8019));
#8017=ORIENTED_EDGE('',*,*,#8020,.T.);
#8018=ORIENTED_EDGE('',*,*,#8021,.T.);
#8019=ORIENTED_EDGE('',*,*,#8022,.T.);
#8020=EDGE_CURVE('',#399,#397,#8023,.F.);
#8021=EDGE_CURVE('',#397,#433,#8024,.T.);
#8022=EDGE_CURVE('',#433,#399,#8025,.T.);
#8023=LINE('',#398,#8026);
#8024=LINE('',#396,#8027);
#8025=LINE('',#432,#8028);
#8026=VECTOR('',#8029,1.0);
#8027=VECTOR('',#8030,1.0);
#8028=VECTOR('',#8031,1.0);
#8029=DIRECTION('',(0.4735473992882578,-0.8807683353909399,0));
#8030=DIRECTION('',(0.8776027649549065,0.4793885552904899,0));
#8031=DIRECTION('',(-0.9239215767693439,-0.38258191277169556,0));
#8032=FACE_SURFACE('',(#8037),#8033,.T.);
#8033=PLANE('',#8034);
#8034=AXIS2_PLACEMENT_3D('',#398,#8035,#8036);
#8035=DIRECTION('',(0,0,1));
#8036=DIRECTION('',(0.9239215767693439,0.38258191277169556,0));
#8037=FACE_BOUND('',#8038,.T.);
#8038=EDGE_LOOP('',(#8039,#8040,#8041));
#8039=ORIENTED_EDGE('',*,*,#8042,.T.);
#8040=ORIENTED_EDGE('',*,*,#8043,.T.);
#8041=ORIENTED_EDGE('',*,*,#8044,.T.);
#8042=EDGE_CURVE('',#399,#433,#8045,.F.);
#8043=EDGE_CURVE('',#433,#287,#8046,.T.);
#8044=EDGE_CURVE('',#287,#399,#8047,.T.);
#8045=LINE('',#398,#8048);
#8046=LINE('',#432,#8049);
#8047=LINE('',#286,#8050);
#8048=VECTOR('',#8051,1.0);
#8049=VECTOR('',#8052,1.0);
#8050=VECTOR('',#8053,1.0);
#8051=DIRECTION('',(0.9239215767693439,0.38258191277169556,0));
#8052=DIRECTION('',(-0.2832070486551023,0.9590587925628264,0));
#8053=DIRECTION('',(-0.8481177766843687,-0.5298077357607788,0));
#8054=FACE_SURFACE('',(#8059),#8055,.T.);
#8055=PLANE('',#8056);
#8056=AXIS2_PLACEMENT_3D('',#538,#8057,#8058);
#8057=DIRECTION('',(0,0,1));
#8058=DIRECTION('',(0.09382684982606322,-0.9955885305947018,0));
#8059=FACE_BOUND('',#8060,.T.);
#8060=EDGE_LOOP('',(#8061,#8062,#8063));
#8061=ORIENTED_EDGE('',*,*,#8064,.T.);
#8062=ORIENTED_EDGE('',*,*,#8065,.T.);
#8063=ORIENTED_EDGE('',*,*,#8066,.T.);
#8064=EDGE_CURVE('',#539,#519,#8067,.F.);
#8065=EDGE_CURVE('',#519,#399,#8068,.T.);
#8066=EDGE_CURVE('',#399,#539,#8069,.T.);
#8067=LINE('',#538,#8070);
#8068=LINE('',#518,#8071);
#8069=LINE('',#398,#8072);
#8070=VECTOR('',#8073,1.0);
#8071=VECTOR('',#8074,1.0);
#8072=VECTOR('',#8075,1.0);
#8073=DIRECTION('',(0.09382684982606322,-0.9955885305947018,0));
#8074=DIRECTION('',(0.29282486846234057,-0.9561660924808059,0));
#8075=DIRECTION('',(-0.19496133285802486,0.9808109291245803,0));
#8076=FACE_SURFACE('',(#8081),#8077,.T.);
#8077=PLANE('',#8078);
#8078=AXIS2_PLACEMENT_3D('',#362,#8079,#8080);
#8079=DIRECTION('',(0,0,1));
#8080=DIRECTION('',(-0.29282486846234057,-0.9561660924808059,0));
#8081=FACE_BOUND('',#8082,.T.);
#8082=EDGE_LOOP('',(#8083,#8084,#8085));
#8083=ORIENTED_EDGE('',*,*,#8086,.T.);
#8084=ORIENTED_EDGE('',*,*,#8087,.T.);
#8085=ORIENTED_EDGE('',*,*,#8088,.T.);
#8086=EDGE_CURVE('',#363,#361,#8089,.F.);
#8087=EDGE_CURVE('',#361,#539,#8090,.T.);
#8088=EDGE_CURVE('',#539,#363,#8091,.T.);
#8089=LINE('',#362,#8092);
#8090=LINE('',#360,#8093);
#8091=LINE('',#538,#8094);
#8092=VECTOR('',#8095,1.0);
#8093=VECTOR('',#8096,1.0);
#8094=VECTOR('',#8097,1.0);
#8095=DIRECTION('',(-0.29282486846234057,-0.9561660924808059,0));
#8096=DIRECTION('',(-0.0932646413381185,-0.995641354442488,0));
#8097=DIRECTION('',(0.19438480666779304,0.9809253523773992,0));
#8098=FACE_SURFACE('',(#8103),#8099,.T.);
#8099=PLANE('',#8100);
#8100=AXIS2_PLACEMENT_3D('',#354,#8101,#8102);
#8101=DIRECTION('',(0,0,1));
#8102=DIRECTION('',(-0.632743818344065,-0.7743611950164941,0));
#8103=FACE_BOUND('',#8104,.T.);
#8104=EDGE_LOOP('',(#8105,#8106,#8107));
#8105=ORIENTED_EDGE('',*,*,#8108,.T.);
#8106=ORIENTED_EDGE('',*,*,#8109,.T.);
#8107=ORIENTED_EDGE('',*,*,#8110,.T.);
#8108=EDGE_CURVE('',#355,#563,#8111,.F.);
#8109=EDGE_CURVE('',#563,#363,#8112,.T.);
#8110=EDGE_CURVE('',#363,#355,#8113,.T.);
#8111=LINE('',#354,#8114);
#8112=LINE('',#562,#8115);
#8113=LINE('',#362,#8116);
#8114=VECTOR('',#8117,1.0);
#8115=VECTOR('',#8118,1.0);
#8116=VECTOR('',#8119,1.0);
#8117=DIRECTION('',(-0.632743818344065,-0.7743611950164941,0));
#8118=DIRECTION('',(-0.4735549229165853,-0.8807642902510676,0));
#8119=DIRECTION('',(0.5557448813329166,0.831352889495347,0));
#8120=FACE_SURFACE('',(#8125),#8121,.T.);
#8121=PLANE('',#8122);
#8122=AXIS2_PLACEMENT_3D('',#476,#8123,#8124);
#8123=DIRECTION('',(0,0,1));
#8124=DIRECTION('',(-0.8821083927753538,-0.4710464768950961,0));
#8125=FACE_BOUND('',#8126,.T.);
#8126=EDGE_LOOP('',(#8127,#8128,#8129));
#8127=ORIENTED_EDGE('',*,*,#8130,.T.);
#8128=ORIENTED_EDGE('',*,*,#8131,.T.);
#8129=ORIENTED_EDGE('',*,*,#8132,.T.);
#8130=EDGE_CURVE('',#477,#357,#8133,.F.);
#8131=EDGE_CURVE('',#357,#355,#8134,.T.);
#8132=EDGE_CURVE('',#355,#477,#8135,.T.);
#8133=LINE('',#476,#8136);
#8134=LINE('',#356,#8137);
#8135=LINE('',#354,#8138);
#8136=VECTOR('',#8139,1.0);
#8137=VECTOR('',#8140,1.0);
#8138=VECTOR('',#8141,1.0);
#8139=DIRECTION('',(-0.8821083927753538,-0.4710464768950961,0));
#8140=DIRECTION('',(-0.771405597237187,-0.6363437785907384,0));
#8141=DIRECTION('',(0.8308900323705233,0.5564366577673605,0));
#8142=FACE_SURFACE('',(#8147),#8143,.T.);
#8143=PLANE('',#8144);
#8144=AXIS2_PLACEMENT_3D('',#452,#8145,#8146);
#8145=DIRECTION('',(0,0,1));
#8146=DIRECTION('',(-0.9950664419060704,-0.09921076651449169,0));
#8147=FACE_BOUND('',#8148,.T.);
#8148=EDGE_LOOP('',(#8149,#8150,#8151));
#8149=ORIENTED_EDGE('',*,*,#8152,.T.);
#8150=ORIENTED_EDGE('',*,*,#8153,.T.);
#8151=ORIENTED_EDGE('',*,*,#8154,.T.);
#8152=EDGE_CURVE('',#453,#451,#8155,.F.);
#8153=EDGE_CURVE('',#451,#477,#8156,.T.);
#8154=EDGE_CURVE('',#477,#453,#8157,.T.);
#8155=LINE('',#452,#8158);
#8156=LINE('',#450,#8159);
#8157=LINE('',#476,#8160);
#8158=VECTOR('',#8161,1.0);
#8159=VECTOR('',#8162,1.0);
#8160=VECTOR('',#8163,1.0);
#8161=DIRECTION('',(-0.9950664419060704,-0.09921076651449169,0));
#8162=DIRECTION('',(-0.9573273510920537,-0.2890057834214945,0));
#8163=DIRECTION('',(0.9808117028202157,0.19495744051179237,0));
#8164=FACE_SURFACE('',(#8169),#8165,.T.);
#8165=PLANE('',#8166);
#8166=AXIS2_PLACEMENT_3D('',#412,#8167,#8168);
#8167=DIRECTION('',(0,0,1));
#8168=DIRECTION('',(-0.9573273510920537,0.2890057834214945,0));
#8169=FACE_BOUND('',#8170,.T.);
#8170=EDGE_LOOP('',(#8171,#8172,#8173));
#8171=ORIENTED_EDGE('',*,*,#8174,.T.);
#8172=ORIENTED_EDGE('',*,*,#8175,.T.);
#8173=ORIENTED_EDGE('',*,*,#8176,.T.);
#8174=EDGE_CURVE('',#413,#515,#8177,.F.);
#8175=EDGE_CURVE('',#515,#453,#8178,.T.);
#8176=EDGE_CURVE('',#453,#413,#8179,.T.);
#8177=LINE('',#412,#8180);
#8178=LINE('',#514,#8181);
#8179=LINE('',#452,#8182);
#8180=VECTOR('',#8183,1.0);
#8181=VECTOR('',#8184,1.0);
#8182=VECTOR('',#8185,1.0);
#8183=DIRECTION('',(-0.9573273510920537,0.2890057834214945,0));
#8184=DIRECTION('',(-0.9950666676547564,0.09920850226900194,0));
#8185=DIRECTION('',(0.9808121410551501,-0.19495523578199286,0));
#8186=FACE_SURFACE('',(#8191),#8187,.T.);
#8187=PLANE('',#8188);
#8188=AXIS2_PLACEMENT_3D('',#204,#8189,#8190);
#8189=DIRECTION('',(0,0,1));
#8190=DIRECTION('',(-0.7714170133809163,0.6363299391561481,0));
#8191=FACE_BOUND('',#8192,.T.);
#8192=EDGE_LOOP('',(#8193,#8194,#8195));
#8193=ORIENTED_EDGE('',*,*,#8196,.T.);
#8194=ORIENTED_EDGE('',*,*,#8197,.T.);
#8195=ORIENTED_EDGE('',*,*,#8198,.T.);
#8196=EDGE_CURVE('',#205,#213,#8199,.F.);
#8197=EDGE_CURVE('',#213,#413,#8200,.T.);
#8198=EDGE_CURVE('',#413,#205,#8201,.T.);
#8199=LINE('',#204,#8202);
#8200=LINE('',#212,#8203);
#8201=LINE('',#412,#8204);
#8202=VECTOR('',#8205,1.0);
#8203=VECTOR('',#8206,1.0);
#8204=VECTOR('',#8207,1.0);
#8205=DIRECTION('',(-0.7714170133809163,0.6363299391561481,0));
#8206=DIRECTION('',(-0.8821033135673937,0.47105598838505824,0));
#8207=DIRECTION('',(0.8403201680469377,-0.5420904123608593,0));
#8208=FACE_SURFACE('',(#8213),#8209,.T.);
#8209=PLANE('',#8210);
#8210=AXIS2_PLACEMENT_3D('',#554,#8211,#8212);
#8211=DIRECTION('',(-0,0,1));
#8212=DIRECTION('',(0.7745405712567573,-0.632524231533667,0));
#8213=FACE_BOUND('',#8214,.T.);
#8214=EDGE_LOOP('',(#8215,#8216,#8217));
#8215=ORIENTED_EDGE('',*,*,#8218,.T.);
#8216=ORIENTED_EDGE('',*,*,#8219,.T.);
#8217=ORIENTED_EDGE('',*,*,#8220,.T.);
#8218=EDGE_CURVE('',#555,#571,#8221,.F.);
#8219=EDGE_CURVE('',#571,#205,#8222,.T.);
#8220=EDGE_CURVE('',#205,#555,#8223,.T.);
#8221=LINE('',#554,#8224);
#8222=LINE('',#570,#8225);
#8223=LINE('',#204,#8226);
#8224=VECTOR('',#8227,1.0);
#8225=VECTOR('',#8228,1.0);
#8226=VECTOR('',#8229,1.0);
#8227=DIRECTION('',(0.7745405712567573,-0.632524231533667,0));
#8228=DIRECTION('',(0.6268063209867145,0.7791750996862642,0));
#8229=DIRECTION('',(-0.7497480723517139,-0.6617233772543397,0));
#8230=FACE_SURFACE('',(#8235),#8231,.T.);
#8231=PLANE('',#8232);
#8232=AXIS2_PLACEMENT_3D('',#516,#8233,#8234);
#8233=DIRECTION('',(-0,0,1));
#8234=DIRECTION('',(0.8852035650495013,-0.4652038783411563,0));
#8235=FACE_BOUND('',#8236,.T.);
#8236=EDGE_LOOP('',(#8237,#8238,#8239));
#8237=ORIENTED_EDGE('',*,*,#8240,.T.);
#8238=ORIENTED_EDGE('',*,*,#8241,.T.);
#8239=ORIENTED_EDGE('',*,*,#8242,.T.);
#8240=EDGE_CURVE('',#517,#555,#8243,.F.);
#8241=EDGE_CURVE('',#555,#205,#8244,.T.);
#8242=EDGE_CURVE('',#205,#517,#8245,.T.);
#8243=LINE('',#516,#8246);
#8244=LINE('',#554,#8247);
#8245=LINE('',#204,#8248);
#8246=VECTOR('',#8249,1.0);
#8247=VECTOR('',#8250,1.0);
#8248=VECTOR('',#8251,1.0);
#8249=DIRECTION('',(0.8852035650495013,-0.4652038783411563,0));
#8250=DIRECTION('',(0.7497480723517139,0.6617233772543397,0));
#8251=DIRECTION('',(-0.8391747258666594,-0.5438619121308432,0));
#8252=FACE_SURFACE('',(#8257),#8253,.T.);
#8253=PLANE('',#8254);
#8254=AXIS2_PLACEMENT_3D('',#204,#8255,#8256);
#8255=DIRECTION('',(0,0,1));
#8256=DIRECTION('',(-0.8403201680469377,0.5420904123608593,0));
#8257=FACE_BOUND('',#8258,.T.);
#8258=EDGE_LOOP('',(#8259,#8260,#8261));
#8259=ORIENTED_EDGE('',*,*,#8262,.T.);
#8260=ORIENTED_EDGE('',*,*,#8263,.T.);
#8261=ORIENTED_EDGE('',*,*,#8264,.T.);
#8262=EDGE_CURVE('',#205,#413,#8265,.F.);
#8263=EDGE_CURVE('',#413,#453,#8266,.T.);
#8264=EDGE_CURVE('',#453,#205,#8267,.T.);
#8265=LINE('',#204,#8268);
#8266=LINE('',#412,#8269);
#8267=LINE('',#452,#8270);
#8268=VECTOR('',#8271,1.0);
#8269=VECTOR('',#8272,1.0);
#8270=VECTOR('',#8273,1.0);
#8271=DIRECTION('',(-0.8403201680469377,0.5420904123608593,0));
#8272=DIRECTION('',(-0.9808121410551501,0.19495523578199286,0));
#8273=DIRECTION('',(0.9324297703574153,-0.36135124650569256,0));
#8274=FACE_SURFACE('',(#8279),#8275,.T.);
#8275=PLANE('',#8276);
#8276=AXIS2_PLACEMENT_3D('',#452,#8277,#8278);
#8277=DIRECTION('',(0,0,1));
#8278=DIRECTION('',(-0.9808117028202157,-0.19495744051179237,0));
#8279=FACE_BOUND('',#8280,.T.);
#8280=EDGE_LOOP('',(#8281,#8282,#8283));
#8281=ORIENTED_EDGE('',*,*,#8284,.T.);
#8282=ORIENTED_EDGE('',*,*,#8285,.T.);
#8283=ORIENTED_EDGE('',*,*,#8286,.T.);
#8284=EDGE_CURVE('',#453,#477,#8287,.F.);
#8285=EDGE_CURVE('',#477,#355,#8288,.T.);
#8286=EDGE_CURVE('',#355,#453,#8289,.T.);
#8287=LINE('',#452,#8290);
#8288=LINE('',#476,#8291);
#8289=LINE('',#354,#8292);
#8290=VECTOR('',#8293,1.0);
#8291=VECTOR('',#8294,1.0);
#8292=VECTOR('',#8295,1.0);
#8293=DIRECTION('',(-0.9808117028202157,-0.19495744051179237,0));
#8294=DIRECTION('',(-0.8308900323705233,-0.5564366577673605,0));
#8295=DIRECTION('',(0.9236218689001274,0.3833048959893882,0));
#8296=FACE_SURFACE('',(#8301),#8297,.T.);
#8297=PLANE('',#8298);
#8298=AXIS2_PLACEMENT_3D('',#354,#8299,#8300);
#8299=DIRECTION('',(0,0,1));
#8300=DIRECTION('',(-0.5557448813329166,-0.831352889495347,0));
#8301=FACE_BOUND('',#8302,.T.);
#8302=EDGE_LOOP('',(#8303,#8304,#8305));
#8303=ORIENTED_EDGE('',*,*,#8306,.T.);
#8304=ORIENTED_EDGE('',*,*,#8307,.T.);
#8305=ORIENTED_EDGE('',*,*,#8308,.T.);
#8306=EDGE_CURVE('',#355,#363,#8309,.F.);
#8307=EDGE_CURVE('',#363,#539,#8310,.T.);
#8308=EDGE_CURVE('',#539,#355,#8311,.T.);
#8309=LINE('',#354,#8312);
#8310=LINE('',#362,#8313);
#8311=LINE('',#538,#8314);
#8312=VECTOR('',#8315,1.0);
#8313=VECTOR('',#8316,1.0);
#8314=VECTOR('',#8317,1.0);
#8315=DIRECTION('',(-0.5557448813329166,-0.831352889495347,0));
#8316=DIRECTION('',(-0.19438480666779304,-0.9809253523773992,0));
#8317=DIRECTION('',(0.38199021479023193,0.9241663680336525,0));
#8318=FACE_SURFACE('',(#8323),#8319,.T.);
#8319=PLANE('',#8320);
#8320=AXIS2_PLACEMENT_3D('',#538,#8321,#8322);
#8321=DIRECTION('',(0,0,1));
#8322=DIRECTION('',(0.19496133285802486,-0.9808109291245803,0));
#8323=FACE_BOUND('',#8324,.T.);
#8324=EDGE_LOOP('',(#8325,#8326,#8327));
#8325=ORIENTED_EDGE('',*,*,#8328,.T.);
#8326=ORIENTED_EDGE('',*,*,#8329,.T.);
#8327=ORIENTED_EDGE('',*,*,#8330,.T.);
#8328=EDGE_CURVE('',#539,#399,#8331,.F.);
#8329=EDGE_CURVE('',#399,#287,#8332,.T.);
#8330=EDGE_CURVE('',#287,#539,#8333,.T.);
#8331=LINE('',#538,#8334);
#8332=LINE('',#398,#8335);
#8333=LINE('',#286,#8336);
#8334=VECTOR('',#8337,1.0);
#8335=VECTOR('',#8338,1.0);
#8336=VECTOR('',#8339,1.0);
#8337=DIRECTION('',(0.19496133285802486,-0.9808109291245803,0));
#8338=DIRECTION('',(0.8481177766843687,0.5298077357607788,0));
#8339=DIRECTION('',(-0.9865381204559632,0.16353145534488253,0));
#8340=FACE_SURFACE('',(#8345),#8341,.T.);
#8341=PLANE('',#8342);
#8342=AXIS2_PLACEMENT_3D('',#538,#8343,#8344);
#8343=DIRECTION('',(-0,0,1));
#8344=DIRECTION('',(0.9865381204559632,-0.16353145534488253,0));
#8345=FACE_BOUND('',#8346,.T.);
#8346=EDGE_LOOP('',(#8347,#8348,#8349));
#8347=ORIENTED_EDGE('',*,*,#8350,.T.);
#8348=ORIENTED_EDGE('',*,*,#8351,.T.);
#8349=ORIENTED_EDGE('',*,*,#8352,.T.);
#8350=EDGE_CURVE('',#539,#287,#8353,.F.);
#8351=EDGE_CURVE('',#287,#285,#8354,.T.);
#8352=EDGE_CURVE('',#285,#539,#8355,.T.);
#8353=LINE('',#538,#8356);
#8354=LINE('',#286,#8357);
#8355=LINE('',#284,#8358);
#8356=VECTOR('',#8359,1.0);
#8357=VECTOR('',#8360,1.0);
#8358=VECTOR('',#8361,1.0);
#8359=DIRECTION('',(0.9865381204559632,-0.16353145534488253,0));
#8360=DIRECTION('',(-0.09756756873741251,0.9952289030824367,0));
#8361=DIRECTION('',(-1,0,0));
#8362=FACE_SURFACE('',(#8367),#8363,.T.);
#8363=PLANE('',#8364);
#8364=AXIS2_PLACEMENT_3D('',#452,#8365,#8366);
#8365=DIRECTION('',(0,0,1));
#8366=DIRECTION('',(-0.9236218689001274,-0.3833048959893882,0));
#8367=FACE_BOUND('',#8368,.T.);
#8368=EDGE_LOOP('',(#8369,#8370,#8371));
#8369=ORIENTED_EDGE('',*,*,#8372,.T.);
#8370=ORIENTED_EDGE('',*,*,#8373,.T.);
#8371=ORIENTED_EDGE('',*,*,#8374,.T.);
#8372=EDGE_CURVE('',#453,#355,#8375,.F.);
#8373=EDGE_CURVE('',#355,#539,#8376,.T.);
#8374=EDGE_CURVE('',#539,#453,#8377,.T.);
#8375=LINE('',#452,#8378);
#8376=LINE('',#354,#8379);
#8377=LINE('',#538,#8380);
#8378=VECTOR('',#8381,1.0);
#8379=VECTOR('',#8382,1.0);
#8380=VECTOR('',#8383,1.0);
#8381=DIRECTION('',(-0.9236218689001274,-0.3833048959893882,0));
#8382=DIRECTION('',(-0.38199021479023193,-0.9241663680336525,0));
#8383=DIRECTION('',(0.7066894119302567,0.707523904236223,0));
#8384=FACE_SURFACE('',(#8389),#8385,.T.);
#8385=PLANE('',#8386);
#8386=AXIS2_PLACEMENT_3D('',#516,#8387,#8388);
#8387=DIRECTION('',(0,-0,1));
#8388=DIRECTION('',(0.8391747258666594,0.5438619121308432,0));
#8389=FACE_BOUND('',#8390,.T.);
#8390=EDGE_LOOP('',(#8391,#8392,#8393));
#8391=ORIENTED_EDGE('',*,*,#8394,.T.);
#8392=ORIENTED_EDGE('',*,*,#8395,.T.);
#8393=ORIENTED_EDGE('',*,*,#8396,.T.);
#8394=EDGE_CURVE('',#517,#205,#8397,.F.);
#8395=EDGE_CURVE('',#205,#453,#8398,.T.);
#8396=EDGE_CURVE('',#453,#517,#8399,.T.);
#8397=LINE('',#516,#8400);
#8398=LINE('',#204,#8401);
#8399=LINE('',#452,#8402);
#8400=VECTOR('',#8403,1.0);
#8401=VECTOR('',#8404,1.0);
#8402=VECTOR('',#8405,1.0);
#8403=DIRECTION('',(0.8391747258666594,0.5438619121308432,0));
#8404=DIRECTION('',(-0.9324297703574153,0.36135124650569256,0));
#8405=DIRECTION('',(0.29754686897942045,-0.9547072120606106,0));
#8406=FACE_SURFACE('',(#8411),#8407,.T.);
#8407=PLANE('',#8408);
#8408=AXIS2_PLACEMENT_3D('',#268,#8409,#8410);
#8409=DIRECTION('',(-0,-0,1));
#8410=DIRECTION('',(0.9543591512540768,-0.29866136411929495,0));
#8411=FACE_BOUND('',#8412,.T.);
#8412=EDGE_LOOP('',(#8413,#8414,#8415));
#8413=ORIENTED_EDGE('',*,*,#8416,.T.);
#8414=ORIENTED_EDGE('',*,*,#8417,.T.);
#8415=ORIENTED_EDGE('',*,*,#8418,.T.);
#8416=EDGE_CURVE('',#269,#517,#8419,.F.);
#8417=EDGE_CURVE('',#517,#453,#8420,.T.);
#8418=EDGE_CURVE('',#453,#269,#8421,.T.);
#8419=LINE('',#268,#8422);
#8420=LINE('',#516,#8423);
#8421=LINE('',#452,#8424);
#8422=VECTOR('',#8425,1.0);
#8423=VECTOR('',#8426,1.0);
#8424=VECTOR('',#8427,1.0);
#8425=DIRECTION('',(0.9543591512540768,-0.29866136411929495,0));
#8426=DIRECTION('',(-0.29754686897942045,0.9547072120606106,0));
#8427=DIRECTION('',(0.16561831358516654,-0.9861899280590962,0));
#8428=FACE_SURFACE('',(#8433),#8429,.T.);
#8429=PLANE('',#8430);
#8430=AXIS2_PLACEMENT_3D('',#538,#8431,#8432);
#8431=DIRECTION('',(0,0,1));
#8432=DIRECTION('',(1,0,0));
#8433=FACE_BOUND('',#8434,.T.);
#8434=EDGE_LOOP('',(#8435,#8436,#8437));
#8435=ORIENTED_EDGE('',*,*,#8438,.T.);
#8436=ORIENTED_EDGE('',*,*,#8439,.T.);
#8437=ORIENTED_EDGE('',*,*,#8440,.T.);
#8438=EDGE_CURVE('',#539,#285,#8441,.F.);
#8439=EDGE_CURVE('',#285,#493,#8442,.T.);
#8440=EDGE_CURVE('',#493,#539,#8443,.T.);
#8441=LINE('',#538,#8444);
#8442=LINE('',#284,#8445);
#8443=LINE('',#492,#8446);
#8444=VECTOR('',#8447,1.0);
#8445=VECTOR('',#8448,1.0);
#8446=VECTOR('',#8449,1.0);
#8447=DIRECTION('',(1,0,0));
#8448=DIRECTION('',(0.0963198890467956,0.9953504302375183,0));
#8449=DIRECTION('',(-0.9861910384029989,-0.16561170180157817,0));
#8450=FACE_SURFACE('',(#8455),#8451,.T.);
#8451=PLANE('',#8452);
#8452=AXIS2_PLACEMENT_3D('',#538,#8453,#8454);
#8453=DIRECTION('',(0,0,1));
#8454=DIRECTION('',(0.9861910384029989,0.16561170180157817,0));
#8455=FACE_BOUND('',#8456,.T.);
#8456=EDGE_LOOP('',(#8457,#8458,#8459));
#8457=ORIENTED_EDGE('',*,*,#8460,.T.);
#8458=ORIENTED_EDGE('',*,*,#8461,.T.);
#8459=ORIENTED_EDGE('',*,*,#8462,.T.);
#8460=EDGE_CURVE('',#539,#493,#8463,.F.);
#8461=EDGE_CURVE('',#493,#39,#8464,.T.);
#8462=EDGE_CURVE('',#39,#539,#8465,.T.);
#8463=LINE('',#538,#8466);
#8464=LINE('',#492,#8467);
#8465=LINE('',#38,#8468);
#8466=VECTOR('',#8469,1.0);
#8467=VECTOR('',#8470,1.0);
#8468=VECTOR('',#8471,1.0);
#8469=DIRECTION('',(0.9861910384029989,0.16561170180157817,0));
#8470=DIRECTION('',(0.2867400020176872,0.9580084400687172,0));
#8471=DIRECTION('',(-0.9545323587388329,-0.2981073231580863,0));
#8472=FACE_SURFACE('',(#8477),#8473,.T.);
#8473=PLANE('',#8474);
#8474=AXIS2_PLACEMENT_3D('',#270,#8475,#8476);
#8475=DIRECTION('',(-0,0,1));
#8476=DIRECTION('',(0.9953507711177731,-0.0963163663935395,0));
#8477=FACE_BOUND('',#8478,.T.);
#8478=EDGE_LOOP('',(#8479,#8480,#8481));
#8479=ORIENTED_EDGE('',*,*,#8482,.T.);
#8480=ORIENTED_EDGE('',*,*,#8483,.T.);
#8481=ORIENTED_EDGE('',*,*,#8484,.T.);
#8482=EDGE_CURVE('',#271,#269,#8485,.F.);
#8483=EDGE_CURVE('',#269,#453,#8486,.T.);
#8484=EDGE_CURVE('',#453,#271,#8487,.T.);
#8485=LINE('',#270,#8488);
#8486=LINE('',#268,#8489);
#8487=LINE('',#452,#8490);
#8488=VECTOR('',#8491,1.0);
#8489=VECTOR('',#8492,1.0);
#8490=VECTOR('',#8493,1.0);
#8491=DIRECTION('',(0.9953507711177731,-0.0963163663935395,0));
#8492=DIRECTION('',(-0.16561831358516654,0.9861899280590962,0));
#8493=DIRECTION('',(0,-1,0));
#8494=FACE_SURFACE('',(#8499),#8495,.T.);
#8495=PLANE('',#8496);
#8496=AXIS2_PLACEMENT_3D('',#244,#8497,#8498);
#8497=DIRECTION('',(0,0,1));
#8498=DIRECTION('',(0.9952289030824367,0.09756756873741251,0));
#8499=FACE_BOUND('',#8500,.T.);
#8500=EDGE_LOOP('',(#8501,#8502,#8503));
#8501=ORIENTED_EDGE('',*,*,#8504,.T.);
#8502=ORIENTED_EDGE('',*,*,#8505,.T.);
#8503=ORIENTED_EDGE('',*,*,#8506,.T.);
#8504=EDGE_CURVE('',#245,#271,#8507,.F.);
#8505=EDGE_CURVE('',#271,#453,#8508,.T.);
#8506=EDGE_CURVE('',#453,#245,#8509,.T.);
#8507=LINE('',#244,#8510);
#8508=LINE('',#270,#8511);
#8509=LINE('',#452,#8512);
#8510=VECTOR('',#8513,1.0);
#8511=VECTOR('',#8514,1.0);
#8512=VECTOR('',#8515,1.0);
#8513=DIRECTION('',(0.9952289030824367,0.09756756873741251,0));
#8514=DIRECTION('',(0,1,0));
#8515=DIRECTION('',(-0.16353211313476834,-0.9865380114185552,0));
#8516=FACE_SURFACE('',(#8521),#8517,.T.);
#8517=PLANE('',#8518);
#8518=AXIS2_PLACEMENT_3D('',#452,#8519,#8520);
#8519=DIRECTION('',(0,0,1));
#8520=DIRECTION('',(-0.7066894119302567,-0.707523904236223,0));
#8521=FACE_BOUND('',#8522,.T.);
#8522=EDGE_LOOP('',(#8523,#8524,#8525));
#8523=ORIENTED_EDGE('',*,*,#8526,.T.);
#8524=ORIENTED_EDGE('',*,*,#8527,.T.);
#8525=ORIENTED_EDGE('',*,*,#8528,.T.);
#8526=EDGE_CURVE('',#453,#539,#8529,.F.);
#8527=EDGE_CURVE('',#539,#39,#8530,.T.);
#8528=EDGE_CURVE('',#39,#453,#8531,.T.);
#8529=LINE('',#452,#8532);
#8530=LINE('',#538,#8533);
#8531=LINE('',#38,#8534);
#8532=VECTOR('',#8535,1.0);
#8533=VECTOR('',#8536,1.0);
#8534=VECTOR('',#8537,1.0);
#8535=DIRECTION('',(-0.7066894119302567,-0.707523904236223,0));
#8536=DIRECTION('',(0.9545323587388329,0.2981073231580863,0));
#8537=DIRECTION('',(0.46288964535928684,0.8864159160457091,0));
#8538=FACE_SURFACE('',(#8543),#8539,.T.);
#8539=PLANE('',#8540);
#8540=AXIS2_PLACEMENT_3D('',#452,#8541,#8542);
#8541=DIRECTION('',(0,0,1));
#8542=DIRECTION('',(-0.46288964535928684,-0.8864159160457091,0));
#8543=FACE_BOUND('',#8544,.T.);
#8544=EDGE_LOOP('',(#8545,#8546,#8547));
#8545=ORIENTED_EDGE('',*,*,#8548,.T.);
#8546=ORIENTED_EDGE('',*,*,#8549,.T.);
#8547=ORIENTED_EDGE('',*,*,#8550,.T.);
#8548=EDGE_CURVE('',#453,#39,#8551,.F.);
#8549=EDGE_CURVE('',#39,#37,#8552,.T.);
#8550=EDGE_CURVE('',#37,#453,#8553,.T.);
#8551=LINE('',#452,#8554);
#8552=LINE('',#38,#8555);
#8553=LINE('',#36,#8556);
#8554=VECTOR('',#8557,1.0);
#8555=VECTOR('',#8558,1.0);
#8556=VECTOR('',#8559,1.0);
#8557=DIRECTION('',(-0.46288964535928684,-0.8864159160457091,0));
#8558=DIRECTION('',(0.4752382525650487,0.8798571493708051,0));
#8559=DIRECTION('',(0.46152931370870315,0.8871249588347594,0));
#8560=FACE_SURFACE('',(#8565),#8561,.T.);
#8561=PLANE('',#8562);
#8562=AXIS2_PLACEMENT_3D('',#246,#8563,#8564);
#8563=DIRECTION('',(0,0,1));
#8564=DIRECTION('',(0.9554955829862489,0.2950054082449479,0));
#8565=FACE_BOUND('',#8566,.T.);
#8566=EDGE_LOOP('',(#8567,#8568,#8569));
#8567=ORIENTED_EDGE('',*,*,#8570,.T.);
#8568=ORIENTED_EDGE('',*,*,#8571,.T.);
#8569=ORIENTED_EDGE('',*,*,#8572,.T.);
#8570=EDGE_CURVE('',#247,#245,#8573,.F.);
#8571=EDGE_CURVE('',#245,#453,#8574,.T.);
#8572=EDGE_CURVE('',#453,#247,#8575,.T.);
#8573=LINE('',#246,#8576);
#8574=LINE('',#244,#8577);
#8575=LINE('',#452,#8578);
#8576=VECTOR('',#8579,1.0);
#8577=VECTOR('',#8580,1.0);
#8578=VECTOR('',#8581,1.0);
#8579=DIRECTION('',(0.9554955829862489,0.2950054082449479,0));
#8580=DIRECTION('',(0.16353211313476834,0.9865380114185552,0));
#8581=DIRECTION('',(-0.29754001760707516,-0.9547093473525757,0));
#8582=FACE_SURFACE('',(#8587),#8583,.T.);
#8583=PLANE('',#8584);
#8584=AXIS2_PLACEMENT_3D('',#438,#8585,#8586);
#8585=DIRECTION('',(0,0,1));
#8586=DIRECTION('',(0.8823598428012587,0.4705752945191002,0));
#8587=FACE_BOUND('',#8588,.T.);
#8588=EDGE_LOOP('',(#8589,#8590,#8591));
#8589=ORIENTED_EDGE('',*,*,#8592,.T.);
#8590=ORIENTED_EDGE('',*,*,#8593,.T.);
#8591=ORIENTED_EDGE('',*,*,#8594,.T.);
#8592=EDGE_CURVE('',#439,#247,#8595,.F.);
#8593=EDGE_CURVE('',#247,#453,#8596,.T.);
#8594=EDGE_CURVE('',#453,#439,#8597,.T.);
#8595=LINE('',#438,#8598);
#8596=LINE('',#246,#8599);
#8597=LINE('',#452,#8600);
#8598=VECTOR('',#8601,1.0);
#8599=VECTOR('',#8602,1.0);
#8600=VECTOR('',#8603,1.0);
#8601=DIRECTION('',(0.8823598428012587,0.4705752945191002,0));
#8602=DIRECTION('',(0.29754001760707516,0.9547093473525757,0));
#8603=DIRECTION('',(-0.38706405390626003,-0.9220528282987108,0));
#8604=FACE_SURFACE('',(#8609),#8605,.T.);
#8605=PLANE('',#8606);
#8606=AXIS2_PLACEMENT_3D('',#452,#8607,#8608);
#8607=DIRECTION('',(0,0,1));
#8608=DIRECTION('',(-0.46152931370870315,-0.8871249588347594,0));
#8609=FACE_BOUND('',#8610,.T.);
#8610=EDGE_LOOP('',(#8611,#8612,#8613));
#8611=ORIENTED_EDGE('',*,*,#8614,.T.);
#8612=ORIENTED_EDGE('',*,*,#8615,.T.);
#8613=ORIENTED_EDGE('',*,*,#8616,.T.);
#8614=EDGE_CURVE('',#453,#37,#8617,.F.);
#8615=EDGE_CURVE('',#37,#441,#8618,.T.);
#8616=EDGE_CURVE('',#441,#453,#8619,.T.);
#8617=LINE('',#452,#8620);
#8618=LINE('',#36,#8621);
#8619=LINE('',#440,#8622);
#8620=VECTOR('',#8623,1.0);
#8621=VECTOR('',#8624,1.0);
#8622=VECTOR('',#8625,1.0);
#8623=DIRECTION('',(-0.46152931370870315,-0.8871249588347594,0));
#8624=DIRECTION('',(0.6325302627813951,0.774535645832843,0));
#8625=DIRECTION('',(0.43930866376749517,0.8983361831401526,0));
#8626=FACE_SURFACE('',(#8631),#8627,.T.);
#8627=PLANE('',#8628);
#8628=AXIS2_PLACEMENT_3D('',#440,#8629,#8630);
#8629=DIRECTION('',(0,0,1));
#8630=DIRECTION('',(0.7745405712567573,0.632524231533667,0));
#8631=FACE_BOUND('',#8632,.T.);
#8632=EDGE_LOOP('',(#8633,#8634,#8635));
#8633=ORIENTED_EDGE('',*,*,#8636,.T.);
#8634=ORIENTED_EDGE('',*,*,#8637,.T.);
#8635=ORIENTED_EDGE('',*,*,#8638,.T.);
#8636=EDGE_CURVE('',#441,#439,#8639,.F.);
#8637=EDGE_CURVE('',#439,#453,#8640,.T.);
#8638=EDGE_CURVE('',#453,#441,#8641,.T.);
#8639=LINE('',#440,#8642);
#8640=LINE('',#438,#8643);
#8641=LINE('',#452,#8644);
#8642=VECTOR('',#8645,1.0);
#8643=VECTOR('',#8646,1.0);
#8644=VECTOR('',#8647,1.0);
#8645=DIRECTION('',(0.7745405712567573,0.632524231533667,0));
#8646=DIRECTION('',(0.38706405390626003,0.9220528282987108,0));
#8647=DIRECTION('',(-0.43930866376749517,-0.8983361831401526,0));
#8648=FACE_SURFACE('',(#8653),#8649,.T.);
#8649=PLANE('',#8650);
#8650=AXIS2_PLACEMENT_3D('',#486,#8651,#8652);
#8651=DIRECTION('',(0,0,1));
#8652=DIRECTION('',(-0.9956428025561661,0.09324918079052044,0));
#8653=FACE_BOUND('',#8654,.T.);
#8654=EDGE_LOOP('',(#8655,#8656,#8657));
#8655=ORIENTED_EDGE('',*,*,#8658,.T.);
#8656=ORIENTED_EDGE('',*,*,#8659,.T.);
#8657=ORIENTED_EDGE('',*,*,#8660,.T.);
#8658=EDGE_CURVE('',#487,#491,#8661,.F.);
#8659=EDGE_CURVE('',#491,#537,#8662,.T.);
#8660=EDGE_CURVE('',#537,#487,#8663,.T.);
#8661=LINE('',#486,#8664);
#8662=LINE('',#490,#8665);
#8663=LINE('',#536,#8666);
#8664=VECTOR('',#8667,1.0);
#8665=VECTOR('',#8668,1.0);
#8666=VECTOR('',#8669,1.0);
#8667=DIRECTION('',(-0.9956428025561661,0.09324918079052044,0));
#8668=DIRECTION('',(-0.9956451306353091,-0.09322432001467398,0));
#8669=DIRECTION('',(0.9992502135775104,-0.03871705909931532,0));
#8670=FACE_SURFACE('',(#8675),#8671,.T.);
#8671=PLANE('',#8672);
#8672=AXIS2_PLACEMENT_3D('',#536,#8673,#8674);
#8673=DIRECTION('',(0,0,1));
#8674=DIRECTION('',(0.11586871707869024,-0.993264536970156,0));
#8675=FACE_BOUND('',#8676,.T.);
#8676=EDGE_LOOP('',(#8677,#8678,#8679));
#8677=ORIENTED_EDGE('',*,*,#8680,.T.);
#8678=ORIENTED_EDGE('',*,*,#8681,.T.);
#8679=ORIENTED_EDGE('',*,*,#8682,.T.);
#8680=EDGE_CURVE('',#537,#409,#8683,.F.);
#8681=EDGE_CURVE('',#409,#407,#8684,.T.);
#8682=EDGE_CURVE('',#407,#537,#8685,.T.);
#8683=LINE('',#536,#8686);
#8684=LINE('',#408,#8687);
#8685=LINE('',#406,#8688);
#8686=VECTOR('',#8689,1.0);
#8687=VECTOR('',#8690,1.0);
#8688=VECTOR('',#8691,1.0);
#8689=DIRECTION('',(0.11586871707869024,-0.993264536970156,0));
#8690=DIRECTION('',(0.9949712702566801,-0.10016072765215271,0));
#8691=DIRECTION('',(-0.28908278832160267,0.9573041008458114,0));
#8692=FACE_SURFACE('',(#8697),#8693,.T.);
#8693=PLANE('',#8694);
#8694=AXIS2_PLACEMENT_3D('',#536,#8695,#8696);
#8695=DIRECTION('',(0,0,1));
#8696=DIRECTION('',(0.28908278832160267,-0.9573041008458114,0));
#8697=FACE_BOUND('',#8698,.T.);
#8698=EDGE_LOOP('',(#8699,#8700,#8701));
#8699=ORIENTED_EDGE('',*,*,#8702,.T.);
#8700=ORIENTED_EDGE('',*,*,#8703,.T.);
#8701=ORIENTED_EDGE('',*,*,#8704,.T.);
#8702=EDGE_CURVE('',#537,#407,#8705,.F.);
#8703=EDGE_CURVE('',#407,#487,#8706,.T.);
#8704=EDGE_CURVE('',#487,#537,#8707,.T.);
#8705=LINE('',#536,#8708);
#8706=LINE('',#406,#8709);
#8707=LINE('',#486,#8710);
#8708=VECTOR('',#8711,1.0);
#8709=VECTOR('',#8712,1.0);
#8710=VECTOR('',#8713,1.0);
#8711=DIRECTION('',(0.28908278832160267,-0.9573041008458114,0));
#8712=DIRECTION('',(0.08939281277659472,0.9959964482988323,0));
#8713=DIRECTION('',(-0.9992502135775104,0.03871705909931532,0));
#8714=FACE_SURFACE('',(#8719),#8715,.T.);
#8715=PLANE('',#8716);
#8716=AXIS2_PLACEMENT_3D('',#386,#8717,#8718);
#8717=DIRECTION('',(0,0,1));
#8718=DIRECTION('',(-0.8821056914762238,0.4710515354664002,0));
#8719=FACE_BOUND('',#8720,.T.);
#8720=EDGE_LOOP('',(#8721,#8722,#8723));
#8721=ORIENTED_EDGE('',*,*,#8724,.T.);
#8722=ORIENTED_EDGE('',*,*,#8725,.T.);
#8723=ORIENTED_EDGE('',*,*,#8726,.T.);
#8724=EDGE_CURVE('',#387,#259,#8727,.F.);
#8725=EDGE_CURVE('',#259,#257,#8728,.T.);
#8726=EDGE_CURVE('',#257,#387,#8729,.T.);
#8727=LINE('',#386,#8730);
#8728=LINE('',#258,#8731);
#8729=LINE('',#256,#8732);
#8730=VECTOR('',#8733,1.0);
#8731=VECTOR('',#8734,1.0);
#8732=VECTOR('',#8735,1.0);
#8733=DIRECTION('',(-0.8821056914762238,0.4710515354664002,0));
#8734=DIRECTION('',(-0.955649529621486,0.2945063268152872,0));
#8735=DIRECTION('',(0.9230782848946348,-0.3846121162365785,0));
#8736=FACE_SURFACE('',(#8741),#8737,.T.);
#8737=PLANE('',#8738);
#8738=AXIS2_PLACEMENT_3D('',#256,#8739,#8740);
#8739=DIRECTION('',(0,0,1));
#8740=DIRECTION('',(-0.9956451306353091,0.09322432001467398,0));
#8741=FACE_BOUND('',#8742,.T.);
#8742=EDGE_LOOP('',(#8743,#8744,#8745));
#8743=ORIENTED_EDGE('',*,*,#8746,.T.);
#8744=ORIENTED_EDGE('',*,*,#8747,.T.);
#8745=ORIENTED_EDGE('',*,*,#8748,.T.);
#8746=EDGE_CURVE('',#257,#487,#8749,.F.);
#8747=EDGE_CURVE('',#487,#407,#8750,.T.);
#8748=EDGE_CURVE('',#407,#257,#8751,.T.);
#8749=LINE('',#256,#8752);
#8750=LINE('',#486,#8753);
#8751=LINE('',#406,#8754);
#8752=VECTOR('',#8755,1.0);
#8753=VECTOR('',#8756,1.0);
#8754=VECTOR('',#8757,1.0);
#8755=DIRECTION('',(-0.9956451306353091,0.09322432001467398,0));
#8756=DIRECTION('',(-0.08939281277659472,-0.9959964482988323,0));
#8757=DIRECTION('',(0.2038553115935315,0.9790010275454792,0));
#8758=FACE_SURFACE('',(#8763),#8759,.T.);
#8759=PLANE('',#8760);
#8760=AXIS2_PLACEMENT_3D('',#256,#8761,#8762);
#8761=DIRECTION('',(0,0,1));
#8762=DIRECTION('',(-0.2038553115935315,-0.9790010275454792,0));
#8763=FACE_BOUND('',#8764,.T.);
#8764=EDGE_LOOP('',(#8765,#8766,#8767));
#8765=ORIENTED_EDGE('',*,*,#8768,.T.);
#8766=ORIENTED_EDGE('',*,*,#8769,.T.);
#8767=ORIENTED_EDGE('',*,*,#8770,.T.);
#8768=EDGE_CURVE('',#257,#407,#8771,.F.);
#8769=EDGE_CURVE('',#407,#191,#8772,.T.);
#8770=EDGE_CURVE('',#191,#257,#8773,.T.);
#8771=LINE('',#256,#8774);
#8772=LINE('',#406,#8775);
#8773=LINE('',#190,#8776);
#8774=VECTOR('',#8777,1.0);
#8775=VECTOR('',#8778,1.0);
#8776=VECTOR('',#8779,1.0);
#8777=DIRECTION('',(-0.2038553115935315,-0.9790010275454792,0));
#8778=DIRECTION('',(0.9583557295448742,-0.28557712732029517,0));
#8779=DIRECTION('',(0.024098724629930242,0.9997095835647525,0));
#8780=FACE_SURFACE('',(#8785),#8781,.T.);
#8781=PLANE('',#8782);
#8782=AXIS2_PLACEMENT_3D('',#558,#8783,#8784);
#8783=DIRECTION('',(0,0,1));
#8784=DIRECTION('',(-0.7743545334490687,0.632751970780712,0));
#8785=FACE_BOUND('',#8786,.T.);
#8786=EDGE_LOOP('',(#8787,#8788,#8789));
#8787=ORIENTED_EDGE('',*,*,#8790,.T.);
#8788=ORIENTED_EDGE('',*,*,#8791,.T.);
#8789=ORIENTED_EDGE('',*,*,#8792,.T.);
#8790=EDGE_CURVE('',#559,#387,#8793,.F.);
#8791=EDGE_CURVE('',#387,#257,#8794,.T.);
#8792=EDGE_CURVE('',#257,#559,#8795,.T.);
#8793=LINE('',#558,#8796);
#8794=LINE('',#386,#8797);
#8795=LINE('',#256,#8798);
#8796=VECTOR('',#8799,1.0);
#8797=VECTOR('',#8800,1.0);
#8798=VECTOR('',#8801,1.0);
#8799=DIRECTION('',(-0.7743545334490687,0.632751970780712,0));
#8800=DIRECTION('',(-0.9230782848946348,0.3846121162365785,0));
#8801=DIRECTION('',(0.8817051923214253,-0.4718007564994342,0));
#8802=FACE_SURFACE('',(#8807),#8803,.T.);
#8803=PLANE('',#8804);
#8804=AXIS2_PLACEMENT_3D('',#426,#8805,#8806);
#8805=DIRECTION('',(0,0,1));
#8806=DIRECTION('',(-0.47105391338069325,0.8821044216467426,0));
#8807=FACE_BOUND('',#8808,.T.);
#8808=EDGE_LOOP('',(#8809,#8810,#8811));
#8809=ORIENTED_EDGE('',*,*,#8812,.T.);
#8810=ORIENTED_EDGE('',*,*,#8813,.T.);
#8811=ORIENTED_EDGE('',*,*,#8814,.T.);
#8812=EDGE_CURVE('',#427,#425,#8815,.F.);
#8813=EDGE_CURVE('',#425,#559,#8816,.T.);
#8814=EDGE_CURVE('',#559,#427,#8817,.T.);
#8815=LINE('',#426,#8818);
#8816=LINE('',#424,#8819);
#8817=LINE('',#558,#8820);
#8818=VECTOR('',#8821,1.0);
#8819=VECTOR('',#8822,1.0);
#8820=VECTOR('',#8823,1.0);
#8821=DIRECTION('',(-0.47105391338069325,0.8821044216467426,0));
#8822=DIRECTION('',(-0.6363403717315208,0.7714084075926253,0));
#8823=DIRECTION('',(0.5564393353573155,-0.8308882392157858,0));
#8824=FACE_SURFACE('',(#8829),#8825,.T.);
#8825=PLANE('',#8826);
#8826=AXIS2_PLACEMENT_3D('',#334,#8827,#8828);
#8827=DIRECTION('',(0,0,1));
#8828=DIRECTION('',(-0.09921985724439329,0.9950655354942217,0));
#8829=FACE_BOUND('',#8830,.T.);
#8830=EDGE_LOOP('',(#8831,#8832,#8833));
#8831=ORIENTED_EDGE('',*,*,#8834,.T.);
#8832=ORIENTED_EDGE('',*,*,#8835,.T.);
#8833=ORIENTED_EDGE('',*,*,#8836,.T.);
#8834=EDGE_CURVE('',#335,#333,#8837,.F.);
#8835=EDGE_CURVE('',#333,#427,#8838,.T.);
#8836=EDGE_CURVE('',#427,#335,#8839,.T.);
#8837=LINE('',#334,#8840);
#8838=LINE('',#332,#8841);
#8839=LINE('',#426,#8842);
#8840=VECTOR('',#8843,1.0);
#8841=VECTOR('',#8844,1.0);
#8842=VECTOR('',#8845,1.0);
#8843=DIRECTION('',(-0.09921985724439329,0.9950655354942217,0));
#8844=DIRECTION('',(-0.2890057834214945,0.9573273510920537,0));
#8845=DIRECTION('',(0.19496078166571723,-0.9808110386880301,0));
#8846=FACE_SURFACE('',(#8851),#8847,.T.);
#8847=PLANE('',#8848);
#8848=AXIS2_PLACEMENT_3D('',#494,#8849,#8850);
#8849=DIRECTION('',(0,0,1));
#8850=DIRECTION('',(0.2890057834214945,0.9573273510920537,0));
#8851=FACE_BOUND('',#8852,.T.);
#8852=EDGE_LOOP('',(#8853,#8854,#8855));
#8853=ORIENTED_EDGE('',*,*,#8856,.T.);
#8854=ORIENTED_EDGE('',*,*,#8857,.T.);
#8855=ORIENTED_EDGE('',*,*,#8858,.T.);
#8856=EDGE_CURVE('',#495,#483,#8859,.F.);
#8857=EDGE_CURVE('',#483,#335,#8860,.T.);
#8858=EDGE_CURVE('',#335,#495,#8861,.T.);
#8859=LINE('',#494,#8862);
#8860=LINE('',#482,#8863);
#8861=LINE('',#334,#8864);
#8862=VECTOR('',#8865,1.0);
#8863=VECTOR('',#8866,1.0);
#8864=VECTOR('',#8867,1.0);
#8865=DIRECTION('',(0.2890057834214945,0.9573273510920537,0));
#8866=DIRECTION('',(0.09921985724439329,0.9950655354942217,0));
#8867=DIRECTION('',(-0.19496078166571723,-0.9808110386880301,0));
#8868=FACE_SURFACE('',(#8873),#8869,.T.);
#8869=PLANE('',#8870);
#8870=AXIS2_PLACEMENT_3D('',#346,#8871,#8872);
#8871=DIRECTION('',(0,0,1));
#8872=DIRECTION('',(0.6363403717315208,0.7714084075926253,0));
#8873=FACE_BOUND('',#8874,.T.);
#8874=EDGE_LOOP('',(#8875,#8876,#8877));
#8875=ORIENTED_EDGE('',*,*,#8878,.T.);
#8876=ORIENTED_EDGE('',*,*,#8879,.T.);
#8877=ORIENTED_EDGE('',*,*,#8880,.T.);
#8878=EDGE_CURVE('',#347,#345,#8881,.F.);
#8879=EDGE_CURVE('',#345,#495,#8882,.T.);
#8880=EDGE_CURVE('',#495,#347,#8883,.T.);
#8881=LINE('',#346,#8884);
#8882=LINE('',#344,#8885);
#8883=LINE('',#494,#8886);
#8884=VECTOR('',#8887,1.0);
#8885=VECTOR('',#8888,1.0);
#8886=VECTOR('',#8889,1.0);
#8887=DIRECTION('',(0.6363403717315208,0.7714084075926253,0));
#8888=DIRECTION('',(0.4710515354664002,0.8821056914762238,0));
#8889=DIRECTION('',(-0.5564380055574961,-0.830889129770751,0));
#8890=FACE_SURFACE('',(#8895),#8891,.T.);
#8891=PLANE('',#8892);
#8892=AXIS2_PLACEMENT_3D('',#370,#8893,#8894);
#8893=DIRECTION('',(0,0,1));
#8894=DIRECTION('',(0.8821056914762238,0.4710515354664002,0));
#8895=FACE_BOUND('',#8896,.T.);
#8896=EDGE_LOOP('',(#8897,#8898,#8899));
#8897=ORIENTED_EDGE('',*,*,#8900,.T.);
#8898=ORIENTED_EDGE('',*,*,#8901,.T.);
#8899=ORIENTED_EDGE('',*,*,#8902,.T.);
#8900=EDGE_CURVE('',#371,#443,#8903,.F.);
#8901=EDGE_CURVE('',#443,#347,#8904,.T.);
#8902=EDGE_CURVE('',#347,#371,#8905,.T.);
#8903=LINE('',#370,#8906);
#8904=LINE('',#442,#8907);
#8905=LINE('',#346,#8908);
#8906=VECTOR('',#8909,1.0);
#8907=VECTOR('',#8910,1.0);
#8908=VECTOR('',#8911,1.0);
#8909=DIRECTION('',(0.8821056914762238,0.4710515354664002,0));
#8910=DIRECTION('',(0.7714064393587983,0.6363427577302821,0));
#8911=DIRECTION('',(-0.830887372812327,-0.5564406290890601,0));
#8912=FACE_SURFACE('',(#8917),#8913,.T.);
#8913=PLANE('',#8914);
#8914=AXIS2_PLACEMENT_3D('',#382,#8915,#8916);
#8915=DIRECTION('',(0,0,1));
#8916=DIRECTION('',(0.9950677996882918,0.0991971472548545,0));
#8917=FACE_BOUND('',#8918,.T.);
#8918=EDGE_LOOP('',(#8919,#8920,#8921));
#8919=ORIENTED_EDGE('',*,*,#8922,.T.);
#8920=ORIENTED_EDGE('',*,*,#8923,.T.);
#8921=ORIENTED_EDGE('',*,*,#8924,.T.);
#8922=EDGE_CURVE('',#383,#373,#8925,.F.);
#8923=EDGE_CURVE('',#373,#371,#8926,.T.);
#8924=EDGE_CURVE('',#371,#383,#8927,.T.);
#8925=LINE('',#382,#8928);
#8926=LINE('',#372,#8929);
#8927=LINE('',#370,#8930);
#8928=VECTOR('',#8931,1.0);
#8929=VECTOR('',#8932,1.0);
#8930=VECTOR('',#8933,1.0);
#8931=DIRECTION('',(0.9950677996882918,0.0991971472548545,0));
#8932=DIRECTION('',(0.9573273510920537,0.2890057834214945,0));
#8933=DIRECTION('',(-0.9808132433933893,-0.19494968987956912,0));
#8934=FACE_SURFACE('',(#8939),#8935,.T.);
#8935=PLANE('',#8936);
#8936=AXIS2_PLACEMENT_3D('',#276,#8937,#8938);
#8937=DIRECTION('',(0,0,1));
#8938=DIRECTION('',(0.9573273510920537,-0.2890057834214945,0));
#8939=FACE_BOUND('',#8940,.T.);
#8940=EDGE_LOOP('',(#8941,#8942,#8943));
#8941=ORIENTED_EDGE('',*,*,#8944,.T.);
#8942=ORIENTED_EDGE('',*,*,#8945,.T.);
#8943=ORIENTED_EDGE('',*,*,#8946,.T.);
#8944=EDGE_CURVE('',#277,#275,#8947,.F.);
#8945=EDGE_CURVE('',#275,#383,#8948,.T.);
#8946=EDGE_CURVE('',#383,#277,#8949,.T.);
#8947=LINE('',#276,#8950);
#8948=LINE('',#274,#8951);
#8949=LINE('',#382,#8952);
#8950=VECTOR('',#8953,1.0);
#8951=VECTOR('',#8954,1.0);
#8952=VECTOR('',#8955,1.0);
#8953=DIRECTION('',(0.9573273510920537,-0.2890057834214945,0));
#8954=DIRECTION('',(0.9950675739910229,-0.09919941124633906,0));
#8955=DIRECTION('',(-0.9808128051828949,0.19495189455160628,0));
#8956=FACE_SURFACE('',(#8961),#8957,.T.);
#8957=PLANE('',#8958);
#8958=AXIS2_PLACEMENT_3D('',#434,#8959,#8960);
#8959=DIRECTION('',(0,0,1));
#8960=DIRECTION('',(0.7713971662034602,-0.636353998944983,0));
#8961=FACE_BOUND('',#8962,.T.);
#8962=EDGE_LOOP('',(#8963,#8964,#8965));
#8963=ORIENTED_EDGE('',*,*,#8966,.T.);
#8964=ORIENTED_EDGE('',*,*,#8967,.T.);
#8965=ORIENTED_EDGE('',*,*,#8968,.T.);
#8966=EDGE_CURVE('',#435,#389,#8969,.F.);
#8967=EDGE_CURVE('',#389,#277,#8970,.T.);
#8968=EDGE_CURVE('',#277,#435,#8971,.T.);
#8969=LINE('',#434,#8972);
#8970=LINE('',#388,#8973);
#8971=LINE('',#276,#8974);
#8972=VECTOR('',#8975,1.0);
#8973=VECTOR('',#8976,1.0);
#8974=VECTOR('',#8977,1.0);
#8975=DIRECTION('',(0.7713971662034602,-0.636353998944983,0));
#8976=DIRECTION('',(0.8821107706018471,-0.47104202401507184,0));
#8977=DIRECTION('',(-0.830887372812327,0.5564406290890601,0));
#8978=FACE_SURFACE('',(#8983),#8979,.T.);
#8979=PLANE('',#8980);
#8980=AXIS2_PLACEMENT_3D('',#288,#8981,#8982);
#8981=DIRECTION('',(0,0,1));
#8982=DIRECTION('',(0.4710515354664002,-0.8821056914762238,0));
#8983=FACE_BOUND('',#8984,.T.);
#8984=EDGE_LOOP('',(#8985,#8986,#8987));
#8985=ORIENTED_EDGE('',*,*,#8988,.T.);
#8986=ORIENTED_EDGE('',*,*,#8989,.T.);
#8987=ORIENTED_EDGE('',*,*,#8990,.T.);
#8988=EDGE_CURVE('',#289,#573,#8991,.F.);
#8989=EDGE_CURVE('',#573,#435,#8992,.T.);
#8990=EDGE_CURVE('',#435,#289,#8993,.T.);
#8991=LINE('',#288,#8994);
#8992=LINE('',#572,#8995);
#8993=LINE('',#434,#8996);
#8994=VECTOR('',#8997,1.0);
#8995=VECTOR('',#8998,1.0);
#8996=VECTOR('',#8999,1.0);
#8997=DIRECTION('',(0.4710515354664002,-0.8821056914762238,0));
#8998=DIRECTION('',(0.6327494501107578,-0.7743565931691508,0));
#8999=DIRECTION('',(-0.554351760179381,0.8322824796822422,0));
#9000=FACE_SURFACE('',(#9005),#9001,.T.);
#9001=PLANE('',#9002);
#9002=AXIS2_PLACEMENT_3D('',#216,#9003,#9004);
#9003=DIRECTION('',(0,0,1));
#9004=DIRECTION('',(0.0932646413381185,-0.995641354442488,0));
#9005=FACE_BOUND('',#9006,.T.);
#9006=EDGE_LOOP('',(#9007,#9008,#9009));
#9007=ORIENTED_EDGE('',*,*,#9010,.T.);
#9008=ORIENTED_EDGE('',*,*,#9011,.T.);
#9009=ORIENTED_EDGE('',*,*,#9012,.T.);
#9010=EDGE_CURVE('',#217,#215,#9013,.F.);
#9011=EDGE_CURVE('',#215,#289,#9014,.T.);
#9012=EDGE_CURVE('',#289,#217,#9015,.T.);
#9013=LINE('',#216,#9016);
#9014=LINE('',#214,#9017);
#9015=LINE('',#288,#9018);
#9016=VECTOR('',#9019,1.0);
#9017=VECTOR('',#9020,1.0);
#9018=VECTOR('',#9021,1.0);
#9019=DIRECTION('',(0.0932646413381185,-0.995641354442488,0));
#9020=DIRECTION('',(0.2945063268152872,-0.955649529621486,0));
#9021=DIRECTION('',(-0.19496078166571723,0.9808110386880301,0));
#9022=FACE_SURFACE('',(#9027),#9023,.T.);
#9023=PLANE('',#9024);
#9024=AXIS2_PLACEMENT_3D('',#262,#9025,#9026);
#9025=DIRECTION('',(0,0,1));
#9026=DIRECTION('',(-0.2945063268152872,-0.955649529621486,0));
#9027=FACE_BOUND('',#9028,.T.);
#9028=EDGE_LOOP('',(#9029,#9030,#9031));
#9029=ORIENTED_EDGE('',*,*,#9032,.T.);
#9030=ORIENTED_EDGE('',*,*,#9033,.T.);
#9031=ORIENTED_EDGE('',*,*,#9034,.T.);
#9032=EDGE_CURVE('',#263,#261,#9035,.F.);
#9033=EDGE_CURVE('',#261,#217,#9036,.T.);
#9034=EDGE_CURVE('',#217,#263,#9037,.T.);
#9035=LINE('',#262,#9038);
#9036=LINE('',#260,#9039);
#9037=LINE('',#216,#9040);
#9038=VECTOR('',#9041,1.0);
#9039=VECTOR('',#9042,1.0);
#9040=VECTOR('',#9043,1.0);
#9041=DIRECTION('',(-0.2945063268152872,-0.955649529621486,0));
#9042=DIRECTION('',(-0.0932646413381185,-0.995641354442488,0));
#9043=DIRECTION('',(0.19496078166571723,0.9808110386880301,0));
#9044=FACE_SURFACE('',(#9049),#9045,.T.);
#9045=PLANE('',#9046);
#9046=AXIS2_PLACEMENT_3D('',#460,#9047,#9048);
#9047=DIRECTION('',(0,0,1));
#9048=DIRECTION('',(-0.6327494501107578,-0.7743565931691508,0));
#9049=FACE_BOUND('',#9050,.T.);
#9050=EDGE_LOOP('',(#9051,#9052,#9053));
#9051=ORIENTED_EDGE('',*,*,#9054,.T.);
#9052=ORIENTED_EDGE('',*,*,#9055,.T.);
#9053=ORIENTED_EDGE('',*,*,#9056,.T.);
#9054=EDGE_CURVE('',#461,#499,#9057,.F.);
#9055=EDGE_CURVE('',#499,#263,#9058,.T.);
#9056=EDGE_CURVE('',#263,#461,#9059,.T.);
#9057=LINE('',#460,#9060);
#9058=LINE('',#498,#9061);
#9059=LINE('',#262,#9062);
#9060=VECTOR('',#9063,1.0);
#9061=VECTOR('',#9064,1.0);
#9062=VECTOR('',#9065,1.0);
#9063=DIRECTION('',(-0.6327494501107578,-0.7743565931691508,0));
#9064=DIRECTION('',(-0.47105391338069325,-0.8821044216467426,0));
#9065=DIRECTION('',(0.5543530894404047,0.8322815943104104,0));
#9066=FACE_SURFACE('',(#9071),#9067,.T.);
#9067=PLANE('',#9068);
#9068=AXIS2_PLACEMENT_3D('',#296,#9069,#9070);
#9069=DIRECTION('',(0,0,1));
#9070=DIRECTION('',(-0.8821107706018471,-0.47104202401507184,0));
#9071=FACE_BOUND('',#9072,.T.);
#9072=EDGE_LOOP('',(#9073,#9074,#9075));
#9073=ORIENTED_EDGE('',*,*,#9076,.T.);
#9074=ORIENTED_EDGE('',*,*,#9077,.T.);
#9075=ORIENTED_EDGE('',*,*,#9078,.T.);
#9076=EDGE_CURVE('',#297,#379,#9079,.F.);
#9077=EDGE_CURVE('',#379,#461,#9080,.T.);
#9078=EDGE_CURVE('',#461,#297,#9081,.T.);
#9079=LINE('',#296,#9082);
#9080=LINE('',#378,#9083);
#9081=LINE('',#460,#9084);
#9082=VECTOR('',#9085,1.0);
#9083=VECTOR('',#9086,1.0);
#9084=VECTOR('',#9087,1.0);
#9085=DIRECTION('',(-0.8821107706018471,-0.47104202401507184,0));
#9086=DIRECTION('',(-0.7743453296101351,-0.6327632341650165,0));
#9087=DIRECTION('',(0.832280704146762,0.5543544258910267,0));
#9088=FACE_SURFACE('',(#9093),#9089,.T.);
#9089=PLANE('',#9090);
#9090=AXIS2_PLACEMENT_3D('',#536,#9091,#9092);
#9091=DIRECTION('',(0,0,1));
#9092=DIRECTION('',(-0.9956425202166285,-0.09325219534510033,0));
#9093=FACE_BOUND('',#9094,.T.);
#9094=EDGE_LOOP('',(#9095,#9096,#9097));
#9095=ORIENTED_EDGE('',*,*,#9098,.T.);
#9096=ORIENTED_EDGE('',*,*,#9099,.T.);
#9097=ORIENTED_EDGE('',*,*,#9100,.T.);
#9098=EDGE_CURVE('',#537,#299,#9101,.F.);
#9099=EDGE_CURVE('',#299,#297,#9102,.T.);
#9100=EDGE_CURVE('',#297,#537,#9103,.T.);
#9101=LINE('',#536,#9104);
#9102=LINE('',#298,#9105);
#9103=LINE('',#296,#9106);
#9104=VECTOR('',#9107,1.0);
#9105=VECTOR('',#9108,1.0);
#9106=VECTOR('',#9109,1.0);
#9107=DIRECTION('',(-0.9956425202166285,-0.09325219534510033,0));
#9108=DIRECTION('',(-0.955649529621486,-0.2945063268152872,0));
#9109=DIRECTION('',(0.9772048819215594,0.2122984190913145,0));
#9110=FACE_SURFACE('',(#9115),#9111,.T.);
#9111=PLANE('',#9112);
#9112=AXIS2_PLACEMENT_3D('',#358,#9113,#9114);
#9113=DIRECTION('',(0,0,1));
#9114=DIRECTION('',(0.9949707912761347,0.1001654856092769,0));
#9115=FACE_BOUND('',#9116,.T.);
#9116=EDGE_LOOP('',(#9117,#9118,#9119));
#9117=ORIENTED_EDGE('',*,*,#9120,.T.);
#9118=ORIENTED_EDGE('',*,*,#9121,.T.);
#9119=ORIENTED_EDGE('',*,*,#9122,.T.);
#9120=EDGE_CURVE('',#359,#409,#9123,.F.);
#9121=EDGE_CURVE('',#409,#537,#9124,.T.);
#9122=EDGE_CURVE('',#537,#359,#9125,.T.);
#9123=LINE('',#358,#9126);
#9124=LINE('',#408,#9127);
#9125=LINE('',#536,#9128);
#9126=VECTOR('',#9129,1.0);
#9127=VECTOR('',#9130,1.0);
#9128=VECTOR('',#9131,1.0);
#9129=DIRECTION('',(0.9949707912761347,0.1001654856092769,0));
#9130=DIRECTION('',(-0.11586871707869024,0.993264536970156,0));
#9131=DIRECTION('',(-0.07286808911610726,-0.9973415872150159,0));
#9132=FACE_SURFACE('',(#9137),#9133,.T.);
#9133=PLANE('',#9134);
#9134=AXIS2_PLACEMENT_3D('',#282,#9135,#9136);
#9135=DIRECTION('',(0,0,1));
#9136=DIRECTION('',(0.9583557295448742,0.28557712732029517,0));
#9137=FACE_BOUND('',#9138,.T.);
#9138=EDGE_LOOP('',(#9139,#9140,#9141));
#9139=ORIENTED_EDGE('',*,*,#9142,.T.);
#9140=ORIENTED_EDGE('',*,*,#9143,.T.);
#9141=ORIENTED_EDGE('',*,*,#9144,.T.);
#9142=EDGE_CURVE('',#283,#359,#9145,.F.);
#9143=EDGE_CURVE('',#359,#537,#9146,.T.);
#9144=EDGE_CURVE('',#537,#283,#9147,.T.);
#9145=LINE('',#282,#9148);
#9146=LINE('',#358,#9149);
#9147=LINE('',#536,#9150);
#9148=VECTOR('',#9151,1.0);
#9149=VECTOR('',#9152,1.0);
#9150=VECTOR('',#9153,1.0);
#9151=DIRECTION('',(0.9583557295448742,0.28557712732029517,0));
#9152=DIRECTION('',(0.07286808911610726,0.9973415872150159,0));
#9153=DIRECTION('',(-0.2319850356141156,-0.972719354824976,0));
#9154=FACE_SURFACE('',(#9159),#9155,.T.);
#9155=PLANE('',#9156);
#9156=AXIS2_PLACEMENT_3D('',#536,#9157,#9158);
#9157=DIRECTION('',(0,0,1));
#9158=DIRECTION('',(-0.9772048819215594,-0.2122984190913145,0));
#9159=FACE_BOUND('',#9160,.T.);
#9160=EDGE_LOOP('',(#9161,#9162,#9163));
#9161=ORIENTED_EDGE('',*,*,#9164,.T.);
#9162=ORIENTED_EDGE('',*,*,#9165,.T.);
#9163=ORIENTED_EDGE('',*,*,#9166,.T.);
#9164=EDGE_CURVE('',#537,#297,#9167,.F.);
#9165=EDGE_CURVE('',#297,#461,#9168,.T.);
#9166=EDGE_CURVE('',#461,#537,#9169,.T.);
#9167=LINE('',#536,#9170);
#9168=LINE('',#296,#9171);
#9169=LINE('',#460,#9172);
#9170=VECTOR('',#9173,1.0);
#9171=VECTOR('',#9174,1.0);
#9172=VECTOR('',#9175,1.0);
#9173=DIRECTION('',(-0.9772048819215594,-0.2122984190913145,0));
#9174=DIRECTION('',(-0.832280704146762,-0.5543544258910267,0));
#9175=DIRECTION('',(0.9148198984958634,0.4038620473825415,0));
#9176=FACE_SURFACE('',(#9181),#9177,.T.);
#9177=PLANE('',#9178);
#9178=AXIS2_PLACEMENT_3D('',#460,#9179,#9180);
#9179=DIRECTION('',(0,0,1));
#9180=DIRECTION('',(-0.5543530894404047,-0.8322815943104104,0));
#9181=FACE_BOUND('',#9182,.T.);
#9182=EDGE_LOOP('',(#9183,#9184,#9185));
#9183=ORIENTED_EDGE('',*,*,#9186,.T.);
#9184=ORIENTED_EDGE('',*,*,#9187,.T.);
#9185=ORIENTED_EDGE('',*,*,#9188,.T.);
#9186=EDGE_CURVE('',#461,#263,#9189,.F.);
#9187=EDGE_CURVE('',#263,#217,#9190,.T.);
#9188=EDGE_CURVE('',#217,#461,#9191,.T.);
#9189=LINE('',#460,#9192);
#9190=LINE('',#262,#9193);
#9191=LINE('',#216,#9194);
#9192=VECTOR('',#9195,1.0);
#9193=VECTOR('',#9196,1.0);
#9194=VECTOR('',#9197,1.0);
#9195=DIRECTION('',(-0.5543530894404047,-0.8322815943104104,0));
#9196=DIRECTION('',(-0.19496078166571723,-0.9808110386880301,0));
#9197=DIRECTION('',(0.38199177048356336,0.9241657250097693,0));
#9198=FACE_SURFACE('',(#9203),#9199,.T.);
#9199=PLANE('',#9200);
#9200=AXIS2_PLACEMENT_3D('',#216,#9201,#9202);
#9201=DIRECTION('',(0,0,1));
#9202=DIRECTION('',(0.19496078166571723,-0.9808110386880301,0));
#9203=FACE_BOUND('',#9204,.T.);
#9204=EDGE_LOOP('',(#9205,#9206,#9207));
#9205=ORIENTED_EDGE('',*,*,#9208,.T.);
#9206=ORIENTED_EDGE('',*,*,#9209,.T.);
#9207=ORIENTED_EDGE('',*,*,#9210,.T.);
#9208=EDGE_CURVE('',#217,#289,#9211,.F.);
#9209=EDGE_CURVE('',#289,#435,#9212,.T.);
#9210=EDGE_CURVE('',#435,#217,#9213,.T.);
#9211=LINE('',#216,#9214);
#9212=LINE('',#288,#9215);
#9213=LINE('',#434,#9216);
#9214=VECTOR('',#9217,1.0);
#9215=VECTOR('',#9218,1.0);
#9216=VECTOR('',#9219,1.0);
#9217=DIRECTION('',(0.19496078166571723,-0.9808110386880301,0));
#9218=DIRECTION('',(0.554351760179381,-0.8322824796822422,0));
#9219=DIRECTION('',(-0.3819912519178319,0.9241659393519367,0));
#9220=FACE_SURFACE('',(#9225),#9221,.T.);
#9221=PLANE('',#9222);
#9222=AXIS2_PLACEMENT_3D('',#434,#9223,#9224);
#9223=DIRECTION('',(0,0,1));
#9224=DIRECTION('',(0.830887372812327,-0.5564406290890601,0));
#9225=FACE_BOUND('',#9226,.T.);
#9226=EDGE_LOOP('',(#9227,#9228,#9229));
#9227=ORIENTED_EDGE('',*,*,#9230,.T.);
#9228=ORIENTED_EDGE('',*,*,#9231,.T.);
#9229=ORIENTED_EDGE('',*,*,#9232,.T.);
#9230=EDGE_CURVE('',#435,#277,#9233,.F.);
#9231=EDGE_CURVE('',#277,#383,#9234,.T.);
#9232=EDGE_CURVE('',#383,#435,#9235,.T.);
#9233=LINE('',#434,#9236);
#9234=LINE('',#276,#9237);
#9235=LINE('',#382,#9238);
#9236=VECTOR('',#9239,1.0);
#9237=VECTOR('',#9240,1.0);
#9238=VECTOR('',#9241,1.0);
#9239=DIRECTION('',(0.830887372812327,-0.5564406290890601,0));
#9240=DIRECTION('',(0.9808128051828949,-0.19495189455160628,0));
#9241=DIRECTION('',(-0.9236218689001274,0.3833048959893882,0));
#9242=FACE_SURFACE('',(#9247),#9243,.T.);
#9243=PLANE('',#9244);
#9244=AXIS2_PLACEMENT_3D('',#382,#9245,#9246);
#9245=DIRECTION('',(0,0,1));
#9246=DIRECTION('',(0.9808132433933893,0.19494968987956912,0));
#9247=FACE_BOUND('',#9248,.T.);
#9248=EDGE_LOOP('',(#9249,#9250,#9251));
#9249=ORIENTED_EDGE('',*,*,#9252,.T.);
#9250=ORIENTED_EDGE('',*,*,#9253,.T.);
#9251=ORIENTED_EDGE('',*,*,#9254,.T.);
#9252=EDGE_CURVE('',#383,#371,#9255,.F.);
#9253=EDGE_CURVE('',#371,#347,#9256,.T.);
#9254=EDGE_CURVE('',#347,#383,#9257,.T.);
#9255=LINE('',#382,#9258);
#9256=LINE('',#370,#9259);
#9257=LINE('',#346,#9260);
#9258=VECTOR('',#9261,1.0);
#9259=VECTOR('',#9262,1.0);
#9260=VECTOR('',#9263,1.0);
#9261=DIRECTION('',(0.9808132433933893,0.19494968987956912,0));
#9262=DIRECTION('',(0.830887372812327,0.5564406290890601,0));
#9263=DIRECTION('',(-0.9236227316588116,-0.38330281705606484,0));
#9264=FACE_SURFACE('',(#9269),#9265,.T.);
#9265=PLANE('',#9266);
#9266=AXIS2_PLACEMENT_3D('',#346,#9267,#9268);
#9267=DIRECTION('',(0,0,1));
#9268=DIRECTION('',(0.5564380055574961,0.830889129770751,0));
#9269=FACE_BOUND('',#9270,.T.);
#9270=EDGE_LOOP('',(#9271,#9272,#9273));
#9271=ORIENTED_EDGE('',*,*,#9274,.T.);
#9272=ORIENTED_EDGE('',*,*,#9275,.T.);
#9273=ORIENTED_EDGE('',*,*,#9276,.T.);
#9274=EDGE_CURVE('',#347,#495,#9277,.F.);
#9275=EDGE_CURVE('',#495,#335,#9278,.T.);
#9276=EDGE_CURVE('',#335,#347,#9279,.T.);
#9277=LINE('',#346,#9280);
#9278=LINE('',#494,#9281);
#9279=LINE('',#334,#9282);
#9280=VECTOR('',#9283,1.0);
#9281=VECTOR('',#9284,1.0);
#9282=VECTOR('',#9285,1.0);
#9283=DIRECTION('',(0.5564380055574961,0.830889129770751,0));
#9284=DIRECTION('',(0.19496078166571723,0.9808110386880301,0));
#9285=DIRECTION('',(-0.3833048959893882,-0.9236218689001274,0));
#9286=FACE_SURFACE('',(#9291),#9287,.T.);
#9287=PLANE('',#9288);
#9288=AXIS2_PLACEMENT_3D('',#334,#9289,#9290);
#9289=DIRECTION('',(0,0,1));
#9290=DIRECTION('',(-0.19496078166571723,0.9808110386880301,0));
#9291=FACE_BOUND('',#9292,.T.);
#9292=EDGE_LOOP('',(#9293,#9294,#9295));
#9293=ORIENTED_EDGE('',*,*,#9296,.T.);
#9294=ORIENTED_EDGE('',*,*,#9297,.T.);
#9295=ORIENTED_EDGE('',*,*,#9298,.T.);
#9296=EDGE_CURVE('',#335,#427,#9299,.F.);
#9297=EDGE_CURVE('',#427,#559,#9300,.T.);
#9298=EDGE_CURVE('',#559,#335,#9301,.T.);
#9299=LINE('',#334,#9302);
#9300=LINE('',#426,#9303);
#9301=LINE('',#558,#9304);
#9302=VECTOR('',#9305,1.0);
#9303=VECTOR('',#9306,1.0);
#9304=VECTOR('',#9307,1.0);
#9305=DIRECTION('',(-0.19496078166571723,0.9808110386880301,0));
#9306=DIRECTION('',(-0.5564393353573155,0.8308882392157858,0));
#9307=DIRECTION('',(0.3833054157259393,-0.923621653208263,0));
#9308=FACE_SURFACE('',(#9313),#9309,.T.);
#9309=PLANE('',#9310);
#9310=AXIS2_PLACEMENT_3D('',#558,#9311,#9312);
#9311=DIRECTION('',(0,0,1));
#9312=DIRECTION('',(-0.8817051923214253,0.4718007564994342,0));
#9313=FACE_BOUND('',#9314,.T.);
#9314=EDGE_LOOP('',(#9315,#9316,#9317));
#9315=ORIENTED_EDGE('',*,*,#9318,.T.);
#9316=ORIENTED_EDGE('',*,*,#9319,.T.);
#9317=ORIENTED_EDGE('',*,*,#9320,.T.);
#9318=EDGE_CURVE('',#559,#257,#9321,.F.);
#9319=EDGE_CURVE('',#257,#191,#9322,.T.);
#9320=EDGE_CURVE('',#191,#559,#9323,.T.);
#9321=LINE('',#558,#9324);
#9322=LINE('',#256,#9325);
#9323=LINE('',#190,#9326);
#9324=VECTOR('',#9327,1.0);
#9325=VECTOR('',#9328,1.0);
#9326=VECTOR('',#9329,1.0);
#9327=DIRECTION('',(-0.8817051923214253,0.4718007564994342,0));
#9328=DIRECTION('',(-0.024098724629930242,-0.9997095835647525,0));
#9329=DIRECTION('',(0.9098068165808274,0.41503199455350515,0));
#9330=FACE_SURFACE('',(#9335),#9331,.T.);
#9331=PLANE('',#9332);
#9332=AXIS2_PLACEMENT_3D('',#558,#9333,#9334);
#9333=DIRECTION('',(0,0,1));
#9334=DIRECTION('',(-0.9098068165808274,-0.41503199455350515,0));
#9335=FACE_BOUND('',#9336,.T.);
#9336=EDGE_LOOP('',(#9337,#9338,#9339));
#9337=ORIENTED_EDGE('',*,*,#9340,.T.);
#9338=ORIENTED_EDGE('',*,*,#9341,.T.);
#9339=ORIENTED_EDGE('',*,*,#9342,.T.);
#9340=EDGE_CURVE('',#559,#191,#9343,.F.);
#9341=EDGE_CURVE('',#191,#189,#9344,.T.);
#9342=EDGE_CURVE('',#189,#559,#9345,.T.);
#9343=LINE('',#558,#9346);
#9344=LINE('',#190,#9347);
#9345=LINE('',#188,#9348);
#9346=VECTOR('',#9349,1.0);
#9347=VECTOR('',#9350,1.0);
#9348=VECTOR('',#9351,1.0);
#9349=DIRECTION('',(-0.9098068165808274,-0.41503199455350515,0));
#9350=DIRECTION('',(0.885467402174501,-0.46470149524866,0));
#9351=DIRECTION('',(0.8419479442627368,0.5395587633907465,0));
#9352=FACE_SURFACE('',(#9357),#9353,.T.);
#9353=PLANE('',#9354);
#9354=AXIS2_PLACEMENT_3D('',#346,#9355,#9356);
#9355=DIRECTION('',(0,0,1));
#9356=DIRECTION('',(0.3833048959893882,0.9236218689001274,0));
#9357=FACE_BOUND('',#9358,.T.);
#9358=EDGE_LOOP('',(#9359,#9360,#9361));
#9359=ORIENTED_EDGE('',*,*,#9362,.T.);
#9360=ORIENTED_EDGE('',*,*,#9363,.T.);
#9361=ORIENTED_EDGE('',*,*,#9364,.T.);
#9362=EDGE_CURVE('',#347,#335,#9365,.F.);
#9363=EDGE_CURVE('',#335,#559,#9366,.T.);
#9364=EDGE_CURVE('',#559,#347,#9367,.T.);
#9365=LINE('',#346,#9368);
#9366=LINE('',#334,#9369);
#9367=LINE('',#558,#9370);
#9368=VECTOR('',#9371,1.0);
#9369=VECTOR('',#9372,1.0);
#9370=VECTOR('',#9373,1.0);
#9371=DIRECTION('',(0.3833048959893882,0.9236218689001274,0));
#9372=DIRECTION('',(-0.3833054157259393,0.923621653208263,0));
#9373=DIRECTION('',(0,-1,0));
#9374=FACE_SURFACE('',(#9379),#9375,.T.);
#9375=PLANE('',#9376);
#9376=AXIS2_PLACEMENT_3D('',#434,#9377,#9378);
#9377=DIRECTION('',(-0,0,1));
#9378=DIRECTION('',(0.9236218689001274,-0.3833048959893882,0));
#9379=FACE_BOUND('',#9380,.T.);
#9380=EDGE_LOOP('',(#9381,#9382,#9383));
#9381=ORIENTED_EDGE('',*,*,#9384,.T.);
#9382=ORIENTED_EDGE('',*,*,#9385,.T.);
#9383=ORIENTED_EDGE('',*,*,#9386,.T.);
#9384=EDGE_CURVE('',#435,#383,#9387,.F.);
#9385=EDGE_CURVE('',#383,#347,#9388,.T.);
#9386=EDGE_CURVE('',#347,#435,#9389,.T.);
#9387=LINE('',#434,#9390);
#9388=LINE('',#382,#9391);
#9389=LINE('',#346,#9392);
#9390=VECTOR('',#9393,1.0);
#9391=VECTOR('',#9394,1.0);
#9392=VECTOR('',#9395,1.0);
#9393=DIRECTION('',(0.9236218689001274,-0.3833048959893882,0));
#9394=DIRECTION('',(0.9236227316588116,0.38330281705606484,0));
#9395=DIRECTION('',(-1,0,0));
#9396=FACE_SURFACE('',(#9401),#9397,.T.);
#9397=PLANE('',#9398);
#9398=AXIS2_PLACEMENT_3D('',#460,#9399,#9400);
#9399=DIRECTION('',(0,0,1));
#9400=DIRECTION('',(-0.38199177048356336,-0.9241657250097693,0));
#9401=FACE_BOUND('',#9402,.T.);
#9402=EDGE_LOOP('',(#9403,#9404,#9405));
#9403=ORIENTED_EDGE('',*,*,#9406,.T.);
#9404=ORIENTED_EDGE('',*,*,#9407,.T.);
#9405=ORIENTED_EDGE('',*,*,#9408,.T.);
#9406=EDGE_CURVE('',#461,#217,#9409,.F.);
#9407=EDGE_CURVE('',#217,#435,#9410,.T.);
#9408=EDGE_CURVE('',#435,#461,#9411,.T.);
#9409=LINE('',#460,#9412);
#9410=LINE('',#216,#9413);
#9411=LINE('',#434,#9414);
#9412=VECTOR('',#9415,1.0);
#9413=VECTOR('',#9416,1.0);
#9414=VECTOR('',#9417,1.0);
#9415=DIRECTION('',(-0.38199177048356336,-0.9241657250097693,0));
#9416=DIRECTION('',(0.3819912519178319,-0.9241659393519367,0));
#9417=DIRECTION('',(0,1,0));
#9418=FACE_SURFACE('',(#9423),#9419,.T.);
#9419=PLANE('',#9420);
#9420=AXIS2_PLACEMENT_3D('',#282,#9421,#9422);
#9421=DIRECTION('',(0,-0,1));
#9422=DIRECTION('',(0.2319850356141156,0.972719354824976,0));
#9423=FACE_BOUND('',#9424,.T.);
#9424=EDGE_LOOP('',(#9425,#9426,#9427));
#9425=ORIENTED_EDGE('',*,*,#9428,.T.);
#9426=ORIENTED_EDGE('',*,*,#9429,.T.);
#9427=ORIENTED_EDGE('',*,*,#9430,.T.);
#9428=EDGE_CURVE('',#283,#537,#9431,.F.);
#9429=EDGE_CURVE('',#537,#461,#9432,.T.);
#9430=EDGE_CURVE('',#461,#283,#9433,.T.);
#9431=LINE('',#282,#9434);
#9432=LINE('',#536,#9435);
#9433=LINE('',#460,#9436);
#9434=VECTOR('',#9437,1.0);
#9435=VECTOR('',#9438,1.0);
#9436=VECTOR('',#9439,1.0);
#9437=DIRECTION('',(0.2319850356141156,0.972719354824976,0));
#9438=DIRECTION('',(-0.9148198984958634,-0.4038620473825415,0));
#9439=DIRECTION('',(0.9098068165808274,-0.41503199455350515,0));
#9440=FACE_SURFACE('',(#9445),#9441,.T.);
#9441=PLANE('',#9442);
#9442=AXIS2_PLACEMENT_3D('',#196,#9443,#9444);
#9443=DIRECTION('',(0,-0,1));
#9444=DIRECTION('',(0.885467402174501,0.46470149524866,0));
#9445=FACE_BOUND('',#9446,.T.);
#9446=EDGE_LOOP('',(#9447,#9448,#9449));
#9447=ORIENTED_EDGE('',*,*,#9450,.T.);
#9448=ORIENTED_EDGE('',*,*,#9451,.T.);
#9449=ORIENTED_EDGE('',*,*,#9452,.T.);
#9450=EDGE_CURVE('',#197,#283,#9453,.F.);
#9451=EDGE_CURVE('',#283,#461,#9454,.T.);
#9452=EDGE_CURVE('',#461,#197,#9455,.T.);
#9453=LINE('',#196,#9456);
#9454=LINE('',#282,#9457);
#9455=LINE('',#460,#9458);
#9456=VECTOR('',#9459,1.0);
#9457=VECTOR('',#9460,1.0);
#9458=VECTOR('',#9461,1.0);
#9459=DIRECTION('',(0.885467402174501,0.46470149524866,0));
#9460=DIRECTION('',(-0.9098068165808274,0.41503199455350515,0));
#9461=DIRECTION('',(0.8419479442627368,-0.5395587633907465,0));
#9462=FACE_SURFACE('',(#9467),#9463,.T.);
#9463=PLANE('',#9464);
#9464=AXIS2_PLACEMENT_3D('',#558,#9465,#9466);
#9465=DIRECTION('',(0,0,1));
#9466=DIRECTION('',(-0.8419479442627368,-0.5395587633907465,0));
#9467=FACE_BOUND('',#9468,.T.);
#9468=EDGE_LOOP('',(#9469,#9470,#9471));
#9469=ORIENTED_EDGE('',*,*,#9472,.T.);
#9470=ORIENTED_EDGE('',*,*,#9473,.T.);
#9471=ORIENTED_EDGE('',*,*,#9474,.T.);
#9472=EDGE_CURVE('',#559,#189,#9475,.F.);
#9473=EDGE_CURVE('',#189,#187,#9476,.T.);
#9474=EDGE_CURVE('',#187,#559,#9477,.T.);
#9475=LINE('',#558,#9478);
#9476=LINE('',#188,#9479);
#9477=LINE('',#186,#9480);
#9478=VECTOR('',#9481,1.0);
#9479=VECTOR('',#9482,1.0);
#9480=VECTOR('',#9483,1.0);
#9481=DIRECTION('',(-0.8419479442627368,-0.5395587633907465,0));
#9482=DIRECTION('',(0.7722990751710697,-0.6352591113001925,0));
#9483=DIRECTION('',(0.7318387019119906,0.6814778898715442,0));
#9484=FACE_SURFACE('',(#9489),#9485,.T.);
#9485=PLANE('',#9486);
#9486=AXIS2_PLACEMENT_3D('',#558,#9487,#9488);
#9487=DIRECTION('',(0,0,1));
#9488=DIRECTION('',(-0.7318387019119906,-0.6814778898715442,0));
#9489=FACE_BOUND('',#9490,.T.);
#9490=EDGE_LOOP('',(#9491,#9492,#9493));
#9491=ORIENTED_EDGE('',*,*,#9494,.T.);
#9492=ORIENTED_EDGE('',*,*,#9495,.T.);
#9493=ORIENTED_EDGE('',*,*,#9496,.T.);
#9494=EDGE_CURVE('',#559,#187,#9497,.F.);
#9495=EDGE_CURVE('',#187,#471,#9498,.T.);
#9496=EDGE_CURVE('',#471,#559,#9499,.T.);
#9497=LINE('',#558,#9500);
#9498=LINE('',#186,#9501);
#9499=LINE('',#470,#9502);
#9500=VECTOR('',#9503,1.0);
#9501=VECTOR('',#9504,1.0);
#9502=VECTOR('',#9505,1.0);
#9503=DIRECTION('',(-0.7318387019119906,-0.6814778898715442,0));
#9504=DIRECTION('',(0.6339170472877248,-0.7734010454854663,0));
#9505=DIRECTION('',(0.5978164992152881,0.8016329791531642,0));
#9506=FACE_SURFACE('',(#9511),#9507,.T.);
#9507=PLANE('',#9508);
#9508=AXIS2_PLACEMENT_3D('',#198,#9509,#9510);
#9509=DIRECTION('',(0,-0,1));
#9510=DIRECTION('',(0.7672017771116484,0.6414058256647881,0));
#9511=FACE_BOUND('',#9512,.T.);
#9512=EDGE_LOOP('',(#9513,#9514,#9515));
#9513=ORIENTED_EDGE('',*,*,#9516,.T.);
#9514=ORIENTED_EDGE('',*,*,#9517,.T.);
#9515=ORIENTED_EDGE('',*,*,#9518,.T.);
#9516=EDGE_CURVE('',#199,#197,#9519,.F.);
#9517=EDGE_CURVE('',#197,#461,#9520,.T.);
#9518=EDGE_CURVE('',#461,#199,#9521,.T.);
#9519=LINE('',#198,#9522);
#9520=LINE('',#196,#9523);
#9521=LINE('',#460,#9524);
#9522=VECTOR('',#9525,1.0);
#9523=VECTOR('',#9526,1.0);
#9524=VECTOR('',#9527,1.0);
#9525=DIRECTION('',(0.7672017771116484,0.6414058256647881,0));
#9526=DIRECTION('',(-0.8419479442627368,0.5395587633907465,0));
#9527=DIRECTION('',(0.7329229157429111,-0.6803116929605941,0));
#9528=FACE_SURFACE('',(#9533),#9529,.T.);
#9529=PLANE('',#9530);
#9530=AXIS2_PLACEMENT_3D('',#328,#9531,#9532);
#9531=DIRECTION('',(0,-0,1));
#9532=DIRECTION('',(0.6414058256647881,0.7672017771116484,0));
#9533=FACE_BOUND('',#9534,.T.);
#9534=EDGE_LOOP('',(#9535,#9536,#9537));
#9535=ORIENTED_EDGE('',*,*,#9538,.T.);
#9536=ORIENTED_EDGE('',*,*,#9539,.T.);
#9537=ORIENTED_EDGE('',*,*,#9540,.T.);
#9538=EDGE_CURVE('',#329,#199,#9541,.F.);
#9539=EDGE_CURVE('',#199,#461,#9542,.T.);
#9540=EDGE_CURVE('',#461,#329,#9543,.T.);
#9541=LINE('',#328,#9544);
#9542=LINE('',#198,#9545);
#9543=LINE('',#460,#9546);
#9544=VECTOR('',#9547,1.0);
#9545=VECTOR('',#9548,1.0);
#9546=VECTOR('',#9549,1.0);
#9547=DIRECTION('',(0.6414058256647881,0.7672017771116484,0));
#9548=DIRECTION('',(-0.7329229157429111,0.6803116929605941,0));
#9549=DIRECTION('',(0.5978164992152881,-0.8016329791531642,0));
#9550=FACE_SURFACE('',(#9555),#9551,.T.);
#9551=PLANE('',#9552);
#9552=AXIS2_PLACEMENT_3D('',#558,#9553,#9554);
#9553=DIRECTION('',(0,0,1));
#9554=DIRECTION('',(-0.5978164992152881,-0.8016329791531642,0));
#9555=FACE_BOUND('',#9556,.T.);
#9556=EDGE_LOOP('',(#9557,#9558,#9559));
#9557=ORIENTED_EDGE('',*,*,#9560,.T.);
#9558=ORIENTED_EDGE('',*,*,#9561,.T.);
#9559=ORIENTED_EDGE('',*,*,#9562,.T.);
#9560=EDGE_CURVE('',#559,#471,#9563,.F.);
#9561=EDGE_CURVE('',#471,#543,#9564,.T.);
#9562=EDGE_CURVE('',#543,#559,#9565,.T.);
#9563=LINE('',#558,#9566);
#9564=LINE('',#470,#9567);
#9565=LINE('',#542,#9568);
#9566=VECTOR('',#9569,1.0);
#9567=VECTOR('',#9570,1.0);
#9568=VECTOR('',#9571,1.0);
#9569=DIRECTION('',(-0.5978164992152881,-0.8016329791531642,0));
#9570=DIRECTION('',(0.46470149524866,-0.885467402174501,0));
#9571=DIRECTION('',(0.47086603593330484,0.8822047246554825,0));
#9572=FACE_SURFACE('',(#9577),#9573,.T.);
#9573=PLANE('',#9574);
#9574=AXIS2_PLACEMENT_3D('',#558,#9575,#9576);
#9575=DIRECTION('',(0,0,1));
#9576=DIRECTION('',(-0.47086603593330484,-0.8822047246554825,0));
#9577=FACE_BOUND('',#9578,.T.);
#9578=EDGE_LOOP('',(#9579,#9580,#9581));
#9579=ORIENTED_EDGE('',*,*,#9582,.T.);
#9580=ORIENTED_EDGE('',*,*,#9583,.T.);
#9581=ORIENTED_EDGE('',*,*,#9584,.T.);
#9582=EDGE_CURVE('',#559,#543,#9585,.F.);
#9583=EDGE_CURVE('',#543,#307,#9586,.T.);
#9584=EDGE_CURVE('',#307,#559,#9587,.T.);
#9585=LINE('',#558,#9588);
#9586=LINE('',#542,#9589);
#9587=LINE('',#306,#9590);
#9588=VECTOR('',#9591,1.0);
#9589=VECTOR('',#9592,1.0);
#9590=VECTOR('',#9593,1.0);
#9591=DIRECTION('',(-0.47086603593330484,-0.8822047246554825,0));
#9592=DIRECTION('',(0.2936738276304885,-0.9559056872750878,0));
#9593=DIRECTION('',(0.37523294962811565,0.9269305440610877,0));
#9594=FACE_SURFACE('',(#9599),#9595,.T.);
#9595=PLANE('',#9596);
#9596=AXIS2_PLACEMENT_3D('',#326,#9597,#9598);
#9597=DIRECTION('',(0,-0,1));
#9598=DIRECTION('',(0.4647390597615198,0.8854476869538812,0));
#9599=FACE_BOUND('',#9600,.T.);
#9600=EDGE_LOOP('',(#9601,#9602,#9603));
#9601=ORIENTED_EDGE('',*,*,#9604,.T.);
#9602=ORIENTED_EDGE('',*,*,#9605,.T.);
#9603=ORIENTED_EDGE('',*,*,#9606,.T.);
#9604=EDGE_CURVE('',#327,#329,#9607,.F.);
#9605=EDGE_CURVE('',#329,#461,#9608,.T.);
#9606=EDGE_CURVE('',#461,#327,#9609,.T.);
#9607=LINE('',#326,#9610);
#9608=LINE('',#328,#9611);
#9609=LINE('',#460,#9612);
#9610=VECTOR('',#9613,1.0);
#9611=VECTOR('',#9614,1.0);
#9612=VECTOR('',#9615,1.0);
#9613=DIRECTION('',(0.4647390597615198,0.8854476869538812,0));
#9614=DIRECTION('',(-0.5978164992152881,0.8016329791531642,0));
#9615=DIRECTION('',(0.4708598365538435,-0.8822080334708405,0));
#9616=FACE_SURFACE('',(#9621),#9617,.T.);
#9617=PLANE('',#9618);
#9618=AXIS2_PLACEMENT_3D('',#534,#9619,#9620);
#9619=DIRECTION('',(0,-0,1));
#9620=DIRECTION('',(0.29363027110339907,0.9559190676473319,0));
#9621=FACE_BOUND('',#9622,.T.);
#9622=EDGE_LOOP('',(#9623,#9624,#9625));
#9623=ORIENTED_EDGE('',*,*,#9626,.T.);
#9624=ORIENTED_EDGE('',*,*,#9627,.T.);
#9625=ORIENTED_EDGE('',*,*,#9628,.T.);
#9626=EDGE_CURVE('',#535,#327,#9629,.F.);
#9627=EDGE_CURVE('',#327,#461,#9630,.T.);
#9628=EDGE_CURVE('',#461,#535,#9631,.T.);
#9629=LINE('',#534,#9632);
#9630=LINE('',#326,#9633);
#9631=LINE('',#460,#9634);
#9632=VECTOR('',#9635,1.0);
#9633=VECTOR('',#9636,1.0);
#9634=VECTOR('',#9637,1.0);
#9635=DIRECTION('',(0.29363027110339907,0.9559190676473319,0));
#9636=DIRECTION('',(-0.4708598365538435,0.8822080334708405,0));
#9637=DIRECTION('',(0.37523294962811565,-0.9269305440610877,0));
#9638=FACE_SURFACE('',(#9643),#9639,.T.);
#9639=PLANE('',#9640);
#9640=AXIS2_PLACEMENT_3D('',#346,#9641,#9642);
#9641=DIRECTION('',(0,-0,1));
#9642=DIRECTION('',(0,1,0));
#9643=FACE_BOUND('',#9644,.T.);
#9644=EDGE_LOOP('',(#9645,#9646,#9647));
#9645=ORIENTED_EDGE('',*,*,#9648,.T.);
#9646=ORIENTED_EDGE('',*,*,#9649,.T.);
#9647=ORIENTED_EDGE('',*,*,#9650,.T.);
#9648=EDGE_CURVE('',#347,#559,#9651,.F.);
#9649=EDGE_CURVE('',#559,#307,#9652,.T.);
#9650=EDGE_CURVE('',#307,#347,#9653,.T.);
#9651=LINE('',#346,#9654);
#9652=LINE('',#558,#9655);
#9653=LINE('',#306,#9656);
#9654=VECTOR('',#9657,1.0);
#9655=VECTOR('',#9658,1.0);
#9656=VECTOR('',#9659,1.0);
#9657=DIRECTION('',(0,1,0));
#9658=DIRECTION('',(-0.37523294962811565,-0.9269305440610877,0));
#9659=DIRECTION('',(0.2768924446570273,-0.9609009179368365,0));
#9660=FACE_SURFACE('',(#9665),#9661,.T.);
#9661=PLANE('',#9662);
#9662=AXIS2_PLACEMENT_3D('',#346,#9663,#9664);
#9663=DIRECTION('',(0,0,1));
#9664=DIRECTION('',(-0.2768924446570273,0.9609009179368365,0));
#9665=FACE_BOUND('',#9666,.T.);
#9666=EDGE_LOOP('',(#9667,#9668,#9669));
#9667=ORIENTED_EDGE('',*,*,#9670,.T.);
#9668=ORIENTED_EDGE('',*,*,#9671,.T.);
#9669=ORIENTED_EDGE('',*,*,#9672,.T.);
#9670=EDGE_CURVE('',#347,#307,#9673,.F.);
#9671=EDGE_CURVE('',#307,#309,#9674,.T.);
#9672=EDGE_CURVE('',#309,#347,#9675,.T.);
#9673=LINE('',#346,#9676);
#9674=LINE('',#306,#9677);
#9675=LINE('',#308,#9678);
#9676=VECTOR('',#9679,1.0);
#9677=VECTOR('',#9680,1.0);
#9678=VECTOR('',#9681,1.0);
#9679=DIRECTION('',(-0.2768924446570273,0.9609009179368365,0));
#9680=DIRECTION('',(0.10137503500316813,-0.9948482810349055,0));
#9681=DIRECTION('',(0.29753403177150006,-0.9547112128480506,0));
#9682=FACE_SURFACE('',(#9687),#9683,.T.);
#9683=PLANE('',#9684);
#9684=AXIS2_PLACEMENT_3D('',#534,#9685,#9686);
#9685=DIRECTION('',(0,0,1));
#9686=DIRECTION('',(-0.37523294962811565,0.9269305440610877,0));
#9687=FACE_BOUND('',#9688,.T.);
#9688=EDGE_LOOP('',(#9689,#9690,#9691));
#9689=ORIENTED_EDGE('',*,*,#9692,.T.);
#9690=ORIENTED_EDGE('',*,*,#9693,.T.);
#9691=ORIENTED_EDGE('',*,*,#9694,.T.);
#9692=EDGE_CURVE('',#535,#461,#9695,.F.);
#9693=EDGE_CURVE('',#461,#435,#9696,.T.);
#9694=EDGE_CURVE('',#435,#535,#9697,.T.);
#9695=LINE('',#534,#9698);
#9696=LINE('',#460,#9699);
#9697=LINE('',#434,#9700);
#9698=VECTOR('',#9701,1.0);
#9699=VECTOR('',#9702,1.0);
#9700=VECTOR('',#9703,1.0);
#9701=DIRECTION('',(-0.37523294962811565,0.9269305440610877,0));
#9702=DIRECTION('',(0,-1,0));
#9703=DIRECTION('',(0.2768924446570273,0.9609009179368365,0));
#9704=FACE_SURFACE('',(#9709),#9705,.T.);
#9705=PLANE('',#9706);
#9706=AXIS2_PLACEMENT_3D('',#510,#9707,#9708);
#9707=DIRECTION('',(0,-0,1));
#9708=DIRECTION('',(0.10137503500316813,0.9948482810349055,0));
#9709=FACE_BOUND('',#9710,.T.);
#9710=EDGE_LOOP('',(#9711,#9712,#9713));
#9711=ORIENTED_EDGE('',*,*,#9714,.T.);
#9712=ORIENTED_EDGE('',*,*,#9715,.T.);
#9713=ORIENTED_EDGE('',*,*,#9716,.T.);
#9714=EDGE_CURVE('',#511,#535,#9717,.F.);
#9715=EDGE_CURVE('',#535,#435,#9718,.T.);
#9716=EDGE_CURVE('',#435,#511,#9719,.T.);
#9717=LINE('',#510,#9720);
#9718=LINE('',#534,#9721);
#9719=LINE('',#434,#9722);
#9720=VECTOR('',#9723,1.0);
#9721=VECTOR('',#9724,1.0);
#9722=VECTOR('',#9725,1.0);
#9723=DIRECTION('',(0.10137503500316813,0.9948482810349055,0));
#9724=DIRECTION('',(-0.2768924446570273,-0.9609009179368365,0));
#9725=DIRECTION('',(0.29753403177150006,0.9547112128480506,0));
#9726=FACE_SURFACE('',(#9731),#9727,.T.);
#9727=PLANE('',#9728);
#9728=AXIS2_PLACEMENT_3D('',#346,#9729,#9730);
#9729=DIRECTION('',(0,0,1));
#9730=DIRECTION('',(-0.29753403177150006,0.9547112128480506,0));
#9731=FACE_BOUND('',#9732,.T.);
#9732=EDGE_LOOP('',(#9733,#9734,#9735));
#9733=ORIENTED_EDGE('',*,*,#9736,.T.);
#9734=ORIENTED_EDGE('',*,*,#9737,.T.);
#9735=ORIENTED_EDGE('',*,*,#9738,.T.);
#9736=EDGE_CURVE('',#347,#309,#9739,.F.);
#9737=EDGE_CURVE('',#309,#67,#9740,.T.);
#9738=EDGE_CURVE('',#67,#347,#9741,.T.);
#9739=LINE('',#346,#9742);
#9740=LINE('',#308,#9743);
#9741=LINE('',#66,#9744);
#9742=VECTOR('',#9745,1.0);
#9743=VECTOR('',#9746,1.0);
#9744=VECTOR('',#9747,1.0);
#9745=DIRECTION('',(-0.29753403177150006,0.9547112128480506,0));
#9746=DIRECTION('',(-0.10011822096484103,-0.9949755483582676,0));
#9747=DIRECTION('',(0.34866309698941594,-0.9372481233898253,0));
#9748=FACE_SURFACE('',(#9753),#9749,.T.);
#9749=PLANE('',#9750);
#9750=AXIS2_PLACEMENT_3D('',#346,#9751,#9752);
#9751=DIRECTION('',(0,0,1));
#9752=DIRECTION('',(-0.34866309698941594,0.9372481233898253,0));
#9753=FACE_BOUND('',#9754,.T.);
#9754=EDGE_LOOP('',(#9755,#9756,#9757));
#9755=ORIENTED_EDGE('',*,*,#9758,.T.);
#9756=ORIENTED_EDGE('',*,*,#9759,.T.);
#9757=ORIENTED_EDGE('',*,*,#9760,.T.);
#9758=EDGE_CURVE('',#347,#67,#9761,.F.);
#9759=EDGE_CURVE('',#67,#73,#9762,.T.);
#9760=EDGE_CURVE('',#73,#347,#9763,.T.);
#9761=LINE('',#346,#9764);
#9762=LINE('',#66,#9765);
#9763=LINE('',#72,#9766);
#9764=VECTOR('',#9767,1.0);
#9765=VECTOR('',#9768,1.0);
#9766=VECTOR('',#9769,1.0);
#9767=DIRECTION('',(-0.34866309698941594,0.9372481233898253,0));
#9768=DIRECTION('',(-0.2936738276304885,-0.9559056872750878,0));
#9769=DIRECTION('',(0.43521143099754034,-0.9003282792010219,0));
#9770=FACE_SURFACE('',(#9775),#9771,.T.);
#9771=PLANE('',#9772);
#9772=AXIS2_PLACEMENT_3D('',#468,#9773,#9774);
#9773=DIRECTION('',(0,0,1));
#9774=DIRECTION('',(-0.10011822096484103,0.9949755483582676,0));
#9775=FACE_BOUND('',#9776,.T.);
#9776=EDGE_LOOP('',(#9777,#9778,#9779));
#9777=ORIENTED_EDGE('',*,*,#9780,.T.);
#9778=ORIENTED_EDGE('',*,*,#9781,.T.);
#9779=ORIENTED_EDGE('',*,*,#9782,.T.);
#9780=EDGE_CURVE('',#469,#511,#9783,.F.);
#9781=EDGE_CURVE('',#511,#435,#9784,.T.);
#9782=EDGE_CURVE('',#435,#469,#9785,.T.);
#9783=LINE('',#468,#9786);
#9784=LINE('',#510,#9787);
#9785=LINE('',#434,#9788);
#9786=VECTOR('',#9789,1.0);
#9787=VECTOR('',#9790,1.0);
#9788=VECTOR('',#9791,1.0);
#9789=DIRECTION('',(-0.10011822096484103,0.9949755483582676,0));
#9790=DIRECTION('',(-0.29753403177150006,-0.9547112128480506,0));
#9791=DIRECTION('',(0.34866309698941594,0.9372481233898253,0));
#9792=FACE_SURFACE('',(#9797),#9793,.T.);
#9793=PLANE('',#9794);
#9794=AXIS2_PLACEMENT_3D('',#466,#9795,#9796);
#9795=DIRECTION('',(0,0,1));
#9796=DIRECTION('',(-0.29363027110339907,0.9559190676473319,0));
#9797=FACE_BOUND('',#9798,.T.);
#9798=EDGE_LOOP('',(#9799,#9800,#9801));
#9799=ORIENTED_EDGE('',*,*,#9802,.T.);
#9800=ORIENTED_EDGE('',*,*,#9803,.T.);
#9801=ORIENTED_EDGE('',*,*,#9804,.T.);
#9802=EDGE_CURVE('',#467,#469,#9805,.F.);
#9803=EDGE_CURVE('',#469,#435,#9806,.T.);
#9804=EDGE_CURVE('',#435,#467,#9807,.T.);
#9805=LINE('',#466,#9808);
#9806=LINE('',#468,#9809);
#9807=LINE('',#434,#9810);
#9808=VECTOR('',#9811,1.0);
#9809=VECTOR('',#9812,1.0);
#9810=VECTOR('',#9813,1.0);
#9811=DIRECTION('',(-0.29363027110339907,0.9559190676473319,0));
#9812=DIRECTION('',(-0.34866309698941594,-0.9372481233898253,0));
#9813=DIRECTION('',(0.4352054632036323,0.9003311639600797,0));
#9814=FACE_SURFACE('',(#9819),#9815,.T.);
#9815=PLANE('',#9816);
#9816=AXIS2_PLACEMENT_3D('',#346,#9817,#9818);
#9817=DIRECTION('',(0,0,1));
#9818=DIRECTION('',(-0.43521143099754034,0.9003282792010219,0));
#9819=FACE_BOUND('',#9820,.T.);
#9820=EDGE_LOOP('',(#9821,#9822,#9823));
#9821=ORIENTED_EDGE('',*,*,#9824,.T.);
#9822=ORIENTED_EDGE('',*,*,#9825,.T.);
#9823=ORIENTED_EDGE('',*,*,#9826,.T.);
#9824=EDGE_CURVE('',#347,#73,#9827,.F.);
#9825=EDGE_CURVE('',#73,#203,#9828,.T.);
#9826=EDGE_CURVE('',#203,#347,#9829,.T.);
#9827=LINE('',#346,#9830);
#9828=LINE('',#72,#9831);
#9829=LINE('',#202,#9832);
#9830=VECTOR('',#9833,1.0);
#9831=VECTOR('',#9834,1.0);
#9832=VECTOR('',#9835,1.0);
#9833=DIRECTION('',(-0.43521143099754034,0.9003282792010219,0));
#9834=DIRECTION('',(-0.4699166724026878,-0.8827107799262367,0));
#9835=DIRECTION('',(0.5515462686784193,-0.8341443001704878,0));
#9836=FACE_SURFACE('',(#9841),#9837,.T.);
#9837=PLANE('',#9838);
#9838=AXIS2_PLACEMENT_3D('',#346,#9839,#9840);
#9839=DIRECTION('',(0,0,1));
#9840=DIRECTION('',(-0.5515462686784193,0.8341443001704878,0));
#9841=FACE_BOUND('',#9842,.T.);
#9842=EDGE_LOOP('',(#9843,#9844,#9845));
#9843=ORIENTED_EDGE('',*,*,#9846,.T.);
#9844=ORIENTED_EDGE('',*,*,#9847,.T.);
#9845=ORIENTED_EDGE('',*,*,#9848,.T.);
#9846=EDGE_CURVE('',#347,#203,#9849,.F.);
#9847=EDGE_CURVE('',#203,#553,#9850,.T.);
#9848=EDGE_CURVE('',#553,#347,#9851,.T.);
#9849=LINE('',#346,#9852);
#9850=LINE('',#202,#9853);
#9851=LINE('',#552,#9854);
#9852=VECTOR('',#9855,1.0);
#9853=VECTOR('',#9856,1.0);
#9854=VECTOR('',#9857,1.0);
#9855=DIRECTION('',(-0.5515462686784193,0.8341443001704878,0));
#9856=DIRECTION('',(-0.6308208970020709,-0.7759284734468137,0));
#9857=DIRECTION('',(0.6815809540729275,-0.7317427164277331,0));
#9858=FACE_SURFACE('',(#9863),#9859,.T.);
#9859=PLANE('',#9860);
#9860=AXIS2_PLACEMENT_3D('',#430,#9861,#9862);
#9861=DIRECTION('',(0,0,1));
#9862=DIRECTION('',(-0.4699544223129292,0.8826906824865214,0));
#9863=FACE_BOUND('',#9864,.T.);
#9864=EDGE_LOOP('',(#9865,#9866,#9867));
#9865=ORIENTED_EDGE('',*,*,#9868,.T.);
#9866=ORIENTED_EDGE('',*,*,#9869,.T.);
#9867=ORIENTED_EDGE('',*,*,#9870,.T.);
#9868=EDGE_CURVE('',#431,#467,#9871,.F.);
#9869=EDGE_CURVE('',#467,#435,#9872,.T.);
#9870=EDGE_CURVE('',#435,#431,#9873,.T.);
#9871=LINE('',#430,#9874);
#9872=LINE('',#466,#9875);
#9873=LINE('',#434,#9876);
#9874=VECTOR('',#9877,1.0);
#9875=VECTOR('',#9878,1.0);
#9876=VECTOR('',#9879,1.0);
#9877=DIRECTION('',(-0.4699544223129292,0.8826906824865214,0));
#9878=DIRECTION('',(-0.4352054632036323,-0.9003311639600797,0));
#9879=DIRECTION('',(0.5515462686784193,0.8341443001704878,0));
#9880=FACE_SURFACE('',(#9885),#9881,.T.);
#9881=PLANE('',#9882);
#9882=AXIS2_PLACEMENT_3D('',#232,#9883,#9884);
#9883=DIRECTION('',(0,0,1));
#9884=DIRECTION('',(-0.638322758993698,0.7697688324105317,0));
#9885=FACE_BOUND('',#9886,.T.);
#9886=EDGE_LOOP('',(#9887,#9888,#9889));
#9887=ORIENTED_EDGE('',*,*,#9890,.T.);
#9888=ORIENTED_EDGE('',*,*,#9891,.T.);
#9889=ORIENTED_EDGE('',*,*,#9892,.T.);
#9890=EDGE_CURVE('',#233,#431,#9893,.F.);
#9891=EDGE_CURVE('',#431,#435,#9894,.T.);
#9892=EDGE_CURVE('',#435,#233,#9895,.T.);
#9893=LINE('',#232,#9896);
#9894=LINE('',#430,#9897);
#9895=LINE('',#434,#9898);
#9896=VECTOR('',#9899,1.0);
#9897=VECTOR('',#9900,1.0);
#9898=VECTOR('',#9901,1.0);
#9899=DIRECTION('',(-0.638322758993698,0.7697688324105317,0));
#9900=DIRECTION('',(-0.5515462686784193,-0.8341443001704878,0));
#9901=DIRECTION('',(0.6827455573745946,0.7306562145669152,0));
#9902=FACE_SURFACE('',(#9907),#9903,.T.);
#9903=PLANE('',#9904);
#9904=AXIS2_PLACEMENT_3D('',#346,#9905,#9906);
#9905=DIRECTION('',(0,0,1));
#9906=DIRECTION('',(-0.6815809540729275,0.7317427164277331,0));
#9907=FACE_BOUND('',#9908,.T.);
#9908=EDGE_LOOP('',(#9909,#9910,#9911));
#9909=ORIENTED_EDGE('',*,*,#9912,.T.);
#9910=ORIENTED_EDGE('',*,*,#9913,.T.);
#9911=ORIENTED_EDGE('',*,*,#9914,.T.);
#9912=EDGE_CURVE('',#347,#553,#9915,.F.);
#9913=EDGE_CURVE('',#553,#193,#9916,.T.);
#9914=EDGE_CURVE('',#193,#347,#9917,.T.);
#9915=LINE('',#346,#9918);
#9916=LINE('',#552,#9919);
#9917=LINE('',#192,#9920);
#9918=VECTOR('',#9921,1.0);
#9919=VECTOR('',#9922,1.0);
#9920=VECTOR('',#9923,1.0);
#9921=DIRECTION('',(-0.6815809540729275,0.7317427164277331,0));
#9922=DIRECTION('',(-0.7784190790194558,-0.6277449620813392,0));
#9923=DIRECTION('',(0.795261726914081,-0.6062662663431254,0));
#9924=FACE_SURFACE('',(#9929),#9925,.T.);
#9925=PLANE('',#9926);
#9926=AXIS2_PLACEMENT_3D('',#346,#9927,#9928);
#9927=DIRECTION('',(0,0,1));
#9928=DIRECTION('',(-0.795261726914081,0.6062662663431254,0));
#9929=FACE_BOUND('',#9930,.T.);
#9930=EDGE_LOOP('',(#9931,#9932,#9933));
#9931=ORIENTED_EDGE('',*,*,#9934,.T.);
#9932=ORIENTED_EDGE('',*,*,#9935,.T.);
#9933=ORIENTED_EDGE('',*,*,#9936,.T.);
#9934=EDGE_CURVE('',#347,#193,#9937,.F.);
#9935=EDGE_CURVE('',#193,#195,#9938,.T.);
#9936=EDGE_CURVE('',#195,#347,#9939,.T.);
#9937=LINE('',#346,#9940);
#9938=LINE('',#192,#9941);
#9939=LINE('',#194,#9942);
#9940=VECTOR('',#9943,1.0);
#9941=VECTOR('',#9944,1.0);
#9942=VECTOR('',#9945,1.0);
#9943=DIRECTION('',(-0.795261726914081,0.6062662663431254,0));
#9944=DIRECTION('',(-0.8828589036792672,-0.4696383248780302,0));
#9945=DIRECTION('',(0.8735104821506039,-0.48680533848040286,0));
#9946=FACE_SURFACE('',(#9951),#9947,.T.);
#9947=PLANE('',#9948);
#9948=AXIS2_PLACEMENT_3D('',#230,#9949,#9950);
#9949=DIRECTION('',(0,0,1));
#9950=DIRECTION('',(-0.7734010454854663,0.6339170472877248,0));
#9951=FACE_BOUND('',#9952,.T.);
#9952=EDGE_LOOP('',(#9953,#9954,#9955));
#9953=ORIENTED_EDGE('',*,*,#9956,.T.);
#9954=ORIENTED_EDGE('',*,*,#9957,.T.);
#9955=ORIENTED_EDGE('',*,*,#9958,.T.);
#9956=EDGE_CURVE('',#231,#233,#9959,.F.);
#9957=EDGE_CURVE('',#233,#435,#9960,.T.);
#9958=EDGE_CURVE('',#435,#231,#9961,.T.);
#9959=LINE('',#230,#9962);
#9960=LINE('',#232,#9963);
#9961=LINE('',#434,#9964);
#9962=VECTOR('',#9965,1.0);
#9963=VECTOR('',#9966,1.0);
#9964=VECTOR('',#9967,1.0);
#9965=DIRECTION('',(-0.7734010454854663,0.6339170472877248,0));
#9966=DIRECTION('',(-0.6827455573745946,-0.7306562145669152,0));
#9967=DIRECTION('',(0.795261726914081,0.6062662663431254,0));
#9968=FACE_SURFACE('',(#9973),#9969,.T.);
#9969=PLANE('',#9970);
#9970=AXIS2_PLACEMENT_3D('',#300,#9971,#9972);
#9971=DIRECTION('',(0,0,1));
#9972=DIRECTION('',(-0.8828589036792672,0.4696383248780302,0));
#9973=FACE_BOUND('',#9974,.T.);
#9974=EDGE_LOOP('',(#9975,#9976,#9977));
#9975=ORIENTED_EDGE('',*,*,#9978,.T.);
#9976=ORIENTED_EDGE('',*,*,#9979,.T.);
#9977=ORIENTED_EDGE('',*,*,#9980,.T.);
#9978=EDGE_CURVE('',#301,#231,#9981,.F.);
#9979=EDGE_CURVE('',#231,#435,#9982,.T.);
#9980=EDGE_CURVE('',#435,#301,#9983,.T.);
#9981=LINE('',#300,#9984);
#9982=LINE('',#230,#9985);
#9983=LINE('',#434,#9986);
#9984=VECTOR('',#9987,1.0);
#9985=VECTOR('',#9988,1.0);
#9986=VECTOR('',#9989,1.0);
#9987=DIRECTION('',(-0.8828589036792672,0.4696383248780302,0));
#9988=DIRECTION('',(-0.795261726914081,-0.6062662663431254,0));
#9989=DIRECTION('',(0.8735104821506039,0.48680533848040286,0));
#9990=FACE_SURFACE('',(#9995),#9991,.T.);
#9991=PLANE('',#9992);
#9992=AXIS2_PLACEMENT_3D('',#434,#9993,#9994);
#9993=DIRECTION('',(0,0,1));
#9994=DIRECTION('',(1,0,0));
#9995=FACE_BOUND('',#9996,.T.);
#9996=EDGE_LOOP('',(#9997,#9998,#9999));
#9997=ORIENTED_EDGE('',*,*,#10000,.T.);
#9998=ORIENTED_EDGE('',*,*,#10001,.T.);
#9999=ORIENTED_EDGE('',*,*,#10002,.T.);
#10000=EDGE_CURVE('',#435,#347,#10003,.F.);
#10001=EDGE_CURVE('',#347,#195,#10004,.T.);
#10002=EDGE_CURVE('',#195,#435,#10005,.T.);
#10003=LINE('',#434,#10006);
#10004=LINE('',#346,#10007);
#10005=LINE('',#194,#10008);
#10006=VECTOR('',#10009,1.0);
#10007=VECTOR('',#10010,1.0);
#10008=VECTOR('',#10011,1.0);
#10009=DIRECTION('',(1,0,0));
#10010=DIRECTION('',(-0.8735104821506039,0.48680533848040286,0));
#10011=DIRECTION('',(-0.9500595449561802,-0.3120686800011431,0));
#10012=FACE_SURFACE('',(#10017),#10013,.T.);
#10013=PLANE('',#10014);
#10014=AXIS2_PLACEMENT_3D('',#434,#10015,#10016);
#10015=DIRECTION('',(0,0,1));
#10016=DIRECTION('',(0.9500595449561802,0.3120686800011431,0));
#10017=FACE_BOUND('',#10018,.T.);
#10018=EDGE_LOOP('',(#10019,#10020,#10021));
#10019=ORIENTED_EDGE('',*,*,#10022,.T.);
#10020=ORIENTED_EDGE('',*,*,#10023,.T.);
#10021=ORIENTED_EDGE('',*,*,#10024,.T.);
#10022=EDGE_CURVE('',#435,#195,#10025,.F.);
#10023=EDGE_CURVE('',#195,#51,#10026,.T.);
#10024=EDGE_CURVE('',#51,#435,#10027,.T.);
#10025=LINE('',#434,#10028);
#10026=LINE('',#194,#10029);
#10027=LINE('',#50,#10030);
#10028=VECTOR('',#10031,1.0);
#10029=VECTOR('',#10032,1.0);
#10030=VECTOR('',#10033,1.0);
#10031=DIRECTION('',(0.9500595449561802,0.3120686800011431,0));
#10032=DIRECTION('',(-0.9548227111597524,-0.29717602570453083,0));
#10033=DIRECTION('',(-0.9495189910006101,-0.31370955632429054,0));
#10034=FACE_SURFACE('',(#10039),#10035,.T.);
#10035=PLANE('',#10036);
#10036=AXIS2_PLACEMENT_3D('',#200,#10037,#10038);
#10037=DIRECTION('',(0,0,1));
#10038=DIRECTION('',(-0.9548227111597524,0.29717602570453083,0));
#10039=FACE_BOUND('',#10040,.T.);
#10040=EDGE_LOOP('',(#10041,#10042,#10043));
#10041=ORIENTED_EDGE('',*,*,#10044,.T.);
#10042=ORIENTED_EDGE('',*,*,#10045,.T.);
#10043=ORIENTED_EDGE('',*,*,#10046,.T.);
#10044=EDGE_CURVE('',#201,#301,#10047,.F.);
#10045=EDGE_CURVE('',#301,#435,#10048,.T.);
#10046=EDGE_CURVE('',#435,#201,#10049,.T.);
#10047=LINE('',#200,#10050);
#10048=LINE('',#300,#10051);
#10049=LINE('',#434,#10052);
#10050=VECTOR('',#10053,1.0);
#10051=VECTOR('',#10054,1.0);
#10052=VECTOR('',#10055,1.0);
#10053=DIRECTION('',(-0.9548227111597524,0.29717602570453083,0));
#10054=DIRECTION('',(-0.8735104821506039,-0.48680533848040286,0));
#10055=DIRECTION('',(0.9182309359803852,0.39604538655132177,0));
#10056=FACE_SURFACE('',(#10061),#10057,.T.);
#10057=PLANE('',#10058);
#10058=AXIS2_PLACEMENT_3D('',#434,#10059,#10060);
#10059=DIRECTION('',(0,0,1));
#10060=DIRECTION('',(0.9495189910006101,0.31370955632429054,0));
#10061=FACE_BOUND('',#10062,.T.);
#10062=EDGE_LOOP('',(#10063,#10064,#10065));
#10063=ORIENTED_EDGE('',*,*,#10066,.T.);
#10064=ORIENTED_EDGE('',*,*,#10067,.T.);
#10065=ORIENTED_EDGE('',*,*,#10068,.T.);
#10066=EDGE_CURVE('',#435,#51,#10069,.F.);
#10067=EDGE_CURVE('',#51,#57,#10070,.T.);
#10068=EDGE_CURVE('',#57,#435,#10071,.T.);
#10069=LINE('',#434,#10072);
#10070=LINE('',#50,#10073);
#10071=LINE('',#56,#10074);
#10072=VECTOR('',#10075,1.0);
#10073=VECTOR('',#10076,1.0);
#10074=VECTOR('',#10077,1.0);
#10075=DIRECTION('',(0.9495189910006101,0.31370955632429054,0));
#10076=DIRECTION('',(-0.9949760268891781,-0.10011346520736081,0));
#10077=DIRECTION('',(-0.9406374012764777,-0.3394131395804154,0));
#10078=FACE_SURFACE('',(#10083),#10079,.T.);
#10079=PLANE('',#10080);
#10080=AXIS2_PLACEMENT_3D('',#56,#10081,#10082);
#10081=DIRECTION('',(0,0,1));
#10082=DIRECTION('',(-0.9949755483582676,0.10011822096484103,0));
#10083=FACE_BOUND('',#10084,.T.);
#10084=EDGE_LOOP('',(#10085,#10086,#10087));
#10085=ORIENTED_EDGE('',*,*,#10088,.T.);
#10086=ORIENTED_EDGE('',*,*,#10089,.T.);
#10087=ORIENTED_EDGE('',*,*,#10090,.T.);
#10088=EDGE_CURVE('',#57,#201,#10091,.F.);
#10089=EDGE_CURVE('',#201,#435,#10092,.T.);
#10090=EDGE_CURVE('',#435,#57,#10093,.T.);
#10091=LINE('',#56,#10094);
#10092=LINE('',#200,#10095);
#10093=LINE('',#434,#10096);
#10094=VECTOR('',#10097,1.0);
#10095=VECTOR('',#10098,1.0);
#10096=VECTOR('',#10099,1.0);
#10097=DIRECTION('',(-0.9949755483582676,0.10011822096484103,0));
#10098=DIRECTION('',(-0.9182309359803852,-0.39604538655132177,0));
#10099=DIRECTION('',(0.9406374012764777,0.3394131395804154,0));
#10100=FACE_SURFACE('',(#10105),#10101,.T.);
#10101=PLANE('',#10102);
#10102=AXIS2_PLACEMENT_3D('',#504,#10103,#10104);
#10103=DIRECTION('',(0,0,1));
#10104=DIRECTION('',(0.8821107706018471,-0.47104202401507184,0));
#10105=FACE_BOUND('',#10106,.T.);
#10106=EDGE_LOOP('',(#10107,#10108,#10109));
#10107=ORIENTED_EDGE('',*,*,#10110,.T.);
#10108=ORIENTED_EDGE('',*,*,#10111,.T.);
#10109=ORIENTED_EDGE('',*,*,#10112,.T.);
#10110=EDGE_CURVE('',#505,#569,#10113,.F.);
#10111=EDGE_CURVE('',#569,#545,#10114,.T.);
#10112=EDGE_CURVE('',#545,#505,#10115,.T.);
#10113=LINE('',#504,#10116);
#10114=LINE('',#568,#10117);
#10115=LINE('',#544,#10118);
#10116=VECTOR('',#10119,1.0);
#10117=VECTOR('',#10120,1.0);
#10118=VECTOR('',#10121,1.0);
#10119=DIRECTION('',(0.8821107706018471,-0.47104202401507184,0));
#10120=DIRECTION('',(0.9573273510920537,-0.2890057834214945,0));
#10121=DIRECTION('',(-0.9241480075792513,0.3820346320522527,0));
#10122=FACE_SURFACE('',(#10127),#10123,.T.);
#10123=PLANE('',#10124);
#10124=AXIS2_PLACEMENT_3D('',#544,#10125,#10126);
#10125=DIRECTION('',(-0,0,1));
#10126=DIRECTION('',(0.9950664419060704,-0.09921076651449169,0));
#10127=FACE_BOUND('',#10128,.T.);
#10128=EDGE_LOOP('',(#10129,#10130,#10131));
#10129=ORIENTED_EDGE('',*,*,#10132,.T.);
#10130=ORIENTED_EDGE('',*,*,#10133,.T.);
#10131=ORIENTED_EDGE('',*,*,#10134,.T.);
#10132=EDGE_CURVE('',#545,#531,#10135,.F.);
#10133=EDGE_CURVE('',#531,#339,#10136,.T.);
#10134=EDGE_CURVE('',#339,#545,#10137,.T.);
#10135=LINE('',#544,#10138);
#10136=LINE('',#530,#10139);
#10137=LINE('',#338,#10140);
#10138=VECTOR('',#10141,1.0);
#10139=VECTOR('',#10142,1.0);
#10140=VECTOR('',#10143,1.0);
#10141=DIRECTION('',(0.9950664419060704,-0.09921076651449169,0));
#10142=DIRECTION('',(0.9950666676547564,0.09920850226900194,0));
#10143=DIRECTION('',(-1,0,0));
#10144=FACE_SURFACE('',(#10149),#10145,.T.);
#10145=PLANE('',#10146);
#10146=AXIS2_PLACEMENT_3D('',#338,#10147,#10148);
#10147=DIRECTION('',(0,0,1));
#10148=DIRECTION('',(0.9573273510920537,0.2890057834214945,0));
#10149=FACE_BOUND('',#10150,.T.);
#10150=EDGE_LOOP('',(#10151,#10152,#10153));
#10151=ORIENTED_EDGE('',*,*,#10154,.T.);
#10152=ORIENTED_EDGE('',*,*,#10155,.T.);
#10153=ORIENTED_EDGE('',*,*,#10156,.T.);
#10154=EDGE_CURVE('',#339,#227,#10157,.F.);
#10155=EDGE_CURVE('',#227,#225,#10158,.T.);
#10156=EDGE_CURVE('',#225,#339,#10159,.T.);
#10157=LINE('',#338,#10160);
#10158=LINE('',#226,#10161);
#10159=LINE('',#224,#10162);
#10160=VECTOR('',#10163,1.0);
#10161=VECTOR('',#10164,1.0);
#10162=VECTOR('',#10165,1.0);
#10163=DIRECTION('',(0.9573273510920537,0.2890057834214945,0));
#10164=DIRECTION('',(0.8821056914762238,0.4710515354664002,0));
#10165=DIRECTION('',(-0.9241463261154597,-0.38203869951524333,0));
#10166=FACE_SURFACE('',(#10171),#10167,.T.);
#10167=PLANE('',#10168);
#10168=AXIS2_PLACEMENT_3D('',#224,#10169,#10170);
#10169=DIRECTION('',(0,0,1));
#10170=DIRECTION('',(0.7714120599115037,0.636335944154572,0));
#10171=FACE_BOUND('',#10172,.T.);
#10172=EDGE_LOOP('',(#10173,#10174,#10175));
#10173=ORIENTED_EDGE('',*,*,#10176,.T.);
#10174=ORIENTED_EDGE('',*,*,#10177,.T.);
#10175=ORIENTED_EDGE('',*,*,#10178,.T.);
#10176=EDGE_CURVE('',#225,#305,#10179,.F.);
#10177=EDGE_CURVE('',#305,#47,#10180,.T.);
#10178=EDGE_CURVE('',#47,#225,#10181,.T.);
#10179=LINE('',#224,#10182);
#10180=LINE('',#304,#10183);
#10181=LINE('',#46,#10184);
#10182=VECTOR('',#10185,1.0);
#10183=VECTOR('',#10186,1.0);
#10184=VECTOR('',#10187,1.0);
#10185=DIRECTION('',(0.7714120599115037,0.636335944154572,0));
#10186=DIRECTION('',(0.6363347510479688,0.7714130441007072,0));
#10187=DIRECTION('',(-0.7071067811865476,-0.7071067811865476,0));
#10188=FACE_SURFACE('',(#10193),#10189,.T.);
#10189=PLANE('',#10190);
#10190=AXIS2_PLACEMENT_3D('',#46,#10191,#10192);
#10191=DIRECTION('',(0,0,1));
#10192=DIRECTION('',(0.4735549229165853,0.8807642902510676,0));
#10193=FACE_BOUND('',#10194,.T.);
#10194=EDGE_LOOP('',(#10195,#10196,#10197));
#10195=ORIENTED_EDGE('',*,*,#10198,.T.);
#10196=ORIENTED_EDGE('',*,*,#10199,.T.);
#10197=ORIENTED_EDGE('',*,*,#10200,.T.);
#10198=EDGE_CURVE('',#47,#45,#10201,.F.);
#10199=EDGE_CURVE('',#45,#419,#10202,.T.);
#10200=EDGE_CURVE('',#419,#47,#10203,.T.);
#10201=LINE('',#46,#10204);
#10202=LINE('',#44,#10205);
#10203=LINE('',#418,#10206);
#10204=VECTOR('',#10207,1.0);
#10205=VECTOR('',#10208,1.0);
#10206=VECTOR('',#10209,1.0);
#10207=DIRECTION('',(0.4735549229165853,0.8807642902510676,0));
#10208=DIRECTION('',(0.28734998064501477,0.9578256566950532,0));
#10209=DIRECTION('',(-0.38203869951524333,-0.9241463261154597,0));
#10210=FACE_SURFACE('',(#10215),#10211,.T.);
#10211=PLANE('',#10212);
#10212=AXIS2_PLACEMENT_3D('',#418,#10213,#10214);
#10213=DIRECTION('',(0,0,1));
#10214=DIRECTION('',(0.09981726648605765,0.9950057855667228,0));
#10215=FACE_BOUND('',#10216,.T.);
#10216=EDGE_LOOP('',(#10217,#10218,#10219));
#10217=ORIENTED_EDGE('',*,*,#10220,.T.);
#10218=ORIENTED_EDGE('',*,*,#10221,.T.);
#10219=ORIENTED_EDGE('',*,*,#10222,.T.);
#10220=EDGE_CURVE('',#419,#417,#10223,.F.);
#10221=EDGE_CURVE('',#417,#315,#10224,.T.);
#10222=EDGE_CURVE('',#315,#419,#10225,.T.);
#10223=LINE('',#418,#10226);
#10224=LINE('',#416,#10227);
#10225=LINE('',#314,#10228);
#10226=VECTOR('',#10229,1.0);
#10227=VECTOR('',#10230,1.0);
#10228=VECTOR('',#10231,1.0);
#10229=DIRECTION('',(0.09981726648605765,0.9950057855667228,0));
#10230=DIRECTION('',(-0.09921985724439329,0.9950655354942217,0));
#10231=DIRECTION('',(0,-1,0));
#10232=FACE_SURFACE('',(#10237),#10233,.T.);
#10233=PLANE('',#10234);
#10234=AXIS2_PLACEMENT_3D('',#314,#10235,#10236);
#10235=DIRECTION('',(0,0,1));
#10236=DIRECTION('',(-0.28734998064501477,0.9578256566950532,0));
#10237=FACE_BOUND('',#10238,.T.);
#10238=EDGE_LOOP('',(#10239,#10240,#10241));
#10239=ORIENTED_EDGE('',*,*,#10242,.T.);
#10240=ORIENTED_EDGE('',*,*,#10243,.T.);
#10241=ORIENTED_EDGE('',*,*,#10244,.T.);
#10242=EDGE_CURVE('',#315,#313,#10245,.F.);
#10243=EDGE_CURVE('',#313,#481,#10246,.T.);
#10244=EDGE_CURVE('',#481,#315,#10247,.T.);
#10245=LINE('',#314,#10248);
#10246=LINE('',#312,#10249);
#10247=LINE('',#480,#10250);
#10248=VECTOR('',#10251,1.0);
#10249=VECTOR('',#10252,1.0);
#10250=VECTOR('',#10253,1.0);
#10251=DIRECTION('',(-0.28734998064501477,0.9578256566950532,0));
#10252=DIRECTION('',(-0.4735549229165853,0.8807642902510676,0));
#10253=DIRECTION('',(0.38203869951524333,-0.9241463261154597,0));
#10254=FACE_SURFACE('',(#10259),#10255,.T.);
#10255=PLANE('',#10256);
#10256=AXIS2_PLACEMENT_3D('',#480,#10257,#10258);
#10257=DIRECTION('',(0,0,1));
#10258=DIRECTION('',(-0.6363347510479688,0.7714130441007072,0));
#10259=FACE_BOUND('',#10260,.T.);
#10260=EDGE_LOOP('',(#10261,#10262,#10263));
#10261=ORIENTED_EDGE('',*,*,#10264,.T.);
#10262=ORIENTED_EDGE('',*,*,#10265,.T.);
#10263=ORIENTED_EDGE('',*,*,#10266,.T.);
#10264=EDGE_CURVE('',#481,#207,#10267,.F.);
#10265=EDGE_CURVE('',#207,#205,#10268,.T.);
#10266=EDGE_CURVE('',#205,#481,#10269,.T.);
#10267=LINE('',#480,#10270);
#10268=LINE('',#206,#10271);
#10269=LINE('',#204,#10272);
#10270=VECTOR('',#10273,1.0);
#10271=VECTOR('',#10274,1.0);
#10272=VECTOR('',#10275,1.0);
#10273=DIRECTION('',(-0.6363347510479688,0.7714130441007072,0));
#10274=DIRECTION('',(-0.7714097032149798,0.6363388011003075,0));
#10275=DIRECTION('',(0.6691018875305415,-0.7431706830217851,0));
#10276=FACE_SURFACE('',(#10281),#10277,.T.);
#10277=PLANE('',#10278);
#10278=AXIS2_PLACEMENT_3D('',#204,#10279,#10280);
#10279=DIRECTION('',(0,0,1));
#10280=DIRECTION('',(-0.6268063209867145,-0.7791750996862642,0));
#10281=FACE_BOUND('',#10282,.T.);
#10282=EDGE_LOOP('',(#10283,#10284,#10285));
#10283=ORIENTED_EDGE('',*,*,#10286,.T.);
#10284=ORIENTED_EDGE('',*,*,#10287,.T.);
#10285=ORIENTED_EDGE('',*,*,#10288,.T.);
#10286=EDGE_CURVE('',#205,#571,#10289,.F.);
#10287=EDGE_CURVE('',#571,#457,#10290,.T.);
#10288=EDGE_CURVE('',#457,#205,#10291,.T.);
#10289=LINE('',#204,#10292);
#10290=LINE('',#570,#10293);
#10291=LINE('',#456,#10294);
#10292=VECTOR('',#10295,1.0);
#10293=VECTOR('',#10296,1.0);
#10294=VECTOR('',#10297,1.0);
#10295=DIRECTION('',(-0.6268063209867145,-0.7791750996862642,0));
#10296=DIRECTION('',(0.6325302627813951,-0.774535645832843,0));
#10297=DIRECTION('',(0.4939694625980215,0.8694792522082524,0));
#10298=FACE_SURFACE('',(#10303),#10299,.T.);
#10299=PLANE('',#10300);
#10300=AXIS2_PLACEMENT_3D('',#204,#10301,#10302);
#10301=DIRECTION('',(0,0,1));
#10302=DIRECTION('',(-0.4939694625980215,-0.8694792522082524,0));
#10303=FACE_BOUND('',#10304,.T.);
#10304=EDGE_LOOP('',(#10305,#10306,#10307));
#10305=ORIENTED_EDGE('',*,*,#10308,.T.);
#10306=ORIENTED_EDGE('',*,*,#10309,.T.);
#10307=ORIENTED_EDGE('',*,*,#10310,.T.);
#10308=EDGE_CURVE('',#205,#457,#10311,.F.);
#10309=EDGE_CURVE('',#457,#455,#10312,.T.);
#10310=EDGE_CURVE('',#455,#205,#10313,.T.);
#10311=LINE('',#204,#10314);
#10312=LINE('',#456,#10315);
#10313=LINE('',#454,#10316);
#10314=VECTOR('',#10317,1.0);
#10315=VECTOR('',#10318,1.0);
#10316=VECTOR('',#10319,1.0);
#10317=DIRECTION('',(-0.4939694625980215,-0.8694792522082524,0));
#10318=DIRECTION('',(0.46520895338671137,-0.8852008979259118,0));
#10319=DIRECTION('',(0.3809930214278522,0.9245779132248814,0));
#10320=FACE_SURFACE('',(#10325),#10321,.T.);
#10321=PLANE('',#10322);
#10322=AXIS2_PLACEMENT_3D('',#314,#10323,#10324);
#10323=DIRECTION('',(0,0,1));
#10324=DIRECTION('',(-0.38203869951524333,0.9241463261154597,0));
#10325=FACE_BOUND('',#10326,.T.);
#10326=EDGE_LOOP('',(#10327,#10328,#10329));
#10327=ORIENTED_EDGE('',*,*,#10330,.T.);
#10328=ORIENTED_EDGE('',*,*,#10331,.T.);
#10329=ORIENTED_EDGE('',*,*,#10332,.T.);
#10330=EDGE_CURVE('',#315,#481,#10333,.F.);
#10331=EDGE_CURVE('',#481,#205,#10334,.T.);
#10332=EDGE_CURVE('',#205,#315,#10335,.T.);
#10333=LINE('',#314,#10336);
#10334=LINE('',#480,#10337);
#10335=LINE('',#204,#10338);
#10336=VECTOR('',#10339,1.0);
#10337=VECTOR('',#10340,1.0);
#10338=VECTOR('',#10341,1.0);
#10339=DIRECTION('',(-0.38203869951524333,0.9241463261154597,0));
#10340=DIRECTION('',(-0.6691018875305415,0.7431706830217851,0));
#10341=DIRECTION('',(0.501909059147534,-0.8649203988493028,0));
#10342=FACE_SURFACE('',(#10347),#10343,.T.);
#10343=PLANE('',#10344);
#10344=AXIS2_PLACEMENT_3D('',#46,#10345,#10346);
#10345=DIRECTION('',(0,0,1));
#10346=DIRECTION('',(0.38203869951524333,0.9241463261154597,0));
#10347=FACE_BOUND('',#10348,.T.);
#10348=EDGE_LOOP('',(#10349,#10350,#10351));
#10349=ORIENTED_EDGE('',*,*,#10352,.T.);
#10350=ORIENTED_EDGE('',*,*,#10353,.T.);
#10351=ORIENTED_EDGE('',*,*,#10354,.T.);
#10352=EDGE_CURVE('',#47,#419,#10355,.F.);
#10353=EDGE_CURVE('',#419,#315,#10356,.T.);
#10354=EDGE_CURVE('',#315,#47,#10357,.T.);
#10355=LINE('',#46,#10358);
#10356=LINE('',#418,#10359);
#10357=LINE('',#314,#10360);
#10358=VECTOR('',#10361,1.0);
#10359=VECTOR('',#10362,1.0);
#10360=VECTOR('',#10363,1.0);
#10361=DIRECTION('',(0.38203869951524333,0.9241463261154597,0));
#10362=DIRECTION('',(0,1,0));
#10363=DIRECTION('',(-0.1950766513683751,-0.9807879995650954,0));
#10364=FACE_SURFACE('',(#10369),#10365,.T.);
#10365=PLANE('',#10366);
#10366=AXIS2_PLACEMENT_3D('',#338,#10367,#10368);
#10367=DIRECTION('',(0,0,1));
#10368=DIRECTION('',(0.9241463261154597,0.38203869951524333,0));
#10369=FACE_BOUND('',#10370,.T.);
#10370=EDGE_LOOP('',(#10371,#10372,#10373));
#10371=ORIENTED_EDGE('',*,*,#10374,.T.);
#10372=ORIENTED_EDGE('',*,*,#10375,.T.);
#10373=ORIENTED_EDGE('',*,*,#10376,.T.);
#10374=EDGE_CURVE('',#339,#225,#10377,.F.);
#10375=EDGE_CURVE('',#225,#47,#10378,.T.);
#10376=EDGE_CURVE('',#47,#339,#10379,.T.);
#10377=LINE('',#338,#10380);
#10378=LINE('',#224,#10381);
#10379=LINE('',#46,#10382);
#10380=VECTOR('',#10383,1.0);
#10381=VECTOR('',#10384,1.0);
#10382=VECTOR('',#10385,1.0);
#10383=DIRECTION('',(0.9241463261154597,0.38203869951524333,0));
#10384=DIRECTION('',(0.7071067811865476,0.7071067811865476,0));
#10385=DIRECTION('',(-0.831576857631925,-0.5554096954960484,0));
#10386=FACE_SURFACE('',(#10391),#10387,.T.);
#10387=PLANE('',#10388);
#10388=AXIS2_PLACEMENT_3D('',#504,#10389,#10390);
#10389=DIRECTION('',(0,0,1));
#10390=DIRECTION('',(0.9241480075792513,-0.3820346320522527,0));
#10391=FACE_BOUND('',#10392,.T.);
#10392=EDGE_LOOP('',(#10393,#10394,#10395));
#10393=ORIENTED_EDGE('',*,*,#10396,.T.);
#10394=ORIENTED_EDGE('',*,*,#10397,.T.);
#10395=ORIENTED_EDGE('',*,*,#10398,.T.);
#10396=EDGE_CURVE('',#505,#545,#10399,.F.);
#10397=EDGE_CURVE('',#545,#339,#10400,.T.);
#10398=EDGE_CURVE('',#339,#505,#10401,.T.);
#10399=LINE('',#504,#10402);
#10400=LINE('',#544,#10403);
#10401=LINE('',#338,#10404);
#10402=VECTOR('',#10405,1.0);
#10403=VECTOR('',#10406,1.0);
#10404=VECTOR('',#10407,1.0);
#10405=DIRECTION('',(0.9241480075792513,-0.3820346320522527,0));
#10406=DIRECTION('',(1,0,0));
#10407=DIRECTION('',(-0.98084657545641,0.19478191757818028,0));
#10408=FACE_SURFACE('',(#10413),#10409,.T.);
#10409=PLANE('',#10410);
#10410=AXIS2_PLACEMENT_3D('',#404,#10411,#10412);
#10411=DIRECTION('',(0,0,1));
#10412=DIRECTION('',(0.632743818344065,-0.7743611950164941,0));
#10413=FACE_BOUND('',#10414,.T.);
#10414=EDGE_LOOP('',(#10415,#10416,#10417));
#10415=ORIENTED_EDGE('',*,*,#10418,.T.);
#10416=ORIENTED_EDGE('',*,*,#10419,.T.);
#10417=ORIENTED_EDGE('',*,*,#10420,.T.);
#10418=EDGE_CURVE('',#405,#507,#10421,.F.);
#10419=EDGE_CURVE('',#507,#505,#10422,.T.);
#10420=EDGE_CURVE('',#505,#405,#10423,.T.);
#10421=LINE('',#404,#10424);
#10422=LINE('',#506,#10425);
#10423=LINE('',#504,#10426);
#10424=VECTOR('',#10427,1.0);
#10425=VECTOR('',#10428,1.0);
#10426=VECTOR('',#10429,1.0);
#10427=DIRECTION('',(0.632743818344065,-0.7743611950164941,0));
#10428=DIRECTION('',(0.77140278688718,-0.6363471854127212,0));
#10429=DIRECTION('',(-0.705589309411458,0.7086210033891612,0));
#10430=FACE_SURFACE('',(#10435),#10431,.T.);
#10431=PLANE('',#10432);
#10432=AXIS2_PLACEMENT_3D('',#432,#10433,#10434);
#10433=DIRECTION('',(0,0,1));
#10434=DIRECTION('',(-0.8776027649549065,-0.4793885552904899,0));
#10435=FACE_BOUND('',#10436,.T.);
#10436=EDGE_LOOP('',(#10437,#10438,#10439));
#10437=ORIENTED_EDGE('',*,*,#10440,.T.);
#10438=ORIENTED_EDGE('',*,*,#10441,.T.);
#10439=ORIENTED_EDGE('',*,*,#10442,.T.);
#10440=EDGE_CURVE('',#433,#397,#10443,.F.);
#10441=EDGE_CURVE('',#397,#405,#10444,.T.);
#10442=EDGE_CURVE('',#405,#433,#10445,.T.);
#10443=LINE('',#432,#10446);
#10444=LINE('',#396,#10447);
#10445=LINE('',#404,#10448);
#10446=VECTOR('',#10449,1.0);
#10447=VECTOR('',#10450,1.0);
#10448=VECTOR('',#10451,1.0);
#10449=DIRECTION('',(-0.8776027649549065,-0.4793885552904899,0));
#10450=DIRECTION('',(0.4735580436400299,-0.8807626123444544,0));
#10451=DIRECTION('',(0.7292354793881599,0.6842628264062871,0));
#10452=FACE_SURFACE('',(#10457),#10453,.T.);
#10453=PLANE('',#10454);
#10454=AXIS2_PLACEMENT_3D('',#248,#10455,#10456);
#10455=DIRECTION('',(0,0,1));
#10456=DIRECTION('',(-0.4806479433248294,0.8769136528630465,0));
#10457=FACE_BOUND('',#10458,.T.);
#10458=EDGE_LOOP('',(#10459,#10460,#10461));
#10459=ORIENTED_EDGE('',*,*,#10462,.T.);
#10460=ORIENTED_EDGE('',*,*,#10463,.T.);
#10461=ORIENTED_EDGE('',*,*,#10464,.T.);
#10462=EDGE_CURVE('',#249,#433,#10465,.F.);
#10463=EDGE_CURVE('',#433,#405,#10466,.T.);
#10464=EDGE_CURVE('',#405,#249,#10467,.T.);
#10465=LINE('',#248,#10468);
#10466=LINE('',#432,#10469);
#10467=LINE('',#404,#10470);
#10468=VECTOR('',#10471,1.0);
#10469=VECTOR('',#10472,1.0);
#10470=VECTOR('',#10473,1.0);
#10471=DIRECTION('',(-0.4806479433248294,0.8769136528630465,0));
#10472=DIRECTION('',(-0.7292354793881599,-0.6842628264062871,0));
#10473=DIRECTION('',(0.831711368907929,0.5552082481639647,0));
#10474=FACE_SURFACE('',(#10479),#10475,.T.);
#10475=PLANE('',#10476);
#10476=AXIS2_PLACEMENT_3D('',#404,#10477,#10478);
#10477=DIRECTION('',(0,0,1));
#10478=DIRECTION('',(0.705589309411458,-0.7086210033891612,0));
#10479=FACE_BOUND('',#10480,.T.);
#10480=EDGE_LOOP('',(#10481,#10482,#10483));
#10481=ORIENTED_EDGE('',*,*,#10484,.T.);
#10482=ORIENTED_EDGE('',*,*,#10485,.T.);
#10483=ORIENTED_EDGE('',*,*,#10486,.T.);
#10484=EDGE_CURVE('',#405,#505,#10487,.F.);
#10485=EDGE_CURVE('',#505,#339,#10488,.T.);
#10486=EDGE_CURVE('',#339,#405,#10489,.T.);
#10487=LINE('',#404,#10490);
#10488=LINE('',#504,#10491);
#10489=LINE('',#338,#10492);
#10490=VECTOR('',#10493,1.0);
#10491=VECTOR('',#10494,1.0);
#10492=VECTOR('',#10495,1.0);
#10493=DIRECTION('',(0.705589309411458,-0.7086210033891612,0));
#10494=DIRECTION('',(0.98084657545641,-0.19478191757818028,0));
#10495=DIRECTION('',(-0.9237189873786369,0.38307079287800805,0));
#10496=FACE_SURFACE('',(#10501),#10497,.T.);
#10497=PLANE('',#10498);
#10498=AXIS2_PLACEMENT_3D('',#338,#10499,#10500);
#10499=DIRECTION('',(0,0,1));
#10500=DIRECTION('',(0.831576857631925,0.5554096954960484,0));
#10501=FACE_BOUND('',#10502,.T.);
#10502=EDGE_LOOP('',(#10503,#10504,#10505));
#10503=ORIENTED_EDGE('',*,*,#10506,.T.);
#10504=ORIENTED_EDGE('',*,*,#10507,.T.);
#10505=ORIENTED_EDGE('',*,*,#10508,.T.);
#10506=EDGE_CURVE('',#339,#47,#10509,.F.);
#10507=EDGE_CURVE('',#47,#315,#10510,.T.);
#10508=EDGE_CURVE('',#315,#339,#10511,.T.);
#10509=LINE('',#338,#10512);
#10510=LINE('',#46,#10513);
#10511=LINE('',#314,#10514);
#10512=VECTOR('',#10515,1.0);
#10513=VECTOR('',#10516,1.0);
#10514=VECTOR('',#10517,1.0);
#10515=DIRECTION('',(0.831576857631925,0.5554096954960484,0));
#10516=DIRECTION('',(0.1950766513683751,0.9807879995650954,0));
#10517=DIRECTION('',(-0.5560457659918949,-0.8311516745591545,0));
#10518=FACE_SURFACE('',(#10523),#10519,.T.);
#10519=PLANE('',#10520);
#10520=AXIS2_PLACEMENT_3D('',#314,#10521,#10522);
#10521=DIRECTION('',(0,0,1));
#10522=DIRECTION('',(-0.501909059147534,0.8649203988493028,0));
#10523=FACE_BOUND('',#10524,.T.);
#10524=EDGE_LOOP('',(#10525,#10526,#10527));
#10525=ORIENTED_EDGE('',*,*,#10528,.T.);
#10526=ORIENTED_EDGE('',*,*,#10529,.T.);
#10527=ORIENTED_EDGE('',*,*,#10530,.T.);
#10528=EDGE_CURVE('',#315,#205,#10531,.F.);
#10529=EDGE_CURVE('',#205,#455,#10532,.T.);
#10530=EDGE_CURVE('',#455,#315,#10533,.T.);
#10531=LINE('',#314,#10534);
#10532=LINE('',#204,#10535);
#10533=LINE('',#454,#10536);
#10534=VECTOR('',#10537,1.0);
#10535=VECTOR('',#10538,1.0);
#10536=VECTOR('',#10539,1.0);
#10537=DIRECTION('',(-0.501909059147534,0.8649203988493028,0));
#10538=DIRECTION('',(-0.3809930214278522,-0.9245779132248814,0));
#10539=DIRECTION('',(0.9995203941783051,0.030967428398977342,0));
#10540=FACE_SURFACE('',(#10545),#10541,.T.);
#10541=PLANE('',#10542);
#10542=AXIS2_PLACEMENT_3D('',#314,#10543,#10544);
#10543=DIRECTION('',(0,0,1));
#10544=DIRECTION('',(-0.9995203941783051,-0.030967428398977342,0));
#10545=FACE_BOUND('',#10546,.T.);
#10546=EDGE_LOOP('',(#10547,#10548,#10549));
#10547=ORIENTED_EDGE('',*,*,#10550,.T.);
#10548=ORIENTED_EDGE('',*,*,#10551,.T.);
#10549=ORIENTED_EDGE('',*,*,#10552,.T.);
#10550=EDGE_CURVE('',#315,#455,#10553,.F.);
#10551=EDGE_CURVE('',#455,#237,#10554,.T.);
#10552=EDGE_CURVE('',#237,#315,#10555,.T.);
#10553=LINE('',#314,#10556);
#10554=LINE('',#454,#10557);
#10555=LINE('',#236,#10558);
#10556=VECTOR('',#10559,1.0);
#10557=VECTOR('',#10560,1.0);
#10558=VECTOR('',#10561,1.0);
#10559=DIRECTION('',(-0.9995203941783051,-0.030967428398977342,0));
#10560=DIRECTION('',(0.2986282184680904,-0.9543695233684772,0));
#10561=DIRECTION('',(0.9810021766904434,0.1939967250460993,0));
#10562=FACE_SURFACE('',(#10567),#10563,.T.);
#10563=PLANE('',#10564);
#10564=AXIS2_PLACEMENT_3D('',#248,#10565,#10566);
#10565=DIRECTION('',(0,0,1));
#10566=DIRECTION('',(-0.831711368907929,-0.5552082481639647,0));
#10567=FACE_BOUND('',#10568,.T.);
#10568=EDGE_LOOP('',(#10569,#10570,#10571));
#10569=ORIENTED_EDGE('',*,*,#10572,.T.);
#10570=ORIENTED_EDGE('',*,*,#10573,.T.);
#10571=ORIENTED_EDGE('',*,*,#10574,.T.);
#10572=EDGE_CURVE('',#249,#405,#10575,.F.);
#10573=EDGE_CURVE('',#405,#339,#10576,.T.);
#10574=EDGE_CURVE('',#339,#249,#10577,.T.);
#10575=LINE('',#248,#10578);
#10576=LINE('',#404,#10579);
#10577=LINE('',#338,#10580);
#10578=VECTOR('',#10581,1.0);
#10579=VECTOR('',#10582,1.0);
#10580=VECTOR('',#10583,1.0);
#10581=DIRECTION('',(-0.831711368907929,-0.5552082481639647,0));
#10582=DIRECTION('',(0.9237189873786369,-0.38307079287800805,0));
#10583=DIRECTION('',(-0.6267089733538179,0.7792534008381379,0));
#10584=FACE_SURFACE('',(#10589),#10585,.T.);
#10585=PLANE('',#10586);
#10586=AXIS2_PLACEMENT_3D('',#250,#10587,#10588);
#10587=DIRECTION('',(0,0,1));
#10588=DIRECTION('',(-0.6325362941057873,0.7745307202680324,0));
#10589=FACE_BOUND('',#10590,.T.);
#10590=EDGE_LOOP('',(#10591,#10592,#10593));
#10591=ORIENTED_EDGE('',*,*,#10594,.T.);
#10592=ORIENTED_EDGE('',*,*,#10595,.T.);
#10593=ORIENTED_EDGE('',*,*,#10596,.T.);
#10594=EDGE_CURVE('',#251,#249,#10597,.F.);
#10595=EDGE_CURVE('',#249,#339,#10598,.T.);
#10596=EDGE_CURVE('',#339,#251,#10599,.T.);
#10597=LINE('',#250,#10600);
#10598=LINE('',#248,#10601);
#10599=LINE('',#338,#10602);
#10600=VECTOR('',#10603,1.0);
#10601=VECTOR('',#10604,1.0);
#10602=VECTOR('',#10605,1.0);
#10603=DIRECTION('',(-0.6325362941057873,0.7745307202680324,0));
#10604=DIRECTION('',(0.6267089733538179,-0.7792534008381379,0));
#10605=DIRECTION('',(-0.6260703092090206,0.7797666111901185,0));
#10606=FACE_SURFACE('',(#10611),#10607,.T.);
#10607=PLANE('',#10608);
#10608=AXIS2_PLACEMENT_3D('',#314,#10609,#10610);
#10609=DIRECTION('',(0,0,1));
#10610=DIRECTION('',(-0.9810021766904434,-0.1939967250460993,0));
#10611=FACE_BOUND('',#10612,.T.);
#10612=EDGE_LOOP('',(#10613,#10614,#10615));
#10613=ORIENTED_EDGE('',*,*,#10616,.T.);
#10614=ORIENTED_EDGE('',*,*,#10617,.T.);
#10615=ORIENTED_EDGE('',*,*,#10618,.T.);
#10616=EDGE_CURVE('',#315,#237,#10619,.F.);
#10617=EDGE_CURVE('',#237,#235,#10620,.T.);
#10618=EDGE_CURVE('',#235,#315,#10621,.T.);
#10619=LINE('',#314,#10622);
#10620=LINE('',#236,#10623);
#10621=LINE('',#234,#10624);
#10622=VECTOR('',#10625,1.0);
#10623=VECTOR('',#10626,1.0);
#10624=VECTOR('',#10627,1.0);
#10625=DIRECTION('',(-0.9810021766904434,-0.1939967250460993,0));
#10626=DIRECTION('',(0.0963198890467956,-0.9953504302375183,0));
#10627=DIRECTION('',(0.9353144879552246,0.35381747924750123,0));
#10628=FACE_SURFACE('',(#10633),#10629,.T.);
#10629=PLANE('',#10630);
#10630=AXIS2_PLACEMENT_3D('',#314,#10631,#10632);
#10631=DIRECTION('',(0,0,1));
#10632=DIRECTION('',(-0.9353144879552246,-0.35381747924750123,0));
#10633=FACE_BOUND('',#10634,.T.);
#10634=EDGE_LOOP('',(#10635,#10636,#10637));
#10635=ORIENTED_EDGE('',*,*,#10638,.T.);
#10636=ORIENTED_EDGE('',*,*,#10639,.T.);
#10637=ORIENTED_EDGE('',*,*,#10640,.T.);
#10638=EDGE_CURVE('',#315,#235,#10641,.F.);
#10639=EDGE_CURVE('',#235,#61,#10642,.T.);
#10640=EDGE_CURVE('',#61,#315,#10643,.T.);
#10641=LINE('',#314,#10644);
#10642=LINE('',#234,#10645);
#10643=LINE('',#60,#10646);
#10644=VECTOR('',#10647,1.0);
#10645=VECTOR('',#10648,1.0);
#10646=VECTOR('',#10649,1.0);
#10647=DIRECTION('',(-0.9353144879552246,-0.35381747924750123,0));
#10648=DIRECTION('',(-0.09756756873741251,-0.9952289030824367,0));
#10649=DIRECTION('',(0.8784978205722379,0.4777463545123374,0));
#10650=FACE_SURFACE('',(#10655),#10651,.T.);
#10651=PLANE('',#10652);
#10652=AXIS2_PLACEMENT_3D('',#392,#10653,#10654);
#10653=DIRECTION('',(0,0,1));
#10654=DIRECTION('',(-0.7745405712567573,0.632524231533667,0));
#10655=FACE_BOUND('',#10656,.T.);
#10656=EDGE_LOOP('',(#10657,#10658,#10659));
#10657=ORIENTED_EDGE('',*,*,#10660,.T.);
#10658=ORIENTED_EDGE('',*,*,#10661,.T.);
#10659=ORIENTED_EDGE('',*,*,#10662,.T.);
#10660=EDGE_CURVE('',#393,#251,#10663,.F.);
#10661=EDGE_CURVE('',#251,#339,#10664,.T.);
#10662=EDGE_CURVE('',#339,#393,#10665,.T.);
#10663=LINE('',#392,#10666);
#10664=LINE('',#250,#10667);
#10665=LINE('',#338,#10668);
#10666=VECTOR('',#10669,1.0);
#10667=VECTOR('',#10670,1.0);
#10668=VECTOR('',#10671,1.0);
#10669=DIRECTION('',(-0.7745405712567573,0.632524231533667,0));
#10670=DIRECTION('',(0.6260703092090206,-0.7797666111901185,0));
#10671=DIRECTION('',(-0.6060423082994096,0.7954324110514503,0));
#10672=FACE_SURFACE('',(#10677),#10673,.T.);
#10673=PLANE('',#10674);
#10674=AXIS2_PLACEMENT_3D('',#394,#10675,#10676);
#10675=DIRECTION('',(0,0,1));
#10676=DIRECTION('',(-0.8823598428012587,0.4705752945191002,0));
#10677=FACE_BOUND('',#10678,.T.);
#10678=EDGE_LOOP('',(#10679,#10680,#10681));
#10679=ORIENTED_EDGE('',*,*,#10682,.T.);
#10680=ORIENTED_EDGE('',*,*,#10683,.T.);
#10681=ORIENTED_EDGE('',*,*,#10684,.T.);
#10682=EDGE_CURVE('',#395,#393,#10685,.F.);
#10683=EDGE_CURVE('',#393,#339,#10686,.T.);
#10684=EDGE_CURVE('',#339,#395,#10687,.T.);
#10685=LINE('',#394,#10688);
#10686=LINE('',#392,#10689);
#10687=LINE('',#338,#10690);
#10688=VECTOR('',#10691,1.0);
#10689=VECTOR('',#10692,1.0);
#10690=VECTOR('',#10693,1.0);
#10691=DIRECTION('',(-0.8823598428012587,0.4705752945191002,0));
#10692=DIRECTION('',(0.6060423082994096,-0.7954324110514503,0));
#10693=DIRECTION('',(-0.5601992111246328,0.8283579201379915,0));
#10694=FACE_SURFACE('',(#10699),#10695,.T.);
#10695=PLANE('',#10696);
#10696=AXIS2_PLACEMENT_3D('',#338,#10697,#10698);
#10697=DIRECTION('',(0,0,1));
#10698=DIRECTION('',(0.5560457659918949,0.8311516745591545,0));
#10699=FACE_BOUND('',#10700,.T.);
#10700=EDGE_LOOP('',(#10701,#10702,#10703));
#10701=ORIENTED_EDGE('',*,*,#10704,.T.);
#10702=ORIENTED_EDGE('',*,*,#10705,.T.);
#10703=ORIENTED_EDGE('',*,*,#10706,.T.);
#10704=EDGE_CURVE('',#339,#315,#10707,.F.);
#10705=EDGE_CURVE('',#315,#61,#10708,.T.);
#10706=EDGE_CURVE('',#61,#339,#10709,.T.);
#10707=LINE('',#338,#10710);
#10708=LINE('',#314,#10711);
#10709=LINE('',#60,#10712);
#10710=VECTOR('',#10713,1.0);
#10711=VECTOR('',#10714,1.0);
#10712=VECTOR('',#10715,1.0);
#10713=DIRECTION('',(0.5560457659918949,0.8311516745591545,0));
#10714=DIRECTION('',(-0.8784978205722379,-0.4777463545123374,0));
#10715=DIRECTION('',(-0.28209763030257057,-0.9593857029254054,0));
#10716=FACE_SURFACE('',(#10721),#10717,.T.);
#10717=PLANE('',#10718);
#10718=AXIS2_PLACEMENT_3D('',#338,#10719,#10720);
#10719=DIRECTION('',(0,0,1));
#10720=DIRECTION('',(0.28209763030257057,0.9593857029254054,0));
#10721=FACE_BOUND('',#10722,.T.);
#10722=EDGE_LOOP('',(#10723,#10724,#10725));
#10723=ORIENTED_EDGE('',*,*,#10726,.T.);
#10724=ORIENTED_EDGE('',*,*,#10727,.T.);
#10725=ORIENTED_EDGE('',*,*,#10728,.T.);
#10726=EDGE_CURVE('',#339,#61,#10729,.F.);
#10727=EDGE_CURVE('',#61,#59,#10730,.T.);
#10728=EDGE_CURVE('',#59,#339,#10731,.T.);
#10729=LINE('',#338,#10732);
#10730=LINE('',#60,#10733);
#10731=LINE('',#58,#10734);
#10732=VECTOR('',#10735,1.0);
#10733=VECTOR('',#10736,1.0);
#10734=VECTOR('',#10737,1.0);
#10735=DIRECTION('',(0.28209763030257057,0.9593857029254054,0));
#10736=DIRECTION('',(-0.2949761784048029,-0.9555046070918225,0));
#10737=DIRECTION('',(-0.2806782711627133,-0.9598019108634397,0));
#10738=FACE_SURFACE('',(#10743),#10739,.T.);
#10739=PLANE('',#10740);
#10740=AXIS2_PLACEMENT_3D('',#462,#10741,#10742);
#10741=DIRECTION('',(0,0,1));
#10742=DIRECTION('',(-0.9554955829862489,0.2950054082449479,0));
#10743=FACE_BOUND('',#10744,.T.);
#10744=EDGE_LOOP('',(#10745,#10746,#10747));
#10745=ORIENTED_EDGE('',*,*,#10748,.T.);
#10746=ORIENTED_EDGE('',*,*,#10749,.T.);
#10747=ORIENTED_EDGE('',*,*,#10750,.T.);
#10748=EDGE_CURVE('',#463,#395,#10751,.F.);
#10749=EDGE_CURVE('',#395,#339,#10752,.T.);
#10750=EDGE_CURVE('',#339,#463,#10753,.T.);
#10751=LINE('',#462,#10754);
#10752=LINE('',#394,#10755);
#10753=LINE('',#338,#10756);
#10754=VECTOR('',#10757,1.0);
#10755=VECTOR('',#10758,1.0);
#10756=VECTOR('',#10759,1.0);
#10757=DIRECTION('',(-0.9554955829862489,0.2950054082449479,0));
#10758=DIRECTION('',(0.5601992111246328,-0.8283579201379915,0));
#10759=DIRECTION('',(-0.4777463545123374,0.8784978205722379,0));
#10760=FACE_SURFACE('',(#10765),#10761,.T.);
#10761=PLANE('',#10762);
#10762=AXIS2_PLACEMENT_3D('',#464,#10763,#10764);
#10763=DIRECTION('',(0,0,1));
#10764=DIRECTION('',(-0.9952289030824367,0.09756756873741251,0));
#10765=FACE_BOUND('',#10766,.T.);
#10766=EDGE_LOOP('',(#10767,#10768,#10769));
#10767=ORIENTED_EDGE('',*,*,#10770,.T.);
#10768=ORIENTED_EDGE('',*,*,#10771,.T.);
#10769=ORIENTED_EDGE('',*,*,#10772,.T.);
#10770=EDGE_CURVE('',#465,#463,#10773,.F.);
#10771=EDGE_CURVE('',#463,#339,#10774,.T.);
#10772=EDGE_CURVE('',#339,#465,#10775,.T.);
#10773=LINE('',#464,#10776);
#10774=LINE('',#462,#10777);
#10775=LINE('',#338,#10778);
#10776=VECTOR('',#10779,1.0);
#10777=VECTOR('',#10780,1.0);
#10778=VECTOR('',#10781,1.0);
#10779=DIRECTION('',(-0.9952289030824367,0.09756756873741251,0));
#10780=DIRECTION('',(0.4777463545123374,-0.8784978205722379,0));
#10781=DIRECTION('',(-0.35381747924750123,0.9353144879552246,0));
#10782=FACE_SURFACE('',(#10787),#10783,.T.);
#10783=PLANE('',#10784);
#10784=AXIS2_PLACEMENT_3D('',#338,#10785,#10786);
#10785=DIRECTION('',(0,0,1));
#10786=DIRECTION('',(0.2806782711627133,0.9598019108634397,0));
#10787=FACE_BOUND('',#10788,.T.);
#10788=EDGE_LOOP('',(#10789,#10790,#10791));
#10789=ORIENTED_EDGE('',*,*,#10792,.T.);
#10790=ORIENTED_EDGE('',*,*,#10793,.T.);
#10791=ORIENTED_EDGE('',*,*,#10794,.T.);
#10792=EDGE_CURVE('',#339,#59,#10795,.F.);
#10793=EDGE_CURVE('',#59,#281,#10796,.T.);
#10794=EDGE_CURVE('',#281,#339,#10797,.T.);
#10795=LINE('',#338,#10798);
#10796=LINE('',#58,#10799);
#10797=LINE('',#280,#10800);
#10798=VECTOR('',#10801,1.0);
#10799=VECTOR('',#10802,1.0);
#10800=VECTOR('',#10803,1.0);
#10801=DIRECTION('',(0.2806782711627133,0.9598019108634397,0));
#10802=DIRECTION('',(-0.47057011838003326,-0.8823626032917541,0));
#10803=DIRECTION('',(-0.2569790839616252,-0.9664169650861082,0));
#10804=FACE_SURFACE('',(#10809),#10805,.T.);
#10805=PLANE('',#10806);
#10806=AXIS2_PLACEMENT_3D('',#338,#10807,#10808);
#10807=DIRECTION('',(0,0,1));
#10808=DIRECTION('',(0.2569790839616252,0.9664169650861082,0));
#10809=FACE_BOUND('',#10810,.T.);
#10810=EDGE_LOOP('',(#10811,#10812,#10813));
#10811=ORIENTED_EDGE('',*,*,#10814,.T.);
#10812=ORIENTED_EDGE('',*,*,#10815,.T.);
#10813=ORIENTED_EDGE('',*,*,#10816,.T.);
#10814=EDGE_CURVE('',#339,#281,#10817,.F.);
#10815=EDGE_CURVE('',#281,#241,#10818,.T.);
#10816=EDGE_CURVE('',#241,#339,#10819,.T.);
#10817=LINE('',#338,#10820);
#10818=LINE('',#280,#10821);
#10819=LINE('',#240,#10822);
#10820=VECTOR('',#10823,1.0);
#10821=VECTOR('',#10824,1.0);
#10822=VECTOR('',#10825,1.0);
#10823=DIRECTION('',(0.2569790839616252,0.9664169650861082,0));
#10824=DIRECTION('',(-0.6325362941057873,-0.7745307202680324,0));
#10825=DIRECTION('',(-0.20190673667571016,-0.9794047527375828,0));
#10826=FACE_SURFACE('',(#10831),#10827,.T.);
#10827=PLANE('',#10828);
#10828=AXIS2_PLACEMENT_3D('',#472,#10829,#10830);
#10829=DIRECTION('',(0,0,1));
#10830=DIRECTION('',(-0.9953507711177731,-0.0963163663935395,0));
#10831=FACE_BOUND('',#10832,.T.);
#10832=EDGE_LOOP('',(#10833,#10834,#10835));
#10833=ORIENTED_EDGE('',*,*,#10836,.T.);
#10834=ORIENTED_EDGE('',*,*,#10837,.T.);
#10835=ORIENTED_EDGE('',*,*,#10838,.T.);
#10836=EDGE_CURVE('',#473,#465,#10839,.F.);
#10837=EDGE_CURVE('',#465,#339,#10840,.T.);
#10838=EDGE_CURVE('',#339,#473,#10841,.T.);
#10839=LINE('',#472,#10842);
#10840=LINE('',#464,#10843);
#10841=LINE('',#338,#10844);
#10842=VECTOR('',#10845,1.0);
#10843=VECTOR('',#10846,1.0);
#10844=VECTOR('',#10847,1.0);
#10845=DIRECTION('',(-0.9953507711177731,-0.0963163663935395,0));
#10846=DIRECTION('',(0.35381747924750123,-0.9353144879552246,0));
#10847=DIRECTION('',(-0.19399065527465126,0.9810033769901668,0));
#10848=FACE_SURFACE('',(#10853),#10849,.T.);
#10849=PLANE('',#10850);
#10850=AXIS2_PLACEMENT_3D('',#242,#10851,#10852);
#10851=DIRECTION('',(0,0,1));
#10852=DIRECTION('',(-0.9543591512540768,-0.29866136411929495,0));
#10853=FACE_BOUND('',#10854,.T.);
#10854=EDGE_LOOP('',(#10855,#10856,#10857));
#10855=ORIENTED_EDGE('',*,*,#10858,.T.);
#10856=ORIENTED_EDGE('',*,*,#10859,.T.);
#10857=ORIENTED_EDGE('',*,*,#10860,.T.);
#10858=EDGE_CURVE('',#243,#473,#10861,.F.);
#10859=EDGE_CURVE('',#473,#339,#10862,.T.);
#10860=EDGE_CURVE('',#339,#243,#10863,.T.);
#10861=LINE('',#242,#10864);
#10862=LINE('',#472,#10865);
#10863=LINE('',#338,#10866);
#10864=VECTOR('',#10867,1.0);
#10865=VECTOR('',#10868,1.0);
#10866=VECTOR('',#10869,1.0);
#10867=DIRECTION('',(-0.9543591512540768,-0.29866136411929495,0));
#10868=DIRECTION('',(0.19399065527465126,-0.9810033769901668,0));
#10869=DIRECTION('',(-0.030967302311396754,0.9995203980847787,0));
#10870=FACE_SURFACE('',(#10875),#10871,.T.);
#10871=PLANE('',#10872);
#10872=AXIS2_PLACEMENT_3D('',#338,#10873,#10874);
#10873=DIRECTION('',(0,0,1));
#10874=DIRECTION('',(0.20190673667571016,0.9794047527375828,0));
#10875=FACE_BOUND('',#10876,.T.);
#10876=EDGE_LOOP('',(#10877,#10878,#10879));
#10877=ORIENTED_EDGE('',*,*,#10880,.T.);
#10878=ORIENTED_EDGE('',*,*,#10881,.T.);
#10879=ORIENTED_EDGE('',*,*,#10882,.T.);
#10880=EDGE_CURVE('',#339,#241,#10883,.F.);
#10881=EDGE_CURVE('',#241,#239,#10884,.T.);
#10882=EDGE_CURVE('',#239,#339,#10885,.T.);
#10883=LINE('',#338,#10886);
#10884=LINE('',#240,#10887);
#10885=LINE('',#238,#10888);
#10886=VECTOR('',#10889,1.0);
#10887=VECTOR('',#10890,1.0);
#10888=VECTOR('',#10891,1.0);
#10889=DIRECTION('',(0.20190673667571016,0.9794047527375828,0));
#10890=DIRECTION('',(-0.7745405712567573,-0.632524231533667,0));
#10891=DIRECTION('',(-0.10653485086082881,-0.9943089688583027,0));
#10892=FACE_SURFACE('',(#10897),#10893,.T.);
#10893=PLANE('',#10894);
#10894=AXIS2_PLACEMENT_3D('',#338,#10895,#10896);
#10895=DIRECTION('',(0,-0,1));
#10896=DIRECTION('',(0.10653485086082881,0.9943089688583027,0));
#10897=FACE_BOUND('',#10898,.T.);
#10898=EDGE_LOOP('',(#10899,#10900,#10901));
#10899=ORIENTED_EDGE('',*,*,#10902,.T.);
#10900=ORIENTED_EDGE('',*,*,#10903,.T.);
#10901=ORIENTED_EDGE('',*,*,#10904,.T.);
#10902=EDGE_CURVE('',#339,#239,#10905,.F.);
#10903=EDGE_CURVE('',#239,#243,#10906,.T.);
#10904=EDGE_CURVE('',#243,#339,#10907,.T.);
#10905=LINE('',#338,#10908);
#10906=LINE('',#238,#10909);
#10907=LINE('',#242,#10910);
#10908=VECTOR('',#10911,1.0);
#10909=VECTOR('',#10912,1.0);
#10910=VECTOR('',#10913,1.0);
#10911=DIRECTION('',(0.10653485086082881,0.9943089688583027,0));
#10912=DIRECTION('',(-0.8852035650495013,-0.4652038783411563,0));
#10913=DIRECTION('',(0.030967302311396754,-0.9995203980847787,0));
#10914=FACE_SURFACE('',(#10919),#10915,.T.);
#10915=PLANE('',#10916);
#10916=AXIS2_PLACEMENT_3D('',#578,#10917,#10918);
#10917=DIRECTION('',(-0,-1,0));
#10918=DIRECTION('',(-1,0,0));
#10919=FACE_BOUND('',#10920,.T.);
#10920=EDGE_LOOP('',(#10921,#10922,#10923));
#10921=ORIENTED_EDGE('',*,*,#10924,.T.);
#10922=ORIENTED_EDGE('',*,*,#10925,.T.);
#10923=ORIENTED_EDGE('',*,*,#10926,.T.);
#10924=EDGE_CURVE('',#579,#581,#10927,.F.);
#10925=EDGE_CURVE('',#581,#525,#10928,.T.);
#10926=EDGE_CURVE('',#525,#579,#10929,.T.);
#10927=LINE('',#578,#10930);
#10928=LINE('',#580,#10931);
#10929=LINE('',#524,#10932);
#10930=VECTOR('',#10933,1.0);
#10931=VECTOR('',#10934,1.0);
#10932=VECTOR('',#10935,1.0);
#10933=DIRECTION('',(-1,0,0));
#10934=DIRECTION('',(0,0,-1));
#10935=DIRECTION('',(0.9904036796868814,0,0.1382047439948621));
#10936=FACE_SURFACE('',(#10941),#10937,.T.);
#10937=PLANE('',#10938);
#10938=AXIS2_PLACEMENT_3D('',#578,#10939,#10940);
#10939=DIRECTION('',(0,-1,0));
#10940=DIRECTION('',(-0.9904036796868814,0,-0.1382047439948621));
#10941=FACE_BOUND('',#10942,.T.);
#10942=EDGE_LOOP('',(#10943,#10944,#10945));
#10943=ORIENTED_EDGE('',*,*,#10946,.T.);
#10944=ORIENTED_EDGE('',*,*,#10947,.T.);
#10945=ORIENTED_EDGE('',*,*,#10948,.T.);
#10946=EDGE_CURVE('',#579,#525,#10949,.F.);
#10947=EDGE_CURVE('',#525,#523,#10950,.T.);
#10948=EDGE_CURVE('',#523,#579,#10951,.T.);
#10949=LINE('',#578,#10952);
#10950=LINE('',#524,#10953);
#10951=LINE('',#522,#10954);
#10952=VECTOR('',#10955,1.0);
#10953=VECTOR('',#10956,1.0);
#10954=VECTOR('',#10957,1.0);
#10955=DIRECTION('',(-0.9904036796868814,0,-0.1382047439948621));
#10956=DIRECTION('',(1,0,0));
#10957=DIRECTION('',(4.3711381880790717E-08,0,0.999999999999999));
#10958=FACE_SURFACE('',(#10963),#10959,.T.);
#10959=PLANE('',#10960);
#10960=AXIS2_PLACEMENT_3D('',#576,#10961,#10962);
#10961=DIRECTION('',(-0.7071067811865476,-0.7071067811865476,0));
#10962=DIRECTION('',(0.7071067811865475,-0.7071067811865475,0));
#10963=FACE_BOUND('',#10964,.T.);
#10964=EDGE_LOOP('',(#10965,#10966,#10967));
#10965=ORIENTED_EDGE('',*,*,#10968,.T.);
#10966=ORIENTED_EDGE('',*,*,#10969,.T.);
#10967=ORIENTED_EDGE('',*,*,#10970,.T.);
#10968=EDGE_CURVE('',#577,#525,#10971,.F.);
#10969=EDGE_CURVE('',#525,#581,#10972,.T.);
#10970=EDGE_CURVE('',#581,#577,#10973,.T.);
#10971=LINE('',#576,#10974);
#10972=LINE('',#524,#10975);
#10973=LINE('',#580,#10976);
#10974=VECTOR('',#10977,1.0);
#10975=VECTOR('',#10978,1.0);
#10976=VECTOR('',#10979,1.0);
#10977=DIRECTION('',(0.7071067811865475,-0.7071067811865475,0));
#10978=DIRECTION('',(0,0,1));
#10979=DIRECTION('',(-0.19535697579699898,0.19535697579699898,-0.9610781986992014));
#10980=FACE_SURFACE('',(#10985),#10981,.T.);
#10981=PLANE('',#10982);
#10982=AXIS2_PLACEMENT_3D('',#576,#10983,#10984);
#10983=DIRECTION('',(-0.7071067811865476,-0.7071067811865476,0));
#10984=DIRECTION('',(0.19535697579699898,-0.19535697579699898,0.9610781986992014));
#10985=FACE_BOUND('',#10986,.T.);
#10986=EDGE_LOOP('',(#10987,#10988,#10989));
#10987=ORIENTED_EDGE('',*,*,#10990,.T.);
#10988=ORIENTED_EDGE('',*,*,#10991,.T.);
#10989=ORIENTED_EDGE('',*,*,#10992,.T.);
#10990=EDGE_CURVE('',#577,#581,#10993,.F.);
#10991=EDGE_CURVE('',#581,#583,#10994,.T.);
#10992=EDGE_CURVE('',#583,#577,#10995,.T.);
#10993=LINE('',#576,#10996);
#10994=LINE('',#580,#10997);
#10995=LINE('',#582,#10998);
#10996=VECTOR('',#10999,1.0);
#10997=VECTOR('',#11000,1.0);
#10998=VECTOR('',#11001,1.0);
#10999=DIRECTION('',(0.19535697579699898,-0.19535697579699898,0.9610781986992014));
#11000=DIRECTION('',(-0.7071067811861359,0.7071067811861359,-1.0789593218782591E-06));
#11001=DIRECTION('',(0,0,-1));
#11002=FACE_SURFACE('',(#11007),#11003,.T.);
#11003=PLANE('',#11004);
#11004=AXIS2_PLACEMENT_3D('',#548,#11005,#11006);
#11005=DIRECTION('',(-1,0,0));
#11006=DIRECTION('',(0,-1,0));
#11007=FACE_BOUND('',#11008,.T.);
#11008=EDGE_LOOP('',(#11009,#11010,#11011));
#11009=ORIENTED_EDGE('',*,*,#11012,.T.);
#11010=ORIENTED_EDGE('',*,*,#11013,.T.);
#11011=ORIENTED_EDGE('',*,*,#11014,.T.);
#11012=EDGE_CURVE('',#549,#577,#11015,.F.);
#11013=EDGE_CURVE('',#577,#583,#11016,.T.);
#11014=EDGE_CURVE('',#583,#549,#11017,.T.);
#11015=LINE('',#548,#11018);
#11016=LINE('',#576,#11019);
#11017=LINE('',#582,#11020);
#11018=VECTOR('',#11021,1.0);
#11019=VECTOR('',#11022,1.0);
#11020=VECTOR('',#11023,1.0);
#11021=DIRECTION('',(0,-1,0));
#11022=DIRECTION('',(0,0,1));
#11023=DIRECTION('',(0,0.9844837953350348,-0.1754755160206834));
#11024=FACE_SURFACE('',(#11029),#11025,.T.);
#11025=PLANE('',#11026);
#11026=AXIS2_PLACEMENT_3D('',#548,#11027,#11028);
#11027=DIRECTION('',(-1,0,0));
#11028=DIRECTION('',(0,-0.9844837953350348,0.1754755160206834));
#11029=FACE_BOUND('',#11030,.T.);
#11030=EDGE_LOOP('',(#11031,#11032,#11033));
#11031=ORIENTED_EDGE('',*,*,#11034,.T.);
#11032=ORIENTED_EDGE('',*,*,#11035,.T.);
#11033=ORIENTED_EDGE('',*,*,#11036,.T.);
#11034=EDGE_CURVE('',#549,#583,#11037,.F.);
#11035=EDGE_CURVE('',#583,#585,#11038,.T.);
#11036=EDGE_CURVE('',#585,#549,#11039,.T.);
#11037=LINE('',#548,#11040);
#11038=LINE('',#582,#11041);
#11039=LINE('',#584,#11042);
#11040=VECTOR('',#11043,1.0);
#11041=VECTOR('',#11044,1.0);
#11042=VECTOR('',#11045,1.0);
#11043=DIRECTION('',(0,-0.9844837953350348,0.1754755160206834));
#11044=DIRECTION('',(0,1,0));
#11045=DIRECTION('',(0,0,-1));
#11046=FACE_SURFACE('',(#11051),#11047,.T.);
#11047=PLANE('',#11048);
#11048=AXIS2_PLACEMENT_3D('',#322,#11049,#11050);
#11049=DIRECTION('',(0,1,0));
#11050=DIRECTION('',(-1,0,0));
#11051=FACE_BOUND('',#11052,.T.);
#11052=EDGE_LOOP('',(#11053,#11054,#11055));
#11053=ORIENTED_EDGE('',*,*,#11056,.T.);
#11054=ORIENTED_EDGE('',*,*,#11057,.T.);
#11055=ORIENTED_EDGE('',*,*,#11058,.T.);
#11056=EDGE_CURVE('',#323,#321,#11059,.F.);
#11057=EDGE_CURVE('',#321,#587,#11060,.T.);
#11058=EDGE_CURVE('',#587,#323,#11061,.T.);
#11059=LINE('',#322,#11062);
#11060=LINE('',#320,#11063);
#11061=LINE('',#586,#11064);
#11062=VECTOR('',#11065,1.0);
#11063=VECTOR('',#11066,1.0);
#11064=VECTOR('',#11067,1.0);
#11065=DIRECTION('',(-1,0,0));
#11066=DIRECTION('',(0,0,1));
#11067=DIRECTION('',(0.9904036847446449,0,-0.13820470774988108));
#11068=FACE_SURFACE('',(#11073),#11069,.T.);
#11069=PLANE('',#11070);
#11070=AXIS2_PLACEMENT_3D('',#322,#11071,#11072);
#11071=DIRECTION('',(0,1,-0));
#11072=DIRECTION('',(-0.9904036847446449,0,0.13820470774988108));
#11073=FACE_BOUND('',#11074,.T.);
#11074=EDGE_LOOP('',(#11075,#11076,#11077));
#11075=ORIENTED_EDGE('',*,*,#11078,.T.);
#11076=ORIENTED_EDGE('',*,*,#11079,.T.);
#11077=ORIENTED_EDGE('',*,*,#11080,.T.);
#11078=EDGE_CURVE('',#323,#587,#11081,.F.);
#11079=EDGE_CURVE('',#587,#589,#11082,.T.);
#11080=EDGE_CURVE('',#589,#323,#11083,.T.);
#11081=LINE('',#322,#11084);
#11082=LINE('',#586,#11085);
#11083=LINE('',#588,#11086);
#11084=VECTOR('',#11087,1.0);
#11085=VECTOR('',#11088,1.0);
#11086=VECTOR('',#11089,1.0);
#11087=DIRECTION('',(-0.9904036847446449,0,0.13820470774988108));
#11088=DIRECTION('',(1,0,0));
#11089=DIRECTION('',(-4.371139543845696E-08,0,-0.999999999999999));
#11090=FACE_SURFACE('',(#11095),#11091,.T.);
#11091=PLANE('',#11092);
#11092=AXIS2_PLACEMENT_3D('',#320,#11093,#11094);
#11093=DIRECTION('',(-0.7071067811865476,0.7071067811865476,0));
#11094=DIRECTION('',(-0.7071067811865475,-0.7071067811865475,0));
#11095=FACE_BOUND('',#11096,.T.);
#11096=EDGE_LOOP('',(#11097,#11098,#11099));
#11097=ORIENTED_EDGE('',*,*,#11100,.T.);
#11098=ORIENTED_EDGE('',*,*,#11101,.T.);
#11099=ORIENTED_EDGE('',*,*,#11102,.T.);
#11100=EDGE_CURVE('',#321,#549,#11103,.F.);
#11101=EDGE_CURVE('',#549,#585,#11104,.T.);
#11102=EDGE_CURVE('',#585,#321,#11105,.T.);
#11103=LINE('',#320,#11106);
#11104=LINE('',#548,#11107);
#11105=LINE('',#584,#11108);
#11106=VECTOR('',#11109,1.0);
#11107=VECTOR('',#11110,1.0);
#11108=VECTOR('',#11111,1.0);
#11109=DIRECTION('',(-0.7071067811865475,-0.7071067811865475,0));
#11110=DIRECTION('',(0,0,1));
#11111=DIRECTION('',(0.19535703176460897,0.19535703176460897,-0.9610781759462874));
#11112=FACE_SURFACE('',(#11117),#11113,.T.);
#11113=PLANE('',#11114);
#11114=AXIS2_PLACEMENT_3D('',#320,#11115,#11116);
#11115=DIRECTION('',(-0.7071067811865476,0.7071067811865476,0));
#11116=DIRECTION('',(-0.19535703176460897,-0.19535703176460897,0.9610781759462874));
#11117=FACE_BOUND('',#11118,.T.);
#11118=EDGE_LOOP('',(#11119,#11120,#11121));
#11119=ORIENTED_EDGE('',*,*,#11122,.T.);
#11120=ORIENTED_EDGE('',*,*,#11123,.T.);
#11121=ORIENTED_EDGE('',*,*,#11124,.T.);
#11122=EDGE_CURVE('',#321,#585,#11125,.F.);
#11123=EDGE_CURVE('',#585,#587,#11126,.T.);
#11124=EDGE_CURVE('',#587,#321,#11127,.T.);
#11125=LINE('',#320,#11128);
#11126=LINE('',#584,#11129);
#11127=LINE('',#586,#11130);
#11128=VECTOR('',#11131,1.0);
#11129=VECTOR('',#11132,1.0);
#11130=VECTOR('',#11133,1.0);
#11131=DIRECTION('',(-0.19535703176460897,-0.19535703176460897,0.9610781759462874));
#11132=DIRECTION('',(0.7071067811865475,0.7071067811865475,0));
#11133=DIRECTION('',(0,0,-1));
#11134=FACE_SURFACE('',(#11139),#11135,.T.);
#11135=PLANE('',#11136);
#11136=AXIS2_PLACEMENT_3D('',#590,#11137,#11138);
#11137=DIRECTION('',(0,0,1));
#11138=DIRECTION('',(-4.371138838483085E-08,0.999999999999999,0));
#11139=FACE_BOUND('',#11140,.T.);
#11140=EDGE_LOOP('',(#11141,#11142,#11143));
#11141=ORIENTED_EDGE('',*,*,#11144,.T.);
#11142=ORIENTED_EDGE('',*,*,#11145,.T.);
#11143=ORIENTED_EDGE('',*,*,#11146,.T.);
#11144=EDGE_CURVE('',#591,#593,#11147,.F.);
#11145=EDGE_CURVE('',#593,#595,#11148,.T.);
#11146=EDGE_CURVE('',#595,#591,#11149,.T.);
#11147=LINE('',#590,#11150);
#11148=LINE('',#592,#11151);
#11149=LINE('',#594,#11152);
#11150=VECTOR('',#11153,1.0);
#11151=VECTOR('',#11154,1.0);
#11152=VECTOR('',#11155,1.0);
#11153=DIRECTION('',(-4.371138838483085E-08,0.999999999999999,0));
#11154=DIRECTION('',(-1,0,0));
#11155=DIRECTION('',(0.7740812627148513,-0.6330862490322953,0));
#11156=FACE_SURFACE('',(#11161),#11157,.T.);
#11157=PLANE('',#11158);
#11158=AXIS2_PLACEMENT_3D('',#594,#11159,#11160);
#11159=DIRECTION('',(0,0,1));
#11160=DIRECTION('',(-0.7071067811865475,-0.7071067811865475,0));
#11161=FACE_BOUND('',#11162,.T.);
#11162=EDGE_LOOP('',(#11163,#11164,#11165));
#11163=ORIENTED_EDGE('',*,*,#11166,.T.);
#11164=ORIENTED_EDGE('',*,*,#11167,.T.);
#11165=ORIENTED_EDGE('',*,*,#11168,.T.);
#11166=EDGE_CURVE('',#595,#597,#11169,.F.);
#11167=EDGE_CURVE('',#597,#599,#11170,.T.);
#11168=EDGE_CURVE('',#599,#595,#11171,.T.);
#11169=LINE('',#594,#11172);
#11170=LINE('',#596,#11173);
#11171=LINE('',#598,#11174);
#11172=VECTOR('',#11175,1.0);
#11173=VECTOR('',#11176,1.0);
#11174=VECTOR('',#11177,1.0);
#11175=DIRECTION('',(-0.7071067811865475,-0.7071067811865475,0));
#11176=DIRECTION('',(0,-1,0));
#11177=DIRECTION('',(0.03642321308730442,0.9993364546279679,0));
#11178=FACE_SURFACE('',(#11183),#11179,.T.);
#11179=PLANE('',#11180);
#11180=AXIS2_PLACEMENT_3D('',#598,#11181,#11182);
#11181=DIRECTION('',(0,0,1));
#11182=DIRECTION('',(0.7069649122732202,-0.7072486216420065,0));
#11183=FACE_BOUND('',#11184,.T.);
#11184=EDGE_LOOP('',(#11185,#11186,#11187));
#11185=ORIENTED_EDGE('',*,*,#11188,.T.);
#11186=ORIENTED_EDGE('',*,*,#11189,.T.);
#11187=ORIENTED_EDGE('',*,*,#11190,.T.);
#11188=EDGE_CURVE('',#599,#601,#11191,.F.);
#11189=EDGE_CURVE('',#601,#591,#11192,.T.);
#11190=EDGE_CURVE('',#591,#599,#11193,.T.);
#11191=LINE('',#598,#11194);
#11192=LINE('',#600,#11195);
#11193=LINE('',#590,#11196);
#11194=VECTOR('',#11197,1.0);
#11195=VECTOR('',#11198,1.0);
#11196=VECTOR('',#11199,1.0);
#11197=DIRECTION('',(0.7069649122732202,-0.7072486216420065,0));
#11198=DIRECTION('',(1,0,0));
#11199=DIRECTION('',(-0.9996091459942884,0.027956309566345587,0));
#11200=FACE_SURFACE('',(#11205),#11201,.T.);
#11201=PLANE('',#11202);
#11202=AXIS2_PLACEMENT_3D('',#594,#11203,#11204);
#11203=DIRECTION('',(0,0,1));
#11204=DIRECTION('',(-0.03642321308730442,-0.9993364546279679,0));
#11205=FACE_BOUND('',#11206,.T.);
#11206=EDGE_LOOP('',(#11207,#11208,#11209));
#11207=ORIENTED_EDGE('',*,*,#11210,.T.);
#11208=ORIENTED_EDGE('',*,*,#11211,.T.);
#11209=ORIENTED_EDGE('',*,*,#11212,.T.);
#11210=EDGE_CURVE('',#595,#599,#11213,.F.);
#11211=EDGE_CURVE('',#599,#591,#11214,.T.);
#11212=EDGE_CURVE('',#591,#595,#11215,.T.);
#11213=LINE('',#594,#11216);
#11214=LINE('',#598,#11217);
#11215=LINE('',#590,#11218);
#11216=VECTOR('',#11219,1.0);
#11217=VECTOR('',#11220,1.0);
#11218=VECTOR('',#11221,1.0);
#11219=DIRECTION('',(-0.03642321308730442,-0.9993364546279679,0));
#11220=DIRECTION('',(0.9996091459942884,-0.027956309566345587,0));
#11221=DIRECTION('',(-0.7740812627148513,0.6330862490322953,0));
#11222=FACE_SURFACE('',(#11227),#11223,.T.);
#11223=PLANE('',#11224);
#11224=AXIS2_PLACEMENT_3D('',#602,#11225,#11226);
#11225=DIRECTION('',(0.7071067811865476,-0.7071067811865476,0));
#11226=DIRECTION('',(0,0,1));
#11227=FACE_BOUND('',#11228,.T.);
#11228=EDGE_LOOP('',(#11229,#11230,#11231));
#11229=ORIENTED_EDGE('',*,*,#11232,.T.);
#11230=ORIENTED_EDGE('',*,*,#11233,.T.);
#11231=ORIENTED_EDGE('',*,*,#11234,.T.);
#11232=EDGE_CURVE('',#603,#605,#11235,.F.);
#11233=EDGE_CURVE('',#605,#607,#11236,.T.);
#11234=EDGE_CURVE('',#607,#603,#11237,.T.);
#11235=LINE('',#602,#11238);
#11236=LINE('',#604,#11239);
#11237=LINE('',#606,#11240);
#11238=VECTOR('',#11241,1.0);
#11239=VECTOR('',#11242,1.0);
#11240=VECTOR('',#11243,1.0);
#11241=DIRECTION('',(0,0,1));
#11242=DIRECTION('',(-0.7071067811865475,-0.7071067811865475,0));
#11243=DIRECTION('',(0.577572713189352,0.577572713189352,-0.5769051238792919));
#11244=FACE_SURFACE('',(#11249),#11245,.T.);
#11245=PLANE('',#11246);
#11246=AXIS2_PLACEMENT_3D('',#602,#11247,#11248);
#11247=DIRECTION('',(0.7071067811865476,-0.7071067811865476,0));
#11248=DIRECTION('',(-0.577572713189352,-0.577572713189352,0.5769051238792919));
#11249=FACE_BOUND('',#11250,.T.);
#11250=EDGE_LOOP('',(#11251,#11252,#11253));
#11251=ORIENTED_EDGE('',*,*,#11254,.T.);
#11252=ORIENTED_EDGE('',*,*,#11255,.T.);
#11253=ORIENTED_EDGE('',*,*,#11256,.T.);
#11254=EDGE_CURVE('',#603,#607,#11257,.F.);
#11255=EDGE_CURVE('',#607,#609,#11258,.T.);
#11256=EDGE_CURVE('',#609,#603,#11259,.T.);
#11257=LINE('',#602,#11260);
#11258=LINE('',#606,#11261);
#11259=LINE('',#608,#11262);
#11260=VECTOR('',#11263,1.0);
#11261=VECTOR('',#11264,1.0);
#11262=VECTOR('',#11265,1.0);
#11263=DIRECTION('',(-0.577572713189352,-0.577572713189352,0.5769051238792919));
#11264=DIRECTION('',(0,0,-1));
#11265=DIRECTION('',(0.7071067811865475,0.7071067811865475,0));
#11266=FACE_SURFACE('',(#11271),#11267,.T.);
#11267=PLANE('',#11268);
#11268=AXIS2_PLACEMENT_3D('',#610,#11269,#11270);
#11269=DIRECTION('',(0.7072486216420066,0.7069649122732202,-0));
#11270=DIRECTION('',(0,0,1));
#11271=FACE_BOUND('',#11272,.T.);
#11272=EDGE_LOOP('',(#11273,#11274,#11275));
#11273=ORIENTED_EDGE('',*,*,#11276,.T.);
#11274=ORIENTED_EDGE('',*,*,#11277,.T.);
#11275=ORIENTED_EDGE('',*,*,#11278,.T.);
#11276=EDGE_CURVE('',#611,#613,#11279,.F.);
#11277=EDGE_CURVE('',#613,#615,#11280,.T.);
#11278=EDGE_CURVE('',#615,#611,#11281,.T.);
#11279=LINE('',#610,#11282);
#11280=LINE('',#612,#11283);
#11281=LINE('',#614,#11284);
#11282=VECTOR('',#11285,1.0);
#11283=VECTOR('',#11286,1.0);
#11284=VECTOR('',#11287,1.0);
#11285=DIRECTION('',(0,0,1));
#11286=DIRECTION('',(0.7069649122732202,-0.7072486216420065,0));
#11287=DIRECTION('',(-0.577495392496504,0.577727144950463,-0.5768278925578197));
#11288=FACE_SURFACE('',(#11293),#11289,.T.);
#11289=PLANE('',#11290);
#11290=AXIS2_PLACEMENT_3D('',#610,#11291,#11292);
#11291=DIRECTION('',(0.7072486216420066,0.7069649122732202,0));
#11292=DIRECTION('',(0.577495392496504,-0.577727144950463,0.5768278925578197));
#11293=FACE_BOUND('',#11294,.T.);
#11294=EDGE_LOOP('',(#11295,#11296,#11297));
#11295=ORIENTED_EDGE('',*,*,#11298,.T.);
#11296=ORIENTED_EDGE('',*,*,#11299,.T.);
#11297=ORIENTED_EDGE('',*,*,#11300,.T.);
#11298=EDGE_CURVE('',#611,#615,#11301,.F.);
#11299=EDGE_CURVE('',#615,#617,#11302,.T.);
#11300=EDGE_CURVE('',#617,#611,#11303,.T.);
#11301=LINE('',#610,#11304);
#11302=LINE('',#614,#11305);
#11303=LINE('',#616,#11306);
#11304=VECTOR('',#11307,1.0);
#11305=VECTOR('',#11308,1.0);
#11306=VECTOR('',#11309,1.0);
#11307=DIRECTION('',(0.577495392496504,-0.577727144950463,0.5768278925578197));
#11308=DIRECTION('',(0,0,-1));
#11309=DIRECTION('',(-0.7069649122732202,0.7072486216420065,0));
#11310=FACE_SURFACE('',(#11315),#11311,.T.);
#11311=PLANE('',#11312);
#11312=AXIS2_PLACEMENT_3D('',#604,#11313,#11314);
#11313=DIRECTION('',(0,-1,0));
#11314=DIRECTION('',(0,0,-1));
#11315=FACE_BOUND('',#11316,.T.);
#11316=EDGE_LOOP('',(#11317,#11318,#11319));
#11317=ORIENTED_EDGE('',*,*,#11320,.T.);
#11318=ORIENTED_EDGE('',*,*,#11321,.T.);
#11319=ORIENTED_EDGE('',*,*,#11322,.T.);
#11320=EDGE_CURVE('',#605,#603,#11323,.F.);
#11321=EDGE_CURVE('',#603,#619,#11324,.T.);
#11322=EDGE_CURVE('',#619,#605,#11325,.T.);
#11323=LINE('',#604,#11326);
#11324=LINE('',#602,#11327);
#11325=LINE('',#618,#11328);
#11326=VECTOR('',#11329,1.0);
#11327=VECTOR('',#11330,1.0);
#11328=VECTOR('',#11331,1.0);
#11329=DIRECTION('',(0,0,-1));
#11330=DIRECTION('',(1,0,0));
#11331=DIRECTION('',(-0.9995876407812943,0,0.028714950762383923));
#11332=FACE_SURFACE('',(#11337),#11333,.T.);
#11333=PLANE('',#11334);
#11334=AXIS2_PLACEMENT_3D('',#604,#11335,#11336);
#11335=DIRECTION('',(0,-1,0));
#11336=DIRECTION('',(0.9995876407812943,0,-0.028714950762383923));
#11337=FACE_BOUND('',#11338,.T.);
#11338=EDGE_LOOP('',(#11339,#11340,#11341));
#11339=ORIENTED_EDGE('',*,*,#11342,.T.);
#11340=ORIENTED_EDGE('',*,*,#11343,.T.);
#11341=ORIENTED_EDGE('',*,*,#11344,.T.);
#11342=EDGE_CURVE('',#605,#619,#11345,.F.);
#11343=EDGE_CURVE('',#619,#621,#11346,.T.);
#11344=EDGE_CURVE('',#621,#605,#11347,.T.);
#11345=LINE('',#604,#11348);
#11346=LINE('',#618,#11349);
#11347=LINE('',#620,#11350);
#11348=VECTOR('',#11351,1.0);
#11349=VECTOR('',#11352,1.0);
#11350=VECTOR('',#11353,1.0);
#11351=DIRECTION('',(0.9995876407812943,0,-0.028714950762383923));
#11352=DIRECTION('',(4.371136277709739E-08,0,0.9999999999999991));
#11353=DIRECTION('',(-1,0,0));
#11354=FACE_SURFACE('',(#11359),#11355,.T.);
#11355=PLANE('',#11356);
#11356=AXIS2_PLACEMENT_3D('',#608,#11357,#11358);
#11357=DIRECTION('',(1,0,-0));
#11358=DIRECTION('',(0,0,1));
#11359=FACE_BOUND('',#11360,.T.);
#11360=EDGE_LOOP('',(#11361,#11362,#11363));
#11361=ORIENTED_EDGE('',*,*,#11364,.T.);
#11362=ORIENTED_EDGE('',*,*,#11365,.T.);
#11363=ORIENTED_EDGE('',*,*,#11366,.T.);
#11364=EDGE_CURVE('',#609,#607,#11367,.F.);
#11365=EDGE_CURVE('',#607,#613,#11368,.T.);
#11366=EDGE_CURVE('',#613,#609,#11369,.T.);
#11367=LINE('',#608,#11370);
#11368=LINE('',#606,#11371);
#11369=LINE('',#612,#11372);
#11370=VECTOR('',#11373,1.0);
#11371=VECTOR('',#11374,1.0);
#11372=VECTOR('',#11375,1.0);
#11373=DIRECTION('',(0,0,1));
#11374=DIRECTION('',(0,-1,0));
#11375=DIRECTION('',(0,0.9992870107378037,-0.037755399225868666));
#11376=FACE_SURFACE('',(#11381),#11377,.T.);
#11377=PLANE('',#11378);
#11378=AXIS2_PLACEMENT_3D('',#608,#11379,#11380);
#11379=DIRECTION('',(1,0,0));
#11380=DIRECTION('',(0,-0.9992870107378037,0.037755399225868666));
#11381=FACE_BOUND('',#11382,.T.);
#11382=EDGE_LOOP('',(#11383,#11384,#11385));
#11383=ORIENTED_EDGE('',*,*,#11386,.T.);
#11384=ORIENTED_EDGE('',*,*,#11387,.T.);
#11385=ORIENTED_EDGE('',*,*,#11388,.T.);
#11386=EDGE_CURVE('',#609,#613,#11389,.F.);
#11387=EDGE_CURVE('',#613,#611,#11390,.T.);
#11388=EDGE_CURVE('',#611,#609,#11391,.T.);
#11389=LINE('',#608,#11392);
#11390=LINE('',#612,#11393);
#11391=LINE('',#610,#11394);
#11392=VECTOR('',#11395,1.0);
#11393=VECTOR('',#11396,1.0);
#11394=VECTOR('',#11397,1.0);
#11395=DIRECTION('',(0,-0.9992870107378037,0.037755399225868666));
#11396=DIRECTION('',(0,0,-1));
#11397=DIRECTION('',(0,1,0));
#11398=FACE_SURFACE('',(#11403),#11399,.T.);
#11399=PLANE('',#11400);
#11400=AXIS2_PLACEMENT_3D('',#616,#11401,#11402);
#11401=DIRECTION('',(0,1,0));
#11402=DIRECTION('',(0,0,1));
#11403=FACE_BOUND('',#11404,.T.);
#11404=EDGE_LOOP('',(#11405,#11406,#11407));
#11405=ORIENTED_EDGE('',*,*,#11408,.T.);
#11406=ORIENTED_EDGE('',*,*,#11409,.T.);
#11407=ORIENTED_EDGE('',*,*,#11410,.T.);
#11408=EDGE_CURVE('',#617,#615,#11411,.F.);
#11409=EDGE_CURVE('',#615,#623,#11412,.T.);
#11410=EDGE_CURVE('',#623,#617,#11413,.T.);
#11411=LINE('',#616,#11414);
#11412=LINE('',#614,#11415);
#11413=LINE('',#622,#11416);
#11414=VECTOR('',#11417,1.0);
#11415=VECTOR('',#11418,1.0);
#11416=VECTOR('',#11419,1.0);
#11417=DIRECTION('',(0,0,1));
#11418=DIRECTION('',(1,0,0));
#11419=DIRECTION('',(-0.9995876408117944,0,-0.02871494970065571));
#11420=FACE_SURFACE('',(#11425),#11421,.T.);
#11421=PLANE('',#11422);
#11422=AXIS2_PLACEMENT_3D('',#616,#11423,#11424);
#11423=DIRECTION('',(0,1,0));
#11424=DIRECTION('',(0.9995876408117944,0,0.02871494970065571));
#11425=FACE_BOUND('',#11426,.T.);
#11426=EDGE_LOOP('',(#11427,#11428,#11429));
#11427=ORIENTED_EDGE('',*,*,#11430,.T.);
#11428=ORIENTED_EDGE('',*,*,#11431,.T.);
#11429=ORIENTED_EDGE('',*,*,#11432,.T.);
#11430=EDGE_CURVE('',#617,#623,#11433,.F.);
#11431=EDGE_CURVE('',#623,#625,#11434,.T.);
#11432=EDGE_CURVE('',#625,#617,#11435,.T.);
#11433=LINE('',#616,#11436);
#11434=LINE('',#622,#11437);
#11435=LINE('',#624,#11438);
#11436=VECTOR('',#11439,1.0);
#11437=VECTOR('',#11440,1.0);
#11438=VECTOR('',#11441,1.0);
#11439=DIRECTION('',(0.9995876408117944,0,0.02871494970065571));
#11440=DIRECTION('',(-4.371136277709739E-08,0,-0.9999999999999991));
#11441=DIRECTION('',(-1,0,0));
#11442=FACE_SURFACE('',(#11447),#11443,.T.);
#11443=PLANE('',#11444);
#11444=AXIS2_PLACEMENT_3D('',#586,#11445,#11446);
#11445=DIRECTION('',(0,2.6217817628770464E-06,0.9999999999965632));
#11446=DIRECTION('',(0.6397157128614068,-0.7686116097966263,2.0151319013072896E-06));
#11447=FACE_BOUND('',#11448,.T.);
#11448=EDGE_LOOP('',(#11449,#11450,#11451));
#11449=ORIENTED_EDGE('',*,*,#11452,.T.);
#11450=ORIENTED_EDGE('',*,*,#11453,.T.);
#11451=ORIENTED_EDGE('',*,*,#11454,.T.);
#11452=EDGE_CURVE('',#587,#605,#11455,.F.);
#11453=EDGE_CURVE('',#605,#621,#11456,.T.);
#11454=EDGE_CURVE('',#621,#587,#11457,.T.);
#11455=LINE('',#586,#11458);
#11456=LINE('',#604,#11459);
#11457=LINE('',#620,#11460);
#11458=VECTOR('',#11461,1.0);
#11459=VECTOR('',#11462,1.0);
#11460=VECTOR('',#11463,1.0);
#11461=DIRECTION('',(0.6397157128614068,-0.7686116097966263,2.0151319013072896E-06));
#11462=DIRECTION('',(1,0,0));
#11463=DIRECTION('',(-0.9998637645444259,0.016506130710943534,-4.3275472473765234E-08));
#11464=FACE_SURFACE('',(#11469),#11465,.T.);
#11465=PLANE('',#11466);
#11466=AXIS2_PLACEMENT_3D('',#586,#11467,#11468);
#11467=DIRECTION('',(-0,2.621781762877046E-06,0.999999999996563));
#11468=DIRECTION('',(0.9998637645444259,-0.016506130710943534,4.3275472473765234E-08));
#11469=FACE_BOUND('',#11470,.T.);
#11470=EDGE_LOOP('',(#11471,#11472,#11473));
#11471=ORIENTED_EDGE('',*,*,#11474,.T.);
#11472=ORIENTED_EDGE('',*,*,#11475,.T.);
#11473=ORIENTED_EDGE('',*,*,#11476,.T.);
#11474=EDGE_CURVE('',#587,#621,#11477,.F.);
#11475=EDGE_CURVE('',#621,#589,#11478,.T.);
#11476=EDGE_CURVE('',#589,#587,#11479,.T.);
#11477=LINE('',#586,#11480);
#11478=LINE('',#620,#11481);
#11479=LINE('',#588,#11482);
#11480=VECTOR('',#11483,1.0);
#11481=VECTOR('',#11484,1.0);
#11482=VECTOR('',#11485,1.0);
#11483=DIRECTION('',(0.9998637645444259,-0.016506130710943534,4.3275472473765234E-08));
#11484=DIRECTION('',(-4.3711479268472086E-08,0.9999999999965622,-2.6217817628770443E-06));
#11485=DIRECTION('',(-1,0,0));
#11486=FACE_SURFACE('',(#11491),#11487,.T.);
#11487=PLANE('',#11488);
#11488=AXIS2_PLACEMENT_3D('',#612,#11489,#11490);
#11489=DIRECTION('',(-3.1500428405670033E-06,0,0.9999999999950386));
#11490=DIRECTION('',(0,1,0));
#11491=FACE_BOUND('',#11492,.T.);
#11492=EDGE_LOOP('',(#11493,#11494,#11495));
#11493=ORIENTED_EDGE('',*,*,#11496,.T.);
#11494=ORIENTED_EDGE('',*,*,#11497,.T.);
#11495=ORIENTED_EDGE('',*,*,#11498,.T.);
#11496=EDGE_CURVE('',#613,#607,#11499,.F.);
#11497=EDGE_CURVE('',#607,#585,#11500,.T.);
#11498=EDGE_CURVE('',#585,#613,#11501,.T.);
#11499=LINE('',#612,#11502);
#11500=LINE('',#606,#11503);
#11501=LINE('',#584,#11504);
#11502=VECTOR('',#11505,1.0);
#11503=VECTOR('',#11506,1.0);
#11504=VECTOR('',#11507,1.0);
#11505=DIRECTION('',(0,1,0));
#11506=DIRECTION('',(-0.6397157128614068,0.7686116097966263,-2.0151319013072896E-06));
#11507=DIRECTION('',(0.01792535386144548,-0.9998393279367134,5.6465632596156564E-08));
#11508=FACE_SURFACE('',(#11513),#11509,.T.);
#11509=PLANE('',#11510);
#11510=AXIS2_PLACEMENT_3D('',#580,#11511,#11512);
#11511=DIRECTION('',(0,0,1));
#11512=DIRECTION('',(1,0,0));
#11513=FACE_BOUND('',#11514,.T.);
#11514=EDGE_LOOP('',(#11515,#11516,#11517));
#11515=ORIENTED_EDGE('',*,*,#11518,.T.);
#11516=ORIENTED_EDGE('',*,*,#11519,.T.);
#11517=ORIENTED_EDGE('',*,*,#11520,.T.);
#11518=EDGE_CURVE('',#581,#579,#11521,.F.);
#11519=EDGE_CURVE('',#579,#623,#11522,.T.);
#11520=EDGE_CURVE('',#623,#581,#11523,.T.);
#11521=LINE('',#580,#11524);
#11522=LINE('',#578,#11525);
#11523=LINE('',#622,#11526);
#11524=VECTOR('',#11527,1.0);
#11525=VECTOR('',#11528,1.0);
#11526=VECTOR('',#11529,1.0);
#11527=DIRECTION('',(1,0,0));
#11528=DIRECTION('',(-4.371138119954215E-08,0.9999999999999991,0));
#11529=DIRECTION('',(-0.9998639523274072,-0.01649475177795989,0));
#11530=FACE_SURFACE('',(#11535),#11531,.T.);
#11531=PLANE('',#11532);
#11532=AXIS2_PLACEMENT_3D('',#580,#11533,#11534);
#11533=DIRECTION('',(0,0,1));
#11534=DIRECTION('',(0.9998639523274072,0.01649475177795989,0));
#11535=FACE_BOUND('',#11536,.T.);
#11536=EDGE_LOOP('',(#11537,#11538,#11539));
#11537=ORIENTED_EDGE('',*,*,#11540,.T.);
#11538=ORIENTED_EDGE('',*,*,#11541,.T.);
#11539=ORIENTED_EDGE('',*,*,#11542,.T.);
#11540=EDGE_CURVE('',#581,#623,#11543,.F.);
#11541=EDGE_CURVE('',#623,#615,#11544,.T.);
#11542=EDGE_CURVE('',#615,#581,#11545,.T.);
#11543=LINE('',#580,#11546);
#11544=LINE('',#622,#11547);
#11545=LINE('',#614,#11548);
#11546=VECTOR('',#11549,1.0);
#11547=VECTOR('',#11550,1.0);
#11548=VECTOR('',#11551,1.0);
#11549=DIRECTION('',(0.9998639523274072,0.01649475177795989,0));
#11550=DIRECTION('',(-1,0,0));
#11551=DIRECTION('',(-0.6399763695079703,-0.7683945903449594,0));
#11552=FACE_SURFACE('',(#11557),#11553,.T.);
#11553=PLANE('',#11554);
#11554=AXIS2_PLACEMENT_3D('',#612,#11555,#11556);
#11555=DIRECTION('',(-3.1500428405670037E-06,0,0.9999999999950387));
#11556=DIRECTION('',(-0.01792535386144548,0.9998393279367134,-5.6465632596156564E-08));
#11557=FACE_BOUND('',#11558,.T.);
#11558=EDGE_LOOP('',(#11559,#11560,#11561));
#11559=ORIENTED_EDGE('',*,*,#11562,.T.);
#11560=ORIENTED_EDGE('',*,*,#11563,.T.);
#11561=ORIENTED_EDGE('',*,*,#11564,.T.);
#11562=EDGE_CURVE('',#613,#585,#11565,.F.);
#11563=EDGE_CURVE('',#585,#583,#11566,.T.);
#11564=EDGE_CURVE('',#583,#613,#11567,.T.);
#11565=LINE('',#612,#11568);
#11566=LINE('',#584,#11569);
#11567=LINE('',#582,#11570);
#11568=VECTOR('',#11571,1.0);
#11569=VECTOR('',#11572,1.0);
#11570=VECTOR('',#11573,1.0);
#11571=DIRECTION('',(-0.01792535386144548,0.9998393279367134,-5.6465632596156564E-08));
#11572=DIRECTION('',(0,-1,0));
#11573=DIRECTION('',(0.6397157128614068,0.7686116097966263,2.0151319013072896E-06));
#11574=FACE_SURFACE('',(#11579),#11575,.T.);
#11575=PLANE('',#11576);
#11576=AXIS2_PLACEMENT_3D('',#580,#11577,#11578);
#11577=DIRECTION('',(0,-0,1));
#11578=DIRECTION('',(0.6399763695079703,0.7683945903449594,0));
#11579=FACE_BOUND('',#11580,.T.);
#11580=EDGE_LOOP('',(#11581,#11582,#11583));
#11581=ORIENTED_EDGE('',*,*,#11584,.T.);
#11582=ORIENTED_EDGE('',*,*,#11585,.T.);
#11583=ORIENTED_EDGE('',*,*,#11586,.T.);
#11584=EDGE_CURVE('',#581,#615,#11587,.F.);
#11585=EDGE_CURVE('',#615,#613,#11588,.T.);
#11586=EDGE_CURVE('',#613,#581,#11589,.T.);
#11587=LINE('',#580,#11590);
#11588=LINE('',#614,#11591);
#11589=LINE('',#612,#11592);
#11590=VECTOR('',#11593,1.0);
#11591=VECTOR('',#11594,1.0);
#11592=VECTOR('',#11595,1.0);
#11593=DIRECTION('',(0.6399763695079703,0.7683945903449594,0));
#11594=DIRECTION('',(-0.7069649122732202,0.7072486216420065,0));
#11595=DIRECTION('',(0.30987434788892115,-0.9507775178875529,0));
#11596=FACE_SURFACE('',(#11601),#11597,.T.);
#11597=PLANE('',#11598);
#11598=AXIS2_PLACEMENT_3D('',#582,#11599,#11600);
#11599=DIRECTION('',(-2.2636357986501057E-06,-7.377568924044303E-07,0.9999999999971658));
#11600=DIRECTION('',(0.7071067811861359,-0.7071067811861359,1.0789593218782591E-06));
#11601=FACE_BOUND('',#11602,.T.);
#11602=EDGE_LOOP('',(#11603,#11604,#11605));
#11603=ORIENTED_EDGE('',*,*,#11606,.T.);
#11604=ORIENTED_EDGE('',*,*,#11607,.T.);
#11605=ORIENTED_EDGE('',*,*,#11608,.T.);
#11606=EDGE_CURVE('',#583,#581,#11609,.F.);
#11607=EDGE_CURVE('',#581,#613,#11610,.T.);
#11608=EDGE_CURVE('',#613,#583,#11611,.T.);
#11609=LINE('',#582,#11612);
#11610=LINE('',#580,#11613);
#11611=LINE('',#612,#11614);
#11612=VECTOR('',#11615,1.0);
#11613=VECTOR('',#11616,1.0);
#11614=VECTOR('',#11617,1.0);
#11615=DIRECTION('',(0.7071067811861359,-0.7071067811861359,1.0789593218782591E-06));
#11616=DIRECTION('',(-0.30987434788892115,0.9507775178875529,0));
#11617=DIRECTION('',(-0.6397157128614068,-0.7686116097966263,-2.0151319013072896E-06));
#11618=FACE_SURFACE('',(#11623),#11619,.T.);
#11619=PLANE('',#11620);
#11620=AXIS2_PLACEMENT_3D('',#586,#11621,#11622);
#11621=DIRECTION('',(-1.4308689953553314E-06,1.4308689953553314E-06,0.9999999999979526));
#11622=DIRECTION('',(-0.7071067811865475,-0.7071067811865475,0));
#11623=FACE_BOUND('',#11624,.T.);
#11624=EDGE_LOOP('',(#11625,#11626,#11627));
#11625=ORIENTED_EDGE('',*,*,#11628,.T.);
#11626=ORIENTED_EDGE('',*,*,#11629,.T.);
#11627=ORIENTED_EDGE('',*,*,#11630,.T.);
#11628=EDGE_CURVE('',#587,#585,#11631,.F.);
#11629=EDGE_CURVE('',#585,#607,#11632,.T.);
#11630=EDGE_CURVE('',#607,#587,#11633,.T.);
#11631=LINE('',#586,#11634);
#11632=LINE('',#584,#11635);
#11633=LINE('',#606,#11636);
#11634=VECTOR('',#11637,1.0);
#11635=VECTOR('',#11638,1.0);
#11636=VECTOR('',#11639,1.0);
#11637=DIRECTION('',(-0.7071067811865475,-0.7071067811865475,0));
#11638=DIRECTION('',(0.6397157128614068,-0.7686116097966263,2.0151319013072896E-06));
#11639=DIRECTION('',(0.3098743478887908,0.950777517887153,-9.170484749774813E-07));
#11640=FACE_SURFACE('',(#11645),#11641,.T.);
#11641=PLANE('',#11642);
#11642=AXIS2_PLACEMENT_3D('',#586,#11643,#11644);
#11643=DIRECTION('',(-1.4308689953553314E-06,1.4308689953553314E-06,0.9999999999979526));
#11644=DIRECTION('',(-0.3098743478887908,-0.950777517887153,9.170484749774813E-07));
#11645=FACE_BOUND('',#11646,.T.);
#11646=EDGE_LOOP('',(#11647,#11648,#11649));
#11647=ORIENTED_EDGE('',*,*,#11650,.T.);
#11648=ORIENTED_EDGE('',*,*,#11651,.T.);
#11649=ORIENTED_EDGE('',*,*,#11652,.T.);
#11650=EDGE_CURVE('',#587,#607,#11653,.F.);
#11651=EDGE_CURVE('',#607,#605,#11654,.T.);
#11652=EDGE_CURVE('',#605,#587,#11655,.T.);
#11653=LINE('',#586,#11656);
#11654=LINE('',#606,#11657);
#11655=LINE('',#604,#11658);
#11656=VECTOR('',#11659,1.0);
#11657=VECTOR('',#11660,1.0);
#11658=VECTOR('',#11661,1.0);
#11659=DIRECTION('',(-0.3098743478887908,-0.950777517887153,9.170484749774813E-07));
#11660=DIRECTION('',(0.7071067811865475,0.7071067811865475,0));
#11661=DIRECTION('',(-0.6397157128614068,0.7686116097966263,-2.0151319013072896E-06));
#11662=FACE_SURFACE('',(#11667),#11663,.T.);
#11663=PLANE('',#11664);
#11664=AXIS2_PLACEMENT_3D('',#502,#11665,#11666);
#11665=DIRECTION('',(0,0,-1));
#11666=DIRECTION('',(-0.77140278688718,0.6363471854127212,0));
#11667=FACE_BOUND('',#11668,.T.);
#11668=EDGE_LOOP('',(#11669,#11670,#11671));
#11669=ORIENTED_EDGE('',*,*,#11672,.T.);
#11670=ORIENTED_EDGE('',*,*,#11673,.T.);
#11671=ORIENTED_EDGE('',*,*,#11674,.T.);
#11672=EDGE_CURVE('',#503,#509,#11675,.F.);
#11673=EDGE_CURVE('',#509,#403,#11676,.T.);
#11674=EDGE_CURVE('',#403,#503,#11677,.T.);
#11675=LINE('',#502,#11678);
#11676=LINE('',#508,#11679);
#11677=LINE('',#402,#11680);
#11678=VECTOR('',#11681,1.0);
#11679=VECTOR('',#11682,1.0);
#11680=VECTOR('',#11683,1.0);
#11681=DIRECTION('',(-0.77140278688718,0.6363471854127212,0));
#11682=DIRECTION('',(-0.632743818344065,0.7743611950164941,0));
#11683=DIRECTION('',(0.705589309411458,-0.7086210033891612,0));
#11684=FACE_SURFACE('',(#11689),#11685,.T.);
#11685=PLANE('',#11686);
#11686=AXIS2_PLACEMENT_3D('',#402,#11687,#11688);
#11687=DIRECTION('',(0,0,-1));
#11688=DIRECTION('',(-0.4735549229165853,0.8807642902510676,0));
#11689=FACE_BOUND('',#11690,.T.);
#11690=EDGE_LOOP('',(#11691,#11692,#11693));
#11691=ORIENTED_EDGE('',*,*,#11694,.T.);
#11692=ORIENTED_EDGE('',*,*,#11695,.T.);
#11693=ORIENTED_EDGE('',*,*,#11696,.T.);
#11694=EDGE_CURVE('',#403,#401,#11697,.F.);
#11695=EDGE_CURVE('',#401,#521,#11698,.T.);
#11696=EDGE_CURVE('',#521,#403,#11699,.T.);
#11697=LINE('',#402,#11700);
#11698=LINE('',#400,#11701);
#11699=LINE('',#520,#11702);
#11700=VECTOR('',#11703,1.0);
#11701=VECTOR('',#11704,1.0);
#11702=VECTOR('',#11705,1.0);
#11703=DIRECTION('',(-0.4735549229165853,0.8807642902510676,0));
#11704=DIRECTION('',(-0.29282486846234057,0.9561660924808059,0));
#11705=DIRECTION('',(0.3846121162365785,-0.9230782848946348,0));
#11706=FACE_SURFACE('',(#11711),#11707,.T.);
#11707=PLANE('',#11708);
#11708=AXIS2_PLACEMENT_3D('',#520,#11709,#11710);
#11709=DIRECTION('',(0,0,-1));
#11710=DIRECTION('',(-0.09382684982606322,0.9955885305947018,0));
#11711=FACE_BOUND('',#11712,.T.);
#11712=EDGE_LOOP('',(#11713,#11714,#11715));
#11713=ORIENTED_EDGE('',*,*,#11716,.T.);
#11714=ORIENTED_EDGE('',*,*,#11717,.T.);
#11715=ORIENTED_EDGE('',*,*,#11718,.T.);
#11716=EDGE_CURVE('',#521,#541,#11719,.F.);
#11717=EDGE_CURVE('',#541,#367,#11720,.T.);
#11718=EDGE_CURVE('',#367,#521,#11721,.T.);
#11719=LINE('',#520,#11722);
#11720=LINE('',#540,#11723);
#11721=LINE('',#366,#11724);
#11722=VECTOR('',#11725,1.0);
#11723=VECTOR('',#11726,1.0);
#11724=VECTOR('',#11727,1.0);
#11725=DIRECTION('',(-0.09382684982606322,0.9955885305947018,0));
#11726=DIRECTION('',(0.0932646413381185,0.995641354442488,0));
#11727=DIRECTION('',(0,-1,0));
#11728=FACE_SURFACE('',(#11733),#11729,.T.);
#11729=PLANE('',#11730);
#11730=AXIS2_PLACEMENT_3D('',#366,#11731,#11732);
#11731=DIRECTION('',(0,0,-1));
#11732=DIRECTION('',(0.29282486846234057,0.9561660924808059,0));
#11733=FACE_BOUND('',#11734,.T.);
#11734=EDGE_LOOP('',(#11735,#11736,#11737));
#11735=ORIENTED_EDGE('',*,*,#11738,.T.);
#11736=ORIENTED_EDGE('',*,*,#11739,.T.);
#11737=ORIENTED_EDGE('',*,*,#11740,.T.);
#11738=EDGE_CURVE('',#367,#365,#11741,.F.);
#11739=EDGE_CURVE('',#365,#565,#11742,.T.);
#11740=EDGE_CURVE('',#565,#367,#11743,.T.);
#11741=LINE('',#366,#11744);
#11742=LINE('',#364,#11745);
#11743=LINE('',#564,#11746);
#11744=VECTOR('',#11747,1.0);
#11745=VECTOR('',#11748,1.0);
#11746=VECTOR('',#11749,1.0);
#11747=DIRECTION('',(0.29282486846234057,0.9561660924808059,0));
#11748=DIRECTION('',(0.4735549229165853,0.8807642902510676,0));
#11749=DIRECTION('',(-0.3846121162365785,-0.9230782848946348,0));
#11750=FACE_SURFACE('',(#11755),#11751,.T.);
#11751=PLANE('',#11752);
#11752=AXIS2_PLACEMENT_3D('',#564,#11753,#11754);
#11753=DIRECTION('',(0,0,-1));
#11754=DIRECTION('',(0.632743818344065,0.7743611950164941,0));
#11755=FACE_BOUND('',#11756,.T.);
#11756=EDGE_LOOP('',(#11757,#11758,#11759));
#11757=ORIENTED_EDGE('',*,*,#11760,.T.);
#11758=ORIENTED_EDGE('',*,*,#11761,.T.);
#11759=ORIENTED_EDGE('',*,*,#11762,.T.);
#11760=EDGE_CURVE('',#565,#353,#11763,.F.);
#11761=EDGE_CURVE('',#353,#351,#11764,.T.);
#11762=EDGE_CURVE('',#351,#565,#11765,.T.);
#11763=LINE('',#564,#11766);
#11764=LINE('',#352,#11767);
#11765=LINE('',#350,#11768);
#11766=VECTOR('',#11769,1.0);
#11767=VECTOR('',#11770,1.0);
#11768=VECTOR('',#11771,1.0);
#11769=DIRECTION('',(0.632743818344065,0.7743611950164941,0));
#11770=DIRECTION('',(0.771405597237187,0.6363437785907384,0));
#11771=DIRECTION('',(-0.7055907503188891,-0.7086195686434485,0));
#11772=FACE_SURFACE('',(#11777),#11773,.T.);
#11773=PLANE('',#11774);
#11774=AXIS2_PLACEMENT_3D('',#350,#11775,#11776);
#11775=DIRECTION('',(0,0,-1));
#11776=DIRECTION('',(0.8821083927753538,0.4710464768950961,0));
#11777=FACE_BOUND('',#11778,.T.);
#11778=EDGE_LOOP('',(#11779,#11780,#11781));
#11779=ORIENTED_EDGE('',*,*,#11782,.T.);
#11780=ORIENTED_EDGE('',*,*,#11783,.T.);
#11781=ORIENTED_EDGE('',*,*,#11784,.T.);
#11782=EDGE_CURVE('',#351,#475,#11785,.F.);
#11783=EDGE_CURVE('',#475,#449,#11786,.T.);
#11784=EDGE_CURVE('',#449,#351,#11787,.T.);
#11785=LINE('',#350,#11788);
#11786=LINE('',#474,#11789);
#11787=LINE('',#448,#11790);
#11788=VECTOR('',#11791,1.0);
#11789=VECTOR('',#11792,1.0);
#11790=VECTOR('',#11793,1.0);
#11791=DIRECTION('',(0.8821083927753538,0.4710464768950961,0));
#11792=DIRECTION('',(0.9573273510920537,0.2890057834214945,0));
#11793=DIRECTION('',(-0.9241469907212502,-0.3820370918390747,0));
#11794=FACE_SURFACE('',(#11799),#11795,.T.);
#11795=PLANE('',#11796);
#11796=AXIS2_PLACEMENT_3D('',#448,#11797,#11798);
#11797=DIRECTION('',(0,0,-1));
#11798=DIRECTION('',(0.9950664419060704,0.09921076651449169,0));
#11799=FACE_BOUND('',#11800,.T.);
#11800=EDGE_LOOP('',(#11801,#11802,#11803));
#11801=ORIENTED_EDGE('',*,*,#11804,.T.);
#11802=ORIENTED_EDGE('',*,*,#11805,.T.);
#11803=ORIENTED_EDGE('',*,*,#11806,.T.);
#11804=EDGE_CURVE('',#449,#447,#11807,.F.);
#11805=EDGE_CURVE('',#447,#513,#11808,.T.);
#11806=EDGE_CURVE('',#513,#449,#11809,.T.);
#11807=LINE('',#448,#11810);
#11808=LINE('',#446,#11811);
#11809=LINE('',#512,#11812);
#11810=VECTOR('',#11813,1.0);
#11811=VECTOR('',#11814,1.0);
#11812=VECTOR('',#11815,1.0);
#11813=DIRECTION('',(0.9950664419060704,0.09921076651449169,0));
#11814=DIRECTION('',(0.9950666676547564,-0.09920850226900194,0));
#11815=DIRECTION('',(-1,0,0));
#11816=FACE_SURFACE('',(#11821),#11817,.T.);
#11817=PLANE('',#11818);
#11818=AXIS2_PLACEMENT_3D('',#512,#11819,#11820);
#11819=DIRECTION('',(0,0,-1));
#11820=DIRECTION('',(0.9573273510920537,-0.2890057834214945,0));
#11821=FACE_BOUND('',#11822,.T.);
#11822=EDGE_LOOP('',(#11823,#11824,#11825));
#11823=ORIENTED_EDGE('',*,*,#11826,.T.);
#11824=ORIENTED_EDGE('',*,*,#11827,.T.);
#11825=ORIENTED_EDGE('',*,*,#11828,.T.);
#11826=EDGE_CURVE('',#513,#411,#11829,.F.);
#11827=EDGE_CURVE('',#411,#211,#11830,.T.);
#11828=EDGE_CURVE('',#211,#513,#11831,.T.);
#11829=LINE('',#512,#11832);
#11830=LINE('',#410,#11833);
#11831=LINE('',#210,#11834);
#11832=VECTOR('',#11835,1.0);
#11833=VECTOR('',#11836,1.0);
#11834=VECTOR('',#11837,1.0);
#11835=DIRECTION('',(0.9573273510920537,-0.2890057834214945,0));
#11836=DIRECTION('',(0.8821033135673937,-0.47105598838505824,0));
#11837=DIRECTION('',(-0.924145309237656,0.38204115931930316,0));
#11838=FACE_SURFACE('',(#11843),#11839,.T.);
#11839=PLANE('',#11840);
#11840=AXIS2_PLACEMENT_3D('',#210,#11841,#11842);
#11841=DIRECTION('',(0,0,-1));
#11842=DIRECTION('',(0.771414870196002,-0.6363325373108667,0));
#11843=FACE_BOUND('',#11844,.T.);
#11844=EDGE_LOOP('',(#11845,#11846,#11847));
#11845=ORIENTED_EDGE('',*,*,#11848,.T.);
#11846=ORIENTED_EDGE('',*,*,#11849,.T.);
#11847=ORIENTED_EDGE('',*,*,#11850,.T.);
#11848=EDGE_CURVE('',#211,#209,#11851,.F.);
#11849=EDGE_CURVE('',#209,#479,#11852,.T.);
#11850=EDGE_CURVE('',#479,#211,#11853,.T.);
#11851=LINE('',#210,#11854);
#11852=LINE('',#208,#11855);
#11853=LINE('',#478,#11856);
#11854=VECTOR('',#11857,1.0);
#11855=VECTOR('',#11858,1.0);
#11856=VECTOR('',#11859,1.0);
#11857=DIRECTION('',(0.771414870196002,-0.6363325373108667,0));
#11858=DIRECTION('',(0.6363347510479688,-0.7714130441007072,0));
#11859=DIRECTION('',(-0.7071082190281611,0.7071053433420101,0));
#11860=FACE_SURFACE('',(#11865),#11861,.T.);
#11861=PLANE('',#11862);
#11862=AXIS2_PLACEMENT_3D('',#478,#11863,#11864);
#11863=DIRECTION('',(0,0,-1));
#11864=DIRECTION('',(0.4735549229165853,-0.8807642902510676,0));
#11865=FACE_BOUND('',#11866,.T.);
#11866=EDGE_LOOP('',(#11867,#11868,#11869));
#11867=ORIENTED_EDGE('',*,*,#11870,.T.);
#11868=ORIENTED_EDGE('',*,*,#11871,.T.);
#11869=ORIENTED_EDGE('',*,*,#11872,.T.);
#11870=EDGE_CURVE('',#479,#311,#11873,.F.);
#11871=EDGE_CURVE('',#311,#317,#11874,.T.);
#11872=EDGE_CURVE('',#317,#479,#11875,.T.);
#11873=LINE('',#478,#11876);
#11874=LINE('',#310,#11877);
#11875=LINE('',#316,#11878);
#11876=VECTOR('',#11879,1.0);
#11877=VECTOR('',#11880,1.0);
#11878=VECTOR('',#11881,1.0);
#11879=DIRECTION('',(0.4735549229165853,-0.8807642902510676,0));
#11880=DIRECTION('',(0.28734998064501477,-0.9578256566950532,0));
#11881=DIRECTION('',(-0.38203869951524333,0.9241463261154597,0));
#11882=FACE_SURFACE('',(#11887),#11883,.T.);
#11883=PLANE('',#11884);
#11884=AXIS2_PLACEMENT_3D('',#316,#11885,#11886);
#11885=DIRECTION('',(0,0,-1));
#11886=DIRECTION('',(0.09921985724439329,-0.9950655354942217,0));
#11887=FACE_BOUND('',#11888,.T.);
#11888=EDGE_LOOP('',(#11889,#11890,#11891));
#11889=ORIENTED_EDGE('',*,*,#11892,.T.);
#11890=ORIENTED_EDGE('',*,*,#11893,.T.);
#11891=ORIENTED_EDGE('',*,*,#11894,.T.);
#11892=EDGE_CURVE('',#317,#415,#11895,.F.);
#11893=EDGE_CURVE('',#415,#421,#11896,.T.);
#11894=EDGE_CURVE('',#421,#317,#11897,.T.);
#11895=LINE('',#316,#11898);
#11896=LINE('',#414,#11899);
#11897=LINE('',#420,#11900);
#11898=VECTOR('',#11901,1.0);
#11899=VECTOR('',#11902,1.0);
#11900=VECTOR('',#11903,1.0);
#11901=DIRECTION('',(0.09921985724439329,-0.9950655354942217,0));
#11902=DIRECTION('',(-0.09981726648605765,-0.9950057855667228,0));
#11903=DIRECTION('',(0,1,0));
#11904=FACE_SURFACE('',(#11909),#11905,.T.);
#11905=PLANE('',#11906);
#11906=AXIS2_PLACEMENT_3D('',#420,#11907,#11908);
#11907=DIRECTION('',(0,0,-1));
#11908=DIRECTION('',(-0.28734998064501477,-0.9578256566950532,0));
#11909=FACE_BOUND('',#11910,.T.);
#11910=EDGE_LOOP('',(#11911,#11912,#11913));
#11911=ORIENTED_EDGE('',*,*,#11914,.T.);
#11912=ORIENTED_EDGE('',*,*,#11915,.T.);
#11913=ORIENTED_EDGE('',*,*,#11916,.T.);
#11914=EDGE_CURVE('',#421,#43,#11917,.F.);
#11915=EDGE_CURVE('',#43,#49,#11918,.T.);
#11916=EDGE_CURVE('',#49,#421,#11919,.T.);
#11917=LINE('',#420,#11920);
#11918=LINE('',#42,#11921);
#11919=LINE('',#48,#11922);
#11920=VECTOR('',#11923,1.0);
#11921=VECTOR('',#11924,1.0);
#11922=VECTOR('',#11925,1.0);
#11923=DIRECTION('',(-0.28734998064501477,-0.9578256566950532,0));
#11924=DIRECTION('',(-0.4735549229165853,-0.8807642902510676,0));
#11925=DIRECTION('',(0.38203869951524333,0.9241463261154597,0));
#11926=FACE_SURFACE('',(#11931),#11927,.T.);
#11927=PLANE('',#11928);
#11928=AXIS2_PLACEMENT_3D('',#48,#11929,#11930);
#11929=DIRECTION('',(0,0,-1));
#11930=DIRECTION('',(-0.6363347510479688,-0.7714130441007072,0));
#11931=FACE_BOUND('',#11932,.T.);
#11932=EDGE_LOOP('',(#11933,#11934,#11935));
#11933=ORIENTED_EDGE('',*,*,#11936,.T.);
#11934=ORIENTED_EDGE('',*,*,#11937,.T.);
#11935=ORIENTED_EDGE('',*,*,#11938,.T.);
#11936=EDGE_CURVE('',#49,#303,#11939,.F.);
#11937=EDGE_CURVE('',#303,#223,#11940,.T.);
#11938=EDGE_CURVE('',#223,#49,#11941,.T.);
#11939=LINE('',#48,#11942);
#11940=LINE('',#302,#11943);
#11941=LINE('',#222,#11944);
#11942=VECTOR('',#11945,1.0);
#11943=VECTOR('',#11946,1.0);
#11944=VECTOR('',#11947,1.0);
#11945=DIRECTION('',(-0.6363347510479688,-0.7714130441007072,0));
#11946=DIRECTION('',(-0.7714120599115037,-0.636335944154572,0));
#11947=DIRECTION('',(0.7071067811865476,0.7071067811865476,0));
#11948=FACE_SURFACE('',(#11953),#11949,.T.);
#11949=PLANE('',#11950);
#11950=AXIS2_PLACEMENT_3D('',#222,#11951,#11952);
#11951=DIRECTION('',(0,0,-1));
#11952=DIRECTION('',(-0.8821056914762238,-0.4710515354664002,0));
#11953=FACE_BOUND('',#11954,.T.);
#11954=EDGE_LOOP('',(#11955,#11956,#11957));
#11955=ORIENTED_EDGE('',*,*,#11958,.T.);
#11956=ORIENTED_EDGE('',*,*,#11959,.T.);
#11957=ORIENTED_EDGE('',*,*,#11960,.T.);
#11958=EDGE_CURVE('',#223,#229,#11961,.F.);
#11959=EDGE_CURVE('',#229,#341,#11962,.T.);
#11960=EDGE_CURVE('',#341,#223,#11963,.T.);
#11961=LINE('',#222,#11964);
#11962=LINE('',#228,#11965);
#11963=LINE('',#340,#11966);
#11964=VECTOR('',#11967,1.0);
#11965=VECTOR('',#11968,1.0);
#11966=VECTOR('',#11969,1.0);
#11967=DIRECTION('',(-0.8821056914762238,-0.4710515354664002,0));
#11968=DIRECTION('',(-0.9573273510920537,-0.2890057834214945,0));
#11969=DIRECTION('',(0.9241463261154597,0.38203869951524333,0));
#11970=FACE_SURFACE('',(#11975),#11971,.T.);
#11971=PLANE('',#11972);
#11972=AXIS2_PLACEMENT_3D('',#340,#11973,#11974);
#11973=DIRECTION('',(-0,0,-1));
#11974=DIRECTION('',(-0.9950666676547564,-0.09920850226900194,0));
#11975=FACE_BOUND('',#11976,.T.);
#11976=EDGE_LOOP('',(#11977,#11978,#11979));
#11977=ORIENTED_EDGE('',*,*,#11980,.T.);
#11978=ORIENTED_EDGE('',*,*,#11981,.T.);
#11979=ORIENTED_EDGE('',*,*,#11982,.T.);
#11980=EDGE_CURVE('',#341,#533,#11983,.F.);
#11981=EDGE_CURVE('',#533,#547,#11984,.T.);
#11982=EDGE_CURVE('',#547,#341,#11985,.T.);
#11983=LINE('',#340,#11986);
#11984=LINE('',#532,#11987);
#11985=LINE('',#546,#11988);
#11986=VECTOR('',#11989,1.0);
#11987=VECTOR('',#11990,1.0);
#11988=VECTOR('',#11991,1.0);
#11989=DIRECTION('',(-0.9950666676547564,-0.09920850226900194,0));
#11990=DIRECTION('',(-0.9950664419060704,0.09921076651449169,0));
#11991=DIRECTION('',(1,0,0));
#11992=FACE_SURFACE('',(#11997),#11993,.T.);
#11993=PLANE('',#11994);
#11994=AXIS2_PLACEMENT_3D('',#546,#11995,#11996);
#11995=DIRECTION('',(0,0,-1));
#11996=DIRECTION('',(-0.9573273510920537,0.2890057834214945,0));
#11997=FACE_BOUND('',#11998,.T.);
#11998=EDGE_LOOP('',(#11999,#12000,#12001));
#11999=ORIENTED_EDGE('',*,*,#12002,.T.);
#12000=ORIENTED_EDGE('',*,*,#12003,.T.);
#12001=ORIENTED_EDGE('',*,*,#12004,.T.);
#12002=EDGE_CURVE('',#547,#567,#12005,.F.);
#12003=EDGE_CURVE('',#567,#503,#12006,.T.);
#12004=EDGE_CURVE('',#503,#547,#12007,.T.);
#12005=LINE('',#546,#12008);
#12006=LINE('',#566,#12009);
#12007=LINE('',#502,#12010);
#12008=VECTOR('',#12011,1.0);
#12009=VECTOR('',#12012,1.0);
#12010=VECTOR('',#12013,1.0);
#12011=DIRECTION('',(-0.9573273510920537,0.2890057834214945,0));
#12012=DIRECTION('',(-0.8821107706018471,0.47104202401507184,0));
#12013=DIRECTION('',(0.9241480075792513,-0.3820346320522527,0));
#12014=FACE_SURFACE('',(#12019),#12015,.T.);
#12015=PLANE('',#12016);
#12016=AXIS2_PLACEMENT_3D('',#502,#12017,#12018);
#12017=DIRECTION('',(0,0,-1));
#12018=DIRECTION('',(-0.705589309411458,0.7086210033891612,0));
#12019=FACE_BOUND('',#12020,.T.);
#12020=EDGE_LOOP('',(#12021,#12022,#12023));
#12021=ORIENTED_EDGE('',*,*,#12024,.T.);
#12022=ORIENTED_EDGE('',*,*,#12025,.T.);
#12023=ORIENTED_EDGE('',*,*,#12026,.T.);
#12024=EDGE_CURVE('',#503,#403,#12027,.F.);
#12025=EDGE_CURVE('',#403,#521,#12028,.T.);
#12026=EDGE_CURVE('',#521,#503,#12029,.T.);
#12027=LINE('',#502,#12030);
#12028=LINE('',#402,#12031);
#12029=LINE('',#520,#12032);
#12030=VECTOR('',#12033,1.0);
#12031=VECTOR('',#12034,1.0);
#12032=VECTOR('',#12035,1.0);
#12033=DIRECTION('',(-0.705589309411458,0.7086210033891612,0));
#12034=DIRECTION('',(-0.3846121162365785,0.9230782848946348,0));
#12035=DIRECTION('',(0.5554056369248206,-0.8315795683349456,0));
#12036=FACE_SURFACE('',(#12041),#12037,.T.);
#12037=PLANE('',#12038);
#12038=AXIS2_PLACEMENT_3D('',#520,#12039,#12040);
#12039=DIRECTION('',(0,0,-1));
#12040=DIRECTION('',(0,1,0));
#12041=FACE_BOUND('',#12042,.T.);
#12042=EDGE_LOOP('',(#12043,#12044,#12045));
#12043=ORIENTED_EDGE('',*,*,#12046,.T.);
#12044=ORIENTED_EDGE('',*,*,#12047,.T.);
#12045=ORIENTED_EDGE('',*,*,#12048,.T.);
#12046=EDGE_CURVE('',#521,#367,#12049,.F.);
#12047=EDGE_CURVE('',#367,#565,#12050,.T.);
#12048=EDGE_CURVE('',#565,#521,#12051,.T.);
#12049=LINE('',#520,#12052);
#12050=LINE('',#366,#12053);
#12051=LINE('',#564,#12054);
#12052=VECTOR('',#12055,1.0);
#12053=VECTOR('',#12056,1.0);
#12054=VECTOR('',#12057,1.0);
#12055=DIRECTION('',(0,1,0));
#12056=DIRECTION('',(0.3846121162365785,0.9230782848946348,0));
#12057=DIRECTION('',(-0.19655859922727306,-0.9804920790449112,0));
#12058=FACE_SURFACE('',(#12063),#12059,.T.);
#12059=PLANE('',#12060);
#12060=AXIS2_PLACEMENT_3D('',#564,#12061,#12062);
#12061=DIRECTION('',(0,0,-1));
#12062=DIRECTION('',(0.7055907503188891,0.7086195686434485,0));
#12063=FACE_BOUND('',#12064,.T.);
#12064=EDGE_LOOP('',(#12065,#12066,#12067));
#12065=ORIENTED_EDGE('',*,*,#12068,.T.);
#12066=ORIENTED_EDGE('',*,*,#12069,.T.);
#12067=ORIENTED_EDGE('',*,*,#12070,.T.);
#12068=EDGE_CURVE('',#565,#351,#12071,.F.);
#12069=EDGE_CURVE('',#351,#449,#12072,.T.);
#12070=EDGE_CURVE('',#449,#565,#12073,.T.);
#12071=LINE('',#564,#12074);
#12072=LINE('',#350,#12075);
#12073=LINE('',#448,#12076);
#12074=VECTOR('',#12077,1.0);
#12075=VECTOR('',#12078,1.0);
#12076=VECTOR('',#12079,1.0);
#12077=DIRECTION('',(0.7055907503188891,0.7086195686434485,0));
#12078=DIRECTION('',(0.9241469907212502,0.3820370918390747,0));
#12079=DIRECTION('',(-0.8311016012819136,-0.5561206059360136,0));
#12080=FACE_SURFACE('',(#12085),#12081,.T.);
#12081=PLANE('',#12082);
#12082=AXIS2_PLACEMENT_3D('',#448,#12083,#12084);
#12083=DIRECTION('',(0,0,-1));
#12084=DIRECTION('',(1,0,0));
#12085=FACE_BOUND('',#12086,.T.);
#12086=EDGE_LOOP('',(#12087,#12088,#12089));
#12087=ORIENTED_EDGE('',*,*,#12090,.T.);
#12088=ORIENTED_EDGE('',*,*,#12091,.T.);
#12089=ORIENTED_EDGE('',*,*,#12092,.T.);
#12090=EDGE_CURVE('',#449,#513,#12093,.F.);
#12091=EDGE_CURVE('',#513,#211,#12094,.T.);
#12092=EDGE_CURVE('',#211,#449,#12095,.T.);
#12093=LINE('',#448,#12096);
#12094=LINE('',#512,#12097);
#12095=LINE('',#210,#12098);
#12096=VECTOR('',#12099,1.0);
#12097=VECTOR('',#12100,1.0);
#12098=VECTOR('',#12101,1.0);
#12099=DIRECTION('',(1,0,0));
#12100=DIRECTION('',(0.924145309237656,-0.38204115931930316,0));
#12101=DIRECTION('',(-0.9808460720471722,0.19478445253570256,0));
#12102=FACE_SURFACE('',(#12107),#12103,.T.);
#12103=PLANE('',#12104);
#12104=AXIS2_PLACEMENT_3D('',#210,#12105,#12106);
#12105=DIRECTION('',(0,0,-1));
#12106=DIRECTION('',(0.7071082190281611,-0.7071053433420101,0));
#12107=FACE_BOUND('',#12108,.T.);
#12108=EDGE_LOOP('',(#12109,#12110,#12111));
#12109=ORIENTED_EDGE('',*,*,#12112,.T.);
#12110=ORIENTED_EDGE('',*,*,#12113,.T.);
#12111=ORIENTED_EDGE('',*,*,#12114,.T.);
#12112=EDGE_CURVE('',#211,#479,#12115,.F.);
#12113=EDGE_CURVE('',#479,#317,#12116,.T.);
#12114=EDGE_CURVE('',#317,#211,#12117,.T.);
#12115=LINE('',#210,#12118);
#12116=LINE('',#478,#12119);
#12117=LINE('',#316,#12120);
#12118=VECTOR('',#12121,1.0);
#12119=VECTOR('',#12122,1.0);
#12120=VECTOR('',#12123,1.0);
#12121=DIRECTION('',(0.7071082190281611,-0.7071053433420101,0));
#12122=DIRECTION('',(0.38203869951524333,-0.9241463261154597,0));
#12123=DIRECTION('',(-0.5554103731727129,0.831576405011679,0));
#12124=FACE_SURFACE('',(#12129),#12125,.T.);
#12125=PLANE('',#12126);
#12126=AXIS2_PLACEMENT_3D('',#316,#12127,#12128);
#12127=DIRECTION('',(0,-0,-1));
#12128=DIRECTION('',(0,-1,0));
#12129=FACE_BOUND('',#12130,.T.);
#12130=EDGE_LOOP('',(#12131,#12132,#12133));
#12131=ORIENTED_EDGE('',*,*,#12134,.T.);
#12132=ORIENTED_EDGE('',*,*,#12135,.T.);
#12133=ORIENTED_EDGE('',*,*,#12136,.T.);
#12134=EDGE_CURVE('',#317,#421,#12137,.F.);
#12135=EDGE_CURVE('',#421,#49,#12138,.T.);
#12136=EDGE_CURVE('',#49,#317,#12139,.T.);
#12137=LINE('',#316,#12140);
#12138=LINE('',#420,#12141);
#12139=LINE('',#48,#12142);
#12140=VECTOR('',#12143,1.0);
#12141=VECTOR('',#12144,1.0);
#12142=VECTOR('',#12145,1.0);
#12143=DIRECTION('',(0,-1,0));
#12144=DIRECTION('',(-0.38203869951524333,-0.9241463261154597,0));
#12145=DIRECTION('',(0.1950766513683751,0.9807879995650954,0));
#12146=FACE_SURFACE('',(#12151),#12147,.T.);
#12147=PLANE('',#12148);
#12148=AXIS2_PLACEMENT_3D('',#48,#12149,#12150);
#12149=DIRECTION('',(0,0,-1));
#12150=DIRECTION('',(-0.7071067811865476,-0.7071067811865476,0));
#12151=FACE_BOUND('',#12152,.T.);
#12152=EDGE_LOOP('',(#12153,#12154,#12155));
#12153=ORIENTED_EDGE('',*,*,#12156,.T.);
#12154=ORIENTED_EDGE('',*,*,#12157,.T.);
#12155=ORIENTED_EDGE('',*,*,#12158,.T.);
#12156=EDGE_CURVE('',#49,#223,#12159,.F.);
#12157=EDGE_CURVE('',#223,#341,#12160,.T.);
#12158=EDGE_CURVE('',#341,#49,#12161,.T.);
#12159=LINE('',#48,#12162);
#12160=LINE('',#222,#12163);
#12161=LINE('',#340,#12164);
#12162=VECTOR('',#12165,1.0);
#12163=VECTOR('',#12166,1.0);
#12164=VECTOR('',#12167,1.0);
#12165=DIRECTION('',(-0.7071067811865476,-0.7071067811865476,0));
#12166=DIRECTION('',(-0.9241463261154597,-0.38203869951524333,0));
#12167=DIRECTION('',(0.831576857631925,0.5554096954960484,0));
#12168=FACE_SURFACE('',(#12173),#12169,.T.);
#12169=PLANE('',#12170);
#12170=AXIS2_PLACEMENT_3D('',#340,#12171,#12172);
#12171=DIRECTION('',(0,0,-1));
#12172=DIRECTION('',(-1,0,0));
#12173=FACE_BOUND('',#12174,.T.);
#12174=EDGE_LOOP('',(#12175,#12176,#12177));
#12175=ORIENTED_EDGE('',*,*,#12178,.T.);
#12176=ORIENTED_EDGE('',*,*,#12179,.T.);
#12177=ORIENTED_EDGE('',*,*,#12180,.T.);
#12178=EDGE_CURVE('',#341,#547,#12181,.F.);
#12179=EDGE_CURVE('',#547,#503,#12182,.T.);
#12180=EDGE_CURVE('',#503,#341,#12183,.T.);
#12181=LINE('',#340,#12184);
#12182=LINE('',#546,#12185);
#12183=LINE('',#502,#12186);
#12184=VECTOR('',#12187,1.0);
#12185=VECTOR('',#12188,1.0);
#12186=VECTOR('',#12189,1.0);
#12187=DIRECTION('',(-1,0,0));
#12188=DIRECTION('',(-0.9241480075792513,0.3820346320522527,0));
#12189=DIRECTION('',(0.98084657545641,-0.19478191757818028,0));
#12190=FACE_SURFACE('',(#12195),#12191,.T.);
#12191=PLANE('',#12192);
#12192=AXIS2_PLACEMENT_3D('',#502,#12193,#12194);
#12193=DIRECTION('',(0,0,-1));
#12194=DIRECTION('',(-0.5554056369248206,0.8315795683349456,0));
#12195=FACE_BOUND('',#12196,.T.);
#12196=EDGE_LOOP('',(#12197,#12198,#12199));
#12197=ORIENTED_EDGE('',*,*,#12200,.T.);
#12198=ORIENTED_EDGE('',*,*,#12201,.T.);
#12199=ORIENTED_EDGE('',*,*,#12202,.T.);
#12200=EDGE_CURVE('',#503,#521,#12203,.F.);
#12201=EDGE_CURVE('',#521,#565,#12204,.T.);
#12202=EDGE_CURVE('',#565,#503,#12205,.T.);
#12203=LINE('',#502,#12206);
#12204=LINE('',#520,#12207);
#12205=LINE('',#564,#12208);
#12206=VECTOR('',#12209,1.0);
#12207=VECTOR('',#12210,1.0);
#12208=VECTOR('',#12211,1.0);
#12209=DIRECTION('',(-0.5554056369248206,0.8315795683349456,0));
#12210=DIRECTION('',(0.19655859922727306,0.9804920790449112,0));
#12211=DIRECTION('',(0.194670838654955,-0.9808686275834173,0));
#12212=FACE_SURFACE('',(#12217),#12213,.T.);
#12213=PLANE('',#12214);
#12214=AXIS2_PLACEMENT_3D('',#564,#12215,#12216);
#12215=DIRECTION('',(0,0,-1));
#12216=DIRECTION('',(0.8311016012819136,0.5561206059360136,0));
#12217=FACE_BOUND('',#12218,.T.);
#12218=EDGE_LOOP('',(#12219,#12220,#12221));
#12219=ORIENTED_EDGE('',*,*,#12222,.T.);
#12220=ORIENTED_EDGE('',*,*,#12223,.T.);
#12221=ORIENTED_EDGE('',*,*,#12224,.T.);
#12222=EDGE_CURVE('',#565,#449,#12225,.F.);
#12223=EDGE_CURVE('',#449,#211,#12226,.T.);
#12224=EDGE_CURVE('',#211,#565,#12227,.T.);
#12225=LINE('',#564,#12228);
#12226=LINE('',#448,#12229);
#12227=LINE('',#210,#12230);
#12228=VECTOR('',#12231,1.0);
#12229=VECTOR('',#12232,1.0);
#12230=VECTOR('',#12233,1.0);
#12231=DIRECTION('',(0.8311016012819136,0.5561206059360136,0));
#12232=DIRECTION('',(0.9808460720471722,-0.19478445253570256,0));
#12233=DIRECTION('',(-0.9807086697846926,-0.19547507516084642,0));
#12234=FACE_SURFACE('',(#12239),#12235,.T.);
#12235=PLANE('',#12236);
#12236=AXIS2_PLACEMENT_3D('',#210,#12237,#12238);
#12237=DIRECTION('',(0,0,-1));
#12238=DIRECTION('',(0.5554103731727129,-0.831576405011679,0));
#12239=FACE_BOUND('',#12240,.T.);
#12240=EDGE_LOOP('',(#12241,#12242,#12243));
#12241=ORIENTED_EDGE('',*,*,#12244,.T.);
#12242=ORIENTED_EDGE('',*,*,#12245,.T.);
#12243=ORIENTED_EDGE('',*,*,#12246,.T.);
#12244=EDGE_CURVE('',#211,#317,#12247,.F.);
#12245=EDGE_CURVE('',#317,#49,#12248,.T.);
#12246=EDGE_CURVE('',#49,#211,#12249,.T.);
#12247=LINE('',#210,#12250);
#12248=LINE('',#316,#12251);
#12249=LINE('',#48,#12252);
#12250=VECTOR('',#12253,1.0);
#12251=VECTOR('',#12254,1.0);
#12252=VECTOR('',#12255,1.0);
#12253=DIRECTION('',(0.5554103731727129,-0.831576405011679,0));
#12254=DIRECTION('',(-0.1950766513683751,-0.9807879995650954,0));
#12255=DIRECTION('',(-0.19547553495371237,0.9807085781385619,0));
#12256=FACE_SURFACE('',(#12261),#12257,.T.);
#12257=PLANE('',#12258);
#12258=AXIS2_PLACEMENT_3D('',#48,#12259,#12260);
#12259=DIRECTION('',(0,0,-1));
#12260=DIRECTION('',(-0.831576857631925,-0.5554096954960484,0));
#12261=FACE_BOUND('',#12262,.T.);
#12262=EDGE_LOOP('',(#12263,#12264,#12265));
#12263=ORIENTED_EDGE('',*,*,#12266,.T.);
#12264=ORIENTED_EDGE('',*,*,#12267,.T.);
#12265=ORIENTED_EDGE('',*,*,#12268,.T.);
#12266=EDGE_CURVE('',#49,#341,#12269,.F.);
#12267=EDGE_CURVE('',#341,#503,#12270,.T.);
#12268=EDGE_CURVE('',#503,#49,#12271,.T.);
#12269=LINE('',#48,#12272);
#12270=LINE('',#340,#12273);
#12271=LINE('',#502,#12274);
#12272=VECTOR('',#12275,1.0);
#12273=VECTOR('',#12276,1.0);
#12274=VECTOR('',#12277,1.0);
#12275=DIRECTION('',(-0.831576857631925,-0.5554096954960484,0));
#12276=DIRECTION('',(-0.98084657545641,0.19478191757818028,0));
#12277=DIRECTION('',(0.9807404339815714,0.1953156449279959,0));
#12278=FACE_SURFACE('',(#12283),#12279,.T.);
#12279=PLANE('',#12280);
#12280=AXIS2_PLACEMENT_3D('',#502,#12281,#12282);
#12281=DIRECTION('',(0,0,-1));
#12282=DIRECTION('',(-0.194670838654955,0.9808686275834173,0));
#12283=FACE_BOUND('',#12284,.T.);
#12284=EDGE_LOOP('',(#12285,#12286,#12287));
#12285=ORIENTED_EDGE('',*,*,#12288,.T.);
#12286=ORIENTED_EDGE('',*,*,#12289,.T.);
#12287=ORIENTED_EDGE('',*,*,#12290,.T.);
#12288=EDGE_CURVE('',#503,#565,#12291,.F.);
#12289=EDGE_CURVE('',#565,#211,#12292,.T.);
#12290=EDGE_CURVE('',#211,#503,#12293,.T.);
#12291=LINE('',#502,#12294);
#12292=LINE('',#564,#12295);
#12293=LINE('',#210,#12296);
#12294=VECTOR('',#12297,1.0);
#12295=VECTOR('',#12298,1.0);
#12296=VECTOR('',#12299,1.0);
#12297=DIRECTION('',(-0.194670838654955,0.9808686275834173,0));
#12298=DIRECTION('',(0.9807086697846926,0.19547507516084642,0));
#12299=DIRECTION('',(-0.555651674727168,-0.8314151889236168,0));
#12300=FACE_SURFACE('',(#12305),#12301,.T.);
#12301=PLANE('',#12302);
#12302=AXIS2_PLACEMENT_3D('',#210,#12303,#12304);
#12303=DIRECTION('',(0,-0,-1));
#12304=DIRECTION('',(0.19547553495371237,-0.9807085781385619,0));
#12305=FACE_BOUND('',#12306,.T.);
#12306=EDGE_LOOP('',(#12307,#12308,#12309));
#12307=ORIENTED_EDGE('',*,*,#12310,.T.);
#12308=ORIENTED_EDGE('',*,*,#12311,.T.);
#12309=ORIENTED_EDGE('',*,*,#12312,.T.);
#12310=EDGE_CURVE('',#211,#49,#12313,.F.);
#12311=EDGE_CURVE('',#49,#503,#12314,.T.);
#12312=EDGE_CURVE('',#503,#211,#12315,.T.);
#12313=LINE('',#210,#12316);
#12314=LINE('',#48,#12317);
#12315=LINE('',#502,#12318);
#12316=VECTOR('',#12319,1.0);
#12317=VECTOR('',#12320,1.0);
#12318=VECTOR('',#12321,1.0);
#12319=DIRECTION('',(0.19547553495371237,-0.9807085781385619,0));
#12320=DIRECTION('',(-0.9807404339815714,-0.1953156449279959,0));
#12321=DIRECTION('',(0.555651674727168,0.8314151889236168,0));
#12322=FACE_SURFACE('',(#12327),#12323,.T.);
#12323=PLANE('',#12324);
#12324=AXIS2_PLACEMENT_3D('',#376,#12325,#12326);
#12325=DIRECTION('',(0,0,-1));
#12326=DIRECTION('',(0.8821107706018471,0.47104202401507184,0));
#12327=FACE_BOUND('',#12328,.T.);
#12328=EDGE_LOOP('',(#12329,#12330,#12331));
#12329=ORIENTED_EDGE('',*,*,#12332,.T.);
#12330=ORIENTED_EDGE('',*,*,#12333,.T.);
#12331=ORIENTED_EDGE('',*,*,#12334,.T.);
#12332=EDGE_CURVE('',#377,#295,#12335,.F.);
#12333=EDGE_CURVE('',#295,#293,#12336,.T.);
#12334=EDGE_CURVE('',#293,#377,#12337,.T.);
#12335=LINE('',#376,#12338);
#12336=LINE('',#294,#12339);
#12337=LINE('',#292,#12340);
#12338=VECTOR('',#12341,1.0);
#12339=VECTOR('',#12342,1.0);
#12340=VECTOR('',#12343,1.0);
#12341=DIRECTION('',(0.8821107706018471,0.47104202401507184,0));
#12342=DIRECTION('',(0.955649529621486,0.2945063268152872,0));
#12343=DIRECTION('',(-0.923079987117954,-0.38460803083440387,0));
#12344=FACE_SURFACE('',(#12349),#12345,.T.);
#12345=PLANE('',#12346);
#12346=AXIS2_PLACEMENT_3D('',#292,#12347,#12348);
#12347=DIRECTION('',(0,0,-1));
#12348=DIRECTION('',(0.9956432856594724,0.09324402244224683,0));
#12349=FACE_BOUND('',#12350,.T.);
#12350=EDGE_LOOP('',(#12351,#12352,#12353));
#12351=ORIENTED_EDGE('',*,*,#12354,.T.);
#12352=ORIENTED_EDGE('',*,*,#12355,.T.);
#12353=ORIENTED_EDGE('',*,*,#12356,.T.);
#12354=EDGE_CURVE('',#293,#489,#12357,.F.);
#12355=EDGE_CURVE('',#489,#255,#12358,.T.);
#12356=EDGE_CURVE('',#255,#293,#12359,.T.);
#12357=LINE('',#292,#12360);
#12358=LINE('',#488,#12361);
#12359=LINE('',#254,#12362);
#12360=VECTOR('',#12363,1.0);
#12361=VECTOR('',#12364,1.0);
#12362=VECTOR('',#12365,1.0);
#12363=DIRECTION('',(0.9956432856594724,0.09324402244224683,0));
#12364=DIRECTION('',(0.9956434851862981,-0.09324189190531126,0));
#12365=DIRECTION('',(-1,0,0));
#12366=FACE_SURFACE('',(#12371),#12367,.T.);
#12367=PLANE('',#12368);
#12368=AXIS2_PLACEMENT_3D('',#254,#12369,#12370);
#12369=DIRECTION('',(0,0,-1));
#12370=DIRECTION('',(0.955649529621486,-0.2945063268152872,0));
#12371=FACE_BOUND('',#12372,.T.);
#12372=EDGE_LOOP('',(#12373,#12374,#12375));
#12373=ORIENTED_EDGE('',*,*,#12376,.T.);
#12374=ORIENTED_EDGE('',*,*,#12377,.T.);
#12375=ORIENTED_EDGE('',*,*,#12378,.T.);
#12376=EDGE_CURVE('',#255,#253,#12379,.F.);
#12377=EDGE_CURVE('',#253,#385,#12380,.T.);
#12378=EDGE_CURVE('',#385,#255,#12381,.T.);
#12379=LINE('',#254,#12382);
#12380=LINE('',#252,#12383);
#12381=LINE('',#384,#12384);
#12382=VECTOR('',#12385,1.0);
#12383=VECTOR('',#12386,1.0);
#12384=VECTOR('',#12387,1.0);
#12385=DIRECTION('',(0.955649529621486,-0.2945063268152872,0));
#12386=DIRECTION('',(0.8821056914762238,-0.4710515354664002,0));
#12387=DIRECTION('',(-0.9230782848946348,0.3846121162365785,0));
#12388=FACE_SURFACE('',(#12393),#12389,.T.);
#12389=PLANE('',#12390);
#12390=AXIS2_PLACEMENT_3D('',#384,#12391,#12392);
#12391=DIRECTION('',(0,0,-1));
#12392=DIRECTION('',(0.7743545334490687,-0.632751970780712,0));
#12393=FACE_BOUND('',#12394,.T.);
#12394=EDGE_LOOP('',(#12395,#12396,#12397));
#12395=ORIENTED_EDGE('',*,*,#12398,.T.);
#12396=ORIENTED_EDGE('',*,*,#12399,.T.);
#12397=ORIENTED_EDGE('',*,*,#12400,.T.);
#12398=EDGE_CURVE('',#385,#557,#12401,.F.);
#12399=EDGE_CURVE('',#557,#423,#12402,.T.);
#12400=EDGE_CURVE('',#423,#385,#12403,.T.);
#12401=LINE('',#384,#12404);
#12402=LINE('',#556,#12405);
#12403=LINE('',#422,#12406);
#12404=VECTOR('',#12407,1.0);
#12405=VECTOR('',#12408,1.0);
#12406=VECTOR('',#12409,1.0);
#12407=DIRECTION('',(0.7743545334490687,-0.632751970780712,0));
#12408=DIRECTION('',(0.6363403717315208,-0.7714084075926253,0));
#12409=DIRECTION('',(-0.7086152397886103,0.7055950977290945,0));
#12410=FACE_SURFACE('',(#12415),#12411,.T.);
#12411=PLANE('',#12412);
#12412=AXIS2_PLACEMENT_3D('',#422,#12413,#12414);
#12413=DIRECTION('',(0,0,-1));
#12414=DIRECTION('',(0.47105391338069325,-0.8821044216467426,0));
#12415=FACE_BOUND('',#12416,.T.);
#12416=EDGE_LOOP('',(#12417,#12418,#12419));
#12417=ORIENTED_EDGE('',*,*,#12420,.T.);
#12418=ORIENTED_EDGE('',*,*,#12421,.T.);
#12419=ORIENTED_EDGE('',*,*,#12422,.T.);
#12420=EDGE_CURVE('',#423,#429,#12423,.F.);
#12421=EDGE_CURVE('',#429,#331,#12424,.T.);
#12422=EDGE_CURVE('',#331,#423,#12425,.T.);
#12423=LINE('',#422,#12426);
#12424=LINE('',#428,#12427);
#12425=LINE('',#330,#12428);
#12426=VECTOR('',#12429,1.0);
#12427=VECTOR('',#12430,1.0);
#12428=VECTOR('',#12431,1.0);
#12429=DIRECTION('',(0.47105391338069325,-0.8821044216467426,0));
#12430=DIRECTION('',(0.2890057834214945,-0.9573273510920537,0));
#12431=DIRECTION('',(-0.3820397163933677,0.9241459057411201,0));
#12432=FACE_SURFACE('',(#12437),#12433,.T.);
#12433=PLANE('',#12434);
#12434=AXIS2_PLACEMENT_3D('',#330,#12435,#12436);
#12435=DIRECTION('',(0,0,-1));
#12436=DIRECTION('',(0.09921985724439329,-0.9950655354942217,0));
#12437=FACE_BOUND('',#12438,.T.);
#12438=EDGE_LOOP('',(#12439,#12440,#12441));
#12439=ORIENTED_EDGE('',*,*,#12442,.T.);
#12440=ORIENTED_EDGE('',*,*,#12443,.T.);
#12441=ORIENTED_EDGE('',*,*,#12444,.T.);
#12442=EDGE_CURVE('',#331,#337,#12445,.F.);
#12443=EDGE_CURVE('',#337,#485,#12446,.T.);
#12444=EDGE_CURVE('',#485,#331,#12447,.T.);
#12445=LINE('',#330,#12448);
#12446=LINE('',#336,#12449);
#12447=LINE('',#484,#12450);
#12448=VECTOR('',#12451,1.0);
#12449=VECTOR('',#12452,1.0);
#12450=VECTOR('',#12453,1.0);
#12451=DIRECTION('',(0.09921985724439329,-0.9950655354942217,0));
#12452=DIRECTION('',(-0.09921985724439329,-0.9950655354942217,0));
#12453=DIRECTION('',(0,1,0));
#12454=FACE_SURFACE('',(#12459),#12455,.T.);
#12455=PLANE('',#12456);
#12456=AXIS2_PLACEMENT_3D('',#484,#12457,#12458);
#12457=DIRECTION('',(0,0,-1));
#12458=DIRECTION('',(-0.2890057834214945,-0.9573273510920537,0));
#12459=FACE_BOUND('',#12460,.T.);
#12460=EDGE_LOOP('',(#12461,#12462,#12463));
#12461=ORIENTED_EDGE('',*,*,#12464,.T.);
#12462=ORIENTED_EDGE('',*,*,#12465,.T.);
#12463=ORIENTED_EDGE('',*,*,#12466,.T.);
#12464=EDGE_CURVE('',#485,#497,#12467,.F.);
#12465=EDGE_CURVE('',#497,#343,#12468,.T.);
#12466=EDGE_CURVE('',#343,#485,#12469,.T.);
#12467=LINE('',#484,#12470);
#12468=LINE('',#496,#12471);
#12469=LINE('',#342,#12472);
#12470=VECTOR('',#12473,1.0);
#12471=VECTOR('',#12474,1.0);
#12472=VECTOR('',#12475,1.0);
#12473=DIRECTION('',(-0.2890057834214945,-0.9573273510920537,0));
#12474=DIRECTION('',(-0.4710515354664002,-0.8821056914762238,0));
#12475=DIRECTION('',(0.38203869951524333,0.9241463261154597,0));
#12476=FACE_SURFACE('',(#12481),#12477,.T.);
#12477=PLANE('',#12478);
#12478=AXIS2_PLACEMENT_3D('',#342,#12479,#12480);
#12479=DIRECTION('',(0,0,-1));
#12480=DIRECTION('',(-0.6363403717315208,-0.7714084075926253,0));
#12481=FACE_BOUND('',#12482,.T.);
#12482=EDGE_LOOP('',(#12483,#12484,#12485));
#12483=ORIENTED_EDGE('',*,*,#12486,.T.);
#12484=ORIENTED_EDGE('',*,*,#12487,.T.);
#12485=ORIENTED_EDGE('',*,*,#12488,.T.);
#12486=EDGE_CURVE('',#343,#349,#12489,.F.);
#12487=EDGE_CURVE('',#349,#445,#12490,.T.);
#12488=EDGE_CURVE('',#445,#343,#12491,.T.);
#12489=LINE('',#342,#12492);
#12490=LINE('',#348,#12493);
#12491=LINE('',#444,#12494);
#12492=VECTOR('',#12495,1.0);
#12493=VECTOR('',#12496,1.0);
#12494=VECTOR('',#12497,1.0);
#12495=DIRECTION('',(-0.6363403717315208,-0.7714084075926253,0));
#12496=DIRECTION('',(-0.7714064393587983,-0.6363427577302821,0));
#12497=DIRECTION('',(0.7071067811865476,0.7071067811865476,0));
#12498=FACE_SURFACE('',(#12503),#12499,.T.);
#12499=PLANE('',#12500);
#12500=AXIS2_PLACEMENT_3D('',#444,#12501,#12502);
#12501=DIRECTION('',(0,0,-1));
#12502=DIRECTION('',(-0.8821056914762238,-0.4710515354664002,0));
#12503=FACE_BOUND('',#12504,.T.);
#12504=EDGE_LOOP('',(#12505,#12506,#12507));
#12505=ORIENTED_EDGE('',*,*,#12508,.T.);
#12506=ORIENTED_EDGE('',*,*,#12509,.T.);
#12507=ORIENTED_EDGE('',*,*,#12510,.T.);
#12508=EDGE_CURVE('',#445,#369,#12511,.F.);
#12509=EDGE_CURVE('',#369,#375,#12512,.T.);
#12510=EDGE_CURVE('',#375,#445,#12513,.T.);
#12511=LINE('',#444,#12514);
#12512=LINE('',#368,#12515);
#12513=LINE('',#374,#12516);
#12514=VECTOR('',#12517,1.0);
#12515=VECTOR('',#12518,1.0);
#12516=VECTOR('',#12519,1.0);
#12517=DIRECTION('',(-0.8821056914762238,-0.4710515354664002,0));
#12518=DIRECTION('',(-0.9573273510920537,-0.2890057834214945,0));
#12519=DIRECTION('',(0.9241463261154597,0.38203869951524333,0));
#12520=FACE_SURFACE('',(#12525),#12521,.T.);
#12521=PLANE('',#12522);
#12522=AXIS2_PLACEMENT_3D('',#374,#12523,#12524);
#12523=DIRECTION('',(-0,0,-1));
#12524=DIRECTION('',(-0.9950677996882918,-0.0991971472548545,0));
#12525=FACE_BOUND('',#12526,.T.);
#12526=EDGE_LOOP('',(#12527,#12528,#12529));
#12527=ORIENTED_EDGE('',*,*,#12530,.T.);
#12528=ORIENTED_EDGE('',*,*,#12531,.T.);
#12529=ORIENTED_EDGE('',*,*,#12532,.T.);
#12530=EDGE_CURVE('',#375,#381,#12533,.F.);
#12531=EDGE_CURVE('',#381,#273,#12534,.T.);
#12532=EDGE_CURVE('',#273,#375,#12535,.T.);
#12533=LINE('',#374,#12536);
#12534=LINE('',#380,#12537);
#12535=LINE('',#272,#12538);
#12536=VECTOR('',#12539,1.0);
#12537=VECTOR('',#12540,1.0);
#12538=VECTOR('',#12541,1.0);
#12539=DIRECTION('',(-0.9950677996882918,-0.0991971472548545,0));
#12540=DIRECTION('',(-0.9950675739910229,0.09919941124633906,0));
#12541=DIRECTION('',(1,0,0));
#12542=FACE_SURFACE('',(#12547),#12543,.T.);
#12543=PLANE('',#12544);
#12544=AXIS2_PLACEMENT_3D('',#272,#12545,#12546);
#12545=DIRECTION('',(0,0,-1));
#12546=DIRECTION('',(-0.9573273510920537,0.2890057834214945,0));
#12547=FACE_BOUND('',#12548,.T.);
#12548=EDGE_LOOP('',(#12549,#12550,#12551));
#12549=ORIENTED_EDGE('',*,*,#12552,.T.);
#12550=ORIENTED_EDGE('',*,*,#12553,.T.);
#12551=ORIENTED_EDGE('',*,*,#12554,.T.);
#12552=EDGE_CURVE('',#273,#279,#12555,.F.);
#12553=EDGE_CURVE('',#279,#391,#12556,.T.);
#12554=EDGE_CURVE('',#391,#273,#12557,.T.);
#12555=LINE('',#272,#12558);
#12556=LINE('',#278,#12559);
#12557=LINE('',#390,#12560);
#12558=VECTOR('',#12561,1.0);
#12559=VECTOR('',#12562,1.0);
#12560=VECTOR('',#12563,1.0);
#12561=DIRECTION('',(-0.9573273510920537,0.2890057834214945,0));
#12562=DIRECTION('',(-0.8821107706018471,0.47104202401507184,0));
#12563=DIRECTION('',(0.9241480075792513,-0.3820346320522527,0));
#12564=FACE_SURFACE('',(#12569),#12565,.T.);
#12565=PLANE('',#12566);
#12566=AXIS2_PLACEMENT_3D('',#390,#12567,#12568);
#12567=DIRECTION('',(0,0,-1));
#12568=DIRECTION('',(-0.7713971662034602,0.636353998944983,0));
#12569=FACE_BOUND('',#12570,.T.);
#12570=EDGE_LOOP('',(#12571,#12572,#12573));
#12571=ORIENTED_EDGE('',*,*,#12574,.T.);
#12572=ORIENTED_EDGE('',*,*,#12575,.T.);
#12573=ORIENTED_EDGE('',*,*,#12576,.T.);
#12574=EDGE_CURVE('',#391,#437,#12577,.F.);
#12575=EDGE_CURVE('',#437,#575,#12578,.T.);
#12576=EDGE_CURVE('',#575,#391,#12579,.T.);
#12577=LINE('',#390,#12580);
#12578=LINE('',#436,#12581);
#12579=LINE('',#574,#12582);
#12580=VECTOR('',#12583,1.0);
#12581=VECTOR('',#12584,1.0);
#12582=VECTOR('',#12585,1.0);
#12583=DIRECTION('',(-0.7713971662034602,0.636353998944983,0));
#12584=DIRECTION('',(-0.6327494501107578,0.7743565931691508,0));
#12585=DIRECTION('',(0.705589309411458,-0.7086210033891612,0));
#12586=FACE_SURFACE('',(#12591),#12587,.T.);
#12587=PLANE('',#12588);
#12588=AXIS2_PLACEMENT_3D('',#574,#12589,#12590);
#12589=DIRECTION('',(0,0,-1));
#12590=DIRECTION('',(-0.4710515354664002,0.8821056914762238,0));
#12591=FACE_BOUND('',#12592,.T.);
#12592=EDGE_LOOP('',(#12593,#12594,#12595));
#12593=ORIENTED_EDGE('',*,*,#12596,.T.);
#12594=ORIENTED_EDGE('',*,*,#12597,.T.);
#12595=ORIENTED_EDGE('',*,*,#12598,.T.);
#12596=EDGE_CURVE('',#575,#291,#12599,.F.);
#12597=EDGE_CURVE('',#291,#221,#12600,.T.);
#12598=EDGE_CURVE('',#221,#575,#12601,.T.);
#12599=LINE('',#574,#12602);
#12600=LINE('',#290,#12603);
#12601=LINE('',#220,#12604);
#12602=VECTOR('',#12605,1.0);
#12603=VECTOR('',#12606,1.0);
#12604=VECTOR('',#12607,1.0);
#12605=DIRECTION('',(-0.4710515354664002,0.8821056914762238,0));
#12606=DIRECTION('',(-0.2945063268152872,0.955649529621486,0));
#12607=DIRECTION('',(0.3846121162365785,-0.9230782848946348,0));
#12608=FACE_SURFACE('',(#12613),#12609,.T.);
#12609=PLANE('',#12610);
#12610=AXIS2_PLACEMENT_3D('',#220,#12611,#12612);
#12611=DIRECTION('',(0,0,-1));
#12612=DIRECTION('',(-0.0932646413381185,0.995641354442488,0));
#12613=FACE_BOUND('',#12614,.T.);
#12614=EDGE_LOOP('',(#12615,#12616,#12617));
#12615=ORIENTED_EDGE('',*,*,#12618,.T.);
#12616=ORIENTED_EDGE('',*,*,#12619,.T.);
#12617=ORIENTED_EDGE('',*,*,#12620,.T.);
#12618=EDGE_CURVE('',#221,#219,#12621,.F.);
#12619=EDGE_CURVE('',#219,#267,#12622,.T.);
#12620=EDGE_CURVE('',#267,#221,#12623,.T.);
#12621=LINE('',#220,#12624);
#12622=LINE('',#218,#12625);
#12623=LINE('',#266,#12626);
#12624=VECTOR('',#12627,1.0);
#12625=VECTOR('',#12628,1.0);
#12626=VECTOR('',#12629,1.0);
#12627=DIRECTION('',(-0.0932646413381185,0.995641354442488,0));
#12628=DIRECTION('',(0.0932646413381185,0.995641354442488,0));
#12629=DIRECTION('',(0,-1,0));
#12630=FACE_SURFACE('',(#12635),#12631,.T.);
#12631=PLANE('',#12632);
#12632=AXIS2_PLACEMENT_3D('',#266,#12633,#12634);
#12633=DIRECTION('',(0,0,-1));
#12634=DIRECTION('',(0.2945063268152872,0.955649529621486,0));
#12635=FACE_BOUND('',#12636,.T.);
#12636=EDGE_LOOP('',(#12637,#12638,#12639));
#12637=ORIENTED_EDGE('',*,*,#12640,.T.);
#12638=ORIENTED_EDGE('',*,*,#12641,.T.);
#12639=ORIENTED_EDGE('',*,*,#12642,.T.);
#12640=EDGE_CURVE('',#267,#265,#12643,.F.);
#12641=EDGE_CURVE('',#265,#501,#12644,.T.);
#12642=EDGE_CURVE('',#501,#267,#12645,.T.);
#12643=LINE('',#266,#12646);
#12644=LINE('',#264,#12647);
#12645=LINE('',#500,#12648);
#12646=VECTOR('',#12649,1.0);
#12647=VECTOR('',#12650,1.0);
#12648=VECTOR('',#12651,1.0);
#12649=DIRECTION('',(0.2945063268152872,0.955649529621486,0));
#12650=DIRECTION('',(0.47105391338069325,0.8821044216467426,0));
#12651=DIRECTION('',(-0.38461313759950627,-0.9230778593303293,0));
#12652=FACE_SURFACE('',(#12657),#12653,.T.);
#12653=PLANE('',#12654);
#12654=AXIS2_PLACEMENT_3D('',#500,#12655,#12656);
#12655=DIRECTION('',(0,0,-1));
#12656=DIRECTION('',(0.6327494501107578,0.7743565931691508,0));
#12657=FACE_BOUND('',#12658,.T.);
#12658=EDGE_LOOP('',(#12659,#12660,#12661));
#12659=ORIENTED_EDGE('',*,*,#12662,.T.);
#12660=ORIENTED_EDGE('',*,*,#12663,.T.);
#12661=ORIENTED_EDGE('',*,*,#12664,.T.);
#12662=EDGE_CURVE('',#501,#459,#12665,.F.);
#12663=EDGE_CURVE('',#459,#377,#12666,.T.);
#12664=EDGE_CURVE('',#377,#501,#12667,.T.);
#12665=LINE('',#500,#12668);
#12666=LINE('',#458,#12669);
#12667=LINE('',#376,#12670);
#12668=VECTOR('',#12671,1.0);
#12669=VECTOR('',#12672,1.0);
#12670=VECTOR('',#12673,1.0);
#12671=DIRECTION('',(0.6327494501107578,0.7743565931691508,0));
#12672=DIRECTION('',(0.7743453296101351,0.6327632341650165,0));
#12673=DIRECTION('',(-0.7071010051377555,-0.707112557188158,0));
#12674=FACE_SURFACE('',(#12679),#12675,.T.);
#12675=PLANE('',#12676);
#12676=AXIS2_PLACEMENT_3D('',#376,#12677,#12678);
#12677=DIRECTION('',(0,0,-1));
#12678=DIRECTION('',(0.923079987117954,0.38460803083440387,0));
#12679=FACE_BOUND('',#12680,.T.);
#12680=EDGE_LOOP('',(#12681,#12682,#12683));
#12681=ORIENTED_EDGE('',*,*,#12684,.T.);
#12682=ORIENTED_EDGE('',*,*,#12685,.T.);
#12683=ORIENTED_EDGE('',*,*,#12686,.T.);
#12684=EDGE_CURVE('',#377,#293,#12687,.F.);
#12685=EDGE_CURVE('',#293,#255,#12688,.T.);
#12686=EDGE_CURVE('',#255,#377,#12689,.T.);
#12687=LINE('',#376,#12690);
#12688=LINE('',#292,#12691);
#12689=LINE('',#254,#12692);
#12690=VECTOR('',#12693,1.0);
#12691=VECTOR('',#12694,1.0);
#12692=VECTOR('',#12695,1.0);
#12693=DIRECTION('',(0.923079987117954,0.38460803083440387,0));
#12694=DIRECTION('',(1,0,0));
#12695=DIRECTION('',(-0.9805515304274023,-0.19626180519010616,0));
#12696=FACE_SURFACE('',(#12701),#12697,.T.);
#12697=PLANE('',#12698);
#12698=AXIS2_PLACEMENT_3D('',#254,#12699,#12700);
#12699=DIRECTION('',(0,0,-1));
#12700=DIRECTION('',(0.9230782848946348,-0.3846121162365785,0));
#12701=FACE_BOUND('',#12702,.T.);
#12702=EDGE_LOOP('',(#12703,#12704,#12705));
#12703=ORIENTED_EDGE('',*,*,#12706,.T.);
#12704=ORIENTED_EDGE('',*,*,#12707,.T.);
#12705=ORIENTED_EDGE('',*,*,#12708,.T.);
#12706=EDGE_CURVE('',#255,#385,#12709,.F.);
#12707=EDGE_CURVE('',#385,#423,#12710,.T.);
#12708=EDGE_CURVE('',#423,#255,#12711,.T.);
#12709=LINE('',#254,#12712);
#12710=LINE('',#384,#12713);
#12711=LINE('',#422,#12714);
#12712=VECTOR('',#12715,1.0);
#12713=VECTOR('',#12716,1.0);
#12714=VECTOR('',#12717,1.0);
#12715=DIRECTION('',(0.9230782848946348,-0.3846121162365785,0));
#12716=DIRECTION('',(0.7086152397886103,-0.7055950977290945,0));
#12717=DIRECTION('',(-0.831576857631925,0.5554096954960484,0));
#12718=FACE_SURFACE('',(#12723),#12719,.T.);
#12719=PLANE('',#12720);
#12720=AXIS2_PLACEMENT_3D('',#422,#12721,#12722);
#12721=DIRECTION('',(0,0,-1));
#12722=DIRECTION('',(0.3820397163933677,-0.9241459057411201,0));
#12723=FACE_BOUND('',#12724,.T.);
#12724=EDGE_LOOP('',(#12725,#12726,#12727));
#12725=ORIENTED_EDGE('',*,*,#12728,.T.);
#12726=ORIENTED_EDGE('',*,*,#12729,.T.);
#12727=ORIENTED_EDGE('',*,*,#12730,.T.);
#12728=EDGE_CURVE('',#423,#331,#12731,.F.);
#12729=EDGE_CURVE('',#331,#485,#12732,.T.);
#12730=EDGE_CURVE('',#485,#423,#12733,.T.);
#12731=LINE('',#422,#12734);
#12732=LINE('',#330,#12735);
#12733=LINE('',#484,#12736);
#12734=VECTOR('',#12737,1.0);
#12735=VECTOR('',#12738,1.0);
#12736=VECTOR('',#12739,1.0);
#12737=DIRECTION('',(0.3820397163933677,-0.9241459057411201,0));
#12738=DIRECTION('',(0,-1,0));
#12739=DIRECTION('',(-0.1947821981288808,0.9808465197430644,0));
#12740=FACE_SURFACE('',(#12745),#12741,.T.);
#12741=PLANE('',#12742);
#12742=AXIS2_PLACEMENT_3D('',#484,#12743,#12744);
#12743=DIRECTION('',(0,0,-1));
#12744=DIRECTION('',(-0.38203869951524333,-0.9241463261154597,0));
#12745=FACE_BOUND('',#12746,.T.);
#12746=EDGE_LOOP('',(#12747,#12748,#12749));
#12747=ORIENTED_EDGE('',*,*,#12750,.T.);
#12748=ORIENTED_EDGE('',*,*,#12751,.T.);
#12749=ORIENTED_EDGE('',*,*,#12752,.T.);
#12750=EDGE_CURVE('',#485,#343,#12753,.F.);
#12751=EDGE_CURVE('',#343,#445,#12754,.T.);
#12752=EDGE_CURVE('',#445,#485,#12755,.T.);
#12753=LINE('',#484,#12756);
#12754=LINE('',#342,#12757);
#12755=LINE('',#444,#12758);
#12756=VECTOR('',#12759,1.0);
#12757=VECTOR('',#12760,1.0);
#12758=VECTOR('',#12761,1.0);
#12759=DIRECTION('',(-0.38203869951524333,-0.9241463261154597,0));
#12760=DIRECTION('',(-0.7071067811865476,-0.7071067811865476,0));
#12761=DIRECTION('',(0.5554096954960484,0.831576857631925,0));
#12762=FACE_SURFACE('',(#12767),#12763,.T.);
#12763=PLANE('',#12764);
#12764=AXIS2_PLACEMENT_3D('',#444,#12765,#12766);
#12765=DIRECTION('',(0,0,-1));
#12766=DIRECTION('',(-0.9241463261154597,-0.38203869951524333,0));
#12767=FACE_BOUND('',#12768,.T.);
#12768=EDGE_LOOP('',(#12769,#12770,#12771));
#12769=ORIENTED_EDGE('',*,*,#12772,.T.);
#12770=ORIENTED_EDGE('',*,*,#12773,.T.);
#12771=ORIENTED_EDGE('',*,*,#12774,.T.);
#12772=EDGE_CURVE('',#445,#375,#12775,.F.);
#12773=EDGE_CURVE('',#375,#273,#12776,.T.);
#12774=EDGE_CURVE('',#273,#445,#12777,.T.);
#12775=LINE('',#444,#12778);
#12776=LINE('',#374,#12779);
#12777=LINE('',#272,#12780);
#12778=VECTOR('',#12781,1.0);
#12779=VECTOR('',#12782,1.0);
#12780=VECTOR('',#12783,1.0);
#12781=DIRECTION('',(-0.9241463261154597,-0.38203869951524333,0));
#12782=DIRECTION('',(-1,0,0));
#12783=DIRECTION('',(0.9808463526015827,0.19478303978573575,0));
#12784=FACE_SURFACE('',(#12789),#12785,.T.);
#12785=PLANE('',#12786);
#12786=AXIS2_PLACEMENT_3D('',#272,#12787,#12788);
#12787=DIRECTION('',(0,0,-1));
#12788=DIRECTION('',(-0.9241480075792513,0.3820346320522527,0));
#12789=FACE_BOUND('',#12790,.T.);
#12790=EDGE_LOOP('',(#12791,#12792,#12793));
#12791=ORIENTED_EDGE('',*,*,#12794,.T.);
#12792=ORIENTED_EDGE('',*,*,#12795,.T.);
#12793=ORIENTED_EDGE('',*,*,#12796,.T.);
#12794=EDGE_CURVE('',#273,#391,#12797,.F.);
#12795=EDGE_CURVE('',#391,#575,#12798,.T.);
#12796=EDGE_CURVE('',#575,#273,#12799,.T.);
#12797=LINE('',#272,#12800);
#12798=LINE('',#390,#12801);
#12799=LINE('',#574,#12802);
#12800=VECTOR('',#12803,1.0);
#12801=VECTOR('',#12804,1.0);
#12802=VECTOR('',#12805,1.0);
#12803=DIRECTION('',(-0.9241480075792513,0.3820346320522527,0));
#12804=DIRECTION('',(-0.705589309411458,0.7086210033891612,0));
#12805=DIRECTION('',(0.8311016012819136,-0.5561206059360136,0));
#12806=FACE_SURFACE('',(#12811),#12807,.T.);
#12807=PLANE('',#12808);
#12808=AXIS2_PLACEMENT_3D('',#574,#12809,#12810);
#12809=DIRECTION('',(0,0,-1));
#12810=DIRECTION('',(-0.3846121162365785,0.9230782848946348,0));
#12811=FACE_BOUND('',#12812,.T.);
#12812=EDGE_LOOP('',(#12813,#12814,#12815));
#12813=ORIENTED_EDGE('',*,*,#12816,.T.);
#12814=ORIENTED_EDGE('',*,*,#12817,.T.);
#12815=ORIENTED_EDGE('',*,*,#12818,.T.);
#12816=EDGE_CURVE('',#575,#221,#12819,.F.);
#12817=EDGE_CURVE('',#221,#267,#12820,.T.);
#12818=EDGE_CURVE('',#267,#575,#12821,.T.);
#12819=LINE('',#574,#12822);
#12820=LINE('',#220,#12823);
#12821=LINE('',#266,#12824);
#12822=VECTOR('',#12825,1.0);
#12823=VECTOR('',#12826,1.0);
#12824=VECTOR('',#12827,1.0);
#12825=DIRECTION('',(-0.3846121162365785,0.9230782848946348,0));
#12826=DIRECTION('',(0,1,0));
#12827=DIRECTION('',(0.19626180519010616,-0.9805515304274023,0));
#12828=FACE_SURFACE('',(#12833),#12829,.T.);
#12829=PLANE('',#12830);
#12830=AXIS2_PLACEMENT_3D('',#266,#12831,#12832);
#12831=DIRECTION('',(0,0,-1));
#12832=DIRECTION('',(0.38461313759950627,0.9230778593303293,0));
#12833=FACE_BOUND('',#12834,.T.);
#12834=EDGE_LOOP('',(#12835,#12836,#12837));
#12835=ORIENTED_EDGE('',*,*,#12838,.T.);
#12836=ORIENTED_EDGE('',*,*,#12839,.T.);
#12837=ORIENTED_EDGE('',*,*,#12840,.T.);
#12838=EDGE_CURVE('',#267,#501,#12841,.F.);
#12839=EDGE_CURVE('',#501,#377,#12842,.T.);
#12840=EDGE_CURVE('',#377,#267,#12843,.T.);
#12841=LINE('',#266,#12844);
#12842=LINE('',#500,#12845);
#12843=LINE('',#376,#12846);
#12844=VECTOR('',#12847,1.0);
#12845=VECTOR('',#12848,1.0);
#12846=VECTOR('',#12849,1.0);
#12847=DIRECTION('',(0.38461313759950627,0.9230778593303293,0));
#12848=DIRECTION('',(0.7071010051377555,0.707112557188158,0));
#12849=DIRECTION('',(-0.5561172258373049,-0.8311038630201522,0));
#12850=FACE_SURFACE('',(#12855),#12851,.T.);
#12851=PLANE('',#12852);
#12852=AXIS2_PLACEMENT_3D('',#376,#12853,#12854);
#12853=DIRECTION('',(0,0,-1));
#12854=DIRECTION('',(0.9805515304274023,0.19626180519010616,0));
#12855=FACE_BOUND('',#12856,.T.);
#12856=EDGE_LOOP('',(#12857,#12858,#12859));
#12857=ORIENTED_EDGE('',*,*,#12860,.T.);
#12858=ORIENTED_EDGE('',*,*,#12861,.T.);
#12859=ORIENTED_EDGE('',*,*,#12862,.T.);
#12860=EDGE_CURVE('',#377,#255,#12863,.F.);
#12861=EDGE_CURVE('',#255,#423,#12864,.T.);
#12862=EDGE_CURVE('',#423,#377,#12865,.T.);
#12863=LINE('',#376,#12866);
#12864=LINE('',#254,#12867);
#12865=LINE('',#422,#12868);
#12866=VECTOR('',#12869,1.0);
#12867=VECTOR('',#12870,1.0);
#12868=VECTOR('',#12871,1.0);
#12869=DIRECTION('',(0.9805515304274023,0.19626180519010616,0));
#12870=DIRECTION('',(0.831576857631925,-0.5554096954960484,0));
#12871=DIRECTION('',(-0.9808995904371636,0.19451476417024127,0));
#12872=FACE_SURFACE('',(#12877),#12873,.T.);
#12873=PLANE('',#12874);
#12874=AXIS2_PLACEMENT_3D('',#422,#12875,#12876);
#12875=DIRECTION('',(0,-0,-1));
#12876=DIRECTION('',(0.1947821981288808,-0.9808465197430644,0));
#12877=FACE_BOUND('',#12878,.T.);
#12878=EDGE_LOOP('',(#12879,#12880,#12881));
#12879=ORIENTED_EDGE('',*,*,#12882,.T.);
#12880=ORIENTED_EDGE('',*,*,#12883,.T.);
#12881=ORIENTED_EDGE('',*,*,#12884,.T.);
#12882=EDGE_CURVE('',#423,#485,#12885,.F.);
#12883=EDGE_CURVE('',#485,#445,#12886,.T.);
#12884=EDGE_CURVE('',#445,#423,#12887,.T.);
#12885=LINE('',#422,#12888);
#12886=LINE('',#484,#12889);
#12887=LINE('',#444,#12890);
#12888=VECTOR('',#12891,1.0);
#12889=VECTOR('',#12892,1.0);
#12890=VECTOR('',#12893,1.0);
#12891=DIRECTION('',(0.1947821981288808,-0.9808465197430644,0));
#12892=DIRECTION('',(-0.5554096954960484,-0.831576857631925,0));
#12893=DIRECTION('',(0.1953157970822422,0.9807404036798568,0));
#12894=FACE_SURFACE('',(#12899),#12895,.T.);
#12895=PLANE('',#12896);
#12896=AXIS2_PLACEMENT_3D('',#444,#12897,#12898);
#12897=DIRECTION('',(-0,0,-1));
#12898=DIRECTION('',(-0.9808463526015827,-0.19478303978573575,0));
#12899=FACE_BOUND('',#12900,.T.);
#12900=EDGE_LOOP('',(#12901,#12902,#12903));
#12901=ORIENTED_EDGE('',*,*,#12904,.T.);
#12902=ORIENTED_EDGE('',*,*,#12905,.T.);
#12903=ORIENTED_EDGE('',*,*,#12906,.T.);
#12904=EDGE_CURVE('',#445,#273,#12907,.F.);
#12905=EDGE_CURVE('',#273,#575,#12908,.T.);
#12906=EDGE_CURVE('',#575,#445,#12909,.T.);
#12907=LINE('',#444,#12910);
#12908=LINE('',#272,#12911);
#12909=LINE('',#574,#12912);
#12910=VECTOR('',#12913,1.0);
#12911=VECTOR('',#12914,1.0);
#12912=VECTOR('',#12915,1.0);
#12913=DIRECTION('',(-0.9808463526015827,-0.19478303978573575,0));
#12914=DIRECTION('',(-0.8311016012819136,0.5561206059360136,0));
#12915=DIRECTION('',(0.9807085173861054,-0.1954758397509697,0));
#12916=FACE_SURFACE('',(#12921),#12917,.T.);
#12917=PLANE('',#12918);
#12918=AXIS2_PLACEMENT_3D('',#574,#12919,#12920);
#12919=DIRECTION('',(0,0,-1));
#12920=DIRECTION('',(-0.19626180519010616,0.9805515304274023,0));
#12921=FACE_BOUND('',#12922,.T.);
#12922=EDGE_LOOP('',(#12923,#12924,#12925));
#12923=ORIENTED_EDGE('',*,*,#12926,.T.);
#12924=ORIENTED_EDGE('',*,*,#12927,.T.);
#12925=ORIENTED_EDGE('',*,*,#12928,.T.);
#12926=EDGE_CURVE('',#575,#267,#12929,.F.);
#12927=EDGE_CURVE('',#267,#377,#12930,.T.);
#12928=EDGE_CURVE('',#377,#575,#12931,.T.);
#12929=LINE('',#574,#12932);
#12930=LINE('',#266,#12933);
#12931=LINE('',#376,#12934);
#12932=VECTOR('',#12935,1.0);
#12933=VECTOR('',#12936,1.0);
#12934=VECTOR('',#12937,1.0);
#12935=DIRECTION('',(-0.19626180519010616,0.9805515304274023,0));
#12936=DIRECTION('',(0.5561172258373049,0.8311038630201522,0));
#12937=DIRECTION('',(-0.194670838654955,-0.9808686275834173,0));
#12938=FACE_SURFACE('',(#12943),#12939,.T.);
#12939=PLANE('',#12940);
#12940=AXIS2_PLACEMENT_3D('',#376,#12941,#12942);
#12941=DIRECTION('',(0,0,-1));
#12942=DIRECTION('',(0.9808995904371636,-0.19451476417024127,0));
#12943=FACE_BOUND('',#12944,.T.);
#12944=EDGE_LOOP('',(#12945,#12946,#12947));
#12945=ORIENTED_EDGE('',*,*,#12948,.T.);
#12946=ORIENTED_EDGE('',*,*,#12949,.T.);
#12947=ORIENTED_EDGE('',*,*,#12950,.T.);
#12948=EDGE_CURVE('',#377,#423,#12951,.F.);
#12949=EDGE_CURVE('',#423,#445,#12952,.T.);
#12950=EDGE_CURVE('',#445,#377,#12953,.T.);
#12951=LINE('',#376,#12954);
#12952=LINE('',#422,#12955);
#12953=LINE('',#444,#12956);
#12954=VECTOR('',#12957,1.0);
#12955=VECTOR('',#12958,1.0);
#12956=VECTOR('',#12959,1.0);
#12957=DIRECTION('',(0.9808995904371636,-0.19451476417024127,0));
#12958=DIRECTION('',(-0.1953157970822422,-0.9807404036798568,0));
#12959=DIRECTION('',(-0.5556514151233469,0.8314153624220699,0));
#12960=FACE_SURFACE('',(#12965),#12961,.T.);
#12961=PLANE('',#12962);
#12962=AXIS2_PLACEMENT_3D('',#444,#12963,#12964);
#12963=DIRECTION('',(0,0,-1));
#12964=DIRECTION('',(-0.9807085173861054,0.1954758397509697,0));
#12965=FACE_BOUND('',#12966,.T.);
#12966=EDGE_LOOP('',(#12967,#12968,#12969));
#12967=ORIENTED_EDGE('',*,*,#12970,.T.);
#12968=ORIENTED_EDGE('',*,*,#12971,.T.);
#12969=ORIENTED_EDGE('',*,*,#12972,.T.);
#12970=EDGE_CURVE('',#445,#575,#12973,.F.);
#12971=EDGE_CURVE('',#575,#377,#12974,.T.);
#12972=EDGE_CURVE('',#377,#445,#12975,.T.);
#12973=LINE('',#444,#12976);
#12974=LINE('',#574,#12977);
#12975=LINE('',#376,#12978);
#12976=VECTOR('',#12979,1.0);
#12977=VECTOR('',#12980,1.0);
#12978=VECTOR('',#12981,1.0);
#12979=DIRECTION('',(-0.9807085173861054,0.1954758397509697,0));
#12980=DIRECTION('',(0.194670838654955,0.9808686275834173,0));
#12981=DIRECTION('',(0.5556514151233469,-0.8314153624220699,0));
#12982=FACE_SURFACE('',(#12987),#12983,.T.);
#12983=PLANE('',#12984);
#12984=AXIS2_PLACEMENT_3D('',#626,#12985,#12986);
#12985=DIRECTION('',(0,-0,-1));
#12986=DIRECTION('',(4.3711360655896306E-08,-0.999999999999999,0));
#12987=FACE_BOUND('',#12988,.T.);
#12988=EDGE_LOOP('',(#12989,#12990,#12991));
#12989=ORIENTED_EDGE('',*,*,#12992,.T.);
#12990=ORIENTED_EDGE('',*,*,#12993,.T.);
#12991=ORIENTED_EDGE('',*,*,#12994,.T.);
#12992=EDGE_CURVE('',#627,#629,#12995,.F.);
#12993=EDGE_CURVE('',#629,#631,#12996,.T.);
#12994=EDGE_CURVE('',#631,#627,#12997,.T.);
#12995=LINE('',#626,#12998);
#12996=LINE('',#628,#12999);
#12997=LINE('',#630,#13000);
#12998=VECTOR('',#13001,1.0);
#12999=VECTOR('',#13002,1.0);
#13000=VECTOR('',#13003,1.0);
#13001=DIRECTION('',(4.3711360655896306E-08,-0.999999999999999,0));
#13002=DIRECTION('',(-1,0,0));
#13003=DIRECTION('',(0.9997910349047443,0.020442272968052094,0));
#13004=FACE_SURFACE('',(#13009),#13005,.T.);
#13005=PLANE('',#13006);
#13006=AXIS2_PLACEMENT_3D('',#632,#13007,#13008);
#13007=DIRECTION('',(0,0,-1));
#13008=DIRECTION('',(1,0,0));
#13009=FACE_BOUND('',#13010,.T.);
#13010=EDGE_LOOP('',(#13011,#13012,#13013));
#13011=ORIENTED_EDGE('',*,*,#13014,.T.);
#13012=ORIENTED_EDGE('',*,*,#13015,.T.);
#13013=ORIENTED_EDGE('',*,*,#13016,.T.);
#13014=EDGE_CURVE('',#633,#635,#13017,.F.);
#13015=EDGE_CURVE('',#635,#637,#13018,.T.);
#13016=EDGE_CURVE('',#637,#633,#13019,.T.);
#13017=LINE('',#632,#13020);
#13018=LINE('',#634,#13021);
#13019=LINE('',#636,#13022);
#13020=VECTOR('',#13023,1.0);
#13021=VECTOR('',#13024,1.0);
#13022=VECTOR('',#13025,1.0);
#13023=DIRECTION('',(1,0,0));
#13024=DIRECTION('',(4.3711377732727794E-08,-0.999999999999999,0));
#13025=DIRECTION('',(-0.999791041167553,0.020441966664200572,0));
#13026=FACE_SURFACE('',(#13031),#13027,.T.);
#13027=PLANE('',#13028);
#13028=AXIS2_PLACEMENT_3D('',#632,#13029,#13030);
#13029=DIRECTION('',(0,0,-1));
#13030=DIRECTION('',(0.999791041167553,-0.020441966664200572,0));
#13031=FACE_BOUND('',#13032,.T.);
#13032=EDGE_LOOP('',(#13033,#13034,#13035));
#13033=ORIENTED_EDGE('',*,*,#13036,.T.);
#13034=ORIENTED_EDGE('',*,*,#13037,.T.);
#13035=ORIENTED_EDGE('',*,*,#13038,.T.);
#13036=EDGE_CURVE('',#633,#637,#13039,.F.);
#13037=EDGE_CURVE('',#637,#639,#13040,.T.);
#13038=EDGE_CURVE('',#639,#633,#13041,.T.);
#13039=LINE('',#632,#13042);
#13040=LINE('',#636,#13043);
#13041=LINE('',#638,#13044);
#13042=VECTOR('',#13045,1.0);
#13043=VECTOR('',#13046,1.0);
#13044=VECTOR('',#13047,1.0);
#13045=DIRECTION('',(0.999791041167553,-0.020441966664200572,0));
#13046=DIRECTION('',(-1,0,0));
#13047=DIRECTION('',(-0.7738002678251965,0.6334296689559578,0));
#13048=FACE_SURFACE('',(#13053),#13049,.T.);
#13049=PLANE('',#13050);
#13050=AXIS2_PLACEMENT_3D('',#640,#13051,#13052);
#13051=DIRECTION('',(0,-0,-1));
#13052=DIRECTION('',(1,0,0));
#13053=FACE_BOUND('',#13054,.T.);
#13054=EDGE_LOOP('',(#13055,#13056,#13057));
#13055=ORIENTED_EDGE('',*,*,#13058,.T.);
#13056=ORIENTED_EDGE('',*,*,#13059,.T.);
#13057=ORIENTED_EDGE('',*,*,#13060,.T.);
#13058=EDGE_CURVE('',#641,#627,#13061,.F.);
#13059=EDGE_CURVE('',#627,#631,#13062,.T.);
#13060=EDGE_CURVE('',#631,#641,#13063,.T.);
#13061=LINE('',#640,#13064);
#13062=LINE('',#626,#13065);
#13063=LINE('',#630,#13066);
#13064=VECTOR('',#13067,1.0);
#13065=VECTOR('',#13068,1.0);
#13066=VECTOR('',#13069,1.0);
#13067=DIRECTION('',(1,0,0));
#13068=DIRECTION('',(-0.9997910349047443,-0.020442272968052094,0));
#13069=DIRECTION('',(0.773795603174184,0.6334353672698585,0));
#13070=FACE_SURFACE('',(#13075),#13071,.T.);
#13071=PLANE('',#13072);
#13072=AXIS2_PLACEMENT_3D('',#642,#13073,#13074);
#13073=DIRECTION('',(0,0,-1));
#13074=DIRECTION('',(0.7160898156761948,-0.6980081488670696,0));
#13075=FACE_BOUND('',#13076,.T.);
#13076=EDGE_LOOP('',(#13077,#13078,#13079));
#13077=ORIENTED_EDGE('',*,*,#13080,.T.);
#13078=ORIENTED_EDGE('',*,*,#13081,.T.);
#13079=ORIENTED_EDGE('',*,*,#13082,.T.);
#13080=EDGE_CURVE('',#643,#641,#13083,.F.);
#13081=EDGE_CURVE('',#641,#631,#13084,.T.);
#13082=EDGE_CURVE('',#631,#643,#13085,.T.);
#13083=LINE('',#642,#13086);
#13084=LINE('',#640,#13087);
#13085=LINE('',#630,#13088);
#13086=VECTOR('',#13089,1.0);
#13087=VECTOR('',#13090,1.0);
#13088=VECTOR('',#13091,1.0);
#13089=DIRECTION('',(0.7160898156761948,-0.6980081488670696,0));
#13090=DIRECTION('',(-0.773795603174184,-0.6334353672698585,0));
#13091=DIRECTION('',(-0.06399286350650871,0.9979503561902453,0));
#13092=FACE_SURFACE('',(#13097),#13093,.T.);
#13093=PLANE('',#13094);
#13094=AXIS2_PLACEMENT_3D('',#644,#13095,#13096);
#13095=DIRECTION('',(0,0,-1));
#13096=DIRECTION('',(0.7071067811865475,0.7071067811865475,0));
#13097=FACE_BOUND('',#13098,.T.);
#13098=EDGE_LOOP('',(#13099,#13100,#13101));
#13099=ORIENTED_EDGE('',*,*,#13102,.T.);
#13100=ORIENTED_EDGE('',*,*,#13103,.T.);
#13101=ORIENTED_EDGE('',*,*,#13104,.T.);
#13102=EDGE_CURVE('',#645,#633,#13105,.F.);
#13103=EDGE_CURVE('',#633,#639,#13106,.T.);
#13104=EDGE_CURVE('',#639,#645,#13107,.T.);
#13105=LINE('',#644,#13108);
#13106=LINE('',#632,#13109);
#13107=LINE('',#638,#13110);
#13108=VECTOR('',#13111,1.0);
#13109=VECTOR('',#13112,1.0);
#13110=VECTOR('',#13113,1.0);
#13111=DIRECTION('',(0.7071067811865475,0.7071067811865475,0));
#13112=DIRECTION('',(0.7738002678251965,-0.6334296689559578,0));
#13113=DIRECTION('',(-0.9882427394304099,-0.15289306054585658,0));
#13114=FACE_SURFACE('',(#13119),#13115,.T.);
#13115=PLANE('',#13116);
#13116=AXIS2_PLACEMENT_3D('',#644,#13117,#13118);
#13117=DIRECTION('',(0,0,-1));
#13118=DIRECTION('',(0.9882427394304099,0.15289306054585658,0));
#13119=FACE_BOUND('',#13120,.T.);
#13120=EDGE_LOOP('',(#13121,#13122,#13123));
#13121=ORIENTED_EDGE('',*,*,#13124,.T.);
#13122=ORIENTED_EDGE('',*,*,#13125,.T.);
#13123=ORIENTED_EDGE('',*,*,#13126,.T.);
#13124=EDGE_CURVE('',#645,#639,#13127,.F.);
#13125=EDGE_CURVE('',#639,#647,#13128,.T.);
#13126=EDGE_CURVE('',#647,#645,#13129,.T.);
#13127=LINE('',#644,#13130);
#13128=LINE('',#638,#13131);
#13129=LINE('',#646,#13132);
#13130=VECTOR('',#13133,1.0);
#13131=VECTOR('',#13134,1.0);
#13132=VECTOR('',#13135,1.0);
#13133=DIRECTION('',(0.9882427394304099,0.15289306054585658,0));
#13134=DIRECTION('',(-0.7162295881449137,-0.6978647269104288,0));
#13135=DIRECTION('',(-0.8039459828775075,0.5947023260549081,0));
#13136=FACE_SURFACE('',(#13141),#13137,.T.);
#13137=PLANE('',#13138);
#13138=AXIS2_PLACEMENT_3D('',#642,#13139,#13140);
#13139=DIRECTION('',(0,-0,-1));
#13140=DIRECTION('',(0.06399286350650871,-0.9979503561902453,0));
#13141=FACE_BOUND('',#13142,.T.);
#13142=EDGE_LOOP('',(#13143,#13144,#13145));
#13143=ORIENTED_EDGE('',*,*,#13146,.T.);
#13144=ORIENTED_EDGE('',*,*,#13147,.T.);
#13145=ORIENTED_EDGE('',*,*,#13148,.T.);
#13146=EDGE_CURVE('',#643,#631,#13149,.F.);
#13147=EDGE_CURVE('',#631,#649,#13150,.T.);
#13148=EDGE_CURVE('',#649,#643,#13151,.T.);
#13149=LINE('',#642,#13152);
#13150=LINE('',#630,#13153);
#13151=LINE('',#648,#13154);
#13152=VECTOR('',#13155,1.0);
#13153=VECTOR('',#13156,1.0);
#13154=VECTOR('',#13157,1.0);
#13155=DIRECTION('',(0.06399286350650871,-0.9979503561902453,0));
#13156=DIRECTION('',(-0.7069649122732202,0.7072486216420065,0));
#13157=DIRECTION('',(0.8039502497277117,0.5946965578870874,0));
#13158=FACE_SURFACE('',(#13163),#13159,.T.);
#13159=PLANE('',#13160);
#13160=AXIS2_PLACEMENT_3D('',#644,#13161,#13162);
#13161=DIRECTION('',(0,0,-1));
#13162=DIRECTION('',(0.8039459828775075,-0.5947023260549081,0));
#13163=FACE_BOUND('',#13164,.T.);
#13164=EDGE_LOOP('',(#13165,#13166,#13167));
#13165=ORIENTED_EDGE('',*,*,#13168,.T.);
#13166=ORIENTED_EDGE('',*,*,#13169,.T.);
#13167=ORIENTED_EDGE('',*,*,#13170,.T.);
#13168=EDGE_CURVE('',#645,#647,#13171,.F.);
#13169=EDGE_CURVE('',#647,#643,#13172,.T.);
#13170=EDGE_CURVE('',#643,#645,#13173,.T.);
#13171=LINE('',#644,#13174);
#13172=LINE('',#646,#13175);
#13173=LINE('',#642,#13176);
#13174=VECTOR('',#13177,1.0);
#13175=VECTOR('',#13178,1.0);
#13176=VECTOR('',#13179,1.0);
#13177=DIRECTION('',(0.8039459828775075,-0.5947023260549081,0));
#13178=DIRECTION('',(0,-1,0));
#13179=DIRECTION('',(-0.03464218330050335,0.9993997794357242,0));
#13180=FACE_SURFACE('',(#13185),#13181,.T.);
#13181=PLANE('',#13182);
#13182=AXIS2_PLACEMENT_3D('',#648,#13183,#13184);
#13183=DIRECTION('',(0,0,-1));
#13184=DIRECTION('',(0,1,0));
#13185=FACE_BOUND('',#13186,.T.);
#13186=EDGE_LOOP('',(#13187,#13188,#13189));
#13187=ORIENTED_EDGE('',*,*,#13190,.T.);
#13188=ORIENTED_EDGE('',*,*,#13191,.T.);
#13189=ORIENTED_EDGE('',*,*,#13192,.T.);
#13190=EDGE_CURVE('',#649,#645,#13193,.F.);
#13191=EDGE_CURVE('',#645,#643,#13194,.T.);
#13192=EDGE_CURVE('',#643,#649,#13195,.T.);
#13193=LINE('',#648,#13196);
#13194=LINE('',#644,#13197);
#13195=LINE('',#642,#13198);
#13196=VECTOR('',#13199,1.0);
#13197=VECTOR('',#13200,1.0);
#13198=VECTOR('',#13201,1.0);
#13199=DIRECTION('',(0,1,0));
#13200=DIRECTION('',(0.03464218330050335,-0.9993997794357242,0));
#13201=DIRECTION('',(-0.8039502497277117,-0.5946965578870874,0));
#13202=FACE_SURFACE('',(#13207),#13203,.T.);
#13203=PLANE('',#13204);
#13204=AXIS2_PLACEMENT_3D('',#610,#13205,#13206);
#13205=DIRECTION('',(0,0,1));
#13206=DIRECTION('',(0.7069649122732202,-0.7072486216420065,0));
#13207=FACE_BOUND('',#13208,.T.);
#13208=EDGE_LOOP('',(#13209,#13210,#13211));
#13209=ORIENTED_EDGE('',*,*,#13212,.T.);
#13210=ORIENTED_EDGE('',*,*,#13213,.T.);
#13211=ORIENTED_EDGE('',*,*,#13214,.T.);
#13212=EDGE_CURVE('',#611,#617,#13215,.F.);
#13213=EDGE_CURVE('',#617,#651,#13216,.T.);
#13214=EDGE_CURVE('',#651,#611,#13217,.T.);
#13215=LINE('',#610,#13218);
#13216=LINE('',#616,#13219);
#13217=LINE('',#650,#13220);
#13218=VECTOR('',#13221,1.0);
#13219=VECTOR('',#13222,1.0);
#13220=VECTOR('',#13223,1.0);
#13221=DIRECTION('',(0.7069649122732202,-0.7072486216420065,0));
#13222=DIRECTION('',(0.773795603174184,0.6334353672698585,0));
#13223=DIRECTION('',(-0.9882115029667365,0.15309482487734116,0));
#13224=FACE_SURFACE('',(#13229),#13225,.T.);
#13225=PLANE('',#13226);
#13226=AXIS2_PLACEMENT_3D('',#610,#13227,#13228);
#13227=DIRECTION('',(-0,0,1));
#13228=DIRECTION('',(0.9882115029667365,-0.15309482487734116,0));
#13229=FACE_BOUND('',#13230,.T.);
#13230=EDGE_LOOP('',(#13231,#13232,#13233));
#13231=ORIENTED_EDGE('',*,*,#13234,.T.);
#13232=ORIENTED_EDGE('',*,*,#13235,.T.);
#13233=ORIENTED_EDGE('',*,*,#13236,.T.);
#13234=EDGE_CURVE('',#611,#651,#13237,.F.);
#13235=EDGE_CURVE('',#651,#653,#13238,.T.);
#13236=EDGE_CURVE('',#653,#611,#13239,.T.);
#13237=LINE('',#610,#13240);
#13238=LINE('',#650,#13241);
#13239=LINE('',#652,#13242);
#13240=VECTOR('',#13243,1.0);
#13241=VECTOR('',#13244,1.0);
#13242=VECTOR('',#13245,1.0);
#13243=DIRECTION('',(0.9882115029667365,-0.15309482487734116,0));
#13244=DIRECTION('',(-0.7160898156761948,0.6980081488670696,0));
#13245=DIRECTION('',(-0.8039502497277117,-0.5946965578870874,0));
#13246=FACE_SURFACE('',(#13251),#13247,.T.);
#13247=PLANE('',#13248);
#13248=AXIS2_PLACEMENT_3D('',#594,#13249,#13250);
#13249=DIRECTION('',(0.7071067811865475,-0.7071067811865475,0));
#13250=DIRECTION('',(0,0,1));
#13251=FACE_BOUND('',#13252,.T.);
#13252=EDGE_LOOP('',(#13253,#13254,#13255));
#13253=ORIENTED_EDGE('',*,*,#13256,.T.);
#13254=ORIENTED_EDGE('',*,*,#13257,.T.);
#13255=ORIENTED_EDGE('',*,*,#13258,.T.);
#13256=EDGE_CURVE('',#595,#633,#13259,.F.);
#13257=EDGE_CURVE('',#633,#645,#13260,.T.);
#13258=EDGE_CURVE('',#645,#595,#13261,.T.);
#13259=LINE('',#594,#13262);
#13260=LINE('',#632,#13263);
#13261=LINE('',#644,#13264);
#13262=VECTOR('',#13265,1.0);
#13263=VECTOR('',#13266,1.0);
#13264=VECTOR('',#13267,1.0);
#13265=DIRECTION('',(0,0,1));
#13266=DIRECTION('',(-0.7071067811865475,-0.7071067811865475,0));
#13267=DIRECTION('',(0.34013391763291273,0.34013391763291273,-0.8767085240553864));
#13268=FACE_SURFACE('',(#13273),#13269,.T.);
#13269=PLANE('',#13270);
#13270=AXIS2_PLACEMENT_3D('',#594,#13271,#13272);
#13271=DIRECTION('',(0.7071067811865475,-0.7071067811865475,0));
#13272=DIRECTION('',(-0.34013391763291273,-0.34013391763291273,0.8767085240553864));
#13273=FACE_BOUND('',#13274,.T.);
#13274=EDGE_LOOP('',(#13275,#13276,#13277));
#13275=ORIENTED_EDGE('',*,*,#13278,.T.);
#13276=ORIENTED_EDGE('',*,*,#13279,.T.);
#13277=ORIENTED_EDGE('',*,*,#13280,.T.);
#13278=EDGE_CURVE('',#595,#645,#13281,.F.);
#13279=EDGE_CURVE('',#645,#597,#13282,.T.);
#13280=EDGE_CURVE('',#597,#595,#13283,.T.);
#13281=LINE('',#594,#13284);
#13282=LINE('',#644,#13285);
#13283=LINE('',#596,#13286);
#13284=VECTOR('',#13287,1.0);
#13285=VECTOR('',#13288,1.0);
#13286=VECTOR('',#13289,1.0);
#13287=DIRECTION('',(-0.34013391763291273,-0.34013391763291273,0.8767085240553864));
#13288=DIRECTION('',(0,0,-1));
#13289=DIRECTION('',(0.7071067811865475,0.7071067811865475,0));
#13290=FACE_SURFACE('',(#13295),#13291,.T.);
#13291=PLANE('',#13292);
#13292=AXIS2_PLACEMENT_3D('',#598,#13293,#13294);
#13293=DIRECTION('',(0.7072486216420065,0.7069649122732201,-0));
#13294=DIRECTION('',(0,0,1));
#13295=FACE_BOUND('',#13296,.T.);
#13296=EDGE_LOOP('',(#13297,#13298,#13299));
#13297=ORIENTED_EDGE('',*,*,#13300,.T.);
#13298=ORIENTED_EDGE('',*,*,#13301,.T.);
#13299=ORIENTED_EDGE('',*,*,#13302,.T.);
#13300=EDGE_CURVE('',#599,#649,#13303,.F.);
#13301=EDGE_CURVE('',#649,#631,#13304,.T.);
#13302=EDGE_CURVE('',#631,#599,#13305,.T.);
#13303=LINE('',#598,#13306);
#13304=LINE('',#648,#13307);
#13305=LINE('',#630,#13308);
#13306=VECTOR('',#13309,1.0);
#13307=VECTOR('',#13310,1.0);
#13308=VECTOR('',#13311,1.0);
#13309=DIRECTION('',(0,0,1));
#13310=DIRECTION('',(0.7069649122732202,-0.7072486216420065,0));
#13311=DIRECTION('',(-0.34011812398231717,0.34025461547799485,-0.8766678153010243));
#13312=FACE_SURFACE('',(#13317),#13313,.T.);
#13313=PLANE('',#13314);
#13314=AXIS2_PLACEMENT_3D('',#598,#13315,#13316);
#13315=DIRECTION('',(0.7072486216420065,0.7069649122732201,0));
#13316=DIRECTION('',(0.34011812398231717,-0.34025461547799485,0.8766678153010243));
#13317=FACE_BOUND('',#13318,.T.);
#13318=EDGE_LOOP('',(#13319,#13320,#13321));
#13319=ORIENTED_EDGE('',*,*,#13322,.T.);
#13320=ORIENTED_EDGE('',*,*,#13323,.T.);
#13321=ORIENTED_EDGE('',*,*,#13324,.T.);
#13322=EDGE_CURVE('',#599,#631,#13325,.F.);
#13323=EDGE_CURVE('',#631,#601,#13326,.T.);
#13324=EDGE_CURVE('',#601,#599,#13327,.T.);
#13325=LINE('',#598,#13328);
#13326=LINE('',#630,#13329);
#13327=LINE('',#600,#13330);
#13328=VECTOR('',#13331,1.0);
#13329=VECTOR('',#13332,1.0);
#13330=VECTOR('',#13333,1.0);
#13331=DIRECTION('',(0.34011812398231717,-0.34025461547799485,0.8766678153010243));
#13332=DIRECTION('',(0,0,-1));
#13333=DIRECTION('',(-0.7069649122732202,0.7072486216420065,0));
#13334=FACE_SURFACE('',(#13339),#13335,.T.);
#13335=PLANE('',#13336);
#13336=AXIS2_PLACEMENT_3D('',#632,#13337,#13338);
#13337=DIRECTION('',(0,-1,0));
#13338=DIRECTION('',(0,0,-1));
#13339=FACE_BOUND('',#13340,.T.);
#13340=EDGE_LOOP('',(#13341,#13342,#13343));
#13341=ORIENTED_EDGE('',*,*,#13344,.T.);
#13342=ORIENTED_EDGE('',*,*,#13345,.T.);
#13343=ORIENTED_EDGE('',*,*,#13346,.T.);
#13344=EDGE_CURVE('',#633,#595,#13347,.F.);
#13345=EDGE_CURVE('',#595,#593,#13348,.T.);
#13346=EDGE_CURVE('',#593,#633,#13349,.T.);
#13347=LINE('',#632,#13350);
#13348=LINE('',#594,#13351);
#13349=LINE('',#592,#13352);
#13350=VECTOR('',#13353,1.0);
#13351=VECTOR('',#13354,1.0);
#13352=VECTOR('',#13355,1.0);
#13353=DIRECTION('',(0,0,-1));
#13354=DIRECTION('',(1,0,0));
#13355=DIRECTION('',(-0.997263634611026,0,0.0739272823956492));
#13356=FACE_SURFACE('',(#13361),#13357,.T.);
#13357=PLANE('',#13358);
#13358=AXIS2_PLACEMENT_3D('',#632,#13359,#13360);
#13359=DIRECTION('',(0,-1,0));
#13360=DIRECTION('',(0.997263634611026,0,-0.0739272823956492));
#13361=FACE_BOUND('',#13362,.T.);
#13362=EDGE_LOOP('',(#13363,#13364,#13365));
#13363=ORIENTED_EDGE('',*,*,#13366,.T.);
#13364=ORIENTED_EDGE('',*,*,#13367,.T.);
#13365=ORIENTED_EDGE('',*,*,#13368,.T.);
#13366=EDGE_CURVE('',#633,#593,#13369,.F.);
#13367=EDGE_CURVE('',#593,#635,#13370,.T.);
#13368=EDGE_CURVE('',#635,#633,#13371,.T.);
#13369=LINE('',#632,#13372);
#13370=LINE('',#592,#13373);
#13371=LINE('',#634,#13374);
#13372=VECTOR('',#13375,1.0);
#13373=VECTOR('',#13376,1.0);
#13374=VECTOR('',#13377,1.0);
#13375=DIRECTION('',(0.997263634611026,0,-0.0739272823956492));
#13376=DIRECTION('',(4.371137868865202E-08,0,0.999999999999999));
#13377=DIRECTION('',(-1,0,0));
#13378=FACE_SURFACE('',(#13383),#13379,.T.);
#13379=PLANE('',#13380);
#13380=AXIS2_PLACEMENT_3D('',#596,#13381,#13382);
#13381=DIRECTION('',(1,0,-0));
#13382=DIRECTION('',(0,0,1));
#13383=FACE_BOUND('',#13384,.T.);
#13384=EDGE_LOOP('',(#13385,#13386,#13387));
#13385=ORIENTED_EDGE('',*,*,#13388,.T.);
#13386=ORIENTED_EDGE('',*,*,#13389,.T.);
#13387=ORIENTED_EDGE('',*,*,#13390,.T.);
#13388=EDGE_CURVE('',#597,#645,#13391,.F.);
#13389=EDGE_CURVE('',#645,#649,#13392,.T.);
#13390=EDGE_CURVE('',#649,#597,#13393,.T.);
#13391=LINE('',#596,#13394);
#13392=LINE('',#644,#13395);
#13393=LINE('',#648,#13396);
#13394=VECTOR('',#13397,1.0);
#13395=VECTOR('',#13398,1.0);
#13396=VECTOR('',#13399,1.0);
#13397=DIRECTION('',(0,0,1));
#13398=DIRECTION('',(0,-1,0));
#13399=DIRECTION('',(0,0.9952806747029377,-0.09703802637556573));
#13400=FACE_SURFACE('',(#13405),#13401,.T.);
#13401=PLANE('',#13402);
#13402=AXIS2_PLACEMENT_3D('',#596,#13403,#13404);
#13403=DIRECTION('',(1,0,0));
#13404=DIRECTION('',(0,-0.9952806747029377,0.09703802637556573));
#13405=FACE_BOUND('',#13406,.T.);
#13406=EDGE_LOOP('',(#13407,#13408,#13409));
#13407=ORIENTED_EDGE('',*,*,#13410,.T.);
#13408=ORIENTED_EDGE('',*,*,#13411,.T.);
#13409=ORIENTED_EDGE('',*,*,#13412,.T.);
#13410=EDGE_CURVE('',#597,#649,#13413,.F.);
#13411=EDGE_CURVE('',#649,#599,#13414,.T.);
#13412=EDGE_CURVE('',#599,#597,#13415,.T.);
#13413=LINE('',#596,#13416);
#13414=LINE('',#648,#13417);
#13415=LINE('',#598,#13418);
#13416=VECTOR('',#13419,1.0);
#13417=VECTOR('',#13420,1.0);
#13418=VECTOR('',#13421,1.0);
#13419=DIRECTION('',(0,-0.9952806747029377,0.09703802637556573));
#13420=DIRECTION('',(0,0,-1));
#13421=DIRECTION('',(0,1,0));
#13422=FACE_SURFACE('',(#13427),#13423,.T.);
#13423=PLANE('',#13424);
#13424=AXIS2_PLACEMENT_3D('',#600,#13425,#13426);
#13425=DIRECTION('',(0,1,0));
#13426=DIRECTION('',(0,0,1));
#13427=FACE_BOUND('',#13428,.T.);
#13428=EDGE_LOOP('',(#13429,#13430,#13431));
#13429=ORIENTED_EDGE('',*,*,#13432,.T.);
#13430=ORIENTED_EDGE('',*,*,#13433,.T.);
#13431=ORIENTED_EDGE('',*,*,#13434,.T.);
#13432=EDGE_CURVE('',#601,#631,#13435,.F.);
#13433=EDGE_CURVE('',#631,#629,#13436,.T.);
#13434=EDGE_CURVE('',#629,#601,#13437,.T.);
#13435=LINE('',#600,#13438);
#13436=LINE('',#630,#13439);
#13437=LINE('',#628,#13440);
#13438=VECTOR('',#13441,1.0);
#13439=VECTOR('',#13442,1.0);
#13440=VECTOR('',#13443,1.0);
#13441=DIRECTION('',(0,0,1));
#13442=DIRECTION('',(1,0,0));
#13443=DIRECTION('',(-0.9972636348235322,0,-0.07392727952898434));
#13444=FACE_SURFACE('',(#13449),#13445,.T.);
#13445=PLANE('',#13446);
#13446=AXIS2_PLACEMENT_3D('',#600,#13447,#13448);
#13447=DIRECTION('',(0,1,0));
#13448=DIRECTION('',(0.9972636348235322,0,0.07392727952898434));
#13449=FACE_BOUND('',#13450,.T.);
#13450=EDGE_LOOP('',(#13451,#13452,#13453));
#13451=ORIENTED_EDGE('',*,*,#13454,.T.);
#13452=ORIENTED_EDGE('',*,*,#13455,.T.);
#13453=ORIENTED_EDGE('',*,*,#13456,.T.);
#13454=EDGE_CURVE('',#601,#629,#13457,.F.);
#13455=EDGE_CURVE('',#629,#591,#13458,.T.);
#13456=EDGE_CURVE('',#591,#601,#13459,.T.);
#13457=LINE('',#600,#13460);
#13458=LINE('',#628,#13461);
#13459=LINE('',#590,#13462);
#13460=VECTOR('',#13463,1.0);
#13461=VECTOR('',#13464,1.0);
#13462=VECTOR('',#13465,1.0);
#13463=DIRECTION('',(0.9972636348235322,0,0.07392727952898434));
#13464=DIRECTION('',(-4.371137868865202E-08,0,-0.999999999999999));
#13465=DIRECTION('',(-1,0,0));
#13466=FACE_SURFACE('',(#13471),#13467,.T.);
#13467=PLANE('',#13468);
#13468=AXIS2_PLACEMENT_3D('',#640,#13469,#13470);
#13469=DIRECTION('',(0,1,0));
#13470=DIRECTION('',(0,0,1));
#13471=FACE_BOUND('',#13472,.T.);
#13472=EDGE_LOOP('',(#13473,#13474,#13475));
#13473=ORIENTED_EDGE('',*,*,#13476,.T.);
#13474=ORIENTED_EDGE('',*,*,#13477,.T.);
#13475=ORIENTED_EDGE('',*,*,#13478,.T.);
#13476=EDGE_CURVE('',#641,#651,#13479,.F.);
#13477=EDGE_CURVE('',#651,#655,#13480,.T.);
#13478=EDGE_CURVE('',#655,#641,#13481,.T.);
#13479=LINE('',#640,#13482);
#13480=LINE('',#650,#13483);
#13481=LINE('',#654,#13484);
#13482=VECTOR('',#13485,1.0);
#13483=VECTOR('',#13486,1.0);
#13484=VECTOR('',#13487,1.0);
#13485=DIRECTION('',(0,0,1));
#13486=DIRECTION('',(1,0,0));
#13487=DIRECTION('',(-0.9997597884990843,0,-0.021917237514477442));
#13488=FACE_SURFACE('',(#13493),#13489,.T.);
#13489=PLANE('',#13490);
#13490=AXIS2_PLACEMENT_3D('',#640,#13491,#13492);
#13491=DIRECTION('',(0,1,0));
#13492=DIRECTION('',(0.9997597884990843,0,0.021917237514477442));
#13493=FACE_BOUND('',#13494,.T.);
#13494=EDGE_LOOP('',(#13495,#13496,#13497));
#13495=ORIENTED_EDGE('',*,*,#13498,.T.);
#13496=ORIENTED_EDGE('',*,*,#13499,.T.);
#13497=ORIENTED_EDGE('',*,*,#13500,.T.);
#13498=EDGE_CURVE('',#641,#655,#13501,.F.);
#13499=EDGE_CURVE('',#655,#627,#13502,.T.);
#13500=EDGE_CURVE('',#627,#641,#13503,.T.);
#13501=LINE('',#640,#13504);
#13502=LINE('',#654,#13505);
#13503=LINE('',#626,#13506);
#13504=VECTOR('',#13507,1.0);
#13505=VECTOR('',#13508,1.0);
#13506=VECTOR('',#13509,1.0);
#13507=DIRECTION('',(0.9997597884990843,0,0.021917237514477442));
#13508=DIRECTION('',(-4.371136182822617E-08,0,-0.999999999999999));
#13509=DIRECTION('',(-1,0,0));
#13510=FACE_SURFACE('',(#13515),#13511,.T.);
#13511=PLANE('',#13512);
#13512=AXIS2_PLACEMENT_3D('',#646,#13513,#13514);
#13513=DIRECTION('',(1,0,-0));
#13514=DIRECTION('',(0,0,1));
#13515=FACE_BOUND('',#13516,.T.);
#13516=EDGE_LOOP('',(#13517,#13518,#13519));
#13517=ORIENTED_EDGE('',*,*,#13520,.T.);
#13518=ORIENTED_EDGE('',*,*,#13521,.T.);
#13519=ORIENTED_EDGE('',*,*,#13522,.T.);
#13520=EDGE_CURVE('',#647,#657,#13523,.F.);
#13521=EDGE_CURVE('',#657,#653,#13524,.T.);
#13522=EDGE_CURVE('',#653,#647,#13525,.T.);
#13523=LINE('',#646,#13526);
#13524=LINE('',#656,#13527);
#13525=LINE('',#652,#13528);
#13526=VECTOR('',#13529,1.0);
#13527=VECTOR('',#13530,1.0);
#13528=VECTOR('',#13531,1.0);
#13529=DIRECTION('',(0,0,1));
#13530=DIRECTION('',(0,-1,0));
#13531=DIRECTION('',(0,0.999562426708905,-0.029579640156786755));
#13532=FACE_SURFACE('',(#13537),#13533,.T.);
#13533=PLANE('',#13534);
#13534=AXIS2_PLACEMENT_3D('',#646,#13535,#13536);
#13535=DIRECTION('',(1,0,0));
#13536=DIRECTION('',(0,-0.999562426708905,0.029579640156786755));
#13537=FACE_BOUND('',#13538,.T.);
#13538=EDGE_LOOP('',(#13539,#13540,#13541));
#13539=ORIENTED_EDGE('',*,*,#13542,.T.);
#13540=ORIENTED_EDGE('',*,*,#13543,.T.);
#13541=ORIENTED_EDGE('',*,*,#13544,.T.);
#13542=EDGE_CURVE('',#647,#653,#13545,.F.);
#13543=EDGE_CURVE('',#653,#643,#13546,.T.);
#13544=EDGE_CURVE('',#643,#647,#13547,.T.);
#13545=LINE('',#646,#13548);
#13546=LINE('',#652,#13549);
#13547=LINE('',#642,#13550);
#13548=VECTOR('',#13551,1.0);
#13549=VECTOR('',#13552,1.0);
#13550=VECTOR('',#13553,1.0);
#13551=DIRECTION('',(0,-0.999562426708905,0.029579640156786755));
#13552=DIRECTION('',(0,0,-1));
#13553=DIRECTION('',(0,1,0));
#13554=FACE_SURFACE('',(#13559),#13555,.T.);
#13555=PLANE('',#13556);
#13556=AXIS2_PLACEMENT_3D('',#658,#13557,#13558);
#13557=DIRECTION('',(0,-1,0));
#13558=DIRECTION('',(0,0,-1));
#13559=FACE_BOUND('',#13560,.T.);
#13560=EDGE_LOOP('',(#13561,#13562,#13563));
#13561=ORIENTED_EDGE('',*,*,#13564,.T.);
#13562=ORIENTED_EDGE('',*,*,#13565,.T.);
#13563=ORIENTED_EDGE('',*,*,#13566,.T.);
#13564=EDGE_CURVE('',#659,#639,#13567,.F.);
#13565=EDGE_CURVE('',#639,#637,#13568,.T.);
#13566=EDGE_CURVE('',#637,#659,#13569,.T.);
#13567=LINE('',#658,#13570);
#13568=LINE('',#638,#13571);
#13569=LINE('',#636,#13572);
#13570=VECTOR('',#13573,1.0);
#13571=VECTOR('',#13574,1.0);
#13572=VECTOR('',#13575,1.0);
#13573=DIRECTION('',(0,0,-1));
#13574=DIRECTION('',(1,0,0));
#13575=DIRECTION('',(-0.9997597884818961,0,0.021917238298526702));
#13576=FACE_SURFACE('',(#13581),#13577,.T.);
#13577=PLANE('',#13578);
#13578=AXIS2_PLACEMENT_3D('',#658,#13579,#13580);
#13579=DIRECTION('',(0,-1,0));
#13580=DIRECTION('',(0.9997597884818961,0,-0.021917238298526702));
#13581=FACE_BOUND('',#13582,.T.);
#13582=EDGE_LOOP('',(#13583,#13584,#13585));
#13583=ORIENTED_EDGE('',*,*,#13586,.T.);
#13584=ORIENTED_EDGE('',*,*,#13587,.T.);
#13585=ORIENTED_EDGE('',*,*,#13588,.T.);
#13586=EDGE_CURVE('',#659,#637,#13589,.F.);
#13587=EDGE_CURVE('',#637,#661,#13590,.T.);
#13588=EDGE_CURVE('',#661,#659,#13591,.T.);
#13589=LINE('',#658,#13592);
#13590=LINE('',#636,#13593);
#13591=LINE('',#660,#13594);
#13592=VECTOR('',#13595,1.0);
#13593=VECTOR('',#13596,1.0);
#13594=VECTOR('',#13597,1.0);
#13595=DIRECTION('',(0.9997597884818961,0,-0.021917238298526702));
#13596=DIRECTION('',(4.3711423014599896E-08,0,0.999999999999999));
#13597=DIRECTION('',(-1,0,0));
#13598=FACE_SURFACE('',(#13603),#13599,.T.);
#13599=PLANE('',#13600);
#13600=AXIS2_PLACEMENT_3D('',#642,#13601,#13602);
#13601=DIRECTION('',(0.6980081488670697,0.7160898156761949,-0));
#13602=DIRECTION('',(0,0,1));
#13603=FACE_BOUND('',#13604,.T.);
#13604=EDGE_LOOP('',(#13605,#13606,#13607));
#13605=ORIENTED_EDGE('',*,*,#13608,.T.);
#13606=ORIENTED_EDGE('',*,*,#13609,.T.);
#13607=ORIENTED_EDGE('',*,*,#13610,.T.);
#13608=EDGE_CURVE('',#643,#653,#13611,.F.);
#13609=EDGE_CURVE('',#653,#651,#13612,.T.);
#13610=EDGE_CURVE('',#651,#643,#13613,.T.);
#13611=LINE('',#642,#13614);
#13612=LINE('',#652,#13615);
#13613=LINE('',#650,#13616);
#13614=VECTOR('',#13617,1.0);
#13615=VECTOR('',#13618,1.0);
#13616=VECTOR('',#13619,1.0);
#13617=DIRECTION('',(0,0,1));
#13618=DIRECTION('',(0.7160898156761948,-0.6980081488670696,0));
#13619=DIRECTION('',(-0.6285458877707985,0.6126747539156334,-0.4791239013875604));
#13620=FACE_SURFACE('',(#13625),#13621,.T.);
#13621=PLANE('',#13622);
#13622=AXIS2_PLACEMENT_3D('',#642,#13623,#13624);
#13623=DIRECTION('',(0.6980081488670697,0.7160898156761949,0));
#13624=DIRECTION('',(0.6285458877707985,-0.6126747539156334,0.4791239013875604));
#13625=FACE_BOUND('',#13626,.T.);
#13626=EDGE_LOOP('',(#13627,#13628,#13629));
#13627=ORIENTED_EDGE('',*,*,#13630,.T.);
#13628=ORIENTED_EDGE('',*,*,#13631,.T.);
#13629=ORIENTED_EDGE('',*,*,#13632,.T.);
#13630=EDGE_CURVE('',#643,#651,#13633,.F.);
#13631=EDGE_CURVE('',#651,#641,#13634,.T.);
#13632=EDGE_CURVE('',#641,#643,#13635,.T.);
#13633=LINE('',#642,#13636);
#13634=LINE('',#650,#13637);
#13635=LINE('',#640,#13638);
#13636=VECTOR('',#13639,1.0);
#13637=VECTOR('',#13640,1.0);
#13638=VECTOR('',#13641,1.0);
#13639=DIRECTION('',(0.6285458877707985,-0.6126747539156334,0.4791239013875604));
#13640=DIRECTION('',(0,0,-1));
#13641=DIRECTION('',(-0.7160898156761948,0.6980081488670696,0));
#13642=FACE_SURFACE('',(#13647),#13643,.T.);
#13643=PLANE('',#13644);
#13644=AXIS2_PLACEMENT_3D('',#638,#13645,#13646);
#13645=DIRECTION('',(0.6978647269104288,-0.7162295881449137,0));
#13646=DIRECTION('',(0,0,1));
#13647=FACE_BOUND('',#13648,.T.);
#13648=EDGE_LOOP('',(#13649,#13650,#13651));
#13649=ORIENTED_EDGE('',*,*,#13652,.T.);
#13650=ORIENTED_EDGE('',*,*,#13653,.T.);
#13651=ORIENTED_EDGE('',*,*,#13654,.T.);
#13652=EDGE_CURVE('',#639,#659,#13655,.F.);
#13653=EDGE_CURVE('',#659,#657,#13656,.T.);
#13654=EDGE_CURVE('',#657,#639,#13657,.T.);
#13655=LINE('',#638,#13658);
#13656=LINE('',#658,#13659);
#13657=LINE('',#656,#13660);
#13658=VECTOR('',#13661,1.0);
#13659=VECTOR('',#13662,1.0);
#13660=VECTOR('',#13663,1.0);
#13661=DIRECTION('',(0,0,1));
#13662=DIRECTION('',(-0.7162295881449137,-0.6978647269104288,0));
#13663=DIRECTION('',(0.628640402810791,0.6125214181233348,-0.47919594770204926));
#13664=FACE_SURFACE('',(#13669),#13665,.T.);
#13665=PLANE('',#13666);
#13666=AXIS2_PLACEMENT_3D('',#638,#13667,#13668);
#13667=DIRECTION('',(0.6978647269104288,-0.7162295881449137,0));
#13668=DIRECTION('',(-0.628640402810791,-0.6125214181233348,0.47919594770204926));
#13669=FACE_BOUND('',#13670,.T.);
#13670=EDGE_LOOP('',(#13671,#13672,#13673));
#13671=ORIENTED_EDGE('',*,*,#13674,.T.);
#13672=ORIENTED_EDGE('',*,*,#13675,.T.);
#13673=ORIENTED_EDGE('',*,*,#13676,.T.);
#13674=EDGE_CURVE('',#639,#657,#13677,.F.);
#13675=EDGE_CURVE('',#657,#647,#13678,.T.);
#13676=EDGE_CURVE('',#647,#639,#13679,.T.);
#13677=LINE('',#638,#13680);
#13678=LINE('',#656,#13681);
#13679=LINE('',#646,#13682);
#13680=VECTOR('',#13683,1.0);
#13681=VECTOR('',#13684,1.0);
#13682=VECTOR('',#13685,1.0);
#13683=DIRECTION('',(-0.628640402810791,-0.6125214181233348,0.47919594770204926));
#13684=DIRECTION('',(0,0,-1));
#13685=DIRECTION('',(0.7162295881449137,0.6978647269104288,0));
#13686=FACE_SURFACE('',(#13691),#13687,.T.);
#13687=PLANE('',#13688);
#13688=AXIS2_PLACEMENT_3D('',#654,#13689,#13690);
#13689=DIRECTION('',(0,0,1));
#13690=DIRECTION('',(-1,0,0));
#13691=FACE_BOUND('',#13692,.T.);
#13692=EDGE_LOOP('',(#13693,#13694,#13695));
#13693=ORIENTED_EDGE('',*,*,#13696,.T.);
#13694=ORIENTED_EDGE('',*,*,#13697,.T.);
#13695=ORIENTED_EDGE('',*,*,#13698,.T.);
#13696=EDGE_CURVE('',#655,#651,#13699,.F.);
#13697=EDGE_CURVE('',#651,#617,#13700,.T.);
#13698=EDGE_CURVE('',#617,#655,#13701,.T.);
#13699=LINE('',#654,#13702);
#13700=LINE('',#650,#13703);
#13701=LINE('',#616,#13704);
#13702=VECTOR('',#13705,1.0);
#13703=VECTOR('',#13706,1.0);
#13704=VECTOR('',#13707,1.0);
#13705=DIRECTION('',(-1,0,0));
#13706=DIRECTION('',(-0.773795603174184,-0.6334353672698585,0));
#13707=DIRECTION('',(0.9997910349051347,0.02044227294896029,0));
#13708=FACE_SURFACE('',(#13713),#13709,.T.);
#13709=PLANE('',#13710);
#13710=AXIS2_PLACEMENT_3D('',#654,#13711,#13712);
#13711=DIRECTION('',(0,0,1));
#13712=DIRECTION('',(-0.9997910349051347,-0.02044227294896029,0));
#13713=FACE_BOUND('',#13714,.T.);
#13714=EDGE_LOOP('',(#13715,#13716,#13717));
#13715=ORIENTED_EDGE('',*,*,#13718,.T.);
#13716=ORIENTED_EDGE('',*,*,#13719,.T.);
#13717=ORIENTED_EDGE('',*,*,#13720,.T.);
#13718=EDGE_CURVE('',#655,#617,#13721,.F.);
#13719=EDGE_CURVE('',#617,#625,#13722,.T.);
#13720=EDGE_CURVE('',#625,#655,#13723,.T.);
#13721=LINE('',#654,#13724);
#13722=LINE('',#616,#13725);
#13723=LINE('',#624,#13726);
#13724=VECTOR('',#13727,1.0);
#13725=VECTOR('',#13728,1.0);
#13726=VECTOR('',#13729,1.0);
#13727=DIRECTION('',(-0.9997910349051347,-0.02044227294896029,0));
#13728=DIRECTION('',(1,0,0));
#13729=DIRECTION('',(-4.371142462049613E-08,0.999999999999999,0));
#13730=FACE_SURFACE('',(#13735),#13731,.T.);
#13731=PLANE('',#13732);
#13732=AXIS2_PLACEMENT_3D('',#608,#13733,#13734);
#13733=DIRECTION('',(0,0,1));
#13734=DIRECTION('',(0,-1,0));
#13735=FACE_BOUND('',#13736,.T.);
#13736=EDGE_LOOP('',(#13737,#13738,#13739));
#13737=ORIENTED_EDGE('',*,*,#13740,.T.);
#13738=ORIENTED_EDGE('',*,*,#13741,.T.);
#13739=ORIENTED_EDGE('',*,*,#13742,.T.);
#13740=EDGE_CURVE('',#609,#611,#13743,.F.);
#13741=EDGE_CURVE('',#611,#653,#13744,.T.);
#13742=EDGE_CURVE('',#653,#609,#13745,.T.);
#13743=LINE('',#608,#13746);
#13744=LINE('',#610,#13747);
#13745=LINE('',#652,#13748);
#13746=VECTOR('',#13749,1.0);
#13747=VECTOR('',#13750,1.0);
#13748=VECTOR('',#13751,1.0);
#13749=DIRECTION('',(0,-1,0));
#13750=DIRECTION('',(0.8039502497277117,0.5946965578870874,0));
#13751=DIRECTION('',(-0.03464218330050335,0.9993997794357242,0));
#13752=FACE_SURFACE('',(#13757),#13753,.T.);
#13753=PLANE('',#13754);
#13754=AXIS2_PLACEMENT_3D('',#608,#13755,#13756);
#13755=DIRECTION('',(0,0,1));
#13756=DIRECTION('',(0.03464218330050335,-0.9993997794357242,0));
#13757=FACE_BOUND('',#13758,.T.);
#13758=EDGE_LOOP('',(#13759,#13760,#13761));
#13759=ORIENTED_EDGE('',*,*,#13762,.T.);
#13760=ORIENTED_EDGE('',*,*,#13763,.T.);
#13761=ORIENTED_EDGE('',*,*,#13764,.T.);
#13762=EDGE_CURVE('',#609,#653,#13765,.F.);
#13763=EDGE_CURVE('',#653,#657,#13766,.T.);
#13764=EDGE_CURVE('',#657,#609,#13767,.T.);
#13765=LINE('',#608,#13768);
#13766=LINE('',#652,#13769);
#13767=LINE('',#656,#13770);
#13768=VECTOR('',#13771,1.0);
#13769=VECTOR('',#13772,1.0);
#13770=VECTOR('',#13773,1.0);
#13771=DIRECTION('',(0.03464218330050335,-0.9993997794357242,0));
#13772=DIRECTION('',(0,1,0));
#13773=DIRECTION('',(-0.8039459828775075,0.5947023260549081,0));
#13774=FACE_SURFACE('',(#13779),#13775,.T.);
#13775=PLANE('',#13776);
#13776=AXIS2_PLACEMENT_3D('',#660,#13777,#13778);
#13777=DIRECTION('',(0,0,1));
#13778=DIRECTION('',(-4.3711377732727794E-08,0.999999999999999,0));
#13779=FACE_BOUND('',#13780,.T.);
#13780=EDGE_LOOP('',(#13781,#13782,#13783));
#13781=ORIENTED_EDGE('',*,*,#13784,.T.);
#13782=ORIENTED_EDGE('',*,*,#13785,.T.);
#13783=ORIENTED_EDGE('',*,*,#13786,.T.);
#13784=EDGE_CURVE('',#661,#619,#13787,.F.);
#13785=EDGE_CURVE('',#619,#603,#13788,.T.);
#13786=EDGE_CURVE('',#603,#661,#13789,.T.);
#13787=LINE('',#660,#13790);
#13788=LINE('',#618,#13791);
#13789=LINE('',#602,#13792);
#13790=VECTOR('',#13793,1.0);
#13791=VECTOR('',#13794,1.0);
#13792=VECTOR('',#13795,1.0);
#13793=DIRECTION('',(-4.3711377732727794E-08,0.999999999999999,0));
#13794=DIRECTION('',(-1,0,0));
#13795=DIRECTION('',(0.9997910411679434,-0.020441966645109028,0));
#13796=FACE_SURFACE('',(#13801),#13797,.T.);
#13797=PLANE('',#13798);
#13798=AXIS2_PLACEMENT_3D('',#608,#13799,#13800);
#13799=DIRECTION('',(-0,0,1));
#13800=DIRECTION('',(0.8039459828775075,-0.5947023260549081,0));
#13801=FACE_BOUND('',#13802,.T.);
#13802=EDGE_LOOP('',(#13803,#13804,#13805));
#13803=ORIENTED_EDGE('',*,*,#13806,.T.);
#13804=ORIENTED_EDGE('',*,*,#13807,.T.);
#13805=ORIENTED_EDGE('',*,*,#13808,.T.);
#13806=EDGE_CURVE('',#609,#657,#13809,.F.);
#13807=EDGE_CURVE('',#657,#659,#13810,.T.);
#13808=EDGE_CURVE('',#659,#609,#13811,.T.);
#13809=LINE('',#608,#13812);
#13810=LINE('',#656,#13813);
#13811=LINE('',#658,#13814);
#13812=VECTOR('',#13815,1.0);
#13813=VECTOR('',#13816,1.0);
#13814=VECTOR('',#13817,1.0);
#13815=DIRECTION('',(0.8039459828775075,-0.5947023260549081,0));
#13816=DIRECTION('',(0.7162295881449137,0.6978647269104288,0));
#13817=DIRECTION('',(-0.9882427394304099,-0.15289306054585658,0));
#13818=FACE_SURFACE('',(#13823),#13819,.T.);
#13819=PLANE('',#13820);
#13820=AXIS2_PLACEMENT_3D('',#658,#13821,#13822);
#13821=DIRECTION('',(0,-0,1));
#13822=DIRECTION('',(1,0,0));
#13823=FACE_BOUND('',#13824,.T.);
#13824=EDGE_LOOP('',(#13825,#13826,#13827));
#13825=ORIENTED_EDGE('',*,*,#13828,.T.);
#13826=ORIENTED_EDGE('',*,*,#13829,.T.);
#13827=ORIENTED_EDGE('',*,*,#13830,.T.);
#13828=EDGE_CURVE('',#659,#661,#13831,.F.);
#13829=EDGE_CURVE('',#661,#603,#13832,.T.);
#13830=EDGE_CURVE('',#603,#659,#13833,.T.);
#13831=LINE('',#658,#13834);
#13832=LINE('',#660,#13835);
#13833=LINE('',#602,#13836);
#13834=VECTOR('',#13837,1.0);
#13835=VECTOR('',#13838,1.0);
#13836=VECTOR('',#13839,1.0);
#13837=DIRECTION('',(1,0,0));
#13838=DIRECTION('',(-0.9997910411679434,0.020441966645109028,0));
#13839=DIRECTION('',(0.7738002678251965,-0.6334296689559578,0));
#13840=FACE_SURFACE('',(#13845),#13841,.T.);
#13841=PLANE('',#13842);
#13842=AXIS2_PLACEMENT_3D('',#602,#13843,#13844);
#13843=DIRECTION('',(0,0,1));
#13844=DIRECTION('',(-0.7071067811865475,-0.7071067811865475,0));
#13845=FACE_BOUND('',#13846,.T.);
#13846=EDGE_LOOP('',(#13847,#13848,#13849));
#13847=ORIENTED_EDGE('',*,*,#13850,.T.);
#13848=ORIENTED_EDGE('',*,*,#13851,.T.);
#13849=ORIENTED_EDGE('',*,*,#13852,.T.);
#13850=EDGE_CURVE('',#603,#609,#13853,.F.);
#13851=EDGE_CURVE('',#609,#659,#13854,.T.);
#13852=EDGE_CURVE('',#659,#603,#13855,.T.);
#13853=LINE('',#602,#13856);
#13854=LINE('',#608,#13857);
#13855=LINE('',#658,#13858);
#13856=VECTOR('',#13859,1.0);
#13857=VECTOR('',#13860,1.0);
#13858=VECTOR('',#13861,1.0);
#13859=DIRECTION('',(-0.7071067811865475,-0.7071067811865475,0));
#13860=DIRECTION('',(0.9882427394304099,0.15289306054585658,0));
#13861=DIRECTION('',(-0.7738002678251965,0.6334296689559578,0));
#13862=FACE_SURFACE('',(#13867),#13863,.T.);
#13863=PLANE('',#13864);
#13864=AXIS2_PLACEMENT_3D('',#628,#13865,#13866);
#13865=DIRECTION('',(0.999999999999998,4.371136065589626E-08,-4.371136182822612E-08));
#13866=DIRECTION('',(-4.3711360655896306E-08,0.999999999999999,0));
#13867=FACE_BOUND('',#13868,.T.);
#13868=EDGE_LOOP('',(#13869,#13870,#13871));
#13869=ORIENTED_EDGE('',*,*,#13872,.T.);
#13870=ORIENTED_EDGE('',*,*,#13873,.T.);
#13871=ORIENTED_EDGE('',*,*,#13874,.T.);
#13872=EDGE_CURVE('',#629,#627,#13875,.F.);
#13873=EDGE_CURVE('',#627,#655,#13876,.T.);
#13874=EDGE_CURVE('',#655,#629,#13877,.T.);
#13875=LINE('',#628,#13878);
#13876=LINE('',#626,#13879);
#13877=LINE('',#654,#13880);
#13878=VECTOR('',#13881,1.0);
#13879=VECTOR('',#13882,1.0);
#13880=VECTOR('',#13883,1.0);
#13881=DIRECTION('',(-4.3711360655896306E-08,0.999999999999999,0));
#13882=DIRECTION('',(4.371136182822617E-08,0,0.999999999999999));
#13883=DIRECTION('',(-1.371942672010319E-09,-0.6912394209078597,-0.7226258111795942));
#13884=FACE_SURFACE('',(#13889),#13885,.T.);
#13885=PLANE('',#13886);
#13886=AXIS2_PLACEMENT_3D('',#624,#13887,#13888);
#13887=DIRECTION('',(0.999999999999998,4.37113811995421E-08,-4.3711362777097344E-08));
#13888=DIRECTION('',(4.371136277709739E-08,0,0.9999999999999991));
#13889=FACE_BOUND('',#13890,.T.);
#13890=EDGE_LOOP('',(#13891,#13892,#13893));
#13891=ORIENTED_EDGE('',*,*,#13894,.T.);
#13892=ORIENTED_EDGE('',*,*,#13895,.T.);
#13893=ORIENTED_EDGE('',*,*,#13896,.T.);
#13894=EDGE_CURVE('',#625,#623,#13897,.F.);
#13895=EDGE_CURVE('',#623,#579,#13898,.T.);
#13896=EDGE_CURVE('',#579,#625,#13899,.T.);
#13897=LINE('',#624,#13900);
#13898=LINE('',#622,#13901);
#13899=LINE('',#578,#13902);
#13900=VECTOR('',#13903,1.0);
#13901=VECTOR('',#13904,1.0);
#13902=VECTOR('',#13905,1.0);
#13903=DIRECTION('',(4.371136277709739E-08,0,0.9999999999999991));
#13904=DIRECTION('',(4.371138119954215E-08,-0.9999999999999991,0));
#13905=DIRECTION('',(-5.976937428015133E-08,0.5031868350150199,-0.8641776490210584));
#13906=FACE_SURFACE('',(#13911),#13907,.T.);
#13907=PLANE('',#13908);
#13908=AXIS2_PLACEMENT_3D('',#628,#13909,#13910);
#13909=DIRECTION('',(0.999999999999998,4.3711424620496086E-08,-4.371142301459985E-08));
#13910=DIRECTION('',(1.371942672010319E-09,0.6912394209078597,0.7226258111795942));
#13911=FACE_BOUND('',#13912,.T.);
#13912=EDGE_LOOP('',(#13913,#13914,#13915));
#13913=ORIENTED_EDGE('',*,*,#13916,.T.);
#13914=ORIENTED_EDGE('',*,*,#13917,.T.);
#13915=ORIENTED_EDGE('',*,*,#13918,.T.);
#13916=EDGE_CURVE('',#629,#655,#13919,.F.);
#13917=EDGE_CURVE('',#655,#625,#13920,.T.);
#13918=EDGE_CURVE('',#625,#629,#13921,.T.);
#13919=LINE('',#628,#13922);
#13920=LINE('',#654,#13923);
#13921=LINE('',#624,#13924);
#13922=VECTOR('',#13925,1.0);
#13923=VECTOR('',#13926,1.0);
#13924=VECTOR('',#13927,1.0);
#13925=DIRECTION('',(1.371942672010319E-09,0.6912394209078597,0.7226258111795942));
#13926=DIRECTION('',(4.371142462049613E-08,-0.999999999999999,0));
#13927=DIRECTION('',(-4.3711423014599896E-08,0,-0.999999999999999));
#13928=FACE_SURFACE('',(#13933),#13929,.T.);
#13929=PLANE('',#13930);
#13930=AXIS2_PLACEMENT_3D('',#628,#13931,#13932);
#13931=DIRECTION('',(0.999999999999998,4.371127774710719E-08,-4.371142301459985E-08));
#13932=DIRECTION('',(4.3711423014599896E-08,0,0.999999999999999));
#13933=FACE_BOUND('',#13934,.T.);
#13934=EDGE_LOOP('',(#13935,#13936,#13937));
#13935=ORIENTED_EDGE('',*,*,#13938,.T.);
#13936=ORIENTED_EDGE('',*,*,#13939,.T.);
#13937=ORIENTED_EDGE('',*,*,#13940,.T.);
#13938=EDGE_CURVE('',#629,#625,#13941,.F.);
#13939=EDGE_CURVE('',#625,#579,#13942,.T.);
#13940=EDGE_CURVE('',#579,#629,#13943,.T.);
#13941=LINE('',#628,#13944);
#13942=LINE('',#624,#13945);
#13943=LINE('',#578,#13946);
#13944=VECTOR('',#13947,1.0);
#13945=VECTOR('',#13948,1.0);
#13946=VECTOR('',#13949,1.0);
#13947=DIRECTION('',(4.3711423014599896E-08,0,0.999999999999999));
#13948=DIRECTION('',(5.976937428015133E-08,-0.5031868350150199,0.8641776490210584));
#13949=DIRECTION('',(-5.530404083345344E-08,0.3166748810699446,-0.9485341426112892));
#13950=FACE_SURFACE('',(#13955),#13951,.T.);
#13951=PLANE('',#13952);
#13952=AXIS2_PLACEMENT_3D('',#578,#13953,#13954);
#13953=DIRECTION('',(0.9999999999999981,4.3711408903539724E-08,-4.3711381880790684E-08));
#13954=DIRECTION('',(-4.3711381880790717E-08,0,-0.999999999999999));
#13955=FACE_BOUND('',#13956,.T.);
#13956=EDGE_LOOP('',(#13957,#13958,#13959));
#13957=ORIENTED_EDGE('',*,*,#13960,.T.);
#13958=ORIENTED_EDGE('',*,*,#13961,.T.);
#13959=ORIENTED_EDGE('',*,*,#13962,.T.);
#13960=EDGE_CURVE('',#579,#523,#13963,.F.);
#13961=EDGE_CURVE('',#523,#529,#13964,.T.);
#13962=EDGE_CURVE('',#529,#579,#13965,.T.);
#13963=LINE('',#578,#13966);
#13964=LINE('',#522,#13967);
#13965=LINE('',#528,#13968);
#13966=VECTOR('',#13969,1.0);
#13967=VECTOR('',#13970,1.0);
#13968=VECTOR('',#13971,1.0);
#13969=DIRECTION('',(-4.3711381880790717E-08,0,-0.999999999999999));
#13970=DIRECTION('',(-6.181724819385284E-08,0.7071067811865461,-0.7071067811865461));
#13971=DIRECTION('',(4.686589601374677E-08,-0.07498194389734605,0.997184891627111));
#13972=FACE_SURFACE('',(#13977),#13973,.T.);
#13973=PLANE('',#13974);
#13974=AXIS2_PLACEMENT_3D('',#528,#13975,#13976);
#13975=DIRECTION('',(0.999999999999998,4.371138988165041E-08,-4.371138988165041E-08));
#13976=DIRECTION('',(-4.371138988165045E-08,0.999999999999999,0));
#13977=FACE_BOUND('',#13978,.T.);
#13978=EDGE_LOOP('',(#13979,#13980,#13981));
#13979=ORIENTED_EDGE('',*,*,#13982,.T.);
#13980=ORIENTED_EDGE('',*,*,#13983,.T.);
#13981=ORIENTED_EDGE('',*,*,#13984,.T.);
#13982=EDGE_CURVE('',#529,#325,#13985,.F.);
#13983=EDGE_CURVE('',#325,#323,#13986,.T.);
#13984=EDGE_CURVE('',#323,#529,#13987,.T.);
#13985=LINE('',#528,#13988);
#13986=LINE('',#324,#13989);
#13987=LINE('',#322,#13990);
#13988=VECTOR('',#13991,1.0);
#13989=VECTOR('',#13992,1.0);
#13990=VECTOR('',#13993,1.0);
#13991=DIRECTION('',(-4.371138988165045E-08,0.999999999999999,0));
#13992=DIRECTION('',(0,0.7071067811865475,0.7071067811865475));
#13993=DIRECTION('',(4.310857587383993E-08,-0.99990619212545,-0.013696968612829945));
#13994=FACE_SURFACE('',(#13999),#13995,.T.);
#13995=PLANE('',#13996);
#13996=AXIS2_PLACEMENT_3D('',#322,#13997,#13998);
#13997=DIRECTION('',(0.999999999999998,4.371136466688288E-08,-4.3711395438456914E-08));
#13998=DIRECTION('',(4.371139543845696E-08,0,0.999999999999999));
#13999=FACE_BOUND('',#14000,.T.);
#14000=EDGE_LOOP('',(#14001,#14002,#14003));
#14001=ORIENTED_EDGE('',*,*,#14004,.T.);
#14002=ORIENTED_EDGE('',*,*,#14005,.T.);
#14003=ORIENTED_EDGE('',*,*,#14006,.T.);
#14004=EDGE_CURVE('',#323,#589,#14007,.F.);
#14005=EDGE_CURVE('',#589,#621,#14008,.T.);
#14006=EDGE_CURVE('',#621,#323,#14009,.T.);
#14007=LINE('',#322,#14010);
#14008=LINE('',#588,#14011);
#14009=LINE('',#620,#14012);
#14010=VECTOR('',#14013,1.0);
#14011=VECTOR('',#14014,1.0);
#14012=VECTOR('',#14015,1.0);
#14013=DIRECTION('',(4.371139543845696E-08,0,0.999999999999999));
#14014=DIRECTION('',(4.3711479268472086E-08,-0.9999999999965622,2.6217817628770443E-06));
#14015=DIRECTION('',(-4.854403887272425E-08,0.11748318770883268,-0.9930748716012145));
#14016=FACE_SURFACE('',(#14021),#14017,.T.);
#14017=PLANE('',#14018);
#14018=AXIS2_PLACEMENT_3D('',#618,#14019,#14020);
#14019=DIRECTION('',(0.9999999999999981,4.3711377732727755E-08,-4.371142301459985E-08));
#14020=DIRECTION('',(4.3711377732727794E-08,-0.999999999999999,0));
#14021=FACE_BOUND('',#14022,.T.);
#14022=EDGE_LOOP('',(#14023,#14024,#14025));
#14023=ORIENTED_EDGE('',*,*,#14026,.T.);
#14024=ORIENTED_EDGE('',*,*,#14027,.T.);
#14025=ORIENTED_EDGE('',*,*,#14028,.T.);
#14026=EDGE_CURVE('',#619,#661,#14029,.F.);
#14027=EDGE_CURVE('',#661,#637,#14030,.T.);
#14028=EDGE_CURVE('',#637,#619,#14031,.T.);
#14029=LINE('',#618,#14032);
#14030=LINE('',#660,#14033);
#14031=LINE('',#636,#14034);
#14032=VECTOR('',#14035,1.0);
#14033=VECTOR('',#14036,1.0);
#14034=VECTOR('',#14037,1.0);
#14035=DIRECTION('',(4.3711377732727794E-08,-0.999999999999999,0));
#14036=DIRECTION('',(-4.3711423014599896E-08,0,-0.999999999999999));
#14037=DIRECTION('',(1.3724388876541016E-09,0.6912339978063603,0.7226309986961788));
#14038=FACE_SURFACE('',(#14043),#14039,.T.);
#14039=PLANE('',#14040);
#14040=AXIS2_PLACEMENT_3D('',#322,#14041,#14042);
#14041=DIRECTION('',(0.9999999999999981,4.371164075043233E-08,-4.371136277709735E-08));
#14042=DIRECTION('',(4.854403887272425E-08,-0.11748318770883268,0.9930748716012145));
#14043=FACE_BOUND('',#14044,.T.);
#14044=EDGE_LOOP('',(#14045,#14046,#14047));
#14045=ORIENTED_EDGE('',*,*,#14048,.T.);
#14046=ORIENTED_EDGE('',*,*,#14049,.T.);
#14047=ORIENTED_EDGE('',*,*,#14050,.T.);
#14048=EDGE_CURVE('',#323,#621,#14051,.F.);
#14049=EDGE_CURVE('',#621,#619,#14052,.T.);
#14050=EDGE_CURVE('',#619,#323,#14053,.T.);
#14051=LINE('',#322,#14054);
#14052=LINE('',#620,#14055);
#14053=LINE('',#618,#14056);
#14054=VECTOR('',#14057,1.0);
#14055=VECTOR('',#14058,1.0);
#14056=VECTOR('',#14059,1.0);
#14057=DIRECTION('',(4.854403887272425E-08,-0.11748318770883268,0.9930748716012145));
#14058=DIRECTION('',(-4.371136277709739E-08,0,-0.9999999999999991));
#14059=DIRECTION('',(-4.9655864680203205E-08,0.14683206149509018,-0.9891614356196362));
#14060=FACE_SURFACE('',(#14065),#14061,.T.);
#14061=PLANE('',#14062);
#14062=AXIS2_PLACEMENT_3D('',#628,#14063,#14064);
#14063=DIRECTION('',(0.9999999999999981,4.3711398644263895E-08,-4.371138265222279E-08));
#14064=DIRECTION('',(5.530404083345344E-08,-0.3166748810699446,0.9485341426112892));
#14065=FACE_BOUND('',#14066,.T.);
#14066=EDGE_LOOP('',(#14067,#14068,#14069));
#14067=ORIENTED_EDGE('',*,*,#14070,.T.);
#14068=ORIENTED_EDGE('',*,*,#14071,.T.);
#14069=ORIENTED_EDGE('',*,*,#14072,.T.);
#14070=EDGE_CURVE('',#629,#579,#14073,.F.);
#14071=EDGE_CURVE('',#579,#529,#14074,.T.);
#14072=EDGE_CURVE('',#529,#629,#14075,.T.);
#14073=LINE('',#628,#14076);
#14074=LINE('',#578,#14077);
#14075=LINE('',#528,#14078);
#14076=VECTOR('',#14079,1.0);
#14077=VECTOR('',#14080,1.0);
#14078=VECTOR('',#14081,1.0);
#14079=DIRECTION('',(5.530404083345344E-08,-0.3166748810699446,0.9485341426112892));
#14080=DIRECTION('',(-4.686589601374677E-08,0.07498194389734605,-0.997184891627111));
#14081=DIRECTION('',(4.143919549768801E-08,0.05069571652006583,0.9987141454522988));
#14082=FACE_SURFACE('',(#14087),#14083,.T.);
#14083=PLANE('',#14084);
#14084=AXIS2_PLACEMENT_3D('',#590,#14085,#14086);
#14085=DIRECTION('',(0.9999999999999982,4.371132056125201E-08,-4.371137868865198E-08));
#14086=DIRECTION('',(4.371137868865202E-08,0,0.999999999999999));
#14087=FACE_BOUND('',#14088,.T.);
#14088=EDGE_LOOP('',(#14089,#14090,#14091));
#14089=ORIENTED_EDGE('',*,*,#14092,.T.);
#14090=ORIENTED_EDGE('',*,*,#14093,.T.);
#14091=ORIENTED_EDGE('',*,*,#14094,.T.);
#14092=EDGE_CURVE('',#591,#629,#14095,.F.);
#14093=EDGE_CURVE('',#629,#529,#14096,.T.);
#14094=EDGE_CURVE('',#529,#591,#14097,.T.);
#14095=LINE('',#590,#14098);
#14096=LINE('',#628,#14099);
#14097=LINE('',#528,#14100);
#14098=VECTOR('',#14101,1.0);
#14099=VECTOR('',#14102,1.0);
#14100=VECTOR('',#14103,1.0);
#14101=DIRECTION('',(4.371137868865202E-08,0,0.999999999999999));
#14102=DIRECTION('',(-4.143919549768801E-08,-0.05069571652006583,-0.9987141454522988));
#14103=DIRECTION('',(3.5197753703045194E-08,0.17867708643419083,0.983907769449651));
#14104=FACE_SURFACE('',(#14109),#14105,.T.);
#14105=PLANE('',#14106);
#14106=AXIS2_PLACEMENT_3D('',#618,#14107,#14108);
#14107=DIRECTION('',(0.9999999999999981,4.3711377732727755E-08,-4.371142301459985E-08));
#14108=DIRECTION('',(-1.3724388876541016E-09,-0.6912339978063603,-0.7226309986961788));
#14109=FACE_BOUND('',#14110,.T.);
#14110=EDGE_LOOP('',(#14111,#14112,#14113));
#14111=ORIENTED_EDGE('',*,*,#14114,.T.);
#14112=ORIENTED_EDGE('',*,*,#14115,.T.);
#14113=ORIENTED_EDGE('',*,*,#14116,.T.);
#14114=EDGE_CURVE('',#619,#637,#14117,.F.);
#14115=EDGE_CURVE('',#637,#635,#14118,.T.);
#14116=EDGE_CURVE('',#635,#619,#14119,.T.);
#14117=LINE('',#618,#14120);
#14118=LINE('',#636,#14121);
#14119=LINE('',#634,#14122);
#14120=VECTOR('',#14123,1.0);
#14121=VECTOR('',#14124,1.0);
#14122=VECTOR('',#14125,1.0);
#14123=DIRECTION('',(-1.3724388876541016E-09,-0.6912339978063603,-0.7226309986961788));
#14124=DIRECTION('',(-4.3711377732727794E-08,0.999999999999999,0));
#14125=DIRECTION('',(4.3711423014599896E-08,0,0.999999999999999));
#14126=FACE_SURFACE('',(#14131),#14127,.T.);
#14127=PLANE('',#14128);
#14128=AXIS2_PLACEMENT_3D('',#592,#14129,#14130);
#14129=DIRECTION('',(0.9999999999999981,4.371138838483081E-08,-4.3711391005374976E-08));
#14130=DIRECTION('',(4.371138838483085E-08,-0.999999999999999,0));
#14131=FACE_BOUND('',#14132,.T.);
#14132=EDGE_LOOP('',(#14133,#14134,#14135));
#14133=ORIENTED_EDGE('',*,*,#14136,.T.);
#14134=ORIENTED_EDGE('',*,*,#14137,.T.);
#14135=ORIENTED_EDGE('',*,*,#14138,.T.);
#14136=EDGE_CURVE('',#593,#591,#14139,.F.);
#14137=EDGE_CURVE('',#591,#529,#14140,.T.);
#14138=EDGE_CURVE('',#529,#593,#14141,.T.);
#14139=LINE('',#592,#14142);
#14140=LINE('',#590,#14143);
#14141=LINE('',#528,#14144);
#14142=VECTOR('',#14145,1.0);
#14143=VECTOR('',#14146,1.0);
#14144=VECTOR('',#14147,1.0);
#14145=DIRECTION('',(4.371138838483085E-08,-0.999999999999999,0));
#14146=DIRECTION('',(-3.5197753703045194E-08,-0.17867708643419083,-0.983907769449651));
#14147=DIRECTION('',(-4.2158293486008186E-08,0.9993900845395445,0.03492075205433571));
#14148=FACE_SURFACE('',(#14153),#14149,.T.);
#14149=PLANE('',#14150);
#14150=AXIS2_PLACEMENT_3D('',#322,#14151,#14152);
#14151=DIRECTION('',(0.999999999999998,4.3711234949316095E-08,-4.371142301459985E-08));
#14152=DIRECTION('',(4.9655864680203205E-08,-0.14683206149509018,0.9891614356196362));
#14153=FACE_BOUND('',#14154,.T.);
#14154=EDGE_LOOP('',(#14155,#14156,#14157));
#14155=ORIENTED_EDGE('',*,*,#14158,.T.);
#14156=ORIENTED_EDGE('',*,*,#14159,.T.);
#14157=ORIENTED_EDGE('',*,*,#14160,.T.);
#14158=EDGE_CURVE('',#323,#619,#14161,.F.);
#14159=EDGE_CURVE('',#619,#635,#14162,.T.);
#14160=EDGE_CURVE('',#635,#323,#14163,.T.);
#14161=LINE('',#322,#14164);
#14162=LINE('',#618,#14165);
#14163=LINE('',#634,#14166);
#14164=VECTOR('',#14167,1.0);
#14165=VECTOR('',#14168,1.0);
#14166=VECTOR('',#14169,1.0);
#14167=DIRECTION('',(4.9655864680203205E-08,-0.14683206149509018,0.9891614356196362));
#14168=DIRECTION('',(-4.3711423014599896E-08,0,-0.999999999999999));
#14169=DIRECTION('',(-5.087133530143248E-08,0.18016370506910281,-0.9836366399111872));
#14170=FACE_SURFACE('',(#14175),#14171,.T.);
#14171=PLANE('',#14172);
#14172=AXIS2_PLACEMENT_3D('',#592,#14173,#14174);
#14173=DIRECTION('',(0.9999999999999981,4.3711390872135634E-08,-4.371146218905886E-08));
#14174=DIRECTION('',(4.2158293486008186E-08,-0.9993900845395445,-0.03492075205433571));
#14175=FACE_BOUND('',#14176,.T.);
#14176=EDGE_LOOP('',(#14177,#14178,#14179));
#14177=ORIENTED_EDGE('',*,*,#14180,.T.);
#14178=ORIENTED_EDGE('',*,*,#14181,.T.);
#14179=ORIENTED_EDGE('',*,*,#14182,.T.);
#14180=EDGE_CURVE('',#593,#529,#14183,.F.);
#14181=EDGE_CURVE('',#529,#323,#14184,.T.);
#14182=EDGE_CURVE('',#323,#593,#14185,.T.);
#14183=LINE('',#592,#14186);
#14184=LINE('',#528,#14187);
#14185=LINE('',#322,#14188);
#14186=VECTOR('',#14189,1.0);
#14187=VECTOR('',#14190,1.0);
#14188=VECTOR('',#14191,1.0);
#14189=DIRECTION('',(4.2158293486008186E-08,-0.9993900845395445,-0.03492075205433571));
#14190=DIRECTION('',(-4.310857587383993E-08,0.99990619212545,0.013696968612829945));
#14191=DIRECTION('',(6.181012696785362E-08,-0.6962583809030012,0.7177912419515351));
#14192=FACE_SURFACE('',(#14197),#14193,.T.);
#14193=PLANE('',#14194);
#14194=AXIS2_PLACEMENT_3D('',#634,#14195,#14196);
#14195=DIRECTION('',(0.9999999999999981,4.3711476954920996E-08,-4.371137868865198E-08));
#14196=DIRECTION('',(-4.371137868865202E-08,0,-0.999999999999999));
#14197=FACE_BOUND('',#14198,.T.);
#14198=EDGE_LOOP('',(#14199,#14200,#14201));
#14199=ORIENTED_EDGE('',*,*,#14202,.T.);
#14200=ORIENTED_EDGE('',*,*,#14203,.T.);
#14201=ORIENTED_EDGE('',*,*,#14204,.T.);
#14202=EDGE_CURVE('',#635,#593,#14205,.F.);
#14203=EDGE_CURVE('',#593,#323,#14206,.T.);
#14204=EDGE_CURVE('',#323,#635,#14207,.T.);
#14205=LINE('',#634,#14208);
#14206=LINE('',#592,#14209);
#14207=LINE('',#322,#14210);
#14208=VECTOR('',#14211,1.0);
#14209=VECTOR('',#14212,1.0);
#14210=VECTOR('',#14213,1.0);
#14211=DIRECTION('',(-4.371137868865202E-08,0,-0.999999999999999));
#14212=DIRECTION('',(-6.181012696785362E-08,0.6962583809030012,-0.7177912419515351));
#14213=DIRECTION('',(5.087133530143248E-08,-0.18016370506910281,0.9836366399111872));
ENDSEC;
END-ISO-10303-21;
