ISO-10303-21;
HEADER;
FILE_DESCRIPTION((''),'2;1');
FILE_NAME('Plate_Half_2', '2026-09-23T00:09:25', (''), (''), 'ImageToStl.com STEP Converter','', '');
FILE_SCHEMA(('AUTOMOTIVE_DESIGN_CC2'));
ENDSEC;
DATA;
#1=PRODUCT_DEFINITION_CONTEXT('',#4,'design');
#2=APPLICATION_PROTOCOL_DEFINITION('INTERNATIONAL STANDARD','automotive_design',1994,#4);
#3=(GEOMETRIC_REPRESENTATION_CONTEXT(3)GLOBAL_UNCERTAINTY_ASSIGNED_CONTEXT((#5))GLOBAL_UNIT_ASSIGNED_CONTEXT((#6,#7,#8))REPRESENTATION_CONTEXT('NONE','WORKSPACE'));
#4=APPLICATION_CONTEXT(' ');
#5=UNCERTAINTY_MEASURE_WITH_UNIT(LENGTH_MEASURE(1.0E-006),#6,'','');
#6=(CONVERSION_BASED_UNIT('METRE',#10)LENGTH_UNIT()NAMED_UNIT(#11));
#7=(NAMED_UNIT(#12)PLANE_ANGLE_UNIT()SI_UNIT($,.RADIAN.));
#8=(NAMED_UNIT(#12)SOLID_ANGLE_UNIT()SI_UNIT($,.STERADIAN.));
#9=AXIS2_PLACEMENT_3D('',#14,#15,#16);
#10=LENGTH_MEASURE_WITH_UNIT(LENGTH_MEASURE(1.0),#17);
#11=DIMENSIONAL_EXPONENTS(1.0,0.0,0.0,0.0,0.0,0.0,0.0);
#12=DIMENSIONAL_EXPONENTS(0.0,0.0,0.0,0.0,0.0,0.0,0.0);
#13=PRODUCT_CONTEXT('',#4,'mechanical');
#14=CARTESIAN_POINT('',(0.0,0.0,0.0));
#15=DIRECTION('',(0.0,0.0,1.0));
#16=DIRECTION('',(1.0,0.0,0.0));
#17=(NAMED_UNIT(#11)LENGTH_UNIT()SI_UNIT(.MILLI.,.METRE.));
#18=PRESENTATION_STYLE_ASSIGNMENT((#19));
#19=SURFACE_STYLE_USAGE(.BOTH.,#20);
#20=SURFACE_SIDE_STYLE('',(#21));
#21=SURFACE_STYLE_FILL_AREA(#22);
#22=FILL_AREA_STYLE('',(#23));
#23=FILL_AREA_STYLE_COLOUR('',#24);
#24=COLOUR_RGB('',0.9,0.9,0.9);
#25=SHAPE_DEFINITION_REPRESENTATION(#26,#27);
#26=PRODUCT_DEFINITION_SHAPE('productshape0','',#30);
#27=MANIFOLD_SURFACE_SHAPE_REPRESENTATION('',(#28,#9),#3);
#28=SHELL_BASED_SURFACE_MODEL('shell0',(#33));
#29=PRODUCT('product0','','',(#13));
#30=PRODUCT_DEFINITION('mesh0','',#31,#2);
#31=PRODUCT_DEFINITION_FORMATION_WITH_SPECIFIED_SOURCE('prodsource0','',#29,.NOT_KNOWN.);
#32=STYLED_ITEM('',(#18),#33);
#33=CLOSED_SHELL('',(#924,#946,#968,#990,#1012,#1034,#1056,#1078,#1100,#1122,#1144,#1166,#1188,#1210,#1232,#1254,#1276,#1298,#1320,#1342,#1364,#1386,#1408,#1430,#1452,#1474,#1496,#1518,#1540,#1562,#1584,#1606,#1628,#1650,#1672,#1694,#1716,#1738,#1760,#1782,#1804,#1826,#1848,#1870,#1892,#1914,#1936,#1958,#1980,#2002,#2024,#2046,#2068,#2090,#2112,#2134,#2156,#2178,#2200,#2222,#2244,#2266,#2288,#2310,#2332,#2354,#2376,#2398,#2420,#2442,#2464,#2486,#2508,#2530,#2552,#2574,#2596,#2618,#2640,#2662,#2684,#2706,#2728,#2750,#2772,#2794,#2816,#2838,#2860,#2882,#2904,#2926,#2948,#2970,#2992,#3014,#3036,#3058,#3080,#3102,#3124,#3146,#3168,#3190,#3212,#3234,#3256,#3278,#3300,#3322,#3344,#3366,#3388,#3410,#3432,#3454,#3476,#3498,#3520,#3542,#3564,#3586,#3608,#3630,#3652,#3674,#3696,#3718,#3740,#3762,#3784,#3806,#3828,#3850,#3872,#3894,#3916,#3938,#3960,#3982,#4004,#4026,#4048,#4070,#4092,#4114,#4136,#4158,#4180,#4202,#4224,#4246,#4268,#4290,#4312,#4334,#4356,#4378,#4400,#4422,#4444,#4466,#4488,#4510,#4532,#4554,#4576,#4598,#4620,#4642,#4664,#4686,#4708,#4730,#4752,#4774,#4796,#4818,#4840,#4862,#4884,#4906,#4928,#4950,#4972,#4994,#5016,#5038,#5060,#5082,#5104,#5126,#5148,#5170,#5192,#5214,#5236,#5258,#5280,#5302,#5324,#5346,#5368,#5390,#5412,#5434,#5456,#5478,#5500,#5522,#5544,#5566,#5588,#5610,#5632,#5654,#5676,#5698,#5720,#5742,#5764,#5786,#5808,#5830,#5852,#5874,#5896,#5918,#5940,#5962,#5984,#6006,#6028,#6050,#6072,#6094,#6116,#6138,#6160,#6182,#6204,#6226,#6248,#6270,#6292,#6314,#6336,#6358,#6380,#6402,#6424,#6446,#6468,#6490,#6512,#6534,#6556,#6578,#6600,#6622,#6644,#6666,#6688,#6710,#6732,#6754,#6776,#6798,#6820,#6842,#6864,#6886,#6908,#6930,#6952,#6974,#6996,#7018,#7040,#7062,#7084,#7106,#7128,#7150,#7172,#7194,#7216,#7238,#7260,#7282,#7304,#7326,#7348,#7370,#7392,#7414,#7436,#7458,#7480,#7502,#7524,#7546,#7568,#7590,#7612,#7634,#7656,#7678,#7700,#7722,#7744,#7766,#7788,#7810,#7832,#7854,#7876,#7898,#7920,#7942,#7964,#7986,#8008,#8030,#8052,#8074,#8096,#8118,#8140,#8162,#8184,#8206,#8228,#8250,#8272,#8294,#8316,#8338,#8360,#8382,#8404,#8426,#8448,#8470,#8492,#8514,#8536,#8558,#8580,#8602,#8624,#8646,#8668,#8690,#8712,#8734,#8756,#8778,#8800,#8822,#8844,#8866,#8888,#8910,#8932,#8954,#8976,#8998,#9020,#9042,#9064,#9086,#9108,#9130,#9152,#9174,#9196,#9218,#9240,#9262,#9284,#9306,#9328,#9350,#9372,#9394,#9416,#9438,#9460,#9482,#9504,#9526,#9548,#9570,#9592,#9614,#9636,#9658,#9680,#9702,#9724,#9746,#9768,#9790,#9812,#9834,#9856,#9878,#9900,#9922,#9944,#9966,#9988,#10010,#10032,#10054,#10076,#10098,#10120,#10142,#10164,#10186,#10208,#10230,#10252,#10274,#10296,#10318,#10340,#10362,#10384,#10406,#10428,#10450,#10472,#10494,#10516,#10538,#10560,#10582,#10604,#10626,#10648,#10670,#10692,#10714,#10736,#10758,#10780,#10802,#10824,#10846,#10868,#10890,#10912,#10934,#10956,#10978,#11000,#11022,#11044,#11066,#11088,#11110,#11132,#11154,#11176,#11198,#11220,#11242,#11264,#11286,#11308,#11330,#11352,#11374,#11396,#11418,#11440,#11462,#11484,#11506,#11528,#11550,#11572,#11594,#11616,#11638,#11660,#11682,#11704,#11726,#11748,#11770,#11792,#11814,#11836,#11858,#11880,#11902,#11924,#11946,#11968,#11990,#12012,#12034,#12056,#12078,#12100,#12122,#12144,#12166,#12188,#12210,#12232,#12254,#12276,#12298,#12320,#12342,#12364,#12386,#12408,#12430,#12452,#12474,#12496,#12518,#12540,#12562,#12584,#12606,#12628,#12650,#12672,#12694,#12716,#12738,#12760,#12782,#12804,#12826,#12848,#12870,#12892,#12914,#12936,#12958,#12980,#13002,#13024,#13046,#13068,#13090,#13112,#13134,#13156,#13178,#13200,#13222,#13244,#13266,#13288,#13310,#13332,#13354,#13376,#13398,#13420,#13442,#13464,#13486,#13508,#13530,#13552,#13574,#13596,#13618,#13640,#13662,#13684,#13706,#13728,#13750,#13772,#13794,#13816,#13838,#13860,#13882,#13904,#13926,#13948,#13970,#13992,#14014,#14036,#14058,#14080,#14102,#14124,#14146,#14168,#14190,#14212,#14234,#14256,#14278,#14300,#14322,#14344,#14366,#14388,#14410,#14432,#14454,#14476,#14498,#14520,#14542,#14564,#14586,#14608,#14630,#14652,#14674,#14696,#14718,#14740,#14762,#14784,#14806,#14828,#14850,#14872,#14894,#14916,#14938,#14960,#14982,#15004,#15026,#15048,#15070,#15092,#15114,#15136,#15158,#15180,#15202,#15224,#15246,#15268,#15290,#15312,#15334,#15356,#15378,#15400,#15422,#15444,#15466,#15488,#15510,#15532,#15554,#15576,#15598,#15620,#15642,#15664,#15686,#15708,#15730,#15752,#15774,#15796,#15818,#15840,#15862,#15884,#15906,#15928,#15950,#15972,#15994,#16016,#16038,#16060,#16082,#16104,#16126,#16148,#16170,#16192,#16214,#16236,#16258,#16280,#16302,#16324,#16346,#16368,#16390,#16412,#16434,#16456,#16478,#16500,#16522,#16544,#16566,#16588,#16610,#16632,#16654,#16676,#16698,#16720,#16742,#16764,#16786,#16808,#16830,#16852,#16874,#16896,#16918,#16940,#16962,#16984,#17006,#17028,#17050,#17072,#17094,#17116,#17138,#17160,#17182,#17204,#17226,#17248,#17270,#17292,#17314,#17336,#17358,#17380,#17402,#17424,#17446,#17468,#17490,#17512,#17534,#17556,#17578,#17600,#17622,#17644,#17666,#17688,#17710,#17732,#17754,#17776,#17798,#17820,#17842,#17864,#17886,#17908,#17930,#17952,#17974,#17996,#18018,#18040,#18062,#18084,#18106,#18128,#18150,#18172,#18194,#18216,#18238,#18260,#18282,#18304,#18326,#18348,#18370,#18392,#18414,#18436,#18458,#18480,#18502,#18524,#18546,#18568,#18590,#18612,#18634,#18656,#18678,#18700,#18722,#18744,#18766,#18788,#18810,#18832,#18854,#18876,#18898,#18920,#18942,#18964,#18986,#19008,#19030,#19052,#19074,#19096,#19118,#19140,#19162,#19184,#19206,#19228,#19250,#19272,#19294,#19316,#19338,#19360,#19382,#19404,#19426,#19448,#19470,#19492,#19514,#19536,#19558,#19580,#19602,#19624,#19646,#19668,#19690,#19712,#19734,#19756,#19778,#19800,#19822,#19844,#19866,#19888,#19910,#19932,#19954,#19976,#19998,#20020,#20042,#20064,#20086,#20108,#20130,#20152,#20174,#20196,#20218,#20240,#20262,#20284,#20306,#20328,#20350,#20372,#20394,#20416,#20438,#20460,#20482,#20504,#20526,#20548,#20570,#20592,#20614,#20636,#20658,#20680,#20702,#20724,#20746,#20768,#20790,#20812,#20834,#20856,#20878,#20900,#20922,#20944,#20966,#20988,#21010,#21032,#21054,#21076,#21098,#21120,#21142,#21164,#21186,#21208,#21230,#21252,#21274,#21296,#21318,#21340,#21362,#21384,#21406,#21428,#21450,#21472,#21494,#21516,#21538,#21560,#21582,#21604,#21626,#21648,#21670,#21692,#21714,#21736,#21758,#21780,#21802,#21824,#21846,#21868,#21890,#21912,#21934,#21956,#21978,#22000,#22022,#22044,#22066,#22088,#22110,#22132,#22154,#22176,#22198,#22220,#22242,#22264,#22286,#22308,#22330,#22352,#22374,#22396,#22418,#22440,#22462,#22484,#22506,#22528,#22550,#22572,#22594,#22616,#22638,#22660,#22682));
#34=CARTESIAN_POINT('',(-7.5609941482543945,-2.994347095489502,5.482316017150879));
#35=VERTEX_POINT('',#34);
#36=CARTESIAN_POINT('',(-21.56099510192871,-2.994347095489502,5.482316017150879));
#37=VERTEX_POINT('',#36);
#38=CARTESIAN_POINT('',(-21.56099510192871,-2.994347095489502,8.482315063476562));
#39=VERTEX_POINT('',#38);
#40=CARTESIAN_POINT('',(-7.5609941482543945,-2.994347095489502,8.482315063476562));
#41=VERTEX_POINT('',#40);
#42=CARTESIAN_POINT('',(1.888990879058838,16.05565071105957,5.482316017150879));
#43=VERTEX_POINT('',#42);
#44=CARTESIAN_POINT('',(-12.111011505126953,16.05565071105957,5.482316017150879));
#45=VERTEX_POINT('',#44);
#46=CARTESIAN_POINT('',(-12.111011505126953,16.05565071105957,8.482315063476562));
#47=VERTEX_POINT('',#46);
#48=CARTESIAN_POINT('',(1.888990879058838,16.05565071105957,8.482315063476562));
#49=VERTEX_POINT('',#48);
#50=CARTESIAN_POINT('',(-25.887523651123047,-50.25629425048828,8.482315063476562));
#51=VERTEX_POINT('',#50);
#52=CARTESIAN_POINT('',(-26.68752670288086,-50.25629425048828,8.482315063476562));
#53=VERTEX_POINT('',#52);
#54=CARTESIAN_POINT('',(-26.68752670288086,-50.85439682006836,8.482315063476562));
#55=VERTEX_POINT('',#54);
#56=CARTESIAN_POINT('',(12.112476348876953,-50.85439682006836,8.482315063476562));
#57=VERTEX_POINT('',#56);
#58=CARTESIAN_POINT('',(12.112476348876953,-47.62419509887695,8.482315063476562));
#59=VERTEX_POINT('',#58);
#60=CARTESIAN_POINT('',(9.856304168701172,-44.95695495605469,8.482315063476562));
#61=VERTEX_POINT('',#60);
#62=CARTESIAN_POINT('',(-9.998004913330078,-44.95695495605469,8.482315063476562));
#63=VERTEX_POINT('',#62);
#64=CARTESIAN_POINT('',(-9.998004913330078,-41.09434127807617,8.482315063476562));
#65=VERTEX_POINT('',#64);
#66=CARTESIAN_POINT('',(-12.461004257202148,-41.09434127807617,8.482315063476562));
#67=VERTEX_POINT('',#66);
#68=CARTESIAN_POINT('',(-26.460996627807617,-41.09434127807617,8.482315063476562));
#69=VERTEX_POINT('',#68);
#70=CARTESIAN_POINT('',(-31.51100730895996,-41.09434127807617,8.482315063476562));
#71=VERTEX_POINT('',#70);
#72=CARTESIAN_POINT('',(-45.511009216308594,-41.09434127807617,8.482315063476562));
#73=VERTEX_POINT('',#72);
#74=CARTESIAN_POINT('',(-45.511009216308594,-27.094343185424805,8.482315063476562));
#75=VERTEX_POINT('',#74);
#76=CARTESIAN_POINT('',(-50.56100082397461,-27.094343185424805,8.482315063476562));
#77=VERTEX_POINT('',#76);
#78=CARTESIAN_POINT('',(-25.887523651123047,-47.154296875,8.482315063476562));
#79=VERTEX_POINT('',#78);
#80=CARTESIAN_POINT('',(-26.68752670288086,-46.15519714355469,8.482315063476562));
#81=VERTEX_POINT('',#80);
#82=CARTESIAN_POINT('',(-26.68752670288086,-47.154296875,8.482315063476562));
#83=VERTEX_POINT('',#82);
#84=CARTESIAN_POINT('',(-41.488529205322266,-47.154296875,8.482315063476562));
#85=VERTEX_POINT('',#84);
#86=CARTESIAN_POINT('',(-40.686527252197266,-47.154296875,8.482315063476562));
#87=VERTEX_POINT('',#86);
#88=CARTESIAN_POINT('',(-40.686527252197266,-46.15519714355469,8.482315063476562));
#89=VERTEX_POINT('',#88);
#90=CARTESIAN_POINT('',(-50.56100082397461,-41.09434127807617,8.482315063476562));
#91=VERTEX_POINT('',#90);
#92=CARTESIAN_POINT('',(-40.686527252197266,-50.85439682006836,8.482315063476562));
#93=VERTEX_POINT('',#92);
#94=CARTESIAN_POINT('',(-40.686527252197266,-50.25629425048828,8.482315063476562));
#95=VERTEX_POINT('',#94);
#96=CARTESIAN_POINT('',(-41.488529205322266,-50.25629425048828,8.482315063476562));
#97=VERTEX_POINT('',#96);
#98=CARTESIAN_POINT('',(-64.56100463867188,-41.09434127807617,8.482315063476562));
#99=VERTEX_POINT('',#98);
#100=CARTESIAN_POINT('',(-67.10203552246094,-41.09434127807617,8.482315063476562));
#101=VERTEX_POINT('',#100);
#102=CARTESIAN_POINT('',(-67.10203552246094,-44.95695495605469,8.482315063476562));
#103=VERTEX_POINT('',#102);
#104=CARTESIAN_POINT('',(-79.48612976074219,-50.85439682006836,8.482315063476562));
#105=VERTEX_POINT('',#104);
#106=CARTESIAN_POINT('',(-82.0372314453125,-46.70509338378906,8.482315063476562));
#107=VERTEX_POINT('',#106);
#108=CARTESIAN_POINT('',(-82.0372314453125,-47.62419509887695,8.482315063476562));
#109=VERTEX_POINT('',#108);
#110=CARTESIAN_POINT('',(-79.48612976074219,-47.62419509887695,8.482315063476562));
#111=VERTEX_POINT('',#110);
#112=CARTESIAN_POINT('',(-67.10203552246094,-61.88542175292969,8.482315063476562));
#113=VERTEX_POINT('',#112);
#114=CARTESIAN_POINT('',(-66.94744110107422,-70.02307891845703,8.482315063476562));
#115=VERTEX_POINT('',#114);
#116=CARTESIAN_POINT('',(-10.068642616271973,-70.02307891845703,8.482315063476562));
#117=VERTEX_POINT('',#116);
#118=CARTESIAN_POINT('',(-9.998004913330078,-61.88542175292969,8.482315063476562));
#119=VERTEX_POINT('',#118);
#120=CARTESIAN_POINT('',(-90.84962463378906,-44.95695495605469,8.482315063476562));
#121=VERTEX_POINT('',#120);
#122=CARTESIAN_POINT('',(-87.88752746582031,-47.62419509887695,8.482315063476562));
#123=VERTEX_POINT('',#122);
#124=CARTESIAN_POINT('',(-85.33642578125,-47.62419509887695,8.482315063476562));
#125=VERTEX_POINT('',#124);
#126=CARTESIAN_POINT('',(-85.33642578125,-46.70509338378906,8.482315063476562));
#127=VERTEX_POINT('',#126);
#128=CARTESIAN_POINT('',(22.47527503967285,-44.95695495605469,8.482315063476562));
#129=VERTEX_POINT('',#128);
#130=CARTESIAN_POINT('',(15.955978393554688,-44.95695495605469,8.482315063476562));
#131=VERTEX_POINT('',#130);
#132=CARTESIAN_POINT('',(17.909753799438477,-46.70509338378906,8.482315063476562));
#133=VERTEX_POINT('',#132);
#134=CARTESIAN_POINT('',(17.962467193603516,-46.70509338378906,8.482315063476562));
#135=VERTEX_POINT('',#134);
#136=CARTESIAN_POINT('',(17.962467193603516,-47.62419509887695,8.482315063476562));
#137=VERTEX_POINT('',#136);
#138=CARTESIAN_POINT('',(20.512470245361328,-47.62419509887695,8.482315063476562));
#139=VERTEX_POINT('',#138);
#140=CARTESIAN_POINT('',(-85.33642578125,-60.90438461303711,8.482315063476562));
#141=VERTEX_POINT('',#140);
#142=CARTESIAN_POINT('',(-85.33642578125,-59.92459487915039,8.482315063476562));
#143=VERTEX_POINT('',#142);
#144=CARTESIAN_POINT('',(-87.88752746582031,-59.92459487915039,8.482315063476562));
#145=VERTEX_POINT('',#144);
#146=CARTESIAN_POINT('',(20.512470245361328,-59.92459487915039,8.482315063476562));
#147=VERTEX_POINT('',#146);
#148=CARTESIAN_POINT('',(17.962467193603516,-59.92459487915039,8.482315063476562));
#149=VERTEX_POINT('',#148);
#150=CARTESIAN_POINT('',(17.962467193603516,-60.90438461303711,8.482315063476562));
#151=VERTEX_POINT('',#150);
#152=CARTESIAN_POINT('',(-90.84962463378906,-61.88542175292969,8.482315063476562));
#153=VERTEX_POINT('',#152);
#154=CARTESIAN_POINT('',(-79.48612976074219,-59.92459487915039,8.482315063476562));
#155=VERTEX_POINT('',#154);
#156=CARTESIAN_POINT('',(-82.0372314453125,-59.92459487915039,8.482315063476562));
#157=VERTEX_POINT('',#156);
#158=CARTESIAN_POINT('',(-82.0372314453125,-60.90438461303711,8.482315063476562));
#159=VERTEX_POINT('',#158);
#160=CARTESIAN_POINT('',(-40.686527252197266,-55.4542350769043,8.482315063476562));
#161=VERTEX_POINT('',#160);
#162=CARTESIAN_POINT('',(-79.48612976074219,-55.4542350769043,8.482315063476562));
#163=VERTEX_POINT('',#162);
#164=CARTESIAN_POINT('',(22.47527503967285,-61.88542175292969,8.482315063476562));
#165=VERTEX_POINT('',#164);
#166=CARTESIAN_POINT('',(-41.488529205322266,-56.05504608154297,8.482315063476562));
#167=VERTEX_POINT('',#166);
#168=CARTESIAN_POINT('',(-40.686527252197266,-56.05504608154297,8.482315063476562));
#169=VERTEX_POINT('',#168);
#170=CARTESIAN_POINT('',(-40.686527252197266,-60.15472412109375,8.482315063476562));
#171=VERTEX_POINT('',#170);
#172=CARTESIAN_POINT('',(-40.686527252197266,-59.154273986816406,8.482315063476562));
#173=VERTEX_POINT('',#172);
#174=CARTESIAN_POINT('',(-41.488529205322266,-59.154273986816406,8.482315063476562));
#175=VERTEX_POINT('',#174);
#176=CARTESIAN_POINT('',(14.662479400634766,-60.90438461303711,8.482315063476562));
#177=VERTEX_POINT('',#176);
#178=CARTESIAN_POINT('',(14.662479400634766,-59.92459487915039,8.482315063476562));
#179=VERTEX_POINT('',#178);
#180=CARTESIAN_POINT('',(12.112476348876953,-59.92459487915039,8.482315063476562));
#181=VERTEX_POINT('',#180);
#182=CARTESIAN_POINT('',(12.112476348876953,-55.4542350769043,8.482315063476562));
#183=VERTEX_POINT('',#182);
#184=CARTESIAN_POINT('',(-26.68752670288086,-55.4542350769043,8.482315063476562));
#185=VERTEX_POINT('',#184);
#186=CARTESIAN_POINT('',(-26.68752670288086,-56.05504608154297,8.482315063476562));
#187=VERTEX_POINT('',#186);
#188=CARTESIAN_POINT('',(-25.887523651123047,-56.05504608154297,8.482315063476562));
#189=VERTEX_POINT('',#188);
#190=CARTESIAN_POINT('',(-25.887523651123047,-59.154273986816406,8.482315063476562));
#191=VERTEX_POINT('',#190);
#192=CARTESIAN_POINT('',(-26.68752670288086,-59.154273986816406,8.482315063476562));
#193=VERTEX_POINT('',#192);
#194=CARTESIAN_POINT('',(-26.68752670288086,-60.15472412109375,8.482315063476562));
#195=VERTEX_POINT('',#194);
#196=CARTESIAN_POINT('',(22.097700119018555,51.586891174316406,5.482316017150879));
#197=VERTEX_POINT('',#196);
#198=CARTESIAN_POINT('',(22.164949417114258,52.269710540771484,5.482316017150879));
#199=VERTEX_POINT('',#198);
#200=CARTESIAN_POINT('',(23.672794342041016,52.269710540771484,5.482316017150879));
#201=VERTEX_POINT('',#200);
#202=CARTESIAN_POINT('',(23.672794342041016,30.05565071105957,5.482316017150879));
#203=VERTEX_POINT('',#202);
#204=CARTESIAN_POINT('',(20.93900489807129,30.05565071105957,5.482316017150879));
#205=VERTEX_POINT('',#204);
#206=CARTESIAN_POINT('',(6.939002513885498,30.05565071105957,5.482316017150879));
#207=VERTEX_POINT('',#206);
#208=CARTESIAN_POINT('',(21.898530960083008,50.93031311035156,5.482316017150879));
#209=VERTEX_POINT('',#208);
#210=CARTESIAN_POINT('',(21.57509994506836,50.32521057128906,5.482316017150879));
#211=VERTEX_POINT('',#210);
#212=CARTESIAN_POINT('',(1.888990879058838,30.05565071105957,5.482316017150879));
#213=VERTEX_POINT('',#212);
#214=CARTESIAN_POINT('',(21.139842987060547,49.79483413696289,5.482316017150879));
#215=VERTEX_POINT('',#214);
#216=CARTESIAN_POINT('',(20.609453201293945,49.359561920166016,5.482316017150879));
#217=VERTEX_POINT('',#216);
#218=CARTESIAN_POINT('',(20.004343032836914,49.036128997802734,5.482316017150879));
#219=VERTEX_POINT('',#218);
#220=CARTESIAN_POINT('',(-12.111011505126953,30.05565071105957,5.482316017150879));
#221=VERTEX_POINT('',#220);
#222=CARTESIAN_POINT('',(19.347774505615234,48.83695602416992,5.482316017150879));
#223=VERTEX_POINT('',#222);
#224=CARTESIAN_POINT('',(-17.161001205444336,30.05565071105957,5.482316017150879));
#225=VERTEX_POINT('',#224);
#226=CARTESIAN_POINT('',(18.66495704650879,48.76970672607422,5.482316017150879));
#227=VERTEX_POINT('',#226);
#228=CARTESIAN_POINT('',(-31.16100311279297,30.05565071105957,5.482316017150879));
#229=VERTEX_POINT('',#228);
#230=CARTESIAN_POINT('',(17.982139587402344,48.83695602416992,5.482316017150879));
#231=VERTEX_POINT('',#230);
#232=CARTESIAN_POINT('',(-36.210994720458984,30.05565071105957,5.482316017150879));
#233=VERTEX_POINT('',#232);
#234=CARTESIAN_POINT('',(17.32556915283203,49.036128997802734,5.482316017150879));
#235=VERTEX_POINT('',#234);
#236=CARTESIAN_POINT('',(-50.210994720458984,30.05565071105957,5.482316017150879));
#237=VERTEX_POINT('',#236);
#238=CARTESIAN_POINT('',(16.720470428466797,49.359561920166016,5.482316017150879));
#239=VERTEX_POINT('',#238);
#240=CARTESIAN_POINT('',(-55.2609977722168,30.05565071105957,5.482316017150879));
#241=VERTEX_POINT('',#240);
#242=CARTESIAN_POINT('',(16.190080642700195,49.79483413696289,5.482316017150879));
#243=VERTEX_POINT('',#242);
#244=CARTESIAN_POINT('',(-69.26100158691406,30.05565071105957,5.482316017150879));
#245=VERTEX_POINT('',#244);
#246=CARTESIAN_POINT('',(15.754814147949219,50.32521057128906,5.482316017150879));
#247=VERTEX_POINT('',#246);
#248=CARTESIAN_POINT('',(-74.31099700927734,30.05565071105957,5.482316017150879));
#249=VERTEX_POINT('',#248);
#250=CARTESIAN_POINT('',(15.43138313293457,50.93031311035156,5.482316017150879));
#251=VERTEX_POINT('',#250);
#252=CARTESIAN_POINT('',(-88.31100463867188,30.05565071105957,5.482316017150879));
#253=VERTEX_POINT('',#252);
#254=CARTESIAN_POINT('',(-11.085097312927246,52.634239196777344,5.482316017150879));
#255=VERTEX_POINT('',#254);
#256=CARTESIAN_POINT('',(15.164953231811523,52.269710540771484,5.482316017150879));
#257=VERTEX_POINT('',#256);
#258=CARTESIAN_POINT('',(15.23221206665039,51.586891174316406,5.482316017150879));
#259=VERTEX_POINT('',#258);
#260=CARTESIAN_POINT('',(-93.36100006103516,30.05565071105957,5.482316017150879));
#261=VERTEX_POINT('',#260);
#262=CARTESIAN_POINT('',(-107.36100006103516,30.05565071105957,5.482316017150879));
#263=VERTEX_POINT('',#262);
#264=CARTESIAN_POINT('',(-107.36100006103516,16.05565071105957,5.482316017150879));
#265=VERTEX_POINT('',#264);
#266=CARTESIAN_POINT('',(-109.76710510253906,16.05565071105957,5.482316017150879));
#267=VERTEX_POINT('',#266);
#268=CARTESIAN_POINT('',(-11.085097312927246,45.84605407714844,5.482316017150879));
#269=VERTEX_POINT('',#268);
#270=CARTESIAN_POINT('',(-109.76710510253906,44.92734909057617,5.482316017150879));
#271=VERTEX_POINT('',#270);
#272=CARTESIAN_POINT('',(-107.31495666503906,44.92734909057617,5.482316017150879));
#273=VERTEX_POINT('',#272);
#274=CARTESIAN_POINT('',(-55.214962005615234,55.48580551147461,5.482316017150879));
#275=VERTEX_POINT('',#274);
#276=CARTESIAN_POINT('',(-36.92993927001953,56.88417434692383,5.482316017150879));
#277=VERTEX_POINT('',#276);
#278=CARTESIAN_POINT('',(-36.92993927001953,45.84605407714844,5.482316017150879));
#279=VERTEX_POINT('',#278);
#280=CARTESIAN_POINT('',(-93.3149642944336,44.92734909057617,5.482316017150879));
#281=VERTEX_POINT('',#280);
#282=CARTESIAN_POINT('',(-55.214962005615234,44.92734909057617,5.482316017150879));
#283=VERTEX_POINT('',#282);
#284=CARTESIAN_POINT('',(-88.26496887207031,44.92734909057617,5.482316017150879));
#285=VERTEX_POINT('',#284);
#286=CARTESIAN_POINT('',(-74.26496124267578,44.92734909057617,5.482316017150879));
#287=VERTEX_POINT('',#286);
#288=CARTESIAN_POINT('',(-69.2149658203125,44.92734909057617,5.482316017150879));
#289=VERTEX_POINT('',#288);
#290=CARTESIAN_POINT('',(-76.62721252441406,-5.498437881469727,5.482316017150879));
#291=VERTEX_POINT('',#290);
#292=CARTESIAN_POINT('',(-100.18199920654297,-5.498437881469727,5.482316017150879));
#293=VERTEX_POINT('',#292);
#294=CARTESIAN_POINT('',(-100.1772689819336,-2.994347095489502,5.482316017150879));
#295=VERTEX_POINT('',#294);
#296=CARTESIAN_POINT('',(-97.7610092163086,-2.994347095489502,5.482316017150879));
#297=VERTEX_POINT('',#296);
#298=CARTESIAN_POINT('',(-74.11100006103516,-8.04434871673584,5.482316017150879));
#299=VERTEX_POINT('',#298);
#300=CARTESIAN_POINT('',(-76.62721252441406,-8.04434871673584,5.482316017150879));
#301=VERTEX_POINT('',#300);
#302=CARTESIAN_POINT('',(-60.11100387573242,-8.04434871673584,5.482316017150879));
#303=VERTEX_POINT('',#302);
#304=CARTESIAN_POINT('',(-83.76100158691406,-2.994347095489502,5.482316017150879));
#305=VERTEX_POINT('',#304);
#306=CARTESIAN_POINT('',(-78.71099853515625,-2.994347095489502,5.482316017150879));
#307=VERTEX_POINT('',#306);
#308=CARTESIAN_POINT('',(-55.06100082397461,-8.04434871673584,5.482316017150879));
#309=VERTEX_POINT('',#308);
#310=CARTESIAN_POINT('',(-41.06100082397461,-8.04434871673584,5.482316017150879));
#311=VERTEX_POINT('',#310);
#312=CARTESIAN_POINT('',(-64.71100616455078,-2.994347095489502,5.482316017150879));
#313=VERTEX_POINT('',#312);
#314=CARTESIAN_POINT('',(-59.66100311279297,-2.994347095489502,5.482316017150879));
#315=VERTEX_POINT('',#314);
#316=CARTESIAN_POINT('',(-36.011009216308594,-8.04434871673584,5.482316017150879));
#317=VERTEX_POINT('',#316);
#318=CARTESIAN_POINT('',(-16.960996627807617,-8.04434871673584,5.482316017150879));
#319=VERTEX_POINT('',#318);
#320=CARTESIAN_POINT('',(-22.01100730895996,-8.862787246704102,5.482316017150879));
#321=VERTEX_POINT('',#320);
#322=CARTESIAN_POINT('',(-22.01100730895996,-8.04434871673584,5.482316017150879));
#323=VERTEX_POINT('',#322);
#324=CARTESIAN_POINT('',(-45.6609992980957,-2.994347095489502,5.482316017150879));
#325=VERTEX_POINT('',#324);
#326=CARTESIAN_POINT('',(-40.61100769042969,-2.994347095489502,5.482316017150879));
#327=VERTEX_POINT('',#326);
#328=CARTESIAN_POINT('',(-0.4728214144706726,-5.498437881469727,5.482316017150879));
#329=VERTEX_POINT('',#328);
#330=CARTESIAN_POINT('',(-0.4728214144706726,-8.04434871673584,5.482316017150879));
#331=VERTEX_POINT('',#330);
#332=CARTESIAN_POINT('',(-2.9609949588775635,-8.04434871673584,5.482316017150879));
#333=VERTEX_POINT('',#332);
#334=CARTESIAN_POINT('',(-26.611007690429688,-2.994347095489502,5.482316017150879));
#335=VERTEX_POINT('',#334);
#336=CARTESIAN_POINT('',(13.94799518585205,-2.994347095489502,5.482316017150879));
#337=VERTEX_POINT('',#336);
#338=CARTESIAN_POINT('',(13.956978797912598,-5.498437881469727,5.482316017150879));
#339=VERTEX_POINT('',#338);
#340=CARTESIAN_POINT('',(11.488998413085938,-2.994347095489502,5.482316017150879));
#341=VERTEX_POINT('',#340);
#342=CARTESIAN_POINT('',(-2.5110042095184326,-1.21099853515625,5.482316017150879));
#343=VERTEX_POINT('',#342);
#344=CARTESIAN_POINT('',(-2.5110042095184326,-2.994347095489502,5.482316017150879));
#345=VERTEX_POINT('',#344);
#346=CARTESIAN_POINT('',(15.955978393554688,-44.95695495605469,5.482316017150879));
#347=VERTEX_POINT('',#346);
#348=CARTESIAN_POINT('',(17.909753799438477,-46.70509338378906,5.482316017150879));
#349=VERTEX_POINT('',#348);
#350=CARTESIAN_POINT('',(15.481840133666992,-46.70509338378906,5.482316017150879));
#351=VERTEX_POINT('',#350);
#352=CARTESIAN_POINT('',(12.711099624633789,-44.95695495605469,5.482316017150879));
#353=VERTEX_POINT('',#352);
#354=CARTESIAN_POINT('',(-78.71099853515625,-2.994347095489502,8.482315063476562));
#355=VERTEX_POINT('',#354);
#356=CARTESIAN_POINT('',(-78.71099853515625,11.00565242767334,5.482316017150879));
#357=VERTEX_POINT('',#356);
#358=CARTESIAN_POINT('',(-78.71099853515625,11.00565242767334,8.482315063476562));
#359=VERTEX_POINT('',#358);
#360=CARTESIAN_POINT('',(-40.686527252197266,-46.15519714355469,5.482316017150879));
#361=VERTEX_POINT('',#360);
#362=CARTESIAN_POINT('',(-40.686527252197266,-47.154296875,5.482316017150879));
#363=VERTEX_POINT('',#362);
#364=CARTESIAN_POINT('',(-41.488529205322266,-47.154296875,5.482316017150879));
#365=VERTEX_POINT('',#364);
#366=CARTESIAN_POINT('',(-41.488529205322266,-50.25629425048828,5.482316017150879));
#367=VERTEX_POINT('',#366);
#368=CARTESIAN_POINT('',(-40.686527252197266,-50.25629425048828,5.482316017150879));
#369=VERTEX_POINT('',#368);
#370=CARTESIAN_POINT('',(-40.686527252197266,-50.85439682006836,5.482316017150879));
#371=VERTEX_POINT('',#370);
#372=CARTESIAN_POINT('',(-79.48612976074219,-50.85439682006836,5.482316017150879));
#373=VERTEX_POINT('',#372);
#374=CARTESIAN_POINT('',(-79.48612976074219,-47.62419509887695,5.482316017150879));
#375=VERTEX_POINT('',#374);
#376=CARTESIAN_POINT('',(-82.0372314453125,-47.62419509887695,5.482316017150879));
#377=VERTEX_POINT('',#376);
#378=CARTESIAN_POINT('',(-82.0372314453125,-46.70509338378906,5.482316017150879));
#379=VERTEX_POINT('',#378);
#380=CARTESIAN_POINT('',(-85.33642578125,-46.70509338378906,5.482316017150879));
#381=VERTEX_POINT('',#380);
#382=CARTESIAN_POINT('',(-85.33642578125,-47.62419509887695,5.482316017150879));
#383=VERTEX_POINT('',#382);
#384=CARTESIAN_POINT('',(-87.88752746582031,-47.62419509887695,5.482316017150879));
#385=VERTEX_POINT('',#384);
#386=CARTESIAN_POINT('',(-25.887523651123047,-47.154296875,5.482316017150879));
#387=VERTEX_POINT('',#386);
#388=CARTESIAN_POINT('',(-26.68752670288086,-47.154296875,5.482316017150879));
#389=VERTEX_POINT('',#388);
#390=CARTESIAN_POINT('',(-26.68752670288086,-46.15519714355469,5.482316017150879));
#391=VERTEX_POINT('',#390);
#392=CARTESIAN_POINT('',(-26.68752670288086,-50.85439682006836,5.482316017150879));
#393=VERTEX_POINT('',#392);
#394=CARTESIAN_POINT('',(-26.68752670288086,-50.25629425048828,5.482316017150879));
#395=VERTEX_POINT('',#394);
#396=CARTESIAN_POINT('',(-25.887523651123047,-50.25629425048828,5.482316017150879));
#397=VERTEX_POINT('',#396);
#398=CARTESIAN_POINT('',(12.112476348876953,-47.62419509887695,5.482316017150879));
#399=VERTEX_POINT('',#398);
#400=CARTESIAN_POINT('',(12.112476348876953,-50.85439682006836,5.482316017150879));
#401=VERTEX_POINT('',#400);
#402=CARTESIAN_POINT('',(14.662479400634766,-46.70509338378906,5.482316017150879));
#403=VERTEX_POINT('',#402);
#404=CARTESIAN_POINT('',(14.662479400634766,-47.62419509887695,5.482316017150879));
#405=VERTEX_POINT('',#404);
#406=CARTESIAN_POINT('',(-12.461004257202148,-41.09434127807617,5.482316017150879));
#407=VERTEX_POINT('',#406);
#408=CARTESIAN_POINT('',(-9.998004913330078,-41.09434127807617,5.482316017150879));
#409=VERTEX_POINT('',#408);
#410=CARTESIAN_POINT('',(-9.998004913330078,-44.95695495605469,5.482316017150879));
#411=VERTEX_POINT('',#410);
#412=CARTESIAN_POINT('',(-26.460996627807617,-41.09434127807617,5.482316017150879));
#413=VERTEX_POINT('',#412);
#414=CARTESIAN_POINT('',(-31.51100730895996,-41.09434127807617,5.482316017150879));
#415=VERTEX_POINT('',#414);
#416=CARTESIAN_POINT('',(-45.511009216308594,-41.09434127807617,5.482316017150879));
#417=VERTEX_POINT('',#416);
#418=CARTESIAN_POINT('',(-50.56100082397461,-41.09434127807617,5.482316017150879));
#419=VERTEX_POINT('',#418);
#420=CARTESIAN_POINT('',(-67.10203552246094,-44.95695495605469,5.482316017150879));
#421=VERTEX_POINT('',#420);
#422=CARTESIAN_POINT('',(-67.10203552246094,-41.09434127807617,5.482316017150879));
#423=VERTEX_POINT('',#422);
#424=CARTESIAN_POINT('',(-64.56100463867188,-41.09434127807617,5.482316017150879));
#425=VERTEX_POINT('',#424);
#426=CARTESIAN_POINT('',(-10.068642616271973,-70.02307891845703,5.482316017150879));
#427=VERTEX_POINT('',#426);
#428=CARTESIAN_POINT('',(-66.94744110107422,-70.02307891845703,5.482316017150879));
#429=VERTEX_POINT('',#428);
#430=CARTESIAN_POINT('',(-67.10203552246094,-61.88542175292969,5.482316017150879));
#431=VERTEX_POINT('',#430);
#432=CARTESIAN_POINT('',(-9.998004913330078,-61.88542175292969,5.482316017150879));
#433=VERTEX_POINT('',#432);
#434=CARTESIAN_POINT('',(-90.84962463378906,-44.95695495605469,5.482316017150879));
#435=VERTEX_POINT('',#434);
#436=CARTESIAN_POINT('',(22.47527503967285,-44.95695495605469,5.482316017150879));
#437=VERTEX_POINT('',#436);
#438=CARTESIAN_POINT('',(20.512470245361328,-47.62419509887695,5.482316017150879));
#439=VERTEX_POINT('',#438);
#440=CARTESIAN_POINT('',(17.962467193603516,-47.62419509887695,5.482316017150879));
#441=VERTEX_POINT('',#440);
#442=CARTESIAN_POINT('',(17.962467193603516,-46.70509338378906,5.482316017150879));
#443=VERTEX_POINT('',#442);
#444=CARTESIAN_POINT('',(-87.88752746582031,-59.92459487915039,5.482316017150879));
#445=VERTEX_POINT('',#444);
#446=CARTESIAN_POINT('',(-85.33642578125,-59.92459487915039,5.482316017150879));
#447=VERTEX_POINT('',#446);
#448=CARTESIAN_POINT('',(-85.33642578125,-60.90438461303711,5.482316017150879));
#449=VERTEX_POINT('',#448);
#450=CARTESIAN_POINT('',(17.962467193603516,-60.90438461303711,5.482316017150879));
#451=VERTEX_POINT('',#450);
#452=CARTESIAN_POINT('',(17.962467193603516,-59.92459487915039,5.482316017150879));
#453=VERTEX_POINT('',#452);
#454=CARTESIAN_POINT('',(20.512470245361328,-59.92459487915039,5.482316017150879));
#455=VERTEX_POINT('',#454);
#456=CARTESIAN_POINT('',(-90.84962463378906,-61.88542175292969,5.482316017150879));
#457=VERTEX_POINT('',#456);
#458=CARTESIAN_POINT('',(-82.0372314453125,-60.90438461303711,5.482316017150879));
#459=VERTEX_POINT('',#458);
#460=CARTESIAN_POINT('',(-82.0372314453125,-59.92459487915039,5.482316017150879));
#461=VERTEX_POINT('',#460);
#462=CARTESIAN_POINT('',(-79.48612976074219,-59.92459487915039,5.482316017150879));
#463=VERTEX_POINT('',#462);
#464=CARTESIAN_POINT('',(-79.48612976074219,-55.4542350769043,5.482316017150879));
#465=VERTEX_POINT('',#464);
#466=CARTESIAN_POINT('',(-40.686527252197266,-55.4542350769043,5.482316017150879));
#467=VERTEX_POINT('',#466);
#468=CARTESIAN_POINT('',(22.47527503967285,-61.88542175292969,5.482316017150879));
#469=VERTEX_POINT('',#468);
#470=CARTESIAN_POINT('',(-40.686527252197266,-56.05504608154297,5.482316017150879));
#471=VERTEX_POINT('',#470);
#472=CARTESIAN_POINT('',(-41.488529205322266,-56.05504608154297,5.482316017150879));
#473=VERTEX_POINT('',#472);
#474=CARTESIAN_POINT('',(-41.488529205322266,-59.154273986816406,5.482316017150879));
#475=VERTEX_POINT('',#474);
#476=CARTESIAN_POINT('',(-40.686527252197266,-59.154273986816406,5.482316017150879));
#477=VERTEX_POINT('',#476);
#478=CARTESIAN_POINT('',(-40.686527252197266,-60.15472412109375,5.482316017150879));
#479=VERTEX_POINT('',#478);
#480=CARTESIAN_POINT('',(14.662479400634766,-60.90438461303711,5.482316017150879));
#481=VERTEX_POINT('',#480);
#482=CARTESIAN_POINT('',(12.112476348876953,-59.92459487915039,5.482316017150879));
#483=VERTEX_POINT('',#482);
#484=CARTESIAN_POINT('',(14.662479400634766,-59.92459487915039,5.482316017150879));
#485=VERTEX_POINT('',#484);
#486=CARTESIAN_POINT('',(-26.68752670288086,-55.4542350769043,5.482316017150879));
#487=VERTEX_POINT('',#486);
#488=CARTESIAN_POINT('',(12.112476348876953,-55.4542350769043,5.482316017150879));
#489=VERTEX_POINT('',#488);
#490=CARTESIAN_POINT('',(-25.887523651123047,-56.05504608154297,5.482316017150879));
#491=VERTEX_POINT('',#490);
#492=CARTESIAN_POINT('',(-26.68752670288086,-56.05504608154297,5.482316017150879));
#493=VERTEX_POINT('',#492);
#494=CARTESIAN_POINT('',(-26.68752670288086,-60.15472412109375,5.482316017150879));
#495=VERTEX_POINT('',#494);
#496=CARTESIAN_POINT('',(-26.68752670288086,-59.154273986816406,5.482316017150879));
#497=VERTEX_POINT('',#496);
#498=CARTESIAN_POINT('',(-25.887523651123047,-59.154273986816406,5.482316017150879));
#499=VERTEX_POINT('',#498);
#500=CARTESIAN_POINT('',(-107.36100006103516,30.05565071105957,8.482315063476562));
#501=VERTEX_POINT('',#500);
#502=CARTESIAN_POINT('',(-93.36100006103516,30.05565071105957,8.482315063476562));
#503=VERTEX_POINT('',#502);
#504=CARTESIAN_POINT('',(-107.36100006103516,16.05565071105957,8.482315063476562));
#505=VERTEX_POINT('',#504);
#506=CARTESIAN_POINT('',(-74.31099700927734,16.05565071105957,5.482316017150879));
#507=VERTEX_POINT('',#506);
#508=CARTESIAN_POINT('',(-74.31099700927734,16.05565071105957,8.482315063476562));
#509=VERTEX_POINT('',#508);
#510=CARTESIAN_POINT('',(-74.31099700927734,30.05565071105957,8.482315063476562));
#511=VERTEX_POINT('',#510);
#512=CARTESIAN_POINT('',(-2.5110042095184326,11.00565242767334,8.482315063476562));
#513=VERTEX_POINT('',#512);
#514=CARTESIAN_POINT('',(-2.5110042095184326,11.00565242767334,5.482316017150879));
#515=VERTEX_POINT('',#514);
#516=CARTESIAN_POINT('',(11.488998413085938,11.00565242767334,5.482316017150879));
#517=VERTEX_POINT('',#516);
#518=CARTESIAN_POINT('',(11.488998413085938,11.00565242767334,8.482315063476562));
#519=VERTEX_POINT('',#518);
#520=CARTESIAN_POINT('',(14.662479400634766,-47.62419509887695,8.482315063476562));
#521=VERTEX_POINT('',#520);
#522=CARTESIAN_POINT('',(14.662479400634766,-46.70509338378906,8.482315063476562));
#523=VERTEX_POINT('',#522);
#524=CARTESIAN_POINT('',(-88.26496887207031,44.92734909057617,8.482315063476562));
#525=VERTEX_POINT('',#524);
#526=CARTESIAN_POINT('',(-88.26496887207031,58.92734909057617,8.482315063476562));
#527=VERTEX_POINT('',#526);
#528=CARTESIAN_POINT('',(-93.3149642944336,58.92734909057617,8.482315063476562));
#529=VERTEX_POINT('',#528);
#530=CARTESIAN_POINT('',(-93.3149642944336,44.92734909057617,8.482315063476562));
#531=VERTEX_POINT('',#530);
#532=CARTESIAN_POINT('',(-107.31495666503906,44.92734909057617,8.482315063476562));
#533=VERTEX_POINT('',#532);
#534=CARTESIAN_POINT('',(-109.76710510253906,44.92734909057617,8.482315063476562));
#535=VERTEX_POINT('',#534);
#536=CARTESIAN_POINT('',(-109.76710510253906,16.05565071105957,8.482315063476562));
#537=VERTEX_POINT('',#536);
#538=CARTESIAN_POINT('',(-93.36100006103516,16.05565071105957,8.482315063476562));
#539=VERTEX_POINT('',#538);
#540=CARTESIAN_POINT('',(-88.31100463867188,16.05565071105957,8.482315063476562));
#541=VERTEX_POINT('',#540);
#542=CARTESIAN_POINT('',(-88.31100463867188,30.05565071105957,8.482315063476562));
#543=VERTEX_POINT('',#542);
#544=CARTESIAN_POINT('',(-69.26100158691406,16.05565071105957,8.482315063476562));
#545=VERTEX_POINT('',#544);
#546=CARTESIAN_POINT('',(-74.26496124267578,44.92734909057617,8.482315063476562));
#547=VERTEX_POINT('',#546);
#548=CARTESIAN_POINT('',(-69.26100158691406,30.05565071105957,8.482315063476562));
#549=VERTEX_POINT('',#548);
#550=CARTESIAN_POINT('',(-55.2609977722168,30.05565071105957,8.482315063476562));
#551=VERTEX_POINT('',#550);
#552=CARTESIAN_POINT('',(-55.2609977722168,16.05565071105957,8.482315063476562));
#553=VERTEX_POINT('',#552);
#554=CARTESIAN_POINT('',(-50.210994720458984,16.05565071105957,8.482315063476562));
#555=VERTEX_POINT('',#554);
#556=CARTESIAN_POINT('',(-50.210994720458984,30.05565071105957,8.482315063476562));
#557=VERTEX_POINT('',#556);
#558=CARTESIAN_POINT('',(-69.2149658203125,44.92734909057617,8.482315063476562));
#559=VERTEX_POINT('',#558);
#560=CARTESIAN_POINT('',(-36.92993927001953,56.88417434692383,8.482315063476562));
#561=VERTEX_POINT('',#560);
#562=CARTESIAN_POINT('',(-55.214962005615234,58.92734909057617,8.482315063476562));
#563=VERTEX_POINT('',#562);
#564=CARTESIAN_POINT('',(-55.214962005615234,44.92734909057617,8.482315063476562));
#565=VERTEX_POINT('',#564);
#566=CARTESIAN_POINT('',(-36.210994720458984,30.05565071105957,8.482315063476562));
#567=VERTEX_POINT('',#566);
#568=CARTESIAN_POINT('',(-36.92993927001953,45.84605407714844,8.482315063476562));
#569=VERTEX_POINT('',#568);
#570=CARTESIAN_POINT('',(15.197805404663086,51.936195373535156,8.482315063476562));
#571=VERTEX_POINT('',#570);
#572=CARTESIAN_POINT('',(-11.085097312927246,51.64680480957031,8.482315063476562));
#573=VERTEX_POINT('',#572);
#574=CARTESIAN_POINT('',(-11.085097312927246,45.84605407714844,8.482315063476562));
#575=VERTEX_POINT('',#574);
#576=CARTESIAN_POINT('',(-31.16100311279297,30.05565071105957,8.482315063476562));
#577=VERTEX_POINT('',#576);
#578=CARTESIAN_POINT('',(-17.161001205444336,30.05565071105957,8.482315063476562));
#579=VERTEX_POINT('',#578);
#580=CARTESIAN_POINT('',(15.23221206665039,51.586891174316406,8.482315063476562));
#581=VERTEX_POINT('',#580);
#582=CARTESIAN_POINT('',(-12.111011505126953,30.05565071105957,8.482315063476562));
#583=VERTEX_POINT('',#582);
#584=CARTESIAN_POINT('',(15.43138313293457,50.93031311035156,8.482315063476562));
#585=VERTEX_POINT('',#584);
#586=CARTESIAN_POINT('',(15.754814147949219,50.32521057128906,8.482315063476562));
#587=VERTEX_POINT('',#586);
#588=CARTESIAN_POINT('',(1.888990879058838,30.05565071105957,8.482315063476562));
#589=VERTEX_POINT('',#588);
#590=CARTESIAN_POINT('',(6.939002513885498,30.05565071105957,8.482315063476562));
#591=VERTEX_POINT('',#590);
#592=CARTESIAN_POINT('',(16.190080642700195,49.79483413696289,8.482315063476562));
#593=VERTEX_POINT('',#592);
#594=CARTESIAN_POINT('',(16.720470428466797,49.359561920166016,8.482315063476562));
#595=VERTEX_POINT('',#594);
#596=CARTESIAN_POINT('',(20.93900489807129,30.05565071105957,8.482315063476562));
#597=VERTEX_POINT('',#596);
#598=CARTESIAN_POINT('',(20.93900489807129,16.05565071105957,8.482315063476562));
#599=VERTEX_POINT('',#598);
#600=CARTESIAN_POINT('',(23.672794342041016,16.05565071105957,8.482315063476562));
#601=VERTEX_POINT('',#600);
#602=CARTESIAN_POINT('',(23.672794342041016,52.269710540771484,8.482315063476562));
#603=VERTEX_POINT('',#602);
#604=CARTESIAN_POINT('',(22.164949417114258,52.269710540771484,8.482315063476562));
#605=VERTEX_POINT('',#604);
#606=CARTESIAN_POINT('',(22.097700119018555,51.586891174316406,8.482315063476562));
#607=VERTEX_POINT('',#606);
#608=CARTESIAN_POINT('',(21.898530960083008,50.93031311035156,8.482315063476562));
#609=VERTEX_POINT('',#608);
#610=CARTESIAN_POINT('',(17.32556915283203,49.036128997802734,8.482315063476562));
#611=VERTEX_POINT('',#610);
#612=CARTESIAN_POINT('',(17.982139587402344,48.83695602416992,8.482315063476562));
#613=VERTEX_POINT('',#612);
#614=CARTESIAN_POINT('',(21.57509994506836,50.32521057128906,8.482315063476562));
#615=VERTEX_POINT('',#614);
#616=CARTESIAN_POINT('',(21.139842987060547,49.79483413696289,8.482315063476562));
#617=VERTEX_POINT('',#616);
#618=CARTESIAN_POINT('',(18.66495704650879,48.76970672607422,8.482315063476562));
#619=VERTEX_POINT('',#618);
#620=CARTESIAN_POINT('',(19.347774505615234,48.83695602416992,8.482315063476562));
#621=VERTEX_POINT('',#620);
#622=CARTESIAN_POINT('',(20.609453201293945,49.359561920166016,8.482315063476562));
#623=VERTEX_POINT('',#622);
#624=CARTESIAN_POINT('',(20.004343032836914,49.036128997802734,8.482315063476562));
#625=VERTEX_POINT('',#624);
#626=CARTESIAN_POINT('',(-41.06100082397461,-22.044353485107422,5.482316017150879));
#627=VERTEX_POINT('',#626);
#628=CARTESIAN_POINT('',(-41.06100082397461,-22.044353485107422,8.482315063476562));
#629=VERTEX_POINT('',#628);
#630=CARTESIAN_POINT('',(-41.06100082397461,-8.04434871673584,8.482315063476562));
#631=VERTEX_POINT('',#630);
#632=CARTESIAN_POINT('',(-0.4728214144706726,-5.498437881469727,8.482315063476562));
#633=VERTEX_POINT('',#632);
#634=CARTESIAN_POINT('',(13.956978797912598,-5.498437881469727,8.482315063476562));
#635=VERTEX_POINT('',#634);
#636=CARTESIAN_POINT('',(13.94799518585205,-2.994347095489502,8.482315063476562));
#637=VERTEX_POINT('',#636);
#638=CARTESIAN_POINT('',(11.488998413085938,-2.994347095489502,8.482315063476562));
#639=VERTEX_POINT('',#638);
#640=CARTESIAN_POINT('',(-2.9609949588775635,-8.04434871673584,8.482315063476562));
#641=VERTEX_POINT('',#640);
#642=CARTESIAN_POINT('',(-0.4728214144706726,-8.04434871673584,8.482315063476562));
#643=VERTEX_POINT('',#642);
#644=CARTESIAN_POINT('',(-22.01100730895996,-22.044353485107422,8.482315063476562));
#645=VERTEX_POINT('',#644);
#646=CARTESIAN_POINT('',(-16.960996627807617,-22.044353485107422,8.482315063476562));
#647=VERTEX_POINT('',#646);
#648=CARTESIAN_POINT('',(-16.960996627807617,-8.04434871673584,8.482315063476562));
#649=VERTEX_POINT('',#648);
#650=CARTESIAN_POINT('',(-2.5110042095184326,-2.994347095489502,8.482315063476562));
#651=VERTEX_POINT('',#650);
#652=CARTESIAN_POINT('',(-7.5609941482543945,11.00565242767334,8.482315063476562));
#653=VERTEX_POINT('',#652);
#654=CARTESIAN_POINT('',(-22.01100730895996,-8.04434871673584,8.482315063476562));
#655=VERTEX_POINT('',#654);
#656=CARTESIAN_POINT('',(-36.011009216308594,-22.044353485107422,8.482315063476562));
#657=VERTEX_POINT('',#656);
#658=CARTESIAN_POINT('',(-36.011009216308594,-8.04434871673584,8.482315063476562));
#659=VERTEX_POINT('',#658);
#660=CARTESIAN_POINT('',(-21.56099510192871,11.00565242767334,8.482315063476562));
#661=VERTEX_POINT('',#660);
#662=CARTESIAN_POINT('',(-26.611007690429688,11.00565242767334,8.482315063476562));
#663=VERTEX_POINT('',#662);
#664=CARTESIAN_POINT('',(-55.06100082397461,-8.04434871673584,8.482315063476562));
#665=VERTEX_POINT('',#664);
#666=CARTESIAN_POINT('',(-26.611007690429688,-2.994347095489502,8.482315063476562));
#667=VERTEX_POINT('',#666);
#668=CARTESIAN_POINT('',(-60.11100387573242,-8.04434871673584,8.482315063476562));
#669=VERTEX_POINT('',#668);
#670=CARTESIAN_POINT('',(-40.61100769042969,-2.994347095489502,8.482315063476562));
#671=VERTEX_POINT('',#670);
#672=CARTESIAN_POINT('',(-76.62721252441406,-22.044353485107422,8.482315063476562));
#673=VERTEX_POINT('',#672);
#674=CARTESIAN_POINT('',(-74.11100006103516,-22.044353485107422,8.482315063476562));
#675=VERTEX_POINT('',#674);
#676=CARTESIAN_POINT('',(-74.11100006103516,-8.04434871673584,8.482315063476562));
#677=VERTEX_POINT('',#676);
#678=CARTESIAN_POINT('',(-45.6609992980957,-2.994347095489502,8.482315063476562));
#679=VERTEX_POINT('',#678);
#680=CARTESIAN_POINT('',(-76.62721252441406,-5.498437881469727,8.482315063476562));
#681=VERTEX_POINT('',#680);
#682=CARTESIAN_POINT('',(-100.1772689819336,-2.994347095489502,8.482315063476562));
#683=VERTEX_POINT('',#682);
#684=CARTESIAN_POINT('',(-100.18199920654297,-5.498437881469727,8.482315063476562));
#685=VERTEX_POINT('',#684);
#686=CARTESIAN_POINT('',(-97.7610092163086,-2.994347095489502,8.482315063476562));
#687=VERTEX_POINT('',#686);
#688=CARTESIAN_POINT('',(-59.66100311279297,-2.994347095489502,8.482315063476562));
#689=VERTEX_POINT('',#688);
#690=CARTESIAN_POINT('',(-59.66100311279297,11.00565242767334,8.482315063476562));
#691=VERTEX_POINT('',#690);
#692=CARTESIAN_POINT('',(-64.71100616455078,11.00565242767334,8.482315063476562));
#693=VERTEX_POINT('',#692);
#694=CARTESIAN_POINT('',(-83.76100158691406,-2.994347095489502,8.482315063476562));
#695=VERTEX_POINT('',#694);
#696=CARTESIAN_POINT('',(-83.76100158691406,11.00565242767334,8.482315063476562));
#697=VERTEX_POINT('',#696);
#698=CARTESIAN_POINT('',(-64.71100616455078,-2.994347095489502,8.482315063476562));
#699=VERTEX_POINT('',#698);
#700=CARTESIAN_POINT('',(-0.4728214144706726,-24.512439727783203,8.482315063476562));
#701=VERTEX_POINT('',#700);
#702=CARTESIAN_POINT('',(-2.9609949588775635,-22.044353485107422,8.482315063476562));
#703=VERTEX_POINT('',#702);
#704=CARTESIAN_POINT('',(-9.998004913330078,-24.512439727783203,8.482315063476562));
#705=VERTEX_POINT('',#704);
#706=CARTESIAN_POINT('',(-12.461004257202148,-27.094343185424805,8.482315063476562));
#707=VERTEX_POINT('',#706);
#708=CARTESIAN_POINT('',(-26.460996627807617,-27.094343185424805,8.482315063476562));
#709=VERTEX_POINT('',#708);
#710=CARTESIAN_POINT('',(-31.51100730895996,-27.094343185424805,8.482315063476562));
#711=VERTEX_POINT('',#710);
#712=CARTESIAN_POINT('',(-55.06100082397461,-22.044353485107422,8.482315063476562));
#713=VERTEX_POINT('',#712);
#714=CARTESIAN_POINT('',(-60.11100387573242,-22.044353485107422,8.482315063476562));
#715=VERTEX_POINT('',#714);
#716=CARTESIAN_POINT('',(-76.62721252441406,-24.512439727783203,8.482315063476562));
#717=VERTEX_POINT('',#716);
#718=CARTESIAN_POINT('',(-67.10203552246094,-24.512439727783203,8.482315063476562));
#719=VERTEX_POINT('',#718);
#720=CARTESIAN_POINT('',(-64.56100463867188,-27.094343185424805,8.482315063476562));
#721=VERTEX_POINT('',#720);
#722=CARTESIAN_POINT('',(-74.11100006103516,-22.044353485107422,5.482316017150879));
#723=VERTEX_POINT('',#722);
#724=CARTESIAN_POINT('',(-107.31495666503906,58.92734909057617,5.482316017150879));
#725=VERTEX_POINT('',#724);
#726=CARTESIAN_POINT('',(-107.31495666503906,58.92734909057617,8.482315063476562));
#727=VERTEX_POINT('',#726);
#728=CARTESIAN_POINT('',(-93.36100006103516,16.05565071105957,5.482316017150879));
#729=VERTEX_POINT('',#728);
#730=CARTESIAN_POINT('',(-93.3149642944336,58.92734909057617,5.482316017150879));
#731=VERTEX_POINT('',#730);
#732=CARTESIAN_POINT('',(-69.2149658203125,58.92734909057617,5.482316017150879));
#733=VERTEX_POINT('',#732);
#734=CARTESIAN_POINT('',(-69.2149658203125,58.92734909057617,8.482315063476562));
#735=VERTEX_POINT('',#734);
#736=CARTESIAN_POINT('',(-88.26496887207031,58.92734909057617,5.482316017150879));
#737=VERTEX_POINT('',#736);
#738=CARTESIAN_POINT('',(-74.26496124267578,58.92734909057617,5.482316017150879));
#739=VERTEX_POINT('',#738);
#740=CARTESIAN_POINT('',(-74.26496124267578,58.92734909057617,8.482315063476562));
#741=VERTEX_POINT('',#740);
#742=CARTESIAN_POINT('',(-55.214962005615234,58.92734909057617,5.482316017150879));
#743=VERTEX_POINT('',#742);
#744=CARTESIAN_POINT('',(-88.31100463867188,16.05565071105957,5.482316017150879));
#745=VERTEX_POINT('',#744);
#746=CARTESIAN_POINT('',(-69.26100158691406,16.05565071105957,5.482316017150879));
#747=VERTEX_POINT('',#746);
#748=CARTESIAN_POINT('',(-50.210994720458984,16.05565071105957,5.482316017150879));
#749=VERTEX_POINT('',#748);
#750=CARTESIAN_POINT('',(-55.2609977722168,16.05565071105957,5.482316017150879));
#751=VERTEX_POINT('',#750);
#752=CARTESIAN_POINT('',(-76.62721252441406,-24.512439727783203,5.482316017150879));
#753=VERTEX_POINT('',#752);
#754=CARTESIAN_POINT('',(-67.10203552246094,-24.512439727783203,5.482316017150879));
#755=VERTEX_POINT('',#754);
#756=CARTESIAN_POINT('',(-60.11100387573242,-22.044353485107422,5.482316017150879));
#757=VERTEX_POINT('',#756);
#758=CARTESIAN_POINT('',(-64.56100463867188,-27.094343185424805,5.482316017150879));
#759=VERTEX_POINT('',#758);
#760=CARTESIAN_POINT('',(-50.56100082397461,-27.094343185424805,5.482316017150879));
#761=VERTEX_POINT('',#760);
#762=CARTESIAN_POINT('',(-55.06100082397461,-22.044353485107422,5.482316017150879));
#763=VERTEX_POINT('',#762);
#764=CARTESIAN_POINT('',(-45.511009216308594,-27.094343185424805,5.482316017150879));
#765=VERTEX_POINT('',#764);
#766=CARTESIAN_POINT('',(-31.51100730895996,-27.094343185424805,5.482316017150879));
#767=VERTEX_POINT('',#766);
#768=CARTESIAN_POINT('',(-26.460996627807617,-27.094343185424805,5.482316017150879));
#769=VERTEX_POINT('',#768);
#770=CARTESIAN_POINT('',(-12.461004257202148,-27.094343185424805,5.482316017150879));
#771=VERTEX_POINT('',#770);
#772=CARTESIAN_POINT('',(-36.011009216308594,-22.044353485107422,5.482316017150879));
#773=VERTEX_POINT('',#772);
#774=CARTESIAN_POINT('',(-22.01100730895996,-22.044353485107422,5.482316017150879));
#775=VERTEX_POINT('',#774);
#776=CARTESIAN_POINT('',(-16.960996627807617,-22.044353485107422,5.482316017150879));
#777=VERTEX_POINT('',#776);
#778=CARTESIAN_POINT('',(-9.998004913330078,-24.512439727783203,5.482316017150879));
#779=VERTEX_POINT('',#778);
#780=CARTESIAN_POINT('',(-0.4728214144706726,-24.512439727783203,5.482316017150879));
#781=VERTEX_POINT('',#780);
#782=CARTESIAN_POINT('',(-2.9609949588775635,-22.044353485107422,5.482316017150879));
#783=VERTEX_POINT('',#782);
#784=CARTESIAN_POINT('',(-31.16100311279297,16.05565071105957,8.482315063476562));
#785=VERTEX_POINT('',#784);
#786=CARTESIAN_POINT('',(-31.16100311279297,16.05565071105957,5.482316017150879));
#787=VERTEX_POINT('',#786);
#788=CARTESIAN_POINT('',(-17.161001205444336,16.05565071105957,5.482316017150879));
#789=VERTEX_POINT('',#788);
#790=CARTESIAN_POINT('',(-17.161001205444336,16.05565071105957,8.482315063476562));
#791=VERTEX_POINT('',#790);
#792=CARTESIAN_POINT('',(-36.210994720458984,16.05565071105957,5.482316017150879));
#793=VERTEX_POINT('',#792);
#794=CARTESIAN_POINT('',(-36.210994720458984,16.05565071105957,8.482315063476562));
#795=VERTEX_POINT('',#794);
#796=CARTESIAN_POINT('',(-100.14610290527344,13.505026817321777,8.482315063476562));
#797=VERTEX_POINT('',#796);
#798=CARTESIAN_POINT('',(-97.7610092163086,11.00565242767334,8.482315063476562));
#799=VERTEX_POINT('',#798);
#800=CARTESIAN_POINT('',(-109.76710510253906,13.505026817321777,8.482315063476562));
#801=VERTEX_POINT('',#800);
#802=CARTESIAN_POINT('',(-45.6609992980957,11.00565242767334,8.482315063476562));
#803=VERTEX_POINT('',#802);
#804=CARTESIAN_POINT('',(-40.61100769042969,11.00565242767334,8.482315063476562));
#805=VERTEX_POINT('',#804);
#806=CARTESIAN_POINT('',(6.939002513885498,16.05565071105957,8.482315063476562));
#807=VERTEX_POINT('',#806);
#808=CARTESIAN_POINT('',(23.672794342041016,13.505026817321777,8.482315063476562));
#809=VERTEX_POINT('',#808);
#810=CARTESIAN_POINT('',(13.921083450317383,13.505026817321777,8.482315063476562));
#811=VERTEX_POINT('',#810);
#812=CARTESIAN_POINT('',(13.921083450317383,4.507365703582764,8.482315063476562));
#813=VERTEX_POINT('',#812);
#814=CARTESIAN_POINT('',(6.939002513885498,16.05565071105957,5.482316017150879));
#815=VERTEX_POINT('',#814);
#816=CARTESIAN_POINT('',(-64.71100616455078,11.00565242767334,5.482316017150879));
#817=VERTEX_POINT('',#816);
#818=CARTESIAN_POINT('',(20.93900489807129,16.05565071105957,5.482316017150879));
#819=VERTEX_POINT('',#818);
#820=CARTESIAN_POINT('',(-83.76100158691406,11.00565242767334,5.482316017150879));
#821=VERTEX_POINT('',#820);
#822=CARTESIAN_POINT('',(-21.56099510192871,11.00565242767334,5.482316017150879));
#823=VERTEX_POINT('',#822);
#824=CARTESIAN_POINT('',(-7.5609941482543945,11.00565242767334,5.482316017150879));
#825=VERTEX_POINT('',#824);
#826=CARTESIAN_POINT('',(13.921083450317383,13.505026817321777,5.482316017150879));
#827=VERTEX_POINT('',#826);
#828=CARTESIAN_POINT('',(13.921083450317383,4.507365703582764,5.482316017150879));
#829=VERTEX_POINT('',#828);
#830=CARTESIAN_POINT('',(-59.66100311279297,11.00565242767334,5.482316017150879));
#831=VERTEX_POINT('',#830);
#832=CARTESIAN_POINT('',(-97.7610092163086,11.00565242767334,5.482316017150879));
#833=VERTEX_POINT('',#832);
#834=CARTESIAN_POINT('',(-45.6609992980957,11.00565242767334,5.482316017150879));
#835=VERTEX_POINT('',#834);
#836=CARTESIAN_POINT('',(-40.61100769042969,11.00565242767334,5.482316017150879));
#837=VERTEX_POINT('',#836);
#838=CARTESIAN_POINT('',(-26.611007690429688,11.00565242767334,5.482316017150879));
#839=VERTEX_POINT('',#838);
#840=CARTESIAN_POINT('',(23.44614601135254,70.03014373779297,5.482316017150879));
#841=VERTEX_POINT('',#840);
#842=CARTESIAN_POINT('',(22.097700119018555,52.9525260925293,5.482316017150879));
#843=VERTEX_POINT('',#842);
#844=CARTESIAN_POINT('',(-109.4045181274414,70.03014373779297,5.482316017150879));
#845=VERTEX_POINT('',#844);
#846=CARTESIAN_POINT('',(21.898530960083008,53.609100341796875,5.482316017150879));
#847=VERTEX_POINT('',#846);
#848=CARTESIAN_POINT('',(21.57509994506836,54.214202880859375,5.482316017150879));
#849=VERTEX_POINT('',#848);
#850=CARTESIAN_POINT('',(21.139842987060547,54.74458312988281,5.482316017150879));
#851=VERTEX_POINT('',#850);
#852=CARTESIAN_POINT('',(20.609453201293945,55.17985153198242,5.482316017150879));
#853=VERTEX_POINT('',#852);
#854=CARTESIAN_POINT('',(20.004343032836914,55.50328826904297,5.482316017150879));
#855=VERTEX_POINT('',#854);
#856=CARTESIAN_POINT('',(19.347774505615234,55.702457427978516,5.482316017150879));
#857=VERTEX_POINT('',#856);
#858=CARTESIAN_POINT('',(18.66495704650879,55.76970672607422,5.482316017150879));
#859=VERTEX_POINT('',#858);
#860=CARTESIAN_POINT('',(17.982139587402344,55.702457427978516,5.482316017150879));
#861=VERTEX_POINT('',#860);
#862=CARTESIAN_POINT('',(-11.085097312927246,56.88417434692383,5.482316017150879));
#863=VERTEX_POINT('',#862);
#864=CARTESIAN_POINT('',(17.32556915283203,55.50328826904297,5.482316017150879));
#865=VERTEX_POINT('',#864);
#866=CARTESIAN_POINT('',(16.720470428466797,55.17985153198242,5.482316017150879));
#867=VERTEX_POINT('',#866);
#868=CARTESIAN_POINT('',(15.23221206665039,52.9525260925293,5.482316017150879));
#869=VERTEX_POINT('',#868);
#870=CARTESIAN_POINT('',(15.43138313293457,53.609100341796875,5.482316017150879));
#871=VERTEX_POINT('',#870);
#872=CARTESIAN_POINT('',(16.190080642700195,54.74458312988281,5.482316017150879));
#873=VERTEX_POINT('',#872);
#874=CARTESIAN_POINT('',(15.754814147949219,54.214202880859375,5.482316017150879));
#875=VERTEX_POINT('',#874);
#876=CARTESIAN_POINT('',(23.672794342041016,13.505026817321777,5.482316017150879));
#877=VERTEX_POINT('',#876);
#878=CARTESIAN_POINT('',(-109.76710510253906,13.505026817321777,5.482316017150879));
#879=VERTEX_POINT('',#878);
#880=CARTESIAN_POINT('',(-100.14610290527344,13.505026817321777,5.482316017150879));
#881=VERTEX_POINT('',#880);
#882=CARTESIAN_POINT('',(18.66495704650879,55.76970672607422,8.482315063476562));
#883=VERTEX_POINT('',#882);
#884=CARTESIAN_POINT('',(19.347774505615234,55.702457427978516,8.482315063476562));
#885=VERTEX_POINT('',#884);
#886=CARTESIAN_POINT('',(20.004343032836914,55.50328826904297,8.482315063476562));
#887=VERTEX_POINT('',#886);
#888=CARTESIAN_POINT('',(20.609453201293945,55.17985153198242,8.482315063476562));
#889=VERTEX_POINT('',#888);
#890=CARTESIAN_POINT('',(21.139842987060547,54.74458312988281,8.482315063476562));
#891=VERTEX_POINT('',#890);
#892=CARTESIAN_POINT('',(21.57509994506836,54.214202880859375,8.482315063476562));
#893=VERTEX_POINT('',#892);
#894=CARTESIAN_POINT('',(21.898530960083008,53.609100341796875,8.482315063476562));
#895=VERTEX_POINT('',#894);
#896=CARTESIAN_POINT('',(22.097700119018555,52.9525260925293,8.482315063476562));
#897=VERTEX_POINT('',#896);
#898=CARTESIAN_POINT('',(15.164953231811523,52.269710540771484,8.482315063476562));
#899=VERTEX_POINT('',#898);
#900=CARTESIAN_POINT('',(15.23221206665039,52.9525260925293,8.482315063476562));
#901=VERTEX_POINT('',#900);
#902=CARTESIAN_POINT('',(15.43138313293457,53.609100341796875,8.482315063476562));
#903=VERTEX_POINT('',#902);
#904=CARTESIAN_POINT('',(15.754814147949219,54.214202880859375,8.482315063476562));
#905=VERTEX_POINT('',#904);
#906=CARTESIAN_POINT('',(16.190080642700195,54.74458312988281,8.482315063476562));
#907=VERTEX_POINT('',#906);
#908=CARTESIAN_POINT('',(16.720470428466797,55.17985153198242,8.482315063476562));
#909=VERTEX_POINT('',#908);
#910=CARTESIAN_POINT('',(17.32556915283203,55.50328826904297,8.482315063476562));
#911=VERTEX_POINT('',#910);
#912=CARTESIAN_POINT('',(17.982139587402344,55.702457427978516,8.482315063476562));
#913=VERTEX_POINT('',#912);
#914=CARTESIAN_POINT('',(-11.085097312927246,56.88417434692383,8.482315063476562));
#915=VERTEX_POINT('',#914);
#916=CARTESIAN_POINT('',(23.44614601135254,70.03014373779297,8.482315063476562));
#917=VERTEX_POINT('',#916);
#918=CARTESIAN_POINT('',(-66.94744110107422,-70.02307891845703,6.976039409637451));
#919=VERTEX_POINT('',#918);
#920=CARTESIAN_POINT('',(-109.4045181274414,70.03014373779297,8.482315063476562));
#921=VERTEX_POINT('',#920);
#922=CARTESIAN_POINT('',(-44.505977630615234,-70.02307891845703,7.29866886138916));
#923=VERTEX_POINT('',#922);
#924=FACE_SURFACE('',(#929),#925,.T.);
#925=PLANE('',#926);
#926=AXIS2_PLACEMENT_3D('',#34,#927,#928);
#927=DIRECTION('',(0,1,0));
#928=DIRECTION('',(-1,0,0));
#929=FACE_BOUND('',#930,.T.);
#930=EDGE_LOOP('',(#931,#932,#933));
#931=ORIENTED_EDGE('',*,*,#934,.T.);
#932=ORIENTED_EDGE('',*,*,#935,.T.);
#933=ORIENTED_EDGE('',*,*,#936,.T.);
#934=EDGE_CURVE('',#35,#37,#937,.F.);
#935=EDGE_CURVE('',#37,#39,#938,.T.);
#936=EDGE_CURVE('',#39,#35,#939,.T.);
#937=LINE('',#34,#940);
#938=LINE('',#36,#941);
#939=LINE('',#38,#942);
#940=VECTOR('',#943,1.0);
#941=VECTOR('',#944,1.0);
#942=VECTOR('',#945,1.0);
#943=DIRECTION('',(-1,0,0));
#944=DIRECTION('',(0,0,1));
#945=DIRECTION('',(0.9778024306480527,0,-0.2095290114011898));
#946=FACE_SURFACE('',(#951),#947,.T.);
#947=PLANE('',#948);
#948=AXIS2_PLACEMENT_3D('',#34,#949,#950);
#949=DIRECTION('',(0,1,-0));
#950=DIRECTION('',(-0.9778024306480527,0,0.2095290114011898));
#951=FACE_BOUND('',#952,.T.);
#952=EDGE_LOOP('',(#953,#954,#955));
#953=ORIENTED_EDGE('',*,*,#956,.T.);
#954=ORIENTED_EDGE('',*,*,#957,.T.);
#955=ORIENTED_EDGE('',*,*,#958,.T.);
#956=EDGE_CURVE('',#35,#39,#959,.F.);
#957=EDGE_CURVE('',#39,#41,#960,.T.);
#958=EDGE_CURVE('',#41,#35,#961,.T.);
#959=LINE('',#34,#962);
#960=LINE('',#38,#963);
#961=LINE('',#40,#964);
#962=VECTOR('',#965,1.0);
#963=VECTOR('',#966,1.0);
#964=VECTOR('',#967,1.0);
#965=DIRECTION('',(-0.9778024306480527,0,0.2095290114011898));
#966=DIRECTION('',(1,0,0));
#967=DIRECTION('',(0,0,-1));
#968=FACE_SURFACE('',(#973),#969,.T.);
#969=PLANE('',#970);
#970=AXIS2_PLACEMENT_3D('',#42,#971,#972);
#971=DIRECTION('',(0,1,0));
#972=DIRECTION('',(-1,0,0));
#973=FACE_BOUND('',#974,.T.);
#974=EDGE_LOOP('',(#975,#976,#977));
#975=ORIENTED_EDGE('',*,*,#978,.T.);
#976=ORIENTED_EDGE('',*,*,#979,.T.);
#977=ORIENTED_EDGE('',*,*,#980,.T.);
#978=EDGE_CURVE('',#43,#45,#981,.F.);
#979=EDGE_CURVE('',#45,#47,#982,.T.);
#980=EDGE_CURVE('',#47,#43,#983,.T.);
#981=LINE('',#42,#984);
#982=LINE('',#44,#985);
#983=LINE('',#46,#986);
#984=VECTOR('',#987,1.0);
#985=VECTOR('',#988,1.0);
#986=VECTOR('',#989,1.0);
#987=DIRECTION('',(-1,0,0));
#988=DIRECTION('',(0,0,1));
#989=DIRECTION('',(0.9778024350343965,0,-0.20952899093157695));
#990=FACE_SURFACE('',(#995),#991,.T.);
#991=PLANE('',#992);
#992=AXIS2_PLACEMENT_3D('',#42,#993,#994);
#993=DIRECTION('',(0,1,-0));
#994=DIRECTION('',(-0.9778024350343965,0,0.20952899093157695));
#995=FACE_BOUND('',#996,.T.);
#996=EDGE_LOOP('',(#997,#998,#999));
#997=ORIENTED_EDGE('',*,*,#1000,.T.);
#998=ORIENTED_EDGE('',*,*,#1001,.T.);
#999=ORIENTED_EDGE('',*,*,#1002,.T.);
#1000=EDGE_CURVE('',#43,#47,#1003,.F.);
#1001=EDGE_CURVE('',#47,#49,#1004,.T.);
#1002=EDGE_CURVE('',#49,#43,#1005,.T.);
#1003=LINE('',#42,#1006);
#1004=LINE('',#46,#1007);
#1005=LINE('',#48,#1008);
#1006=VECTOR('',#1009,1.0);
#1007=VECTOR('',#1010,1.0);
#1008=VECTOR('',#1011,1.0);
#1009=DIRECTION('',(-0.9778024350343965,0,0.20952899093157695));
#1010=DIRECTION('',(1,0,0));
#1011=DIRECTION('',(0,0,-1));
#1012=FACE_SURFACE('',(#1017),#1013,.T.);
#1013=PLANE('',#1014);
#1014=AXIS2_PLACEMENT_3D('',#50,#1015,#1016);
#1015=DIRECTION('',(0,0,1));
#1016=DIRECTION('',(-1,0,0));
#1017=FACE_BOUND('',#1018,.T.);
#1018=EDGE_LOOP('',(#1019,#1020,#1021));
#1019=ORIENTED_EDGE('',*,*,#1022,.T.);
#1020=ORIENTED_EDGE('',*,*,#1023,.T.);
#1021=ORIENTED_EDGE('',*,*,#1024,.T.);
#1022=EDGE_CURVE('',#51,#53,#1025,.F.);
#1023=EDGE_CURVE('',#53,#55,#1026,.T.);
#1024=EDGE_CURVE('',#55,#51,#1027,.T.);
#1025=LINE('',#50,#1028);
#1026=LINE('',#52,#1029);
#1027=LINE('',#54,#1030);
#1028=VECTOR('',#1031,1.0);
#1029=VECTOR('',#1032,1.0);
#1030=VECTOR('',#1033,1.0);
#1031=DIRECTION('',(-1,0,0));
#1032=DIRECTION('',(0,-1,0));
#1033=DIRECTION('',(0.8009119752621313,0.5987821038422166,0));
#1034=FACE_SURFACE('',(#1039),#1035,.T.);
#1035=PLANE('',#1036);
#1036=AXIS2_PLACEMENT_3D('',#54,#1037,#1038);
#1037=DIRECTION('',(0,0,1));
#1038=DIRECTION('',(1,0,0));
#1039=FACE_BOUND('',#1040,.T.);
#1040=EDGE_LOOP('',(#1041,#1042,#1043));
#1041=ORIENTED_EDGE('',*,*,#1044,.T.);
#1042=ORIENTED_EDGE('',*,*,#1045,.T.);
#1043=ORIENTED_EDGE('',*,*,#1046,.T.);
#1044=EDGE_CURVE('',#55,#57,#1047,.F.);
#1045=EDGE_CURVE('',#57,#59,#1048,.T.);
#1046=EDGE_CURVE('',#59,#55,#1049,.T.);
#1047=LINE('',#54,#1050);
#1048=LINE('',#56,#1051);
#1049=LINE('',#58,#1052);
#1050=VECTOR('',#1053,1.0);
#1051=VECTOR('',#1054,1.0);
#1052=VECTOR('',#1055,1.0);
#1053=DIRECTION('',(1,0,0));
#1054=DIRECTION('',(0,1,0));
#1055=DIRECTION('',(-0.996552412139676,-0.08296559442680743,0));
#1056=FACE_SURFACE('',(#1061),#1057,.T.);
#1057=PLANE('',#1058);
#1058=AXIS2_PLACEMENT_3D('',#58,#1059,#1060);
#1059=DIRECTION('',(0,0,1));
#1060=DIRECTION('',(-0.6458215735798672,0.7634883726022447,0));
#1061=FACE_BOUND('',#1062,.T.);
#1062=EDGE_LOOP('',(#1063,#1064,#1065));
#1063=ORIENTED_EDGE('',*,*,#1066,.T.);
#1064=ORIENTED_EDGE('',*,*,#1067,.T.);
#1065=ORIENTED_EDGE('',*,*,#1068,.T.);
#1066=EDGE_CURVE('',#59,#61,#1069,.F.);
#1067=EDGE_CURVE('',#61,#63,#1070,.T.);
#1068=EDGE_CURVE('',#63,#59,#1071,.T.);
#1069=LINE('',#58,#1072);
#1070=LINE('',#60,#1073);
#1071=LINE('',#62,#1074);
#1072=VECTOR('',#1075,1.0);
#1073=VECTOR('',#1076,1.0);
#1074=VECTOR('',#1077,1.0);
#1075=DIRECTION('',(-0.6458215735798672,0.7634883726022447,0));
#1076=DIRECTION('',(-1,0,0));
#1077=DIRECTION('',(0.9928023747851016,-0.11976412075852642,0));
#1078=FACE_SURFACE('',(#1083),#1079,.T.);
#1079=PLANE('',#1080);
#1080=AXIS2_PLACEMENT_3D('',#62,#1081,#1082);
#1081=DIRECTION('',(0,-0,1));
#1082=DIRECTION('',(0,1,0));
#1083=FACE_BOUND('',#1084,.T.);
#1084=EDGE_LOOP('',(#1085,#1086,#1087));
#1085=ORIENTED_EDGE('',*,*,#1088,.T.);
#1086=ORIENTED_EDGE('',*,*,#1089,.T.);
#1087=ORIENTED_EDGE('',*,*,#1090,.T.);
#1088=EDGE_CURVE('',#63,#65,#1091,.F.);
#1089=EDGE_CURVE('',#65,#67,#1092,.T.);
#1090=EDGE_CURVE('',#67,#63,#1093,.T.);
#1091=LINE('',#62,#1094);
#1092=LINE('',#64,#1095);
#1093=LINE('',#66,#1096);
#1094=VECTOR('',#1097,1.0);
#1095=VECTOR('',#1098,1.0);
#1096=VECTOR('',#1099,1.0);
#1097=DIRECTION('',(0,1,0));
#1098=DIRECTION('',(-1,0,0));
#1099=DIRECTION('',(0.537647843017277,-0.8431694947629862,0));
#1100=FACE_SURFACE('',(#1105),#1101,.T.);
#1101=PLANE('',#1102);
#1102=AXIS2_PLACEMENT_3D('',#62,#1103,#1104);
#1103=DIRECTION('',(0,0,1));
#1104=DIRECTION('',(-0.537647843017277,0.8431694947629862,0));
#1105=FACE_BOUND('',#1106,.T.);
#1106=EDGE_LOOP('',(#1107,#1108,#1109));
#1107=ORIENTED_EDGE('',*,*,#1110,.T.);
#1108=ORIENTED_EDGE('',*,*,#1111,.T.);
#1109=ORIENTED_EDGE('',*,*,#1112,.T.);
#1110=EDGE_CURVE('',#63,#67,#1113,.F.);
#1111=EDGE_CURVE('',#67,#69,#1114,.T.);
#1112=EDGE_CURVE('',#69,#63,#1115,.T.);
#1113=LINE('',#62,#1116);
#1114=LINE('',#66,#1117);
#1115=LINE('',#68,#1118);
#1116=VECTOR('',#1119,1.0);
#1117=VECTOR('',#1120,1.0);
#1118=VECTOR('',#1121,1.0);
#1119=DIRECTION('',(-0.537647843017277,0.8431694947629862,0));
#1120=DIRECTION('',(-1,0,0));
#1121=DIRECTION('',(0.973562416125965,-0.2284211503056876,0));
#1122=FACE_SURFACE('',(#1127),#1123,.T.);
#1123=PLANE('',#1124);
#1124=AXIS2_PLACEMENT_3D('',#54,#1125,#1126);
#1125=DIRECTION('',(0,0,1));
#1126=DIRECTION('',(0.996552412139676,0.08296559442680743,0));
#1127=FACE_BOUND('',#1128,.T.);
#1128=EDGE_LOOP('',(#1129,#1130,#1131));
#1129=ORIENTED_EDGE('',*,*,#1132,.T.);
#1130=ORIENTED_EDGE('',*,*,#1133,.T.);
#1131=ORIENTED_EDGE('',*,*,#1134,.T.);
#1132=EDGE_CURVE('',#55,#59,#1135,.F.);
#1133=EDGE_CURVE('',#59,#63,#1136,.T.);
#1134=EDGE_CURVE('',#63,#55,#1137,.T.);
#1135=LINE('',#54,#1138);
#1136=LINE('',#58,#1139);
#1137=LINE('',#62,#1140);
#1138=VECTOR('',#1141,1.0);
#1139=VECTOR('',#1142,1.0);
#1140=VECTOR('',#1143,1.0);
#1141=DIRECTION('',(0.996552412139676,0.08296559442680743,0));
#1142=DIRECTION('',(-0.9928023747851016,0.11976412075852642,0));
#1143=DIRECTION('',(-0.9428657562571293,-0.3331728765636114,0));
#1144=FACE_SURFACE('',(#1149),#1145,.T.);
#1145=PLANE('',#1146);
#1146=AXIS2_PLACEMENT_3D('',#50,#1147,#1148);
#1147=DIRECTION('',(-0,0,1));
#1148=DIRECTION('',(-0.8009119752621313,-0.5987821038422166,0));
#1149=FACE_BOUND('',#1150,.T.);
#1150=EDGE_LOOP('',(#1151,#1152,#1153));
#1151=ORIENTED_EDGE('',*,*,#1154,.T.);
#1152=ORIENTED_EDGE('',*,*,#1155,.T.);
#1153=ORIENTED_EDGE('',*,*,#1156,.T.);
#1154=EDGE_CURVE('',#51,#55,#1157,.F.);
#1155=EDGE_CURVE('',#55,#63,#1158,.T.);
#1156=EDGE_CURVE('',#63,#51,#1159,.T.);
#1157=LINE('',#50,#1160);
#1158=LINE('',#54,#1161);
#1159=LINE('',#62,#1162);
#1160=VECTOR('',#1163,1.0);
#1161=VECTOR('',#1164,1.0);
#1162=VECTOR('',#1165,1.0);
#1163=DIRECTION('',(-0.8009119752621313,-0.5987821038422166,0));
#1164=DIRECTION('',(0.9428657562571293,0.3331728765636114,0));
#1165=DIRECTION('',(-0.9486325444265579,-0.31637998617926927,0));
#1166=FACE_SURFACE('',(#1171),#1167,.T.);
#1167=PLANE('',#1168);
#1168=AXIS2_PLACEMENT_3D('',#62,#1169,#1170);
#1169=DIRECTION('',(0,0,1));
#1170=DIRECTION('',(-0.973562416125965,0.2284211503056876,0));
#1171=FACE_BOUND('',#1172,.T.);
#1172=EDGE_LOOP('',(#1173,#1174,#1175));
#1173=ORIENTED_EDGE('',*,*,#1176,.T.);
#1174=ORIENTED_EDGE('',*,*,#1177,.T.);
#1175=ORIENTED_EDGE('',*,*,#1178,.T.);
#1176=EDGE_CURVE('',#63,#69,#1179,.F.);
#1177=EDGE_CURVE('',#69,#71,#1180,.T.);
#1178=EDGE_CURVE('',#71,#63,#1181,.T.);
#1179=LINE('',#62,#1182);
#1180=LINE('',#68,#1183);
#1181=LINE('',#70,#1184);
#1182=VECTOR('',#1185,1.0);
#1183=VECTOR('',#1186,1.0);
#1184=VECTOR('',#1187,1.0);
#1185=DIRECTION('',(-0.973562416125965,0.2284211503056876,0));
#1186=DIRECTION('',(-1,0,0));
#1187=DIRECTION('',(0.9842608188324771,-0.17672192991030183,0));
#1188=FACE_SURFACE('',(#1193),#1189,.T.);
#1189=PLANE('',#1190);
#1190=AXIS2_PLACEMENT_3D('',#72,#1191,#1192);
#1191=DIRECTION('',(0,-0,1));
#1192=DIRECTION('',(0,1,0));
#1193=FACE_BOUND('',#1194,.T.);
#1194=EDGE_LOOP('',(#1195,#1196,#1197));
#1195=ORIENTED_EDGE('',*,*,#1198,.T.);
#1196=ORIENTED_EDGE('',*,*,#1199,.T.);
#1197=ORIENTED_EDGE('',*,*,#1200,.T.);
#1198=EDGE_CURVE('',#73,#75,#1201,.F.);
#1199=EDGE_CURVE('',#75,#77,#1202,.T.);
#1200=EDGE_CURVE('',#77,#73,#1203,.T.);
#1201=LINE('',#72,#1204);
#1202=LINE('',#74,#1205);
#1203=LINE('',#76,#1206);
#1204=VECTOR('',#1207,1.0);
#1205=VECTOR('',#1208,1.0);
#1206=VECTOR('',#1209,1.0);
#1207=DIRECTION('',(0,1,0));
#1208=DIRECTION('',(-1,0,0));
#1209=DIRECTION('',(0.3393137631240942,-0.940673253661741,0));
#1210=FACE_SURFACE('',(#1215),#1211,.T.);
#1211=PLANE('',#1212);
#1212=AXIS2_PLACEMENT_3D('',#62,#1213,#1214);
#1213=DIRECTION('',(0,0,1));
#1214=DIRECTION('',(-0.9842608188324771,0.17672192991030183,0));
#1215=FACE_BOUND('',#1216,.T.);
#1216=EDGE_LOOP('',(#1217,#1218,#1219));
#1217=ORIENTED_EDGE('',*,*,#1220,.T.);
#1218=ORIENTED_EDGE('',*,*,#1221,.T.);
#1219=ORIENTED_EDGE('',*,*,#1222,.T.);
#1220=EDGE_CURVE('',#63,#71,#1223,.F.);
#1221=EDGE_CURVE('',#71,#73,#1224,.T.);
#1222=EDGE_CURVE('',#73,#63,#1225,.T.);
#1223=LINE('',#62,#1226);
#1224=LINE('',#70,#1227);
#1225=LINE('',#72,#1228);
#1226=VECTOR('',#1229,1.0);
#1227=VECTOR('',#1230,1.0);
#1228=VECTOR('',#1231,1.0);
#1229=DIRECTION('',(-0.9842608188324771,0.17672192991030183,0));
#1230=DIRECTION('',(-1,0,0));
#1231=DIRECTION('',(0.9941369289456594,-0.1081284722286083,0));
#1232=FACE_SURFACE('',(#1237),#1233,.T.);
#1233=PLANE('',#1234);
#1234=AXIS2_PLACEMENT_3D('',#78,#1235,#1236);
#1235=DIRECTION('',(-0,0,1));
#1236=DIRECTION('',(0,-1,0));
#1237=FACE_BOUND('',#1238,.T.);
#1238=EDGE_LOOP('',(#1239,#1240,#1241));
#1239=ORIENTED_EDGE('',*,*,#1242,.T.);
#1240=ORIENTED_EDGE('',*,*,#1243,.T.);
#1241=ORIENTED_EDGE('',*,*,#1244,.T.);
#1242=EDGE_CURVE('',#79,#51,#1245,.F.);
#1243=EDGE_CURVE('',#51,#63,#1246,.T.);
#1244=EDGE_CURVE('',#63,#79,#1247,.T.);
#1245=LINE('',#78,#1248);
#1246=LINE('',#50,#1249);
#1247=LINE('',#62,#1250);
#1248=VECTOR('',#1251,1.0);
#1249=VECTOR('',#1252,1.0);
#1250=VECTOR('',#1253,1.0);
#1251=DIRECTION('',(0,-1,0));
#1252=DIRECTION('',(0.9486325444265579,0.31637998617926927,0));
#1253=DIRECTION('',(-0.9905731037659705,-0.13698513092833056,0));
#1254=FACE_SURFACE('',(#1259),#1255,.T.);
#1255=PLANE('',#1256);
#1256=AXIS2_PLACEMENT_3D('',#80,#1257,#1258);
#1257=DIRECTION('',(0,0,1));
#1258=DIRECTION('',(0,-1,0));
#1259=FACE_BOUND('',#1260,.T.);
#1260=EDGE_LOOP('',(#1261,#1262,#1263));
#1261=ORIENTED_EDGE('',*,*,#1264,.T.);
#1262=ORIENTED_EDGE('',*,*,#1265,.T.);
#1263=ORIENTED_EDGE('',*,*,#1266,.T.);
#1264=EDGE_CURVE('',#81,#83,#1267,.F.);
#1265=EDGE_CURVE('',#83,#79,#1268,.T.);
#1266=EDGE_CURVE('',#79,#81,#1269,.T.);
#1267=LINE('',#80,#1270);
#1268=LINE('',#82,#1271);
#1269=LINE('',#78,#1272);
#1270=VECTOR('',#1273,1.0);
#1271=VECTOR('',#1274,1.0);
#1272=VECTOR('',#1275,1.0);
#1273=DIRECTION('',(0,-1,0));
#1274=DIRECTION('',(1,0,0));
#1275=DIRECTION('',(-0.6250395511489372,0.7805930818932071,0));
#1276=FACE_SURFACE('',(#1281),#1277,.T.);
#1277=PLANE('',#1278);
#1278=AXIS2_PLACEMENT_3D('',#84,#1279,#1280);
#1279=DIRECTION('',(0,0,1));
#1280=DIRECTION('',(1,0,0));
#1281=FACE_BOUND('',#1282,.T.);
#1282=EDGE_LOOP('',(#1283,#1284,#1285));
#1283=ORIENTED_EDGE('',*,*,#1286,.T.);
#1284=ORIENTED_EDGE('',*,*,#1287,.T.);
#1285=ORIENTED_EDGE('',*,*,#1288,.T.);
#1286=EDGE_CURVE('',#85,#87,#1289,.F.);
#1287=EDGE_CURVE('',#87,#89,#1290,.T.);
#1288=EDGE_CURVE('',#89,#85,#1291,.T.);
#1289=LINE('',#84,#1292);
#1290=LINE('',#86,#1293);
#1291=LINE('',#88,#1294);
#1292=VECTOR('',#1295,1.0);
#1293=VECTOR('',#1296,1.0);
#1294=VECTOR('',#1297,1.0);
#1295=DIRECTION('',(1,0,0));
#1296=DIRECTION('',(0,1,0));
#1297=DIRECTION('',(-0.6259897636821018,-0.7798312739081618,0));
#1298=FACE_SURFACE('',(#1303),#1299,.T.);
#1299=PLANE('',#1300);
#1300=AXIS2_PLACEMENT_3D('',#80,#1301,#1302);
#1301=DIRECTION('',(-0,0,1));
#1302=DIRECTION('',(0.6250395511489372,-0.7805930818932071,0));
#1303=FACE_BOUND('',#1304,.T.);
#1304=EDGE_LOOP('',(#1305,#1306,#1307));
#1305=ORIENTED_EDGE('',*,*,#1308,.T.);
#1306=ORIENTED_EDGE('',*,*,#1309,.T.);
#1307=ORIENTED_EDGE('',*,*,#1310,.T.);
#1308=EDGE_CURVE('',#81,#79,#1311,.F.);
#1309=EDGE_CURVE('',#79,#63,#1312,.T.);
#1310=EDGE_CURVE('',#63,#81,#1313,.T.);
#1311=LINE('',#80,#1314);
#1312=LINE('',#78,#1315);
#1313=LINE('',#62,#1316);
#1314=VECTOR('',#1317,1.0);
#1315=VECTOR('',#1318,1.0);
#1316=VECTOR('',#1319,1.0);
#1317=DIRECTION('',(0.6250395511489372,-0.7805930818932071,0));
#1318=DIRECTION('',(0.9905731037659705,0.13698513092833056,0));
#1319=DIRECTION('',(-0.997432583081229,-0.07161174629840587,0));
#1320=FACE_SURFACE('',(#1325),#1321,.T.);
#1321=PLANE('',#1322);
#1322=AXIS2_PLACEMENT_3D('',#88,#1323,#1324);
#1323=DIRECTION('',(0,0,1));
#1324=DIRECTION('',(1,0,0));
#1325=FACE_BOUND('',#1326,.T.);
#1326=EDGE_LOOP('',(#1327,#1328,#1329));
#1327=ORIENTED_EDGE('',*,*,#1330,.T.);
#1328=ORIENTED_EDGE('',*,*,#1331,.T.);
#1329=ORIENTED_EDGE('',*,*,#1332,.T.);
#1330=EDGE_CURVE('',#89,#81,#1333,.F.);
#1331=EDGE_CURVE('',#81,#63,#1334,.T.);
#1332=EDGE_CURVE('',#63,#89,#1335,.T.);
#1333=LINE('',#88,#1336);
#1334=LINE('',#80,#1337);
#1335=LINE('',#62,#1338);
#1336=VECTOR('',#1339,1.0);
#1337=VECTOR('',#1340,1.0);
#1338=VECTOR('',#1341,1.0);
#1339=DIRECTION('',(1,0,0));
#1340=DIRECTION('',(0.997432583081229,0.07161174629840587,0));
#1341=DIRECTION('',(-0.9992386032207417,-0.03901555886388316,0));
#1342=FACE_SURFACE('',(#1347),#1343,.T.);
#1343=PLANE('',#1344);
#1344=AXIS2_PLACEMENT_3D('',#72,#1345,#1346);
#1345=DIRECTION('',(0,0,1));
#1346=DIRECTION('',(-0.3393137631240942,0.940673253661741,0));
#1347=FACE_BOUND('',#1348,.T.);
#1348=EDGE_LOOP('',(#1349,#1350,#1351));
#1349=ORIENTED_EDGE('',*,*,#1352,.T.);
#1350=ORIENTED_EDGE('',*,*,#1353,.T.);
#1351=ORIENTED_EDGE('',*,*,#1354,.T.);
#1352=EDGE_CURVE('',#73,#77,#1355,.F.);
#1353=EDGE_CURVE('',#77,#91,#1356,.T.);
#1354=EDGE_CURVE('',#91,#73,#1357,.T.);
#1355=LINE('',#72,#1358);
#1356=LINE('',#76,#1359);
#1357=LINE('',#90,#1360);
#1358=VECTOR('',#1361,1.0);
#1359=VECTOR('',#1362,1.0);
#1360=VECTOR('',#1363,1.0);
#1361=DIRECTION('',(-0.3393137631240942,0.940673253661741,0));
#1362=DIRECTION('',(0,-1,0));
#1363=DIRECTION('',(1,0,0));
#1364=FACE_SURFACE('',(#1369),#1365,.T.);
#1365=PLANE('',#1366);
#1366=AXIS2_PLACEMENT_3D('',#88,#1367,#1368);
#1367=DIRECTION('',(0,-0,1));
#1368=DIRECTION('',(0.9992386032207417,0.03901555886388316,0));
#1369=FACE_BOUND('',#1370,.T.);
#1370=EDGE_LOOP('',(#1371,#1372,#1373));
#1371=ORIENTED_EDGE('',*,*,#1374,.T.);
#1372=ORIENTED_EDGE('',*,*,#1375,.T.);
#1373=ORIENTED_EDGE('',*,*,#1376,.T.);
#1374=EDGE_CURVE('',#89,#63,#1377,.F.);
#1375=EDGE_CURVE('',#63,#73,#1378,.T.);
#1376=EDGE_CURVE('',#73,#89,#1379,.T.);
#1377=LINE('',#88,#1380);
#1378=LINE('',#62,#1381);
#1379=LINE('',#72,#1382);
#1380=VECTOR('',#1383,1.0);
#1381=VECTOR('',#1384,1.0);
#1382=VECTOR('',#1385,1.0);
#1383=DIRECTION('',(0.9992386032207417,0.03901555886388316,0));
#1384=DIRECTION('',(-0.9941369289456594,0.1081284722286083,0));
#1385=DIRECTION('',(0.690001520723055,-0.7238079174752592,0));
#1386=FACE_SURFACE('',(#1391),#1387,.T.);
#1387=PLANE('',#1388);
#1388=AXIS2_PLACEMENT_3D('',#84,#1389,#1390);
#1389=DIRECTION('',(0,-0,1));
#1390=DIRECTION('',(0.6259897636821018,0.7798312739081618,0));
#1391=FACE_BOUND('',#1392,.T.);
#1392=EDGE_LOOP('',(#1393,#1394,#1395));
#1393=ORIENTED_EDGE('',*,*,#1396,.T.);
#1394=ORIENTED_EDGE('',*,*,#1397,.T.);
#1395=ORIENTED_EDGE('',*,*,#1398,.T.);
#1396=EDGE_CURVE('',#85,#89,#1399,.F.);
#1397=EDGE_CURVE('',#89,#73,#1400,.T.);
#1398=EDGE_CURVE('',#73,#85,#1401,.T.);
#1399=LINE('',#84,#1402);
#1400=LINE('',#88,#1403);
#1401=LINE('',#72,#1404);
#1402=VECTOR('',#1405,1.0);
#1403=VECTOR('',#1406,1.0);
#1404=VECTOR('',#1407,1.0);
#1405=DIRECTION('',(0.6259897636821018,0.7798312739081618,0));
#1406=DIRECTION('',(-0.690001520723055,0.7238079174752592,0));
#1407=DIRECTION('',(0.5530343062883477,-0.8331584819637654,0));
#1408=FACE_SURFACE('',(#1413),#1409,.T.);
#1409=PLANE('',#1410);
#1410=AXIS2_PLACEMENT_3D('',#84,#1411,#1412);
#1411=DIRECTION('',(0,0,1));
#1412=DIRECTION('',(-0.5530343062883477,0.8331584819637654,0));
#1413=FACE_BOUND('',#1414,.T.);
#1414=EDGE_LOOP('',(#1415,#1416,#1417));
#1415=ORIENTED_EDGE('',*,*,#1418,.T.);
#1416=ORIENTED_EDGE('',*,*,#1419,.T.);
#1417=ORIENTED_EDGE('',*,*,#1420,.T.);
#1418=EDGE_CURVE('',#85,#73,#1421,.F.);
#1419=EDGE_CURVE('',#73,#91,#1422,.T.);
#1420=EDGE_CURVE('',#91,#85,#1423,.T.);
#1421=LINE('',#84,#1424);
#1422=LINE('',#72,#1425);
#1423=LINE('',#90,#1426);
#1424=VECTOR('',#1427,1.0);
#1425=VECTOR('',#1428,1.0);
#1426=VECTOR('',#1429,1.0);
#1427=DIRECTION('',(-0.5530343062883477,0.8331584819637654,0));
#1428=DIRECTION('',(-1,0,0));
#1429=DIRECTION('',(0.8315575055508673,-0.555438668947364,0));
#1430=FACE_SURFACE('',(#1435),#1431,.T.);
#1431=PLANE('',#1432);
#1432=AXIS2_PLACEMENT_3D('',#92,#1433,#1434);
#1433=DIRECTION('',(0,-0,1));
#1434=DIRECTION('',(0,1,0));
#1435=FACE_BOUND('',#1436,.T.);
#1436=EDGE_LOOP('',(#1437,#1438,#1439));
#1437=ORIENTED_EDGE('',*,*,#1440,.T.);
#1438=ORIENTED_EDGE('',*,*,#1441,.T.);
#1439=ORIENTED_EDGE('',*,*,#1442,.T.);
#1440=EDGE_CURVE('',#93,#95,#1443,.F.);
#1441=EDGE_CURVE('',#95,#97,#1444,.T.);
#1442=EDGE_CURVE('',#97,#93,#1445,.T.);
#1443=LINE('',#92,#1446);
#1444=LINE('',#94,#1447);
#1445=LINE('',#96,#1448);
#1446=VECTOR('',#1449,1.0);
#1447=VECTOR('',#1450,1.0);
#1448=VECTOR('',#1451,1.0);
#1449=DIRECTION('',(0,1,0));
#1450=DIRECTION('',(-1,0,0));
#1451=DIRECTION('',(0.8016277538294105,-0.5978235059701268,0));
#1452=FACE_SURFACE('',(#1457),#1453,.T.);
#1453=PLANE('',#1454);
#1454=AXIS2_PLACEMENT_3D('',#96,#1455,#1456);
#1455=DIRECTION('',(0,-0,1));
#1456=DIRECTION('',(0,1,0));
#1457=FACE_BOUND('',#1458,.T.);
#1458=EDGE_LOOP('',(#1459,#1460,#1461));
#1459=ORIENTED_EDGE('',*,*,#1462,.T.);
#1460=ORIENTED_EDGE('',*,*,#1463,.T.);
#1461=ORIENTED_EDGE('',*,*,#1464,.T.);
#1462=EDGE_CURVE('',#97,#85,#1465,.F.);
#1463=EDGE_CURVE('',#85,#91,#1466,.T.);
#1464=EDGE_CURVE('',#91,#97,#1467,.T.);
#1465=LINE('',#96,#1468);
#1466=LINE('',#84,#1469);
#1467=LINE('',#90,#1470);
#1468=VECTOR('',#1471,1.0);
#1469=VECTOR('',#1472,1.0);
#1470=VECTOR('',#1473,1.0);
#1471=DIRECTION('',(0,1,0));
#1472=DIRECTION('',(-0.8315575055508673,0.555438668947364,0));
#1473=DIRECTION('',(0.703628340953869,-0.7105681936355622,0));
#1474=FACE_SURFACE('',(#1479),#1475,.T.);
#1475=PLANE('',#1476);
#1476=AXIS2_PLACEMENT_3D('',#98,#1477,#1478);
#1477=DIRECTION('',(0,0,1));
#1478=DIRECTION('',(-1,0,0));
#1479=FACE_BOUND('',#1480,.T.);
#1480=EDGE_LOOP('',(#1481,#1482,#1483));
#1481=ORIENTED_EDGE('',*,*,#1484,.T.);
#1482=ORIENTED_EDGE('',*,*,#1485,.T.);
#1483=ORIENTED_EDGE('',*,*,#1486,.T.);
#1484=EDGE_CURVE('',#99,#101,#1487,.F.);
#1485=EDGE_CURVE('',#101,#103,#1488,.T.);
#1486=EDGE_CURVE('',#103,#99,#1489,.T.);
#1487=LINE('',#98,#1490);
#1488=LINE('',#100,#1491);
#1489=LINE('',#102,#1492);
#1490=VECTOR('',#1493,1.0);
#1491=VECTOR('',#1494,1.0);
#1492=VECTOR('',#1495,1.0);
#1493=DIRECTION('',(-1,0,0));
#1494=DIRECTION('',(0,-1,0));
#1495=DIRECTION('',(0.5495919979915472,0.8354332024426963,0));
#1496=FACE_SURFACE('',(#1501),#1497,.T.);
#1497=PLANE('',#1498);
#1498=AXIS2_PLACEMENT_3D('',#96,#1499,#1500);
#1499=DIRECTION('',(0,0,1));
#1500=DIRECTION('',(-0.703628340953869,0.7105681936355622,0));
#1501=FACE_BOUND('',#1502,.T.);
#1502=EDGE_LOOP('',(#1503,#1504,#1505));
#1503=ORIENTED_EDGE('',*,*,#1506,.T.);
#1504=ORIENTED_EDGE('',*,*,#1507,.T.);
#1505=ORIENTED_EDGE('',*,*,#1508,.T.);
#1506=EDGE_CURVE('',#97,#91,#1509,.F.);
#1507=EDGE_CURVE('',#91,#99,#1510,.T.);
#1508=EDGE_CURVE('',#99,#97,#1511,.T.);
#1509=LINE('',#96,#1512);
#1510=LINE('',#90,#1513);
#1511=LINE('',#98,#1514);
#1512=VECTOR('',#1515,1.0);
#1513=VECTOR('',#1516,1.0);
#1514=VECTOR('',#1517,1.0);
#1515=DIRECTION('',(-0.703628340953869,0.7105681936355622,0));
#1516=DIRECTION('',(-1,0,0));
#1517=DIRECTION('',(0.9294049418603046,-0.36906158570846115,0));
#1518=FACE_SURFACE('',(#1523),#1519,.T.);
#1519=PLANE('',#1520);
#1520=AXIS2_PLACEMENT_3D('',#104,#1521,#1522);
#1521=DIRECTION('',(0,0,1));
#1522=DIRECTION('',(1,0,0));
#1523=FACE_BOUND('',#1524,.T.);
#1524=EDGE_LOOP('',(#1525,#1526,#1527));
#1525=ORIENTED_EDGE('',*,*,#1528,.T.);
#1526=ORIENTED_EDGE('',*,*,#1529,.T.);
#1527=ORIENTED_EDGE('',*,*,#1530,.T.);
#1528=EDGE_CURVE('',#105,#93,#1531,.F.);
#1529=EDGE_CURVE('',#93,#97,#1532,.T.);
#1530=EDGE_CURVE('',#97,#105,#1533,.T.);
#1531=LINE('',#104,#1534);
#1532=LINE('',#92,#1535);
#1533=LINE('',#96,#1536);
#1534=VECTOR('',#1537,1.0);
#1535=VECTOR('',#1538,1.0);
#1536=VECTOR('',#1539,1.0);
#1537=DIRECTION('',(1,0,0));
#1538=DIRECTION('',(-0.8016277538294105,0.5978235059701268,0));
#1539=DIRECTION('',(-0.9998761407910488,-0.015738585603496388,0));
#1540=FACE_SURFACE('',(#1545),#1541,.T.);
#1541=PLANE('',#1542);
#1542=AXIS2_PLACEMENT_3D('',#106,#1543,#1544);
#1543=DIRECTION('',(0,0,1));
#1544=DIRECTION('',(0,-1,0));
#1545=FACE_BOUND('',#1546,.T.);
#1546=EDGE_LOOP('',(#1547,#1548,#1549));
#1547=ORIENTED_EDGE('',*,*,#1550,.T.);
#1548=ORIENTED_EDGE('',*,*,#1551,.T.);
#1549=ORIENTED_EDGE('',*,*,#1552,.T.);
#1550=EDGE_CURVE('',#107,#109,#1553,.F.);
#1551=EDGE_CURVE('',#109,#111,#1554,.T.);
#1552=EDGE_CURVE('',#111,#107,#1555,.T.);
#1553=LINE('',#106,#1556);
#1554=LINE('',#108,#1557);
#1555=LINE('',#110,#1558);
#1556=VECTOR('',#1559,1.0);
#1557=VECTOR('',#1560,1.0);
#1558=VECTOR('',#1561,1.0);
#1559=DIRECTION('',(0,-1,0));
#1560=DIRECTION('',(1,0,0));
#1561=DIRECTION('',(-0.94080451215545,0.33894965689309353,0));
#1562=FACE_SURFACE('',(#1567),#1563,.T.);
#1563=PLANE('',#1564);
#1564=AXIS2_PLACEMENT_3D('',#110,#1565,#1566);
#1565=DIRECTION('',(0,0,1));
#1566=DIRECTION('',(0,-1,0));
#1567=FACE_BOUND('',#1568,.T.);
#1568=EDGE_LOOP('',(#1569,#1570,#1571));
#1569=ORIENTED_EDGE('',*,*,#1572,.T.);
#1570=ORIENTED_EDGE('',*,*,#1573,.T.);
#1571=ORIENTED_EDGE('',*,*,#1574,.T.);
#1572=EDGE_CURVE('',#111,#105,#1575,.F.);
#1573=EDGE_CURVE('',#105,#97,#1576,.T.);
#1574=EDGE_CURVE('',#97,#111,#1577,.T.);
#1575=LINE('',#110,#1578);
#1576=LINE('',#104,#1579);
#1577=LINE('',#96,#1580);
#1578=VECTOR('',#1581,1.0);
#1579=VECTOR('',#1582,1.0);
#1580=VECTOR('',#1583,1.0);
#1581=DIRECTION('',(0,-1,0));
#1582=DIRECTION('',(0.9998761407910488,0.015738585603496388,0));
#1583=DIRECTION('',(-0.9976094234663149,0.06910454551769354,0));
#1584=FACE_SURFACE('',(#1589),#1585,.T.);
#1585=PLANE('',#1586);
#1586=AXIS2_PLACEMENT_3D('',#96,#1587,#1588);
#1587=DIRECTION('',(0,0,1));
#1588=DIRECTION('',(-0.9294049418603046,0.36906158570846115,0));
#1589=FACE_BOUND('',#1590,.T.);
#1590=EDGE_LOOP('',(#1591,#1592,#1593));
#1591=ORIENTED_EDGE('',*,*,#1594,.T.);
#1592=ORIENTED_EDGE('',*,*,#1595,.T.);
#1593=ORIENTED_EDGE('',*,*,#1596,.T.);
#1594=EDGE_CURVE('',#97,#99,#1597,.F.);
#1595=EDGE_CURVE('',#99,#103,#1598,.T.);
#1596=EDGE_CURVE('',#103,#97,#1599,.T.);
#1597=LINE('',#96,#1600);
#1598=LINE('',#98,#1601);
#1599=LINE('',#102,#1602);
#1600=VECTOR('',#1603,1.0);
#1601=VECTOR('',#1604,1.0);
#1602=VECTOR('',#1605,1.0);
#1603=DIRECTION('',(-0.9294049418603046,0.36906158570846115,0));
#1604=DIRECTION('',(-0.5495919979915472,-0.8354332024426963,0));
#1605=DIRECTION('',(0.979260471392363,-0.2026053532570325,0));
#1606=FACE_SURFACE('',(#1611),#1607,.T.);
#1607=PLANE('',#1608);
#1608=AXIS2_PLACEMENT_3D('',#112,#1609,#1610);
#1609=DIRECTION('',(0,0,1));
#1610=DIRECTION('',(0.018993984275960416,-0.999819598008223,0));
#1611=FACE_BOUND('',#1612,.T.);
#1612=EDGE_LOOP('',(#1613,#1614,#1615));
#1613=ORIENTED_EDGE('',*,*,#1616,.T.);
#1614=ORIENTED_EDGE('',*,*,#1617,.T.);
#1615=ORIENTED_EDGE('',*,*,#1618,.T.);
#1616=EDGE_CURVE('',#113,#115,#1619,.F.);
#1617=EDGE_CURVE('',#115,#117,#1620,.T.);
#1618=EDGE_CURVE('',#117,#113,#1621,.T.);
#1619=LINE('',#112,#1622);
#1620=LINE('',#114,#1623);
#1621=LINE('',#116,#1624);
#1622=VECTOR('',#1625,1.0);
#1623=VECTOR('',#1626,1.0);
#1624=VECTOR('',#1627,1.0);
#1625=DIRECTION('',(0.018993984275960416,-0.999819598008223,0));
#1626=DIRECTION('',(1,0,0));
#1627=DIRECTION('',(-0.9899737080909485,0.1412517514534153,0));
#1628=FACE_SURFACE('',(#1633),#1629,.T.);
#1629=PLANE('',#1630);
#1630=AXIS2_PLACEMENT_3D('',#112,#1631,#1632);
#1631=DIRECTION('',(-0,0,1));
#1632=DIRECTION('',(0.9899737080909485,-0.1412517514534153,0));
#1633=FACE_BOUND('',#1634,.T.);
#1634=EDGE_LOOP('',(#1635,#1636,#1637));
#1635=ORIENTED_EDGE('',*,*,#1638,.T.);
#1636=ORIENTED_EDGE('',*,*,#1639,.T.);
#1637=ORIENTED_EDGE('',*,*,#1640,.T.);
#1638=EDGE_CURVE('',#113,#117,#1641,.F.);
#1639=EDGE_CURVE('',#117,#119,#1642,.T.);
#1640=EDGE_CURVE('',#119,#113,#1643,.T.);
#1641=LINE('',#112,#1644);
#1642=LINE('',#116,#1645);
#1643=LINE('',#118,#1646);
#1644=VECTOR('',#1647,1.0);
#1645=VECTOR('',#1648,1.0);
#1646=VECTOR('',#1649,1.0);
#1647=DIRECTION('',(0.9899737080909485,-0.1412517514534153,0));
#1648=DIRECTION('',(0.008680021833626985,0.9999623279008902,0));
#1649=DIRECTION('',(-1,0,0));
#1650=FACE_SURFACE('',(#1655),#1651,.T.);
#1651=PLANE('',#1652);
#1652=AXIS2_PLACEMENT_3D('',#96,#1653,#1654);
#1653=DIRECTION('',(0,0,1));
#1654=DIRECTION('',(-0.979260471392363,0.2026053532570325,0));
#1655=FACE_BOUND('',#1656,.T.);
#1656=EDGE_LOOP('',(#1657,#1658,#1659));
#1657=ORIENTED_EDGE('',*,*,#1660,.T.);
#1658=ORIENTED_EDGE('',*,*,#1661,.T.);
#1659=ORIENTED_EDGE('',*,*,#1662,.T.);
#1660=EDGE_CURVE('',#97,#103,#1663,.F.);
#1661=EDGE_CURVE('',#103,#121,#1664,.T.);
#1662=EDGE_CURVE('',#121,#97,#1665,.T.);
#1663=LINE('',#96,#1666);
#1664=LINE('',#102,#1667);
#1665=LINE('',#120,#1668);
#1666=VECTOR('',#1669,1.0);
#1667=VECTOR('',#1670,1.0);
#1668=VECTOR('',#1671,1.0);
#1669=DIRECTION('',(-0.979260471392363,0.2026053532570325,0));
#1670=DIRECTION('',(-1,0,0));
#1671=DIRECTION('',(0.9942864063578302,-0.10674522065194127,0));
#1672=FACE_SURFACE('',(#1677),#1673,.T.);
#1673=PLANE('',#1674);
#1674=AXIS2_PLACEMENT_3D('',#106,#1675,#1676);
#1675=DIRECTION('',(0,0,1));
#1676=DIRECTION('',(0.94080451215545,-0.33894965689309353,0));
#1677=FACE_BOUND('',#1678,.T.);
#1678=EDGE_LOOP('',(#1679,#1680,#1681));
#1679=ORIENTED_EDGE('',*,*,#1682,.T.);
#1680=ORIENTED_EDGE('',*,*,#1683,.T.);
#1681=ORIENTED_EDGE('',*,*,#1684,.T.);
#1682=EDGE_CURVE('',#107,#111,#1685,.F.);
#1683=EDGE_CURVE('',#111,#97,#1686,.T.);
#1684=EDGE_CURVE('',#97,#107,#1687,.T.);
#1685=LINE('',#106,#1688);
#1686=LINE('',#110,#1689);
#1687=LINE('',#96,#1690);
#1688=VECTOR('',#1691,1.0);
#1689=VECTOR('',#1692,1.0);
#1690=VECTOR('',#1693,1.0);
#1691=DIRECTION('',(0.94080451215545,-0.33894965689309353,0));
#1692=DIRECTION('',(0.9976094234663149,-0.06910454551769354,0));
#1693=DIRECTION('',(-0.9961869103510878,0.08724471127325657,0));
#1694=FACE_SURFACE('',(#1699),#1695,.T.);
#1695=PLANE('',#1696);
#1696=AXIS2_PLACEMENT_3D('',#122,#1697,#1698);
#1697=DIRECTION('',(0,0,1));
#1698=DIRECTION('',(1,0,0));
#1699=FACE_BOUND('',#1700,.T.);
#1700=EDGE_LOOP('',(#1701,#1702,#1703));
#1701=ORIENTED_EDGE('',*,*,#1704,.T.);
#1702=ORIENTED_EDGE('',*,*,#1705,.T.);
#1703=ORIENTED_EDGE('',*,*,#1706,.T.);
#1704=EDGE_CURVE('',#123,#125,#1707,.F.);
#1705=EDGE_CURVE('',#125,#127,#1708,.T.);
#1706=EDGE_CURVE('',#127,#123,#1709,.T.);
#1707=LINE('',#122,#1710);
#1708=LINE('',#124,#1711);
#1709=LINE('',#126,#1712);
#1710=VECTOR('',#1713,1.0);
#1711=VECTOR('',#1714,1.0);
#1712=VECTOR('',#1715,1.0);
#1713=DIRECTION('',(1,0,0));
#1714=DIRECTION('',(0,1,0));
#1715=DIRECTION('',(-0.94080451215545,-0.33894965689309353,0));
#1716=FACE_SURFACE('',(#1721),#1717,.T.);
#1717=PLANE('',#1718);
#1718=AXIS2_PLACEMENT_3D('',#106,#1719,#1720);
#1719=DIRECTION('',(-0,-0,1));
#1720=DIRECTION('',(0.9961869103510878,-0.08724471127325657,0));
#1721=FACE_BOUND('',#1722,.T.);
#1722=EDGE_LOOP('',(#1723,#1724,#1725));
#1723=ORIENTED_EDGE('',*,*,#1726,.T.);
#1724=ORIENTED_EDGE('',*,*,#1727,.T.);
#1725=ORIENTED_EDGE('',*,*,#1728,.T.);
#1726=EDGE_CURVE('',#107,#97,#1729,.F.);
#1727=EDGE_CURVE('',#97,#121,#1730,.T.);
#1728=EDGE_CURVE('',#121,#107,#1731,.T.);
#1729=LINE('',#106,#1732);
#1730=LINE('',#96,#1733);
#1731=LINE('',#120,#1734);
#1732=VECTOR('',#1735,1.0);
#1733=VECTOR('',#1736,1.0);
#1734=VECTOR('',#1737,1.0);
#1735=DIRECTION('',(0.9961869103510878,-0.08724471127325657,0));
#1736=DIRECTION('',(-0.9942864063578302,0.10674522065194127,0));
#1737=DIRECTION('',(0.9808864312222064,-0.19458111173534715,0));
#1738=FACE_SURFACE('',(#1743),#1739,.T.);
#1739=PLANE('',#1740);
#1740=AXIS2_PLACEMENT_3D('',#126,#1741,#1742);
#1741=DIRECTION('',(0,-0,1));
#1742=DIRECTION('',(1,0,0));
#1743=FACE_BOUND('',#1744,.T.);
#1744=EDGE_LOOP('',(#1745,#1746,#1747));
#1745=ORIENTED_EDGE('',*,*,#1748,.T.);
#1746=ORIENTED_EDGE('',*,*,#1749,.T.);
#1747=ORIENTED_EDGE('',*,*,#1750,.T.);
#1748=EDGE_CURVE('',#127,#107,#1751,.F.);
#1749=EDGE_CURVE('',#107,#121,#1752,.T.);
#1750=EDGE_CURVE('',#121,#127,#1753,.T.);
#1751=LINE('',#126,#1754);
#1752=LINE('',#106,#1755);
#1753=LINE('',#120,#1756);
#1754=VECTOR('',#1757,1.0);
#1755=VECTOR('',#1758,1.0);
#1756=VECTOR('',#1759,1.0);
#1757=DIRECTION('',(1,0,0));
#1758=DIRECTION('',(-0.9808864312222064,0.19458111173534715,0));
#1759=DIRECTION('',(0.9532280978310419,-0.3022518709709065,0));
#1760=FACE_SURFACE('',(#1765),#1761,.T.);
#1761=PLANE('',#1762);
#1762=AXIS2_PLACEMENT_3D('',#128,#1763,#1764);
#1763=DIRECTION('',(0,0,1));
#1764=DIRECTION('',(-1,0,0));
#1765=FACE_BOUND('',#1766,.T.);
#1766=EDGE_LOOP('',(#1767,#1768,#1769));
#1767=ORIENTED_EDGE('',*,*,#1770,.T.);
#1768=ORIENTED_EDGE('',*,*,#1771,.T.);
#1769=ORIENTED_EDGE('',*,*,#1772,.T.);
#1770=EDGE_CURVE('',#129,#131,#1773,.F.);
#1771=EDGE_CURVE('',#131,#133,#1774,.T.);
#1772=EDGE_CURVE('',#133,#129,#1775,.T.);
#1773=LINE('',#128,#1776);
#1774=LINE('',#130,#1777);
#1775=LINE('',#132,#1778);
#1776=VECTOR('',#1779,1.0);
#1777=VECTOR('',#1780,1.0);
#1778=VECTOR('',#1781,1.0);
#1779=DIRECTION('',(-1,0,0));
#1780=DIRECTION('',(0.7452368420088294,-0.6667998570131123,0));
#1781=DIRECTION('',(0.9338812804182349,0.3575832128112254,0));
#1782=FACE_SURFACE('',(#1787),#1783,.T.);
#1783=PLANE('',#1784);
#1784=AXIS2_PLACEMENT_3D('',#134,#1785,#1786);
#1785=DIRECTION('',(0,0,1));
#1786=DIRECTION('',(0,-1,0));
#1787=FACE_BOUND('',#1788,.T.);
#1788=EDGE_LOOP('',(#1789,#1790,#1791));
#1789=ORIENTED_EDGE('',*,*,#1792,.T.);
#1790=ORIENTED_EDGE('',*,*,#1793,.T.);
#1791=ORIENTED_EDGE('',*,*,#1794,.T.);
#1792=EDGE_CURVE('',#135,#137,#1795,.F.);
#1793=EDGE_CURVE('',#137,#139,#1796,.T.);
#1794=EDGE_CURVE('',#139,#135,#1797,.T.);
#1795=LINE('',#134,#1798);
#1796=LINE('',#136,#1799);
#1797=LINE('',#138,#1800);
#1798=VECTOR('',#1801,1.0);
#1799=VECTOR('',#1802,1.0);
#1800=VECTOR('',#1803,1.0);
#1801=DIRECTION('',(0,-1,0));
#1802=DIRECTION('',(1,0,0));
#1803=DIRECTION('',(-0.9407579382186925,0.3390789018481021,0));
#1804=FACE_SURFACE('',(#1809),#1805,.T.);
#1805=PLANE('',#1806);
#1806=AXIS2_PLACEMENT_3D('',#128,#1807,#1808);
#1807=DIRECTION('',(0,0,1));
#1808=DIRECTION('',(-0.9338812804182349,-0.3575832128112254,0));
#1809=FACE_BOUND('',#1810,.T.);
#1810=EDGE_LOOP('',(#1811,#1812,#1813));
#1811=ORIENTED_EDGE('',*,*,#1814,.T.);
#1812=ORIENTED_EDGE('',*,*,#1815,.T.);
#1813=ORIENTED_EDGE('',*,*,#1816,.T.);
#1814=EDGE_CURVE('',#129,#133,#1817,.F.);
#1815=EDGE_CURVE('',#133,#135,#1818,.T.);
#1816=EDGE_CURVE('',#135,#129,#1819,.T.);
#1817=LINE('',#128,#1820);
#1818=LINE('',#132,#1821);
#1819=LINE('',#134,#1822);
#1820=VECTOR('',#1823,1.0);
#1821=VECTOR('',#1824,1.0);
#1822=VECTOR('',#1825,1.0);
#1823=DIRECTION('',(-0.9338812804182349,-0.3575832128112254,0));
#1824=DIRECTION('',(1,0,0));
#1825=DIRECTION('',(0.9324814616239696,0.36121783417714187,0));
#1826=FACE_SURFACE('',(#1831),#1827,.T.);
#1827=PLANE('',#1828);
#1828=AXIS2_PLACEMENT_3D('',#122,#1829,#1830);
#1829=DIRECTION('',(0,-0,1));
#1830=DIRECTION('',(0.94080451215545,0.33894965689309353,0));
#1831=FACE_BOUND('',#1832,.T.);
#1832=EDGE_LOOP('',(#1833,#1834,#1835));
#1833=ORIENTED_EDGE('',*,*,#1836,.T.);
#1834=ORIENTED_EDGE('',*,*,#1837,.T.);
#1835=ORIENTED_EDGE('',*,*,#1838,.T.);
#1836=EDGE_CURVE('',#123,#127,#1839,.F.);
#1837=EDGE_CURVE('',#127,#121,#1840,.T.);
#1838=EDGE_CURVE('',#121,#123,#1841,.T.);
#1839=LINE('',#122,#1842);
#1840=LINE('',#126,#1843);
#1841=LINE('',#120,#1844);
#1842=VECTOR('',#1845,1.0);
#1843=VECTOR('',#1846,1.0);
#1844=VECTOR('',#1847,1.0);
#1845=DIRECTION('',(0.94080451215545,0.33894965689309353,0));
#1846=DIRECTION('',(-0.9532280978310419,0.3022518709709065,0));
#1847=DIRECTION('',(0.7431253796892299,-0.6691522024634888,0));
#1848=FACE_SURFACE('',(#1853),#1849,.T.);
#1849=PLANE('',#1850);
#1850=AXIS2_PLACEMENT_3D('',#140,#1851,#1852);
#1851=DIRECTION('',(0,-0,1));
#1852=DIRECTION('',(0,1,0));
#1853=FACE_BOUND('',#1854,.T.);
#1854=EDGE_LOOP('',(#1855,#1856,#1857));
#1855=ORIENTED_EDGE('',*,*,#1858,.T.);
#1856=ORIENTED_EDGE('',*,*,#1859,.T.);
#1857=ORIENTED_EDGE('',*,*,#1860,.T.);
#1858=EDGE_CURVE('',#141,#143,#1861,.F.);
#1859=EDGE_CURVE('',#143,#145,#1862,.T.);
#1860=EDGE_CURVE('',#145,#141,#1863,.T.);
#1861=LINE('',#140,#1864);
#1862=LINE('',#142,#1865);
#1863=LINE('',#144,#1866);
#1864=VECTOR('',#1867,1.0);
#1865=VECTOR('',#1868,1.0);
#1866=VECTOR('',#1869,1.0);
#1867=DIRECTION('',(0,1,0));
#1868=DIRECTION('',(-1,0,0));
#1869=DIRECTION('',(0.933517540285666,-0.35853173078404105,0));
#1870=FACE_SURFACE('',(#1875),#1871,.T.);
#1871=PLANE('',#1872);
#1872=AXIS2_PLACEMENT_3D('',#144,#1873,#1874);
#1873=DIRECTION('',(0,-0,1));
#1874=DIRECTION('',(0,1,0));
#1875=FACE_BOUND('',#1876,.T.);
#1876=EDGE_LOOP('',(#1877,#1878,#1879));
#1877=ORIENTED_EDGE('',*,*,#1880,.T.);
#1878=ORIENTED_EDGE('',*,*,#1881,.T.);
#1879=ORIENTED_EDGE('',*,*,#1882,.T.);
#1880=EDGE_CURVE('',#145,#123,#1883,.F.);
#1881=EDGE_CURVE('',#123,#121,#1884,.T.);
#1882=EDGE_CURVE('',#121,#145,#1885,.T.);
#1883=LINE('',#144,#1886);
#1884=LINE('',#122,#1887);
#1885=LINE('',#120,#1888);
#1886=VECTOR('',#1889,1.0);
#1887=VECTOR('',#1890,1.0);
#1888=VECTOR('',#1891,1.0);
#1889=DIRECTION('',(0,1,0));
#1890=DIRECTION('',(-0.7431253796892299,0.6691522024634888,0));
#1891=DIRECTION('',(0.19413499782651422,-0.9809748226223237,0));
#1892=FACE_SURFACE('',(#1897),#1893,.T.);
#1893=PLANE('',#1894);
#1894=AXIS2_PLACEMENT_3D('',#128,#1895,#1896);
#1895=DIRECTION('',(0,0,1));
#1896=DIRECTION('',(-0.9324814616239696,-0.36121783417714187,0));
#1897=FACE_BOUND('',#1898,.T.);
#1898=EDGE_LOOP('',(#1899,#1900,#1901));
#1899=ORIENTED_EDGE('',*,*,#1902,.T.);
#1900=ORIENTED_EDGE('',*,*,#1903,.T.);
#1901=ORIENTED_EDGE('',*,*,#1904,.T.);
#1902=EDGE_CURVE('',#129,#135,#1905,.F.);
#1903=EDGE_CURVE('',#135,#139,#1906,.T.);
#1904=EDGE_CURVE('',#139,#129,#1907,.T.);
#1905=LINE('',#128,#1908);
#1906=LINE('',#134,#1909);
#1907=LINE('',#138,#1910);
#1908=VECTOR('',#1911,1.0);
#1909=VECTOR('',#1912,1.0);
#1910=VECTOR('',#1913,1.0);
#1911=DIRECTION('',(-0.9324814616239696,-0.36121783417714187,0));
#1912=DIRECTION('',(0.9407579382186925,-0.3390789018481021,0));
#1913=DIRECTION('',(0.5927037706894763,0.8054205362482861,0));
#1914=FACE_SURFACE('',(#1919),#1915,.T.);
#1915=PLANE('',#1916);
#1916=AXIS2_PLACEMENT_3D('',#146,#1917,#1918);
#1917=DIRECTION('',(0,0,1));
#1918=DIRECTION('',(-1,0,0));
#1919=FACE_BOUND('',#1920,.T.);
#1920=EDGE_LOOP('',(#1921,#1922,#1923));
#1921=ORIENTED_EDGE('',*,*,#1924,.T.);
#1922=ORIENTED_EDGE('',*,*,#1925,.T.);
#1923=ORIENTED_EDGE('',*,*,#1926,.T.);
#1924=EDGE_CURVE('',#147,#149,#1927,.F.);
#1925=EDGE_CURVE('',#149,#151,#1928,.T.);
#1926=EDGE_CURVE('',#151,#147,#1929,.T.);
#1927=LINE('',#146,#1930);
#1928=LINE('',#148,#1931);
#1929=LINE('',#150,#1932);
#1930=VECTOR('',#1933,1.0);
#1931=VECTOR('',#1934,1.0);
#1932=VECTOR('',#1935,1.0);
#1933=DIRECTION('',(-1,0,0));
#1934=DIRECTION('',(0,-1,0));
#1935=DIRECTION('',(0.9334658335638897,0.35866633180279506,0));
#1936=FACE_SURFACE('',(#1941),#1937,.T.);
#1937=PLANE('',#1938);
#1938=AXIS2_PLACEMENT_3D('',#128,#1939,#1940);
#1939=DIRECTION('',(0,0,1));
#1940=DIRECTION('',(-0.5927037706894763,-0.8054205362482861,0));
#1941=FACE_BOUND('',#1942,.T.);
#1942=EDGE_LOOP('',(#1943,#1944,#1945));
#1943=ORIENTED_EDGE('',*,*,#1946,.T.);
#1944=ORIENTED_EDGE('',*,*,#1947,.T.);
#1945=ORIENTED_EDGE('',*,*,#1948,.T.);
#1946=EDGE_CURVE('',#129,#139,#1949,.F.);
#1947=EDGE_CURVE('',#139,#147,#1950,.T.);
#1948=EDGE_CURVE('',#147,#129,#1951,.T.);
#1949=LINE('',#128,#1952);
#1950=LINE('',#138,#1953);
#1951=LINE('',#146,#1954);
#1952=VECTOR('',#1955,1.0);
#1953=VECTOR('',#1956,1.0);
#1954=VECTOR('',#1957,1.0);
#1955=DIRECTION('',(-0.5927037706894763,-0.8054205362482861,0));
#1956=DIRECTION('',(0,-1,0));
#1957=DIRECTION('',(0.130023332050924,0.9915109344441821,0));
#1958=FACE_SURFACE('',(#1963),#1959,.T.);
#1959=PLANE('',#1960);
#1960=AXIS2_PLACEMENT_3D('',#144,#1961,#1962);
#1961=DIRECTION('',(0,0,1));
#1962=DIRECTION('',(-0.19413499782651422,0.9809748226223237,0));
#1963=FACE_BOUND('',#1964,.T.);
#1964=EDGE_LOOP('',(#1965,#1966,#1967));
#1965=ORIENTED_EDGE('',*,*,#1968,.T.);
#1966=ORIENTED_EDGE('',*,*,#1969,.T.);
#1967=ORIENTED_EDGE('',*,*,#1970,.T.);
#1968=EDGE_CURVE('',#145,#121,#1971,.F.);
#1969=EDGE_CURVE('',#121,#153,#1972,.T.);
#1970=EDGE_CURVE('',#153,#145,#1973,.T.);
#1971=LINE('',#144,#1974);
#1972=LINE('',#120,#1975);
#1973=LINE('',#152,#1976);
#1974=VECTOR('',#1977,1.0);
#1975=VECTOR('',#1978,1.0);
#1976=VECTOR('',#1979,1.0);
#1977=DIRECTION('',(-0.19413499782651422,0.9809748226223237,0));
#1978=DIRECTION('',(0,-1,0));
#1979=DIRECTION('',(0.8338524541311293,0.5519873954534588,0));
#1980=FACE_SURFACE('',(#1985),#1981,.T.);
#1981=PLANE('',#1982);
#1982=AXIS2_PLACEMENT_3D('',#140,#1983,#1984);
#1983=DIRECTION('',(0,0,1));
#1984=DIRECTION('',(-0.933517540285666,0.35853173078404105,0));
#1985=FACE_BOUND('',#1986,.T.);
#1986=EDGE_LOOP('',(#1987,#1988,#1989));
#1987=ORIENTED_EDGE('',*,*,#1990,.T.);
#1988=ORIENTED_EDGE('',*,*,#1991,.T.);
#1989=ORIENTED_EDGE('',*,*,#1992,.T.);
#1990=EDGE_CURVE('',#141,#145,#1993,.F.);
#1991=EDGE_CURVE('',#145,#153,#1994,.T.);
#1992=EDGE_CURVE('',#153,#141,#1995,.T.);
#1993=LINE('',#140,#1996);
#1994=LINE('',#144,#1997);
#1995=LINE('',#152,#1998);
#1996=VECTOR('',#1999,1.0);
#1997=VECTOR('',#2000,1.0);
#1998=VECTOR('',#2001,1.0);
#1999=DIRECTION('',(-0.933517540285666,0.35853173078404105,0));
#2000=DIRECTION('',(-0.8338524541311293,-0.5519873954534588,0));
#2001=DIRECTION('',(0.9845344010606877,0.1751913614539058,0));
#2002=FACE_SURFACE('',(#2007),#2003,.T.);
#2003=PLANE('',#2004);
#2004=AXIS2_PLACEMENT_3D('',#140,#2005,#2006);
#2005=DIRECTION('',(0,0,1));
#2006=DIRECTION('',(-0.9845344010606877,-0.1751913614539058,0));
#2007=FACE_BOUND('',#2008,.T.);
#2008=EDGE_LOOP('',(#2009,#2010,#2011));
#2009=ORIENTED_EDGE('',*,*,#2012,.T.);
#2010=ORIENTED_EDGE('',*,*,#2013,.T.);
#2011=ORIENTED_EDGE('',*,*,#2014,.T.);
#2012=EDGE_CURVE('',#141,#153,#2015,.F.);
#2013=EDGE_CURVE('',#153,#113,#2016,.T.);
#2014=EDGE_CURVE('',#113,#141,#2017,.T.);
#2015=LINE('',#140,#2018);
#2016=LINE('',#152,#2019);
#2017=LINE('',#112,#2020);
#2018=VECTOR('',#2021,1.0);
#2019=VECTOR('',#2022,1.0);
#2020=VECTOR('',#2023,1.0);
#2021=DIRECTION('',(-0.9845344010606877,-0.1751913614539058,0));
#2022=DIRECTION('',(1,0,0));
#2023=DIRECTION('',(-0.9985558349554108,0.05372377943241178,0));
#2024=FACE_SURFACE('',(#2029),#2025,.T.);
#2025=PLANE('',#2026);
#2026=AXIS2_PLACEMENT_3D('',#154,#2027,#2028);
#2027=DIRECTION('',(0,0,1));
#2028=DIRECTION('',(-1,0,0));
#2029=FACE_BOUND('',#2030,.T.);
#2030=EDGE_LOOP('',(#2031,#2032,#2033));
#2031=ORIENTED_EDGE('',*,*,#2034,.T.);
#2032=ORIENTED_EDGE('',*,*,#2035,.T.);
#2033=ORIENTED_EDGE('',*,*,#2036,.T.);
#2034=EDGE_CURVE('',#155,#157,#2037,.F.);
#2035=EDGE_CURVE('',#157,#159,#2038,.T.);
#2036=EDGE_CURVE('',#159,#155,#2039,.T.);
#2037=LINE('',#154,#2040);
#2038=LINE('',#156,#2041);
#2039=LINE('',#158,#2042);
#2040=VECTOR('',#2043,1.0);
#2041=VECTOR('',#2044,1.0);
#2042=VECTOR('',#2045,1.0);
#2043=DIRECTION('',(-1,0,0));
#2044=DIRECTION('',(0,-1,0));
#2045=DIRECTION('',(0.933517540285666,0.35853173078404105,0));
#2046=FACE_SURFACE('',(#2051),#2047,.T.);
#2047=PLANE('',#2048);
#2048=AXIS2_PLACEMENT_3D('',#158,#2049,#2050);
#2049=DIRECTION('',(0,0,1));
#2050=DIRECTION('',(-1,0,0));
#2051=FACE_BOUND('',#2052,.T.);
#2052=EDGE_LOOP('',(#2053,#2054,#2055));
#2053=ORIENTED_EDGE('',*,*,#2056,.T.);
#2054=ORIENTED_EDGE('',*,*,#2057,.T.);
#2055=ORIENTED_EDGE('',*,*,#2058,.T.);
#2056=EDGE_CURVE('',#159,#141,#2059,.F.);
#2057=EDGE_CURVE('',#141,#113,#2060,.T.);
#2058=EDGE_CURVE('',#113,#159,#2061,.T.);
#2059=LINE('',#158,#2062);
#2060=LINE('',#140,#2063);
#2061=LINE('',#112,#2064);
#2062=VECTOR('',#2065,1.0);
#2063=VECTOR('',#2066,1.0);
#2064=VECTOR('',#2067,1.0);
#2065=DIRECTION('',(-1,0,0));
#2066=DIRECTION('',(0.9985558349554108,-0.05372377943241178,0));
#2067=DIRECTION('',(-0.997849613904802,0.0655450076667742,0));
#2068=FACE_SURFACE('',(#2073),#2069,.T.);
#2069=PLANE('',#2070);
#2070=AXIS2_PLACEMENT_3D('',#158,#2071,#2072);
#2071=DIRECTION('',(0,0,1));
#2072=DIRECTION('',(0.997849613904802,-0.0655450076667742,0));
#2073=FACE_BOUND('',#2074,.T.);
#2074=EDGE_LOOP('',(#2075,#2076,#2077));
#2075=ORIENTED_EDGE('',*,*,#2078,.T.);
#2076=ORIENTED_EDGE('',*,*,#2079,.T.);
#2077=ORIENTED_EDGE('',*,*,#2080,.T.);
#2078=EDGE_CURVE('',#159,#113,#2081,.F.);
#2079=EDGE_CURVE('',#113,#119,#2082,.T.);
#2080=EDGE_CURVE('',#119,#159,#2083,.T.);
#2081=LINE('',#158,#2084);
#2082=LINE('',#112,#2085);
#2083=LINE('',#118,#2086);
#2084=VECTOR('',#2087,1.0);
#2085=VECTOR('',#2088,1.0);
#2086=VECTOR('',#2089,1.0);
#2087=DIRECTION('',(0.997849613904802,-0.0655450076667742,0));
#2088=DIRECTION('',(1,0,0));
#2089=DIRECTION('',(-0.9999072866188831,0.01361683393681133,0));
#2090=FACE_SURFACE('',(#2095),#2091,.T.);
#2091=PLANE('',#2092);
#2092=AXIS2_PLACEMENT_3D('',#160,#2093,#2094);
#2093=DIRECTION('',(0,0,1));
#2094=DIRECTION('',(-1,0,0));
#2095=FACE_BOUND('',#2096,.T.);
#2096=EDGE_LOOP('',(#2097,#2098,#2099));
#2097=ORIENTED_EDGE('',*,*,#2100,.T.);
#2098=ORIENTED_EDGE('',*,*,#2101,.T.);
#2099=ORIENTED_EDGE('',*,*,#2102,.T.);
#2100=EDGE_CURVE('',#161,#163,#2103,.F.);
#2101=EDGE_CURVE('',#163,#155,#2104,.T.);
#2102=EDGE_CURVE('',#155,#161,#2105,.T.);
#2103=LINE('',#160,#2106);
#2104=LINE('',#162,#2107);
#2105=LINE('',#154,#2108);
#2106=VECTOR('',#2109,1.0);
#2107=VECTOR('',#2110,1.0);
#2108=VECTOR('',#2111,1.0);
#2109=DIRECTION('',(-1,0,0));
#2110=DIRECTION('',(0,-1,0));
#2111=DIRECTION('',(0.9934279237342775,0.11445942663233381,0));
#2112=FACE_SURFACE('',(#2117),#2113,.T.);
#2113=PLANE('',#2114);
#2114=AXIS2_PLACEMENT_3D('',#154,#2115,#2116);
#2115=DIRECTION('',(0,0,1));
#2116=DIRECTION('',(-0.933517540285666,-0.35853173078404105,0));
#2117=FACE_BOUND('',#2118,.T.);
#2118=EDGE_LOOP('',(#2119,#2120,#2121));
#2119=ORIENTED_EDGE('',*,*,#2122,.T.);
#2120=ORIENTED_EDGE('',*,*,#2123,.T.);
#2121=ORIENTED_EDGE('',*,*,#2124,.T.);
#2122=EDGE_CURVE('',#155,#159,#2125,.F.);
#2123=EDGE_CURVE('',#159,#119,#2126,.T.);
#2124=EDGE_CURVE('',#119,#155,#2127,.T.);
#2125=LINE('',#154,#2128);
#2126=LINE('',#158,#2129);
#2127=LINE('',#118,#2130);
#2128=VECTOR('',#2131,1.0);
#2129=VECTOR('',#2132,1.0);
#2130=VECTOR('',#2133,1.0);
#2131=DIRECTION('',(-0.933517540285666,-0.35853173078404105,0));
#2132=DIRECTION('',(0.9999072866188831,-0.01361683393681133,0));
#2133=DIRECTION('',(-0.999602105390766,0.02820692997027355,0));
#2134=FACE_SURFACE('',(#2139),#2135,.T.);
#2135=PLANE('',#2136);
#2136=AXIS2_PLACEMENT_3D('',#164,#2137,#2138);
#2137=DIRECTION('',(0,-0,1));
#2138=DIRECTION('',(0,1,0));
#2139=FACE_BOUND('',#2140,.T.);
#2140=EDGE_LOOP('',(#2141,#2142,#2143));
#2141=ORIENTED_EDGE('',*,*,#2144,.T.);
#2142=ORIENTED_EDGE('',*,*,#2145,.T.);
#2143=ORIENTED_EDGE('',*,*,#2146,.T.);
#2144=EDGE_CURVE('',#165,#129,#2147,.F.);
#2145=EDGE_CURVE('',#129,#147,#2148,.T.);
#2146=EDGE_CURVE('',#147,#165,#2149,.T.);
#2147=LINE('',#164,#2150);
#2148=LINE('',#128,#2151);
#2149=LINE('',#146,#2152);
#2150=VECTOR('',#2153,1.0);
#2151=VECTOR('',#2154,1.0);
#2152=VECTOR('',#2155,1.0);
#2153=DIRECTION('',(0,1,0));
#2154=DIRECTION('',(-0.130023332050924,-0.9915109344441821,0));
#2155=DIRECTION('',(0.7074631470335652,-0.706750235648609,0));
#2156=FACE_SURFACE('',(#2161),#2157,.T.);
#2157=PLANE('',#2158);
#2158=AXIS2_PLACEMENT_3D('',#164,#2159,#2160);
#2159=DIRECTION('',(0,0,1));
#2160=DIRECTION('',(-0.7074631470335652,0.706750235648609,0));
#2161=FACE_BOUND('',#2162,.T.);
#2162=EDGE_LOOP('',(#2163,#2164,#2165));
#2163=ORIENTED_EDGE('',*,*,#2166,.T.);
#2164=ORIENTED_EDGE('',*,*,#2167,.T.);
#2165=ORIENTED_EDGE('',*,*,#2168,.T.);
#2166=EDGE_CURVE('',#165,#147,#2169,.F.);
#2167=EDGE_CURVE('',#147,#151,#2170,.T.);
#2168=EDGE_CURVE('',#151,#165,#2171,.T.);
#2169=LINE('',#164,#2172);
#2170=LINE('',#146,#2173);
#2171=LINE('',#150,#2174);
#2172=VECTOR('',#2175,1.0);
#2173=VECTOR('',#2176,1.0);
#2174=VECTOR('',#2177,1.0);
#2175=DIRECTION('',(-0.7074631470335652,0.706750235648609,0));
#2176=DIRECTION('',(-0.9334658335638897,-0.35866633180279506,0));
#2177=DIRECTION('',(0.977176725488005,-0.21242798112428618,0));
#2178=FACE_SURFACE('',(#2183),#2179,.T.);
#2179=PLANE('',#2180);
#2180=AXIS2_PLACEMENT_3D('',#154,#2181,#2182);
#2181=DIRECTION('',(0,0,1));
#2182=DIRECTION('',(0.999602105390766,-0.02820692997027355,0));
#2183=FACE_BOUND('',#2184,.T.);
#2184=EDGE_LOOP('',(#2185,#2186,#2187));
#2185=ORIENTED_EDGE('',*,*,#2188,.T.);
#2186=ORIENTED_EDGE('',*,*,#2189,.T.);
#2187=ORIENTED_EDGE('',*,*,#2190,.T.);
#2188=EDGE_CURVE('',#155,#119,#2191,.F.);
#2189=EDGE_CURVE('',#119,#165,#2192,.T.);
#2190=EDGE_CURVE('',#165,#155,#2193,.T.);
#2191=LINE('',#154,#2194);
#2192=LINE('',#118,#2195);
#2193=LINE('',#164,#2196);
#2194=VECTOR('',#2197,1.0);
#2195=VECTOR('',#2198,1.0);
#2196=VECTOR('',#2199,1.0);
#2197=DIRECTION('',(0.999602105390766,-0.02820692997027355,0));
#2198=DIRECTION('',(1,0,0));
#2199=DIRECTION('',(-0.9998151342563812,0.019227514449204487,0));
#2200=FACE_SURFACE('',(#2205),#2201,.T.);
#2201=PLANE('',#2202);
#2202=AXIS2_PLACEMENT_3D('',#166,#2203,#2204);
#2203=DIRECTION('',(0,0,1));
#2204=DIRECTION('',(1,0,0));
#2205=FACE_BOUND('',#2206,.T.);
#2206=EDGE_LOOP('',(#2207,#2208,#2209));
#2207=ORIENTED_EDGE('',*,*,#2210,.T.);
#2208=ORIENTED_EDGE('',*,*,#2211,.T.);
#2209=ORIENTED_EDGE('',*,*,#2212,.T.);
#2210=EDGE_CURVE('',#167,#169,#2213,.F.);
#2211=EDGE_CURVE('',#169,#161,#2214,.T.);
#2212=EDGE_CURVE('',#161,#167,#2215,.T.);
#2213=LINE('',#166,#2216);
#2214=LINE('',#168,#2217);
#2215=LINE('',#160,#2218);
#2216=VECTOR('',#2219,1.0);
#2217=VECTOR('',#2220,1.0);
#2218=VECTOR('',#2221,1.0);
#2219=DIRECTION('',(1,0,0));
#2220=DIRECTION('',(0,1,0));
#2221=DIRECTION('',(-0.8003306086926035,-0.5995589352096479,0));
#2222=FACE_SURFACE('',(#2227),#2223,.T.);
#2223=PLANE('',#2224);
#2224=AXIS2_PLACEMENT_3D('',#170,#2225,#2226);
#2225=DIRECTION('',(0,-0,1));
#2226=DIRECTION('',(0,1,0));
#2227=FACE_BOUND('',#2228,.T.);
#2228=EDGE_LOOP('',(#2229,#2230,#2231));
#2229=ORIENTED_EDGE('',*,*,#2232,.T.);
#2230=ORIENTED_EDGE('',*,*,#2233,.T.);
#2231=ORIENTED_EDGE('',*,*,#2234,.T.);
#2232=EDGE_CURVE('',#171,#173,#2235,.F.);
#2233=EDGE_CURVE('',#173,#175,#2236,.T.);
#2234=EDGE_CURVE('',#175,#171,#2237,.T.);
#2235=LINE('',#170,#2238);
#2236=LINE('',#172,#2239);
#2237=LINE('',#174,#2240);
#2238=VECTOR('',#2241,1.0);
#2239=VECTOR('',#2242,1.0);
#2240=VECTOR('',#2243,1.0);
#2241=DIRECTION('',(0,1,0));
#2242=DIRECTION('',(-1,0,0));
#2243=DIRECTION('',(0.6254755057454849,-0.7802438027388812,0));
#2244=FACE_SURFACE('',(#2249),#2245,.T.);
#2245=PLANE('',#2246);
#2246=AXIS2_PLACEMENT_3D('',#166,#2247,#2248);
#2247=DIRECTION('',(0,-0,1));
#2248=DIRECTION('',(0.8003306086926035,0.5995589352096479,0));
#2249=FACE_BOUND('',#2250,.T.);
#2250=EDGE_LOOP('',(#2251,#2252,#2253));
#2251=ORIENTED_EDGE('',*,*,#2254,.T.);
#2252=ORIENTED_EDGE('',*,*,#2255,.T.);
#2253=ORIENTED_EDGE('',*,*,#2256,.T.);
#2254=EDGE_CURVE('',#167,#161,#2257,.F.);
#2255=EDGE_CURVE('',#161,#155,#2258,.T.);
#2256=EDGE_CURVE('',#155,#167,#2259,.T.);
#2257=LINE('',#166,#2260);
#2258=LINE('',#160,#2261);
#2259=LINE('',#154,#2262);
#2260=VECTOR('',#2263,1.0);
#2261=VECTOR('',#2264,1.0);
#2262=VECTOR('',#2265,1.0);
#2263=DIRECTION('',(0.8003306086926035,0.5995589352096479,0));
#2264=DIRECTION('',(-0.9934279237342775,-0.11445942663233381,0));
#2265=DIRECTION('',(0.9948546335569912,0.101312674874296,0));
#2266=FACE_SURFACE('',(#2271),#2267,.T.);
#2267=PLANE('',#2268);
#2268=AXIS2_PLACEMENT_3D('',#174,#2269,#2270);
#2269=DIRECTION('',(0,-0,1));
#2270=DIRECTION('',(0,1,0));
#2271=FACE_BOUND('',#2272,.T.);
#2272=EDGE_LOOP('',(#2273,#2274,#2275));
#2273=ORIENTED_EDGE('',*,*,#2276,.T.);
#2274=ORIENTED_EDGE('',*,*,#2277,.T.);
#2275=ORIENTED_EDGE('',*,*,#2278,.T.);
#2276=EDGE_CURVE('',#175,#167,#2279,.F.);
#2277=EDGE_CURVE('',#167,#155,#2280,.T.);
#2278=EDGE_CURVE('',#155,#175,#2281,.T.);
#2279=LINE('',#174,#2282);
#2280=LINE('',#166,#2283);
#2281=LINE('',#154,#2284);
#2282=VECTOR('',#2285,1.0);
#2283=VECTOR('',#2286,1.0);
#2284=VECTOR('',#2287,1.0);
#2285=DIRECTION('',(0,1,0));
#2286=DIRECTION('',(-0.9948546335569912,-0.101312674874296,0));
#2287=DIRECTION('',(0.9997945684375753,0.020268717836175287,0));
#2288=FACE_SURFACE('',(#2293),#2289,.T.);
#2289=PLANE('',#2290);
#2290=AXIS2_PLACEMENT_3D('',#164,#2291,#2292);
#2291=DIRECTION('',(0,0,1));
#2292=DIRECTION('',(-0.977176725488005,0.21242798112428618,0));
#2293=FACE_BOUND('',#2294,.T.);
#2294=EDGE_LOOP('',(#2295,#2296,#2297));
#2295=ORIENTED_EDGE('',*,*,#2298,.T.);
#2296=ORIENTED_EDGE('',*,*,#2299,.T.);
#2297=ORIENTED_EDGE('',*,*,#2300,.T.);
#2298=EDGE_CURVE('',#165,#151,#2301,.F.);
#2299=EDGE_CURVE('',#151,#177,#2302,.T.);
#2300=EDGE_CURVE('',#177,#165,#2303,.T.);
#2301=LINE('',#164,#2304);
#2302=LINE('',#150,#2305);
#2303=LINE('',#176,#2306);
#2304=VECTOR('',#2307,1.0);
#2305=VECTOR('',#2308,1.0);
#2306=VECTOR('',#2309,1.0);
#2307=DIRECTION('',(-0.977176725488005,0.21242798112428618,0));
#2308=DIRECTION('',(-1,0,0));
#2309=DIRECTION('',(0.9922083582913672,-0.12458962130430405,0));
#2310=FACE_SURFACE('',(#2315),#2311,.T.);
#2311=PLANE('',#2312);
#2312=AXIS2_PLACEMENT_3D('',#176,#2313,#2314);
#2313=DIRECTION('',(0,-0,1));
#2314=DIRECTION('',(0,1,0));
#2315=FACE_BOUND('',#2316,.T.);
#2316=EDGE_LOOP('',(#2317,#2318,#2319));
#2317=ORIENTED_EDGE('',*,*,#2320,.T.);
#2318=ORIENTED_EDGE('',*,*,#2321,.T.);
#2319=ORIENTED_EDGE('',*,*,#2322,.T.);
#2320=EDGE_CURVE('',#177,#179,#2323,.F.);
#2321=EDGE_CURVE('',#179,#181,#2324,.T.);
#2322=EDGE_CURVE('',#181,#177,#2325,.T.);
#2323=LINE('',#176,#2326);
#2324=LINE('',#178,#2327);
#2325=LINE('',#180,#2328);
#2326=VECTOR('',#2329,1.0);
#2327=VECTOR('',#2330,1.0);
#2328=VECTOR('',#2331,1.0);
#2329=DIRECTION('',(0,1,0));
#2330=DIRECTION('',(-1,0,0));
#2331=DIRECTION('',(0.9334658335638897,-0.35866633180279506,0));
#2332=FACE_SURFACE('',(#2337),#2333,.T.);
#2333=PLANE('',#2334);
#2334=AXIS2_PLACEMENT_3D('',#180,#2335,#2336);
#2335=DIRECTION('',(0,-0,1));
#2336=DIRECTION('',(0,1,0));
#2337=FACE_BOUND('',#2338,.T.);
#2338=EDGE_LOOP('',(#2339,#2340,#2341));
#2339=ORIENTED_EDGE('',*,*,#2342,.T.);
#2340=ORIENTED_EDGE('',*,*,#2343,.T.);
#2341=ORIENTED_EDGE('',*,*,#2344,.T.);
#2342=EDGE_CURVE('',#181,#183,#2345,.F.);
#2343=EDGE_CURVE('',#183,#185,#2346,.T.);
#2344=EDGE_CURVE('',#185,#181,#2347,.T.);
#2345=LINE('',#180,#2348);
#2346=LINE('',#182,#2349);
#2347=LINE('',#184,#2350);
#2348=VECTOR('',#2351,1.0);
#2349=VECTOR('',#2352,1.0);
#2350=VECTOR('',#2353,1.0);
#2351=DIRECTION('',(0,1,0));
#2352=DIRECTION('',(-1,0,0));
#2353=DIRECTION('',(0.9934280580896259,-0.11445826051567963,0));
#2354=FACE_SURFACE('',(#2359),#2355,.T.);
#2355=PLANE('',#2356);
#2356=AXIS2_PLACEMENT_3D('',#184,#2357,#2358);
#2357=DIRECTION('',(0,0,1));
#2358=DIRECTION('',(0,-1,0));
#2359=FACE_BOUND('',#2360,.T.);
#2360=EDGE_LOOP('',(#2361,#2362,#2363));
#2361=ORIENTED_EDGE('',*,*,#2364,.T.);
#2362=ORIENTED_EDGE('',*,*,#2365,.T.);
#2363=ORIENTED_EDGE('',*,*,#2366,.T.);
#2364=EDGE_CURVE('',#185,#187,#2367,.F.);
#2365=EDGE_CURVE('',#187,#189,#2368,.T.);
#2366=EDGE_CURVE('',#189,#185,#2369,.T.);
#2367=LINE('',#184,#2370);
#2368=LINE('',#186,#2371);
#2369=LINE('',#188,#2372);
#2370=VECTOR('',#2373,1.0);
#2371=VECTOR('',#2374,1.0);
#2372=VECTOR('',#2375,1.0);
#2373=DIRECTION('',(0,-1,0));
#2374=DIRECTION('',(1,0,0));
#2375=DIRECTION('',(-0.7996118389677553,0.600517199572672,0));
#2376=FACE_SURFACE('',(#2381),#2377,.T.);
#2377=PLANE('',#2378);
#2378=AXIS2_PLACEMENT_3D('',#190,#2379,#2380);
#2379=DIRECTION('',(0,0,1));
#2380=DIRECTION('',(-1,0,0));
#2381=FACE_BOUND('',#2382,.T.);
#2382=EDGE_LOOP('',(#2383,#2384,#2385));
#2383=ORIENTED_EDGE('',*,*,#2386,.T.);
#2384=ORIENTED_EDGE('',*,*,#2387,.T.);
#2385=ORIENTED_EDGE('',*,*,#2388,.T.);
#2386=EDGE_CURVE('',#191,#193,#2389,.F.);
#2387=EDGE_CURVE('',#193,#195,#2390,.T.);
#2388=EDGE_CURVE('',#195,#191,#2391,.T.);
#2389=LINE('',#190,#2392);
#2390=LINE('',#192,#2393);
#2391=LINE('',#194,#2394);
#2392=VECTOR('',#2395,1.0);
#2393=VECTOR('',#2396,1.0);
#2394=VECTOR('',#2397,1.0);
#2395=DIRECTION('',(-1,0,0));
#2396=DIRECTION('',(0,-1,0));
#2397=DIRECTION('',(0.6245250713520621,0.7810047600704502,0));
#2398=FACE_SURFACE('',(#2403),#2399,.T.);
#2399=PLANE('',#2400);
#2400=AXIS2_PLACEMENT_3D('',#180,#2401,#2402);
#2401=DIRECTION('',(0,0,1));
#2402=DIRECTION('',(-0.9934280580896259,0.11445826051567963,0));
#2403=FACE_BOUND('',#2404,.T.);
#2404=EDGE_LOOP('',(#2405,#2406,#2407));
#2405=ORIENTED_EDGE('',*,*,#2408,.T.);
#2406=ORIENTED_EDGE('',*,*,#2409,.T.);
#2407=ORIENTED_EDGE('',*,*,#2410,.T.);
#2408=EDGE_CURVE('',#181,#185,#2411,.F.);
#2409=EDGE_CURVE('',#185,#189,#2412,.T.);
#2410=EDGE_CURVE('',#189,#181,#2413,.T.);
#2411=LINE('',#180,#2414);
#2412=LINE('',#184,#2415);
#2413=LINE('',#188,#2416);
#2414=VECTOR('',#2417,1.0);
#2415=VECTOR('',#2418,1.0);
#2416=VECTOR('',#2419,1.0);
#2417=DIRECTION('',(-0.9934280580896259,0.11445826051567963,0));
#2418=DIRECTION('',(0.7996118389677553,-0.600517199572672,0));
#2419=DIRECTION('',(0.9948552783213582,-0.10130634331636339,0));
#2420=FACE_SURFACE('',(#2425),#2421,.T.);
#2421=PLANE('',#2422);
#2422=AXIS2_PLACEMENT_3D('',#180,#2423,#2424);
#2423=DIRECTION('',(0,0,1));
#2424=DIRECTION('',(-0.9948552783213582,0.10130634331636339,0));
#2425=FACE_BOUND('',#2426,.T.);
#2426=EDGE_LOOP('',(#2427,#2428,#2429));
#2427=ORIENTED_EDGE('',*,*,#2430,.T.);
#2428=ORIENTED_EDGE('',*,*,#2431,.T.);
#2429=ORIENTED_EDGE('',*,*,#2432,.T.);
#2430=EDGE_CURVE('',#181,#189,#2433,.F.);
#2431=EDGE_CURVE('',#189,#191,#2434,.T.);
#2432=EDGE_CURVE('',#191,#181,#2435,.T.);
#2433=LINE('',#180,#2436);
#2434=LINE('',#188,#2437);
#2435=LINE('',#190,#2438);
#2436=VECTOR('',#2439,1.0);
#2437=VECTOR('',#2440,1.0);
#2438=VECTOR('',#2441,1.0);
#2439=DIRECTION('',(-0.9948552783213582,0.10130634331636339,0));
#2440=DIRECTION('',(0,-1,0));
#2441=DIRECTION('',(0.9997945943720085,-0.020267438528614196,0));
#2442=FACE_SURFACE('',(#2447),#2443,.T.);
#2443=PLANE('',#2444);
#2444=AXIS2_PLACEMENT_3D('',#154,#2445,#2446);
#2445=DIRECTION('',(0,0,1));
#2446=DIRECTION('',(0.9998151342563812,-0.019227514449204487,0));
#2447=FACE_BOUND('',#2448,.T.);
#2448=EDGE_LOOP('',(#2449,#2450,#2451));
#2449=ORIENTED_EDGE('',*,*,#2452,.T.);
#2450=ORIENTED_EDGE('',*,*,#2453,.T.);
#2451=ORIENTED_EDGE('',*,*,#2454,.T.);
#2452=EDGE_CURVE('',#155,#165,#2455,.F.);
#2453=EDGE_CURVE('',#165,#177,#2456,.T.);
#2454=EDGE_CURVE('',#177,#155,#2457,.T.);
#2455=LINE('',#154,#2458);
#2456=LINE('',#164,#2459);
#2457=LINE('',#176,#2460);
#2458=VECTOR('',#2461,1.0);
#2459=VECTOR('',#2462,1.0);
#2460=VECTOR('',#2463,1.0);
#2461=DIRECTION('',(0.9998151342563812,-0.019227514449204487,0));
#2462=DIRECTION('',(-0.9922083582913672,0.12458962130430405,0));
#2463=DIRECTION('',(-0.9999458532141838,0.010406278862203047,0));
#2464=FACE_SURFACE('',(#2469),#2465,.T.);
#2465=PLANE('',#2466);
#2466=AXIS2_PLACEMENT_3D('',#176,#2467,#2468);
#2467=DIRECTION('',(0,0,1));
#2468=DIRECTION('',(-0.9334658335638897,0.35866633180279506,0));
#2469=FACE_BOUND('',#2470,.T.);
#2470=EDGE_LOOP('',(#2471,#2472,#2473));
#2471=ORIENTED_EDGE('',*,*,#2474,.T.);
#2472=ORIENTED_EDGE('',*,*,#2475,.T.);
#2473=ORIENTED_EDGE('',*,*,#2476,.T.);
#2474=EDGE_CURVE('',#177,#181,#2477,.F.);
#2475=EDGE_CURVE('',#181,#191,#2478,.T.);
#2476=EDGE_CURVE('',#191,#177,#2479,.T.);
#2477=LINE('',#176,#2480);
#2478=LINE('',#180,#2481);
#2479=LINE('',#190,#2482);
#2480=VECTOR('',#2483,1.0);
#2481=VECTOR('',#2484,1.0);
#2482=VECTOR('',#2485,1.0);
#2483=DIRECTION('',(-0.9334658335638897,0.35866633180279506,0));
#2484=DIRECTION('',(-0.9997945943720085,0.020267438528614196,0));
#2485=DIRECTION('',(0.9990699356162094,-0.043119180741560174,0));
#2486=FACE_SURFACE('',(#2491),#2487,.T.);
#2487=PLANE('',#2488);
#2488=AXIS2_PLACEMENT_3D('',#176,#2489,#2490);
#2489=DIRECTION('',(0,0,1));
#2490=DIRECTION('',(-0.9990699356162094,0.043119180741560174,0));
#2491=FACE_BOUND('',#2492,.T.);
#2492=EDGE_LOOP('',(#2493,#2494,#2495));
#2493=ORIENTED_EDGE('',*,*,#2496,.T.);
#2494=ORIENTED_EDGE('',*,*,#2497,.T.);
#2495=ORIENTED_EDGE('',*,*,#2498,.T.);
#2496=EDGE_CURVE('',#177,#191,#2499,.F.);
#2497=EDGE_CURVE('',#191,#195,#2500,.T.);
#2498=EDGE_CURVE('',#195,#177,#2501,.T.);
#2499=LINE('',#176,#2502);
#2500=LINE('',#190,#2503);
#2501=LINE('',#194,#2504);
#2502=VECTOR('',#2505,1.0);
#2503=VECTOR('',#2506,1.0);
#2504=VECTOR('',#2507,1.0);
#2505=DIRECTION('',(-0.9990699356162094,0.043119180741560174,0));
#2506=DIRECTION('',(-0.6245250713520621,-0.7810047600704502,0));
#2507=DIRECTION('',(0.999835698680024,-0.01812665564930286,0));
#2508=FACE_SURFACE('',(#2513),#2509,.T.);
#2509=PLANE('',#2510);
#2510=AXIS2_PLACEMENT_3D('',#170,#2511,#2512);
#2511=DIRECTION('',(0,0,1));
#2512=DIRECTION('',(-0.6254755057454849,0.7802438027388812,0));
#2513=FACE_BOUND('',#2514,.T.);
#2514=EDGE_LOOP('',(#2515,#2516,#2517));
#2515=ORIENTED_EDGE('',*,*,#2518,.T.);
#2516=ORIENTED_EDGE('',*,*,#2519,.T.);
#2517=ORIENTED_EDGE('',*,*,#2520,.T.);
#2518=EDGE_CURVE('',#171,#175,#2521,.F.);
#2519=EDGE_CURVE('',#175,#155,#2522,.T.);
#2520=EDGE_CURVE('',#155,#171,#2523,.T.);
#2521=LINE('',#170,#2524);
#2522=LINE('',#174,#2525);
#2523=LINE('',#154,#2526);
#2524=VECTOR('',#2527,1.0);
#2525=VECTOR('',#2528,1.0);
#2526=VECTOR('',#2529,1.0);
#2527=DIRECTION('',(-0.6254755057454849,0.7802438027388812,0));
#2528=DIRECTION('',(-0.9997945684375753,-0.020268717836175287,0));
#2529=DIRECTION('',(0.9999824107384512,-0.00593112246676372,0));
#2530=FACE_SURFACE('',(#2535),#2531,.T.);
#2531=PLANE('',#2532);
#2532=AXIS2_PLACEMENT_3D('',#176,#2533,#2534);
#2533=DIRECTION('',(0,0,1));
#2534=DIRECTION('',(-0.999835698680024,0.01812665564930286,0));
#2535=FACE_BOUND('',#2536,.T.);
#2536=EDGE_LOOP('',(#2537,#2538,#2539));
#2537=ORIENTED_EDGE('',*,*,#2540,.T.);
#2538=ORIENTED_EDGE('',*,*,#2541,.T.);
#2539=ORIENTED_EDGE('',*,*,#2542,.T.);
#2540=EDGE_CURVE('',#177,#195,#2543,.F.);
#2541=EDGE_CURVE('',#195,#171,#2544,.T.);
#2542=EDGE_CURVE('',#171,#177,#2545,.T.);
#2543=LINE('',#176,#2546);
#2544=LINE('',#194,#2547);
#2545=LINE('',#170,#2548);
#2546=VECTOR('',#2549,1.0);
#2547=VECTOR('',#2550,1.0);
#2548=VECTOR('',#2551,1.0);
#2549=DIRECTION('',(-0.999835698680024,0.01812665564930286,0));
#2550=DIRECTION('',(-1,0,0));
#2551=DIRECTION('',(0.9999082893350916,-0.013543002583278221,0));
#2552=FACE_SURFACE('',(#2557),#2553,.T.);
#2553=PLANE('',#2554);
#2554=AXIS2_PLACEMENT_3D('',#176,#2555,#2556);
#2555=DIRECTION('',(0,0,1));
#2556=DIRECTION('',(-0.9999082893350916,0.013543002583278221,0));
#2557=FACE_BOUND('',#2558,.T.);
#2558=EDGE_LOOP('',(#2559,#2560,#2561));
#2559=ORIENTED_EDGE('',*,*,#2562,.T.);
#2560=ORIENTED_EDGE('',*,*,#2563,.T.);
#2561=ORIENTED_EDGE('',*,*,#2564,.T.);
#2562=EDGE_CURVE('',#177,#171,#2565,.F.);
#2563=EDGE_CURVE('',#171,#155,#2566,.T.);
#2564=EDGE_CURVE('',#155,#177,#2567,.T.);
#2565=LINE('',#176,#2568);
#2566=LINE('',#170,#2569);
#2567=LINE('',#154,#2570);
#2568=VECTOR('',#2571,1.0);
#2569=VECTOR('',#2572,1.0);
#2570=VECTOR('',#2573,1.0);
#2571=DIRECTION('',(-0.9999082893350916,0.013543002583278221,0));
#2572=DIRECTION('',(-0.9999824107384512,0.00593112246676372,0));
#2573=DIRECTION('',(0.9999458532141838,-0.010406278862203047,0));
#2574=FACE_SURFACE('',(#2579),#2575,.T.);
#2575=PLANE('',#2576);
#2576=AXIS2_PLACEMENT_3D('',#196,#2577,#2578);
#2577=DIRECTION('',(0,0,-1));
#2578=DIRECTION('',(0.09801347459021854,0.9951850877091922,0));
#2579=FACE_BOUND('',#2580,.T.);
#2580=EDGE_LOOP('',(#2581,#2582,#2583));
#2581=ORIENTED_EDGE('',*,*,#2584,.T.);
#2582=ORIENTED_EDGE('',*,*,#2585,.T.);
#2583=ORIENTED_EDGE('',*,*,#2586,.T.);
#2584=EDGE_CURVE('',#197,#199,#2587,.F.);
#2585=EDGE_CURVE('',#199,#201,#2588,.T.);
#2586=EDGE_CURVE('',#201,#197,#2589,.T.);
#2587=LINE('',#196,#2590);
#2588=LINE('',#198,#2591);
#2589=LINE('',#200,#2592);
#2590=VECTOR('',#2593,1.0);
#2591=VECTOR('',#2594,1.0);
#2592=VECTOR('',#2595,1.0);
#2593=DIRECTION('',(0.09801347459021854,0.9951850877091922,0));
#2594=DIRECTION('',(1,0,0));
#2595=DIRECTION('',(-0.9174964226229347,-0.3977440313494561,0));
#2596=FACE_SURFACE('',(#2601),#2597,.T.);
#2597=PLANE('',#2598);
#2598=AXIS2_PLACEMENT_3D('',#200,#2599,#2600);
#2599=DIRECTION('',(0,-0,-1));
#2600=DIRECTION('',(0,-1,0));
#2601=FACE_BOUND('',#2602,.T.);
#2602=EDGE_LOOP('',(#2603,#2604,#2605));
#2603=ORIENTED_EDGE('',*,*,#2606,.T.);
#2604=ORIENTED_EDGE('',*,*,#2607,.T.);
#2605=ORIENTED_EDGE('',*,*,#2608,.T.);
#2606=EDGE_CURVE('',#201,#203,#2609,.F.);
#2607=EDGE_CURVE('',#203,#205,#2610,.T.);
#2608=EDGE_CURVE('',#205,#201,#2611,.T.);
#2609=LINE('',#200,#2612);
#2610=LINE('',#202,#2613);
#2611=LINE('',#204,#2614);
#2612=VECTOR('',#2615,1.0);
#2613=VECTOR('',#2616,1.0);
#2614=VECTOR('',#2617,1.0);
#2615=DIRECTION('',(0,-1,0));
#2616=DIRECTION('',(-1,0,0));
#2617=DIRECTION('',(0.12214425584889124,0.9925123579901263,0));
#2618=FACE_SURFACE('',(#2623),#2619,.T.);
#2619=PLANE('',#2620);
#2620=AXIS2_PLACEMENT_3D('',#200,#2621,#2622);
#2621=DIRECTION('',(0,0,-1));
#2622=DIRECTION('',(-0.12214425584889124,-0.9925123579901263,0));
#2623=FACE_BOUND('',#2624,.T.);
#2624=EDGE_LOOP('',(#2625,#2626,#2627));
#2625=ORIENTED_EDGE('',*,*,#2628,.T.);
#2626=ORIENTED_EDGE('',*,*,#2629,.T.);
#2627=ORIENTED_EDGE('',*,*,#2630,.T.);
#2628=EDGE_CURVE('',#201,#205,#2631,.F.);
#2629=EDGE_CURVE('',#205,#207,#2632,.T.);
#2630=EDGE_CURVE('',#207,#201,#2633,.T.);
#2631=LINE('',#200,#2634);
#2632=LINE('',#204,#2635);
#2633=LINE('',#206,#2636);
#2634=VECTOR('',#2637,1.0);
#2635=VECTOR('',#2638,1.0);
#2636=VECTOR('',#2639,1.0);
#2637=DIRECTION('',(-0.12214425584889124,-0.9925123579901263,0));
#2638=DIRECTION('',(-1,0,0));
#2639=DIRECTION('',(0.6016842266856822,0.7987340554638024,0));
#2640=FACE_SURFACE('',(#2645),#2641,.T.);
#2641=PLANE('',#2642);
#2642=AXIS2_PLACEMENT_3D('',#208,#2643,#2644);
#2643=DIRECTION('',(0,0,-1));
#2644=DIRECTION('',(0.2902825160527156,0.9569409913229263,0));
#2645=FACE_BOUND('',#2646,.T.);
#2646=EDGE_LOOP('',(#2647,#2648,#2649));
#2647=ORIENTED_EDGE('',*,*,#2650,.T.);
#2648=ORIENTED_EDGE('',*,*,#2651,.T.);
#2649=ORIENTED_EDGE('',*,*,#2652,.T.);
#2650=EDGE_CURVE('',#209,#197,#2653,.F.);
#2651=EDGE_CURVE('',#197,#201,#2654,.T.);
#2652=EDGE_CURVE('',#201,#209,#2655,.T.);
#2653=LINE('',#208,#2656);
#2654=LINE('',#196,#2657);
#2655=LINE('',#200,#2658);
#2656=VECTOR('',#2659,1.0);
#2657=VECTOR('',#2660,1.0);
#2658=VECTOR('',#2661,1.0);
#2659=DIRECTION('',(0.2902825160527156,0.9569409913229263,0));
#2660=DIRECTION('',(0.9174964226229347,0.3977440313494561,0));
#2661=DIRECTION('',(-0.7981176104124206,-0.6025016846030951,0));
#2662=FACE_SURFACE('',(#2667),#2663,.T.);
#2663=PLANE('',#2664);
#2664=AXIS2_PLACEMENT_3D('',#210,#2665,#2666);
#2665=DIRECTION('',(0,0,-1));
#2666=DIRECTION('',(0.4713933014282789,0.8819231005980894,0));
#2667=FACE_BOUND('',#2668,.T.);
#2668=EDGE_LOOP('',(#2669,#2670,#2671));
#2669=ORIENTED_EDGE('',*,*,#2672,.T.);
#2670=ORIENTED_EDGE('',*,*,#2673,.T.);
#2671=ORIENTED_EDGE('',*,*,#2674,.T.);
#2672=EDGE_CURVE('',#211,#209,#2675,.F.);
#2673=EDGE_CURVE('',#209,#201,#2676,.T.);
#2674=EDGE_CURVE('',#201,#211,#2677,.T.);
#2675=LINE('',#210,#2678);
#2676=LINE('',#208,#2679);
#2677=LINE('',#200,#2680);
#2678=VECTOR('',#2681,1.0);
#2679=VECTOR('',#2682,1.0);
#2680=VECTOR('',#2683,1.0);
#2681=DIRECTION('',(0.4713933014282789,0.8819231005980894,0));
#2682=DIRECTION('',(0.7981176104124206,0.6025016846030951,0));
#2683=DIRECTION('',(-0.73337880444156,-0.6798202182900035,0));
#2684=FACE_SURFACE('',(#2689),#2685,.T.);
#2685=PLANE('',#2686);
#2686=AXIS2_PLACEMENT_3D('',#200,#2687,#2688);
#2687=DIRECTION('',(0,0,-1));
#2688=DIRECTION('',(-0.6016842266856822,-0.7987340554638024,0));
#2689=FACE_BOUND('',#2690,.T.);
#2690=EDGE_LOOP('',(#2691,#2692,#2693));
#2691=ORIENTED_EDGE('',*,*,#2694,.T.);
#2692=ORIENTED_EDGE('',*,*,#2695,.T.);
#2693=ORIENTED_EDGE('',*,*,#2696,.T.);
#2694=EDGE_CURVE('',#201,#207,#2697,.F.);
#2695=EDGE_CURVE('',#207,#213,#2698,.T.);
#2696=EDGE_CURVE('',#213,#201,#2699,.T.);
#2697=LINE('',#200,#2700);
#2698=LINE('',#206,#2701);
#2699=LINE('',#212,#2702);
#2700=VECTOR('',#2703,1.0);
#2701=VECTOR('',#2704,1.0);
#2702=VECTOR('',#2705,1.0);
#2703=DIRECTION('',(-0.6016842266856822,-0.7987340554638024,0));
#2704=DIRECTION('',(-1,0,0));
#2705=DIRECTION('',(0.7001584866295191,0.7139874603945517,0));
#2706=FACE_SURFACE('',(#2711),#2707,.T.);
#2707=PLANE('',#2708);
#2708=AXIS2_PLACEMENT_3D('',#214,#2709,#2710);
#2709=DIRECTION('',(0,0,-1));
#2710=DIRECTION('',(0.6343830658182283,0.7730188392290743,0));
#2711=FACE_BOUND('',#2712,.T.);
#2712=EDGE_LOOP('',(#2713,#2714,#2715));
#2713=ORIENTED_EDGE('',*,*,#2716,.T.);
#2714=ORIENTED_EDGE('',*,*,#2717,.T.);
#2715=ORIENTED_EDGE('',*,*,#2718,.T.);
#2716=EDGE_CURVE('',#215,#211,#2719,.F.);
#2717=EDGE_CURVE('',#211,#201,#2720,.T.);
#2718=EDGE_CURVE('',#201,#215,#2721,.T.);
#2719=LINE('',#214,#2722);
#2720=LINE('',#210,#2723);
#2721=LINE('',#200,#2724);
#2722=VECTOR('',#2725,1.0);
#2723=VECTOR('',#2726,1.0);
#2724=VECTOR('',#2727,1.0);
#2725=DIRECTION('',(0.6343830658182283,0.7730188392290743,0));
#2726=DIRECTION('',(0.73337880444156,0.6798202182900035,0));
#2727=DIRECTION('',(-0.7152588869635865,-0.6988595886296554,0));
#2728=FACE_SURFACE('',(#2733),#2729,.T.);
#2729=PLANE('',#2730);
#2730=AXIS2_PLACEMENT_3D('',#214,#2731,#2732);
#2731=DIRECTION('',(0,-0,-1));
#2732=DIRECTION('',(0.7152588869635865,0.6988595886296554,0));
#2733=FACE_BOUND('',#2734,.T.);
#2734=EDGE_LOOP('',(#2735,#2736,#2737));
#2735=ORIENTED_EDGE('',*,*,#2738,.T.);
#2736=ORIENTED_EDGE('',*,*,#2739,.T.);
#2737=ORIENTED_EDGE('',*,*,#2740,.T.);
#2738=EDGE_CURVE('',#215,#201,#2741,.F.);
#2739=EDGE_CURVE('',#201,#213,#2742,.T.);
#2740=EDGE_CURVE('',#213,#215,#2743,.T.);
#2741=LINE('',#214,#2744);
#2742=LINE('',#200,#2745);
#2743=LINE('',#212,#2746);
#2744=VECTOR('',#2747,1.0);
#2745=VECTOR('',#2748,1.0);
#2746=VECTOR('',#2749,1.0);
#2747=DIRECTION('',(0.7152588869635865,0.6988595886296554,0));
#2748=DIRECTION('',(-0.7001584866295191,-0.7139874603945517,0));
#2749=DIRECTION('',(0.6981958525261253,0.7159068036520655,0));
#2750=FACE_SURFACE('',(#2755),#2751,.T.);
#2751=PLANE('',#2752);
#2752=AXIS2_PLACEMENT_3D('',#216,#2753,#2754);
#2753=DIRECTION('',(0,-0,-1));
#2754=DIRECTION('',(0.7730157646162235,0.6343868123273019,0));
#2755=FACE_BOUND('',#2756,.T.);
#2756=EDGE_LOOP('',(#2757,#2758,#2759));
#2757=ORIENTED_EDGE('',*,*,#2760,.T.);
#2758=ORIENTED_EDGE('',*,*,#2761,.T.);
#2759=ORIENTED_EDGE('',*,*,#2762,.T.);
#2760=EDGE_CURVE('',#217,#215,#2763,.F.);
#2761=EDGE_CURVE('',#215,#213,#2764,.T.);
#2762=EDGE_CURVE('',#213,#217,#2765,.T.);
#2763=LINE('',#216,#2766);
#2764=LINE('',#214,#2767);
#2765=LINE('',#212,#2768);
#2766=VECTOR('',#2769,1.0);
#2767=VECTOR('',#2770,1.0);
#2768=VECTOR('',#2771,1.0);
#2769=DIRECTION('',(0.7730157646162235,0.6343868123273019,0));
#2770=DIRECTION('',(-0.6981958525261253,-0.7159068036520655,0));
#2771=DIRECTION('',(0.6961749316932252,0.7178721783729561,0));
#2772=FACE_SURFACE('',(#2777),#2773,.T.);
#2773=PLANE('',#2774);
#2774=AXIS2_PLACEMENT_3D('',#218,#2775,#2776);
#2775=DIRECTION('',(0,-0,-1));
#2776=DIRECTION('',(0.881924415797499,0.47139084083193644,0));
#2777=FACE_BOUND('',#2778,.T.);
#2778=EDGE_LOOP('',(#2779,#2780,#2781));
#2779=ORIENTED_EDGE('',*,*,#2782,.T.);
#2780=ORIENTED_EDGE('',*,*,#2783,.T.);
#2781=ORIENTED_EDGE('',*,*,#2784,.T.);
#2782=EDGE_CURVE('',#219,#217,#2785,.F.);
#2783=EDGE_CURVE('',#217,#213,#2786,.T.);
#2784=EDGE_CURVE('',#213,#219,#2787,.T.);
#2785=LINE('',#218,#2788);
#2786=LINE('',#216,#2789);
#2787=LINE('',#212,#2790);
#2788=VECTOR('',#2791,1.0);
#2789=VECTOR('',#2792,1.0);
#2790=VECTOR('',#2793,1.0);
#2791=DIRECTION('',(0.881924415797499,0.47139084083193644,0));
#2792=DIRECTION('',(-0.6961749316932252,-0.7178721783729561,0));
#2793=DIRECTION('',(0.6904283399377761,0.7234007930675543,0));
#2794=FACE_SURFACE('',(#2799),#2795,.T.);
#2795=PLANE('',#2796);
#2796=AXIS2_PLACEMENT_3D('',#218,#2797,#2798);
#2797=DIRECTION('',(0,0,-1));
#2798=DIRECTION('',(-0.6904283399377761,-0.7234007930675543,0));
#2799=FACE_BOUND('',#2800,.T.);
#2800=EDGE_LOOP('',(#2801,#2802,#2803));
#2801=ORIENTED_EDGE('',*,*,#2804,.T.);
#2802=ORIENTED_EDGE('',*,*,#2805,.T.);
#2803=ORIENTED_EDGE('',*,*,#2806,.T.);
#2804=EDGE_CURVE('',#219,#213,#2807,.F.);
#2805=EDGE_CURVE('',#213,#221,#2808,.T.);
#2806=EDGE_CURVE('',#221,#219,#2809,.T.);
#2807=LINE('',#218,#2810);
#2808=LINE('',#212,#2811);
#2809=LINE('',#220,#2812);
#2810=VECTOR('',#2813,1.0);
#2811=VECTOR('',#2814,1.0);
#2812=VECTOR('',#2815,1.0);
#2813=DIRECTION('',(-0.6904283399377761,-0.7234007930675543,0));
#2814=DIRECTION('',(-1,0,0));
#2815=DIRECTION('',(0.8608886822504115,0.5087933537037901,0));
#2816=FACE_SURFACE('',(#2821),#2817,.T.);
#2817=PLANE('',#2818);
#2818=AXIS2_PLACEMENT_3D('',#222,#2819,#2820);
#2819=DIRECTION('',(0,-0,-1));
#2820=DIRECTION('',(0.9569382756053268,0.29029146849589565,0));
#2821=FACE_BOUND('',#2822,.T.);
#2822=EDGE_LOOP('',(#2823,#2824,#2825));
#2823=ORIENTED_EDGE('',*,*,#2826,.T.);
#2824=ORIENTED_EDGE('',*,*,#2827,.T.);
#2825=ORIENTED_EDGE('',*,*,#2828,.T.);
#2826=EDGE_CURVE('',#223,#219,#2829,.F.);
#2827=EDGE_CURVE('',#219,#221,#2830,.T.);
#2828=EDGE_CURVE('',#221,#223,#2831,.T.);
#2829=LINE('',#222,#2832);
#2830=LINE('',#218,#2833);
#2831=LINE('',#220,#2834);
#2832=VECTOR('',#2835,1.0);
#2833=VECTOR('',#2836,1.0);
#2834=VECTOR('',#2837,1.0);
#2835=DIRECTION('',(0.9569382756053268,0.29029146849589565,0));
#2836=DIRECTION('',(-0.8608886822504115,-0.5087933537037901,0));
#2837=DIRECTION('',(0.858622326303613,0.5126087209294942,0));
#2838=FACE_SURFACE('',(#2843),#2839,.T.);
#2839=PLANE('',#2840);
#2840=AXIS2_PLACEMENT_3D('',#222,#2841,#2842);
#2841=DIRECTION('',(0,0,-1));
#2842=DIRECTION('',(-0.858622326303613,-0.5126087209294942,0));
#2843=FACE_BOUND('',#2844,.T.);
#2844=EDGE_LOOP('',(#2845,#2846,#2847));
#2845=ORIENTED_EDGE('',*,*,#2848,.T.);
#2846=ORIENTED_EDGE('',*,*,#2849,.T.);
#2847=ORIENTED_EDGE('',*,*,#2850,.T.);
#2848=EDGE_CURVE('',#223,#221,#2851,.F.);
#2849=EDGE_CURVE('',#221,#225,#2852,.T.);
#2850=EDGE_CURVE('',#225,#223,#2853,.T.);
#2851=LINE('',#222,#2854);
#2852=LINE('',#220,#2855);
#2853=LINE('',#224,#2856);
#2854=VECTOR('',#2857,1.0);
#2855=VECTOR('',#2858,1.0);
#2856=VECTOR('',#2859,1.0);
#2857=DIRECTION('',(-0.858622326303613,-0.5126087209294942,0));
#2858=DIRECTION('',(-1,0,0));
#2859=DIRECTION('',(0.88923466408533,0.45745132220712875,0));
#2860=FACE_SURFACE('',(#2865),#2861,.T.);
#2861=PLANE('',#2862);
#2862=AXIS2_PLACEMENT_3D('',#226,#2863,#2864);
#2863=DIRECTION('',(0,-0,-1));
#2864=DIRECTION('',(0.9951850610036447,0.09801374574605232,0));
#2865=FACE_BOUND('',#2866,.T.);
#2866=EDGE_LOOP('',(#2867,#2868,#2869));
#2867=ORIENTED_EDGE('',*,*,#2870,.T.);
#2868=ORIENTED_EDGE('',*,*,#2871,.T.);
#2869=ORIENTED_EDGE('',*,*,#2872,.T.);
#2870=EDGE_CURVE('',#227,#223,#2873,.F.);
#2871=EDGE_CURVE('',#223,#225,#2874,.T.);
#2872=EDGE_CURVE('',#225,#227,#2875,.T.);
#2873=LINE('',#226,#2876);
#2874=LINE('',#222,#2877);
#2875=LINE('',#224,#2878);
#2876=VECTOR('',#2879,1.0);
#2877=VECTOR('',#2880,1.0);
#2878=VECTOR('',#2881,1.0);
#2879=DIRECTION('',(0.9951850610036447,0.09801374574605232,0));
#2880=DIRECTION('',(-0.88923466408533,-0.45745132220712875,0));
#2881=DIRECTION('',(0.8863589690029795,0.4629986804170994,0));
#2882=FACE_SURFACE('',(#2887),#2883,.T.);
#2883=PLANE('',#2884);
#2884=AXIS2_PLACEMENT_3D('',#226,#2885,#2886);
#2885=DIRECTION('',(0,0,-1));
#2886=DIRECTION('',(-0.8863589690029795,-0.4629986804170994,0));
#2887=FACE_BOUND('',#2888,.T.);
#2888=EDGE_LOOP('',(#2889,#2890,#2891));
#2889=ORIENTED_EDGE('',*,*,#2892,.T.);
#2890=ORIENTED_EDGE('',*,*,#2893,.T.);
#2891=ORIENTED_EDGE('',*,*,#2894,.T.);
#2892=EDGE_CURVE('',#227,#225,#2895,.F.);
#2893=EDGE_CURVE('',#225,#229,#2896,.T.);
#2894=EDGE_CURVE('',#229,#227,#2897,.T.);
#2895=LINE('',#226,#2898);
#2896=LINE('',#224,#2899);
#2897=LINE('',#228,#2900);
#2898=VECTOR('',#2901,1.0);
#2899=VECTOR('',#2902,1.0);
#2900=VECTOR('',#2903,1.0);
#2901=DIRECTION('',(-0.8863589690029795,-0.4629986804170994,0));
#2902=DIRECTION('',(-1,0,0));
#2903=DIRECTION('',(0.9361479376366841,0.3516063691951311,0));
#2904=FACE_SURFACE('',(#2909),#2905,.T.);
#2905=PLANE('',#2906);
#2906=AXIS2_PLACEMENT_3D('',#230,#2907,#2908);
#2907=DIRECTION('',(0,-0,-1));
#2908=DIRECTION('',(0.9951850610036447,-0.09801374574605232,0));
#2909=FACE_BOUND('',#2910,.T.);
#2910=EDGE_LOOP('',(#2911,#2912,#2913));
#2911=ORIENTED_EDGE('',*,*,#2914,.T.);
#2912=ORIENTED_EDGE('',*,*,#2915,.T.);
#2913=ORIENTED_EDGE('',*,*,#2916,.T.);
#2914=EDGE_CURVE('',#231,#227,#2917,.F.);
#2915=EDGE_CURVE('',#227,#229,#2918,.T.);
#2916=EDGE_CURVE('',#229,#231,#2919,.T.);
#2917=LINE('',#230,#2920);
#2918=LINE('',#226,#2921);
#2919=LINE('',#228,#2922);
#2920=VECTOR('',#2923,1.0);
#2921=VECTOR('',#2924,1.0);
#2922=VECTOR('',#2925,1.0);
#2923=DIRECTION('',(0.9951850610036447,-0.09801374574605232,0));
#2924=DIRECTION('',(-0.9361479376366841,-0.3516063691951311,0));
#2925=DIRECTION('',(0.9341071139019279,0.3569928567321912,0));
#2926=FACE_SURFACE('',(#2931),#2927,.T.);
#2927=PLANE('',#2928);
#2928=AXIS2_PLACEMENT_3D('',#230,#2929,#2930);
#2929=DIRECTION('',(0,0,-1));
#2930=DIRECTION('',(-0.9341071139019279,-0.3569928567321912,0));
#2931=FACE_BOUND('',#2932,.T.);
#2932=EDGE_LOOP('',(#2933,#2934,#2935));
#2933=ORIENTED_EDGE('',*,*,#2936,.T.);
#2934=ORIENTED_EDGE('',*,*,#2937,.T.);
#2935=ORIENTED_EDGE('',*,*,#2938,.T.);
#2936=EDGE_CURVE('',#231,#229,#2939,.F.);
#2937=EDGE_CURVE('',#229,#233,#2940,.T.);
#2938=EDGE_CURVE('',#233,#231,#2941,.T.);
#2939=LINE('',#230,#2942);
#2940=LINE('',#228,#2943);
#2941=LINE('',#232,#2944);
#2942=VECTOR('',#2945,1.0);
#2943=VECTOR('',#2946,1.0);
#2944=VECTOR('',#2947,1.0);
#2945=DIRECTION('',(-0.9341071139019279,-0.3569928567321912,0));
#2946=DIRECTION('',(-1,0,0));
#2947=DIRECTION('',(0.9448666691089987,0.3274553062737965,0));
#2948=FACE_SURFACE('',(#2953),#2949,.T.);
#2949=PLANE('',#2950);
#2950=AXIS2_PLACEMENT_3D('',#234,#2951,#2952);
#2951=DIRECTION('',(0,-0,-1));
#2952=DIRECTION('',(0.9569385098667402,-0.290290696258118,0));
#2953=FACE_BOUND('',#2954,.T.);
#2954=EDGE_LOOP('',(#2955,#2956,#2957));
#2955=ORIENTED_EDGE('',*,*,#2958,.T.);
#2956=ORIENTED_EDGE('',*,*,#2959,.T.);
#2957=ORIENTED_EDGE('',*,*,#2960,.T.);
#2958=EDGE_CURVE('',#235,#231,#2961,.F.);
#2959=EDGE_CURVE('',#231,#233,#2962,.T.);
#2960=EDGE_CURVE('',#233,#235,#2963,.T.);
#2961=LINE('',#234,#2964);
#2962=LINE('',#230,#2965);
#2963=LINE('',#232,#2966);
#2964=VECTOR('',#2967,1.0);
#2965=VECTOR('',#2968,1.0);
#2966=VECTOR('',#2969,1.0);
#2967=DIRECTION('',(0.9569385098667402,-0.290290696258118,0));
#2968=DIRECTION('',(-0.9448666691089987,-0.3274553062737965,0));
#2969=DIRECTION('',(0.9425185209061194,0.3341539132629465,0));
#2970=FACE_SURFACE('',(#2975),#2971,.T.);
#2971=PLANE('',#2972);
#2972=AXIS2_PLACEMENT_3D('',#234,#2973,#2974);
#2973=DIRECTION('',(0,0,-1));
#2974=DIRECTION('',(-0.9425185209061194,-0.3341539132629465,0));
#2975=FACE_BOUND('',#2976,.T.);
#2976=EDGE_LOOP('',(#2977,#2978,#2979));
#2977=ORIENTED_EDGE('',*,*,#2980,.T.);
#2978=ORIENTED_EDGE('',*,*,#2981,.T.);
#2979=ORIENTED_EDGE('',*,*,#2982,.T.);
#2980=EDGE_CURVE('',#235,#233,#2983,.F.);
#2981=EDGE_CURVE('',#233,#237,#2984,.T.);
#2982=EDGE_CURVE('',#237,#235,#2985,.T.);
#2983=LINE('',#234,#2986);
#2984=LINE('',#232,#2987);
#2985=LINE('',#236,#2988);
#2986=VECTOR('',#2989,1.0);
#2987=VECTOR('',#2990,1.0);
#2988=VECTOR('',#2991,1.0);
#2989=DIRECTION('',(-0.9425185209061194,-0.3341539132629465,0));
#2990=DIRECTION('',(-1,0,0));
#2991=DIRECTION('',(0.9627036047897459,0.2705582549559866,0));
#2992=FACE_SURFACE('',(#2997),#2993,.T.);
#2993=PLANE('',#2994);
#2994=AXIS2_PLACEMENT_3D('',#238,#2995,#2996);
#2995=DIRECTION('',(0,-0,-1));
#2996=DIRECTION('',(0.881920709416077,-0.47139777502979713,0));
#2997=FACE_BOUND('',#2998,.T.);
#2998=EDGE_LOOP('',(#2999,#3000,#3001));
#2999=ORIENTED_EDGE('',*,*,#3002,.T.);
#3000=ORIENTED_EDGE('',*,*,#3003,.T.);
#3001=ORIENTED_EDGE('',*,*,#3004,.T.);
#3002=EDGE_CURVE('',#239,#235,#3005,.F.);
#3003=EDGE_CURVE('',#235,#237,#3006,.T.);
#3004=EDGE_CURVE('',#237,#239,#3007,.T.);
#3005=LINE('',#238,#3008);
#3006=LINE('',#234,#3009);
#3007=LINE('',#236,#3010);
#3008=VECTOR('',#3011,1.0);
#3009=VECTOR('',#3012,1.0);
#3010=VECTOR('',#3013,1.0);
#3011=DIRECTION('',(0.881920709416077,-0.47139777502979713,0));
#3012=DIRECTION('',(-0.9627036047897459,-0.2705582549559866,0));
#3013=DIRECTION('',(0.9608359848584385,0.27711768294555744,0));
#3014=FACE_SURFACE('',(#3019),#3015,.T.);
#3015=PLANE('',#3016);
#3016=AXIS2_PLACEMENT_3D('',#238,#3017,#3018);
#3017=DIRECTION('',(0,0,-1));
#3018=DIRECTION('',(-0.9608359848584385,-0.27711768294555744,0));
#3019=FACE_BOUND('',#3020,.T.);
#3020=EDGE_LOOP('',(#3021,#3022,#3023));
#3021=ORIENTED_EDGE('',*,*,#3024,.T.);
#3022=ORIENTED_EDGE('',*,*,#3025,.T.);
#3023=ORIENTED_EDGE('',*,*,#3026,.T.);
#3024=EDGE_CURVE('',#239,#237,#3027,.F.);
#3025=EDGE_CURVE('',#237,#241,#3028,.T.);
#3026=EDGE_CURVE('',#241,#239,#3029,.T.);
#3027=LINE('',#238,#3030);
#3028=LINE('',#236,#3031);
#3029=LINE('',#240,#3032);
#3030=VECTOR('',#3033,1.0);
#3031=VECTOR('',#3034,1.0);
#3032=VECTOR('',#3035,1.0);
#3033=DIRECTION('',(-0.9608359848584385,-0.27711768294555744,0));
#3034=DIRECTION('',(-1,0,0));
#3035=DIRECTION('',(0.9658703363478218,0.25902604765418025,0));
#3036=FACE_SURFACE('',(#3041),#3037,.T.);
#3037=PLANE('',#3038);
#3038=AXIS2_PLACEMENT_3D('',#242,#3039,#3040);
#3039=DIRECTION('',(0,-0,-1));
#3040=DIRECTION('',(0.7730157646162235,-0.6343868123273019,0));
#3041=FACE_BOUND('',#3042,.T.);
#3042=EDGE_LOOP('',(#3043,#3044,#3045));
#3043=ORIENTED_EDGE('',*,*,#3046,.T.);
#3044=ORIENTED_EDGE('',*,*,#3047,.T.);
#3045=ORIENTED_EDGE('',*,*,#3048,.T.);
#3046=EDGE_CURVE('',#243,#239,#3049,.F.);
#3047=EDGE_CURVE('',#239,#241,#3050,.T.);
#3048=EDGE_CURVE('',#241,#243,#3051,.T.);
#3049=LINE('',#242,#3052);
#3050=LINE('',#238,#3053);
#3051=LINE('',#240,#3054);
#3052=VECTOR('',#3055,1.0);
#3053=VECTOR('',#3056,1.0);
#3054=VECTOR('',#3057,1.0);
#3055=DIRECTION('',(0.7730157646162235,-0.6343868123273019,0));
#3056=DIRECTION('',(-0.9658703363478218,-0.25902604765418025,0));
#3057=DIRECTION('',(0.9638938487484391,0.266286778389242,0));
#3058=FACE_SURFACE('',(#3063),#3059,.T.);
#3059=PLANE('',#3060);
#3060=AXIS2_PLACEMENT_3D('',#242,#3061,#3062);
#3061=DIRECTION('',(0,0,-1));
#3062=DIRECTION('',(-0.9638938487484391,-0.266286778389242,0));
#3063=FACE_BOUND('',#3064,.T.);
#3064=EDGE_LOOP('',(#3065,#3066,#3067));
#3065=ORIENTED_EDGE('',*,*,#3068,.T.);
#3066=ORIENTED_EDGE('',*,*,#3069,.T.);
#3067=ORIENTED_EDGE('',*,*,#3070,.T.);
#3068=EDGE_CURVE('',#243,#241,#3071,.F.);
#3069=EDGE_CURVE('',#241,#245,#3072,.T.);
#3070=EDGE_CURVE('',#245,#243,#3073,.T.);
#3071=LINE('',#242,#3074);
#3072=LINE('',#240,#3075);
#3073=LINE('',#244,#3076);
#3074=VECTOR('',#3077,1.0);
#3075=VECTOR('',#3078,1.0);
#3076=VECTOR('',#3079,1.0);
#3077=DIRECTION('',(-0.9638938487484391,-0.266286778389242,0));
#3078=DIRECTION('',(-1,0,0));
#3079=DIRECTION('',(0.974341949261804,0.22507280135260324,0));
#3080=FACE_SURFACE('',(#3085),#3081,.T.);
#3081=PLANE('',#3082);
#3082=AXIS2_PLACEMENT_3D('',#246,#3083,#3084);
#3083=DIRECTION('',(0,-0,-1));
#3084=DIRECTION('',(0.6343913715969736,-0.773012022961681,0));
#3085=FACE_BOUND('',#3086,.T.);
#3086=EDGE_LOOP('',(#3087,#3088,#3089));
#3087=ORIENTED_EDGE('',*,*,#3090,.T.);
#3088=ORIENTED_EDGE('',*,*,#3091,.T.);
#3089=ORIENTED_EDGE('',*,*,#3092,.T.);
#3090=EDGE_CURVE('',#247,#243,#3093,.F.);
#3091=EDGE_CURVE('',#243,#245,#3094,.T.);
#3092=EDGE_CURVE('',#245,#247,#3095,.T.);
#3093=LINE('',#246,#3096);
#3094=LINE('',#242,#3097);
#3095=LINE('',#244,#3098);
#3096=VECTOR('',#3099,1.0);
#3097=VECTOR('',#3100,1.0);
#3098=VECTOR('',#3101,1.0);
#3099=DIRECTION('',(0.6343913715969736,-0.773012022961681,0));
#3100=DIRECTION('',(-0.974341949261804,-0.22507280135260324,0));
#3101=DIRECTION('',(0.9727347580081559,0.23192044015742658,0));
#3102=FACE_SURFACE('',(#3107),#3103,.T.);
#3103=PLANE('',#3104);
#3104=AXIS2_PLACEMENT_3D('',#246,#3105,#3106);
#3105=DIRECTION('',(0,0,-1));
#3106=DIRECTION('',(-0.9727347580081559,-0.23192044015742658,0));
#3107=FACE_BOUND('',#3108,.T.);
#3108=EDGE_LOOP('',(#3109,#3110,#3111));
#3109=ORIENTED_EDGE('',*,*,#3112,.T.);
#3110=ORIENTED_EDGE('',*,*,#3113,.T.);
#3111=ORIENTED_EDGE('',*,*,#3114,.T.);
#3112=EDGE_CURVE('',#247,#245,#3115,.F.);
#3113=EDGE_CURVE('',#245,#249,#3116,.T.);
#3114=EDGE_CURVE('',#249,#247,#3117,.T.);
#3115=LINE('',#246,#3118);
#3116=LINE('',#244,#3119);
#3117=LINE('',#248,#3120);
#3118=VECTOR('',#3121,1.0);
#3119=VECTOR('',#3122,1.0);
#3120=VECTOR('',#3123,1.0);
#3121=DIRECTION('',(-0.9727347580081559,-0.23192044015742658,0));
#3122=DIRECTION('',(-1,0,0));
#3123=DIRECTION('',(0.9755987304800997,0.21956119212105277,0));
#3124=FACE_SURFACE('',(#3129),#3125,.T.);
#3125=PLANE('',#3126);
#3126=AXIS2_PLACEMENT_3D('',#250,#3127,#3128);
#3127=DIRECTION('',(0,-0,-1));
#3128=DIRECTION('',(0.4713933014282789,-0.8819231005980894,0));
#3129=FACE_BOUND('',#3130,.T.);
#3130=EDGE_LOOP('',(#3131,#3132,#3133));
#3131=ORIENTED_EDGE('',*,*,#3134,.T.);
#3132=ORIENTED_EDGE('',*,*,#3135,.T.);
#3133=ORIENTED_EDGE('',*,*,#3136,.T.);
#3134=EDGE_CURVE('',#251,#247,#3137,.F.);
#3135=EDGE_CURVE('',#247,#249,#3138,.T.);
#3136=EDGE_CURVE('',#249,#251,#3139,.T.);
#3137=LINE('',#250,#3140);
#3138=LINE('',#246,#3141);
#3139=LINE('',#248,#3142);
#3140=VECTOR('',#3143,1.0);
#3141=VECTOR('',#3144,1.0);
#3142=VECTOR('',#3145,1.0);
#3143=DIRECTION('',(0.4713933014282789,-0.8819231005980894,0));
#3144=DIRECTION('',(-0.9755987304800997,-0.21956119212105277,0));
#3145=DIRECTION('',(0.9739976303948991,0.22655819558144796,0));
#3146=FACE_SURFACE('',(#3151),#3147,.T.);
#3147=PLANE('',#3148);
#3148=AXIS2_PLACEMENT_3D('',#250,#3149,#3150);
#3149=DIRECTION('',(0,0,-1));
#3150=DIRECTION('',(-0.9739976303948991,-0.22655819558144796,0));
#3151=FACE_BOUND('',#3152,.T.);
#3152=EDGE_LOOP('',(#3153,#3154,#3155));
#3153=ORIENTED_EDGE('',*,*,#3156,.T.);
#3154=ORIENTED_EDGE('',*,*,#3157,.T.);
#3155=ORIENTED_EDGE('',*,*,#3158,.T.);
#3156=EDGE_CURVE('',#251,#249,#3159,.F.);
#3157=EDGE_CURVE('',#249,#253,#3160,.T.);
#3158=EDGE_CURVE('',#253,#251,#3161,.T.);
#3159=LINE('',#250,#3162);
#3160=LINE('',#248,#3163);
#3161=LINE('',#252,#3164);
#3162=VECTOR('',#3165,1.0);
#3163=VECTOR('',#3166,1.0);
#3164=VECTOR('',#3167,1.0);
#3165=DIRECTION('',(-0.9739976303948991,-0.22655819558144796,0));
#3166=DIRECTION('',(-1,0,0));
#3167=DIRECTION('',(0.9803506921559418,0.19726256712657333,0));
#3168=FACE_SURFACE('',(#3173),#3169,.T.);
#3169=PLANE('',#3170);
#3170=AXIS2_PLACEMENT_3D('',#254,#3171,#3172);
#3171=DIRECTION('',(0,0,-1));
#3172=DIRECTION('',(0.9999035926250364,-0.013885440415964812,0));
#3173=FACE_BOUND('',#3174,.T.);
#3174=EDGE_LOOP('',(#3175,#3176,#3177));
#3175=ORIENTED_EDGE('',*,*,#3178,.T.);
#3176=ORIENTED_EDGE('',*,*,#3179,.T.);
#3177=ORIENTED_EDGE('',*,*,#3180,.T.);
#3178=EDGE_CURVE('',#255,#257,#3181,.F.);
#3179=EDGE_CURVE('',#257,#259,#3182,.T.);
#3180=EDGE_CURVE('',#259,#255,#3183,.T.);
#3181=LINE('',#254,#3184);
#3182=LINE('',#256,#3185);
#3183=LINE('',#258,#3186);
#3184=VECTOR('',#3187,1.0);
#3185=VECTOR('',#3188,1.0);
#3186=VECTOR('',#3189,1.0);
#3187=DIRECTION('',(0.9999035926250364,-0.013885440415964812,0));
#3188=DIRECTION('',(0.09802724050092412,-0.9951837318403944,0));
#3189=DIRECTION('',(-0.9992090417406287,0.03976544861779222,0));
#3190=FACE_SURFACE('',(#3195),#3191,.T.);
#3191=PLANE('',#3192);
#3192=AXIS2_PLACEMENT_3D('',#250,#3193,#3194);
#3193=DIRECTION('',(0,0,-1));
#3194=DIRECTION('',(-0.9803506921559418,-0.19726256712657333,0));
#3195=FACE_BOUND('',#3196,.T.);
#3196=EDGE_LOOP('',(#3197,#3198,#3199));
#3197=ORIENTED_EDGE('',*,*,#3200,.T.);
#3198=ORIENTED_EDGE('',*,*,#3201,.T.);
#3199=ORIENTED_EDGE('',*,*,#3202,.T.);
#3200=EDGE_CURVE('',#251,#253,#3203,.F.);
#3201=EDGE_CURVE('',#253,#261,#3204,.T.);
#3202=EDGE_CURVE('',#261,#251,#3205,.T.);
#3203=LINE('',#250,#3206);
#3204=LINE('',#252,#3207);
#3205=LINE('',#260,#3208);
#3206=VECTOR('',#3209,1.0);
#3207=VECTOR('',#3210,1.0);
#3208=VECTOR('',#3211,1.0);
#3209=DIRECTION('',(-0.9803506921559418,-0.19726256712657333,0));
#3210=DIRECTION('',(-1,0,0));
#3211=DIRECTION('',(0.982084959517492,0.18843866983590746,0));
#3212=FACE_SURFACE('',(#3217),#3213,.T.);
#3213=PLANE('',#3214);
#3214=AXIS2_PLACEMENT_3D('',#262,#3215,#3216);
#3215=DIRECTION('',(0,-0,-1));
#3216=DIRECTION('',(0,-1,0));
#3217=FACE_BOUND('',#3218,.T.);
#3218=EDGE_LOOP('',(#3219,#3220,#3221));
#3219=ORIENTED_EDGE('',*,*,#3222,.T.);
#3220=ORIENTED_EDGE('',*,*,#3223,.T.);
#3221=ORIENTED_EDGE('',*,*,#3224,.T.);
#3222=EDGE_CURVE('',#263,#265,#3225,.F.);
#3223=EDGE_CURVE('',#265,#267,#3226,.T.);
#3224=EDGE_CURVE('',#267,#263,#3227,.T.);
#3225=LINE('',#262,#3228);
#3226=LINE('',#264,#3229);
#3227=LINE('',#266,#3230);
#3228=VECTOR('',#3231,1.0);
#3229=VECTOR('',#3232,1.0);
#3230=VECTOR('',#3233,1.0);
#3231=DIRECTION('',(0,-1,0));
#3232=DIRECTION('',(-1,0,0));
#3233=DIRECTION('',(0.16938130382774289,0.9855505942941812,0));
#3234=FACE_SURFACE('',(#3239),#3235,.T.);
#3235=PLANE('',#3236);
#3236=AXIS2_PLACEMENT_3D('',#254,#3237,#3238);
#3237=DIRECTION('',(0,0,-1));
#3238=DIRECTION('',(0.9992090417406287,-0.03976544861779222,0));
#3239=FACE_BOUND('',#3240,.T.);
#3240=EDGE_LOOP('',(#3241,#3242,#3243));
#3241=ORIENTED_EDGE('',*,*,#3244,.T.);
#3242=ORIENTED_EDGE('',*,*,#3245,.T.);
#3243=ORIENTED_EDGE('',*,*,#3246,.T.);
#3244=EDGE_CURVE('',#255,#259,#3247,.F.);
#3245=EDGE_CURVE('',#259,#251,#3248,.T.);
#3246=EDGE_CURVE('',#251,#255,#3249,.T.);
#3247=LINE('',#254,#3250);
#3248=LINE('',#258,#3251);
#3249=LINE('',#250,#3252);
#3250=VECTOR('',#3253,1.0);
#3251=VECTOR('',#3254,1.0);
#3252=VECTOR('',#3255,1.0);
#3253=DIRECTION('',(0.9992090417406287,-0.03976544861779222,0));
#3254=DIRECTION('',(0.29028506170254065,-0.956940219111075,0));
#3255=DIRECTION('',(-0.9979417538591698,0.06412687349687482,0));
#3256=FACE_SURFACE('',(#3261),#3257,.T.);
#3257=PLANE('',#3258);
#3258=AXIS2_PLACEMENT_3D('',#268,#3259,#3260);
#3259=DIRECTION('',(0,0,-1));
#3260=DIRECTION('',(0,1,0));
#3261=FACE_BOUND('',#3262,.T.);
#3262=EDGE_LOOP('',(#3263,#3264,#3265));
#3263=ORIENTED_EDGE('',*,*,#3266,.T.);
#3264=ORIENTED_EDGE('',*,*,#3267,.T.);
#3265=ORIENTED_EDGE('',*,*,#3268,.T.);
#3266=EDGE_CURVE('',#269,#255,#3269,.F.);
#3267=EDGE_CURVE('',#255,#251,#3270,.T.);
#3268=EDGE_CURVE('',#251,#269,#3271,.T.);
#3269=LINE('',#268,#3272);
#3270=LINE('',#254,#3273);
#3271=LINE('',#250,#3274);
#3272=VECTOR('',#3275,1.0);
#3273=VECTOR('',#3276,1.0);
#3274=VECTOR('',#3277,1.0);
#3275=DIRECTION('',(0,1,0));
#3276=DIRECTION('',(0.9979417538591698,-0.06412687349687482,0));
#3277=DIRECTION('',(-0.9821097693633523,-0.18830932244863288,0));
#3278=FACE_SURFACE('',(#3283),#3279,.T.);
#3279=PLANE('',#3280);
#3280=AXIS2_PLACEMENT_3D('',#262,#3281,#3282);
#3281=DIRECTION('',(-0,0,-1));
#3282=DIRECTION('',(-0.16938130382774289,-0.9855505942941812,0));
#3283=FACE_BOUND('',#3284,.T.);
#3284=EDGE_LOOP('',(#3285,#3286,#3287));
#3285=ORIENTED_EDGE('',*,*,#3288,.T.);
#3286=ORIENTED_EDGE('',*,*,#3289,.T.);
#3287=ORIENTED_EDGE('',*,*,#3290,.T.);
#3288=EDGE_CURVE('',#263,#267,#3291,.F.);
#3289=EDGE_CURVE('',#267,#271,#3292,.T.);
#3290=EDGE_CURVE('',#271,#263,#3293,.T.);
#3291=LINE('',#262,#3294);
#3292=LINE('',#266,#3295);
#3293=LINE('',#270,#3296);
#3294=VECTOR('',#3297,1.0);
#3295=VECTOR('',#3298,1.0);
#3296=VECTOR('',#3299,1.0);
#3297=DIRECTION('',(-0.16938130382774289,-0.9855505942941812,0));
#3298=DIRECTION('',(0,1,0));
#3299=DIRECTION('',(0.1597140149274813,-0.9871633266262195,0));
#3300=FACE_SURFACE('',(#3305),#3301,.T.);
#3301=PLANE('',#3302);
#3302=AXIS2_PLACEMENT_3D('',#262,#3303,#3304);
#3303=DIRECTION('',(0,0,-1));
#3304=DIRECTION('',(-0.1597140149274813,0.9871633266262195,0));
#3305=FACE_BOUND('',#3306,.T.);
#3306=EDGE_LOOP('',(#3307,#3308,#3309));
#3307=ORIENTED_EDGE('',*,*,#3310,.T.);
#3308=ORIENTED_EDGE('',*,*,#3311,.T.);
#3309=ORIENTED_EDGE('',*,*,#3312,.T.);
#3310=EDGE_CURVE('',#263,#271,#3313,.F.);
#3311=EDGE_CURVE('',#271,#273,#3314,.T.);
#3312=EDGE_CURVE('',#273,#263,#3315,.T.);
#3313=LINE('',#262,#3316);
#3314=LINE('',#270,#3317);
#3315=LINE('',#272,#3318);
#3316=VECTOR('',#3319,1.0);
#3317=VECTOR('',#3320,1.0);
#3318=VECTOR('',#3321,1.0);
#3319=DIRECTION('',(-0.1597140149274813,0.9871633266262195,0));
#3320=DIRECTION('',(1,0,0));
#3321=DIRECTION('',(-0.0030960267044702404,-0.9999952072978376,0));
#3322=FACE_SURFACE('',(#3327),#3323,.T.);
#3323=PLANE('',#3324);
#3324=AXIS2_PLACEMENT_3D('',#268,#3325,#3326);
#3325=DIRECTION('',(0,-0,-1));
#3326=DIRECTION('',(0.9821097693633523,0.18830932244863288,0));
#3327=FACE_BOUND('',#3328,.T.);
#3328=EDGE_LOOP('',(#3329,#3330,#3331));
#3329=ORIENTED_EDGE('',*,*,#3332,.T.);
#3330=ORIENTED_EDGE('',*,*,#3333,.T.);
#3331=ORIENTED_EDGE('',*,*,#3334,.T.);
#3332=EDGE_CURVE('',#269,#251,#3335,.F.);
#3333=EDGE_CURVE('',#251,#261,#3336,.T.);
#3334=EDGE_CURVE('',#261,#269,#3337,.T.);
#3335=LINE('',#268,#3338);
#3336=LINE('',#250,#3339);
#3337=LINE('',#260,#3340);
#3338=VECTOR('',#3341,1.0);
#3339=VECTOR('',#3342,1.0);
#3340=VECTOR('',#3343,1.0);
#3341=DIRECTION('',(0.9821097693633523,0.18830932244863288,0));
#3342=DIRECTION('',(-0.982084959517492,-0.18843866983590746,0));
#3343=DIRECTION('',(0.9820769602560556,0.18848035477000177,0));
#3344=FACE_SURFACE('',(#3349),#3345,.T.);
#3345=PLANE('',#3346);
#3346=AXIS2_PLACEMENT_3D('',#274,#3347,#3348);
#3347=DIRECTION('',(0,0,-1));
#3348=DIRECTION('',(0.9970884614658901,0.07625352458466525,0));
#3349=FACE_BOUND('',#3350,.T.);
#3350=EDGE_LOOP('',(#3351,#3352,#3353));
#3351=ORIENTED_EDGE('',*,*,#3354,.T.);
#3352=ORIENTED_EDGE('',*,*,#3355,.T.);
#3353=ORIENTED_EDGE('',*,*,#3356,.T.);
#3354=EDGE_CURVE('',#275,#277,#3357,.F.);
#3355=EDGE_CURVE('',#277,#279,#3358,.T.);
#3356=EDGE_CURVE('',#279,#275,#3359,.T.);
#3357=LINE('',#274,#3360);
#3358=LINE('',#276,#3361);
#3359=LINE('',#278,#3362);
#3360=VECTOR('',#3363,1.0);
#3361=VECTOR('',#3364,1.0);
#3362=VECTOR('',#3365,1.0);
#3363=DIRECTION('',(0.9970884614658901,0.07625352458466525,0));
#3364=DIRECTION('',(0,-1,0));
#3365=DIRECTION('',(-0.8845978877901861,0.46635456137700776,0));
#3366=FACE_SURFACE('',(#3371),#3367,.T.);
#3367=PLANE('',#3368);
#3368=AXIS2_PLACEMENT_3D('',#278,#3369,#3370);
#3369=DIRECTION('',(0,-0,-1));
#3370=DIRECTION('',(1,0,0));
#3371=FACE_BOUND('',#3372,.T.);
#3372=EDGE_LOOP('',(#3373,#3374,#3375));
#3373=ORIENTED_EDGE('',*,*,#3376,.T.);
#3374=ORIENTED_EDGE('',*,*,#3377,.T.);
#3375=ORIENTED_EDGE('',*,*,#3378,.T.);
#3376=EDGE_CURVE('',#279,#269,#3379,.F.);
#3377=EDGE_CURVE('',#269,#261,#3380,.T.);
#3378=EDGE_CURVE('',#261,#279,#3381,.T.);
#3379=LINE('',#278,#3382);
#3380=LINE('',#268,#3383);
#3381=LINE('',#260,#3384);
#3382=VECTOR('',#3385,1.0);
#3383=VECTOR('',#3386,1.0);
#3384=VECTOR('',#3387,1.0);
#3385=DIRECTION('',(1,0,0));
#3386=DIRECTION('',(-0.9820769602560556,-0.18848035477000177,0));
#3387=DIRECTION('',(0.9630096159489051,0.2694670287622261,0));
#3388=FACE_SURFACE('',(#3393),#3389,.T.);
#3389=PLANE('',#3390);
#3390=AXIS2_PLACEMENT_3D('',#260,#3391,#3392);
#3391=DIRECTION('',(0,0,-1));
#3392=DIRECTION('',(-1,0,0));
#3393=FACE_BOUND('',#3394,.T.);
#3394=EDGE_LOOP('',(#3395,#3396,#3397));
#3395=ORIENTED_EDGE('',*,*,#3398,.T.);
#3396=ORIENTED_EDGE('',*,*,#3399,.T.);
#3397=ORIENTED_EDGE('',*,*,#3400,.T.);
#3398=EDGE_CURVE('',#261,#263,#3401,.F.);
#3399=EDGE_CURVE('',#263,#273,#3402,.T.);
#3400=EDGE_CURVE('',#273,#261,#3403,.T.);
#3401=LINE('',#260,#3404);
#3402=LINE('',#262,#3405);
#3403=LINE('',#272,#3406);
#3404=VECTOR('',#3407,1.0);
#3405=VECTOR('',#3408,1.0);
#3406=VECTOR('',#3409,1.0);
#3407=DIRECTION('',(-1,0,0));
#3408=DIRECTION('',(0.0030960267044702404,0.9999952072978376,0));
#3409=DIRECTION('',(0.6842474451851436,-0.7292499117295825,0));
#3410=FACE_SURFACE('',(#3415),#3411,.T.);
#3411=PLANE('',#3412);
#3412=AXIS2_PLACEMENT_3D('',#260,#3413,#3414);
#3413=DIRECTION('',(0,0,-1));
#3414=DIRECTION('',(-0.6842474451851436,0.7292499117295825,0));
#3415=FACE_BOUND('',#3416,.T.);
#3416=EDGE_LOOP('',(#3417,#3418,#3419));
#3417=ORIENTED_EDGE('',*,*,#3420,.T.);
#3418=ORIENTED_EDGE('',*,*,#3421,.T.);
#3419=ORIENTED_EDGE('',*,*,#3422,.T.);
#3420=EDGE_CURVE('',#261,#273,#3423,.F.);
#3421=EDGE_CURVE('',#273,#281,#3424,.T.);
#3422=EDGE_CURVE('',#281,#261,#3425,.T.);
#3423=LINE('',#260,#3426);
#3424=LINE('',#272,#3427);
#3425=LINE('',#280,#3428);
#3426=VECTOR('',#3429,1.0);
#3427=VECTOR('',#3430,1.0);
#3428=VECTOR('',#3431,1.0);
#3429=DIRECTION('',(-0.6842474451851436,0.7292499117295825,0));
#3430=DIRECTION('',(1,0,0));
#3431=DIRECTION('',(-0.003095513697504996,-0.9999952088859969,0));
#3432=FACE_SURFACE('',(#3437),#3433,.T.);
#3433=PLANE('',#3434);
#3434=AXIS2_PLACEMENT_3D('',#282,#3435,#3436);
#3435=DIRECTION('',(0,0,-1));
#3436=DIRECTION('',(0,1,0));
#3437=FACE_BOUND('',#3438,.T.);
#3438=EDGE_LOOP('',(#3439,#3440,#3441));
#3439=ORIENTED_EDGE('',*,*,#3442,.T.);
#3440=ORIENTED_EDGE('',*,*,#3443,.T.);
#3441=ORIENTED_EDGE('',*,*,#3444,.T.);
#3442=EDGE_CURVE('',#283,#275,#3445,.F.);
#3443=EDGE_CURVE('',#275,#279,#3446,.T.);
#3444=EDGE_CURVE('',#279,#283,#3447,.T.);
#3445=LINE('',#282,#3448);
#3446=LINE('',#274,#3449);
#3447=LINE('',#278,#3450);
#3448=VECTOR('',#3451,1.0);
#3449=VECTOR('',#3452,1.0);
#3450=VECTOR('',#3453,1.0);
#3451=DIRECTION('',(0,1,0));
#3452=DIRECTION('',(0.8845978877901861,-0.46635456137700776,0));
#3453=DIRECTION('',(-0.9987401761181831,-0.05018028106159449,0));
#3454=FACE_SURFACE('',(#3459),#3455,.T.);
#3455=PLANE('',#3456);
#3456=AXIS2_PLACEMENT_3D('',#282,#3457,#3458);
#3457=DIRECTION('',(0,-0,-1));
#3458=DIRECTION('',(0.9987401761181831,0.05018028106159449,0));
#3459=FACE_BOUND('',#3460,.T.);
#3460=EDGE_LOOP('',(#3461,#3462,#3463));
#3461=ORIENTED_EDGE('',*,*,#3464,.T.);
#3462=ORIENTED_EDGE('',*,*,#3465,.T.);
#3463=ORIENTED_EDGE('',*,*,#3466,.T.);
#3464=EDGE_CURVE('',#283,#279,#3467,.F.);
#3465=EDGE_CURVE('',#279,#261,#3468,.T.);
#3466=EDGE_CURVE('',#261,#283,#3469,.T.);
#3467=LINE('',#282,#3470);
#3468=LINE('',#278,#3471);
#3469=LINE('',#260,#3472);
#3470=VECTOR('',#3473,1.0);
#3471=VECTOR('',#3474,1.0);
#3472=VECTOR('',#3475,1.0);
#3473=DIRECTION('',(0.9987401761181831,0.05018028106159449,0));
#3474=DIRECTION('',(-0.9630096159489051,-0.2694670287622261,0));
#3475=DIRECTION('',(0.9316980088399981,0.36323383697500256,0));
#3476=FACE_SURFACE('',(#3481),#3477,.T.);
#3477=PLANE('',#3478);
#3478=AXIS2_PLACEMENT_3D('',#260,#3479,#3480);
#3479=DIRECTION('',(0,0,-1));
#3480=DIRECTION('',(0.003095513697504996,0.9999952088859969,0));
#3481=FACE_BOUND('',#3482,.T.);
#3482=EDGE_LOOP('',(#3483,#3484,#3485));
#3483=ORIENTED_EDGE('',*,*,#3486,.T.);
#3484=ORIENTED_EDGE('',*,*,#3487,.T.);
#3485=ORIENTED_EDGE('',*,*,#3488,.T.);
#3486=EDGE_CURVE('',#261,#281,#3489,.F.);
#3487=EDGE_CURVE('',#281,#285,#3490,.T.);
#3488=EDGE_CURVE('',#285,#261,#3491,.T.);
#3489=LINE('',#260,#3492);
#3490=LINE('',#280,#3493);
#3491=LINE('',#284,#3494);
#3492=VECTOR('',#3495,1.0);
#3493=VECTOR('',#3496,1.0);
#3494=VECTOR('',#3497,1.0);
#3495=DIRECTION('',(0.003095513697504996,0.9999952088859969,0));
#3496=DIRECTION('',(1,0,0));
#3497=DIRECTION('',(-0.32416284781876864,-0.9460012939177335,0));
#3498=FACE_SURFACE('',(#3503),#3499,.T.);
#3499=PLANE('',#3500);
#3500=AXIS2_PLACEMENT_3D('',#260,#3501,#3502);
#3501=DIRECTION('',(0,0,-1));
#3502=DIRECTION('',(0.32416284781876864,0.9460012939177335,0));
#3503=FACE_BOUND('',#3504,.T.);
#3504=EDGE_LOOP('',(#3505,#3506,#3507));
#3505=ORIENTED_EDGE('',*,*,#3508,.T.);
#3506=ORIENTED_EDGE('',*,*,#3509,.T.);
#3507=ORIENTED_EDGE('',*,*,#3510,.T.);
#3508=EDGE_CURVE('',#261,#285,#3511,.F.);
#3509=EDGE_CURVE('',#285,#287,#3512,.T.);
#3510=EDGE_CURVE('',#287,#261,#3513,.T.);
#3511=LINE('',#260,#3514);
#3512=LINE('',#284,#3515);
#3513=LINE('',#286,#3516);
#3514=VECTOR('',#3517,1.0);
#3515=VECTOR('',#3518,1.0);
#3516=VECTOR('',#3519,1.0);
#3517=DIRECTION('',(0.32416284781876864,0.9460012939177335,0));
#3518=DIRECTION('',(1,0,0));
#3519=DIRECTION('',(-0.7889671596998632,-0.6144353675653206,0));
#3520=FACE_SURFACE('',(#3525),#3521,.T.);
#3521=PLANE('',#3522);
#3522=AXIS2_PLACEMENT_3D('',#288,#3523,#3524);
#3523=DIRECTION('',(0,-0,-1));
#3524=DIRECTION('',(1,0,0));
#3525=FACE_BOUND('',#3526,.T.);
#3526=EDGE_LOOP('',(#3527,#3528,#3529));
#3527=ORIENTED_EDGE('',*,*,#3530,.T.);
#3528=ORIENTED_EDGE('',*,*,#3531,.T.);
#3529=ORIENTED_EDGE('',*,*,#3532,.T.);
#3530=EDGE_CURVE('',#289,#283,#3533,.F.);
#3531=EDGE_CURVE('',#283,#261,#3534,.T.);
#3532=EDGE_CURVE('',#261,#289,#3535,.T.);
#3533=LINE('',#288,#3536);
#3534=LINE('',#282,#3537);
#3535=LINE('',#260,#3538);
#3536=VECTOR('',#3539,1.0);
#3537=VECTOR('',#3540,1.0);
#3538=VECTOR('',#3541,1.0);
#3539=DIRECTION('',(1,0,0));
#3540=DIRECTION('',(-0.9316980088399981,-0.36323383697500256,0));
#3541=DIRECTION('',(0.8514599297311234,0.5244196678827658,0));
#3542=FACE_SURFACE('',(#3547),#3543,.T.);
#3543=PLANE('',#3544);
#3544=AXIS2_PLACEMENT_3D('',#260,#3545,#3546);
#3545=DIRECTION('',(0,0,-1));
#3546=DIRECTION('',(0.7889671596998632,0.6144353675653206,0));
#3547=FACE_BOUND('',#3548,.T.);
#3548=EDGE_LOOP('',(#3549,#3550,#3551));
#3549=ORIENTED_EDGE('',*,*,#3552,.T.);
#3550=ORIENTED_EDGE('',*,*,#3553,.T.);
#3551=ORIENTED_EDGE('',*,*,#3554,.T.);
#3552=EDGE_CURVE('',#261,#287,#3555,.F.);
#3553=EDGE_CURVE('',#287,#289,#3556,.T.);
#3554=EDGE_CURVE('',#289,#261,#3557,.T.);
#3555=LINE('',#260,#3558);
#3556=LINE('',#286,#3559);
#3557=LINE('',#288,#3560);
#3558=VECTOR('',#3561,1.0);
#3559=VECTOR('',#3562,1.0);
#3560=VECTOR('',#3563,1.0);
#3561=DIRECTION('',(0.7889671596998632,0.6144353675653206,0));
#3562=DIRECTION('',(1,0,0));
#3563=DIRECTION('',(-0.8514599297311234,-0.5244196678827658,0));
#3564=FACE_SURFACE('',(#3569),#3565,.T.);
#3565=PLANE('',#3566);
#3566=AXIS2_PLACEMENT_3D('',#290,#3567,#3568);
#3567=DIRECTION('',(0,0,-1));
#3568=DIRECTION('',(-1,0,0));
#3569=FACE_BOUND('',#3570,.T.);
#3570=EDGE_LOOP('',(#3571,#3572,#3573));
#3571=ORIENTED_EDGE('',*,*,#3574,.T.);
#3572=ORIENTED_EDGE('',*,*,#3575,.T.);
#3573=ORIENTED_EDGE('',*,*,#3576,.T.);
#3574=EDGE_CURVE('',#291,#293,#3577,.F.);
#3575=EDGE_CURVE('',#293,#295,#3578,.T.);
#3576=EDGE_CURVE('',#295,#291,#3579,.T.);
#3577=LINE('',#290,#3580);
#3578=LINE('',#292,#3581);
#3579=LINE('',#294,#3582);
#3580=VECTOR('',#3583,1.0);
#3581=VECTOR('',#3584,1.0);
#3582=VECTOR('',#3585,1.0);
#3583=DIRECTION('',(-1,0,0));
#3584=DIRECTION('',(0.00188899547748479,0.9999982158464514,0));
#3585=DIRECTION('',(0.9943943945682755,-0.10573451683907656,0));
#3586=FACE_SURFACE('',(#3591),#3587,.T.);
#3587=PLANE('',#3588);
#3588=AXIS2_PLACEMENT_3D('',#290,#3589,#3590);
#3589=DIRECTION('',(0,0,-1));
#3590=DIRECTION('',(-0.9943943945682755,0.10573451683907656,0));
#3591=FACE_BOUND('',#3592,.T.);
#3592=EDGE_LOOP('',(#3593,#3594,#3595));
#3593=ORIENTED_EDGE('',*,*,#3596,.T.);
#3594=ORIENTED_EDGE('',*,*,#3597,.T.);
#3595=ORIENTED_EDGE('',*,*,#3598,.T.);
#3596=EDGE_CURVE('',#291,#295,#3599,.F.);
#3597=EDGE_CURVE('',#295,#297,#3600,.T.);
#3598=EDGE_CURVE('',#297,#291,#3601,.T.);
#3599=LINE('',#290,#3602);
#3600=LINE('',#294,#3603);
#3601=LINE('',#296,#3604);
#3602=VECTOR('',#3605,1.0);
#3603=VECTOR('',#3606,1.0);
#3604=VECTOR('',#3607,1.0);
#3605=DIRECTION('',(-0.9943943945682755,0.10573451683907656,0));
#3606=DIRECTION('',(1,0,0));
#3607=DIRECTION('',(0.993053414744975,-0.11766441885015462,0));
#3608=FACE_SURFACE('',(#3613),#3609,.T.);
#3609=PLANE('',#3610);
#3610=AXIS2_PLACEMENT_3D('',#298,#3611,#3612);
#3611=DIRECTION('',(0,0,-1));
#3612=DIRECTION('',(-1,0,0));
#3613=FACE_BOUND('',#3614,.T.);
#3614=EDGE_LOOP('',(#3615,#3616,#3617));
#3615=ORIENTED_EDGE('',*,*,#3618,.T.);
#3616=ORIENTED_EDGE('',*,*,#3619,.T.);
#3617=ORIENTED_EDGE('',*,*,#3620,.T.);
#3618=EDGE_CURVE('',#299,#301,#3621,.F.);
#3619=EDGE_CURVE('',#301,#291,#3622,.T.);
#3620=EDGE_CURVE('',#291,#299,#3623,.T.);
#3621=LINE('',#298,#3624);
#3622=LINE('',#300,#3625);
#3623=LINE('',#290,#3626);
#3624=VECTOR('',#3627,1.0);
#3625=VECTOR('',#3628,1.0);
#3626=VECTOR('',#3629,1.0);
#3627=DIRECTION('',(-1,0,0));
#3628=DIRECTION('',(0,1,0));
#3629=DIRECTION('',(0.7029462428310881,-0.7112429821725181,0));
#3630=FACE_SURFACE('',(#3635),#3631,.T.);
#3631=PLANE('',#3632);
#3632=AXIS2_PLACEMENT_3D('',#302,#3633,#3634);
#3633=DIRECTION('',(0,0,-1));
#3634=DIRECTION('',(-1,0,0));
#3635=FACE_BOUND('',#3636,.T.);
#3636=EDGE_LOOP('',(#3637,#3638,#3639));
#3637=ORIENTED_EDGE('',*,*,#3640,.T.);
#3638=ORIENTED_EDGE('',*,*,#3641,.T.);
#3639=ORIENTED_EDGE('',*,*,#3642,.T.);
#3640=EDGE_CURVE('',#303,#299,#3643,.F.);
#3641=EDGE_CURVE('',#299,#291,#3644,.T.);
#3642=EDGE_CURVE('',#291,#303,#3645,.T.);
#3643=LINE('',#302,#3646);
#3644=LINE('',#298,#3647);
#3645=LINE('',#290,#3648);
#3646=VECTOR('',#3649,1.0);
#3647=VECTOR('',#3650,1.0);
#3648=VECTOR('',#3651,1.0);
#3649=DIRECTION('',(-1,0,0));
#3650=DIRECTION('',(-0.7029462428310881,0.7112429821725181,0));
#3651=DIRECTION('',(0.988327087626788,-0.15234686692922644,0));
#3652=FACE_SURFACE('',(#3657),#3653,.T.);
#3653=PLANE('',#3654);
#3654=AXIS2_PLACEMENT_3D('',#290,#3655,#3656);
#3655=DIRECTION('',(0,0,-1));
#3656=DIRECTION('',(-0.993053414744975,0.11766441885015462,0));
#3657=FACE_BOUND('',#3658,.T.);
#3658=EDGE_LOOP('',(#3659,#3660,#3661));
#3659=ORIENTED_EDGE('',*,*,#3662,.T.);
#3660=ORIENTED_EDGE('',*,*,#3663,.T.);
#3661=ORIENTED_EDGE('',*,*,#3664,.T.);
#3662=EDGE_CURVE('',#291,#297,#3665,.F.);
#3663=EDGE_CURVE('',#297,#305,#3666,.T.);
#3664=EDGE_CURVE('',#305,#291,#3667,.T.);
#3665=LINE('',#290,#3668);
#3666=LINE('',#296,#3669);
#3667=LINE('',#304,#3670);
#3668=VECTOR('',#3671,1.0);
#3669=VECTOR('',#3672,1.0);
#3670=VECTOR('',#3673,1.0);
#3671=DIRECTION('',(-0.993053414744975,0.11766441885015462,0));
#3672=DIRECTION('',(1,0,0));
#3673=DIRECTION('',(0.9435583675544899,-0.3312062907281596,0));
#3674=FACE_SURFACE('',(#3679),#3675,.T.);
#3675=PLANE('',#3676);
#3676=AXIS2_PLACEMENT_3D('',#290,#3677,#3678);
#3677=DIRECTION('',(0,0,-1));
#3678=DIRECTION('',(-0.9435583675544899,0.3312062907281596,0));
#3679=FACE_BOUND('',#3680,.T.);
#3680=EDGE_LOOP('',(#3681,#3682,#3683));
#3681=ORIENTED_EDGE('',*,*,#3684,.T.);
#3682=ORIENTED_EDGE('',*,*,#3685,.T.);
#3683=ORIENTED_EDGE('',*,*,#3686,.T.);
#3684=EDGE_CURVE('',#291,#305,#3687,.F.);
#3685=EDGE_CURVE('',#305,#307,#3688,.T.);
#3686=EDGE_CURVE('',#307,#291,#3689,.T.);
#3687=LINE('',#290,#3690);
#3688=LINE('',#304,#3691);
#3689=LINE('',#306,#3692);
#3690=VECTOR('',#3693,1.0);
#3691=VECTOR('',#3694,1.0);
#3692=VECTOR('',#3695,1.0);
#3693=DIRECTION('',(-0.9435583675544899,0.3312062907281596,0));
#3694=DIRECTION('',(1,0,0));
#3695=DIRECTION('',(0.6396486803597995,-0.7686673960263743,0));
#3696=FACE_SURFACE('',(#3701),#3697,.T.);
#3697=PLANE('',#3698);
#3698=AXIS2_PLACEMENT_3D('',#308,#3699,#3700);
#3699=DIRECTION('',(0,0,-1));
#3700=DIRECTION('',(-1,0,0));
#3701=FACE_BOUND('',#3702,.T.);
#3702=EDGE_LOOP('',(#3703,#3704,#3705));
#3703=ORIENTED_EDGE('',*,*,#3706,.T.);
#3704=ORIENTED_EDGE('',*,*,#3707,.T.);
#3705=ORIENTED_EDGE('',*,*,#3708,.T.);
#3706=EDGE_CURVE('',#309,#303,#3709,.F.);
#3707=EDGE_CURVE('',#303,#291,#3710,.T.);
#3708=EDGE_CURVE('',#291,#309,#3711,.T.);
#3709=LINE('',#308,#3712);
#3710=LINE('',#302,#3713);
#3711=LINE('',#290,#3714);
#3712=VECTOR('',#3715,1.0);
#3713=VECTOR('',#3716,1.0);
#3714=VECTOR('',#3717,1.0);
#3715=DIRECTION('',(-1,0,0));
#3716=DIRECTION('',(-0.988327087626788,0.15234686692922644,0));
#3717=DIRECTION('',(0.9931039858660152,-0.1172368255158477,0));
#3718=FACE_SURFACE('',(#3723),#3719,.T.);
#3719=PLANE('',#3720);
#3720=AXIS2_PLACEMENT_3D('',#310,#3721,#3722);
#3721=DIRECTION('',(0,0,-1));
#3722=DIRECTION('',(-1,0,0));
#3723=FACE_BOUND('',#3724,.T.);
#3724=EDGE_LOOP('',(#3725,#3726,#3727));
#3725=ORIENTED_EDGE('',*,*,#3728,.T.);
#3726=ORIENTED_EDGE('',*,*,#3729,.T.);
#3727=ORIENTED_EDGE('',*,*,#3730,.T.);
#3728=EDGE_CURVE('',#311,#309,#3731,.F.);
#3729=EDGE_CURVE('',#309,#291,#3732,.T.);
#3730=EDGE_CURVE('',#291,#311,#3733,.T.);
#3731=LINE('',#310,#3734);
#3732=LINE('',#308,#3735);
#3733=LINE('',#290,#3736);
#3734=VECTOR('',#3737,1.0);
#3735=VECTOR('',#3738,1.0);
#3736=VECTOR('',#3739,1.0);
#3737=DIRECTION('',(-1,0,0));
#3738=DIRECTION('',(-0.9931039858660152,0.1172368255158477,0));
#3739=DIRECTION('',(0.9974477919735824,-0.07139959584636973,0));
#3740=FACE_SURFACE('',(#3745),#3741,.T.);
#3741=PLANE('',#3742);
#3742=AXIS2_PLACEMENT_3D('',#290,#3743,#3744);
#3743=DIRECTION('',(0,0,-1));
#3744=DIRECTION('',(-0.6396486803597995,0.7686673960263743,0));
#3745=FACE_BOUND('',#3746,.T.);
#3746=EDGE_LOOP('',(#3747,#3748,#3749));
#3747=ORIENTED_EDGE('',*,*,#3750,.T.);
#3748=ORIENTED_EDGE('',*,*,#3751,.T.);
#3749=ORIENTED_EDGE('',*,*,#3752,.T.);
#3750=EDGE_CURVE('',#291,#307,#3753,.F.);
#3751=EDGE_CURVE('',#307,#313,#3754,.T.);
#3752=EDGE_CURVE('',#313,#291,#3755,.T.);
#3753=LINE('',#290,#3756);
#3754=LINE('',#306,#3757);
#3755=LINE('',#312,#3758);
#3756=VECTOR('',#3759,1.0);
#3757=VECTOR('',#3760,1.0);
#3758=VECTOR('',#3761,1.0);
#3759=DIRECTION('',(-0.6396486803597995,0.7686673960263743,0));
#3760=DIRECTION('',(1,0,0));
#3761=DIRECTION('',(-0.9786256144045031,-0.20564996190471047,0));
#3762=FACE_SURFACE('',(#3767),#3763,.T.);
#3763=PLANE('',#3764);
#3764=AXIS2_PLACEMENT_3D('',#290,#3765,#3766);
#3765=DIRECTION('',(0,0,-1));
#3766=DIRECTION('',(0.9786256144045031,0.20564996190471047,0));
#3767=FACE_BOUND('',#3768,.T.);
#3768=EDGE_LOOP('',(#3769,#3770,#3771));
#3769=ORIENTED_EDGE('',*,*,#3772,.T.);
#3770=ORIENTED_EDGE('',*,*,#3773,.T.);
#3771=ORIENTED_EDGE('',*,*,#3774,.T.);
#3772=EDGE_CURVE('',#291,#313,#3775,.F.);
#3773=EDGE_CURVE('',#313,#315,#3776,.T.);
#3774=EDGE_CURVE('',#315,#291,#3777,.T.);
#3775=LINE('',#290,#3778);
#3776=LINE('',#312,#3779);
#3777=LINE('',#314,#3780);
#3778=VECTOR('',#3781,1.0);
#3779=VECTOR('',#3782,1.0);
#3780=VECTOR('',#3783,1.0);
#3781=DIRECTION('',(0.9786256144045031,0.20564996190471047,0));
#3782=DIRECTION('',(1,0,0));
#3783=DIRECTION('',(-0.9892829566703638,-0.1460110668461232,0));
#3784=FACE_SURFACE('',(#3789),#3785,.T.);
#3785=PLANE('',#3786);
#3786=AXIS2_PLACEMENT_3D('',#316,#3787,#3788);
#3787=DIRECTION('',(0,0,-1));
#3788=DIRECTION('',(-1,0,0));
#3789=FACE_BOUND('',#3790,.T.);
#3790=EDGE_LOOP('',(#3791,#3792,#3793));
#3791=ORIENTED_EDGE('',*,*,#3794,.T.);
#3792=ORIENTED_EDGE('',*,*,#3795,.T.);
#3793=ORIENTED_EDGE('',*,*,#3796,.T.);
#3794=EDGE_CURVE('',#317,#311,#3797,.F.);
#3795=EDGE_CURVE('',#311,#291,#3798,.T.);
#3796=EDGE_CURVE('',#291,#317,#3799,.T.);
#3797=LINE('',#316,#3800);
#3798=LINE('',#310,#3801);
#3799=LINE('',#290,#3802);
#3800=VECTOR('',#3803,1.0);
#3801=VECTOR('',#3804,1.0);
#3802=VECTOR('',#3805,1.0);
#3803=DIRECTION('',(-1,0,0));
#3804=DIRECTION('',(-0.9974477919735824,0.07139959584636973,0));
#3805=DIRECTION('',(0.9980412443627265,-0.06255936821053057,0));
#3806=FACE_SURFACE('',(#3811),#3807,.T.);
#3807=PLANE('',#3808);
#3808=AXIS2_PLACEMENT_3D('',#318,#3809,#3810);
#3809=DIRECTION('',(-0,0,-1));
#3810=DIRECTION('',(-0.9871203640197681,-0.15997933284484128,0));
#3811=FACE_BOUND('',#3812,.T.);
#3812=EDGE_LOOP('',(#3813,#3814,#3815));
#3813=ORIENTED_EDGE('',*,*,#3816,.T.);
#3814=ORIENTED_EDGE('',*,*,#3817,.T.);
#3815=ORIENTED_EDGE('',*,*,#3818,.T.);
#3816=EDGE_CURVE('',#319,#321,#3819,.F.);
#3817=EDGE_CURVE('',#321,#323,#3820,.T.);
#3818=EDGE_CURVE('',#323,#319,#3821,.T.);
#3819=LINE('',#318,#3822);
#3820=LINE('',#320,#3823);
#3821=LINE('',#322,#3824);
#3822=VECTOR('',#3825,1.0);
#3823=VECTOR('',#3826,1.0);
#3824=VECTOR('',#3827,1.0);
#3825=DIRECTION('',(-0.9871203640197681,-0.15997933284484128,0));
#3826=DIRECTION('',(0,1,0));
#3827=DIRECTION('',(1,0,0));
#3828=FACE_SURFACE('',(#3833),#3829,.T.);
#3829=PLANE('',#3830);
#3830=AXIS2_PLACEMENT_3D('',#322,#3831,#3832);
#3831=DIRECTION('',(0,0,-1));
#3832=DIRECTION('',(-1,0,0));
#3833=FACE_BOUND('',#3834,.T.);
#3834=EDGE_LOOP('',(#3835,#3836,#3837));
#3835=ORIENTED_EDGE('',*,*,#3838,.T.);
#3836=ORIENTED_EDGE('',*,*,#3839,.T.);
#3837=ORIENTED_EDGE('',*,*,#3840,.T.);
#3838=EDGE_CURVE('',#323,#317,#3841,.F.);
#3839=EDGE_CURVE('',#317,#291,#3842,.T.);
#3840=EDGE_CURVE('',#291,#323,#3843,.T.);
#3841=LINE('',#322,#3844);
#3842=LINE('',#316,#3845);
#3843=LINE('',#290,#3846);
#3844=VECTOR('',#3847,1.0);
#3845=VECTOR('',#3848,1.0);
#3846=VECTOR('',#3849,1.0);
#3847=DIRECTION('',(-1,0,0));
#3848=DIRECTION('',(-0.9980412443627265,0.06255936821053057,0));
#3849=DIRECTION('',(0.9989153083948423,-0.046564005996447645,0));
#3850=FACE_SURFACE('',(#3855),#3851,.T.);
#3851=PLANE('',#3852);
#3852=AXIS2_PLACEMENT_3D('',#290,#3853,#3854);
#3853=DIRECTION('',(0,0,-1));
#3854=DIRECTION('',(0.9892829566703638,0.1460110668461232,0));
#3855=FACE_BOUND('',#3856,.T.);
#3856=EDGE_LOOP('',(#3857,#3858,#3859));
#3857=ORIENTED_EDGE('',*,*,#3860,.T.);
#3858=ORIENTED_EDGE('',*,*,#3861,.T.);
#3859=ORIENTED_EDGE('',*,*,#3862,.T.);
#3860=EDGE_CURVE('',#291,#315,#3863,.F.);
#3861=EDGE_CURVE('',#315,#325,#3864,.T.);
#3862=EDGE_CURVE('',#325,#291,#3865,.T.);
#3863=LINE('',#290,#3866);
#3864=LINE('',#314,#3867);
#3865=LINE('',#324,#3868);
#3866=VECTOR('',#3869,1.0);
#3867=VECTOR('',#3870,1.0);
#3868=VECTOR('',#3871,1.0);
#3869=DIRECTION('',(0.9892829566703638,0.1460110668461232,0));
#3870=DIRECTION('',(1,0,0));
#3871=DIRECTION('',(-0.9967463536090365,-0.08060214989123883,0));
#3872=FACE_SURFACE('',(#3877),#3873,.T.);
#3873=PLANE('',#3874);
#3874=AXIS2_PLACEMENT_3D('',#290,#3875,#3876);
#3875=DIRECTION('',(0,0,-1));
#3876=DIRECTION('',(0.9967463536090365,0.08060214989123883,0));
#3877=FACE_BOUND('',#3878,.T.);
#3878=EDGE_LOOP('',(#3879,#3880,#3881));
#3879=ORIENTED_EDGE('',*,*,#3882,.T.);
#3880=ORIENTED_EDGE('',*,*,#3883,.T.);
#3881=ORIENTED_EDGE('',*,*,#3884,.T.);
#3882=EDGE_CURVE('',#291,#325,#3885,.F.);
#3883=EDGE_CURVE('',#325,#327,#3886,.T.);
#3884=EDGE_CURVE('',#327,#291,#3887,.T.);
#3885=LINE('',#290,#3888);
#3886=LINE('',#324,#3889);
#3887=LINE('',#326,#3890);
#3888=VECTOR('',#3891,1.0);
#3889=VECTOR('',#3892,1.0);
#3890=VECTOR('',#3893,1.0);
#3891=DIRECTION('',(0.9967463536090365,0.08060214989123883,0));
#3892=DIRECTION('',(1,0,0));
#3893=DIRECTION('',(-0.9975917409480618,-0.06935934250131981,0));
#3894=FACE_SURFACE('',(#3899),#3895,.T.);
#3895=PLANE('',#3896);
#3896=AXIS2_PLACEMENT_3D('',#318,#3897,#3898);
#3897=DIRECTION('',(0,0,-1));
#3898=DIRECTION('',(-1,0,0));
#3899=FACE_BOUND('',#3900,.T.);
#3900=EDGE_LOOP('',(#3901,#3902,#3903));
#3901=ORIENTED_EDGE('',*,*,#3904,.T.);
#3902=ORIENTED_EDGE('',*,*,#3905,.T.);
#3903=ORIENTED_EDGE('',*,*,#3906,.T.);
#3904=EDGE_CURVE('',#319,#323,#3907,.F.);
#3905=EDGE_CURVE('',#323,#291,#3908,.T.);
#3906=EDGE_CURVE('',#291,#319,#3909,.T.);
#3907=LINE('',#318,#3910);
#3908=LINE('',#322,#3911);
#3909=LINE('',#290,#3912);
#3910=VECTOR('',#3913,1.0);
#3911=VECTOR('',#3914,1.0);
#3912=VECTOR('',#3915,1.0);
#3913=DIRECTION('',(-1,0,0));
#3914=DIRECTION('',(-0.9989153083948423,0.046564005996447645,0));
#3915=DIRECTION('',(0.999090910044495,-0.04263042887965064,0));
#3916=FACE_SURFACE('',(#3921),#3917,.T.);
#3917=PLANE('',#3918);
#3918=AXIS2_PLACEMENT_3D('',#328,#3919,#3920);
#3919=DIRECTION('',(0,-0,-1));
#3920=DIRECTION('',(0,-1,0));
#3921=FACE_BOUND('',#3922,.T.);
#3922=EDGE_LOOP('',(#3923,#3924,#3925));
#3923=ORIENTED_EDGE('',*,*,#3926,.T.);
#3924=ORIENTED_EDGE('',*,*,#3927,.T.);
#3925=ORIENTED_EDGE('',*,*,#3928,.T.);
#3926=EDGE_CURVE('',#329,#331,#3929,.F.);
#3927=EDGE_CURVE('',#331,#333,#3930,.T.);
#3928=EDGE_CURVE('',#333,#329,#3931,.T.);
#3929=LINE('',#328,#3932);
#3930=LINE('',#330,#3933);
#3931=LINE('',#332,#3934);
#3932=VECTOR('',#3935,1.0);
#3933=VECTOR('',#3936,1.0);
#3934=VECTOR('',#3937,1.0);
#3935=DIRECTION('',(0,-1,0));
#3936=DIRECTION('',(-1,0,0));
#3937=DIRECTION('',(0.6989508101157355,0.7151697456118771,0));
#3938=FACE_SURFACE('',(#3943),#3939,.T.);
#3939=PLANE('',#3940);
#3940=AXIS2_PLACEMENT_3D('',#332,#3941,#3942);
#3941=DIRECTION('',(0,0,-1));
#3942=DIRECTION('',(-1,0,0));
#3943=FACE_BOUND('',#3944,.T.);
#3944=EDGE_LOOP('',(#3945,#3946,#3947));
#3945=ORIENTED_EDGE('',*,*,#3948,.T.);
#3946=ORIENTED_EDGE('',*,*,#3949,.T.);
#3947=ORIENTED_EDGE('',*,*,#3950,.T.);
#3948=EDGE_CURVE('',#333,#319,#3951,.F.);
#3949=EDGE_CURVE('',#319,#291,#3952,.T.);
#3950=EDGE_CURVE('',#291,#333,#3953,.T.);
#3951=LINE('',#332,#3954);
#3952=LINE('',#318,#3955);
#3953=LINE('',#290,#3956);
#3954=VECTOR('',#3957,1.0);
#3955=VECTOR('',#3958,1.0);
#3956=VECTOR('',#3959,1.0);
#3957=DIRECTION('',(-1,0,0));
#3958=DIRECTION('',(-0.999090910044495,0.04263042887965064,0));
#3959=DIRECTION('',(0.9994033346574788,-0.03453946547807976,0));
#3960=FACE_SURFACE('',(#3965),#3961,.T.);
#3961=PLANE('',#3962);
#3962=AXIS2_PLACEMENT_3D('',#290,#3963,#3964);
#3963=DIRECTION('',(0,0,-1));
#3964=DIRECTION('',(0.9975917409480618,0.06935934250131981,0));
#3965=FACE_BOUND('',#3966,.T.);
#3966=EDGE_LOOP('',(#3967,#3968,#3969));
#3967=ORIENTED_EDGE('',*,*,#3970,.T.);
#3968=ORIENTED_EDGE('',*,*,#3971,.T.);
#3969=ORIENTED_EDGE('',*,*,#3972,.T.);
#3970=EDGE_CURVE('',#291,#327,#3973,.F.);
#3971=EDGE_CURVE('',#327,#335,#3974,.T.);
#3972=EDGE_CURVE('',#335,#291,#3975,.T.);
#3973=LINE('',#290,#3976);
#3974=LINE('',#326,#3977);
#3975=LINE('',#334,#3978);
#3976=VECTOR('',#3979,1.0);
#3977=VECTOR('',#3980,1.0);
#3978=VECTOR('',#3981,1.0);
#3979=DIRECTION('',(0.9975917409480618,0.06935934250131981,0));
#3980=DIRECTION('',(1,0,0));
#3981=DIRECTION('',(-0.9987490695292629,-0.050002961056638,0));
#3982=FACE_SURFACE('',(#3987),#3983,.T.);
#3983=PLANE('',#3984);
#3984=AXIS2_PLACEMENT_3D('',#290,#3985,#3986);
#3985=DIRECTION('',(0,0,-1));
#3986=DIRECTION('',(0.9987490695292629,0.050002961056638,0));
#3987=FACE_BOUND('',#3988,.T.);
#3988=EDGE_LOOP('',(#3989,#3990,#3991));
#3989=ORIENTED_EDGE('',*,*,#3992,.T.);
#3990=ORIENTED_EDGE('',*,*,#3993,.T.);
#3991=ORIENTED_EDGE('',*,*,#3994,.T.);
#3992=EDGE_CURVE('',#291,#335,#3995,.F.);
#3993=EDGE_CURVE('',#335,#37,#3996,.T.);
#3994=EDGE_CURVE('',#37,#291,#3997,.T.);
#3995=LINE('',#290,#3998);
#3996=LINE('',#334,#3999);
#3997=LINE('',#36,#4000);
#3998=VECTOR('',#4001,1.0);
#3999=VECTOR('',#4002,1.0);
#4000=VECTOR('',#4003,1.0);
#4001=DIRECTION('',(0.9987490695292629,0.050002961056638,0));
#4002=DIRECTION('',(1,0,0));
#4003=DIRECTION('',(-0.998967650543324,-0.04542722936688227,0));
#4004=FACE_SURFACE('',(#4009),#4005,.T.);
#4005=PLANE('',#4006);
#4006=AXIS2_PLACEMENT_3D('',#328,#4007,#4008);
#4007=DIRECTION('',(-0,0,-1));
#4008=DIRECTION('',(-0.6989508101157355,-0.7151697456118771,0));
#4009=FACE_BOUND('',#4010,.T.);
#4010=EDGE_LOOP('',(#4011,#4012,#4013));
#4011=ORIENTED_EDGE('',*,*,#4014,.T.);
#4012=ORIENTED_EDGE('',*,*,#4015,.T.);
#4013=ORIENTED_EDGE('',*,*,#4016,.T.);
#4014=EDGE_CURVE('',#329,#333,#4017,.F.);
#4015=EDGE_CURVE('',#333,#291,#4018,.T.);
#4016=EDGE_CURVE('',#291,#329,#4019,.T.);
#4017=LINE('',#328,#4020);
#4018=LINE('',#332,#4021);
#4019=LINE('',#290,#4022);
#4020=VECTOR('',#4023,1.0);
#4021=VECTOR('',#4024,1.0);
#4022=VECTOR('',#4025,1.0);
#4023=DIRECTION('',(-0.6989508101157355,-0.7151697456118771,0));
#4024=DIRECTION('',(-0.9994033346574788,0.03453946547807976,0));
#4025=DIRECTION('',(1,0,0));
#4026=FACE_SURFACE('',(#4031),#4027,.T.);
#4027=PLANE('',#4028);
#4028=AXIS2_PLACEMENT_3D('',#336,#4029,#4030);
#4029=DIRECTION('',(0,-0,-1));
#4030=DIRECTION('',(0.00358755133749843,-0.999993564716994,0));
#4031=FACE_BOUND('',#4032,.T.);
#4032=EDGE_LOOP('',(#4033,#4034,#4035));
#4033=ORIENTED_EDGE('',*,*,#4036,.T.);
#4034=ORIENTED_EDGE('',*,*,#4037,.T.);
#4035=ORIENTED_EDGE('',*,*,#4038,.T.);
#4036=EDGE_CURVE('',#337,#339,#4039,.F.);
#4037=EDGE_CURVE('',#339,#329,#4040,.T.);
#4038=EDGE_CURVE('',#329,#337,#4041,.T.);
#4039=LINE('',#336,#4042);
#4040=LINE('',#338,#4043);
#4041=LINE('',#328,#4044);
#4042=VECTOR('',#4045,1.0);
#4043=VECTOR('',#4046,1.0);
#4044=VECTOR('',#4047,1.0);
#4045=DIRECTION('',(0.00358755133749843,-0.999993564716994,0));
#4046=DIRECTION('',(-1,0,0));
#4047=DIRECTION('',(0.9852564392505714,0.171084040504324,0));
#4048=FACE_SURFACE('',(#4053),#4049,.T.);
#4049=PLANE('',#4050);
#4050=AXIS2_PLACEMENT_3D('',#340,#4051,#4052);
#4051=DIRECTION('',(0,-0,-1));
#4052=DIRECTION('',(1,0,0));
#4053=FACE_BOUND('',#4054,.T.);
#4054=EDGE_LOOP('',(#4055,#4056,#4057));
#4055=ORIENTED_EDGE('',*,*,#4058,.T.);
#4056=ORIENTED_EDGE('',*,*,#4059,.T.);
#4057=ORIENTED_EDGE('',*,*,#4060,.T.);
#4058=EDGE_CURVE('',#341,#337,#4061,.F.);
#4059=EDGE_CURVE('',#337,#329,#4062,.T.);
#4060=EDGE_CURVE('',#329,#341,#4063,.T.);
#4061=LINE('',#340,#4064);
#4062=LINE('',#336,#4065);
#4063=LINE('',#328,#4066);
#4064=VECTOR('',#4067,1.0);
#4065=VECTOR('',#4068,1.0);
#4066=VECTOR('',#4069,1.0);
#4067=DIRECTION('',(1,0,0));
#4068=DIRECTION('',(-0.9852564392505714,-0.171084040504324,0));
#4069=DIRECTION('',(0.9787831743144187,0.20489874982290715,0));
#4070=FACE_SURFACE('',(#4075),#4071,.T.);
#4071=PLANE('',#4072);
#4072=AXIS2_PLACEMENT_3D('',#328,#4073,#4074);
#4073=DIRECTION('',(0,0,-1));
#4074=DIRECTION('',(-1,0,0));
#4075=FACE_BOUND('',#4076,.T.);
#4076=EDGE_LOOP('',(#4077,#4078,#4079));
#4077=ORIENTED_EDGE('',*,*,#4080,.T.);
#4078=ORIENTED_EDGE('',*,*,#4081,.T.);
#4079=ORIENTED_EDGE('',*,*,#4082,.T.);
#4080=EDGE_CURVE('',#329,#291,#4083,.F.);
#4081=EDGE_CURVE('',#291,#37,#4084,.T.);
#4082=EDGE_CURVE('',#37,#329,#4085,.T.);
#4083=LINE('',#328,#4086);
#4084=LINE('',#290,#4087);
#4085=LINE('',#36,#4088);
#4086=VECTOR('',#4089,1.0);
#4087=VECTOR('',#4090,1.0);
#4088=VECTOR('',#4091,1.0);
#4089=DIRECTION('',(-1,0,0));
#4090=DIRECTION('',(0.998967650543324,0.04542722936688227,0));
#4091=DIRECTION('',(0.9930236393296865,-0.11791544314645458,0));
#4092=FACE_SURFACE('',(#4097),#4093,.T.);
#4093=PLANE('',#4094);
#4094=AXIS2_PLACEMENT_3D('',#34,#4095,#4096);
#4095=DIRECTION('',(0,0,-1));
#4096=DIRECTION('',(0.9429317664100112,0.33298601156038954,0));
#4097=FACE_BOUND('',#4098,.T.);
#4098=EDGE_LOOP('',(#4099,#4100,#4101));
#4099=ORIENTED_EDGE('',*,*,#4102,.T.);
#4100=ORIENTED_EDGE('',*,*,#4103,.T.);
#4101=ORIENTED_EDGE('',*,*,#4104,.T.);
#4102=EDGE_CURVE('',#35,#343,#4105,.F.);
#4103=EDGE_CURVE('',#343,#345,#4106,.T.);
#4104=EDGE_CURVE('',#345,#35,#4107,.T.);
#4105=LINE('',#34,#4108);
#4106=LINE('',#342,#4109);
#4107=LINE('',#344,#4110);
#4108=VECTOR('',#4111,1.0);
#4109=VECTOR('',#4112,1.0);
#4110=VECTOR('',#4113,1.0);
#4111=DIRECTION('',(0.9429317664100112,0.33298601156038954,0));
#4112=DIRECTION('',(0,-1,0));
#4113=DIRECTION('',(-1,0,0));
#4114=FACE_SURFACE('',(#4119),#4115,.T.);
#4115=PLANE('',#4116);
#4116=AXIS2_PLACEMENT_3D('',#328,#4117,#4118);
#4117=DIRECTION('',(0,0,-1));
#4118=DIRECTION('',(-0.9930236393296865,0.11791544314645458,0));
#4119=FACE_BOUND('',#4120,.T.);
#4120=EDGE_LOOP('',(#4121,#4122,#4123));
#4121=ORIENTED_EDGE('',*,*,#4124,.T.);
#4122=ORIENTED_EDGE('',*,*,#4125,.T.);
#4123=ORIENTED_EDGE('',*,*,#4126,.T.);
#4124=EDGE_CURVE('',#329,#37,#4127,.F.);
#4125=EDGE_CURVE('',#37,#35,#4128,.T.);
#4126=EDGE_CURVE('',#35,#329,#4129,.T.);
#4127=LINE('',#328,#4130);
#4128=LINE('',#36,#4131);
#4129=LINE('',#34,#4132);
#4130=VECTOR('',#4133,1.0);
#4131=VECTOR('',#4134,1.0);
#4132=VECTOR('',#4135,1.0);
#4133=DIRECTION('',(-0.9930236393296865,0.11791544314645458,0));
#4134=DIRECTION('',(1,0,0));
#4135=DIRECTION('',(0.9428908140116002,-0.33310195564202577,0));
#4136=FACE_SURFACE('',(#4141),#4137,.T.);
#4137=PLANE('',#4138);
#4138=AXIS2_PLACEMENT_3D('',#344,#4139,#4140);
#4139=DIRECTION('',(0,0,-1));
#4140=DIRECTION('',(1,0,0));
#4141=FACE_BOUND('',#4142,.T.);
#4142=EDGE_LOOP('',(#4143,#4144,#4145));
#4143=ORIENTED_EDGE('',*,*,#4146,.T.);
#4144=ORIENTED_EDGE('',*,*,#4147,.T.);
#4145=ORIENTED_EDGE('',*,*,#4148,.T.);
#4146=EDGE_CURVE('',#345,#341,#4149,.F.);
#4147=EDGE_CURVE('',#341,#329,#4150,.T.);
#4148=EDGE_CURVE('',#329,#345,#4151,.T.);
#4149=LINE('',#344,#4152);
#4150=LINE('',#340,#4153);
#4151=LINE('',#328,#4154);
#4152=VECTOR('',#4155,1.0);
#4153=VECTOR('',#4156,1.0);
#4154=VECTOR('',#4157,1.0);
#4155=DIRECTION('',(1,0,0));
#4156=DIRECTION('',(-0.9787831743144187,-0.20489874982290715,0));
#4157=DIRECTION('',(-0.6312656911185239,0.7755666491131837,0));
#4158=FACE_SURFACE('',(#4163),#4159,.T.);
#4159=PLANE('',#4160);
#4160=AXIS2_PLACEMENT_3D('',#34,#4161,#4162);
#4161=DIRECTION('',(0,0,-1));
#4162=DIRECTION('',(1,0,0));
#4163=FACE_BOUND('',#4164,.T.);
#4164=EDGE_LOOP('',(#4165,#4166,#4167));
#4165=ORIENTED_EDGE('',*,*,#4168,.T.);
#4166=ORIENTED_EDGE('',*,*,#4169,.T.);
#4167=ORIENTED_EDGE('',*,*,#4170,.T.);
#4168=EDGE_CURVE('',#35,#345,#4171,.F.);
#4169=EDGE_CURVE('',#345,#329,#4172,.T.);
#4170=EDGE_CURVE('',#329,#35,#4173,.T.);
#4171=LINE('',#34,#4174);
#4172=LINE('',#344,#4175);
#4173=LINE('',#328,#4176);
#4174=VECTOR('',#4177,1.0);
#4175=VECTOR('',#4178,1.0);
#4176=VECTOR('',#4179,1.0);
#4177=DIRECTION('',(1,0,0));
#4178=DIRECTION('',(0.6312656911185239,-0.7755666491131837,0));
#4179=DIRECTION('',(-0.9428908140116002,0.33310195564202577,0));
#4180=FACE_SURFACE('',(#4185),#4181,.T.);
#4181=PLANE('',#4182);
#4182=AXIS2_PLACEMENT_3D('',#346,#4183,#4184);
#4183=DIRECTION('',(0,-0,-1));
#4184=DIRECTION('',(0.7452368420088294,-0.6667998570131123,0));
#4185=FACE_BOUND('',#4186,.T.);
#4186=EDGE_LOOP('',(#4187,#4188,#4189));
#4187=ORIENTED_EDGE('',*,*,#4190,.T.);
#4188=ORIENTED_EDGE('',*,*,#4191,.T.);
#4189=ORIENTED_EDGE('',*,*,#4192,.T.);
#4190=EDGE_CURVE('',#347,#349,#4193,.F.);
#4191=EDGE_CURVE('',#349,#351,#4194,.T.);
#4192=EDGE_CURVE('',#351,#347,#4195,.T.);
#4193=LINE('',#346,#4196);
#4194=LINE('',#348,#4197);
#4195=LINE('',#350,#4198);
#4196=VECTOR('',#4199,1.0);
#4197=VECTOR('',#4200,1.0);
#4198=VECTOR('',#4201,1.0);
#4199=DIRECTION('',(0.7452368420088294,-0.6667998570131123,0));
#4200=DIRECTION('',(-1,0,0));
#4201=DIRECTION('',(0.26176733456831486,0.9651310079740469,0));
#4202=FACE_SURFACE('',(#4207),#4203,.T.);
#4203=PLANE('',#4204);
#4204=AXIS2_PLACEMENT_3D('',#346,#4205,#4206);
#4205=DIRECTION('',(-0,0,-1));
#4206=DIRECTION('',(-0.26176733456831486,-0.9651310079740469,0));
#4207=FACE_BOUND('',#4208,.T.);
#4208=EDGE_LOOP('',(#4209,#4210,#4211));
#4209=ORIENTED_EDGE('',*,*,#4212,.T.);
#4210=ORIENTED_EDGE('',*,*,#4213,.T.);
#4211=ORIENTED_EDGE('',*,*,#4214,.T.);
#4212=EDGE_CURVE('',#347,#351,#4215,.F.);
#4213=EDGE_CURVE('',#351,#353,#4216,.T.);
#4214=EDGE_CURVE('',#353,#347,#4217,.T.);
#4215=LINE('',#346,#4218);
#4216=LINE('',#350,#4219);
#4217=LINE('',#352,#4220);
#4218=VECTOR('',#4221,1.0);
#4219=VECTOR('',#4222,1.0);
#4220=VECTOR('',#4223,1.0);
#4221=DIRECTION('',(-0.26176733456831486,-0.9651310079740469,0));
#4222=DIRECTION('',(-0.8457372768957694,0.533599530049389,0));
#4223=DIRECTION('',(1,0,0));
#4224=FACE_SURFACE('',(#4229),#4225,.T.);
#4225=PLANE('',#4226);
#4226=AXIS2_PLACEMENT_3D('',#354,#4227,#4228);
#4227=DIRECTION('',(1,0,0));
#4228=DIRECTION('',(0,0,-1));
#4229=FACE_BOUND('',#4230,.T.);
#4230=EDGE_LOOP('',(#4231,#4232,#4233));
#4231=ORIENTED_EDGE('',*,*,#4234,.T.);
#4232=ORIENTED_EDGE('',*,*,#4235,.T.);
#4233=ORIENTED_EDGE('',*,*,#4236,.T.);
#4234=EDGE_CURVE('',#355,#307,#4237,.F.);
#4235=EDGE_CURVE('',#307,#357,#4238,.T.);
#4236=EDGE_CURVE('',#357,#355,#4239,.T.);
#4237=LINE('',#354,#4240);
#4238=LINE('',#306,#4241);
#4239=LINE('',#356,#4242);
#4240=VECTOR('',#4243,1.0);
#4241=VECTOR('',#4244,1.0);
#4242=VECTOR('',#4245,1.0);
#4243=DIRECTION('',(0,0,-1));
#4244=DIRECTION('',(0,1,0));
#4245=DIRECTION('',(0,-0.9778024262617078,0.2095290318708065));
#4246=FACE_SURFACE('',(#4251),#4247,.T.);
#4247=PLANE('',#4248);
#4248=AXIS2_PLACEMENT_3D('',#354,#4249,#4250);
#4249=DIRECTION('',(1,-0,0));
#4250=DIRECTION('',(0,0.9778024262617078,-0.2095290318708065));
#4251=FACE_BOUND('',#4252,.T.);
#4252=EDGE_LOOP('',(#4253,#4254,#4255));
#4253=ORIENTED_EDGE('',*,*,#4256,.T.);
#4254=ORIENTED_EDGE('',*,*,#4257,.T.);
#4255=ORIENTED_EDGE('',*,*,#4258,.T.);
#4256=EDGE_CURVE('',#355,#357,#4259,.F.);
#4257=EDGE_CURVE('',#357,#359,#4260,.T.);
#4258=EDGE_CURVE('',#359,#355,#4261,.T.);
#4259=LINE('',#354,#4262);
#4260=LINE('',#356,#4263);
#4261=LINE('',#358,#4264);
#4262=VECTOR('',#4265,1.0);
#4263=VECTOR('',#4266,1.0);
#4264=VECTOR('',#4267,1.0);
#4265=DIRECTION('',(0,0.9778024262617078,-0.2095290318708065));
#4266=DIRECTION('',(0,0,1));
#4267=DIRECTION('',(0,-1,0));
#4268=FACE_SURFACE('',(#4273),#4269,.T.);
#4269=PLANE('',#4270);
#4270=AXIS2_PLACEMENT_3D('',#360,#4271,#4272);
#4271=DIRECTION('',(0,-0,-1));
#4272=DIRECTION('',(0,-1,0));
#4273=FACE_BOUND('',#4274,.T.);
#4274=EDGE_LOOP('',(#4275,#4276,#4277));
#4275=ORIENTED_EDGE('',*,*,#4278,.T.);
#4276=ORIENTED_EDGE('',*,*,#4279,.T.);
#4277=ORIENTED_EDGE('',*,*,#4280,.T.);
#4278=EDGE_CURVE('',#361,#363,#4281,.F.);
#4279=EDGE_CURVE('',#363,#365,#4282,.T.);
#4280=EDGE_CURVE('',#365,#361,#4283,.T.);
#4281=LINE('',#360,#4284);
#4282=LINE('',#362,#4285);
#4283=LINE('',#364,#4286);
#4284=VECTOR('',#4287,1.0);
#4285=VECTOR('',#4288,1.0);
#4286=VECTOR('',#4289,1.0);
#4287=DIRECTION('',(0,-1,0));
#4288=DIRECTION('',(-1,0,0));
#4289=DIRECTION('',(0.6259897636821018,0.7798312739081618,0));
#4290=FACE_SURFACE('',(#4295),#4291,.T.);
#4291=PLANE('',#4292);
#4292=AXIS2_PLACEMENT_3D('',#366,#4293,#4294);
#4293=DIRECTION('',(0,0,-1));
#4294=DIRECTION('',(1,0,0));
#4295=FACE_BOUND('',#4296,.T.);
#4296=EDGE_LOOP('',(#4297,#4298,#4299));
#4297=ORIENTED_EDGE('',*,*,#4300,.T.);
#4298=ORIENTED_EDGE('',*,*,#4301,.T.);
#4299=ORIENTED_EDGE('',*,*,#4302,.T.);
#4300=EDGE_CURVE('',#367,#369,#4303,.F.);
#4301=EDGE_CURVE('',#369,#371,#4304,.T.);
#4302=EDGE_CURVE('',#371,#367,#4305,.T.);
#4303=LINE('',#366,#4306);
#4304=LINE('',#368,#4307);
#4305=LINE('',#370,#4308);
#4306=VECTOR('',#4309,1.0);
#4307=VECTOR('',#4310,1.0);
#4308=VECTOR('',#4311,1.0);
#4309=DIRECTION('',(1,0,0));
#4310=DIRECTION('',(0,-1,0));
#4311=DIRECTION('',(-0.8016277538294105,0.5978235059701268,0));
#4312=FACE_SURFACE('',(#4317),#4313,.T.);
#4313=PLANE('',#4314);
#4314=AXIS2_PLACEMENT_3D('',#366,#4315,#4316);
#4315=DIRECTION('',(0,-0,-1));
#4316=DIRECTION('',(0.8016277538294105,-0.5978235059701268,0));
#4317=FACE_BOUND('',#4318,.T.);
#4318=EDGE_LOOP('',(#4319,#4320,#4321));
#4319=ORIENTED_EDGE('',*,*,#4322,.T.);
#4320=ORIENTED_EDGE('',*,*,#4323,.T.);
#4321=ORIENTED_EDGE('',*,*,#4324,.T.);
#4322=EDGE_CURVE('',#367,#371,#4325,.F.);
#4323=EDGE_CURVE('',#371,#373,#4326,.T.);
#4324=EDGE_CURVE('',#373,#367,#4327,.T.);
#4325=LINE('',#366,#4328);
#4326=LINE('',#370,#4329);
#4327=LINE('',#372,#4330);
#4328=VECTOR('',#4331,1.0);
#4329=VECTOR('',#4332,1.0);
#4330=VECTOR('',#4333,1.0);
#4331=DIRECTION('',(0.8016277538294105,-0.5978235059701268,0));
#4332=DIRECTION('',(-1,0,0));
#4333=DIRECTION('',(0.9998761407910488,0.015738585603496388,0));
#4334=FACE_SURFACE('',(#4339),#4335,.T.);
#4335=PLANE('',#4336);
#4336=AXIS2_PLACEMENT_3D('',#374,#4337,#4338);
#4337=DIRECTION('',(0,0,-1));
#4338=DIRECTION('',(-1,0,0));
#4339=FACE_BOUND('',#4340,.T.);
#4340=EDGE_LOOP('',(#4341,#4342,#4343));
#4341=ORIENTED_EDGE('',*,*,#4344,.T.);
#4342=ORIENTED_EDGE('',*,*,#4345,.T.);
#4343=ORIENTED_EDGE('',*,*,#4346,.T.);
#4344=EDGE_CURVE('',#375,#377,#4347,.F.);
#4345=EDGE_CURVE('',#377,#379,#4348,.T.);
#4346=EDGE_CURVE('',#379,#375,#4349,.T.);
#4347=LINE('',#374,#4350);
#4348=LINE('',#376,#4351);
#4349=LINE('',#378,#4352);
#4350=VECTOR('',#4353,1.0);
#4351=VECTOR('',#4354,1.0);
#4352=VECTOR('',#4355,1.0);
#4353=DIRECTION('',(-1,0,0));
#4354=DIRECTION('',(0,1,0));
#4355=DIRECTION('',(0.94080451215545,-0.33894965689309353,0));
#4356=FACE_SURFACE('',(#4361),#4357,.T.);
#4357=PLANE('',#4358);
#4358=AXIS2_PLACEMENT_3D('',#366,#4359,#4360);
#4359=DIRECTION('',(-0,0,-1));
#4360=DIRECTION('',(-0.9998761407910488,-0.015738585603496388,0));
#4361=FACE_BOUND('',#4362,.T.);
#4362=EDGE_LOOP('',(#4363,#4364,#4365));
#4363=ORIENTED_EDGE('',*,*,#4366,.T.);
#4364=ORIENTED_EDGE('',*,*,#4367,.T.);
#4365=ORIENTED_EDGE('',*,*,#4368,.T.);
#4366=EDGE_CURVE('',#367,#373,#4369,.F.);
#4367=EDGE_CURVE('',#373,#375,#4370,.T.);
#4368=EDGE_CURVE('',#375,#367,#4371,.T.);
#4369=LINE('',#366,#4372);
#4370=LINE('',#372,#4373);
#4371=LINE('',#374,#4374);
#4372=VECTOR('',#4375,1.0);
#4373=VECTOR('',#4376,1.0);
#4374=VECTOR('',#4377,1.0);
#4375=DIRECTION('',(-0.9998761407910488,-0.015738585603496388,0));
#4376=DIRECTION('',(0,1,0));
#4377=DIRECTION('',(0.9976094234663149,-0.06910454551769354,0));
#4378=FACE_SURFACE('',(#4383),#4379,.T.);
#4379=PLANE('',#4380);
#4380=AXIS2_PLACEMENT_3D('',#364,#4381,#4382);
#4381=DIRECTION('',(0,-0,-1));
#4382=DIRECTION('',(0,-1,0));
#4383=FACE_BOUND('',#4384,.T.);
#4384=EDGE_LOOP('',(#4385,#4386,#4387));
#4385=ORIENTED_EDGE('',*,*,#4388,.T.);
#4386=ORIENTED_EDGE('',*,*,#4389,.T.);
#4387=ORIENTED_EDGE('',*,*,#4390,.T.);
#4388=EDGE_CURVE('',#365,#367,#4391,.F.);
#4389=EDGE_CURVE('',#367,#375,#4392,.T.);
#4390=EDGE_CURVE('',#375,#365,#4393,.T.);
#4391=LINE('',#364,#4394);
#4392=LINE('',#366,#4395);
#4393=LINE('',#374,#4396);
#4394=VECTOR('',#4397,1.0);
#4395=VECTOR('',#4398,1.0);
#4396=VECTOR('',#4399,1.0);
#4397=DIRECTION('',(0,-1,0));
#4398=DIRECTION('',(-0.9976094234663149,0.06910454551769354,0));
#4399=DIRECTION('',(0.9999235433164,0.012365578093064761,0));
#4400=FACE_SURFACE('',(#4405),#4401,.T.);
#4401=PLANE('',#4402);
#4402=AXIS2_PLACEMENT_3D('',#364,#4403,#4404);
#4403=DIRECTION('',(-0,0,-1));
#4404=DIRECTION('',(-0.9999235433164,-0.012365578093064761,0));
#4405=FACE_BOUND('',#4406,.T.);
#4406=EDGE_LOOP('',(#4407,#4408,#4409));
#4407=ORIENTED_EDGE('',*,*,#4410,.T.);
#4408=ORIENTED_EDGE('',*,*,#4411,.T.);
#4409=ORIENTED_EDGE('',*,*,#4412,.T.);
#4410=EDGE_CURVE('',#365,#375,#4413,.F.);
#4411=EDGE_CURVE('',#375,#379,#4414,.T.);
#4412=EDGE_CURVE('',#379,#365,#4415,.T.);
#4413=LINE('',#364,#4416);
#4414=LINE('',#374,#4417);
#4415=LINE('',#378,#4418);
#4416=VECTOR('',#4419,1.0);
#4417=VECTOR('',#4420,1.0);
#4418=VECTOR('',#4421,1.0);
#4419=DIRECTION('',(-0.9999235433164,-0.012365578093064761,0));
#4420=DIRECTION('',(-0.94080451215545,0.33894965689309353,0));
#4421=DIRECTION('',(0.9999386432482175,-0.01107744279669789,0));
#4422=FACE_SURFACE('',(#4427),#4423,.T.);
#4423=PLANE('',#4424);
#4424=AXIS2_PLACEMENT_3D('',#360,#4425,#4426);
#4425=DIRECTION('',(0,0,-1));
#4426=DIRECTION('',(-0.6259897636821018,-0.7798312739081618,0));
#4427=FACE_BOUND('',#4428,.T.);
#4428=EDGE_LOOP('',(#4429,#4430,#4431));
#4429=ORIENTED_EDGE('',*,*,#4432,.T.);
#4430=ORIENTED_EDGE('',*,*,#4433,.T.);
#4431=ORIENTED_EDGE('',*,*,#4434,.T.);
#4432=EDGE_CURVE('',#361,#365,#4435,.F.);
#4433=EDGE_CURVE('',#365,#379,#4436,.T.);
#4434=EDGE_CURVE('',#379,#361,#4437,.T.);
#4435=LINE('',#360,#4438);
#4436=LINE('',#364,#4439);
#4437=LINE('',#378,#4440);
#4438=VECTOR('',#4441,1.0);
#4439=VECTOR('',#4442,1.0);
#4440=VECTOR('',#4443,1.0);
#4441=DIRECTION('',(-0.6259897636821018,-0.7798312739081618,0));
#4442=DIRECTION('',(-0.9999386432482175,0.01107744279669789,0));
#4443=DIRECTION('',(0.999911588636709,0.013297176768507252,0));
#4444=FACE_SURFACE('',(#4449),#4445,.T.);
#4445=PLANE('',#4446);
#4446=AXIS2_PLACEMENT_3D('',#380,#4447,#4448);
#4447=DIRECTION('',(0,-0,-1));
#4448=DIRECTION('',(0,-1,0));
#4449=FACE_BOUND('',#4450,.T.);
#4450=EDGE_LOOP('',(#4451,#4452,#4453));
#4451=ORIENTED_EDGE('',*,*,#4454,.T.);
#4452=ORIENTED_EDGE('',*,*,#4455,.T.);
#4453=ORIENTED_EDGE('',*,*,#4456,.T.);
#4454=EDGE_CURVE('',#381,#383,#4457,.F.);
#4455=EDGE_CURVE('',#383,#385,#4458,.T.);
#4456=EDGE_CURVE('',#385,#381,#4459,.T.);
#4457=LINE('',#380,#4460);
#4458=LINE('',#382,#4461);
#4459=LINE('',#384,#4462);
#4460=VECTOR('',#4463,1.0);
#4461=VECTOR('',#4464,1.0);
#4462=VECTOR('',#4465,1.0);
#4463=DIRECTION('',(0,-1,0));
#4464=DIRECTION('',(-1,0,0));
#4465=DIRECTION('',(0.94080451215545,0.33894965689309353,0));
#4466=FACE_SURFACE('',(#4471),#4467,.T.);
#4467=PLANE('',#4468);
#4468=AXIS2_PLACEMENT_3D('',#360,#4469,#4470);
#4469=DIRECTION('',(0,0,-1));
#4470=DIRECTION('',(-0.999911588636709,-0.013297176768507252,0));
#4471=FACE_BOUND('',#4472,.T.);
#4472=EDGE_LOOP('',(#4473,#4474,#4475));
#4473=ORIENTED_EDGE('',*,*,#4476,.T.);
#4474=ORIENTED_EDGE('',*,*,#4477,.T.);
#4475=ORIENTED_EDGE('',*,*,#4478,.T.);
#4476=EDGE_CURVE('',#361,#379,#4479,.F.);
#4477=EDGE_CURVE('',#379,#381,#4480,.T.);
#4478=EDGE_CURVE('',#381,#361,#4481,.T.);
#4479=LINE('',#360,#4482);
#4480=LINE('',#378,#4483);
#4481=LINE('',#380,#4484);
#4482=VECTOR('',#4485,1.0);
#4483=VECTOR('',#4486,1.0);
#4484=VECTOR('',#4487,1.0);
#4485=DIRECTION('',(-0.999911588636709,-0.013297176768507252,0));
#4486=DIRECTION('',(-1,0,0));
#4487=DIRECTION('',(0.9999241699833309,0.012314799354707003,0));
#4488=FACE_SURFACE('',(#4493),#4489,.T.);
#4489=PLANE('',#4490);
#4490=AXIS2_PLACEMENT_3D('',#386,#4491,#4492);
#4491=DIRECTION('',(0,0,-1));
#4492=DIRECTION('',(-1,0,0));
#4493=FACE_BOUND('',#4494,.T.);
#4494=EDGE_LOOP('',(#4495,#4496,#4497));
#4495=ORIENTED_EDGE('',*,*,#4498,.T.);
#4496=ORIENTED_EDGE('',*,*,#4499,.T.);
#4497=ORIENTED_EDGE('',*,*,#4500,.T.);
#4498=EDGE_CURVE('',#387,#389,#4501,.F.);
#4499=EDGE_CURVE('',#389,#391,#4502,.T.);
#4500=EDGE_CURVE('',#391,#387,#4503,.T.);
#4501=LINE('',#386,#4504);
#4502=LINE('',#388,#4505);
#4503=LINE('',#390,#4506);
#4504=VECTOR('',#4507,1.0);
#4505=VECTOR('',#4508,1.0);
#4506=VECTOR('',#4509,1.0);
#4507=DIRECTION('',(-1,0,0));
#4508=DIRECTION('',(0,1,0));
#4509=DIRECTION('',(0.6250395511489372,-0.7805930818932071,0));
#4510=FACE_SURFACE('',(#4515),#4511,.T.);
#4511=PLANE('',#4512);
#4512=AXIS2_PLACEMENT_3D('',#392,#4513,#4514);
#4513=DIRECTION('',(0,0,-1));
#4514=DIRECTION('',(0,1,0));
#4515=FACE_BOUND('',#4516,.T.);
#4516=EDGE_LOOP('',(#4517,#4518,#4519));
#4517=ORIENTED_EDGE('',*,*,#4520,.T.);
#4518=ORIENTED_EDGE('',*,*,#4521,.T.);
#4519=ORIENTED_EDGE('',*,*,#4522,.T.);
#4520=EDGE_CURVE('',#393,#395,#4523,.F.);
#4521=EDGE_CURVE('',#395,#397,#4524,.T.);
#4522=EDGE_CURVE('',#397,#393,#4525,.T.);
#4523=LINE('',#392,#4526);
#4524=LINE('',#394,#4527);
#4525=LINE('',#396,#4528);
#4526=VECTOR('',#4529,1.0);
#4527=VECTOR('',#4530,1.0);
#4528=VECTOR('',#4531,1.0);
#4529=DIRECTION('',(0,1,0));
#4530=DIRECTION('',(1,0,0));
#4531=DIRECTION('',(-0.8009119752621313,-0.5987821038422166,0));
#4532=FACE_SURFACE('',(#4537),#4533,.T.);
#4533=PLANE('',#4534);
#4534=AXIS2_PLACEMENT_3D('',#398,#4535,#4536);
#4535=DIRECTION('',(0,-0,-1));
#4536=DIRECTION('',(0,-1,0));
#4537=FACE_BOUND('',#4538,.T.);
#4538=EDGE_LOOP('',(#4539,#4540,#4541));
#4539=ORIENTED_EDGE('',*,*,#4542,.T.);
#4540=ORIENTED_EDGE('',*,*,#4543,.T.);
#4541=ORIENTED_EDGE('',*,*,#4544,.T.);
#4542=EDGE_CURVE('',#399,#401,#4545,.F.);
#4543=EDGE_CURVE('',#401,#393,#4546,.T.);
#4544=EDGE_CURVE('',#393,#399,#4547,.T.);
#4545=LINE('',#398,#4548);
#4546=LINE('',#400,#4549);
#4547=LINE('',#392,#4550);
#4548=VECTOR('',#4551,1.0);
#4549=VECTOR('',#4552,1.0);
#4550=VECTOR('',#4553,1.0);
#4551=DIRECTION('',(0,-1,0));
#4552=DIRECTION('',(-1,0,0));
#4553=DIRECTION('',(0.996552412139676,0.08296559442680743,0));
#4554=FACE_SURFACE('',(#4559),#4555,.T.);
#4555=PLANE('',#4556);
#4556=AXIS2_PLACEMENT_3D('',#402,#4557,#4558);
#4557=DIRECTION('',(0,-0,-1));
#4558=DIRECTION('',(0,-1,0));
#4559=FACE_BOUND('',#4560,.T.);
#4560=EDGE_LOOP('',(#4561,#4562,#4563));
#4561=ORIENTED_EDGE('',*,*,#4564,.T.);
#4562=ORIENTED_EDGE('',*,*,#4565,.T.);
#4563=ORIENTED_EDGE('',*,*,#4566,.T.);
#4564=EDGE_CURVE('',#403,#405,#4567,.F.);
#4565=EDGE_CURVE('',#405,#399,#4568,.T.);
#4566=EDGE_CURVE('',#399,#403,#4569,.T.);
#4567=LINE('',#402,#4570);
#4568=LINE('',#404,#4571);
#4569=LINE('',#398,#4572);
#4570=VECTOR('',#4573,1.0);
#4571=VECTOR('',#4574,1.0);
#4572=VECTOR('',#4575,1.0);
#4573=DIRECTION('',(0,-1,0));
#4574=DIRECTION('',(-1,0,0));
#4575=DIRECTION('',(0.9407579382186925,0.3390789018481021,0));
#4576=FACE_SURFACE('',(#4581),#4577,.T.);
#4577=PLANE('',#4578);
#4578=AXIS2_PLACEMENT_3D('',#352,#4579,#4580);
#4579=DIRECTION('',(0,0,-1));
#4580=DIRECTION('',(0.8457372768957694,-0.533599530049389,0));
#4581=FACE_BOUND('',#4582,.T.);
#4582=EDGE_LOOP('',(#4583,#4584,#4585));
#4583=ORIENTED_EDGE('',*,*,#4586,.T.);
#4584=ORIENTED_EDGE('',*,*,#4587,.T.);
#4585=ORIENTED_EDGE('',*,*,#4588,.T.);
#4586=EDGE_CURVE('',#353,#351,#4589,.F.);
#4587=EDGE_CURVE('',#351,#403,#4590,.T.);
#4588=EDGE_CURVE('',#403,#353,#4591,.T.);
#4589=LINE('',#352,#4592);
#4590=LINE('',#350,#4593);
#4591=LINE('',#402,#4594);
#4592=VECTOR('',#4595,1.0);
#4593=VECTOR('',#4596,1.0);
#4594=VECTOR('',#4597,1.0);
#4595=DIRECTION('',(0.8457372768957694,-0.533599530049389,0));
#4596=DIRECTION('',(-1,0,0));
#4597=DIRECTION('',(-0.744830142067316,0.6672541191090408,0));
#4598=FACE_SURFACE('',(#4603),#4599,.T.);
#4599=PLANE('',#4600);
#4600=AXIS2_PLACEMENT_3D('',#406,#4601,#4602);
#4601=DIRECTION('',(0,0,-1));
#4602=DIRECTION('',(1,0,0));
#4603=FACE_BOUND('',#4604,.T.);
#4604=EDGE_LOOP('',(#4605,#4606,#4607));
#4605=ORIENTED_EDGE('',*,*,#4608,.T.);
#4606=ORIENTED_EDGE('',*,*,#4609,.T.);
#4607=ORIENTED_EDGE('',*,*,#4610,.T.);
#4608=EDGE_CURVE('',#407,#409,#4611,.F.);
#4609=EDGE_CURVE('',#409,#411,#4612,.T.);
#4610=EDGE_CURVE('',#411,#407,#4613,.T.);
#4611=LINE('',#406,#4614);
#4612=LINE('',#408,#4615);
#4613=LINE('',#410,#4616);
#4614=VECTOR('',#4617,1.0);
#4615=VECTOR('',#4618,1.0);
#4616=VECTOR('',#4619,1.0);
#4617=DIRECTION('',(1,0,0));
#4618=DIRECTION('',(0,-1,0));
#4619=DIRECTION('',(-0.537647843017277,0.8431694947629862,0));
#4620=FACE_SURFACE('',(#4625),#4621,.T.);
#4621=PLANE('',#4622);
#4622=AXIS2_PLACEMENT_3D('',#410,#4623,#4624);
#4623=DIRECTION('',(0,0,-1));
#4624=DIRECTION('',(1,0,0));
#4625=FACE_BOUND('',#4626,.T.);
#4626=EDGE_LOOP('',(#4627,#4628,#4629));
#4627=ORIENTED_EDGE('',*,*,#4630,.T.);
#4628=ORIENTED_EDGE('',*,*,#4631,.T.);
#4629=ORIENTED_EDGE('',*,*,#4632,.T.);
#4630=EDGE_CURVE('',#411,#353,#4633,.F.);
#4631=EDGE_CURVE('',#353,#403,#4634,.T.);
#4632=EDGE_CURVE('',#403,#411,#4635,.T.);
#4633=LINE('',#410,#4636);
#4634=LINE('',#352,#4637);
#4635=LINE('',#402,#4638);
#4636=VECTOR('',#4639,1.0);
#4637=VECTOR('',#4640,1.0);
#4638=VECTOR('',#4641,1.0);
#4639=DIRECTION('',(1,0,0));
#4640=DIRECTION('',(0.744830142067316,-0.6672541191090408,0));
#4641=DIRECTION('',(-0.9974968584781465,0.07071080063348553,0));
#4642=FACE_SURFACE('',(#4647),#4643,.T.);
#4643=PLANE('',#4644);
#4644=AXIS2_PLACEMENT_3D('',#402,#4645,#4646);
#4645=DIRECTION('',(0,0,-1));
#4646=DIRECTION('',(-0.9407579382186925,-0.3390789018481021,0));
#4647=FACE_BOUND('',#4648,.T.);
#4648=EDGE_LOOP('',(#4649,#4650,#4651));
#4649=ORIENTED_EDGE('',*,*,#4652,.T.);
#4650=ORIENTED_EDGE('',*,*,#4653,.T.);
#4651=ORIENTED_EDGE('',*,*,#4654,.T.);
#4652=EDGE_CURVE('',#403,#399,#4655,.F.);
#4653=EDGE_CURVE('',#399,#393,#4656,.T.);
#4654=EDGE_CURVE('',#393,#403,#4657,.T.);
#4655=LINE('',#402,#4658);
#4656=LINE('',#398,#4659);
#4657=LINE('',#392,#4660);
#4658=VECTOR('',#4661,1.0);
#4659=VECTOR('',#4662,1.0);
#4660=VECTOR('',#4663,1.0);
#4661=DIRECTION('',(-0.9407579382186925,-0.3390789018481021,0));
#4662=DIRECTION('',(-0.996552412139676,-0.08296559442680743,0));
#4663=DIRECTION('',(0.9950030558061204,0.0998444737403248,0));
#4664=FACE_SURFACE('',(#4669),#4665,.T.);
#4665=PLANE('',#4666);
#4666=AXIS2_PLACEMENT_3D('',#402,#4667,#4668);
#4667=DIRECTION('',(0,0,-1));
#4668=DIRECTION('',(-0.9950030558061204,-0.0998444737403248,0));
#4669=FACE_BOUND('',#4670,.T.);
#4670=EDGE_LOOP('',(#4671,#4672,#4673));
#4671=ORIENTED_EDGE('',*,*,#4674,.T.);
#4672=ORIENTED_EDGE('',*,*,#4675,.T.);
#4673=ORIENTED_EDGE('',*,*,#4676,.T.);
#4674=EDGE_CURVE('',#403,#393,#4677,.F.);
#4675=EDGE_CURVE('',#393,#397,#4678,.T.);
#4676=EDGE_CURVE('',#397,#403,#4679,.T.);
#4677=LINE('',#402,#4680);
#4678=LINE('',#392,#4681);
#4679=LINE('',#396,#4682);
#4680=VECTOR('',#4683,1.0);
#4681=VECTOR('',#4684,1.0);
#4682=VECTOR('',#4685,1.0);
#4683=DIRECTION('',(-0.9950030558061204,-0.0998444737403248,0));
#4684=DIRECTION('',(0.8009119752621313,0.5987821038422166,0));
#4685=DIRECTION('',(0.996187153591544,0.08724193383446771,0));
#4686=FACE_SURFACE('',(#4691),#4687,.T.);
#4687=PLANE('',#4688);
#4688=AXIS2_PLACEMENT_3D('',#412,#4689,#4690);
#4689=DIRECTION('',(0,0,-1));
#4690=DIRECTION('',(1,0,0));
#4691=FACE_BOUND('',#4692,.T.);
#4692=EDGE_LOOP('',(#4693,#4694,#4695));
#4693=ORIENTED_EDGE('',*,*,#4696,.T.);
#4694=ORIENTED_EDGE('',*,*,#4697,.T.);
#4695=ORIENTED_EDGE('',*,*,#4698,.T.);
#4696=EDGE_CURVE('',#413,#407,#4699,.F.);
#4697=EDGE_CURVE('',#407,#411,#4700,.T.);
#4698=EDGE_CURVE('',#411,#413,#4701,.T.);
#4699=LINE('',#412,#4702);
#4700=LINE('',#406,#4703);
#4701=LINE('',#410,#4704);
#4702=VECTOR('',#4705,1.0);
#4703=VECTOR('',#4706,1.0);
#4704=VECTOR('',#4707,1.0);
#4705=DIRECTION('',(1,0,0));
#4706=DIRECTION('',(0.537647843017277,-0.8431694947629862,0));
#4707=DIRECTION('',(-0.973562416125965,0.2284211503056876,0));
#4708=FACE_SURFACE('',(#4713),#4709,.T.);
#4709=PLANE('',#4710);
#4710=AXIS2_PLACEMENT_3D('',#410,#4711,#4712);
#4711=DIRECTION('',(0,-0,-1));
#4712=DIRECTION('',(0.9974968584781465,-0.07071080063348553,0));
#4713=FACE_BOUND('',#4714,.T.);
#4714=EDGE_LOOP('',(#4715,#4716,#4717));
#4715=ORIENTED_EDGE('',*,*,#4718,.T.);
#4716=ORIENTED_EDGE('',*,*,#4719,.T.);
#4717=ORIENTED_EDGE('',*,*,#4720,.T.);
#4718=EDGE_CURVE('',#411,#403,#4721,.F.);
#4719=EDGE_CURVE('',#403,#397,#4722,.T.);
#4720=EDGE_CURVE('',#397,#411,#4723,.T.);
#4721=LINE('',#410,#4724);
#4722=LINE('',#402,#4725);
#4723=LINE('',#396,#4726);
#4724=VECTOR('',#4727,1.0);
#4725=VECTOR('',#4728,1.0);
#4726=VECTOR('',#4729,1.0);
#4727=DIRECTION('',(0.9974968584781465,-0.07071080063348553,0));
#4728=DIRECTION('',(-0.996187153591544,-0.08724193383446771,0));
#4729=DIRECTION('',(0.9486325444265579,0.31637998617926927,0));
#4730=FACE_SURFACE('',(#4735),#4731,.T.);
#4731=PLANE('',#4732);
#4732=AXIS2_PLACEMENT_3D('',#410,#4733,#4734);
#4733=DIRECTION('',(0,0,-1));
#4734=DIRECTION('',(-0.9486325444265579,-0.31637998617926927,0));
#4735=FACE_BOUND('',#4736,.T.);
#4736=EDGE_LOOP('',(#4737,#4738,#4739));
#4737=ORIENTED_EDGE('',*,*,#4740,.T.);
#4738=ORIENTED_EDGE('',*,*,#4741,.T.);
#4739=ORIENTED_EDGE('',*,*,#4742,.T.);
#4740=EDGE_CURVE('',#411,#397,#4743,.F.);
#4741=EDGE_CURVE('',#397,#387,#4744,.T.);
#4742=EDGE_CURVE('',#387,#411,#4745,.T.);
#4743=LINE('',#410,#4746);
#4744=LINE('',#396,#4747);
#4745=LINE('',#386,#4748);
#4746=VECTOR('',#4749,1.0);
#4747=VECTOR('',#4750,1.0);
#4748=VECTOR('',#4751,1.0);
#4749=DIRECTION('',(-0.9486325444265579,-0.31637998617926927,0));
#4750=DIRECTION('',(0,1,0));
#4751=DIRECTION('',(0.9905731037659705,0.13698513092833056,0));
#4752=FACE_SURFACE('',(#4757),#4753,.T.);
#4753=PLANE('',#4754);
#4754=AXIS2_PLACEMENT_3D('',#414,#4755,#4756);
#4755=DIRECTION('',(0,0,-1));
#4756=DIRECTION('',(1,0,0));
#4757=FACE_BOUND('',#4758,.T.);
#4758=EDGE_LOOP('',(#4759,#4760,#4761));
#4759=ORIENTED_EDGE('',*,*,#4762,.T.);
#4760=ORIENTED_EDGE('',*,*,#4763,.T.);
#4761=ORIENTED_EDGE('',*,*,#4764,.T.);
#4762=EDGE_CURVE('',#415,#413,#4765,.F.);
#4763=EDGE_CURVE('',#413,#411,#4766,.T.);
#4764=EDGE_CURVE('',#411,#415,#4767,.T.);
#4765=LINE('',#414,#4768);
#4766=LINE('',#412,#4769);
#4767=LINE('',#410,#4770);
#4768=VECTOR('',#4771,1.0);
#4769=VECTOR('',#4772,1.0);
#4770=VECTOR('',#4773,1.0);
#4771=DIRECTION('',(1,0,0));
#4772=DIRECTION('',(0.973562416125965,-0.2284211503056876,0));
#4773=DIRECTION('',(-0.9842608188324771,0.17672192991030183,0));
#4774=FACE_SURFACE('',(#4779),#4775,.T.);
#4775=PLANE('',#4776);
#4776=AXIS2_PLACEMENT_3D('',#416,#4777,#4778);
#4777=DIRECTION('',(0,0,-1));
#4778=DIRECTION('',(1,0,0));
#4779=FACE_BOUND('',#4780,.T.);
#4780=EDGE_LOOP('',(#4781,#4782,#4783));
#4781=ORIENTED_EDGE('',*,*,#4784,.T.);
#4782=ORIENTED_EDGE('',*,*,#4785,.T.);
#4783=ORIENTED_EDGE('',*,*,#4786,.T.);
#4784=EDGE_CURVE('',#417,#415,#4787,.F.);
#4785=EDGE_CURVE('',#415,#411,#4788,.T.);
#4786=EDGE_CURVE('',#411,#417,#4789,.T.);
#4787=LINE('',#416,#4790);
#4788=LINE('',#414,#4791);
#4789=LINE('',#410,#4792);
#4790=VECTOR('',#4793,1.0);
#4791=VECTOR('',#4794,1.0);
#4792=VECTOR('',#4795,1.0);
#4793=DIRECTION('',(1,0,0));
#4794=DIRECTION('',(0.9842608188324771,-0.17672192991030183,0));
#4795=DIRECTION('',(-0.9941369289456594,0.1081284722286083,0));
#4796=FACE_SURFACE('',(#4801),#4797,.T.);
#4797=PLANE('',#4798);
#4798=AXIS2_PLACEMENT_3D('',#410,#4799,#4800);
#4799=DIRECTION('',(0,0,-1));
#4800=DIRECTION('',(-0.9905731037659705,-0.13698513092833056,0));
#4801=FACE_BOUND('',#4802,.T.);
#4802=EDGE_LOOP('',(#4803,#4804,#4805));
#4803=ORIENTED_EDGE('',*,*,#4806,.T.);
#4804=ORIENTED_EDGE('',*,*,#4807,.T.);
#4805=ORIENTED_EDGE('',*,*,#4808,.T.);
#4806=EDGE_CURVE('',#411,#387,#4809,.F.);
#4807=EDGE_CURVE('',#387,#391,#4810,.T.);
#4808=EDGE_CURVE('',#391,#411,#4811,.T.);
#4809=LINE('',#410,#4812);
#4810=LINE('',#386,#4813);
#4811=LINE('',#390,#4814);
#4812=VECTOR('',#4815,1.0);
#4813=VECTOR('',#4816,1.0);
#4814=VECTOR('',#4817,1.0);
#4815=DIRECTION('',(-0.9905731037659705,-0.13698513092833056,0));
#4816=DIRECTION('',(-0.6250395511489372,0.7805930818932071,0));
#4817=DIRECTION('',(0.997432583081229,0.07161174629840587,0));
#4818=FACE_SURFACE('',(#4823),#4819,.T.);
#4819=PLANE('',#4820);
#4820=AXIS2_PLACEMENT_3D('',#410,#4821,#4822);
#4821=DIRECTION('',(0,0,-1));
#4822=DIRECTION('',(-0.997432583081229,-0.07161174629840587,0));
#4823=FACE_BOUND('',#4824,.T.);
#4824=EDGE_LOOP('',(#4825,#4826,#4827));
#4825=ORIENTED_EDGE('',*,*,#4828,.T.);
#4826=ORIENTED_EDGE('',*,*,#4829,.T.);
#4827=ORIENTED_EDGE('',*,*,#4830,.T.);
#4828=EDGE_CURVE('',#411,#391,#4831,.F.);
#4829=EDGE_CURVE('',#391,#361,#4832,.T.);
#4830=EDGE_CURVE('',#361,#411,#4833,.T.);
#4831=LINE('',#410,#4834);
#4832=LINE('',#390,#4835);
#4833=LINE('',#360,#4836);
#4834=VECTOR('',#4837,1.0);
#4835=VECTOR('',#4838,1.0);
#4836=VECTOR('',#4839,1.0);
#4837=DIRECTION('',(-0.997432583081229,-0.07161174629840587,0));
#4838=DIRECTION('',(-1,0,0));
#4839=DIRECTION('',(0.9992386032207417,0.03901555886388316,0));
#4840=FACE_SURFACE('',(#4845),#4841,.T.);
#4841=PLANE('',#4842);
#4842=AXIS2_PLACEMENT_3D('',#418,#4843,#4844);
#4843=DIRECTION('',(0,0,-1));
#4844=DIRECTION('',(1,0,0));
#4845=FACE_BOUND('',#4846,.T.);
#4846=EDGE_LOOP('',(#4847,#4848,#4849));
#4847=ORIENTED_EDGE('',*,*,#4850,.T.);
#4848=ORIENTED_EDGE('',*,*,#4851,.T.);
#4849=ORIENTED_EDGE('',*,*,#4852,.T.);
#4850=EDGE_CURVE('',#419,#417,#4853,.F.);
#4851=EDGE_CURVE('',#417,#411,#4854,.T.);
#4852=EDGE_CURVE('',#411,#419,#4855,.T.);
#4853=LINE('',#418,#4856);
#4854=LINE('',#416,#4857);
#4855=LINE('',#410,#4858);
#4856=VECTOR('',#4859,1.0);
#4857=VECTOR('',#4860,1.0);
#4858=VECTOR('',#4861,1.0);
#4859=DIRECTION('',(1,0,0));
#4860=DIRECTION('',(0.9941369289456594,-0.1081284722286083,0));
#4861=DIRECTION('',(-0.9954966973585117,0.09479623171991505,0));
#4862=FACE_SURFACE('',(#4867),#4863,.T.);
#4863=PLANE('',#4864);
#4864=AXIS2_PLACEMENT_3D('',#420,#4865,#4866);
#4865=DIRECTION('',(0,0,-1));
#4866=DIRECTION('',(0,1,0));
#4867=FACE_BOUND('',#4868,.T.);
#4868=EDGE_LOOP('',(#4869,#4870,#4871));
#4869=ORIENTED_EDGE('',*,*,#4872,.T.);
#4870=ORIENTED_EDGE('',*,*,#4873,.T.);
#4871=ORIENTED_EDGE('',*,*,#4874,.T.);
#4872=EDGE_CURVE('',#421,#423,#4875,.F.);
#4873=EDGE_CURVE('',#423,#425,#4876,.T.);
#4874=EDGE_CURVE('',#425,#421,#4877,.T.);
#4875=LINE('',#420,#4878);
#4876=LINE('',#422,#4879);
#4877=LINE('',#424,#4880);
#4878=VECTOR('',#4881,1.0);
#4879=VECTOR('',#4882,1.0);
#4880=VECTOR('',#4883,1.0);
#4881=DIRECTION('',(0,1,0));
#4882=DIRECTION('',(1,0,0));
#4883=DIRECTION('',(-0.5495919979915472,-0.8354332024426963,0));
#4884=FACE_SURFACE('',(#4889),#4885,.T.);
#4885=PLANE('',#4886);
#4886=AXIS2_PLACEMENT_3D('',#424,#4887,#4888);
#4887=DIRECTION('',(0,0,-1));
#4888=DIRECTION('',(1,0,0));
#4889=FACE_BOUND('',#4890,.T.);
#4890=EDGE_LOOP('',(#4891,#4892,#4893));
#4891=ORIENTED_EDGE('',*,*,#4894,.T.);
#4892=ORIENTED_EDGE('',*,*,#4895,.T.);
#4893=ORIENTED_EDGE('',*,*,#4896,.T.);
#4894=EDGE_CURVE('',#425,#419,#4897,.F.);
#4895=EDGE_CURVE('',#419,#411,#4898,.T.);
#4896=EDGE_CURVE('',#411,#425,#4899,.T.);
#4897=LINE('',#424,#4900);
#4898=LINE('',#418,#4901);
#4899=LINE('',#410,#4902);
#4900=VECTOR('',#4903,1.0);
#4901=VECTOR('',#4904,1.0);
#4902=VECTOR('',#4905,1.0);
#4903=DIRECTION('',(1,0,0));
#4904=DIRECTION('',(0.9954966973585117,-0.09479623171991505,0));
#4905=DIRECTION('',(-0.9975036385419126,0.07061509113245867,0));
#4906=FACE_SURFACE('',(#4911),#4907,.T.);
#4907=PLANE('',#4908);
#4908=AXIS2_PLACEMENT_3D('',#410,#4909,#4910);
#4909=DIRECTION('',(0,0,-1));
#4910=DIRECTION('',(-0.9992386032207417,-0.03901555886388316,0));
#4911=FACE_BOUND('',#4912,.T.);
#4912=EDGE_LOOP('',(#4913,#4914,#4915));
#4913=ORIENTED_EDGE('',*,*,#4916,.T.);
#4914=ORIENTED_EDGE('',*,*,#4917,.T.);
#4915=ORIENTED_EDGE('',*,*,#4918,.T.);
#4916=EDGE_CURVE('',#411,#361,#4919,.F.);
#4917=EDGE_CURVE('',#361,#381,#4920,.T.);
#4918=EDGE_CURVE('',#381,#411,#4921,.T.);
#4919=LINE('',#410,#4922);
#4920=LINE('',#360,#4923);
#4921=LINE('',#380,#4924);
#4922=VECTOR('',#4925,1.0);
#4923=VECTOR('',#4926,1.0);
#4924=VECTOR('',#4927,1.0);
#4925=DIRECTION('',(-0.9992386032207417,-0.03901555886388316,0));
#4926=DIRECTION('',(-0.9999241699833309,-0.012314799354707003,0));
#4927=DIRECTION('',(0.9997309002542802,0.023197566181960796,0));
#4928=FACE_SURFACE('',(#4933),#4929,.T.);
#4929=PLANE('',#4930);
#4930=AXIS2_PLACEMENT_3D('',#420,#4931,#4932);
#4931=DIRECTION('',(0,0,-1));
#4932=DIRECTION('',(0.5495919979915472,0.8354332024426963,0));
#4933=FACE_BOUND('',#4934,.T.);
#4934=EDGE_LOOP('',(#4935,#4936,#4937));
#4935=ORIENTED_EDGE('',*,*,#4938,.T.);
#4936=ORIENTED_EDGE('',*,*,#4939,.T.);
#4937=ORIENTED_EDGE('',*,*,#4940,.T.);
#4938=EDGE_CURVE('',#421,#425,#4941,.F.);
#4939=EDGE_CURVE('',#425,#411,#4942,.T.);
#4940=EDGE_CURVE('',#411,#421,#4943,.T.);
#4941=LINE('',#420,#4944);
#4942=LINE('',#424,#4945);
#4943=LINE('',#410,#4946);
#4944=VECTOR('',#4947,1.0);
#4945=VECTOR('',#4948,1.0);
#4946=VECTOR('',#4949,1.0);
#4947=DIRECTION('',(0.5495919979915472,0.8354332024426963,0));
#4948=DIRECTION('',(0.9975036385419126,-0.07061509113245867,0));
#4949=DIRECTION('',(-1,0,0));
#4950=FACE_SURFACE('',(#4955),#4951,.T.);
#4951=PLANE('',#4952);
#4952=AXIS2_PLACEMENT_3D('',#426,#4953,#4954);
#4953=DIRECTION('',(0,0,-1));
#4954=DIRECTION('',(-1,0,0));
#4955=FACE_BOUND('',#4956,.T.);
#4956=EDGE_LOOP('',(#4957,#4958,#4959));
#4957=ORIENTED_EDGE('',*,*,#4960,.T.);
#4958=ORIENTED_EDGE('',*,*,#4961,.T.);
#4959=ORIENTED_EDGE('',*,*,#4962,.T.);
#4960=EDGE_CURVE('',#427,#429,#4963,.F.);
#4961=EDGE_CURVE('',#429,#431,#4964,.T.);
#4962=EDGE_CURVE('',#431,#427,#4965,.T.);
#4963=LINE('',#426,#4966);
#4964=LINE('',#428,#4967);
#4965=LINE('',#430,#4968);
#4966=VECTOR('',#4969,1.0);
#4967=VECTOR('',#4970,1.0);
#4968=VECTOR('',#4971,1.0);
#4969=DIRECTION('',(-1,0,0));
#4970=DIRECTION('',(-0.018993984275960416,0.999819598008223,0));
#4971=DIRECTION('',(0.9899737080909485,-0.1412517514534153,0));
#4972=FACE_SURFACE('',(#4977),#4973,.T.);
#4973=PLANE('',#4974);
#4974=AXIS2_PLACEMENT_3D('',#432,#4975,#4976);
#4975=DIRECTION('',(-0,0,-1));
#4976=DIRECTION('',(-0.008680021833626985,-0.9999623279008902,0));
#4977=FACE_BOUND('',#4978,.T.);
#4978=EDGE_LOOP('',(#4979,#4980,#4981));
#4979=ORIENTED_EDGE('',*,*,#4982,.T.);
#4980=ORIENTED_EDGE('',*,*,#4983,.T.);
#4981=ORIENTED_EDGE('',*,*,#4984,.T.);
#4982=EDGE_CURVE('',#433,#427,#4985,.F.);
#4983=EDGE_CURVE('',#427,#431,#4986,.T.);
#4984=EDGE_CURVE('',#431,#433,#4987,.T.);
#4985=LINE('',#432,#4988);
#4986=LINE('',#426,#4989);
#4987=LINE('',#430,#4990);
#4988=VECTOR('',#4991,1.0);
#4989=VECTOR('',#4992,1.0);
#4990=VECTOR('',#4993,1.0);
#4991=DIRECTION('',(-0.008680021833626985,-0.9999623279008902,0));
#4992=DIRECTION('',(-0.9899737080909485,0.1412517514534153,0));
#4993=DIRECTION('',(1,0,0));
#4994=FACE_SURFACE('',(#4999),#4995,.T.);
#4995=PLANE('',#4996);
#4996=AXIS2_PLACEMENT_3D('',#420,#4997,#4998);
#4997=DIRECTION('',(0,-0,-1));
#4998=DIRECTION('',(1,0,0));
#4999=FACE_BOUND('',#5000,.T.);
#5000=EDGE_LOOP('',(#5001,#5002,#5003));
#5001=ORIENTED_EDGE('',*,*,#5004,.T.);
#5002=ORIENTED_EDGE('',*,*,#5005,.T.);
#5003=ORIENTED_EDGE('',*,*,#5006,.T.);
#5004=EDGE_CURVE('',#421,#411,#5007,.F.);
#5005=EDGE_CURVE('',#411,#381,#5008,.T.);
#5006=EDGE_CURVE('',#381,#421,#5009,.T.);
#5007=LINE('',#420,#5010);
#5008=LINE('',#410,#5011);
#5009=LINE('',#380,#5012);
#5010=VECTOR('',#5013,1.0);
#5011=VECTOR('',#5014,1.0);
#5012=VECTOR('',#5015,1.0);
#5013=DIRECTION('',(1,0,0));
#5014=DIRECTION('',(-0.9997309002542802,-0.023197566181960796,0));
#5015=DIRECTION('',(0.9954358706260671,0.09543284272682967,0));
#5016=FACE_SURFACE('',(#5021),#5017,.T.);
#5017=PLANE('',#5018);
#5018=AXIS2_PLACEMENT_3D('',#434,#5019,#5020);
#5019=DIRECTION('',(0,0,-1));
#5020=DIRECTION('',(1,0,0));
#5021=FACE_BOUND('',#5022,.T.);
#5022=EDGE_LOOP('',(#5023,#5024,#5025));
#5023=ORIENTED_EDGE('',*,*,#5026,.T.);
#5024=ORIENTED_EDGE('',*,*,#5027,.T.);
#5025=ORIENTED_EDGE('',*,*,#5028,.T.);
#5026=EDGE_CURVE('',#435,#421,#5029,.F.);
#5027=EDGE_CURVE('',#421,#381,#5030,.T.);
#5028=EDGE_CURVE('',#381,#435,#5031,.T.);
#5029=LINE('',#434,#5032);
#5030=LINE('',#420,#5033);
#5031=LINE('',#380,#5034);
#5032=VECTOR('',#5035,1.0);
#5033=VECTOR('',#5036,1.0);
#5034=VECTOR('',#5037,1.0);
#5035=DIRECTION('',(1,0,0));
#5036=DIRECTION('',(-0.9954358706260671,-0.09543284272682967,0));
#5037=DIRECTION('',(-0.9532280978310419,0.3022518709709065,0));
#5038=FACE_SURFACE('',(#5043),#5039,.T.);
#5039=PLANE('',#5040);
#5040=AXIS2_PLACEMENT_3D('',#348,#5041,#5042);
#5041=DIRECTION('',(0,0,-1));
#5042=DIRECTION('',(-0.7452368420088294,0.6667998570131123,0));
#5043=FACE_BOUND('',#5044,.T.);
#5044=EDGE_LOOP('',(#5045,#5046,#5047));
#5045=ORIENTED_EDGE('',*,*,#5048,.T.);
#5046=ORIENTED_EDGE('',*,*,#5049,.T.);
#5047=ORIENTED_EDGE('',*,*,#5050,.T.);
#5048=EDGE_CURVE('',#349,#347,#5051,.F.);
#5049=EDGE_CURVE('',#347,#437,#5052,.T.);
#5050=EDGE_CURVE('',#437,#349,#5053,.T.);
#5051=LINE('',#348,#5054);
#5052=LINE('',#346,#5055);
#5053=LINE('',#436,#5056);
#5054=VECTOR('',#5057,1.0);
#5055=VECTOR('',#5058,1.0);
#5056=VECTOR('',#5059,1.0);
#5057=DIRECTION('',(-0.7452368420088294,0.6667998570131123,0));
#5058=DIRECTION('',(1,0,0));
#5059=DIRECTION('',(-0.9338812804182349,-0.3575832128112254,0));
#5060=FACE_SURFACE('',(#5065),#5061,.T.);
#5061=PLANE('',#5062);
#5062=AXIS2_PLACEMENT_3D('',#438,#5063,#5064);
#5063=DIRECTION('',(0,0,-1));
#5064=DIRECTION('',(-1,0,0));
#5065=FACE_BOUND('',#5066,.T.);
#5066=EDGE_LOOP('',(#5067,#5068,#5069));
#5067=ORIENTED_EDGE('',*,*,#5070,.T.);
#5068=ORIENTED_EDGE('',*,*,#5071,.T.);
#5069=ORIENTED_EDGE('',*,*,#5072,.T.);
#5070=EDGE_CURVE('',#439,#441,#5073,.F.);
#5071=EDGE_CURVE('',#441,#443,#5074,.T.);
#5072=EDGE_CURVE('',#443,#439,#5075,.T.);
#5073=LINE('',#438,#5076);
#5074=LINE('',#440,#5077);
#5075=LINE('',#442,#5078);
#5076=VECTOR('',#5079,1.0);
#5077=VECTOR('',#5080,1.0);
#5078=VECTOR('',#5081,1.0);
#5079=DIRECTION('',(-1,0,0));
#5080=DIRECTION('',(0,1,0));
#5081=DIRECTION('',(0.9407579382186925,-0.3390789018481021,0));
#5082=FACE_SURFACE('',(#5087),#5083,.T.);
#5083=PLANE('',#5084);
#5084=AXIS2_PLACEMENT_3D('',#442,#5085,#5086);
#5085=DIRECTION('',(0,0,-1));
#5086=DIRECTION('',(-1,0,0));
#5087=FACE_BOUND('',#5088,.T.);
#5088=EDGE_LOOP('',(#5089,#5090,#5091));
#5089=ORIENTED_EDGE('',*,*,#5092,.T.);
#5090=ORIENTED_EDGE('',*,*,#5093,.T.);
#5091=ORIENTED_EDGE('',*,*,#5094,.T.);
#5092=EDGE_CURVE('',#443,#349,#5095,.F.);
#5093=EDGE_CURVE('',#349,#437,#5096,.T.);
#5094=EDGE_CURVE('',#437,#443,#5097,.T.);
#5095=LINE('',#442,#5098);
#5096=LINE('',#348,#5099);
#5097=LINE('',#436,#5100);
#5098=VECTOR('',#5101,1.0);
#5099=VECTOR('',#5102,1.0);
#5100=VECTOR('',#5103,1.0);
#5101=DIRECTION('',(-1,0,0));
#5102=DIRECTION('',(0.9338812804182349,0.3575832128112254,0));
#5103=DIRECTION('',(-0.9324814616239696,-0.36121783417714187,0));
#5104=FACE_SURFACE('',(#5109),#5105,.T.);
#5105=PLANE('',#5106);
#5106=AXIS2_PLACEMENT_3D('',#434,#5107,#5108);
#5107=DIRECTION('',(0,0,-1));
#5108=DIRECTION('',(0.9532280978310419,-0.3022518709709065,0));
#5109=FACE_BOUND('',#5110,.T.);
#5110=EDGE_LOOP('',(#5111,#5112,#5113));
#5111=ORIENTED_EDGE('',*,*,#5114,.T.);
#5112=ORIENTED_EDGE('',*,*,#5115,.T.);
#5113=ORIENTED_EDGE('',*,*,#5116,.T.);
#5114=EDGE_CURVE('',#435,#381,#5117,.F.);
#5115=EDGE_CURVE('',#381,#385,#5118,.T.);
#5116=EDGE_CURVE('',#385,#435,#5119,.T.);
#5117=LINE('',#434,#5120);
#5118=LINE('',#380,#5121);
#5119=LINE('',#384,#5122);
#5120=VECTOR('',#5123,1.0);
#5121=VECTOR('',#5124,1.0);
#5122=VECTOR('',#5125,1.0);
#5123=DIRECTION('',(0.9532280978310419,-0.3022518709709065,0));
#5124=DIRECTION('',(-0.94080451215545,-0.33894965689309353,0));
#5125=DIRECTION('',(-0.7431253796892299,0.6691522024634888,0));
#5126=FACE_SURFACE('',(#5131),#5127,.T.);
#5127=PLANE('',#5128);
#5128=AXIS2_PLACEMENT_3D('',#444,#5129,#5130);
#5129=DIRECTION('',(0,0,-1));
#5130=DIRECTION('',(1,0,0));
#5131=FACE_BOUND('',#5132,.T.);
#5132=EDGE_LOOP('',(#5133,#5134,#5135));
#5133=ORIENTED_EDGE('',*,*,#5136,.T.);
#5134=ORIENTED_EDGE('',*,*,#5137,.T.);
#5135=ORIENTED_EDGE('',*,*,#5138,.T.);
#5136=EDGE_CURVE('',#445,#447,#5139,.F.);
#5137=EDGE_CURVE('',#447,#449,#5140,.T.);
#5138=EDGE_CURVE('',#449,#445,#5141,.T.);
#5139=LINE('',#444,#5142);
#5140=LINE('',#446,#5143);
#5141=LINE('',#448,#5144);
#5142=VECTOR('',#5145,1.0);
#5143=VECTOR('',#5146,1.0);
#5144=VECTOR('',#5147,1.0);
#5145=DIRECTION('',(1,0,0));
#5146=DIRECTION('',(0,-1,0));
#5147=DIRECTION('',(-0.933517540285666,0.35853173078404105,0));
#5148=FACE_SURFACE('',(#5153),#5149,.T.);
#5149=PLANE('',#5150);
#5150=AXIS2_PLACEMENT_3D('',#434,#5151,#5152);
#5151=DIRECTION('',(0,0,-1));
#5152=DIRECTION('',(0.7431253796892299,-0.6691522024634888,0));
#5153=FACE_BOUND('',#5154,.T.);
#5154=EDGE_LOOP('',(#5155,#5156,#5157));
#5155=ORIENTED_EDGE('',*,*,#5158,.T.);
#5156=ORIENTED_EDGE('',*,*,#5159,.T.);
#5157=ORIENTED_EDGE('',*,*,#5160,.T.);
#5158=EDGE_CURVE('',#435,#385,#5161,.F.);
#5159=EDGE_CURVE('',#385,#445,#5162,.T.);
#5160=EDGE_CURVE('',#445,#435,#5163,.T.);
#5161=LINE('',#434,#5164);
#5162=LINE('',#384,#5165);
#5163=LINE('',#444,#5166);
#5164=VECTOR('',#5167,1.0);
#5165=VECTOR('',#5168,1.0);
#5166=VECTOR('',#5169,1.0);
#5167=DIRECTION('',(0.7431253796892299,-0.6691522024634888,0));
#5168=DIRECTION('',(0,-1,0));
#5169=DIRECTION('',(-0.19413499782651422,0.9809748226223237,0));
#5170=FACE_SURFACE('',(#5175),#5171,.T.);
#5171=PLANE('',#5172);
#5172=AXIS2_PLACEMENT_3D('',#438,#5173,#5174);
#5173=DIRECTION('',(0,0,-1));
#5174=DIRECTION('',(-0.9407579382186925,0.3390789018481021,0));
#5175=FACE_BOUND('',#5176,.T.);
#5176=EDGE_LOOP('',(#5177,#5178,#5179));
#5177=ORIENTED_EDGE('',*,*,#5180,.T.);
#5178=ORIENTED_EDGE('',*,*,#5181,.T.);
#5179=ORIENTED_EDGE('',*,*,#5182,.T.);
#5180=EDGE_CURVE('',#439,#443,#5183,.F.);
#5181=EDGE_CURVE('',#443,#437,#5184,.T.);
#5182=EDGE_CURVE('',#437,#439,#5185,.T.);
#5183=LINE('',#438,#5186);
#5184=LINE('',#442,#5187);
#5185=LINE('',#436,#5188);
#5186=VECTOR('',#5189,1.0);
#5187=VECTOR('',#5190,1.0);
#5188=VECTOR('',#5191,1.0);
#5189=DIRECTION('',(-0.9407579382186925,0.3390789018481021,0));
#5190=DIRECTION('',(0.9324814616239696,0.36121783417714187,0));
#5191=DIRECTION('',(-0.5927037706894763,-0.8054205362482861,0));
#5192=FACE_SURFACE('',(#5197),#5193,.T.);
#5193=PLANE('',#5194);
#5194=AXIS2_PLACEMENT_3D('',#450,#5195,#5196);
#5195=DIRECTION('',(0,0,-1));
#5196=DIRECTION('',(0,1,0));
#5197=FACE_BOUND('',#5198,.T.);
#5198=EDGE_LOOP('',(#5199,#5200,#5201));
#5199=ORIENTED_EDGE('',*,*,#5202,.T.);
#5200=ORIENTED_EDGE('',*,*,#5203,.T.);
#5201=ORIENTED_EDGE('',*,*,#5204,.T.);
#5202=EDGE_CURVE('',#451,#453,#5205,.F.);
#5203=EDGE_CURVE('',#453,#455,#5206,.T.);
#5204=EDGE_CURVE('',#455,#451,#5207,.T.);
#5205=LINE('',#450,#5208);
#5206=LINE('',#452,#5209);
#5207=LINE('',#454,#5210);
#5208=VECTOR('',#5211,1.0);
#5209=VECTOR('',#5212,1.0);
#5210=VECTOR('',#5213,1.0);
#5211=DIRECTION('',(0,1,0));
#5212=DIRECTION('',(1,0,0));
#5213=DIRECTION('',(-0.9334658335638897,-0.35866633180279506,0));
#5214=FACE_SURFACE('',(#5219),#5215,.T.);
#5215=PLANE('',#5216);
#5216=AXIS2_PLACEMENT_3D('',#454,#5217,#5218);
#5217=DIRECTION('',(0,0,-1));
#5218=DIRECTION('',(0,1,0));
#5219=FACE_BOUND('',#5220,.T.);
#5220=EDGE_LOOP('',(#5221,#5222,#5223));
#5221=ORIENTED_EDGE('',*,*,#5224,.T.);
#5222=ORIENTED_EDGE('',*,*,#5225,.T.);
#5223=ORIENTED_EDGE('',*,*,#5226,.T.);
#5224=EDGE_CURVE('',#455,#439,#5227,.F.);
#5225=EDGE_CURVE('',#439,#437,#5228,.T.);
#5226=EDGE_CURVE('',#437,#455,#5229,.T.);
#5227=LINE('',#454,#5230);
#5228=LINE('',#438,#5231);
#5229=LINE('',#436,#5232);
#5230=VECTOR('',#5233,1.0);
#5231=VECTOR('',#5234,1.0);
#5232=VECTOR('',#5235,1.0);
#5233=DIRECTION('',(0,1,0));
#5234=DIRECTION('',(0.5927037706894763,0.8054205362482861,0));
#5235=DIRECTION('',(-0.130023332050924,-0.9915109344441821,0));
#5236=FACE_SURFACE('',(#5241),#5237,.T.);
#5237=PLANE('',#5238);
#5238=AXIS2_PLACEMENT_3D('',#456,#5239,#5240);
#5239=DIRECTION('',(0,0,-1));
#5240=DIRECTION('',(0,1,0));
#5241=FACE_BOUND('',#5242,.T.);
#5242=EDGE_LOOP('',(#5243,#5244,#5245));
#5243=ORIENTED_EDGE('',*,*,#5246,.T.);
#5244=ORIENTED_EDGE('',*,*,#5247,.T.);
#5245=ORIENTED_EDGE('',*,*,#5248,.T.);
#5246=EDGE_CURVE('',#457,#435,#5249,.F.);
#5247=EDGE_CURVE('',#435,#445,#5250,.T.);
#5248=EDGE_CURVE('',#445,#457,#5251,.T.);
#5249=LINE('',#456,#5252);
#5250=LINE('',#434,#5253);
#5251=LINE('',#444,#5254);
#5252=VECTOR('',#5255,1.0);
#5253=VECTOR('',#5256,1.0);
#5254=VECTOR('',#5257,1.0);
#5255=DIRECTION('',(0,1,0));
#5256=DIRECTION('',(0.19413499782651422,-0.9809748226223237,0));
#5257=DIRECTION('',(-0.8338524541311293,-0.5519873954534588,0));
#5258=FACE_SURFACE('',(#5263),#5259,.T.);
#5259=PLANE('',#5260);
#5260=AXIS2_PLACEMENT_3D('',#456,#5261,#5262);
#5261=DIRECTION('',(0,0,-1));
#5262=DIRECTION('',(0.8338524541311293,0.5519873954534588,0));
#5263=FACE_BOUND('',#5264,.T.);
#5264=EDGE_LOOP('',(#5265,#5266,#5267));
#5265=ORIENTED_EDGE('',*,*,#5268,.T.);
#5266=ORIENTED_EDGE('',*,*,#5269,.T.);
#5267=ORIENTED_EDGE('',*,*,#5270,.T.);
#5268=EDGE_CURVE('',#457,#445,#5271,.F.);
#5269=EDGE_CURVE('',#445,#449,#5272,.T.);
#5270=EDGE_CURVE('',#449,#457,#5273,.T.);
#5271=LINE('',#456,#5274);
#5272=LINE('',#444,#5275);
#5273=LINE('',#448,#5276);
#5274=VECTOR('',#5277,1.0);
#5275=VECTOR('',#5278,1.0);
#5276=VECTOR('',#5279,1.0);
#5277=DIRECTION('',(0.8338524541311293,0.5519873954534588,0));
#5278=DIRECTION('',(0.933517540285666,-0.35853173078404105,0));
#5279=DIRECTION('',(-0.9845344010606877,-0.1751913614539058,0));
#5280=FACE_SURFACE('',(#5285),#5281,.T.);
#5281=PLANE('',#5282);
#5282=AXIS2_PLACEMENT_3D('',#430,#5283,#5284);
#5283=DIRECTION('',(0,0,-1));
#5284=DIRECTION('',(-1,0,0));
#5285=FACE_BOUND('',#5286,.T.);
#5286=EDGE_LOOP('',(#5287,#5288,#5289));
#5287=ORIENTED_EDGE('',*,*,#5290,.T.);
#5288=ORIENTED_EDGE('',*,*,#5291,.T.);
#5289=ORIENTED_EDGE('',*,*,#5292,.T.);
#5290=EDGE_CURVE('',#431,#457,#5293,.F.);
#5291=EDGE_CURVE('',#457,#449,#5294,.T.);
#5292=EDGE_CURVE('',#449,#431,#5295,.T.);
#5293=LINE('',#430,#5296);
#5294=LINE('',#456,#5297);
#5295=LINE('',#448,#5298);
#5296=VECTOR('',#5299,1.0);
#5297=VECTOR('',#5300,1.0);
#5298=VECTOR('',#5301,1.0);
#5299=DIRECTION('',(-1,0,0));
#5300=DIRECTION('',(0.9845344010606877,0.1751913614539058,0));
#5301=DIRECTION('',(0.9985558349554108,-0.05372377943241178,0));
#5302=FACE_SURFACE('',(#5307),#5303,.T.);
#5303=PLANE('',#5304);
#5304=AXIS2_PLACEMENT_3D('',#458,#5305,#5306);
#5305=DIRECTION('',(0,0,-1));
#5306=DIRECTION('',(0,1,0));
#5307=FACE_BOUND('',#5308,.T.);
#5308=EDGE_LOOP('',(#5309,#5310,#5311));
#5309=ORIENTED_EDGE('',*,*,#5312,.T.);
#5310=ORIENTED_EDGE('',*,*,#5313,.T.);
#5311=ORIENTED_EDGE('',*,*,#5314,.T.);
#5312=EDGE_CURVE('',#459,#461,#5315,.F.);
#5313=EDGE_CURVE('',#461,#463,#5316,.T.);
#5314=EDGE_CURVE('',#463,#459,#5317,.T.);
#5315=LINE('',#458,#5318);
#5316=LINE('',#460,#5319);
#5317=LINE('',#462,#5320);
#5318=VECTOR('',#5321,1.0);
#5319=VECTOR('',#5322,1.0);
#5320=VECTOR('',#5323,1.0);
#5321=DIRECTION('',(0,1,0));
#5322=DIRECTION('',(1,0,0));
#5323=DIRECTION('',(-0.933517540285666,-0.35853173078404105,0));
#5324=FACE_SURFACE('',(#5329),#5325,.T.);
#5325=PLANE('',#5326);
#5326=AXIS2_PLACEMENT_3D('',#430,#5327,#5328);
#5327=DIRECTION('',(0,0,-1));
#5328=DIRECTION('',(-0.9985558349554108,0.05372377943241178,0));
#5329=FACE_BOUND('',#5330,.T.);
#5330=EDGE_LOOP('',(#5331,#5332,#5333));
#5331=ORIENTED_EDGE('',*,*,#5334,.T.);
#5332=ORIENTED_EDGE('',*,*,#5335,.T.);
#5333=ORIENTED_EDGE('',*,*,#5336,.T.);
#5334=EDGE_CURVE('',#431,#449,#5337,.F.);
#5335=EDGE_CURVE('',#449,#459,#5338,.T.);
#5336=EDGE_CURVE('',#459,#431,#5339,.T.);
#5337=LINE('',#430,#5340);
#5338=LINE('',#448,#5341);
#5339=LINE('',#458,#5342);
#5340=VECTOR('',#5343,1.0);
#5341=VECTOR('',#5344,1.0);
#5342=VECTOR('',#5345,1.0);
#5343=DIRECTION('',(-0.9985558349554108,0.05372377943241178,0));
#5344=DIRECTION('',(1,0,0));
#5345=DIRECTION('',(0.997849613904802,-0.0655450076667742,0));
#5346=FACE_SURFACE('',(#5351),#5347,.T.);
#5347=PLANE('',#5348);
#5348=AXIS2_PLACEMENT_3D('',#432,#5349,#5350);
#5349=DIRECTION('',(0,0,-1));
#5350=DIRECTION('',(-1,0,0));
#5351=FACE_BOUND('',#5352,.T.);
#5352=EDGE_LOOP('',(#5353,#5354,#5355));
#5353=ORIENTED_EDGE('',*,*,#5356,.T.);
#5354=ORIENTED_EDGE('',*,*,#5357,.T.);
#5355=ORIENTED_EDGE('',*,*,#5358,.T.);
#5356=EDGE_CURVE('',#433,#431,#5359,.F.);
#5357=EDGE_CURVE('',#431,#459,#5360,.T.);
#5358=EDGE_CURVE('',#459,#433,#5361,.T.);
#5359=LINE('',#432,#5362);
#5360=LINE('',#430,#5363);
#5361=LINE('',#458,#5364);
#5362=VECTOR('',#5365,1.0);
#5363=VECTOR('',#5366,1.0);
#5364=VECTOR('',#5367,1.0);
#5365=DIRECTION('',(-1,0,0));
#5366=DIRECTION('',(-0.997849613904802,0.0655450076667742,0));
#5367=DIRECTION('',(0.9999072866188831,-0.01361683393681133,0));
#5368=FACE_SURFACE('',(#5373),#5369,.T.);
#5369=PLANE('',#5370);
#5370=AXIS2_PLACEMENT_3D('',#462,#5371,#5372);
#5371=DIRECTION('',(0,0,-1));
#5372=DIRECTION('',(0,1,0));
#5373=FACE_BOUND('',#5374,.T.);
#5374=EDGE_LOOP('',(#5375,#5376,#5377));
#5375=ORIENTED_EDGE('',*,*,#5378,.T.);
#5376=ORIENTED_EDGE('',*,*,#5379,.T.);
#5377=ORIENTED_EDGE('',*,*,#5380,.T.);
#5378=EDGE_CURVE('',#463,#465,#5381,.F.);
#5379=EDGE_CURVE('',#465,#467,#5382,.T.);
#5380=EDGE_CURVE('',#467,#463,#5383,.T.);
#5381=LINE('',#462,#5384);
#5382=LINE('',#464,#5385);
#5383=LINE('',#466,#5386);
#5384=VECTOR('',#5387,1.0);
#5385=VECTOR('',#5388,1.0);
#5386=VECTOR('',#5389,1.0);
#5387=DIRECTION('',(0,1,0));
#5388=DIRECTION('',(1,0,0));
#5389=DIRECTION('',(-0.9934279237342775,-0.11445942663233381,0));
#5390=FACE_SURFACE('',(#5395),#5391,.T.);
#5391=PLANE('',#5392);
#5392=AXIS2_PLACEMENT_3D('',#432,#5393,#5394);
#5393=DIRECTION('',(0,0,-1));
#5394=DIRECTION('',(-0.9999072866188831,0.01361683393681133,0));
#5395=FACE_BOUND('',#5396,.T.);
#5396=EDGE_LOOP('',(#5397,#5398,#5399));
#5397=ORIENTED_EDGE('',*,*,#5400,.T.);
#5398=ORIENTED_EDGE('',*,*,#5401,.T.);
#5399=ORIENTED_EDGE('',*,*,#5402,.T.);
#5400=EDGE_CURVE('',#433,#459,#5403,.F.);
#5401=EDGE_CURVE('',#459,#463,#5404,.T.);
#5402=EDGE_CURVE('',#463,#433,#5405,.T.);
#5403=LINE('',#432,#5406);
#5404=LINE('',#458,#5407);
#5405=LINE('',#462,#5408);
#5406=VECTOR('',#5409,1.0);
#5407=VECTOR('',#5410,1.0);
#5408=VECTOR('',#5411,1.0);
#5409=DIRECTION('',(-0.9999072866188831,0.01361683393681133,0));
#5410=DIRECTION('',(0.933517540285666,0.35853173078404105,0));
#5411=DIRECTION('',(0.999602105390766,-0.02820692997027355,0));
#5412=FACE_SURFACE('',(#5417),#5413,.T.);
#5413=PLANE('',#5414);
#5414=AXIS2_PLACEMENT_3D('',#454,#5415,#5416);
#5415=DIRECTION('',(0,0,-1));
#5416=DIRECTION('',(0.130023332050924,0.9915109344441821,0));
#5417=FACE_BOUND('',#5418,.T.);
#5418=EDGE_LOOP('',(#5419,#5420,#5421));
#5419=ORIENTED_EDGE('',*,*,#5422,.T.);
#5420=ORIENTED_EDGE('',*,*,#5423,.T.);
#5421=ORIENTED_EDGE('',*,*,#5424,.T.);
#5422=EDGE_CURVE('',#455,#437,#5425,.F.);
#5423=EDGE_CURVE('',#437,#469,#5426,.T.);
#5424=EDGE_CURVE('',#469,#455,#5427,.T.);
#5425=LINE('',#454,#5428);
#5426=LINE('',#436,#5429);
#5427=LINE('',#468,#5430);
#5428=VECTOR('',#5431,1.0);
#5429=VECTOR('',#5432,1.0);
#5430=VECTOR('',#5433,1.0);
#5431=DIRECTION('',(0.130023332050924,0.9915109344441821,0));
#5432=DIRECTION('',(0,-1,0));
#5433=DIRECTION('',(-0.7074631470335652,0.706750235648609,0));
#5434=FACE_SURFACE('',(#5439),#5435,.T.);
#5435=PLANE('',#5436);
#5436=AXIS2_PLACEMENT_3D('',#450,#5437,#5438);
#5437=DIRECTION('',(0,0,-1));
#5438=DIRECTION('',(0.9334658335638897,0.35866633180279506,0));
#5439=FACE_BOUND('',#5440,.T.);
#5440=EDGE_LOOP('',(#5441,#5442,#5443));
#5441=ORIENTED_EDGE('',*,*,#5444,.T.);
#5442=ORIENTED_EDGE('',*,*,#5445,.T.);
#5443=ORIENTED_EDGE('',*,*,#5446,.T.);
#5444=EDGE_CURVE('',#451,#455,#5447,.F.);
#5445=EDGE_CURVE('',#455,#469,#5448,.T.);
#5446=EDGE_CURVE('',#469,#451,#5449,.T.);
#5447=LINE('',#450,#5450);
#5448=LINE('',#454,#5451);
#5449=LINE('',#468,#5452);
#5450=VECTOR('',#5453,1.0);
#5451=VECTOR('',#5454,1.0);
#5452=VECTOR('',#5455,1.0);
#5453=DIRECTION('',(0.9334658335638897,0.35866633180279506,0));
#5454=DIRECTION('',(0.7074631470335652,-0.706750235648609,0));
#5455=DIRECTION('',(-0.977176725488005,0.21242798112428618,0));
#5456=FACE_SURFACE('',(#5461),#5457,.T.);
#5457=PLANE('',#5458);
#5458=AXIS2_PLACEMENT_3D('',#468,#5459,#5460);
#5459=DIRECTION('',(0,0,-1));
#5460=DIRECTION('',(-1,0,0));
#5461=FACE_BOUND('',#5462,.T.);
#5462=EDGE_LOOP('',(#5463,#5464,#5465));
#5463=ORIENTED_EDGE('',*,*,#5466,.T.);
#5464=ORIENTED_EDGE('',*,*,#5467,.T.);
#5465=ORIENTED_EDGE('',*,*,#5468,.T.);
#5466=EDGE_CURVE('',#469,#433,#5469,.F.);
#5467=EDGE_CURVE('',#433,#463,#5470,.T.);
#5468=EDGE_CURVE('',#463,#469,#5471,.T.);
#5469=LINE('',#468,#5472);
#5470=LINE('',#432,#5473);
#5471=LINE('',#462,#5474);
#5472=VECTOR('',#5475,1.0);
#5473=VECTOR('',#5476,1.0);
#5474=VECTOR('',#5477,1.0);
#5475=DIRECTION('',(-1,0,0));
#5476=DIRECTION('',(-0.999602105390766,0.02820692997027355,0));
#5477=DIRECTION('',(0.9998151342563812,-0.019227514449204487,0));
#5478=FACE_SURFACE('',(#5483),#5479,.T.);
#5479=PLANE('',#5480);
#5480=AXIS2_PLACEMENT_3D('',#466,#5481,#5482);
#5481=DIRECTION('',(0,-0,-1));
#5482=DIRECTION('',(0,-1,0));
#5483=FACE_BOUND('',#5484,.T.);
#5484=EDGE_LOOP('',(#5485,#5486,#5487));
#5485=ORIENTED_EDGE('',*,*,#5488,.T.);
#5486=ORIENTED_EDGE('',*,*,#5489,.T.);
#5487=ORIENTED_EDGE('',*,*,#5490,.T.);
#5488=EDGE_CURVE('',#467,#471,#5491,.F.);
#5489=EDGE_CURVE('',#471,#473,#5492,.T.);
#5490=EDGE_CURVE('',#473,#467,#5493,.T.);
#5491=LINE('',#466,#5494);
#5492=LINE('',#470,#5495);
#5493=LINE('',#472,#5496);
#5494=VECTOR('',#5497,1.0);
#5495=VECTOR('',#5498,1.0);
#5496=VECTOR('',#5499,1.0);
#5497=DIRECTION('',(0,-1,0));
#5498=DIRECTION('',(-1,0,0));
#5499=DIRECTION('',(0.8003306086926035,0.5995589352096479,0));
#5500=FACE_SURFACE('',(#5505),#5501,.T.);
#5501=PLANE('',#5502);
#5502=AXIS2_PLACEMENT_3D('',#474,#5503,#5504);
#5503=DIRECTION('',(0,0,-1));
#5504=DIRECTION('',(1,0,0));
#5505=FACE_BOUND('',#5506,.T.);
#5506=EDGE_LOOP('',(#5507,#5508,#5509));
#5507=ORIENTED_EDGE('',*,*,#5510,.T.);
#5508=ORIENTED_EDGE('',*,*,#5511,.T.);
#5509=ORIENTED_EDGE('',*,*,#5512,.T.);
#5510=EDGE_CURVE('',#475,#477,#5513,.F.);
#5511=EDGE_CURVE('',#477,#479,#5514,.T.);
#5512=EDGE_CURVE('',#479,#475,#5515,.T.);
#5513=LINE('',#474,#5516);
#5514=LINE('',#476,#5517);
#5515=LINE('',#478,#5518);
#5516=VECTOR('',#5519,1.0);
#5517=VECTOR('',#5520,1.0);
#5518=VECTOR('',#5521,1.0);
#5519=DIRECTION('',(1,0,0));
#5520=DIRECTION('',(0,-1,0));
#5521=DIRECTION('',(-0.6254755057454849,0.7802438027388812,0));
#5522=FACE_SURFACE('',(#5527),#5523,.T.);
#5523=PLANE('',#5524);
#5524=AXIS2_PLACEMENT_3D('',#462,#5525,#5526);
#5525=DIRECTION('',(0,0,-1));
#5526=DIRECTION('',(0.9934279237342775,0.11445942663233381,0));
#5527=FACE_BOUND('',#5528,.T.);
#5528=EDGE_LOOP('',(#5529,#5530,#5531));
#5529=ORIENTED_EDGE('',*,*,#5532,.T.);
#5530=ORIENTED_EDGE('',*,*,#5533,.T.);
#5531=ORIENTED_EDGE('',*,*,#5534,.T.);
#5532=EDGE_CURVE('',#463,#467,#5535,.F.);
#5533=EDGE_CURVE('',#467,#473,#5536,.T.);
#5534=EDGE_CURVE('',#473,#463,#5537,.T.);
#5535=LINE('',#462,#5538);
#5536=LINE('',#466,#5539);
#5537=LINE('',#472,#5540);
#5538=VECTOR('',#5541,1.0);
#5539=VECTOR('',#5542,1.0);
#5540=VECTOR('',#5543,1.0);
#5541=DIRECTION('',(0.9934279237342775,0.11445942663233381,0));
#5542=DIRECTION('',(-0.8003306086926035,-0.5995589352096479,0));
#5543=DIRECTION('',(-0.9948546335569912,-0.101312674874296,0));
#5544=FACE_SURFACE('',(#5549),#5545,.T.);
#5545=PLANE('',#5546);
#5546=AXIS2_PLACEMENT_3D('',#462,#5547,#5548);
#5547=DIRECTION('',(0,0,-1));
#5548=DIRECTION('',(0.9948546335569912,0.101312674874296,0));
#5549=FACE_BOUND('',#5550,.T.);
#5550=EDGE_LOOP('',(#5551,#5552,#5553));
#5551=ORIENTED_EDGE('',*,*,#5554,.T.);
#5552=ORIENTED_EDGE('',*,*,#5555,.T.);
#5553=ORIENTED_EDGE('',*,*,#5556,.T.);
#5554=EDGE_CURVE('',#463,#473,#5557,.F.);
#5555=EDGE_CURVE('',#473,#475,#5558,.T.);
#5556=EDGE_CURVE('',#475,#463,#5559,.T.);
#5557=LINE('',#462,#5560);
#5558=LINE('',#472,#5561);
#5559=LINE('',#474,#5562);
#5560=VECTOR('',#5563,1.0);
#5561=VECTOR('',#5564,1.0);
#5562=VECTOR('',#5565,1.0);
#5563=DIRECTION('',(0.9948546335569912,0.101312674874296,0));
#5564=DIRECTION('',(0,-1,0));
#5565=DIRECTION('',(-0.9997945684375753,-0.020268717836175287,0));
#5566=FACE_SURFACE('',(#5571),#5567,.T.);
#5567=PLANE('',#5568);
#5568=AXIS2_PLACEMENT_3D('',#480,#5569,#5570);
#5569=DIRECTION('',(0,0,-1));
#5570=DIRECTION('',(1,0,0));
#5571=FACE_BOUND('',#5572,.T.);
#5572=EDGE_LOOP('',(#5573,#5574,#5575));
#5573=ORIENTED_EDGE('',*,*,#5576,.T.);
#5574=ORIENTED_EDGE('',*,*,#5577,.T.);
#5575=ORIENTED_EDGE('',*,*,#5578,.T.);
#5576=EDGE_CURVE('',#481,#451,#5579,.F.);
#5577=EDGE_CURVE('',#451,#469,#5580,.T.);
#5578=EDGE_CURVE('',#469,#481,#5581,.T.);
#5579=LINE('',#480,#5582);
#5580=LINE('',#450,#5583);
#5581=LINE('',#468,#5584);
#5582=VECTOR('',#5585,1.0);
#5583=VECTOR('',#5586,1.0);
#5584=VECTOR('',#5587,1.0);
#5585=DIRECTION('',(1,0,0));
#5586=DIRECTION('',(0.977176725488005,-0.21242798112428618,0));
#5587=DIRECTION('',(-0.9922083582913672,0.12458962130430405,0));
#5588=FACE_SURFACE('',(#5593),#5589,.T.);
#5589=PLANE('',#5590);
#5590=AXIS2_PLACEMENT_3D('',#482,#5591,#5592);
#5591=DIRECTION('',(0,0,-1));
#5592=DIRECTION('',(1,0,0));
#5593=FACE_BOUND('',#5594,.T.);
#5594=EDGE_LOOP('',(#5595,#5596,#5597));
#5595=ORIENTED_EDGE('',*,*,#5598,.T.);
#5596=ORIENTED_EDGE('',*,*,#5599,.T.);
#5597=ORIENTED_EDGE('',*,*,#5600,.T.);
#5598=EDGE_CURVE('',#483,#485,#5601,.F.);
#5599=EDGE_CURVE('',#485,#481,#5602,.T.);
#5600=EDGE_CURVE('',#481,#483,#5603,.T.);
#5601=LINE('',#482,#5604);
#5602=LINE('',#484,#5605);
#5603=LINE('',#480,#5606);
#5604=VECTOR('',#5607,1.0);
#5605=VECTOR('',#5608,1.0);
#5606=VECTOR('',#5609,1.0);
#5607=DIRECTION('',(1,0,0));
#5608=DIRECTION('',(0,-1,0));
#5609=DIRECTION('',(-0.9334658335638897,0.35866633180279506,0));
#5610=FACE_SURFACE('',(#5615),#5611,.T.);
#5611=PLANE('',#5612);
#5612=AXIS2_PLACEMENT_3D('',#486,#5613,#5614);
#5613=DIRECTION('',(0,0,-1));
#5614=DIRECTION('',(1,0,0));
#5615=FACE_BOUND('',#5616,.T.);
#5616=EDGE_LOOP('',(#5617,#5618,#5619));
#5617=ORIENTED_EDGE('',*,*,#5620,.T.);
#5618=ORIENTED_EDGE('',*,*,#5621,.T.);
#5619=ORIENTED_EDGE('',*,*,#5622,.T.);
#5620=EDGE_CURVE('',#487,#489,#5623,.F.);
#5621=EDGE_CURVE('',#489,#483,#5624,.T.);
#5622=EDGE_CURVE('',#483,#487,#5625,.T.);
#5623=LINE('',#486,#5626);
#5624=LINE('',#488,#5627);
#5625=LINE('',#482,#5628);
#5626=VECTOR('',#5629,1.0);
#5627=VECTOR('',#5630,1.0);
#5628=VECTOR('',#5631,1.0);
#5629=DIRECTION('',(1,0,0));
#5630=DIRECTION('',(0,-1,0));
#5631=DIRECTION('',(-0.9934280580896259,0.11445826051567963,0));
#5632=FACE_SURFACE('',(#5637),#5633,.T.);
#5633=PLANE('',#5634);
#5634=AXIS2_PLACEMENT_3D('',#490,#5635,#5636);
#5635=DIRECTION('',(0,0,-1));
#5636=DIRECTION('',(-1,0,0));
#5637=FACE_BOUND('',#5638,.T.);
#5638=EDGE_LOOP('',(#5639,#5640,#5641));
#5639=ORIENTED_EDGE('',*,*,#5642,.T.);
#5640=ORIENTED_EDGE('',*,*,#5643,.T.);
#5641=ORIENTED_EDGE('',*,*,#5644,.T.);
#5642=EDGE_CURVE('',#491,#493,#5645,.F.);
#5643=EDGE_CURVE('',#493,#487,#5646,.T.);
#5644=EDGE_CURVE('',#487,#491,#5647,.T.);
#5645=LINE('',#490,#5648);
#5646=LINE('',#492,#5649);
#5647=LINE('',#486,#5650);
#5648=VECTOR('',#5651,1.0);
#5649=VECTOR('',#5652,1.0);
#5650=VECTOR('',#5653,1.0);
#5651=DIRECTION('',(-1,0,0));
#5652=DIRECTION('',(0,1,0));
#5653=DIRECTION('',(0.7996118389677553,-0.600517199572672,0));
#5654=FACE_SURFACE('',(#5659),#5655,.T.);
#5655=PLANE('',#5656);
#5656=AXIS2_PLACEMENT_3D('',#494,#5657,#5658);
#5657=DIRECTION('',(0,0,-1));
#5658=DIRECTION('',(0,1,0));
#5659=FACE_BOUND('',#5660,.T.);
#5660=EDGE_LOOP('',(#5661,#5662,#5663));
#5661=ORIENTED_EDGE('',*,*,#5664,.T.);
#5662=ORIENTED_EDGE('',*,*,#5665,.T.);
#5663=ORIENTED_EDGE('',*,*,#5666,.T.);
#5664=EDGE_CURVE('',#495,#497,#5667,.F.);
#5665=EDGE_CURVE('',#497,#499,#5668,.T.);
#5666=EDGE_CURVE('',#499,#495,#5669,.T.);
#5667=LINE('',#494,#5670);
#5668=LINE('',#496,#5671);
#5669=LINE('',#498,#5672);
#5670=VECTOR('',#5673,1.0);
#5671=VECTOR('',#5674,1.0);
#5672=VECTOR('',#5675,1.0);
#5673=DIRECTION('',(0,1,0));
#5674=DIRECTION('',(1,0,0));
#5675=DIRECTION('',(-0.6245250713520621,-0.7810047600704502,0));
#5676=FACE_SURFACE('',(#5681),#5677,.T.);
#5677=PLANE('',#5678);
#5678=AXIS2_PLACEMENT_3D('',#490,#5679,#5680);
#5679=DIRECTION('',(0,0,-1));
#5680=DIRECTION('',(-0.7996118389677553,0.600517199572672,0));
#5681=FACE_BOUND('',#5682,.T.);
#5682=EDGE_LOOP('',(#5683,#5684,#5685));
#5683=ORIENTED_EDGE('',*,*,#5686,.T.);
#5684=ORIENTED_EDGE('',*,*,#5687,.T.);
#5685=ORIENTED_EDGE('',*,*,#5688,.T.);
#5686=EDGE_CURVE('',#491,#487,#5689,.F.);
#5687=EDGE_CURVE('',#487,#483,#5690,.T.);
#5688=EDGE_CURVE('',#483,#491,#5691,.T.);
#5689=LINE('',#490,#5692);
#5690=LINE('',#486,#5693);
#5691=LINE('',#482,#5694);
#5692=VECTOR('',#5695,1.0);
#5693=VECTOR('',#5696,1.0);
#5694=VECTOR('',#5697,1.0);
#5695=DIRECTION('',(-0.7996118389677553,0.600517199572672,0));
#5696=DIRECTION('',(0.9934280580896259,-0.11445826051567963,0));
#5697=DIRECTION('',(-0.9948552783213582,0.10130634331636339,0));
#5698=FACE_SURFACE('',(#5703),#5699,.T.);
#5699=PLANE('',#5700);
#5700=AXIS2_PLACEMENT_3D('',#498,#5701,#5702);
#5701=DIRECTION('',(0,0,-1));
#5702=DIRECTION('',(0,1,0));
#5703=FACE_BOUND('',#5704,.T.);
#5704=EDGE_LOOP('',(#5705,#5706,#5707));
#5705=ORIENTED_EDGE('',*,*,#5708,.T.);
#5706=ORIENTED_EDGE('',*,*,#5709,.T.);
#5707=ORIENTED_EDGE('',*,*,#5710,.T.);
#5708=EDGE_CURVE('',#499,#491,#5711,.F.);
#5709=EDGE_CURVE('',#491,#483,#5712,.T.);
#5710=EDGE_CURVE('',#483,#499,#5713,.T.);
#5711=LINE('',#498,#5714);
#5712=LINE('',#490,#5715);
#5713=LINE('',#482,#5716);
#5714=VECTOR('',#5717,1.0);
#5715=VECTOR('',#5718,1.0);
#5716=VECTOR('',#5719,1.0);
#5717=DIRECTION('',(0,1,0));
#5718=DIRECTION('',(0.9948552783213582,-0.10130634331636339,0));
#5719=DIRECTION('',(-0.9997945943720085,0.020267438528614196,0));
#5720=FACE_SURFACE('',(#5725),#5721,.T.);
#5721=PLANE('',#5722);
#5722=AXIS2_PLACEMENT_3D('',#480,#5723,#5724);
#5723=DIRECTION('',(-0,-0,-1));
#5724=DIRECTION('',(0.9922083582913672,-0.12458962130430405,0));
#5725=FACE_BOUND('',#5726,.T.);
#5726=EDGE_LOOP('',(#5727,#5728,#5729));
#5727=ORIENTED_EDGE('',*,*,#5730,.T.);
#5728=ORIENTED_EDGE('',*,*,#5731,.T.);
#5729=ORIENTED_EDGE('',*,*,#5732,.T.);
#5730=EDGE_CURVE('',#481,#469,#5733,.F.);
#5731=EDGE_CURVE('',#469,#463,#5734,.T.);
#5732=EDGE_CURVE('',#463,#481,#5735,.T.);
#5733=LINE('',#480,#5736);
#5734=LINE('',#468,#5737);
#5735=LINE('',#462,#5738);
#5736=VECTOR('',#5739,1.0);
#5737=VECTOR('',#5740,1.0);
#5738=VECTOR('',#5741,1.0);
#5739=DIRECTION('',(0.9922083582913672,-0.12458962130430405,0));
#5740=DIRECTION('',(-0.9998151342563812,0.019227514449204487,0));
#5741=DIRECTION('',(0.9999458532141838,-0.010406278862203047,0));
#5742=FACE_SURFACE('',(#5747),#5743,.T.);
#5743=PLANE('',#5744);
#5744=AXIS2_PLACEMENT_3D('',#498,#5745,#5746);
#5745=DIRECTION('',(0,0,-1));
#5746=DIRECTION('',(0.9997945943720085,-0.020267438528614196,0));
#5747=FACE_BOUND('',#5748,.T.);
#5748=EDGE_LOOP('',(#5749,#5750,#5751));
#5749=ORIENTED_EDGE('',*,*,#5752,.T.);
#5750=ORIENTED_EDGE('',*,*,#5753,.T.);
#5751=ORIENTED_EDGE('',*,*,#5754,.T.);
#5752=EDGE_CURVE('',#499,#483,#5755,.F.);
#5753=EDGE_CURVE('',#483,#481,#5756,.T.);
#5754=EDGE_CURVE('',#481,#499,#5757,.T.);
#5755=LINE('',#498,#5758);
#5756=LINE('',#482,#5759);
#5757=LINE('',#480,#5760);
#5758=VECTOR('',#5761,1.0);
#5759=VECTOR('',#5762,1.0);
#5760=VECTOR('',#5763,1.0);
#5761=DIRECTION('',(0.9997945943720085,-0.020267438528614196,0));
#5762=DIRECTION('',(0.9334658335638897,-0.35866633180279506,0));
#5763=DIRECTION('',(-0.9990699356162094,0.043119180741560174,0));
#5764=FACE_SURFACE('',(#5769),#5765,.T.);
#5765=PLANE('',#5766);
#5766=AXIS2_PLACEMENT_3D('',#494,#5767,#5768);
#5767=DIRECTION('',(0,0,-1));
#5768=DIRECTION('',(0.6245250713520621,0.7810047600704502,0));
#5769=FACE_BOUND('',#5770,.T.);
#5770=EDGE_LOOP('',(#5771,#5772,#5773));
#5771=ORIENTED_EDGE('',*,*,#5774,.T.);
#5772=ORIENTED_EDGE('',*,*,#5775,.T.);
#5773=ORIENTED_EDGE('',*,*,#5776,.T.);
#5774=EDGE_CURVE('',#495,#499,#5777,.F.);
#5775=EDGE_CURVE('',#499,#481,#5778,.T.);
#5776=EDGE_CURVE('',#481,#495,#5779,.T.);
#5777=LINE('',#494,#5780);
#5778=LINE('',#498,#5781);
#5779=LINE('',#480,#5782);
#5780=VECTOR('',#5783,1.0);
#5781=VECTOR('',#5784,1.0);
#5782=VECTOR('',#5785,1.0);
#5783=DIRECTION('',(0.6245250713520621,0.7810047600704502,0));
#5784=DIRECTION('',(0.9990699356162094,-0.043119180741560174,0));
#5785=DIRECTION('',(-0.999835698680024,0.01812665564930286,0));
#5786=FACE_SURFACE('',(#5791),#5787,.T.);
#5787=PLANE('',#5788);
#5788=AXIS2_PLACEMENT_3D('',#462,#5789,#5790);
#5789=DIRECTION('',(0,0,-1));
#5790=DIRECTION('',(0.9997945684375753,0.020268717836175287,0));
#5791=FACE_BOUND('',#5792,.T.);
#5792=EDGE_LOOP('',(#5793,#5794,#5795));
#5793=ORIENTED_EDGE('',*,*,#5796,.T.);
#5794=ORIENTED_EDGE('',*,*,#5797,.T.);
#5795=ORIENTED_EDGE('',*,*,#5798,.T.);
#5796=EDGE_CURVE('',#463,#475,#5799,.F.);
#5797=EDGE_CURVE('',#475,#479,#5800,.T.);
#5798=EDGE_CURVE('',#479,#463,#5801,.T.);
#5799=LINE('',#462,#5802);
#5800=LINE('',#474,#5803);
#5801=LINE('',#478,#5804);
#5802=VECTOR('',#5805,1.0);
#5803=VECTOR('',#5806,1.0);
#5804=VECTOR('',#5807,1.0);
#5805=DIRECTION('',(0.9997945684375753,0.020268717836175287,0));
#5806=DIRECTION('',(0.6254755057454849,-0.7802438027388812,0));
#5807=DIRECTION('',(-0.9999824107384512,0.00593112246676372,0));
#5808=FACE_SURFACE('',(#5813),#5809,.T.);
#5809=PLANE('',#5810);
#5810=AXIS2_PLACEMENT_3D('',#478,#5811,#5812);
#5811=DIRECTION('',(0,0,-1));
#5812=DIRECTION('',(1,0,0));
#5813=FACE_BOUND('',#5814,.T.);
#5814=EDGE_LOOP('',(#5815,#5816,#5817));
#5815=ORIENTED_EDGE('',*,*,#5818,.T.);
#5816=ORIENTED_EDGE('',*,*,#5819,.T.);
#5817=ORIENTED_EDGE('',*,*,#5820,.T.);
#5818=EDGE_CURVE('',#479,#495,#5821,.F.);
#5819=EDGE_CURVE('',#495,#481,#5822,.T.);
#5820=EDGE_CURVE('',#481,#479,#5823,.T.);
#5821=LINE('',#478,#5824);
#5822=LINE('',#494,#5825);
#5823=LINE('',#480,#5826);
#5824=VECTOR('',#5827,1.0);
#5825=VECTOR('',#5828,1.0);
#5826=VECTOR('',#5829,1.0);
#5827=DIRECTION('',(1,0,0));
#5828=DIRECTION('',(0.999835698680024,-0.01812665564930286,0));
#5829=DIRECTION('',(-0.9999082893350916,0.013543002583278221,0));
#5830=FACE_SURFACE('',(#5835),#5831,.T.);
#5831=PLANE('',#5832);
#5832=AXIS2_PLACEMENT_3D('',#462,#5833,#5834);
#5833=DIRECTION('',(0,0,-1));
#5834=DIRECTION('',(0.9999824107384512,-0.00593112246676372,0));
#5835=FACE_BOUND('',#5836,.T.);
#5836=EDGE_LOOP('',(#5837,#5838,#5839));
#5837=ORIENTED_EDGE('',*,*,#5840,.T.);
#5838=ORIENTED_EDGE('',*,*,#5841,.T.);
#5839=ORIENTED_EDGE('',*,*,#5842,.T.);
#5840=EDGE_CURVE('',#463,#479,#5843,.F.);
#5841=EDGE_CURVE('',#479,#481,#5844,.T.);
#5842=EDGE_CURVE('',#481,#463,#5845,.T.);
#5843=LINE('',#462,#5846);
#5844=LINE('',#478,#5847);
#5845=LINE('',#480,#5848);
#5846=VECTOR('',#5849,1.0);
#5847=VECTOR('',#5850,1.0);
#5848=VECTOR('',#5851,1.0);
#5849=DIRECTION('',(0.9999824107384512,-0.00593112246676372,0));
#5850=DIRECTION('',(0.9999082893350916,-0.013543002583278221,0));
#5851=DIRECTION('',(-0.9999458532141838,0.010406278862203047,0));
#5852=FACE_SURFACE('',(#5857),#5853,.T.);
#5853=PLANE('',#5854);
#5854=AXIS2_PLACEMENT_3D('',#500,#5855,#5856);
#5855=DIRECTION('',(0,-1,0));
#5856=DIRECTION('',(0,0,-1));
#5857=FACE_BOUND('',#5858,.T.);
#5858=EDGE_LOOP('',(#5859,#5860,#5861));
#5859=ORIENTED_EDGE('',*,*,#5862,.T.);
#5860=ORIENTED_EDGE('',*,*,#5863,.T.);
#5861=ORIENTED_EDGE('',*,*,#5864,.T.);
#5862=EDGE_CURVE('',#501,#263,#5865,.F.);
#5863=EDGE_CURVE('',#263,#261,#5866,.T.);
#5864=EDGE_CURVE('',#261,#501,#5867,.T.);
#5865=LINE('',#500,#5868);
#5866=LINE('',#262,#5869);
#5867=LINE('',#260,#5870);
#5868=VECTOR('',#5871,1.0);
#5869=VECTOR('',#5872,1.0);
#5870=VECTOR('',#5873,1.0);
#5871=DIRECTION('',(0,0,-1));
#5872=DIRECTION('',(1,0,0));
#5873=DIRECTION('',(-0.977802427723823,0,0.2095290250476005));
#5874=FACE_SURFACE('',(#5879),#5875,.T.);
#5875=PLANE('',#5876);
#5876=AXIS2_PLACEMENT_3D('',#500,#5877,#5878);
#5877=DIRECTION('',(0,-1,0));
#5878=DIRECTION('',(0.977802427723823,0,-0.2095290250476005));
#5879=FACE_BOUND('',#5880,.T.);
#5880=EDGE_LOOP('',(#5881,#5882,#5883));
#5881=ORIENTED_EDGE('',*,*,#5884,.T.);
#5882=ORIENTED_EDGE('',*,*,#5885,.T.);
#5883=ORIENTED_EDGE('',*,*,#5886,.T.);
#5884=EDGE_CURVE('',#501,#261,#5887,.F.);
#5885=EDGE_CURVE('',#261,#503,#5888,.T.);
#5886=EDGE_CURVE('',#503,#501,#5889,.T.);
#5887=LINE('',#500,#5890);
#5888=LINE('',#260,#5891);
#5889=LINE('',#502,#5892);
#5890=VECTOR('',#5893,1.0);
#5891=VECTOR('',#5894,1.0);
#5892=VECTOR('',#5895,1.0);
#5893=DIRECTION('',(0.977802427723823,0,-0.2095290250476005));
#5894=DIRECTION('',(0,0,1));
#5895=DIRECTION('',(-1,0,0));
#5896=FACE_SURFACE('',(#5901),#5897,.T.);
#5897=PLANE('',#5898);
#5898=AXIS2_PLACEMENT_3D('',#504,#5899,#5900);
#5899=DIRECTION('',(1,0,0));
#5900=DIRECTION('',(0,0,-1));
#5901=FACE_BOUND('',#5902,.T.);
#5902=EDGE_LOOP('',(#5903,#5904,#5905));
#5903=ORIENTED_EDGE('',*,*,#5906,.T.);
#5904=ORIENTED_EDGE('',*,*,#5907,.T.);
#5905=ORIENTED_EDGE('',*,*,#5908,.T.);
#5906=EDGE_CURVE('',#505,#265,#5909,.F.);
#5907=EDGE_CURVE('',#265,#263,#5910,.T.);
#5908=EDGE_CURVE('',#263,#505,#5911,.T.);
#5909=LINE('',#504,#5912);
#5910=LINE('',#264,#5913);
#5911=LINE('',#262,#5914);
#5912=VECTOR('',#5915,1.0);
#5913=VECTOR('',#5916,1.0);
#5914=VECTOR('',#5917,1.0);
#5915=DIRECTION('',(0,0,-1));
#5916=DIRECTION('',(0,1,0));
#5917=DIRECTION('',(0,-0.977802427723823,0.2095290250476005));
#5918=FACE_SURFACE('',(#5923),#5919,.T.);
#5919=PLANE('',#5920);
#5920=AXIS2_PLACEMENT_3D('',#504,#5921,#5922);
#5921=DIRECTION('',(1,-0,0));
#5922=DIRECTION('',(0,0.977802427723823,-0.2095290250476005));
#5923=FACE_BOUND('',#5924,.T.);
#5924=EDGE_LOOP('',(#5925,#5926,#5927));
#5925=ORIENTED_EDGE('',*,*,#5928,.T.);
#5926=ORIENTED_EDGE('',*,*,#5929,.T.);
#5927=ORIENTED_EDGE('',*,*,#5930,.T.);
#5928=EDGE_CURVE('',#505,#263,#5931,.F.);
#5929=EDGE_CURVE('',#263,#501,#5932,.T.);
#5930=EDGE_CURVE('',#501,#505,#5933,.T.);
#5931=LINE('',#504,#5934);
#5932=LINE('',#262,#5935);
#5933=LINE('',#500,#5936);
#5934=VECTOR('',#5937,1.0);
#5935=VECTOR('',#5938,1.0);
#5936=VECTOR('',#5939,1.0);
#5937=DIRECTION('',(0,0.977802427723823,-0.2095290250476005));
#5938=DIRECTION('',(0,0,1));
#5939=DIRECTION('',(0,-1,0));
#5940=FACE_SURFACE('',(#5945),#5941,.T.);
#5941=PLANE('',#5942);
#5942=AXIS2_PLACEMENT_3D('',#248,#5943,#5944);
#5943=DIRECTION('',(-1,0,0));
#5944=DIRECTION('',(0,-1,0));
#5945=FACE_BOUND('',#5946,.T.);
#5946=EDGE_LOOP('',(#5947,#5948,#5949));
#5947=ORIENTED_EDGE('',*,*,#5950,.T.);
#5948=ORIENTED_EDGE('',*,*,#5951,.T.);
#5949=ORIENTED_EDGE('',*,*,#5952,.T.);
#5950=EDGE_CURVE('',#249,#507,#5953,.F.);
#5951=EDGE_CURVE('',#507,#509,#5954,.T.);
#5952=EDGE_CURVE('',#509,#249,#5955,.T.);
#5953=LINE('',#248,#5956);
#5954=LINE('',#506,#5957);
#5955=LINE('',#508,#5958);
#5956=VECTOR('',#5959,1.0);
#5957=VECTOR('',#5960,1.0);
#5958=VECTOR('',#5961,1.0);
#5959=DIRECTION('',(0,-1,0));
#5960=DIRECTION('',(0,0,1));
#5961=DIRECTION('',(0,0.977802427723823,-0.2095290250476005));
#5962=FACE_SURFACE('',(#5967),#5963,.T.);
#5963=PLANE('',#5964);
#5964=AXIS2_PLACEMENT_3D('',#248,#5965,#5966);
#5965=DIRECTION('',(-1,0,0));
#5966=DIRECTION('',(0,-0.977802427723823,0.2095290250476005));
#5967=FACE_BOUND('',#5968,.T.);
#5968=EDGE_LOOP('',(#5969,#5970,#5971));
#5969=ORIENTED_EDGE('',*,*,#5972,.T.);
#5970=ORIENTED_EDGE('',*,*,#5973,.T.);
#5971=ORIENTED_EDGE('',*,*,#5974,.T.);
#5972=EDGE_CURVE('',#249,#509,#5975,.F.);
#5973=EDGE_CURVE('',#509,#511,#5976,.T.);
#5974=EDGE_CURVE('',#511,#249,#5977,.T.);
#5975=LINE('',#248,#5978);
#5976=LINE('',#508,#5979);
#5977=LINE('',#510,#5980);
#5978=VECTOR('',#5981,1.0);
#5979=VECTOR('',#5982,1.0);
#5980=VECTOR('',#5983,1.0);
#5981=DIRECTION('',(0,-0.977802427723823,0.2095290250476005));
#5982=DIRECTION('',(0,1,0));
#5983=DIRECTION('',(0,0,-1));
#5984=FACE_SURFACE('',(#5989),#5985,.T.);
#5985=PLANE('',#5986);
#5986=AXIS2_PLACEMENT_3D('',#512,#5987,#5988);
#5987=DIRECTION('',(0,-1,0));
#5988=DIRECTION('',(0,0,-1));
#5989=FACE_BOUND('',#5990,.T.);
#5990=EDGE_LOOP('',(#5991,#5992,#5993));
#5991=ORIENTED_EDGE('',*,*,#5994,.T.);
#5992=ORIENTED_EDGE('',*,*,#5995,.T.);
#5993=ORIENTED_EDGE('',*,*,#5996,.T.);
#5994=EDGE_CURVE('',#513,#515,#5997,.F.);
#5995=EDGE_CURVE('',#515,#517,#5998,.T.);
#5996=EDGE_CURVE('',#517,#513,#5999,.T.);
#5997=LINE('',#512,#6000);
#5998=LINE('',#514,#6001);
#5999=LINE('',#516,#6002);
#6000=VECTOR('',#6003,1.0);
#6001=VECTOR('',#6004,1.0);
#6002=VECTOR('',#6005,1.0);
#6003=DIRECTION('',(0,0,-1));
#6004=DIRECTION('',(1,0,0));
#6005=DIRECTION('',(-0.9778024357654537,0,0.20952898751997523));
#6006=FACE_SURFACE('',(#6011),#6007,.T.);
#6007=PLANE('',#6008);
#6008=AXIS2_PLACEMENT_3D('',#512,#6009,#6010);
#6009=DIRECTION('',(0,-1,0));
#6010=DIRECTION('',(0.9778024357654537,0,-0.20952898751997523));
#6011=FACE_BOUND('',#6012,.T.);
#6012=EDGE_LOOP('',(#6013,#6014,#6015));
#6013=ORIENTED_EDGE('',*,*,#6016,.T.);
#6014=ORIENTED_EDGE('',*,*,#6017,.T.);
#6015=ORIENTED_EDGE('',*,*,#6018,.T.);
#6016=EDGE_CURVE('',#513,#517,#6019,.F.);
#6017=EDGE_CURVE('',#517,#519,#6020,.T.);
#6018=EDGE_CURVE('',#519,#513,#6021,.T.);
#6019=LINE('',#512,#6022);
#6020=LINE('',#516,#6023);
#6021=LINE('',#518,#6024);
#6022=VECTOR('',#6025,1.0);
#6023=VECTOR('',#6026,1.0);
#6024=VECTOR('',#6027,1.0);
#6025=DIRECTION('',(0.9778024357654537,0,-0.20952898751997523));
#6026=DIRECTION('',(0,0,1));
#6027=DIRECTION('',(-1,0,0));
#6028=FACE_SURFACE('',(#6033),#6029,.T.);
#6029=PLANE('',#6030);
#6030=AXIS2_PLACEMENT_3D('',#132,#6031,#6032);
#6031=DIRECTION('',(0,0,1));
#6032=DIRECTION('',(-0.7452368420088294,0.6667998570131123,0));
#6033=FACE_BOUND('',#6034,.T.);
#6034=EDGE_LOOP('',(#6035,#6036,#6037));
#6035=ORIENTED_EDGE('',*,*,#6038,.T.);
#6036=ORIENTED_EDGE('',*,*,#6039,.T.);
#6037=ORIENTED_EDGE('',*,*,#6040,.T.);
#6038=EDGE_CURVE('',#133,#131,#6041,.F.);
#6039=EDGE_CURVE('',#131,#61,#6042,.T.);
#6040=EDGE_CURVE('',#61,#133,#6043,.T.);
#6041=LINE('',#132,#6044);
#6042=LINE('',#130,#6045);
#6043=LINE('',#60,#6046);
#6044=VECTOR('',#6047,1.0);
#6045=VECTOR('',#6048,1.0);
#6046=VECTOR('',#6049,1.0);
#6047=DIRECTION('',(-0.7452368420088294,0.6667998570131123,0));
#6048=DIRECTION('',(-1,0,0));
#6049=DIRECTION('',(0.9772420975464662,-0.21212704396889856,0));
#6050=FACE_SURFACE('',(#6055),#6051,.T.);
#6051=PLANE('',#6052);
#6052=AXIS2_PLACEMENT_3D('',#60,#6053,#6054);
#6053=DIRECTION('',(0,0,1));
#6054=DIRECTION('',(0.6458215735798672,-0.7634883726022447,0));
#6055=FACE_BOUND('',#6056,.T.);
#6056=EDGE_LOOP('',(#6057,#6058,#6059));
#6057=ORIENTED_EDGE('',*,*,#6060,.T.);
#6058=ORIENTED_EDGE('',*,*,#6061,.T.);
#6059=ORIENTED_EDGE('',*,*,#6062,.T.);
#6060=EDGE_CURVE('',#61,#59,#6063,.F.);
#6061=EDGE_CURVE('',#59,#521,#6064,.T.);
#6062=EDGE_CURVE('',#521,#61,#6065,.T.);
#6063=LINE('',#60,#6066);
#6064=LINE('',#58,#6067);
#6065=LINE('',#520,#6068);
#6066=VECTOR('',#6069,1.0);
#6067=VECTOR('',#6070,1.0);
#6068=VECTOR('',#6071,1.0);
#6069=DIRECTION('',(0.6458215735798672,-0.7634883726022447,0));
#6070=DIRECTION('',(1,0,0));
#6071=DIRECTION('',(-0.8743778583156754,0.4852456706528074,0));
#6072=FACE_SURFACE('',(#6077),#6073,.T.);
#6073=PLANE('',#6074);
#6074=AXIS2_PLACEMENT_3D('',#522,#6075,#6076);
#6075=DIRECTION('',(0,-0,1));
#6076=DIRECTION('',(1,0,0));
#6077=FACE_BOUND('',#6078,.T.);
#6078=EDGE_LOOP('',(#6079,#6080,#6081));
#6079=ORIENTED_EDGE('',*,*,#6082,.T.);
#6080=ORIENTED_EDGE('',*,*,#6083,.T.);
#6081=ORIENTED_EDGE('',*,*,#6084,.T.);
#6082=EDGE_CURVE('',#523,#133,#6085,.F.);
#6083=EDGE_CURVE('',#133,#61,#6086,.T.);
#6084=EDGE_CURVE('',#61,#523,#6087,.T.);
#6085=LINE('',#522,#6088);
#6086=LINE('',#132,#6089);
#6087=LINE('',#60,#6090);
#6088=VECTOR('',#6091,1.0);
#6089=VECTOR('',#6092,1.0);
#6090=VECTOR('',#6093,1.0);
#6091=DIRECTION('',(1,0,0));
#6092=DIRECTION('',(-0.9772420975464662,0.21212704396889856,0));
#6093=DIRECTION('',(0.939765892947008,-0.3418187625826191,0));
#6094=FACE_SURFACE('',(#6099),#6095,.T.);
#6095=PLANE('',#6096);
#6096=AXIS2_PLACEMENT_3D('',#60,#6097,#6098);
#6097=DIRECTION('',(0,0,1));
#6098=DIRECTION('',(0.8743778583156754,-0.4852456706528074,0));
#6099=FACE_BOUND('',#6100,.T.);
#6100=EDGE_LOOP('',(#6101,#6102,#6103));
#6101=ORIENTED_EDGE('',*,*,#6104,.T.);
#6102=ORIENTED_EDGE('',*,*,#6105,.T.);
#6103=ORIENTED_EDGE('',*,*,#6106,.T.);
#6104=EDGE_CURVE('',#61,#521,#6107,.F.);
#6105=EDGE_CURVE('',#521,#523,#6108,.T.);
#6106=EDGE_CURVE('',#523,#61,#6109,.T.);
#6107=LINE('',#60,#6110);
#6108=LINE('',#520,#6111);
#6109=LINE('',#522,#6112);
#6110=VECTOR('',#6113,1.0);
#6111=VECTOR('',#6114,1.0);
#6112=VECTOR('',#6115,1.0);
#6113=DIRECTION('',(0.8743778583156754,-0.4852456706528074,0));
#6114=DIRECTION('',(0,1,0));
#6115=DIRECTION('',(-0.939765892947008,0.3418187625826191,0));
#6116=FACE_SURFACE('',(#6121),#6117,.T.);
#6117=PLANE('',#6118);
#6118=AXIS2_PLACEMENT_3D('',#524,#6119,#6120);
#6119=DIRECTION('',(0,-0,1));
#6120=DIRECTION('',(0,1,0));
#6121=FACE_BOUND('',#6122,.T.);
#6122=EDGE_LOOP('',(#6123,#6124,#6125));
#6123=ORIENTED_EDGE('',*,*,#6126,.T.);
#6124=ORIENTED_EDGE('',*,*,#6127,.T.);
#6125=ORIENTED_EDGE('',*,*,#6128,.T.);
#6126=EDGE_CURVE('',#525,#527,#6129,.F.);
#6127=EDGE_CURVE('',#527,#529,#6130,.T.);
#6128=EDGE_CURVE('',#529,#525,#6131,.T.);
#6129=LINE('',#524,#6132);
#6130=LINE('',#526,#6133);
#6131=LINE('',#528,#6134);
#6132=VECTOR('',#6135,1.0);
#6133=VECTOR('',#6136,1.0);
#6134=VECTOR('',#6137,1.0);
#6135=DIRECTION('',(0,1,0));
#6136=DIRECTION('',(-1,0,0));
#6137=DIRECTION('',(0.33931394902143946,-0.9406731866059944,0));
#6138=FACE_SURFACE('',(#6143),#6139,.T.);
#6139=PLANE('',#6140);
#6140=AXIS2_PLACEMENT_3D('',#524,#6141,#6142);
#6141=DIRECTION('',(0,0,1));
#6142=DIRECTION('',(-0.33931394902143946,0.9406731866059944,0));
#6143=FACE_BOUND('',#6144,.T.);
#6144=EDGE_LOOP('',(#6145,#6146,#6147));
#6145=ORIENTED_EDGE('',*,*,#6148,.T.);
#6146=ORIENTED_EDGE('',*,*,#6149,.T.);
#6147=ORIENTED_EDGE('',*,*,#6150,.T.);
#6148=EDGE_CURVE('',#525,#529,#6151,.F.);
#6149=EDGE_CURVE('',#529,#531,#6152,.T.);
#6150=EDGE_CURVE('',#531,#525,#6153,.T.);
#6151=LINE('',#524,#6154);
#6152=LINE('',#528,#6155);
#6153=LINE('',#530,#6156);
#6154=VECTOR('',#6157,1.0);
#6155=VECTOR('',#6158,1.0);
#6156=VECTOR('',#6159,1.0);
#6157=DIRECTION('',(-0.33931394902143946,0.9406731866059944,0));
#6158=DIRECTION('',(0,-1,0));
#6159=DIRECTION('',(1,0,0));
#6160=FACE_SURFACE('',(#6165),#6161,.T.);
#6161=PLANE('',#6162);
#6162=AXIS2_PLACEMENT_3D('',#532,#6163,#6164);
#6163=DIRECTION('',(0,0,1));
#6164=DIRECTION('',(-1,0,0));
#6165=FACE_BOUND('',#6166,.T.);
#6166=EDGE_LOOP('',(#6167,#6168,#6169));
#6167=ORIENTED_EDGE('',*,*,#6170,.T.);
#6168=ORIENTED_EDGE('',*,*,#6171,.T.);
#6169=ORIENTED_EDGE('',*,*,#6172,.T.);
#6170=EDGE_CURVE('',#533,#535,#6173,.F.);
#6171=EDGE_CURVE('',#535,#537,#6174,.T.);
#6172=EDGE_CURVE('',#537,#533,#6175,.T.);
#6173=LINE('',#532,#6176);
#6174=LINE('',#534,#6177);
#6175=LINE('',#536,#6178);
#6176=VECTOR('',#6179,1.0);
#6177=VECTOR('',#6180,1.0);
#6178=VECTOR('',#6181,1.0);
#6179=DIRECTION('',(-1,0,0));
#6180=DIRECTION('',(0,-1,0));
#6181=DIRECTION('',(0.08462791572642449,0.9964126233041215,0));
#6182=FACE_SURFACE('',(#6187),#6183,.T.);
#6183=PLANE('',#6184);
#6184=AXIS2_PLACEMENT_3D('',#536,#6185,#6186);
#6185=DIRECTION('',(0,0,1));
#6186=DIRECTION('',(1,0,0));
#6187=FACE_BOUND('',#6188,.T.);
#6188=EDGE_LOOP('',(#6189,#6190,#6191));
#6189=ORIENTED_EDGE('',*,*,#6192,.T.);
#6190=ORIENTED_EDGE('',*,*,#6193,.T.);
#6191=ORIENTED_EDGE('',*,*,#6194,.T.);
#6192=EDGE_CURVE('',#537,#505,#6195,.F.);
#6193=EDGE_CURVE('',#505,#501,#6196,.T.);
#6194=EDGE_CURVE('',#501,#537,#6197,.T.);
#6195=LINE('',#536,#6198);
#6196=LINE('',#504,#6199);
#6197=LINE('',#500,#6200);
#6198=VECTOR('',#6201,1.0);
#6199=VECTOR('',#6202,1.0);
#6200=VECTOR('',#6203,1.0);
#6201=DIRECTION('',(1,0,0));
#6202=DIRECTION('',(0,1,0));
#6203=DIRECTION('',(-0.16938130382774289,-0.9855505942941812,0));
#6204=FACE_SURFACE('',(#6209),#6205,.T.);
#6205=PLANE('',#6206);
#6206=AXIS2_PLACEMENT_3D('',#502,#6207,#6208);
#6207=DIRECTION('',(0,0,1));
#6208=DIRECTION('',(0,-1,0));
#6209=FACE_BOUND('',#6210,.T.);
#6210=EDGE_LOOP('',(#6211,#6212,#6213));
#6211=ORIENTED_EDGE('',*,*,#6214,.T.);
#6212=ORIENTED_EDGE('',*,*,#6215,.T.);
#6213=ORIENTED_EDGE('',*,*,#6216,.T.);
#6214=EDGE_CURVE('',#503,#539,#6217,.F.);
#6215=EDGE_CURVE('',#539,#541,#6218,.T.);
#6216=EDGE_CURVE('',#541,#503,#6219,.T.);
#6217=LINE('',#502,#6220);
#6218=LINE('',#538,#6221);
#6219=LINE('',#540,#6222);
#6220=VECTOR('',#6223,1.0);
#6221=VECTOR('',#6224,1.0);
#6222=VECTOR('',#6225,1.0);
#6223=DIRECTION('',(0,-1,0));
#6224=DIRECTION('',(1,0,0));
#6225=DIRECTION('',(-0.33931394902143946,0.9406731866059944,0));
#6226=FACE_SURFACE('',(#6231),#6227,.T.);
#6227=PLANE('',#6228);
#6228=AXIS2_PLACEMENT_3D('',#532,#6229,#6230);
#6229=DIRECTION('',(0,0,1));
#6230=DIRECTION('',(-0.08462791572642449,-0.9964126233041215,0));
#6231=FACE_BOUND('',#6232,.T.);
#6232=EDGE_LOOP('',(#6233,#6234,#6235));
#6233=ORIENTED_EDGE('',*,*,#6236,.T.);
#6234=ORIENTED_EDGE('',*,*,#6237,.T.);
#6235=ORIENTED_EDGE('',*,*,#6238,.T.);
#6236=EDGE_CURVE('',#533,#537,#6239,.F.);
#6237=EDGE_CURVE('',#537,#501,#6240,.T.);
#6238=EDGE_CURVE('',#501,#533,#6241,.T.);
#6239=LINE('',#532,#6242);
#6240=LINE('',#536,#6243);
#6241=LINE('',#500,#6244);
#6242=VECTOR('',#6245,1.0);
#6243=VECTOR('',#6246,1.0);
#6244=VECTOR('',#6247,1.0);
#6245=DIRECTION('',(-0.08462791572642449,-0.9964126233041215,0));
#6246=DIRECTION('',(0.16938130382774289,0.9855505942941812,0));
#6247=DIRECTION('',(0.0030960267044702404,0.9999952072978376,0));
#6248=FACE_SURFACE('',(#6253),#6249,.T.);
#6249=PLANE('',#6250);
#6250=AXIS2_PLACEMENT_3D('',#502,#6251,#6252);
#6251=DIRECTION('',(-0,0,1));
#6252=DIRECTION('',(0.33931394902143946,-0.9406731866059944,0));
#6253=FACE_BOUND('',#6254,.T.);
#6254=EDGE_LOOP('',(#6255,#6256,#6257));
#6255=ORIENTED_EDGE('',*,*,#6258,.T.);
#6256=ORIENTED_EDGE('',*,*,#6259,.T.);
#6257=ORIENTED_EDGE('',*,*,#6260,.T.);
#6258=EDGE_CURVE('',#503,#541,#6261,.F.);
#6259=EDGE_CURVE('',#541,#543,#6262,.T.);
#6260=EDGE_CURVE('',#543,#503,#6263,.T.);
#6261=LINE('',#502,#6264);
#6262=LINE('',#540,#6265);
#6263=LINE('',#542,#6266);
#6264=VECTOR('',#6267,1.0);
#6265=VECTOR('',#6268,1.0);
#6266=VECTOR('',#6269,1.0);
#6267=DIRECTION('',(0.33931394902143946,-0.9406731866059944,0));
#6268=DIRECTION('',(0,1,0));
#6269=DIRECTION('',(-1,0,0));
#6270=FACE_SURFACE('',(#6275),#6271,.T.);
#6271=PLANE('',#6272);
#6272=AXIS2_PLACEMENT_3D('',#532,#6273,#6274);
#6273=DIRECTION('',(0,0,1));
#6274=DIRECTION('',(-0.0030960267044702404,-0.9999952072978376,0));
#6275=FACE_BOUND('',#6276,.T.);
#6276=EDGE_LOOP('',(#6277,#6278,#6279));
#6277=ORIENTED_EDGE('',*,*,#6280,.T.);
#6278=ORIENTED_EDGE('',*,*,#6281,.T.);
#6279=ORIENTED_EDGE('',*,*,#6282,.T.);
#6280=EDGE_CURVE('',#533,#501,#6283,.F.);
#6281=EDGE_CURVE('',#501,#503,#6284,.T.);
#6282=EDGE_CURVE('',#503,#533,#6285,.T.);
#6283=LINE('',#532,#6286);
#6284=LINE('',#500,#6287);
#6285=LINE('',#502,#6288);
#6286=VECTOR('',#6289,1.0);
#6287=VECTOR('',#6290,1.0);
#6288=VECTOR('',#6291,1.0);
#6289=DIRECTION('',(-0.0030960267044702404,-0.9999952072978376,0));
#6290=DIRECTION('',(1,0,0));
#6291=DIRECTION('',(-0.6842474451851436,0.7292499117295825,0));
#6292=FACE_SURFACE('',(#6297),#6293,.T.);
#6293=PLANE('',#6294);
#6294=AXIS2_PLACEMENT_3D('',#530,#6295,#6296);
#6295=DIRECTION('',(0,0,1));
#6296=DIRECTION('',(-1,0,0));
#6297=FACE_BOUND('',#6298,.T.);
#6298=EDGE_LOOP('',(#6299,#6300,#6301));
#6299=ORIENTED_EDGE('',*,*,#6302,.T.);
#6300=ORIENTED_EDGE('',*,*,#6303,.T.);
#6301=ORIENTED_EDGE('',*,*,#6304,.T.);
#6302=EDGE_CURVE('',#531,#533,#6305,.F.);
#6303=EDGE_CURVE('',#533,#503,#6306,.T.);
#6304=EDGE_CURVE('',#503,#531,#6307,.T.);
#6305=LINE('',#530,#6308);
#6306=LINE('',#532,#6309);
#6307=LINE('',#502,#6310);
#6308=VECTOR('',#6311,1.0);
#6309=VECTOR('',#6312,1.0);
#6310=VECTOR('',#6313,1.0);
#6311=DIRECTION('',(-1,0,0));
#6312=DIRECTION('',(0.6842474451851436,-0.7292499117295825,0));
#6313=DIRECTION('',(0.003095513697504996,0.9999952088859969,0));
#6314=FACE_SURFACE('',(#6319),#6315,.T.);
#6315=PLANE('',#6316);
#6316=AXIS2_PLACEMENT_3D('',#530,#6317,#6318);
#6317=DIRECTION('',(0,0,1));
#6318=DIRECTION('',(-0.003095513697504996,-0.9999952088859969,0));
#6319=FACE_BOUND('',#6320,.T.);
#6320=EDGE_LOOP('',(#6321,#6322,#6323));
#6321=ORIENTED_EDGE('',*,*,#6324,.T.);
#6322=ORIENTED_EDGE('',*,*,#6325,.T.);
#6323=ORIENTED_EDGE('',*,*,#6326,.T.);
#6324=EDGE_CURVE('',#531,#503,#6327,.F.);
#6325=EDGE_CURVE('',#503,#543,#6328,.T.);
#6326=EDGE_CURVE('',#543,#531,#6329,.T.);
#6327=LINE('',#530,#6330);
#6328=LINE('',#502,#6331);
#6329=LINE('',#542,#6332);
#6330=VECTOR('',#6333,1.0);
#6331=VECTOR('',#6334,1.0);
#6332=VECTOR('',#6335,1.0);
#6333=DIRECTION('',(-0.003095513697504996,-0.9999952088859969,0));
#6334=DIRECTION('',(1,0,0));
#6335=DIRECTION('',(-0.3189066528844385,0.9477861292222229,0));
#6336=FACE_SURFACE('',(#6341),#6337,.T.);
#6337=PLANE('',#6338);
#6338=AXIS2_PLACEMENT_3D('',#524,#6339,#6340);
#6339=DIRECTION('',(0,0,1));
#6340=DIRECTION('',(-1,0,0));
#6341=FACE_BOUND('',#6342,.T.);
#6342=EDGE_LOOP('',(#6343,#6344,#6345));
#6343=ORIENTED_EDGE('',*,*,#6346,.T.);
#6344=ORIENTED_EDGE('',*,*,#6347,.T.);
#6345=ORIENTED_EDGE('',*,*,#6348,.T.);
#6346=EDGE_CURVE('',#525,#531,#6349,.F.);
#6347=EDGE_CURVE('',#531,#543,#6350,.T.);
#6348=EDGE_CURVE('',#543,#525,#6351,.T.);
#6349=LINE('',#524,#6352);
#6350=LINE('',#530,#6353);
#6351=LINE('',#542,#6354);
#6352=VECTOR('',#6355,1.0);
#6353=VECTOR('',#6356,1.0);
#6354=VECTOR('',#6357,1.0);
#6355=DIRECTION('',(-1,0,0));
#6356=DIRECTION('',(0.3189066528844385,-0.9477861292222229,0));
#6357=DIRECTION('',(0.003095513697504996,0.9999952088859969,0));
#6358=FACE_SURFACE('',(#6363),#6359,.T.);
#6359=PLANE('',#6360);
#6360=AXIS2_PLACEMENT_3D('',#510,#6361,#6362);
#6361=DIRECTION('',(0,0,1));
#6362=DIRECTION('',(0,-1,0));
#6363=FACE_BOUND('',#6364,.T.);
#6364=EDGE_LOOP('',(#6365,#6366,#6367));
#6365=ORIENTED_EDGE('',*,*,#6368,.T.);
#6366=ORIENTED_EDGE('',*,*,#6369,.T.);
#6367=ORIENTED_EDGE('',*,*,#6370,.T.);
#6368=EDGE_CURVE('',#511,#509,#6371,.F.);
#6369=EDGE_CURVE('',#509,#545,#6372,.T.);
#6370=EDGE_CURVE('',#545,#511,#6373,.T.);
#6371=LINE('',#510,#6374);
#6372=LINE('',#508,#6375);
#6373=LINE('',#544,#6376);
#6374=VECTOR('',#6377,1.0);
#6375=VECTOR('',#6378,1.0);
#6376=VECTOR('',#6379,1.0);
#6377=DIRECTION('',(0,-1,0));
#6378=DIRECTION('',(1,0,0));
#6379=DIRECTION('',(-0.33931394902143946,0.9406731866059944,0));
#6380=FACE_SURFACE('',(#6385),#6381,.T.);
#6381=PLANE('',#6382);
#6382=AXIS2_PLACEMENT_3D('',#524,#6383,#6384);
#6383=DIRECTION('',(0,0,1));
#6384=DIRECTION('',(-0.003095513697504996,-0.9999952088859969,0));
#6385=FACE_BOUND('',#6386,.T.);
#6386=EDGE_LOOP('',(#6387,#6388,#6389));
#6387=ORIENTED_EDGE('',*,*,#6390,.T.);
#6388=ORIENTED_EDGE('',*,*,#6391,.T.);
#6389=ORIENTED_EDGE('',*,*,#6392,.T.);
#6390=EDGE_CURVE('',#525,#543,#6393,.F.);
#6391=EDGE_CURVE('',#543,#511,#6394,.T.);
#6392=EDGE_CURVE('',#511,#525,#6395,.T.);
#6393=LINE('',#524,#6396);
#6394=LINE('',#542,#6397);
#6395=LINE('',#510,#6398);
#6396=VECTOR('',#6399,1.0);
#6397=VECTOR('',#6400,1.0);
#6398=VECTOR('',#6401,1.0);
#6399=DIRECTION('',(-0.003095513697504996,-0.9999952088859969,0));
#6400=DIRECTION('',(1,0,0));
#6401=DIRECTION('',(-0.6842478430983221,0.7292495383716701,0));
#6402=FACE_SURFACE('',(#6407),#6403,.T.);
#6403=PLANE('',#6404);
#6404=AXIS2_PLACEMENT_3D('',#546,#6405,#6406);
#6405=DIRECTION('',(0,0,1));
#6406=DIRECTION('',(-1,0,0));
#6407=FACE_BOUND('',#6408,.T.);
#6408=EDGE_LOOP('',(#6409,#6410,#6411));
#6409=ORIENTED_EDGE('',*,*,#6412,.T.);
#6410=ORIENTED_EDGE('',*,*,#6413,.T.);
#6411=ORIENTED_EDGE('',*,*,#6414,.T.);
#6412=EDGE_CURVE('',#547,#525,#6415,.F.);
#6413=EDGE_CURVE('',#525,#511,#6416,.T.);
#6414=EDGE_CURVE('',#511,#547,#6417,.T.);
#6415=LINE('',#546,#6418);
#6416=LINE('',#524,#6419);
#6417=LINE('',#510,#6420);
#6418=VECTOR('',#6421,1.0);
#6419=VECTOR('',#6422,1.0);
#6420=VECTOR('',#6423,1.0);
#6421=DIRECTION('',(-1,0,0));
#6422=DIRECTION('',(0.6842478430983221,-0.7292495383716701,0));
#6423=DIRECTION('',(0.003095513697504996,0.9999952088859969,0));
#6424=FACE_SURFACE('',(#6429),#6425,.T.);
#6425=PLANE('',#6426);
#6426=AXIS2_PLACEMENT_3D('',#510,#6427,#6428);
#6427=DIRECTION('',(-0,0,1));
#6428=DIRECTION('',(0.33931394902143946,-0.9406731866059944,0));
#6429=FACE_BOUND('',#6430,.T.);
#6430=EDGE_LOOP('',(#6431,#6432,#6433));
#6431=ORIENTED_EDGE('',*,*,#6434,.T.);
#6432=ORIENTED_EDGE('',*,*,#6435,.T.);
#6433=ORIENTED_EDGE('',*,*,#6436,.T.);
#6434=EDGE_CURVE('',#511,#545,#6437,.F.);
#6435=EDGE_CURVE('',#545,#549,#6438,.T.);
#6436=EDGE_CURVE('',#549,#511,#6439,.T.);
#6437=LINE('',#510,#6440);
#6438=LINE('',#544,#6441);
#6439=LINE('',#548,#6442);
#6440=VECTOR('',#6443,1.0);
#6441=VECTOR('',#6444,1.0);
#6442=VECTOR('',#6445,1.0);
#6443=DIRECTION('',(0.33931394902143946,-0.9406731866059944,0));
#6444=DIRECTION('',(0,1,0));
#6445=DIRECTION('',(-1,0,0));
#6446=FACE_SURFACE('',(#6451),#6447,.T.);
#6447=PLANE('',#6448);
#6448=AXIS2_PLACEMENT_3D('',#550,#6449,#6450);
#6449=DIRECTION('',(0,0,1));
#6450=DIRECTION('',(0,-1,0));
#6451=FACE_BOUND('',#6452,.T.);
#6452=EDGE_LOOP('',(#6453,#6454,#6455));
#6453=ORIENTED_EDGE('',*,*,#6456,.T.);
#6454=ORIENTED_EDGE('',*,*,#6457,.T.);
#6455=ORIENTED_EDGE('',*,*,#6458,.T.);
#6456=EDGE_CURVE('',#551,#553,#6459,.F.);
#6457=EDGE_CURVE('',#553,#555,#6460,.T.);
#6458=EDGE_CURVE('',#555,#551,#6461,.T.);
#6459=LINE('',#550,#6462);
#6460=LINE('',#552,#6463);
#6461=LINE('',#554,#6464);
#6462=VECTOR('',#6465,1.0);
#6463=VECTOR('',#6466,1.0);
#6464=VECTOR('',#6467,1.0);
#6465=DIRECTION('',(0,-1,0));
#6466=DIRECTION('',(1,0,0));
#6467=DIRECTION('',(-0.3393144026268429,0.9406730229840701,0));
#6468=FACE_SURFACE('',(#6473),#6469,.T.);
#6469=PLANE('',#6470);
#6470=AXIS2_PLACEMENT_3D('',#546,#6471,#6472);
#6471=DIRECTION('',(0,0,1));
#6472=DIRECTION('',(-0.003095513697504996,-0.9999952088859969,0));
#6473=FACE_BOUND('',#6474,.T.);
#6474=EDGE_LOOP('',(#6475,#6476,#6477));
#6475=ORIENTED_EDGE('',*,*,#6478,.T.);
#6476=ORIENTED_EDGE('',*,*,#6479,.T.);
#6477=ORIENTED_EDGE('',*,*,#6480,.T.);
#6478=EDGE_CURVE('',#547,#511,#6481,.F.);
#6479=EDGE_CURVE('',#511,#549,#6482,.T.);
#6480=EDGE_CURVE('',#549,#547,#6483,.T.);
#6481=LINE('',#546,#6484);
#6482=LINE('',#510,#6485);
#6483=LINE('',#548,#6486);
#6484=VECTOR('',#6487,1.0);
#6485=VECTOR('',#6488,1.0);
#6486=VECTOR('',#6489,1.0);
#6487=DIRECTION('',(-0.003095513697504996,-0.9999952088859969,0));
#6488=DIRECTION('',(1,0,0));
#6489=DIRECTION('',(-0.3189066528844385,0.9477861292222229,0));
#6490=FACE_SURFACE('',(#6495),#6491,.T.);
#6491=PLANE('',#6492);
#6492=AXIS2_PLACEMENT_3D('',#550,#6493,#6494);
#6493=DIRECTION('',(-0,0,1));
#6494=DIRECTION('',(0.3393144026268429,-0.9406730229840701,0));
#6495=FACE_BOUND('',#6496,.T.);
#6496=EDGE_LOOP('',(#6497,#6498,#6499));
#6497=ORIENTED_EDGE('',*,*,#6500,.T.);
#6498=ORIENTED_EDGE('',*,*,#6501,.T.);
#6499=ORIENTED_EDGE('',*,*,#6502,.T.);
#6500=EDGE_CURVE('',#551,#555,#6503,.F.);
#6501=EDGE_CURVE('',#555,#557,#6504,.T.);
#6502=EDGE_CURVE('',#557,#551,#6505,.T.);
#6503=LINE('',#550,#6506);
#6504=LINE('',#554,#6507);
#6505=LINE('',#556,#6508);
#6506=VECTOR('',#6509,1.0);
#6507=VECTOR('',#6510,1.0);
#6508=VECTOR('',#6511,1.0);
#6509=DIRECTION('',(0.3393144026268429,-0.9406730229840701,0));
#6510=DIRECTION('',(0,1,0));
#6511=DIRECTION('',(-1,0,0));
#6512=FACE_SURFACE('',(#6517),#6513,.T.);
#6513=PLANE('',#6514);
#6514=AXIS2_PLACEMENT_3D('',#546,#6515,#6516);
#6515=DIRECTION('',(0,0,1));
#6516=DIRECTION('',(0.3189066528844385,-0.9477861292222229,0));
#6517=FACE_BOUND('',#6518,.T.);
#6518=EDGE_LOOP('',(#6519,#6520,#6521));
#6519=ORIENTED_EDGE('',*,*,#6522,.T.);
#6520=ORIENTED_EDGE('',*,*,#6523,.T.);
#6521=ORIENTED_EDGE('',*,*,#6524,.T.);
#6522=EDGE_CURVE('',#547,#549,#6525,.F.);
#6523=EDGE_CURVE('',#549,#551,#6526,.T.);
#6524=EDGE_CURVE('',#551,#547,#6527,.T.);
#6525=LINE('',#546,#6528);
#6526=LINE('',#548,#6529);
#6527=LINE('',#550,#6530);
#6528=VECTOR('',#6531,1.0);
#6529=VECTOR('',#6532,1.0);
#6530=VECTOR('',#6533,1.0);
#6531=DIRECTION('',(0.3189066528844385,-0.9477861292222229,0));
#6532=DIRECTION('',(1,0,0));
#6533=DIRECTION('',(-0.7875244835076542,0.6162833665417252,0));
#6534=FACE_SURFACE('',(#6539),#6535,.T.);
#6535=PLANE('',#6536);
#6536=AXIS2_PLACEMENT_3D('',#558,#6537,#6538);
#6537=DIRECTION('',(0,0,1));
#6538=DIRECTION('',(-1,0,0));
#6539=FACE_BOUND('',#6540,.T.);
#6540=EDGE_LOOP('',(#6541,#6542,#6543));
#6541=ORIENTED_EDGE('',*,*,#6544,.T.);
#6542=ORIENTED_EDGE('',*,*,#6545,.T.);
#6543=ORIENTED_EDGE('',*,*,#6546,.T.);
#6544=EDGE_CURVE('',#559,#547,#6547,.F.);
#6545=EDGE_CURVE('',#547,#551,#6548,.T.);
#6546=EDGE_CURVE('',#551,#559,#6549,.T.);
#6547=LINE('',#558,#6550);
#6548=LINE('',#546,#6551);
#6549=LINE('',#550,#6552);
#6550=VECTOR('',#6553,1.0);
#6551=VECTOR('',#6554,1.0);
#6552=VECTOR('',#6555,1.0);
#6553=DIRECTION('',(-1,0,0));
#6554=DIRECTION('',(0.7875244835076542,-0.6162833665417252,0));
#6555=DIRECTION('',(-0.6842477436200848,0.7292496317111328,0));
#6556=FACE_SURFACE('',(#6561),#6557,.T.);
#6557=PLANE('',#6558);
#6558=AXIS2_PLACEMENT_3D('',#558,#6559,#6560);
#6559=DIRECTION('',(0,0,1));
#6560=DIRECTION('',(0.6842477436200848,-0.7292496317111328,0));
#6561=FACE_BOUND('',#6562,.T.);
#6562=EDGE_LOOP('',(#6563,#6564,#6565));
#6563=ORIENTED_EDGE('',*,*,#6566,.T.);
#6564=ORIENTED_EDGE('',*,*,#6567,.T.);
#6565=ORIENTED_EDGE('',*,*,#6568,.T.);
#6566=EDGE_CURVE('',#559,#551,#6569,.F.);
#6567=EDGE_CURVE('',#551,#557,#6570,.T.);
#6568=EDGE_CURVE('',#557,#559,#6571,.T.);
#6569=LINE('',#558,#6572);
#6570=LINE('',#550,#6573);
#6571=LINE('',#556,#6574);
#6572=VECTOR('',#6575,1.0);
#6573=VECTOR('',#6576,1.0);
#6574=VECTOR('',#6577,1.0);
#6575=DIRECTION('',(0.6842477436200848,-0.7292496317111328,0));
#6576=DIRECTION('',(1,0,0));
#6577=DIRECTION('',(-0.7875246035876549,0.6162832130961438,0));
#6578=FACE_SURFACE('',(#6583),#6579,.T.);
#6579=PLANE('',#6580);
#6580=AXIS2_PLACEMENT_3D('',#560,#6581,#6582);
#6581=DIRECTION('',(0,0,1));
#6582=DIRECTION('',(-0.993814907644318,0.11104922036608585,0));
#6583=FACE_BOUND('',#6584,.T.);
#6584=EDGE_LOOP('',(#6585,#6586,#6587));
#6585=ORIENTED_EDGE('',*,*,#6588,.T.);
#6586=ORIENTED_EDGE('',*,*,#6589,.T.);
#6587=ORIENTED_EDGE('',*,*,#6590,.T.);
#6588=EDGE_CURVE('',#561,#563,#6591,.F.);
#6589=EDGE_CURVE('',#563,#565,#6592,.T.);
#6590=EDGE_CURVE('',#565,#561,#6593,.T.);
#6591=LINE('',#560,#6594);
#6592=LINE('',#562,#6595);
#6593=LINE('',#564,#6596);
#6594=VECTOR('',#6597,1.0);
#6595=VECTOR('',#6598,1.0);
#6596=VECTOR('',#6599,1.0);
#6597=DIRECTION('',(-0.993814907644318,0.11104922036608585,0));
#6598=DIRECTION('',(0,-1,0));
#6599=DIRECTION('',(0.836943753337975,0.5472889125028414,0));
#6600=FACE_SURFACE('',(#6605),#6601,.T.);
#6601=PLANE('',#6602);
#6602=AXIS2_PLACEMENT_3D('',#564,#6603,#6604);
#6603=DIRECTION('',(0,0,1));
#6604=DIRECTION('',(-1,0,0));
#6605=FACE_BOUND('',#6606,.T.);
#6606=EDGE_LOOP('',(#6607,#6608,#6609));
#6607=ORIENTED_EDGE('',*,*,#6610,.T.);
#6608=ORIENTED_EDGE('',*,*,#6611,.T.);
#6609=ORIENTED_EDGE('',*,*,#6612,.T.);
#6610=EDGE_CURVE('',#565,#559,#6613,.F.);
#6611=EDGE_CURVE('',#559,#557,#6614,.T.);
#6612=EDGE_CURVE('',#557,#565,#6615,.T.);
#6613=LINE('',#564,#6616);
#6614=LINE('',#558,#6617);
#6615=LINE('',#556,#6618);
#6616=VECTOR('',#6619,1.0);
#6617=VECTOR('',#6620,1.0);
#6618=VECTOR('',#6621,1.0);
#6619=DIRECTION('',(-1,0,0));
#6620=DIRECTION('',(0.7875246035876549,-0.6162832130961438,0));
#6621=DIRECTION('',(-0.318907089662131,0.9477859822571916,0));
#6622=FACE_SURFACE('',(#6627),#6623,.T.);
#6623=PLANE('',#6624);
#6624=AXIS2_PLACEMENT_3D('',#564,#6625,#6626);
#6625=DIRECTION('',(0,0,1));
#6626=DIRECTION('',(0.318907089662131,-0.9477859822571916,0));
#6627=FACE_BOUND('',#6628,.T.);
#6628=EDGE_LOOP('',(#6629,#6630,#6631));
#6629=ORIENTED_EDGE('',*,*,#6632,.T.);
#6630=ORIENTED_EDGE('',*,*,#6633,.T.);
#6631=ORIENTED_EDGE('',*,*,#6634,.T.);
#6632=EDGE_CURVE('',#565,#557,#6635,.F.);
#6633=EDGE_CURVE('',#557,#567,#6636,.T.);
#6634=EDGE_CURVE('',#567,#565,#6637,.T.);
#6635=LINE('',#564,#6638);
#6636=LINE('',#556,#6639);
#6637=LINE('',#566,#6640);
#6638=VECTOR('',#6641,1.0);
#6639=VECTOR('',#6642,1.0);
#6640=VECTOR('',#6643,1.0);
#6641=DIRECTION('',(0.318907089662131,-0.9477859822571916,0));
#6642=DIRECTION('',(1,0,0));
#6643=DIRECTION('',(-0.7875245435476658,0.6162832898189278,0));
#6644=FACE_SURFACE('',(#6649),#6645,.T.);
#6645=PLANE('',#6646);
#6646=AXIS2_PLACEMENT_3D('',#568,#6647,#6648);
#6647=DIRECTION('',(0,-0,1));
#6648=DIRECTION('',(0,1,0));
#6649=FACE_BOUND('',#6650,.T.);
#6650=EDGE_LOOP('',(#6651,#6652,#6653));
#6651=ORIENTED_EDGE('',*,*,#6654,.T.);
#6652=ORIENTED_EDGE('',*,*,#6655,.T.);
#6653=ORIENTED_EDGE('',*,*,#6656,.T.);
#6654=EDGE_CURVE('',#569,#561,#6657,.F.);
#6655=EDGE_CURVE('',#561,#565,#6658,.T.);
#6656=EDGE_CURVE('',#565,#569,#6659,.T.);
#6657=LINE('',#568,#6660);
#6658=LINE('',#560,#6661);
#6659=LINE('',#564,#6662);
#6660=VECTOR('',#6663,1.0);
#6661=VECTOR('',#6664,1.0);
#6662=VECTOR('',#6665,1.0);
#6663=DIRECTION('',(0,1,0));
#6664=DIRECTION('',(-0.836943753337975,-0.5472889125028414,0));
#6665=DIRECTION('',(0.9987401761181831,0.05018028106159449,0));
#6666=FACE_SURFACE('',(#6671),#6667,.T.);
#6667=PLANE('',#6668);
#6668=AXIS2_PLACEMENT_3D('',#570,#6669,#6670);
#6669=DIRECTION('',(0,0,1));
#6670=DIRECTION('',(-0.9999393888400452,-0.011009933977856011,0));
#6671=FACE_BOUND('',#6672,.T.);
#6672=EDGE_LOOP('',(#6673,#6674,#6675));
#6673=ORIENTED_EDGE('',*,*,#6676,.T.);
#6674=ORIENTED_EDGE('',*,*,#6677,.T.);
#6675=ORIENTED_EDGE('',*,*,#6678,.T.);
#6676=EDGE_CURVE('',#571,#573,#6679,.F.);
#6677=EDGE_CURVE('',#573,#575,#6680,.T.);
#6678=EDGE_CURVE('',#575,#571,#6681,.T.);
#6679=LINE('',#570,#6682);
#6680=LINE('',#572,#6683);
#6681=LINE('',#574,#6684);
#6682=VECTOR('',#6685,1.0);
#6683=VECTOR('',#6686,1.0);
#6684=VECTOR('',#6687,1.0);
#6685=DIRECTION('',(-0.9999393888400452,-0.011009933977856011,0));
#6686=DIRECTION('',(0,-1,0));
#6687=DIRECTION('',(0.9741889447525341,0.22573413548230611,0));
#6688=FACE_SURFACE('',(#6693),#6689,.T.);
#6689=PLANE('',#6690);
#6690=AXIS2_PLACEMENT_3D('',#574,#6691,#6692);
#6691=DIRECTION('',(0,0,1));
#6692=DIRECTION('',(-1,0,0));
#6693=FACE_BOUND('',#6694,.T.);
#6694=EDGE_LOOP('',(#6695,#6696,#6697));
#6695=ORIENTED_EDGE('',*,*,#6698,.T.);
#6696=ORIENTED_EDGE('',*,*,#6699,.T.);
#6697=ORIENTED_EDGE('',*,*,#6700,.T.);
#6698=EDGE_CURVE('',#575,#569,#6701,.F.);
#6699=EDGE_CURVE('',#569,#565,#6702,.T.);
#6700=EDGE_CURVE('',#565,#575,#6703,.T.);
#6701=LINE('',#574,#6704);
#6702=LINE('',#568,#6705);
#6703=LINE('',#564,#6706);
#6704=VECTOR('',#6707,1.0);
#6705=VECTOR('',#6708,1.0);
#6706=VECTOR('',#6709,1.0);
#6707=DIRECTION('',(-1,0,0));
#6708=DIRECTION('',(-0.9987401761181831,-0.05018028106159449,0));
#6709=DIRECTION('',(0.9997833713859468,0.02081370462340191,0));
#6710=FACE_SURFACE('',(#6715),#6711,.T.);
#6711=PLANE('',#6712);
#6712=AXIS2_PLACEMENT_3D('',#564,#6713,#6714);
#6713=DIRECTION('',(0,0,1));
#6714=DIRECTION('',(0.7875245435476658,-0.6162832898189278,0));
#6715=FACE_BOUND('',#6716,.T.);
#6716=EDGE_LOOP('',(#6717,#6718,#6719));
#6717=ORIENTED_EDGE('',*,*,#6720,.T.);
#6718=ORIENTED_EDGE('',*,*,#6721,.T.);
#6719=ORIENTED_EDGE('',*,*,#6722,.T.);
#6720=EDGE_CURVE('',#565,#567,#6723,.F.);
#6721=EDGE_CURVE('',#567,#577,#6724,.T.);
#6722=EDGE_CURVE('',#577,#565,#6725,.T.);
#6723=LINE('',#564,#6726);
#6724=LINE('',#566,#6727);
#6725=LINE('',#576,#6728);
#6726=VECTOR('',#6729,1.0);
#6727=VECTOR('',#6730,1.0);
#6728=VECTOR('',#6731,1.0);
#6729=DIRECTION('',(0.7875245435476658,-0.6162832898189278,0));
#6730=DIRECTION('',(1,0,0));
#6731=DIRECTION('',(-0.8505632797588961,0.5258727100028958,0));
#6732=FACE_SURFACE('',(#6737),#6733,.T.);
#6733=PLANE('',#6734);
#6734=AXIS2_PLACEMENT_3D('',#564,#6735,#6736);
#6735=DIRECTION('',(0,0,1));
#6736=DIRECTION('',(0.8505632797588961,-0.5258727100028958,0));
#6737=FACE_BOUND('',#6738,.T.);
#6738=EDGE_LOOP('',(#6739,#6740,#6741));
#6739=ORIENTED_EDGE('',*,*,#6742,.T.);
#6740=ORIENTED_EDGE('',*,*,#6743,.T.);
#6741=ORIENTED_EDGE('',*,*,#6744,.T.);
#6742=EDGE_CURVE('',#565,#577,#6745,.F.);
#6743=EDGE_CURVE('',#577,#579,#6746,.T.);
#6744=EDGE_CURVE('',#579,#565,#6747,.T.);
#6745=LINE('',#564,#6748);
#6746=LINE('',#576,#6749);
#6747=LINE('',#578,#6750);
#6748=VECTOR('',#6751,1.0);
#6749=VECTOR('',#6752,1.0);
#6750=VECTOR('',#6753,1.0);
#6751=DIRECTION('',(0.8505632797588961,-0.5258727100028958,0));
#6752=DIRECTION('',(1,0,0));
#6753=DIRECTION('',(-0.9314003510832232,0.36399640932576344,0));
#6754=FACE_SURFACE('',(#6759),#6755,.T.);
#6755=PLANE('',#6756);
#6756=AXIS2_PLACEMENT_3D('',#580,#6757,#6758);
#6757=DIRECTION('',(0,0,1));
#6758=DIRECTION('',(-0.09802617309162251,0.9951838369813947,0));
#6759=FACE_BOUND('',#6760,.T.);
#6760=EDGE_LOOP('',(#6761,#6762,#6763));
#6761=ORIENTED_EDGE('',*,*,#6764,.T.);
#6762=ORIENTED_EDGE('',*,*,#6765,.T.);
#6763=ORIENTED_EDGE('',*,*,#6766,.T.);
#6764=EDGE_CURVE('',#581,#571,#6767,.F.);
#6765=EDGE_CURVE('',#571,#575,#6768,.T.);
#6766=EDGE_CURVE('',#575,#581,#6769,.T.);
#6767=LINE('',#580,#6770);
#6768=LINE('',#570,#6771);
#6769=LINE('',#574,#6772);
#6770=VECTOR('',#6773,1.0);
#6771=VECTOR('',#6774,1.0);
#6772=VECTOR('',#6775,1.0);
#6773=DIRECTION('',(-0.09802617309162251,0.9951838369813947,0));
#6774=DIRECTION('',(-0.9741889447525341,-0.22573413548230611,0));
#6775=DIRECTION('',(0.9770244304694159,0.2131273381476753,0));
#6776=FACE_SURFACE('',(#6781),#6777,.T.);
#6777=PLANE('',#6778);
#6778=AXIS2_PLACEMENT_3D('',#574,#6779,#6780);
#6779=DIRECTION('',(0,0,1));
#6780=DIRECTION('',(-0.9997833713859468,-0.02081370462340191,0));
#6781=FACE_BOUND('',#6782,.T.);
#6782=EDGE_LOOP('',(#6783,#6784,#6785));
#6783=ORIENTED_EDGE('',*,*,#6786,.T.);
#6784=ORIENTED_EDGE('',*,*,#6787,.T.);
#6785=ORIENTED_EDGE('',*,*,#6788,.T.);
#6786=EDGE_CURVE('',#575,#565,#6789,.F.);
#6787=EDGE_CURVE('',#565,#579,#6790,.T.);
#6788=EDGE_CURVE('',#579,#575,#6791,.T.);
#6789=LINE('',#574,#6792);
#6790=LINE('',#564,#6793);
#6791=LINE('',#578,#6794);
#6792=VECTOR('',#6795,1.0);
#6793=VECTOR('',#6796,1.0);
#6794=VECTOR('',#6797,1.0);
#6795=DIRECTION('',(-0.9997833713859468,-0.02081370462340191,0));
#6796=DIRECTION('',(0.9314003510832232,-0.36399640932576344,0));
#6797=DIRECTION('',(0.3591166436595745,0.9332926851993869,0));
#6798=FACE_SURFACE('',(#6803),#6799,.T.);
#6799=PLANE('',#6800);
#6800=AXIS2_PLACEMENT_3D('',#574,#6801,#6802);
#6801=DIRECTION('',(0,0,1));
#6802=DIRECTION('',(-0.3591166436595745,-0.9332926851993869,0));
#6803=FACE_BOUND('',#6804,.T.);
#6804=EDGE_LOOP('',(#6805,#6806,#6807));
#6805=ORIENTED_EDGE('',*,*,#6808,.T.);
#6806=ORIENTED_EDGE('',*,*,#6809,.T.);
#6807=ORIENTED_EDGE('',*,*,#6810,.T.);
#6808=EDGE_CURVE('',#575,#579,#6811,.F.);
#6809=EDGE_CURVE('',#579,#583,#6812,.T.);
#6810=EDGE_CURVE('',#583,#575,#6813,.T.);
#6811=LINE('',#574,#6814);
#6812=LINE('',#578,#6815);
#6813=LINE('',#582,#6816);
#6814=VECTOR('',#6817,1.0);
#6815=VECTOR('',#6818,1.0);
#6816=VECTOR('',#6819,1.0);
#6817=DIRECTION('',(-0.3591166436595745,-0.9332926851993869,0));
#6818=DIRECTION('',(1,0,0));
#6819=DIRECTION('',(0.06483404549898021,0.9978960599903359,0));
#6820=FACE_SURFACE('',(#6825),#6821,.T.);
#6821=PLANE('',#6822);
#6822=AXIS2_PLACEMENT_3D('',#584,#6823,#6824);
#6823=DIRECTION('',(0,0,1));
#6824=DIRECTION('',(-0.29028506170254065,0.956940219111075,0));
#6825=FACE_BOUND('',#6826,.T.);
#6826=EDGE_LOOP('',(#6827,#6828,#6829));
#6827=ORIENTED_EDGE('',*,*,#6830,.T.);
#6828=ORIENTED_EDGE('',*,*,#6831,.T.);
#6829=ORIENTED_EDGE('',*,*,#6832,.T.);
#6830=EDGE_CURVE('',#585,#581,#6833,.F.);
#6831=EDGE_CURVE('',#581,#575,#6834,.T.);
#6832=EDGE_CURVE('',#575,#585,#6835,.T.);
#6833=LINE('',#584,#6836);
#6834=LINE('',#580,#6837);
#6835=LINE('',#574,#6838);
#6836=VECTOR('',#6839,1.0);
#6837=VECTOR('',#6840,1.0);
#6838=VECTOR('',#6841,1.0);
#6839=DIRECTION('',(-0.29028506170254065,0.956940219111075,0));
#6840=DIRECTION('',(-0.9770244304694159,-0.2131273381476753,0));
#6841=DIRECTION('',(0.9821097693633523,0.18830932244863288,0));
#6842=FACE_SURFACE('',(#6847),#6843,.T.);
#6843=PLANE('',#6844);
#6844=AXIS2_PLACEMENT_3D('',#586,#6845,#6846);
#6845=DIRECTION('',(0,0,1));
#6846=DIRECTION('',(-0.4713933014282789,0.8819231005980894,0));
#6847=FACE_BOUND('',#6848,.T.);
#6848=EDGE_LOOP('',(#6849,#6850,#6851));
#6849=ORIENTED_EDGE('',*,*,#6852,.T.);
#6850=ORIENTED_EDGE('',*,*,#6853,.T.);
#6851=ORIENTED_EDGE('',*,*,#6854,.T.);
#6852=EDGE_CURVE('',#587,#585,#6855,.F.);
#6853=EDGE_CURVE('',#585,#575,#6856,.T.);
#6854=EDGE_CURVE('',#575,#587,#6857,.T.);
#6855=LINE('',#586,#6858);
#6856=LINE('',#584,#6859);
#6857=LINE('',#574,#6860);
#6858=VECTOR('',#6861,1.0);
#6859=VECTOR('',#6862,1.0);
#6860=VECTOR('',#6863,1.0);
#6861=DIRECTION('',(-0.4713933014282789,0.8819231005980894,0));
#6862=DIRECTION('',(-0.9821097693633523,-0.18830932244863288,0));
#6863=DIRECTION('',(0.9863591111823786,0.16460772699818188,0));
#6864=FACE_SURFACE('',(#6869),#6865,.T.);
#6865=PLANE('',#6866);
#6866=AXIS2_PLACEMENT_3D('',#574,#6867,#6868);
#6867=DIRECTION('',(0,0,1));
#6868=DIRECTION('',(-0.06483404549898021,-0.9978960599903359,0));
#6869=FACE_BOUND('',#6870,.T.);
#6870=EDGE_LOOP('',(#6871,#6872,#6873));
#6871=ORIENTED_EDGE('',*,*,#6874,.T.);
#6872=ORIENTED_EDGE('',*,*,#6875,.T.);
#6873=ORIENTED_EDGE('',*,*,#6876,.T.);
#6874=EDGE_CURVE('',#575,#583,#6877,.F.);
#6875=EDGE_CURVE('',#583,#589,#6878,.T.);
#6876=EDGE_CURVE('',#589,#575,#6879,.T.);
#6877=LINE('',#574,#6880);
#6878=LINE('',#582,#6881);
#6879=LINE('',#588,#6882);
#6880=VECTOR('',#6883,1.0);
#6881=VECTOR('',#6884,1.0);
#6882=VECTOR('',#6885,1.0);
#6883=DIRECTION('',(-0.06483404549898021,-0.9978960599903359,0));
#6884=DIRECTION('',(1,0,0));
#6885=DIRECTION('',(-0.6348387480471079,0.7726446556975468,0));
#6886=FACE_SURFACE('',(#6891),#6887,.T.);
#6887=PLANE('',#6888);
#6888=AXIS2_PLACEMENT_3D('',#574,#6889,#6890);
#6889=DIRECTION('',(0,0,1));
#6890=DIRECTION('',(0.6348387480471079,-0.7726446556975468,0));
#6891=FACE_BOUND('',#6892,.T.);
#6892=EDGE_LOOP('',(#6893,#6894,#6895));
#6893=ORIENTED_EDGE('',*,*,#6896,.T.);
#6894=ORIENTED_EDGE('',*,*,#6897,.T.);
#6895=ORIENTED_EDGE('',*,*,#6898,.T.);
#6896=EDGE_CURVE('',#575,#589,#6899,.F.);
#6897=EDGE_CURVE('',#589,#591,#6900,.T.);
#6898=EDGE_CURVE('',#591,#575,#6901,.T.);
#6899=LINE('',#574,#6902);
#6900=LINE('',#588,#6903);
#6901=LINE('',#590,#6904);
#6902=VECTOR('',#6905,1.0);
#6903=VECTOR('',#6906,1.0);
#6904=VECTOR('',#6907,1.0);
#6905=DIRECTION('',(0.6348387480471079,-0.7726446556975468,0));
#6906=DIRECTION('',(1,0,0));
#6907=DIRECTION('',(-0.7521770774716677,0.6589610338450831,0));
#6908=FACE_SURFACE('',(#6913),#6909,.T.);
#6909=PLANE('',#6910);
#6910=AXIS2_PLACEMENT_3D('',#592,#6911,#6912);
#6911=DIRECTION('',(0,0,1));
#6912=DIRECTION('',(-0.6343913715969736,0.773012022961681,0));
#6913=FACE_BOUND('',#6914,.T.);
#6914=EDGE_LOOP('',(#6915,#6916,#6917));
#6915=ORIENTED_EDGE('',*,*,#6918,.T.);
#6916=ORIENTED_EDGE('',*,*,#6919,.T.);
#6917=ORIENTED_EDGE('',*,*,#6920,.T.);
#6918=EDGE_CURVE('',#593,#587,#6921,.F.);
#6919=EDGE_CURVE('',#587,#575,#6922,.T.);
#6920=EDGE_CURVE('',#575,#593,#6923,.T.);
#6921=LINE('',#592,#6924);
#6922=LINE('',#586,#6925);
#6923=LINE('',#574,#6926);
#6924=VECTOR('',#6927,1.0);
#6925=VECTOR('',#6928,1.0);
#6926=VECTOR('',#6929,1.0);
#6927=DIRECTION('',(-0.6343913715969736,0.773012022961681,0));
#6928=DIRECTION('',(-0.9863591111823786,-0.16460772699818188,0));
#6929=DIRECTION('',(0.9896819332678909,0.14328178866530752,0));
#6930=FACE_SURFACE('',(#6935),#6931,.T.);
#6931=PLANE('',#6932);
#6932=AXIS2_PLACEMENT_3D('',#594,#6933,#6934);
#6933=DIRECTION('',(0,0,1));
#6934=DIRECTION('',(-0.7730157646162235,0.6343868123273019,0));
#6935=FACE_BOUND('',#6936,.T.);
#6936=EDGE_LOOP('',(#6937,#6938,#6939));
#6937=ORIENTED_EDGE('',*,*,#6940,.T.);
#6938=ORIENTED_EDGE('',*,*,#6941,.T.);
#6939=ORIENTED_EDGE('',*,*,#6942,.T.);
#6940=EDGE_CURVE('',#595,#593,#6943,.F.);
#6941=EDGE_CURVE('',#593,#575,#6944,.T.);
#6942=EDGE_CURVE('',#575,#595,#6945,.T.);
#6943=LINE('',#594,#6946);
#6944=LINE('',#592,#6947);
#6945=LINE('',#574,#6948);
#6946=VECTOR('',#6949,1.0);
#6947=VECTOR('',#6950,1.0);
#6948=VECTOR('',#6951,1.0);
#6949=DIRECTION('',(-0.7730157646162235,0.6343868123273019,0));
#6950=DIRECTION('',(-0.9896819332678909,-0.14328178866530752,0));
#6951=DIRECTION('',(0.9921109396724109,0.1253630064346168,0));
#6952=FACE_SURFACE('',(#6957),#6953,.T.);
#6953=PLANE('',#6954);
#6954=AXIS2_PLACEMENT_3D('',#574,#6955,#6956);
#6955=DIRECTION('',(0,0,1));
#6956=DIRECTION('',(0.7521770774716677,-0.6589610338450831,0));
#6957=FACE_BOUND('',#6958,.T.);
#6958=EDGE_LOOP('',(#6959,#6960,#6961));
#6959=ORIENTED_EDGE('',*,*,#6962,.T.);
#6960=ORIENTED_EDGE('',*,*,#6963,.T.);
#6961=ORIENTED_EDGE('',*,*,#6964,.T.);
#6962=EDGE_CURVE('',#575,#591,#6965,.F.);
#6963=EDGE_CURVE('',#591,#597,#6966,.T.);
#6964=EDGE_CURVE('',#597,#575,#6967,.T.);
#6965=LINE('',#574,#6968);
#6966=LINE('',#590,#6969);
#6967=LINE('',#596,#6970);
#6968=VECTOR('',#6971,1.0);
#6969=VECTOR('',#6972,1.0);
#6970=VECTOR('',#6973,1.0);
#6971=DIRECTION('',(0.7521770774716677,-0.6589610338450831,0));
#6972=DIRECTION('',(1,0,0));
#6973=DIRECTION('',(-0.8968964723433304,0.4422405656405679,0));
#6974=FACE_SURFACE('',(#6979),#6975,.T.);
#6975=PLANE('',#6976);
#6976=AXIS2_PLACEMENT_3D('',#596,#6977,#6978);
#6977=DIRECTION('',(0,0,1));
#6978=DIRECTION('',(0,-1,0));
#6979=FACE_BOUND('',#6980,.T.);
#6980=EDGE_LOOP('',(#6981,#6982,#6983));
#6981=ORIENTED_EDGE('',*,*,#6984,.T.);
#6982=ORIENTED_EDGE('',*,*,#6985,.T.);
#6983=ORIENTED_EDGE('',*,*,#6986,.T.);
#6984=EDGE_CURVE('',#597,#599,#6987,.F.);
#6985=EDGE_CURVE('',#599,#601,#6988,.T.);
#6986=EDGE_CURVE('',#601,#597,#6989,.T.);
#6987=LINE('',#596,#6990);
#6988=LINE('',#598,#6991);
#6989=LINE('',#600,#6992);
#6990=VECTOR('',#6993,1.0);
#6991=VECTOR('',#6994,1.0);
#6992=VECTOR('',#6995,1.0);
#6993=DIRECTION('',(0,-1,0));
#6994=DIRECTION('',(1,0,0));
#6995=DIRECTION('',(-0.19165097044226936,0.9814631452726772,0));
#6996=FACE_SURFACE('',(#7001),#6997,.T.);
#6997=PLANE('',#6998);
#6998=AXIS2_PLACEMENT_3D('',#600,#6999,#7000);
#6999=DIRECTION('',(0,-0,1));
#7000=DIRECTION('',(0,1,0));
#7001=FACE_BOUND('',#7002,.T.);
#7002=EDGE_LOOP('',(#7003,#7004,#7005));
#7003=ORIENTED_EDGE('',*,*,#7006,.T.);
#7004=ORIENTED_EDGE('',*,*,#7007,.T.);
#7005=ORIENTED_EDGE('',*,*,#7008,.T.);
#7006=EDGE_CURVE('',#601,#603,#7009,.F.);
#7007=EDGE_CURVE('',#603,#605,#7010,.T.);
#7008=EDGE_CURVE('',#605,#601,#7011,.T.);
#7009=LINE('',#600,#7012);
#7010=LINE('',#602,#7013);
#7011=LINE('',#604,#7014);
#7012=VECTOR('',#7015,1.0);
#7013=VECTOR('',#7016,1.0);
#7014=VECTOR('',#7017,1.0);
#7015=DIRECTION('',(0,1,0));
#7016=DIRECTION('',(-1,0,0));
#7017=DIRECTION('',(0.04160095826965795,-0.9991343054219719,0));
#7018=FACE_SURFACE('',(#7023),#7019,.T.);
#7019=PLANE('',#7020);
#7020=AXIS2_PLACEMENT_3D('',#600,#7021,#7022);
#7021=DIRECTION('',(0,0,1));
#7022=DIRECTION('',(-0.04160095826965795,0.9991343054219719,0));
#7023=FACE_BOUND('',#7024,.T.);
#7024=EDGE_LOOP('',(#7025,#7026,#7027));
#7025=ORIENTED_EDGE('',*,*,#7028,.T.);
#7026=ORIENTED_EDGE('',*,*,#7029,.T.);
#7027=ORIENTED_EDGE('',*,*,#7030,.T.);
#7028=EDGE_CURVE('',#601,#605,#7031,.F.);
#7029=EDGE_CURVE('',#605,#607,#7032,.T.);
#7030=EDGE_CURVE('',#607,#601,#7033,.T.);
#7031=LINE('',#600,#7034);
#7032=LINE('',#604,#7035);
#7033=LINE('',#606,#7036);
#7034=VECTOR('',#7037,1.0);
#7035=VECTOR('',#7038,1.0);
#7036=VECTOR('',#7039,1.0);
#7037=DIRECTION('',(-0.04160095826965795,0.9991343054219719,0));
#7038=DIRECTION('',(-0.09801347459021854,-0.9951850877091922,0));
#7039=DIRECTION('',(0.04428634755102318,-0.9990188784105084,0));
#7040=FACE_SURFACE('',(#7045),#7041,.T.);
#7041=PLANE('',#7042);
#7042=AXIS2_PLACEMENT_3D('',#594,#7043,#7044);
#7043=DIRECTION('',(0,0,1));
#7044=DIRECTION('',(-0.9921109396724109,-0.1253630064346168,0));
#7045=FACE_BOUND('',#7046,.T.);
#7046=EDGE_LOOP('',(#7047,#7048,#7049));
#7047=ORIENTED_EDGE('',*,*,#7050,.T.);
#7048=ORIENTED_EDGE('',*,*,#7051,.T.);
#7049=ORIENTED_EDGE('',*,*,#7052,.T.);
#7050=EDGE_CURVE('',#595,#575,#7053,.F.);
#7051=EDGE_CURVE('',#575,#597,#7054,.T.);
#7052=EDGE_CURVE('',#597,#595,#7055,.T.);
#7053=LINE('',#594,#7056);
#7054=LINE('',#574,#7057);
#7055=LINE('',#596,#7058);
#7056=VECTOR('',#7059,1.0);
#7057=VECTOR('',#7060,1.0);
#7058=VECTOR('',#7061,1.0);
#7059=DIRECTION('',(-0.9921109396724109,-0.1253630064346168,0));
#7060=DIRECTION('',(0.8968964723433304,-0.4422405656405679,0));
#7061=DIRECTION('',(-0.21349421266926003,0.9769443285861957,0));
#7062=FACE_SURFACE('',(#7067),#7063,.T.);
#7063=PLANE('',#7064);
#7064=AXIS2_PLACEMENT_3D('',#596,#7065,#7066);
#7065=DIRECTION('',(-0,0,1));
#7066=DIRECTION('',(0.19165097044226936,-0.9814631452726772,0));
#7067=FACE_BOUND('',#7068,.T.);
#7068=EDGE_LOOP('',(#7069,#7070,#7071));
#7069=ORIENTED_EDGE('',*,*,#7072,.T.);
#7070=ORIENTED_EDGE('',*,*,#7073,.T.);
#7071=ORIENTED_EDGE('',*,*,#7074,.T.);
#7072=EDGE_CURVE('',#597,#601,#7075,.F.);
#7073=EDGE_CURVE('',#601,#607,#7076,.T.);
#7074=EDGE_CURVE('',#607,#597,#7077,.T.);
#7075=LINE('',#596,#7078);
#7076=LINE('',#600,#7079);
#7077=LINE('',#606,#7080);
#7078=VECTOR('',#7081,1.0);
#7079=VECTOR('',#7082,1.0);
#7080=VECTOR('',#7083,1.0);
#7081=DIRECTION('',(0.19165097044226936,-0.9814631452726772,0));
#7082=DIRECTION('',(-0.04428634755102318,0.9990188784105084,0));
#7083=DIRECTION('',(-0.05373685091747703,-0.998555131604396,0));
#7084=FACE_SURFACE('',(#7089),#7085,.T.);
#7085=PLANE('',#7086);
#7086=AXIS2_PLACEMENT_3D('',#596,#7087,#7088);
#7087=DIRECTION('',(0,0,1));
#7088=DIRECTION('',(0.05373685091747703,0.998555131604396,0));
#7089=FACE_BOUND('',#7090,.T.);
#7090=EDGE_LOOP('',(#7091,#7092,#7093));
#7091=ORIENTED_EDGE('',*,*,#7094,.T.);
#7092=ORIENTED_EDGE('',*,*,#7095,.T.);
#7093=ORIENTED_EDGE('',*,*,#7096,.T.);
#7094=EDGE_CURVE('',#597,#607,#7097,.F.);
#7095=EDGE_CURVE('',#607,#609,#7098,.T.);
#7096=EDGE_CURVE('',#609,#597,#7099,.T.);
#7097=LINE('',#596,#7100);
#7098=LINE('',#606,#7101);
#7099=LINE('',#608,#7102);
#7100=VECTOR('',#7103,1.0);
#7101=VECTOR('',#7104,1.0);
#7102=VECTOR('',#7105,1.0);
#7103=DIRECTION('',(0.05373685091747703,0.998555131604396,0));
#7104=DIRECTION('',(-0.2902825160527156,-0.9569409913229263,0));
#7105=DIRECTION('',(-0.04591758017224493,-0.998945231647424,0));
#7106=FACE_SURFACE('',(#7111),#7107,.T.);
#7107=PLANE('',#7108);
#7108=AXIS2_PLACEMENT_3D('',#610,#7109,#7110);
#7109=DIRECTION('',(0,0,1));
#7110=DIRECTION('',(-0.881920709416077,0.47139777502979713,0));
#7111=FACE_BOUND('',#7112,.T.);
#7112=EDGE_LOOP('',(#7113,#7114,#7115));
#7113=ORIENTED_EDGE('',*,*,#7116,.T.);
#7114=ORIENTED_EDGE('',*,*,#7117,.T.);
#7115=ORIENTED_EDGE('',*,*,#7118,.T.);
#7116=EDGE_CURVE('',#611,#595,#7119,.F.);
#7117=EDGE_CURVE('',#595,#597,#7120,.T.);
#7118=EDGE_CURVE('',#597,#611,#7121,.T.);
#7119=LINE('',#610,#7122);
#7120=LINE('',#594,#7123);
#7121=LINE('',#596,#7124);
#7122=VECTOR('',#7125,1.0);
#7123=VECTOR('',#7126,1.0);
#7124=VECTOR('',#7127,1.0);
#7125=DIRECTION('',(-0.881920709416077,0.47139777502979713,0));
#7126=DIRECTION('',(0.21349421266926003,-0.9769443285861957,0));
#7127=DIRECTION('',(-0.18701754021118452,0.9823565745966981,0));
#7128=FACE_SURFACE('',(#7133),#7129,.T.);
#7129=PLANE('',#7130);
#7130=AXIS2_PLACEMENT_3D('',#612,#7131,#7132);
#7131=DIRECTION('',(0,0,1));
#7132=DIRECTION('',(-0.9569385098667402,0.290290696258118,0));
#7133=FACE_BOUND('',#7134,.T.);
#7134=EDGE_LOOP('',(#7135,#7136,#7137));
#7135=ORIENTED_EDGE('',*,*,#7138,.T.);
#7136=ORIENTED_EDGE('',*,*,#7139,.T.);
#7137=ORIENTED_EDGE('',*,*,#7140,.T.);
#7138=EDGE_CURVE('',#613,#611,#7141,.F.);
#7139=EDGE_CURVE('',#611,#597,#7142,.T.);
#7140=EDGE_CURVE('',#597,#613,#7143,.T.);
#7141=LINE('',#612,#7144);
#7142=LINE('',#610,#7145);
#7143=LINE('',#596,#7146);
#7144=VECTOR('',#7147,1.0);
#7145=VECTOR('',#7148,1.0);
#7146=VECTOR('',#7149,1.0);
#7147=DIRECTION('',(-0.9569385098667402,0.290290696258118,0));
#7148=DIRECTION('',(0.18701754021118452,-0.9823565745966981,0));
#7149=DIRECTION('',(-0.15552102720359928,0.9878325820186017,0));
#7150=FACE_SURFACE('',(#7155),#7151,.T.);
#7151=PLANE('',#7152);
#7152=AXIS2_PLACEMENT_3D('',#596,#7153,#7154);
#7153=DIRECTION('',(0,0,1));
#7154=DIRECTION('',(0.04591758017224493,0.998945231647424,0));
#7155=FACE_BOUND('',#7156,.T.);
#7156=EDGE_LOOP('',(#7157,#7158,#7159));
#7157=ORIENTED_EDGE('',*,*,#7160,.T.);
#7158=ORIENTED_EDGE('',*,*,#7161,.T.);
#7159=ORIENTED_EDGE('',*,*,#7162,.T.);
#7160=EDGE_CURVE('',#597,#609,#7163,.F.);
#7161=EDGE_CURVE('',#609,#615,#7164,.T.);
#7162=EDGE_CURVE('',#615,#597,#7165,.T.);
#7163=LINE('',#596,#7166);
#7164=LINE('',#608,#7167);
#7165=LINE('',#614,#7168);
#7166=VECTOR('',#7169,1.0);
#7167=VECTOR('',#7170,1.0);
#7168=VECTOR('',#7171,1.0);
#7169=DIRECTION('',(0.04591758017224493,0.998945231647424,0));
#7170=DIRECTION('',(-0.4713933014282789,-0.8819231005980894,0));
#7171=DIRECTION('',(-0.03136634756924801,-0.999507955065974,0));
#7172=FACE_SURFACE('',(#7177),#7173,.T.);
#7173=PLANE('',#7174);
#7174=AXIS2_PLACEMENT_3D('',#596,#7175,#7176);
#7175=DIRECTION('',(0,0,1));
#7176=DIRECTION('',(0.03136634756924801,0.999507955065974,0));
#7177=FACE_BOUND('',#7178,.T.);
#7178=EDGE_LOOP('',(#7179,#7180,#7181));
#7179=ORIENTED_EDGE('',*,*,#7182,.T.);
#7180=ORIENTED_EDGE('',*,*,#7183,.T.);
#7181=ORIENTED_EDGE('',*,*,#7184,.T.);
#7182=EDGE_CURVE('',#597,#615,#7185,.F.);
#7183=EDGE_CURVE('',#615,#617,#7186,.T.);
#7184=EDGE_CURVE('',#617,#597,#7187,.T.);
#7185=LINE('',#596,#7188);
#7186=LINE('',#614,#7189);
#7187=LINE('',#616,#7190);
#7188=VECTOR('',#7191,1.0);
#7189=VECTOR('',#7192,1.0);
#7190=VECTOR('',#7193,1.0);
#7191=DIRECTION('',(0.03136634756924801,0.999507955065974,0));
#7192=DIRECTION('',(-0.6343830658182283,-0.7730188392290743,0));
#7193=DIRECTION('',(-0.010174062921221607,-0.999948242882438,0));
#7194=FACE_SURFACE('',(#7199),#7195,.T.);
#7195=PLANE('',#7196);
#7196=AXIS2_PLACEMENT_3D('',#618,#7197,#7198);
#7197=DIRECTION('',(0,0,1));
#7198=DIRECTION('',(-0.9951850610036447,0.09801374574605232,0));
#7199=FACE_BOUND('',#7200,.T.);
#7200=EDGE_LOOP('',(#7201,#7202,#7203));
#7201=ORIENTED_EDGE('',*,*,#7204,.T.);
#7202=ORIENTED_EDGE('',*,*,#7205,.T.);
#7203=ORIENTED_EDGE('',*,*,#7206,.T.);
#7204=EDGE_CURVE('',#619,#613,#7207,.F.);
#7205=EDGE_CURVE('',#613,#597,#7208,.T.);
#7206=EDGE_CURVE('',#597,#619,#7209,.T.);
#7207=LINE('',#618,#7210);
#7208=LINE('',#612,#7211);
#7209=LINE('',#596,#7212);
#7210=VECTOR('',#7213,1.0);
#7211=VECTOR('',#7214,1.0);
#7212=VECTOR('',#7215,1.0);
#7213=DIRECTION('',(-0.9951850610036447,0.09801374574605232,0));
#7214=DIRECTION('',(0.15552102720359928,-0.9878325820186017,0));
#7215=DIRECTION('',(-0.12062816369043503,0.9926977617203907,0));
#7216=FACE_SURFACE('',(#7221),#7217,.T.);
#7217=PLANE('',#7218);
#7218=AXIS2_PLACEMENT_3D('',#620,#7219,#7220);
#7219=DIRECTION('',(0,0,1));
#7220=DIRECTION('',(-0.9951850610036447,-0.09801374574605232,0));
#7221=FACE_BOUND('',#7222,.T.);
#7222=EDGE_LOOP('',(#7223,#7224,#7225));
#7223=ORIENTED_EDGE('',*,*,#7226,.T.);
#7224=ORIENTED_EDGE('',*,*,#7227,.T.);
#7225=ORIENTED_EDGE('',*,*,#7228,.T.);
#7226=EDGE_CURVE('',#621,#619,#7229,.F.);
#7227=EDGE_CURVE('',#619,#597,#7230,.T.);
#7228=EDGE_CURVE('',#597,#621,#7231,.T.);
#7229=LINE('',#620,#7232);
#7230=LINE('',#618,#7233);
#7231=LINE('',#596,#7234);
#7232=VECTOR('',#7235,1.0);
#7233=VECTOR('',#7236,1.0);
#7234=VECTOR('',#7237,1.0);
#7235=DIRECTION('',(-0.9951850610036447,-0.09801374574605232,0));
#7236=DIRECTION('',(0.12062816369043503,-0.9926977617203907,0));
#7237=DIRECTION('',(-0.08442170857379852,0.9964301155231512,0));
#7238=FACE_SURFACE('',(#7243),#7239,.T.);
#7239=PLANE('',#7240);
#7240=AXIS2_PLACEMENT_3D('',#596,#7241,#7242);
#7241=DIRECTION('',(0,-0,1));
#7242=DIRECTION('',(0.010174062921221607,0.999948242882438,0));
#7243=FACE_BOUND('',#7244,.T.);
#7244=EDGE_LOOP('',(#7245,#7246,#7247));
#7245=ORIENTED_EDGE('',*,*,#7248,.T.);
#7246=ORIENTED_EDGE('',*,*,#7249,.T.);
#7247=ORIENTED_EDGE('',*,*,#7250,.T.);
#7248=EDGE_CURVE('',#597,#617,#7251,.F.);
#7249=EDGE_CURVE('',#617,#623,#7252,.T.);
#7250=EDGE_CURVE('',#623,#597,#7253,.T.);
#7251=LINE('',#596,#7254);
#7252=LINE('',#616,#7255);
#7253=LINE('',#622,#7256);
#7254=VECTOR('',#7257,1.0);
#7255=VECTOR('',#7258,1.0);
#7256=VECTOR('',#7259,1.0);
#7257=DIRECTION('',(0.010174062921221607,0.999948242882438,0));
#7258=DIRECTION('',(-0.7730157646162235,-0.6343868123273019,0));
#7259=DIRECTION('',(0.017069270606331042,-0.9998543093876067,0));
#7260=FACE_SURFACE('',(#7265),#7261,.T.);
#7261=PLANE('',#7262);
#7262=AXIS2_PLACEMENT_3D('',#624,#7263,#7264);
#7263=DIRECTION('',(0,0,1));
#7264=DIRECTION('',(-0.9569382756053268,-0.29029146849589565,0));
#7265=FACE_BOUND('',#7266,.T.);
#7266=EDGE_LOOP('',(#7267,#7268,#7269));
#7267=ORIENTED_EDGE('',*,*,#7270,.T.);
#7268=ORIENTED_EDGE('',*,*,#7271,.T.);
#7269=ORIENTED_EDGE('',*,*,#7272,.T.);
#7270=EDGE_CURVE('',#625,#621,#7273,.F.);
#7271=EDGE_CURVE('',#621,#597,#7274,.T.);
#7272=EDGE_CURVE('',#597,#625,#7275,.T.);
#7273=LINE('',#624,#7276);
#7274=LINE('',#620,#7277);
#7275=LINE('',#596,#7278);
#7276=VECTOR('',#7279,1.0);
#7277=VECTOR('',#7280,1.0);
#7278=VECTOR('',#7281,1.0);
#7279=DIRECTION('',(-0.9569382756053268,-0.29029146849589565,0));
#7280=DIRECTION('',(0.08442170857379852,-0.9964301155231512,0));
#7281=DIRECTION('',(-0.04918372839768343,0.9987897480755912,0));
#7282=FACE_SURFACE('',(#7287),#7283,.T.);
#7283=PLANE('',#7284);
#7284=AXIS2_PLACEMENT_3D('',#596,#7285,#7286);
#7285=DIRECTION('',(0,0,1));
#7286=DIRECTION('',(-0.017069270606331042,0.9998543093876067,0));
#7287=FACE_BOUND('',#7288,.T.);
#7288=EDGE_LOOP('',(#7289,#7290,#7291));
#7289=ORIENTED_EDGE('',*,*,#7292,.T.);
#7290=ORIENTED_EDGE('',*,*,#7293,.T.);
#7291=ORIENTED_EDGE('',*,*,#7294,.T.);
#7292=EDGE_CURVE('',#597,#623,#7295,.F.);
#7293=EDGE_CURVE('',#623,#625,#7296,.T.);
#7294=EDGE_CURVE('',#625,#597,#7297,.T.);
#7295=LINE('',#596,#7298);
#7296=LINE('',#622,#7299);
#7297=LINE('',#624,#7300);
#7298=VECTOR('',#7301,1.0);
#7299=VECTOR('',#7302,1.0);
#7300=VECTOR('',#7303,1.0);
#7301=DIRECTION('',(-0.017069270606331042,0.9998543093876067,0));
#7302=DIRECTION('',(-0.881924415797499,-0.47139084083193644,0));
#7303=DIRECTION('',(0.04918372839768343,-0.9987897480755912,0));
#7304=FACE_SURFACE('',(#7309),#7305,.T.);
#7305=PLANE('',#7306);
#7306=AXIS2_PLACEMENT_3D('',#576,#7307,#7308);
#7307=DIRECTION('',(0,-1,0));
#7308=DIRECTION('',(0,0,-1));
#7309=FACE_BOUND('',#7310,.T.);
#7310=EDGE_LOOP('',(#7311,#7312,#7313));
#7311=ORIENTED_EDGE('',*,*,#7314,.T.);
#7312=ORIENTED_EDGE('',*,*,#7315,.T.);
#7313=ORIENTED_EDGE('',*,*,#7316,.T.);
#7314=EDGE_CURVE('',#577,#229,#7317,.F.);
#7315=EDGE_CURVE('',#229,#225,#7318,.T.);
#7316=EDGE_CURVE('',#225,#577,#7319,.T.);
#7317=LINE('',#576,#7320);
#7318=LINE('',#228,#7321);
#7319=LINE('',#224,#7322);
#7320=VECTOR('',#7323,1.0);
#7321=VECTOR('',#7324,1.0);
#7322=VECTOR('',#7325,1.0);
#7323=DIRECTION('',(0,0,-1));
#7324=DIRECTION('',(1,0,0));
#7325=DIRECTION('',(-0.9778024335722821,0,0.20952899775478082));
#7326=FACE_SURFACE('',(#7331),#7327,.T.);
#7327=PLANE('',#7328);
#7328=AXIS2_PLACEMENT_3D('',#576,#7329,#7330);
#7329=DIRECTION('',(0,-1,0));
#7330=DIRECTION('',(0.9778024335722821,0,-0.20952899775478082));
#7331=FACE_BOUND('',#7332,.T.);
#7332=EDGE_LOOP('',(#7333,#7334,#7335));
#7333=ORIENTED_EDGE('',*,*,#7336,.T.);
#7334=ORIENTED_EDGE('',*,*,#7337,.T.);
#7335=ORIENTED_EDGE('',*,*,#7338,.T.);
#7336=EDGE_CURVE('',#577,#225,#7339,.F.);
#7337=EDGE_CURVE('',#225,#579,#7340,.T.);
#7338=EDGE_CURVE('',#579,#577,#7341,.T.);
#7339=LINE('',#576,#7342);
#7340=LINE('',#224,#7343);
#7341=LINE('',#578,#7344);
#7342=VECTOR('',#7345,1.0);
#7343=VECTOR('',#7346,1.0);
#7344=VECTOR('',#7347,1.0);
#7345=DIRECTION('',(0.9778024335722821,0,-0.20952899775478082));
#7346=DIRECTION('',(0,0,1));
#7347=DIRECTION('',(-1,0,0));
#7348=FACE_SURFACE('',(#7353),#7349,.T.);
#7349=PLANE('',#7350);
#7350=AXIS2_PLACEMENT_3D('',#212,#7351,#7352);
#7351=DIRECTION('',(-1,0,0));
#7352=DIRECTION('',(0,-1,0));
#7353=FACE_BOUND('',#7354,.T.);
#7354=EDGE_LOOP('',(#7355,#7356,#7357));
#7355=ORIENTED_EDGE('',*,*,#7358,.T.);
#7356=ORIENTED_EDGE('',*,*,#7359,.T.);
#7357=ORIENTED_EDGE('',*,*,#7360,.T.);
#7358=EDGE_CURVE('',#213,#43,#7361,.F.);
#7359=EDGE_CURVE('',#43,#49,#7362,.T.);
#7360=EDGE_CURVE('',#49,#213,#7363,.T.);
#7361=LINE('',#212,#7364);
#7362=LINE('',#42,#7365);
#7363=LINE('',#48,#7366);
#7364=VECTOR('',#7367,1.0);
#7365=VECTOR('',#7368,1.0);
#7366=VECTOR('',#7369,1.0);
#7367=DIRECTION('',(0,-1,0));
#7368=DIRECTION('',(0,0,1));
#7369=DIRECTION('',(0,0.977802427723823,-0.2095290250476005));
#7370=FACE_SURFACE('',(#7375),#7371,.T.);
#7371=PLANE('',#7372);
#7372=AXIS2_PLACEMENT_3D('',#212,#7373,#7374);
#7373=DIRECTION('',(-1,0,0));
#7374=DIRECTION('',(0,-0.977802427723823,0.2095290250476005));
#7375=FACE_BOUND('',#7376,.T.);
#7376=EDGE_LOOP('',(#7377,#7378,#7379));
#7377=ORIENTED_EDGE('',*,*,#7380,.T.);
#7378=ORIENTED_EDGE('',*,*,#7381,.T.);
#7379=ORIENTED_EDGE('',*,*,#7382,.T.);
#7380=EDGE_CURVE('',#213,#49,#7383,.F.);
#7381=EDGE_CURVE('',#49,#589,#7384,.T.);
#7382=EDGE_CURVE('',#589,#213,#7385,.T.);
#7383=LINE('',#212,#7386);
#7384=LINE('',#48,#7387);
#7385=LINE('',#588,#7388);
#7386=VECTOR('',#7389,1.0);
#7387=VECTOR('',#7390,1.0);
#7388=VECTOR('',#7391,1.0);
#7389=DIRECTION('',(0,-0.977802427723823,0.2095290250476005));
#7390=DIRECTION('',(0,1,0));
#7391=DIRECTION('',(0,0,-1));
#7392=FACE_SURFACE('',(#7397),#7393,.T.);
#7393=PLANE('',#7394);
#7394=AXIS2_PLACEMENT_3D('',#310,#7395,#7396);
#7395=DIRECTION('',(-1,0,0));
#7396=DIRECTION('',(0,-1,0));
#7397=FACE_BOUND('',#7398,.T.);
#7398=EDGE_LOOP('',(#7399,#7400,#7401));
#7399=ORIENTED_EDGE('',*,*,#7402,.T.);
#7400=ORIENTED_EDGE('',*,*,#7403,.T.);
#7401=ORIENTED_EDGE('',*,*,#7404,.T.);
#7402=EDGE_CURVE('',#311,#627,#7405,.F.);
#7403=EDGE_CURVE('',#627,#629,#7406,.T.);
#7404=EDGE_CURVE('',#629,#311,#7407,.T.);
#7405=LINE('',#310,#7408);
#7406=LINE('',#626,#7409);
#7407=LINE('',#628,#7410);
#7408=VECTOR('',#7411,1.0);
#7409=VECTOR('',#7412,1.0);
#7410=VECTOR('',#7413,1.0);
#7411=DIRECTION('',(0,-1,0));
#7412=DIRECTION('',(0,0,1));
#7413=DIRECTION('',(0,0.9778024423449665,-0.2095289568155643));
#7414=FACE_SURFACE('',(#7419),#7415,.T.);
#7415=PLANE('',#7416);
#7416=AXIS2_PLACEMENT_3D('',#310,#7417,#7418);
#7417=DIRECTION('',(-1,0,0));
#7418=DIRECTION('',(0,-0.9778024423449665,0.2095289568155643));
#7419=FACE_BOUND('',#7420,.T.);
#7420=EDGE_LOOP('',(#7421,#7422,#7423));
#7421=ORIENTED_EDGE('',*,*,#7424,.T.);
#7422=ORIENTED_EDGE('',*,*,#7425,.T.);
#7423=ORIENTED_EDGE('',*,*,#7426,.T.);
#7424=EDGE_CURVE('',#311,#629,#7427,.F.);
#7425=EDGE_CURVE('',#629,#631,#7428,.T.);
#7426=EDGE_CURVE('',#631,#311,#7429,.T.);
#7427=LINE('',#310,#7430);
#7428=LINE('',#628,#7431);
#7429=LINE('',#630,#7432);
#7430=VECTOR('',#7433,1.0);
#7431=VECTOR('',#7434,1.0);
#7432=VECTOR('',#7435,1.0);
#7433=DIRECTION('',(0,-0.9778024423449665,0.2095289568155643));
#7434=DIRECTION('',(0,1,0));
#7435=DIRECTION('',(0,0,-1));
#7436=FACE_SURFACE('',(#7441),#7437,.T.);
#7437=PLANE('',#7438);
#7438=AXIS2_PLACEMENT_3D('',#632,#7439,#7440);
#7439=DIRECTION('',(0,0,1));
#7440=DIRECTION('',(1,0,0));
#7441=FACE_BOUND('',#7442,.T.);
#7442=EDGE_LOOP('',(#7443,#7444,#7445));
#7443=ORIENTED_EDGE('',*,*,#7446,.T.);
#7444=ORIENTED_EDGE('',*,*,#7447,.T.);
#7445=ORIENTED_EDGE('',*,*,#7448,.T.);
#7446=EDGE_CURVE('',#633,#635,#7449,.F.);
#7447=EDGE_CURVE('',#635,#637,#7450,.T.);
#7448=EDGE_CURVE('',#637,#633,#7451,.T.);
#7449=LINE('',#632,#7452);
#7450=LINE('',#634,#7453);
#7451=LINE('',#636,#7454);
#7452=VECTOR('',#7455,1.0);
#7453=VECTOR('',#7456,1.0);
#7454=VECTOR('',#7457,1.0);
#7455=DIRECTION('',(1,0,0));
#7456=DIRECTION('',(-0.00358755133749843,0.999993564716994,0));
#7457=DIRECTION('',(-0.9852564392505714,-0.171084040504324,0));
#7458=FACE_SURFACE('',(#7463),#7459,.T.);
#7459=PLANE('',#7460);
#7460=AXIS2_PLACEMENT_3D('',#632,#7461,#7462);
#7461=DIRECTION('',(0,0,1));
#7462=DIRECTION('',(0.9852564392505714,0.171084040504324,0));
#7463=FACE_BOUND('',#7464,.T.);
#7464=EDGE_LOOP('',(#7465,#7466,#7467));
#7465=ORIENTED_EDGE('',*,*,#7468,.T.);
#7466=ORIENTED_EDGE('',*,*,#7469,.T.);
#7467=ORIENTED_EDGE('',*,*,#7470,.T.);
#7468=EDGE_CURVE('',#633,#637,#7471,.F.);
#7469=EDGE_CURVE('',#637,#639,#7472,.T.);
#7470=EDGE_CURVE('',#639,#633,#7473,.T.);
#7471=LINE('',#632,#7474);
#7472=LINE('',#636,#7475);
#7473=LINE('',#638,#7476);
#7474=VECTOR('',#7477,1.0);
#7475=VECTOR('',#7478,1.0);
#7476=VECTOR('',#7479,1.0);
#7477=DIRECTION('',(0.9852564392505714,0.171084040504324,0));
#7478=DIRECTION('',(-1,0,0));
#7479=DIRECTION('',(-0.9787831743144187,-0.20489874982290715,0));
#7480=FACE_SURFACE('',(#7485),#7481,.T.);
#7481=PLANE('',#7482);
#7482=AXIS2_PLACEMENT_3D('',#640,#7483,#7484);
#7483=DIRECTION('',(0,0,1));
#7484=DIRECTION('',(1,0,0));
#7485=FACE_BOUND('',#7486,.T.);
#7486=EDGE_LOOP('',(#7487,#7488,#7489));
#7487=ORIENTED_EDGE('',*,*,#7490,.T.);
#7488=ORIENTED_EDGE('',*,*,#7491,.T.);
#7489=ORIENTED_EDGE('',*,*,#7492,.T.);
#7490=EDGE_CURVE('',#641,#643,#7493,.F.);
#7491=EDGE_CURVE('',#643,#633,#7494,.T.);
#7492=EDGE_CURVE('',#633,#641,#7495,.T.);
#7493=LINE('',#640,#7496);
#7494=LINE('',#642,#7497);
#7495=LINE('',#632,#7498);
#7496=VECTOR('',#7499,1.0);
#7497=VECTOR('',#7500,1.0);
#7498=VECTOR('',#7501,1.0);
#7499=DIRECTION('',(1,0,0));
#7500=DIRECTION('',(0,1,0));
#7501=DIRECTION('',(-0.6989508101157355,-0.7151697456118771,0));
#7502=FACE_SURFACE('',(#7507),#7503,.T.);
#7503=PLANE('',#7504);
#7504=AXIS2_PLACEMENT_3D('',#644,#7505,#7506);
#7505=DIRECTION('',(0,0,1));
#7506=DIRECTION('',(1,0,0));
#7507=FACE_BOUND('',#7508,.T.);
#7508=EDGE_LOOP('',(#7509,#7510,#7511));
#7509=ORIENTED_EDGE('',*,*,#7512,.T.);
#7510=ORIENTED_EDGE('',*,*,#7513,.T.);
#7511=ORIENTED_EDGE('',*,*,#7514,.T.);
#7512=EDGE_CURVE('',#645,#647,#7515,.F.);
#7513=EDGE_CURVE('',#647,#649,#7516,.T.);
#7514=EDGE_CURVE('',#649,#645,#7517,.T.);
#7515=LINE('',#644,#7518);
#7516=LINE('',#646,#7519);
#7517=LINE('',#648,#7520);
#7518=VECTOR('',#7521,1.0);
#7519=VECTOR('',#7522,1.0);
#7520=VECTOR('',#7523,1.0);
#7521=DIRECTION('',(1,0,0));
#7522=DIRECTION('',(0,1,0));
#7523=DIRECTION('',(-0.339314753968184,-0.9406728962500783,0));
#7524=FACE_SURFACE('',(#7529),#7525,.T.);
#7525=PLANE('',#7526);
#7526=AXIS2_PLACEMENT_3D('',#648,#7527,#7528);
#7527=DIRECTION('',(0,0,1));
#7528=DIRECTION('',(1,0,0));
#7529=FACE_BOUND('',#7530,.T.);
#7530=EDGE_LOOP('',(#7531,#7532,#7533));
#7531=ORIENTED_EDGE('',*,*,#7534,.T.);
#7532=ORIENTED_EDGE('',*,*,#7535,.T.);
#7533=ORIENTED_EDGE('',*,*,#7536,.T.);
#7534=EDGE_CURVE('',#649,#641,#7537,.F.);
#7535=EDGE_CURVE('',#641,#633,#7538,.T.);
#7536=EDGE_CURVE('',#633,#649,#7539,.T.);
#7537=LINE('',#648,#7540);
#7538=LINE('',#640,#7541);
#7539=LINE('',#632,#7542);
#7540=VECTOR('',#7543,1.0);
#7541=VECTOR('',#7544,1.0);
#7542=VECTOR('',#7545,1.0);
#7543=DIRECTION('',(1,0,0));
#7544=DIRECTION('',(0.6989508101157355,0.7151697456118771,0));
#7545=DIRECTION('',(-0.9882880561671258,-0.15259986250781438,0));
#7546=FACE_SURFACE('',(#7551),#7547,.T.);
#7547=PLANE('',#7548);
#7548=AXIS2_PLACEMENT_3D('',#632,#7549,#7550);
#7549=DIRECTION('',(0,-0,1));
#7550=DIRECTION('',(0.9787831743144187,0.20489874982290715,0));
#7551=FACE_BOUND('',#7552,.T.);
#7552=EDGE_LOOP('',(#7553,#7554,#7555));
#7553=ORIENTED_EDGE('',*,*,#7556,.T.);
#7554=ORIENTED_EDGE('',*,*,#7557,.T.);
#7555=ORIENTED_EDGE('',*,*,#7558,.T.);
#7556=EDGE_CURVE('',#633,#639,#7559,.F.);
#7557=EDGE_CURVE('',#639,#651,#7560,.T.);
#7558=EDGE_CURVE('',#651,#633,#7561,.T.);
#7559=LINE('',#632,#7562);
#7560=LINE('',#638,#7563);
#7561=LINE('',#650,#7564);
#7562=VECTOR('',#7565,1.0);
#7563=VECTOR('',#7566,1.0);
#7564=VECTOR('',#7567,1.0);
#7565=DIRECTION('',(0.9787831743144187,0.20489874982290715,0));
#7566=DIRECTION('',(-1,0,0));
#7567=DIRECTION('',(0.6312656911185239,-0.7755666491131837,0));
#7568=FACE_SURFACE('',(#7573),#7569,.T.);
#7569=PLANE('',#7570);
#7570=AXIS2_PLACEMENT_3D('',#650,#7571,#7572);
#7571=DIRECTION('',(0,-0,1));
#7572=DIRECTION('',(0,1,0));
#7573=FACE_BOUND('',#7574,.T.);
#7574=EDGE_LOOP('',(#7575,#7576,#7577));
#7575=ORIENTED_EDGE('',*,*,#7578,.T.);
#7576=ORIENTED_EDGE('',*,*,#7579,.T.);
#7577=ORIENTED_EDGE('',*,*,#7580,.T.);
#7578=EDGE_CURVE('',#651,#513,#7581,.F.);
#7579=EDGE_CURVE('',#513,#653,#7582,.T.);
#7580=EDGE_CURVE('',#653,#651,#7583,.T.);
#7581=LINE('',#650,#7584);
#7582=LINE('',#512,#7585);
#7583=LINE('',#652,#7586);
#7584=VECTOR('',#7587,1.0);
#7585=VECTOR('',#7588,1.0);
#7586=VECTOR('',#7589,1.0);
#7587=DIRECTION('',(0,1,0));
#7588=DIRECTION('',(-1,0,0));
#7589=DIRECTION('',(0.3393136332187678,-0.9406733005203664,0));
#7590=FACE_SURFACE('',(#7595),#7591,.T.);
#7591=PLANE('',#7592);
#7592=AXIS2_PLACEMENT_3D('',#650,#7593,#7594);
#7593=DIRECTION('',(0,0,1));
#7594=DIRECTION('',(-0.3393136332187678,0.9406733005203664,0));
#7595=FACE_BOUND('',#7596,.T.);
#7596=EDGE_LOOP('',(#7597,#7598,#7599));
#7597=ORIENTED_EDGE('',*,*,#7600,.T.);
#7598=ORIENTED_EDGE('',*,*,#7601,.T.);
#7599=ORIENTED_EDGE('',*,*,#7602,.T.);
#7600=EDGE_CURVE('',#651,#653,#7603,.F.);
#7601=EDGE_CURVE('',#653,#41,#7604,.T.);
#7602=EDGE_CURVE('',#41,#651,#7605,.T.);
#7603=LINE('',#650,#7606);
#7604=LINE('',#652,#7607);
#7605=LINE('',#40,#7608);
#7606=VECTOR('',#7609,1.0);
#7607=VECTOR('',#7610,1.0);
#7608=VECTOR('',#7611,1.0);
#7609=DIRECTION('',(-0.3393136332187678,0.9406733005203664,0));
#7610=DIRECTION('',(0,-1,0));
#7611=DIRECTION('',(1,0,0));
#7612=FACE_SURFACE('',(#7617),#7613,.T.);
#7613=PLANE('',#7614);
#7614=AXIS2_PLACEMENT_3D('',#648,#7615,#7616);
#7615=DIRECTION('',(0,0,1));
#7616=DIRECTION('',(0.9882880561671258,0.15259986250781438,0));
#7617=FACE_BOUND('',#7618,.T.);
#7618=EDGE_LOOP('',(#7619,#7620,#7621));
#7619=ORIENTED_EDGE('',*,*,#7622,.T.);
#7620=ORIENTED_EDGE('',*,*,#7623,.T.);
#7621=ORIENTED_EDGE('',*,*,#7624,.T.);
#7622=EDGE_CURVE('',#649,#633,#7625,.F.);
#7623=EDGE_CURVE('',#633,#651,#7626,.T.);
#7624=EDGE_CURVE('',#651,#649,#7627,.T.);
#7625=LINE('',#648,#7628);
#7626=LINE('',#632,#7629);
#7627=LINE('',#650,#7630);
#7628=VECTOR('',#7631,1.0);
#7629=VECTOR('',#7632,1.0);
#7630=VECTOR('',#7633,1.0);
#7631=DIRECTION('',(0.9882880561671258,0.15259986250781438,0));
#7632=DIRECTION('',(-0.6312656911185239,0.7755666491131837,0));
#7633=DIRECTION('',(-0.9440109434962528,-0.32991413816221116,0));
#7634=FACE_SURFACE('',(#7639),#7635,.T.);
#7635=PLANE('',#7636);
#7636=AXIS2_PLACEMENT_3D('',#654,#7637,#7638);
#7637=DIRECTION('',(-0,0,1));
#7638=DIRECTION('',(0,-1,0));
#7639=FACE_BOUND('',#7640,.T.);
#7640=EDGE_LOOP('',(#7641,#7642,#7643));
#7641=ORIENTED_EDGE('',*,*,#7644,.T.);
#7642=ORIENTED_EDGE('',*,*,#7645,.T.);
#7643=ORIENTED_EDGE('',*,*,#7646,.T.);
#7644=EDGE_CURVE('',#655,#645,#7647,.F.);
#7645=EDGE_CURVE('',#645,#649,#7648,.T.);
#7646=EDGE_CURVE('',#649,#655,#7649,.T.);
#7647=LINE('',#654,#7650);
#7648=LINE('',#644,#7651);
#7649=LINE('',#648,#7652);
#7650=VECTOR('',#7653,1.0);
#7651=VECTOR('',#7654,1.0);
#7652=VECTOR('',#7655,1.0);
#7653=DIRECTION('',(0,-1,0));
#7654=DIRECTION('',(0.339314753968184,0.9406728962500783,0));
#7655=DIRECTION('',(-1,0,0));
#7656=FACE_SURFACE('',(#7661),#7657,.T.);
#7657=PLANE('',#7658);
#7658=AXIS2_PLACEMENT_3D('',#628,#7659,#7660);
#7659=DIRECTION('',(0,0,1));
#7660=DIRECTION('',(1,0,0));
#7661=FACE_BOUND('',#7662,.T.);
#7662=EDGE_LOOP('',(#7663,#7664,#7665));
#7663=ORIENTED_EDGE('',*,*,#7666,.T.);
#7664=ORIENTED_EDGE('',*,*,#7667,.T.);
#7665=ORIENTED_EDGE('',*,*,#7668,.T.);
#7666=EDGE_CURVE('',#629,#657,#7669,.F.);
#7667=EDGE_CURVE('',#657,#659,#7670,.T.);
#7668=EDGE_CURVE('',#659,#629,#7671,.T.);
#7669=LINE('',#628,#7672);
#7670=LINE('',#656,#7673);
#7671=LINE('',#658,#7674);
#7672=VECTOR('',#7675,1.0);
#7673=VECTOR('',#7676,1.0);
#7674=VECTOR('',#7677,1.0);
#7675=DIRECTION('',(1,0,0));
#7676=DIRECTION('',(0,1,0));
#7677=DIRECTION('',(-0.3393136199550762,-0.9406733053047599,0));
#7678=FACE_SURFACE('',(#7683),#7679,.T.);
#7679=PLANE('',#7680);
#7680=AXIS2_PLACEMENT_3D('',#654,#7681,#7682);
#7681=DIRECTION('',(0,0,1));
#7682=DIRECTION('',(1,0,0));
#7683=FACE_BOUND('',#7684,.T.);
#7684=EDGE_LOOP('',(#7685,#7686,#7687));
#7685=ORIENTED_EDGE('',*,*,#7688,.T.);
#7686=ORIENTED_EDGE('',*,*,#7689,.T.);
#7687=ORIENTED_EDGE('',*,*,#7690,.T.);
#7688=EDGE_CURVE('',#655,#649,#7691,.F.);
#7689=EDGE_CURVE('',#649,#651,#7692,.T.);
#7690=EDGE_CURVE('',#651,#655,#7693,.T.);
#7691=LINE('',#654,#7694);
#7692=LINE('',#648,#7695);
#7693=LINE('',#650,#7696);
#7694=VECTOR('',#7697,1.0);
#7695=VECTOR('',#7698,1.0);
#7696=VECTOR('',#7699,1.0);
#7697=DIRECTION('',(1,0,0));
#7698=DIRECTION('',(0.9440109434962528,0.32991413816221116,0));
#7699=DIRECTION('',(-0.9680638544688273,-0.2507037567946626,0));
#7700=FACE_SURFACE('',(#7705),#7701,.T.);
#7701=PLANE('',#7702);
#7702=AXIS2_PLACEMENT_3D('',#630,#7703,#7704);
#7703=DIRECTION('',(-0,0,1));
#7704=DIRECTION('',(0,-1,0));
#7705=FACE_BOUND('',#7706,.T.);
#7706=EDGE_LOOP('',(#7707,#7708,#7709));
#7707=ORIENTED_EDGE('',*,*,#7710,.T.);
#7708=ORIENTED_EDGE('',*,*,#7711,.T.);
#7709=ORIENTED_EDGE('',*,*,#7712,.T.);
#7710=EDGE_CURVE('',#631,#629,#7713,.F.);
#7711=EDGE_CURVE('',#629,#659,#7714,.T.);
#7712=EDGE_CURVE('',#659,#631,#7715,.T.);
#7713=LINE('',#630,#7716);
#7714=LINE('',#628,#7717);
#7715=LINE('',#658,#7718);
#7716=VECTOR('',#7719,1.0);
#7717=VECTOR('',#7720,1.0);
#7718=VECTOR('',#7721,1.0);
#7719=DIRECTION('',(0,-1,0));
#7720=DIRECTION('',(0.3393136199550762,0.9406733053047599,0));
#7721=DIRECTION('',(-1,0,0));
#7722=FACE_SURFACE('',(#7727),#7723,.T.);
#7723=PLANE('',#7724);
#7724=AXIS2_PLACEMENT_3D('',#658,#7725,#7726);
#7725=DIRECTION('',(0,0,1));
#7726=DIRECTION('',(1,0,0));
#7727=FACE_BOUND('',#7728,.T.);
#7728=EDGE_LOOP('',(#7729,#7730,#7731));
#7729=ORIENTED_EDGE('',*,*,#7732,.T.);
#7730=ORIENTED_EDGE('',*,*,#7733,.T.);
#7731=ORIENTED_EDGE('',*,*,#7734,.T.);
#7732=EDGE_CURVE('',#659,#655,#7735,.F.);
#7733=EDGE_CURVE('',#655,#651,#7736,.T.);
#7734=EDGE_CURVE('',#651,#659,#7737,.T.);
#7735=LINE('',#658,#7738);
#7736=LINE('',#654,#7739);
#7737=LINE('',#650,#7740);
#7738=VECTOR('',#7741,1.0);
#7739=VECTOR('',#7742,1.0);
#7740=VECTOR('',#7743,1.0);
#7741=DIRECTION('',(1,0,0));
#7742=DIRECTION('',(0.9680638544688273,0.2507037567946626,0));
#7743=DIRECTION('',(-0.9888278317956729,-0.14906213156354733,0));
#7744=FACE_SURFACE('',(#7749),#7745,.T.);
#7745=PLANE('',#7746);
#7746=AXIS2_PLACEMENT_3D('',#658,#7747,#7748);
#7747=DIRECTION('',(0,0,1));
#7748=DIRECTION('',(0.9888278317956729,0.14906213156354733,0));
#7749=FACE_BOUND('',#7750,.T.);
#7750=EDGE_LOOP('',(#7751,#7752,#7753));
#7751=ORIENTED_EDGE('',*,*,#7754,.T.);
#7752=ORIENTED_EDGE('',*,*,#7755,.T.);
#7753=ORIENTED_EDGE('',*,*,#7756,.T.);
#7754=EDGE_CURVE('',#659,#651,#7757,.F.);
#7755=EDGE_CURVE('',#651,#41,#7758,.T.);
#7756=EDGE_CURVE('',#41,#659,#7759,.T.);
#7757=LINE('',#658,#7760);
#7758=LINE('',#650,#7761);
#7759=LINE('',#40,#7762);
#7760=VECTOR('',#7763,1.0);
#7761=VECTOR('',#7764,1.0);
#7762=VECTOR('',#7765,1.0);
#7763=DIRECTION('',(0.9888278317956729,0.14906213156354733,0));
#7764=DIRECTION('',(-1,0,0));
#7765=DIRECTION('',(-0.9846088669934273,-0.17477236348438951,0));
#7766=FACE_SURFACE('',(#7771),#7767,.T.);
#7767=PLANE('',#7768);
#7768=AXIS2_PLACEMENT_3D('',#630,#7769,#7770);
#7769=DIRECTION('',(0,0,1));
#7770=DIRECTION('',(1,0,0));
#7771=FACE_BOUND('',#7772,.T.);
#7772=EDGE_LOOP('',(#7773,#7774,#7775));
#7773=ORIENTED_EDGE('',*,*,#7776,.T.);
#7774=ORIENTED_EDGE('',*,*,#7777,.T.);
#7775=ORIENTED_EDGE('',*,*,#7778,.T.);
#7776=EDGE_CURVE('',#631,#659,#7779,.F.);
#7777=EDGE_CURVE('',#659,#41,#7780,.T.);
#7778=EDGE_CURVE('',#41,#631,#7781,.T.);
#7779=LINE('',#630,#7782);
#7780=LINE('',#658,#7783);
#7781=LINE('',#40,#7784);
#7782=VECTOR('',#7785,1.0);
#7783=VECTOR('',#7786,1.0);
#7784=VECTOR('',#7787,1.0);
#7785=DIRECTION('',(1,0,0));
#7786=DIRECTION('',(0.9846088669934273,0.17477236348438951,0));
#7787=DIRECTION('',(-0.9888278328902556,-0.14906212430245544,0));
#7788=FACE_SURFACE('',(#7793),#7789,.T.);
#7789=PLANE('',#7790);
#7790=AXIS2_PLACEMENT_3D('',#38,#7791,#7792);
#7791=DIRECTION('',(0,-0,1));
#7792=DIRECTION('',(0,1,0));
#7793=FACE_BOUND('',#7794,.T.);
#7794=EDGE_LOOP('',(#7795,#7796,#7797));
#7795=ORIENTED_EDGE('',*,*,#7798,.T.);
#7796=ORIENTED_EDGE('',*,*,#7799,.T.);
#7797=ORIENTED_EDGE('',*,*,#7800,.T.);
#7798=EDGE_CURVE('',#39,#661,#7801,.F.);
#7799=EDGE_CURVE('',#661,#663,#7802,.T.);
#7800=EDGE_CURVE('',#663,#39,#7803,.T.);
#7801=LINE('',#38,#7804);
#7802=LINE('',#660,#7805);
#7803=LINE('',#662,#7806);
#7804=VECTOR('',#7807,1.0);
#7805=VECTOR('',#7808,1.0);
#7806=VECTOR('',#7809,1.0);
#7807=DIRECTION('',(0,1,0));
#7808=DIRECTION('',(-1,0,0));
#7809=DIRECTION('',(0.3393149798596526,-0.9406728147676234,0));
#7810=FACE_SURFACE('',(#7815),#7811,.T.);
#7811=PLANE('',#7812);
#7812=AXIS2_PLACEMENT_3D('',#630,#7813,#7814);
#7813=DIRECTION('',(0,0,1));
#7814=DIRECTION('',(0.9888278328902556,0.14906212430245544,0));
#7815=FACE_BOUND('',#7816,.T.);
#7816=EDGE_LOOP('',(#7817,#7818,#7819));
#7817=ORIENTED_EDGE('',*,*,#7820,.T.);
#7818=ORIENTED_EDGE('',*,*,#7821,.T.);
#7819=ORIENTED_EDGE('',*,*,#7822,.T.);
#7820=EDGE_CURVE('',#631,#41,#7823,.F.);
#7821=EDGE_CURVE('',#41,#39,#7824,.T.);
#7822=EDGE_CURVE('',#39,#631,#7825,.T.);
#7823=LINE('',#630,#7826);
#7824=LINE('',#40,#7827);
#7825=LINE('',#38,#7828);
#7826=VECTOR('',#7829,1.0);
#7827=VECTOR('',#7830,1.0);
#7828=VECTOR('',#7831,1.0);
#7829=DIRECTION('',(0.9888278328902556,0.14906212430245544,0));
#7830=DIRECTION('',(-1,0,0));
#7831=DIRECTION('',(-0.9680638626520375,-0.2507037251961312,0));
#7832=FACE_SURFACE('',(#7837),#7833,.T.);
#7833=PLANE('',#7834);
#7834=AXIS2_PLACEMENT_3D('',#664,#7835,#7836);
#7835=DIRECTION('',(0,0,1));
#7836=DIRECTION('',(1,0,0));
#7837=FACE_BOUND('',#7838,.T.);
#7838=EDGE_LOOP('',(#7839,#7840,#7841));
#7839=ORIENTED_EDGE('',*,*,#7842,.T.);
#7840=ORIENTED_EDGE('',*,*,#7843,.T.);
#7841=ORIENTED_EDGE('',*,*,#7844,.T.);
#7842=EDGE_CURVE('',#665,#631,#7845,.F.);
#7843=EDGE_CURVE('',#631,#39,#7846,.T.);
#7844=EDGE_CURVE('',#39,#665,#7847,.T.);
#7845=LINE('',#664,#7848);
#7846=LINE('',#630,#7849);
#7847=LINE('',#38,#7850);
#7848=VECTOR('',#7851,1.0);
#7849=VECTOR('',#7852,1.0);
#7850=VECTOR('',#7853,1.0);
#7851=DIRECTION('',(1,0,0));
#7852=DIRECTION('',(0.9680638626520375,0.2507037251961312,0));
#7853=DIRECTION('',(-0.9888278322647798,-0.1490621284516507,0));
#7854=FACE_SURFACE('',(#7859),#7855,.T.);
#7855=PLANE('',#7856);
#7856=AXIS2_PLACEMENT_3D('',#38,#7857,#7858);
#7857=DIRECTION('',(0,0,1));
#7858=DIRECTION('',(-0.3393149798596526,0.9406728147676234,0));
#7859=FACE_BOUND('',#7860,.T.);
#7860=EDGE_LOOP('',(#7861,#7862,#7863));
#7861=ORIENTED_EDGE('',*,*,#7864,.T.);
#7862=ORIENTED_EDGE('',*,*,#7865,.T.);
#7863=ORIENTED_EDGE('',*,*,#7866,.T.);
#7864=EDGE_CURVE('',#39,#663,#7867,.F.);
#7865=EDGE_CURVE('',#663,#667,#7868,.T.);
#7866=EDGE_CURVE('',#667,#39,#7869,.T.);
#7867=LINE('',#38,#7870);
#7868=LINE('',#662,#7871);
#7869=LINE('',#666,#7872);
#7870=VECTOR('',#7873,1.0);
#7871=VECTOR('',#7874,1.0);
#7872=VECTOR('',#7875,1.0);
#7873=DIRECTION('',(-0.3393149798596526,0.9406728147676234,0));
#7874=DIRECTION('',(0,-1,0));
#7875=DIRECTION('',(1,0,0));
#7876=FACE_SURFACE('',(#7881),#7877,.T.);
#7877=PLANE('',#7878);
#7878=AXIS2_PLACEMENT_3D('',#664,#7879,#7880);
#7879=DIRECTION('',(0,0,1));
#7880=DIRECTION('',(0.9888278322647798,0.1490621284516507,0));
#7881=FACE_BOUND('',#7882,.T.);
#7882=EDGE_LOOP('',(#7883,#7884,#7885));
#7883=ORIENTED_EDGE('',*,*,#7886,.T.);
#7884=ORIENTED_EDGE('',*,*,#7887,.T.);
#7885=ORIENTED_EDGE('',*,*,#7888,.T.);
#7886=EDGE_CURVE('',#665,#39,#7889,.F.);
#7887=EDGE_CURVE('',#39,#667,#7890,.T.);
#7888=EDGE_CURVE('',#667,#665,#7891,.T.);
#7889=LINE('',#664,#7892);
#7890=LINE('',#38,#7893);
#7891=LINE('',#666,#7894);
#7892=VECTOR('',#7895,1.0);
#7893=VECTOR('',#7896,1.0);
#7894=VECTOR('',#7897,1.0);
#7895=DIRECTION('',(0.9888278322647798,0.1490621284516507,0));
#7896=DIRECTION('',(-1,0,0));
#7897=DIRECTION('',(-0.9846088438058608,-0.17477249411530962,0));
#7898=FACE_SURFACE('',(#7903),#7899,.T.);
#7899=PLANE('',#7900);
#7900=AXIS2_PLACEMENT_3D('',#668,#7901,#7902);
#7901=DIRECTION('',(0,0,1));
#7902=DIRECTION('',(1,0,0));
#7903=FACE_BOUND('',#7904,.T.);
#7904=EDGE_LOOP('',(#7905,#7906,#7907));
#7905=ORIENTED_EDGE('',*,*,#7908,.T.);
#7906=ORIENTED_EDGE('',*,*,#7909,.T.);
#7907=ORIENTED_EDGE('',*,*,#7910,.T.);
#7908=EDGE_CURVE('',#669,#665,#7911,.F.);
#7909=EDGE_CURVE('',#665,#667,#7912,.T.);
#7910=EDGE_CURVE('',#667,#669,#7913,.T.);
#7911=LINE('',#668,#7914);
#7912=LINE('',#664,#7915);
#7913=LINE('',#666,#7916);
#7914=VECTOR('',#7917,1.0);
#7915=VECTOR('',#7918,1.0);
#7916=VECTOR('',#7919,1.0);
#7917=DIRECTION('',(1,0,0));
#7918=DIRECTION('',(0.9846088438058608,0.17477249411530962,0));
#7919=DIRECTION('',(-0.988827826010019,-0.1490621699436161,0));
#7920=FACE_SURFACE('',(#7925),#7921,.T.);
#7921=PLANE('',#7922);
#7922=AXIS2_PLACEMENT_3D('',#668,#7923,#7924);
#7923=DIRECTION('',(0,0,1));
#7924=DIRECTION('',(0.988827826010019,0.1490621699436161,0));
#7925=FACE_BOUND('',#7926,.T.);
#7926=EDGE_LOOP('',(#7927,#7928,#7929));
#7927=ORIENTED_EDGE('',*,*,#7930,.T.);
#7928=ORIENTED_EDGE('',*,*,#7931,.T.);
#7929=ORIENTED_EDGE('',*,*,#7932,.T.);
#7930=EDGE_CURVE('',#669,#667,#7933,.F.);
#7931=EDGE_CURVE('',#667,#671,#7934,.T.);
#7932=EDGE_CURVE('',#671,#669,#7935,.T.);
#7933=LINE('',#668,#7936);
#7934=LINE('',#666,#7937);
#7935=LINE('',#670,#7938);
#7936=VECTOR('',#7939,1.0);
#7937=VECTOR('',#7940,1.0);
#7938=VECTOR('',#7941,1.0);
#7939=DIRECTION('',(0.988827826010019,0.1490621699436161,0));
#7940=DIRECTION('',(-1,0,0));
#7941=DIRECTION('',(-0.9680638328948946,-0.2507038400999187,0));
#7942=FACE_SURFACE('',(#7947),#7943,.T.);
#7943=PLANE('',#7944);
#7944=AXIS2_PLACEMENT_3D('',#672,#7945,#7946);
#7945=DIRECTION('',(0,0,1));
#7946=DIRECTION('',(1,0,0));
#7947=FACE_BOUND('',#7948,.T.);
#7948=EDGE_LOOP('',(#7949,#7950,#7951));
#7949=ORIENTED_EDGE('',*,*,#7952,.T.);
#7950=ORIENTED_EDGE('',*,*,#7953,.T.);
#7951=ORIENTED_EDGE('',*,*,#7954,.T.);
#7952=EDGE_CURVE('',#673,#675,#7955,.F.);
#7953=EDGE_CURVE('',#675,#677,#7956,.T.);
#7954=EDGE_CURVE('',#677,#673,#7957,.T.);
#7955=LINE('',#672,#7958);
#7956=LINE('',#674,#7959);
#7957=LINE('',#676,#7960);
#7958=VECTOR('',#7961,1.0);
#7959=VECTOR('',#7962,1.0);
#7960=VECTOR('',#7963,1.0);
#7961=DIRECTION('',(1,0,0));
#7962=DIRECTION('',(0,1,0));
#7963=DIRECTION('',(-0.17689501846307867,-0.9842297254416508,0));
#7964=FACE_SURFACE('',(#7969),#7965,.T.);
#7965=PLANE('',#7966);
#7966=AXIS2_PLACEMENT_3D('',#676,#7967,#7968);
#7967=DIRECTION('',(0,0,1));
#7968=DIRECTION('',(1,0,0));
#7969=FACE_BOUND('',#7970,.T.);
#7970=EDGE_LOOP('',(#7971,#7972,#7973));
#7971=ORIENTED_EDGE('',*,*,#7974,.T.);
#7972=ORIENTED_EDGE('',*,*,#7975,.T.);
#7973=ORIENTED_EDGE('',*,*,#7976,.T.);
#7974=EDGE_CURVE('',#677,#669,#7977,.F.);
#7975=EDGE_CURVE('',#669,#671,#7978,.T.);
#7976=EDGE_CURVE('',#671,#677,#7979,.T.);
#7977=LINE('',#676,#7980);
#7978=LINE('',#668,#7981);
#7979=LINE('',#670,#7982);
#7980=VECTOR('',#7983,1.0);
#7981=VECTOR('',#7984,1.0);
#7982=VECTOR('',#7985,1.0);
#7983=DIRECTION('',(1,0,0));
#7984=DIRECTION('',(0.9680638328948946,0.2507038400999187,0));
#7985=DIRECTION('',(-0.9888278235081134,-0.14906218654040868,0));
#7986=FACE_SURFACE('',(#7991),#7987,.T.);
#7987=PLANE('',#7988);
#7988=AXIS2_PLACEMENT_3D('',#676,#7989,#7990);
#7989=DIRECTION('',(0,0,1));
#7990=DIRECTION('',(0.9888278235081134,0.14906218654040868,0));
#7991=FACE_BOUND('',#7992,.T.);
#7992=EDGE_LOOP('',(#7993,#7994,#7995));
#7993=ORIENTED_EDGE('',*,*,#7996,.T.);
#7994=ORIENTED_EDGE('',*,*,#7997,.T.);
#7995=ORIENTED_EDGE('',*,*,#7998,.T.);
#7996=EDGE_CURVE('',#677,#671,#7999,.F.);
#7997=EDGE_CURVE('',#671,#679,#8000,.T.);
#7998=EDGE_CURVE('',#679,#677,#8001,.T.);
#7999=LINE('',#676,#8002);
#8000=LINE('',#670,#8003);
#8001=LINE('',#678,#8004);
#8002=VECTOR('',#8005,1.0);
#8003=VECTOR('',#8006,1.0);
#8004=VECTOR('',#8007,1.0);
#8005=DIRECTION('',(0.9888278235081134,0.14906218654040868,0));
#8006=DIRECTION('',(-1,0,0));
#8007=DIRECTION('',(-0.9846088518711072,-0.17477244867844605,0));
#8008=FACE_SURFACE('',(#8013),#8009,.T.);
#8009=PLANE('',#8010);
#8010=AXIS2_PLACEMENT_3D('',#680,#8011,#8012);
#8011=DIRECTION('',(0,0,1));
#8012=DIRECTION('',(0,-1,0));
#8013=FACE_BOUND('',#8014,.T.);
#8014=EDGE_LOOP('',(#8015,#8016,#8017));
#8015=ORIENTED_EDGE('',*,*,#8018,.T.);
#8016=ORIENTED_EDGE('',*,*,#8019,.T.);
#8017=ORIENTED_EDGE('',*,*,#8020,.T.);
#8018=EDGE_CURVE('',#681,#673,#8021,.F.);
#8019=EDGE_CURVE('',#673,#677,#8022,.T.);
#8020=EDGE_CURVE('',#677,#681,#8023,.T.);
#8021=LINE('',#680,#8024);
#8022=LINE('',#672,#8025);
#8023=LINE('',#676,#8026);
#8024=VECTOR('',#8027,1.0);
#8025=VECTOR('',#8028,1.0);
#8026=VECTOR('',#8029,1.0);
#8027=DIRECTION('',(0,-1,0));
#8028=DIRECTION('',(0.17689501846307867,0.9842297254416508,0));
#8029=DIRECTION('',(-0.7029462428310881,0.7112429821725181,0));
#8030=FACE_SURFACE('',(#8035),#8031,.T.);
#8031=PLANE('',#8032);
#8032=AXIS2_PLACEMENT_3D('',#682,#8033,#8034);
#8033=DIRECTION('',(0,0,1));
#8034=DIRECTION('',(-0.00188899547748479,-0.9999982158464514,0));
#8035=FACE_BOUND('',#8036,.T.);
#8036=EDGE_LOOP('',(#8037,#8038,#8039));
#8037=ORIENTED_EDGE('',*,*,#8040,.T.);
#8038=ORIENTED_EDGE('',*,*,#8041,.T.);
#8039=ORIENTED_EDGE('',*,*,#8042,.T.);
#8040=EDGE_CURVE('',#683,#685,#8043,.F.);
#8041=EDGE_CURVE('',#685,#681,#8044,.T.);
#8042=EDGE_CURVE('',#681,#683,#8045,.T.);
#8043=LINE('',#682,#8046);
#8044=LINE('',#684,#8047);
#8045=LINE('',#680,#8048);
#8046=VECTOR('',#8049,1.0);
#8047=VECTOR('',#8050,1.0);
#8048=VECTOR('',#8051,1.0);
#8049=DIRECTION('',(-0.00188899547748479,-0.9999982158464514,0));
#8050=DIRECTION('',(1,0,0));
#8051=DIRECTION('',(-0.9943943945682755,0.10573451683907656,0));
#8052=FACE_SURFACE('',(#8057),#8053,.T.);
#8053=PLANE('',#8054);
#8054=AXIS2_PLACEMENT_3D('',#686,#8055,#8056);
#8055=DIRECTION('',(0,0,1));
#8056=DIRECTION('',(-1,0,0));
#8057=FACE_BOUND('',#8058,.T.);
#8058=EDGE_LOOP('',(#8059,#8060,#8061));
#8059=ORIENTED_EDGE('',*,*,#8062,.T.);
#8060=ORIENTED_EDGE('',*,*,#8063,.T.);
#8061=ORIENTED_EDGE('',*,*,#8064,.T.);
#8062=EDGE_CURVE('',#687,#683,#8065,.F.);
#8063=EDGE_CURVE('',#683,#681,#8066,.T.);
#8064=EDGE_CURVE('',#681,#687,#8067,.T.);
#8065=LINE('',#686,#8068);
#8066=LINE('',#682,#8069);
#8067=LINE('',#680,#8070);
#8068=VECTOR('',#8071,1.0);
#8069=VECTOR('',#8072,1.0);
#8070=VECTOR('',#8073,1.0);
#8071=DIRECTION('',(-1,0,0));
#8072=DIRECTION('',(0.9943943945682755,-0.10573451683907656,0));
#8073=DIRECTION('',(-0.993053414744975,0.11766441885015462,0));
#8074=FACE_SURFACE('',(#8079),#8075,.T.);
#8075=PLANE('',#8076);
#8076=AXIS2_PLACEMENT_3D('',#680,#8077,#8078);
#8077=DIRECTION('',(-0,0,1));
#8078=DIRECTION('',(0.7029462428310881,-0.7112429821725181,0));
#8079=FACE_BOUND('',#8080,.T.);
#8080=EDGE_LOOP('',(#8081,#8082,#8083));
#8081=ORIENTED_EDGE('',*,*,#8084,.T.);
#8082=ORIENTED_EDGE('',*,*,#8085,.T.);
#8083=ORIENTED_EDGE('',*,*,#8086,.T.);
#8084=EDGE_CURVE('',#681,#677,#8087,.F.);
#8085=EDGE_CURVE('',#677,#679,#8088,.T.);
#8086=EDGE_CURVE('',#679,#681,#8089,.T.);
#8087=LINE('',#680,#8090);
#8088=LINE('',#676,#8091);
#8089=LINE('',#678,#8092);
#8090=VECTOR('',#8093,1.0);
#8091=VECTOR('',#8094,1.0);
#8092=VECTOR('',#8095,1.0);
#8093=DIRECTION('',(0.7029462428310881,-0.7112429821725181,0));
#8094=DIRECTION('',(0.9846088518711072,0.17477244867844605,0));
#8095=DIRECTION('',(-0.9967463536090365,-0.08060214989123883,0));
#8096=FACE_SURFACE('',(#8101),#8097,.T.);
#8097=PLANE('',#8098);
#8098=AXIS2_PLACEMENT_3D('',#688,#8099,#8100);
#8099=DIRECTION('',(0,-0,1));
#8100=DIRECTION('',(0,1,0));
#8101=FACE_BOUND('',#8102,.T.);
#8102=EDGE_LOOP('',(#8103,#8104,#8105));
#8103=ORIENTED_EDGE('',*,*,#8106,.T.);
#8104=ORIENTED_EDGE('',*,*,#8107,.T.);
#8105=ORIENTED_EDGE('',*,*,#8108,.T.);
#8106=EDGE_CURVE('',#689,#691,#8109,.F.);
#8107=EDGE_CURVE('',#691,#693,#8110,.T.);
#8108=EDGE_CURVE('',#693,#689,#8111,.T.);
#8109=LINE('',#688,#8112);
#8110=LINE('',#690,#8113);
#8111=LINE('',#692,#8114);
#8112=VECTOR('',#8115,1.0);
#8113=VECTOR('',#8116,1.0);
#8114=VECTOR('',#8117,1.0);
#8115=DIRECTION('',(0,1,0));
#8116=DIRECTION('',(-1,0,0));
#8117=DIRECTION('',(0.3393144128532185,-0.9406730192952679,0));
#8118=FACE_SURFACE('',(#8123),#8119,.T.);
#8119=PLANE('',#8120);
#8120=AXIS2_PLACEMENT_3D('',#680,#8121,#8122);
#8121=DIRECTION('',(0,0,1));
#8122=DIRECTION('',(0.9967463536090365,0.08060214989123883,0));
#8123=FACE_BOUND('',#8124,.T.);
#8124=EDGE_LOOP('',(#8125,#8126,#8127));
#8125=ORIENTED_EDGE('',*,*,#8128,.T.);
#8126=ORIENTED_EDGE('',*,*,#8129,.T.);
#8127=ORIENTED_EDGE('',*,*,#8130,.T.);
#8128=EDGE_CURVE('',#681,#679,#8131,.F.);
#8129=EDGE_CURVE('',#679,#689,#8132,.T.);
#8130=EDGE_CURVE('',#689,#681,#8133,.T.);
#8131=LINE('',#680,#8134);
#8132=LINE('',#678,#8135);
#8133=LINE('',#688,#8136);
#8134=VECTOR('',#8137,1.0);
#8135=VECTOR('',#8138,1.0);
#8136=VECTOR('',#8139,1.0);
#8137=DIRECTION('',(0.9967463536090365,0.08060214989123883,0));
#8138=DIRECTION('',(-1,0,0));
#8139=DIRECTION('',(-0.9892829566703638,-0.1460110668461232,0));
#8140=FACE_SURFACE('',(#8145),#8141,.T.);
#8141=PLANE('',#8142);
#8142=AXIS2_PLACEMENT_3D('',#694,#8143,#8144);
#8143=DIRECTION('',(0,0,1));
#8144=DIRECTION('',(-1,0,0));
#8145=FACE_BOUND('',#8146,.T.);
#8146=EDGE_LOOP('',(#8147,#8148,#8149));
#8147=ORIENTED_EDGE('',*,*,#8150,.T.);
#8148=ORIENTED_EDGE('',*,*,#8151,.T.);
#8149=ORIENTED_EDGE('',*,*,#8152,.T.);
#8150=EDGE_CURVE('',#695,#687,#8153,.F.);
#8151=EDGE_CURVE('',#687,#681,#8154,.T.);
#8152=EDGE_CURVE('',#681,#695,#8155,.T.);
#8153=LINE('',#694,#8156);
#8154=LINE('',#686,#8157);
#8155=LINE('',#680,#8158);
#8156=VECTOR('',#8159,1.0);
#8157=VECTOR('',#8160,1.0);
#8158=VECTOR('',#8161,1.0);
#8159=DIRECTION('',(-1,0,0));
#8160=DIRECTION('',(0.993053414744975,-0.11766441885015462,0));
#8161=DIRECTION('',(-0.9435583675544899,0.3312062907281596,0));
#8162=FACE_SURFACE('',(#8167),#8163,.T.);
#8163=PLANE('',#8164);
#8164=AXIS2_PLACEMENT_3D('',#358,#8165,#8166);
#8165=DIRECTION('',(0,0,1));
#8166=DIRECTION('',(-1,0,0));
#8167=FACE_BOUND('',#8168,.T.);
#8168=EDGE_LOOP('',(#8169,#8170,#8171));
#8169=ORIENTED_EDGE('',*,*,#8172,.T.);
#8170=ORIENTED_EDGE('',*,*,#8173,.T.);
#8171=ORIENTED_EDGE('',*,*,#8174,.T.);
#8172=EDGE_CURVE('',#359,#697,#8175,.F.);
#8173=EDGE_CURVE('',#697,#695,#8176,.T.);
#8174=EDGE_CURVE('',#695,#359,#8177,.T.);
#8175=LINE('',#358,#8178);
#8176=LINE('',#696,#8179);
#8177=LINE('',#694,#8180);
#8178=VECTOR('',#8181,1.0);
#8179=VECTOR('',#8182,1.0);
#8180=VECTOR('',#8183,1.0);
#8181=DIRECTION('',(-1,0,0));
#8182=DIRECTION('',(0,-1,0));
#8183=DIRECTION('',(0.3393144128532185,0.9406730192952679,0));
#8184=FACE_SURFACE('',(#8189),#8185,.T.);
#8185=PLANE('',#8186);
#8186=AXIS2_PLACEMENT_3D('',#354,#8187,#8188);
#8187=DIRECTION('',(0,-0,1));
#8188=DIRECTION('',(0,1,0));
#8189=FACE_BOUND('',#8190,.T.);
#8190=EDGE_LOOP('',(#8191,#8192,#8193));
#8191=ORIENTED_EDGE('',*,*,#8194,.T.);
#8192=ORIENTED_EDGE('',*,*,#8195,.T.);
#8193=ORIENTED_EDGE('',*,*,#8196,.T.);
#8194=EDGE_CURVE('',#355,#359,#8197,.F.);
#8195=EDGE_CURVE('',#359,#695,#8198,.T.);
#8196=EDGE_CURVE('',#695,#355,#8199,.T.);
#8197=LINE('',#354,#8200);
#8198=LINE('',#358,#8201);
#8199=LINE('',#694,#8202);
#8200=VECTOR('',#8203,1.0);
#8201=VECTOR('',#8204,1.0);
#8202=VECTOR('',#8205,1.0);
#8203=DIRECTION('',(0,1,0));
#8204=DIRECTION('',(-0.3393144128532185,-0.9406730192952679,0));
#8205=DIRECTION('',(1,0,0));
#8206=FACE_SURFACE('',(#8211),#8207,.T.);
#8207=PLANE('',#8208);
#8208=AXIS2_PLACEMENT_3D('',#688,#8209,#8210);
#8209=DIRECTION('',(0,0,1));
#8210=DIRECTION('',(-0.3393144128532185,0.9406730192952679,0));
#8211=FACE_BOUND('',#8212,.T.);
#8212=EDGE_LOOP('',(#8213,#8214,#8215));
#8213=ORIENTED_EDGE('',*,*,#8216,.T.);
#8214=ORIENTED_EDGE('',*,*,#8217,.T.);
#8215=ORIENTED_EDGE('',*,*,#8218,.T.);
#8216=EDGE_CURVE('',#689,#693,#8219,.F.);
#8217=EDGE_CURVE('',#693,#699,#8220,.T.);
#8218=EDGE_CURVE('',#699,#689,#8221,.T.);
#8219=LINE('',#688,#8222);
#8220=LINE('',#692,#8223);
#8221=LINE('',#698,#8224);
#8222=VECTOR('',#8225,1.0);
#8223=VECTOR('',#8226,1.0);
#8224=VECTOR('',#8227,1.0);
#8225=DIRECTION('',(-0.3393144128532185,0.9406730192952679,0));
#8226=DIRECTION('',(0,-1,0));
#8227=DIRECTION('',(1,0,0));
#8228=FACE_SURFACE('',(#8233),#8229,.T.);
#8229=PLANE('',#8230);
#8230=AXIS2_PLACEMENT_3D('',#354,#8231,#8232);
#8231=DIRECTION('',(0,0,1));
#8232=DIRECTION('',(-1,0,0));
#8233=FACE_BOUND('',#8234,.T.);
#8234=EDGE_LOOP('',(#8235,#8236,#8237));
#8235=ORIENTED_EDGE('',*,*,#8238,.T.);
#8236=ORIENTED_EDGE('',*,*,#8239,.T.);
#8237=ORIENTED_EDGE('',*,*,#8240,.T.);
#8238=EDGE_CURVE('',#355,#695,#8241,.F.);
#8239=EDGE_CURVE('',#695,#681,#8242,.T.);
#8240=EDGE_CURVE('',#681,#355,#8243,.T.);
#8241=LINE('',#354,#8244);
#8242=LINE('',#694,#8245);
#8243=LINE('',#680,#8246);
#8244=VECTOR('',#8247,1.0);
#8245=VECTOR('',#8248,1.0);
#8246=VECTOR('',#8249,1.0);
#8247=DIRECTION('',(-1,0,0));
#8248=DIRECTION('',(0.9435583675544899,-0.3312062907281596,0));
#8249=DIRECTION('',(-0.6396486803597995,0.7686673960263743,0));
#8250=FACE_SURFACE('',(#8255),#8251,.T.);
#8251=PLANE('',#8252);
#8252=AXIS2_PLACEMENT_3D('',#680,#8253,#8254);
#8253=DIRECTION('',(0,0,1));
#8254=DIRECTION('',(0.9892829566703638,0.1460110668461232,0));
#8255=FACE_BOUND('',#8256,.T.);
#8256=EDGE_LOOP('',(#8257,#8258,#8259));
#8257=ORIENTED_EDGE('',*,*,#8260,.T.);
#8258=ORIENTED_EDGE('',*,*,#8261,.T.);
#8259=ORIENTED_EDGE('',*,*,#8262,.T.);
#8260=EDGE_CURVE('',#681,#689,#8263,.F.);
#8261=EDGE_CURVE('',#689,#699,#8264,.T.);
#8262=EDGE_CURVE('',#699,#681,#8265,.T.);
#8263=LINE('',#680,#8266);
#8264=LINE('',#688,#8267);
#8265=LINE('',#698,#8268);
#8266=VECTOR('',#8269,1.0);
#8267=VECTOR('',#8270,1.0);
#8268=VECTOR('',#8271,1.0);
#8269=DIRECTION('',(0.9892829566703638,0.1460110668461232,0));
#8270=DIRECTION('',(-1,0,0));
#8271=DIRECTION('',(-0.9786256144045031,-0.20564996190471047,0));
#8272=FACE_SURFACE('',(#8277),#8273,.T.);
#8273=PLANE('',#8274);
#8274=AXIS2_PLACEMENT_3D('',#698,#8275,#8276);
#8275=DIRECTION('',(0,0,1));
#8276=DIRECTION('',(-1,0,0));
#8277=FACE_BOUND('',#8278,.T.);
#8278=EDGE_LOOP('',(#8279,#8280,#8281));
#8279=ORIENTED_EDGE('',*,*,#8282,.T.);
#8280=ORIENTED_EDGE('',*,*,#8283,.T.);
#8281=ORIENTED_EDGE('',*,*,#8284,.T.);
#8282=EDGE_CURVE('',#699,#355,#8285,.F.);
#8283=EDGE_CURVE('',#355,#681,#8286,.T.);
#8284=EDGE_CURVE('',#681,#699,#8287,.T.);
#8285=LINE('',#698,#8288);
#8286=LINE('',#354,#8289);
#8287=LINE('',#680,#8290);
#8288=VECTOR('',#8291,1.0);
#8289=VECTOR('',#8292,1.0);
#8290=VECTOR('',#8293,1.0);
#8291=DIRECTION('',(-1,0,0));
#8292=DIRECTION('',(0.6396486803597995,-0.7686673960263743,0));
#8293=DIRECTION('',(0.9786256144045031,0.20564996190471047,0));
#8294=FACE_SURFACE('',(#8299),#8295,.T.);
#8295=PLANE('',#8296);
#8296=AXIS2_PLACEMENT_3D('',#700,#8297,#8298);
#8297=DIRECTION('',(0,-0,1));
#8298=DIRECTION('',(0,1,0));
#8299=FACE_BOUND('',#8300,.T.);
#8300=EDGE_LOOP('',(#8301,#8302,#8303));
#8301=ORIENTED_EDGE('',*,*,#8304,.T.);
#8302=ORIENTED_EDGE('',*,*,#8305,.T.);
#8303=ORIENTED_EDGE('',*,*,#8306,.T.);
#8304=EDGE_CURVE('',#701,#643,#8307,.F.);
#8305=EDGE_CURVE('',#643,#641,#8308,.T.);
#8306=EDGE_CURVE('',#641,#701,#8309,.T.);
#8307=LINE('',#700,#8310);
#8308=LINE('',#642,#8311);
#8309=LINE('',#640,#8312);
#8310=VECTOR('',#8313,1.0);
#8311=VECTOR('',#8314,1.0);
#8312=VECTOR('',#8315,1.0);
#8313=DIRECTION('',(0,1,0));
#8314=DIRECTION('',(-1,0,0));
#8315=DIRECTION('',(0.14939498804325732,-0.988777597616145,0));
#8316=FACE_SURFACE('',(#8321),#8317,.T.);
#8317=PLANE('',#8318);
#8318=AXIS2_PLACEMENT_3D('',#700,#8319,#8320);
#8319=DIRECTION('',(0,0,1));
#8320=DIRECTION('',(-0.14939498804325732,0.988777597616145,0));
#8321=FACE_BOUND('',#8322,.T.);
#8322=EDGE_LOOP('',(#8323,#8324,#8325));
#8323=ORIENTED_EDGE('',*,*,#8326,.T.);
#8324=ORIENTED_EDGE('',*,*,#8327,.T.);
#8325=ORIENTED_EDGE('',*,*,#8328,.T.);
#8326=EDGE_CURVE('',#701,#641,#8329,.F.);
#8327=EDGE_CURVE('',#641,#703,#8330,.T.);
#8328=EDGE_CURVE('',#703,#701,#8331,.T.);
#8329=LINE('',#700,#8332);
#8330=LINE('',#640,#8333);
#8331=LINE('',#702,#8334);
#8332=VECTOR('',#8335,1.0);
#8333=VECTOR('',#8336,1.0);
#8334=VECTOR('',#8337,1.0);
#8335=DIRECTION('',(-0.14939498804325732,0.988777597616145,0));
#8336=DIRECTION('',(0,-1,0));
#8337=DIRECTION('',(0.7099667941885265,-0.7042351533043963,0));
#8338=FACE_SURFACE('',(#8343),#8339,.T.);
#8339=PLANE('',#8340);
#8340=AXIS2_PLACEMENT_3D('',#66,#8341,#8342);
#8341=DIRECTION('',(0,0,1));
#8342=DIRECTION('',(1,0,0));
#8343=FACE_BOUND('',#8344,.T.);
#8344=EDGE_LOOP('',(#8345,#8346,#8347));
#8345=ORIENTED_EDGE('',*,*,#8348,.T.);
#8346=ORIENTED_EDGE('',*,*,#8349,.T.);
#8347=ORIENTED_EDGE('',*,*,#8350,.T.);
#8348=EDGE_CURVE('',#67,#65,#8351,.F.);
#8349=EDGE_CURVE('',#65,#705,#8352,.T.);
#8350=EDGE_CURVE('',#705,#67,#8353,.T.);
#8351=LINE('',#66,#8354);
#8352=LINE('',#64,#8355);
#8353=LINE('',#704,#8356);
#8354=VECTOR('',#8357,1.0);
#8355=VECTOR('',#8358,1.0);
#8356=VECTOR('',#8359,1.0);
#8357=DIRECTION('',(1,0,0));
#8358=DIRECTION('',(0,1,0));
#8359=DIRECTION('',(-0.1469234712659924,-0.989147862349786,0));
#8360=FACE_SURFACE('',(#8365),#8361,.T.);
#8361=PLANE('',#8362);
#8362=AXIS2_PLACEMENT_3D('',#704,#8363,#8364);
#8363=DIRECTION('',(0,0,1));
#8364=DIRECTION('',(1,0,0));
#8365=FACE_BOUND('',#8366,.T.);
#8366=EDGE_LOOP('',(#8367,#8368,#8369));
#8367=ORIENTED_EDGE('',*,*,#8370,.T.);
#8368=ORIENTED_EDGE('',*,*,#8371,.T.);
#8369=ORIENTED_EDGE('',*,*,#8372,.T.);
#8370=EDGE_CURVE('',#705,#701,#8373,.F.);
#8371=EDGE_CURVE('',#701,#703,#8374,.T.);
#8372=EDGE_CURVE('',#703,#705,#8375,.T.);
#8373=LINE('',#704,#8376);
#8374=LINE('',#700,#8377);
#8375=LINE('',#702,#8378);
#8376=VECTOR('',#8379,1.0);
#8377=VECTOR('',#8380,1.0);
#8378=VECTOR('',#8381,1.0);
#8379=DIRECTION('',(1,0,0));
#8380=DIRECTION('',(-0.7099667941885265,0.7042351533043963,0));
#8381=DIRECTION('',(-0.9436435460116128,-0.3309635298195695,0));
#8382=FACE_SURFACE('',(#8387),#8383,.T.);
#8383=PLANE('',#8384);
#8384=AXIS2_PLACEMENT_3D('',#704,#8385,#8386);
#8385=DIRECTION('',(0,-0,1));
#8386=DIRECTION('',(0.9436435460116128,0.3309635298195695,0));
#8387=FACE_BOUND('',#8388,.T.);
#8388=EDGE_LOOP('',(#8389,#8390,#8391));
#8389=ORIENTED_EDGE('',*,*,#8392,.T.);
#8390=ORIENTED_EDGE('',*,*,#8393,.T.);
#8391=ORIENTED_EDGE('',*,*,#8394,.T.);
#8392=EDGE_CURVE('',#705,#703,#8395,.F.);
#8393=EDGE_CURVE('',#703,#647,#8396,.T.);
#8394=EDGE_CURVE('',#647,#705,#8397,.T.);
#8395=LINE('',#704,#8398);
#8396=LINE('',#702,#8399);
#8397=LINE('',#646,#8400);
#8398=VECTOR('',#8401,1.0);
#8399=VECTOR('',#8402,1.0);
#8400=VECTOR('',#8403,1.0);
#8401=DIRECTION('',(0.9436435460116128,0.3309635298195695,0));
#8402=DIRECTION('',(-1,0,0));
#8403=DIRECTION('',(0.9425408607052079,-0.3340908946695283,0));
#8404=FACE_SURFACE('',(#8409),#8405,.T.);
#8405=PLANE('',#8406);
#8406=AXIS2_PLACEMENT_3D('',#706,#8407,#8408);
#8407=DIRECTION('',(-0,0,1));
#8408=DIRECTION('',(0,-1,0));
#8409=FACE_BOUND('',#8410,.T.);
#8410=EDGE_LOOP('',(#8411,#8412,#8413));
#8411=ORIENTED_EDGE('',*,*,#8414,.T.);
#8412=ORIENTED_EDGE('',*,*,#8415,.T.);
#8413=ORIENTED_EDGE('',*,*,#8416,.T.);
#8414=EDGE_CURVE('',#707,#67,#8417,.F.);
#8415=EDGE_CURVE('',#67,#705,#8418,.T.);
#8416=EDGE_CURVE('',#705,#707,#8419,.T.);
#8417=LINE('',#706,#8420);
#8418=LINE('',#66,#8421);
#8419=LINE('',#704,#8422);
#8420=VECTOR('',#8423,1.0);
#8421=VECTOR('',#8424,1.0);
#8422=VECTOR('',#8425,1.0);
#8423=DIRECTION('',(0,-1,0));
#8424=DIRECTION('',(0.1469234712659924,0.989147862349786,0));
#8425=DIRECTION('',(-0.6902491774838502,-0.7235717469490281,0));
#8426=FACE_SURFACE('',(#8431),#8427,.T.);
#8427=PLANE('',#8428);
#8428=AXIS2_PLACEMENT_3D('',#70,#8429,#8430);
#8429=DIRECTION('',(0,0,1));
#8430=DIRECTION('',(1,0,0));
#8431=FACE_BOUND('',#8432,.T.);
#8432=EDGE_LOOP('',(#8433,#8434,#8435));
#8433=ORIENTED_EDGE('',*,*,#8436,.T.);
#8434=ORIENTED_EDGE('',*,*,#8437,.T.);
#8435=ORIENTED_EDGE('',*,*,#8438,.T.);
#8436=EDGE_CURVE('',#71,#69,#8439,.F.);
#8437=EDGE_CURVE('',#69,#709,#8440,.T.);
#8438=EDGE_CURVE('',#709,#71,#8441,.T.);
#8439=LINE('',#70,#8442);
#8440=LINE('',#68,#8443);
#8441=LINE('',#708,#8444);
#8442=VECTOR('',#8445,1.0);
#8443=VECTOR('',#8446,1.0);
#8444=VECTOR('',#8447,1.0);
#8445=DIRECTION('',(1,0,0));
#8446=DIRECTION('',(0,1,0));
#8447=DIRECTION('',(-0.339314897137556,-0.9406728446067366,0));
#8448=FACE_SURFACE('',(#8453),#8449,.T.);
#8449=PLANE('',#8450);
#8450=AXIS2_PLACEMENT_3D('',#708,#8451,#8452);
#8451=DIRECTION('',(0,0,1));
#8452=DIRECTION('',(1,0,0));
#8453=FACE_BOUND('',#8454,.T.);
#8454=EDGE_LOOP('',(#8455,#8456,#8457));
#8455=ORIENTED_EDGE('',*,*,#8458,.T.);
#8456=ORIENTED_EDGE('',*,*,#8459,.T.);
#8457=ORIENTED_EDGE('',*,*,#8460,.T.);
#8458=EDGE_CURVE('',#709,#707,#8461,.F.);
#8459=EDGE_CURVE('',#707,#705,#8462,.T.);
#8460=EDGE_CURVE('',#705,#709,#8463,.T.);
#8461=LINE('',#708,#8464);
#8462=LINE('',#706,#8465);
#8463=LINE('',#704,#8466);
#8464=VECTOR('',#8467,1.0);
#8465=VECTOR('',#8468,1.0);
#8466=VECTOR('',#8469,1.0);
#8467=DIRECTION('',(1,0,0));
#8468=DIRECTION('',(0.6902491774838502,0.7235717469490281,0));
#8469=DIRECTION('',(-0.9879243639672314,-0.15493692613428636,0));
#8470=FACE_SURFACE('',(#8475),#8471,.T.);
#8471=PLANE('',#8472);
#8472=AXIS2_PLACEMENT_3D('',#704,#8473,#8474);
#8473=DIRECTION('',(0,0,1));
#8474=DIRECTION('',(-0.9425408607052079,0.3340908946695283,0));
#8475=FACE_BOUND('',#8476,.T.);
#8476=EDGE_LOOP('',(#8477,#8478,#8479));
#8477=ORIENTED_EDGE('',*,*,#8480,.T.);
#8478=ORIENTED_EDGE('',*,*,#8481,.T.);
#8479=ORIENTED_EDGE('',*,*,#8482,.T.);
#8480=EDGE_CURVE('',#705,#647,#8483,.F.);
#8481=EDGE_CURVE('',#647,#645,#8484,.T.);
#8482=EDGE_CURVE('',#645,#705,#8485,.T.);
#8483=LINE('',#704,#8486);
#8484=LINE('',#646,#8487);
#8485=LINE('',#644,#8488);
#8486=VECTOR('',#8489,1.0);
#8487=VECTOR('',#8490,1.0);
#8488=VECTOR('',#8491,1.0);
#8489=DIRECTION('',(-0.9425408607052079,0.3340908946695283,0));
#8490=DIRECTION('',(-1,0,0));
#8491=DIRECTION('',(0.9795403665589573,-0.20124778329597526,0));
#8492=FACE_SURFACE('',(#8497),#8493,.T.);
#8493=PLANE('',#8494);
#8494=AXIS2_PLACEMENT_3D('',#704,#8495,#8496);
#8495=DIRECTION('',(0,0,1));
#8496=DIRECTION('',(-0.9795403665589573,0.20124778329597526,0));
#8497=FACE_BOUND('',#8498,.T.);
#8498=EDGE_LOOP('',(#8499,#8500,#8501));
#8499=ORIENTED_EDGE('',*,*,#8502,.T.);
#8500=ORIENTED_EDGE('',*,*,#8503,.T.);
#8501=ORIENTED_EDGE('',*,*,#8504,.T.);
#8502=EDGE_CURVE('',#705,#645,#8505,.F.);
#8503=EDGE_CURVE('',#645,#657,#8506,.T.);
#8504=EDGE_CURVE('',#657,#705,#8507,.T.);
#8505=LINE('',#704,#8508);
#8506=LINE('',#644,#8509);
#8507=LINE('',#656,#8510);
#8508=VECTOR('',#8511,1.0);
#8509=VECTOR('',#8512,1.0);
#8510=VECTOR('',#8513,1.0);
#8511=DIRECTION('',(-0.9795403665589573,0.20124778329597526,0));
#8512=DIRECTION('',(-1,0,0));
#8513=DIRECTION('',(0.9955291558934776,-0.09445474983302833,0));
#8514=FACE_SURFACE('',(#8519),#8515,.T.);
#8515=PLANE('',#8516);
#8516=AXIS2_PLACEMENT_3D('',#710,#8517,#8518);
#8517=DIRECTION('',(-0,0,1));
#8518=DIRECTION('',(0,-1,0));
#8519=FACE_BOUND('',#8520,.T.);
#8520=EDGE_LOOP('',(#8521,#8522,#8523));
#8521=ORIENTED_EDGE('',*,*,#8524,.T.);
#8522=ORIENTED_EDGE('',*,*,#8525,.T.);
#8523=ORIENTED_EDGE('',*,*,#8526,.T.);
#8524=EDGE_CURVE('',#711,#71,#8527,.F.);
#8525=EDGE_CURVE('',#71,#709,#8528,.T.);
#8526=EDGE_CURVE('',#709,#711,#8529,.T.);
#8527=LINE('',#710,#8530);
#8528=LINE('',#70,#8531);
#8529=LINE('',#708,#8532);
#8530=VECTOR('',#8533,1.0);
#8531=VECTOR('',#8534,1.0);
#8532=VECTOR('',#8535,1.0);
#8533=DIRECTION('',(0,-1,0));
#8534=DIRECTION('',(0.339314897137556,0.9406728446067366,0));
#8535=DIRECTION('',(-1,0,0));
#8536=FACE_SURFACE('',(#8541),#8537,.T.);
#8537=PLANE('',#8538);
#8538=AXIS2_PLACEMENT_3D('',#708,#8539,#8540);
#8539=DIRECTION('',(0,-0,1));
#8540=DIRECTION('',(0.9879243639672314,0.15493692613428636,0));
#8541=FACE_BOUND('',#8542,.T.);
#8542=EDGE_LOOP('',(#8543,#8544,#8545));
#8543=ORIENTED_EDGE('',*,*,#8546,.T.);
#8544=ORIENTED_EDGE('',*,*,#8547,.T.);
#8545=ORIENTED_EDGE('',*,*,#8548,.T.);
#8546=EDGE_CURVE('',#709,#705,#8549,.F.);
#8547=EDGE_CURVE('',#705,#657,#8550,.T.);
#8548=EDGE_CURVE('',#657,#709,#8551,.T.);
#8549=LINE('',#708,#8552);
#8550=LINE('',#704,#8553);
#8551=LINE('',#656,#8554);
#8552=VECTOR('',#8555,1.0);
#8553=VECTOR('',#8556,1.0);
#8554=VECTOR('',#8557,1.0);
#8555=DIRECTION('',(0.9879243639672314,0.15493692613428636,0));
#8556=DIRECTION('',(-0.9955291558934776,0.09445474983302833,0));
#8557=DIRECTION('',(0.8840136251328794,-0.46746113269385836,0));
#8558=FACE_SURFACE('',(#8563),#8559,.T.);
#8559=PLANE('',#8560);
#8560=AXIS2_PLACEMENT_3D('',#708,#8561,#8562);
#8561=DIRECTION('',(0,0,1));
#8562=DIRECTION('',(-0.8840136251328794,0.46746113269385836,0));
#8563=FACE_BOUND('',#8564,.T.);
#8564=EDGE_LOOP('',(#8565,#8566,#8567));
#8565=ORIENTED_EDGE('',*,*,#8568,.T.);
#8566=ORIENTED_EDGE('',*,*,#8569,.T.);
#8567=ORIENTED_EDGE('',*,*,#8570,.T.);
#8568=EDGE_CURVE('',#709,#657,#8571,.F.);
#8569=EDGE_CURVE('',#657,#629,#8572,.T.);
#8570=EDGE_CURVE('',#629,#709,#8573,.T.);
#8571=LINE('',#708,#8574);
#8572=LINE('',#656,#8575);
#8573=LINE('',#628,#8576);
#8574=VECTOR('',#8577,1.0);
#8575=VECTOR('',#8578,1.0);
#8576=VECTOR('',#8579,1.0);
#8577=DIRECTION('',(-0.8840136251328794,0.46746113269385836,0));
#8578=DIRECTION('',(-1,0,0));
#8579=DIRECTION('',(0.9450632404112091,-0.3268875519555083,0));
#8580=FACE_SURFACE('',(#8585),#8581,.T.);
#8581=PLANE('',#8582);
#8582=AXIS2_PLACEMENT_3D('',#710,#8583,#8584);
#8583=DIRECTION('',(0,-0,1));
#8584=DIRECTION('',(1,0,0));
#8585=FACE_BOUND('',#8586,.T.);
#8586=EDGE_LOOP('',(#8587,#8588,#8589));
#8587=ORIENTED_EDGE('',*,*,#8590,.T.);
#8588=ORIENTED_EDGE('',*,*,#8591,.T.);
#8589=ORIENTED_EDGE('',*,*,#8592,.T.);
#8590=EDGE_CURVE('',#711,#709,#8593,.F.);
#8591=EDGE_CURVE('',#709,#629,#8594,.T.);
#8592=EDGE_CURVE('',#629,#711,#8595,.T.);
#8593=LINE('',#710,#8596);
#8594=LINE('',#708,#8597);
#8595=LINE('',#628,#8598);
#8596=VECTOR('',#8599,1.0);
#8597=VECTOR('',#8600,1.0);
#8598=VECTOR('',#8601,1.0);
#8599=DIRECTION('',(1,0,0));
#8600=DIRECTION('',(-0.9450632404112091,0.3268875519555083,0));
#8601=DIRECTION('',(0.8840132393196388,-0.46746186230279696,0));
#8602=FACE_SURFACE('',(#8607),#8603,.T.);
#8603=PLANE('',#8604);
#8604=AXIS2_PLACEMENT_3D('',#712,#8605,#8606);
#8605=DIRECTION('',(0,-0,1));
#8606=DIRECTION('',(0,1,0));
#8607=FACE_BOUND('',#8608,.T.);
#8608=EDGE_LOOP('',(#8609,#8610,#8611));
#8609=ORIENTED_EDGE('',*,*,#8612,.T.);
#8610=ORIENTED_EDGE('',*,*,#8613,.T.);
#8611=ORIENTED_EDGE('',*,*,#8614,.T.);
#8612=EDGE_CURVE('',#713,#665,#8615,.F.);
#8613=EDGE_CURVE('',#665,#669,#8616,.T.);
#8614=EDGE_CURVE('',#669,#713,#8617,.T.);
#8615=LINE('',#712,#8618);
#8616=LINE('',#664,#8619);
#8617=LINE('',#668,#8620);
#8618=VECTOR('',#8621,1.0);
#8619=VECTOR('',#8622,1.0);
#8620=VECTOR('',#8623,1.0);
#8621=DIRECTION('',(0,1,0));
#8622=DIRECTION('',(-1,0,0));
#8623=DIRECTION('',(0.3393143003631184,-0.9406730598720723,0));
#8624=FACE_SURFACE('',(#8629),#8625,.T.);
#8625=PLANE('',#8626);
#8626=AXIS2_PLACEMENT_3D('',#710,#8627,#8628);
#8627=DIRECTION('',(0,0,1));
#8628=DIRECTION('',(-0.8840132393196388,0.46746186230279696,0));
#8629=FACE_BOUND('',#8630,.T.);
#8630=EDGE_LOOP('',(#8631,#8632,#8633));
#8631=ORIENTED_EDGE('',*,*,#8634,.T.);
#8632=ORIENTED_EDGE('',*,*,#8635,.T.);
#8633=ORIENTED_EDGE('',*,*,#8636,.T.);
#8634=EDGE_CURVE('',#711,#629,#8637,.F.);
#8635=EDGE_CURVE('',#629,#713,#8638,.T.);
#8636=EDGE_CURVE('',#713,#711,#8639,.T.);
#8637=LINE('',#710,#8640);
#8638=LINE('',#628,#8641);
#8639=LINE('',#712,#8642);
#8640=VECTOR('',#8643,1.0);
#8641=VECTOR('',#8644,1.0);
#8642=VECTOR('',#8645,1.0);
#8643=DIRECTION('',(-0.8840132393196388,0.46746186230279696,0));
#8644=DIRECTION('',(-1,0,0));
#8645=DIRECTION('',(0.9777720998889982,-0.20967050502791054,0));
#8646=FACE_SURFACE('',(#8651),#8647,.T.);
#8647=PLANE('',#8648);
#8648=AXIS2_PLACEMENT_3D('',#74,#8649,#8650);
#8649=DIRECTION('',(0,-0,1));
#8650=DIRECTION('',(1,0,0));
#8651=FACE_BOUND('',#8652,.T.);
#8652=EDGE_LOOP('',(#8653,#8654,#8655));
#8653=ORIENTED_EDGE('',*,*,#8656,.T.);
#8654=ORIENTED_EDGE('',*,*,#8657,.T.);
#8655=ORIENTED_EDGE('',*,*,#8658,.T.);
#8656=EDGE_CURVE('',#75,#711,#8659,.F.);
#8657=EDGE_CURVE('',#711,#713,#8660,.T.);
#8658=EDGE_CURVE('',#713,#75,#8661,.T.);
#8659=LINE('',#74,#8662);
#8660=LINE('',#710,#8663);
#8661=LINE('',#712,#8664);
#8662=VECTOR('',#8665,1.0);
#8663=VECTOR('',#8666,1.0);
#8664=VECTOR('',#8667,1.0);
#8665=DIRECTION('',(1,0,0));
#8666=DIRECTION('',(-0.9777720998889982,0.20967050502791054,0));
#8667=DIRECTION('',(0.8840132007382153,-0.46746193526379853,0));
#8668=FACE_SURFACE('',(#8673),#8669,.T.);
#8669=PLANE('',#8670);
#8670=AXIS2_PLACEMENT_3D('',#712,#8671,#8672);
#8671=DIRECTION('',(0,0,1));
#8672=DIRECTION('',(-0.3393143003631184,0.9406730598720723,0));
#8673=FACE_BOUND('',#8674,.T.);
#8674=EDGE_LOOP('',(#8675,#8676,#8677));
#8675=ORIENTED_EDGE('',*,*,#8678,.T.);
#8676=ORIENTED_EDGE('',*,*,#8679,.T.);
#8677=ORIENTED_EDGE('',*,*,#8680,.T.);
#8678=EDGE_CURVE('',#713,#669,#8681,.F.);
#8679=EDGE_CURVE('',#669,#715,#8682,.T.);
#8680=EDGE_CURVE('',#715,#713,#8683,.T.);
#8681=LINE('',#712,#8684);
#8682=LINE('',#668,#8685);
#8683=LINE('',#714,#8686);
#8684=VECTOR('',#8687,1.0);
#8685=VECTOR('',#8688,1.0);
#8686=VECTOR('',#8689,1.0);
#8687=DIRECTION('',(-0.3393143003631184,0.9406730598720723,0));
#8688=DIRECTION('',(0,-1,0));
#8689=DIRECTION('',(1,0,0));
#8690=FACE_SURFACE('',(#8695),#8691,.T.);
#8691=PLANE('',#8692);
#8692=AXIS2_PLACEMENT_3D('',#674,#8693,#8694);
#8693=DIRECTION('',(0,0,1));
#8694=DIRECTION('',(-1,0,0));
#8695=FACE_BOUND('',#8696,.T.);
#8696=EDGE_LOOP('',(#8697,#8698,#8699));
#8697=ORIENTED_EDGE('',*,*,#8700,.T.);
#8698=ORIENTED_EDGE('',*,*,#8701,.T.);
#8699=ORIENTED_EDGE('',*,*,#8702,.T.);
#8700=EDGE_CURVE('',#675,#673,#8703,.F.);
#8701=EDGE_CURVE('',#673,#717,#8704,.T.);
#8702=EDGE_CURVE('',#717,#675,#8705,.T.);
#8703=LINE('',#674,#8706);
#8704=LINE('',#672,#8707);
#8705=LINE('',#716,#8708);
#8706=VECTOR('',#8709,1.0);
#8707=VECTOR('',#8710,1.0);
#8708=VECTOR('',#8711,1.0);
#8709=DIRECTION('',(-1,0,0));
#8710=DIRECTION('',(0,-1,0));
#8711=DIRECTION('',(0.7139010190565777,0.7002466244045594,0));
#8712=FACE_SURFACE('',(#8717),#8713,.T.);
#8713=PLANE('',#8714);
#8714=AXIS2_PLACEMENT_3D('',#74,#8715,#8716);
#8715=DIRECTION('',(0,0,1));
#8716=DIRECTION('',(-0.8840132007382153,0.46746193526379853,0));
#8717=FACE_BOUND('',#8718,.T.);
#8718=EDGE_LOOP('',(#8719,#8720,#8721));
#8719=ORIENTED_EDGE('',*,*,#8722,.T.);
#8720=ORIENTED_EDGE('',*,*,#8723,.T.);
#8721=ORIENTED_EDGE('',*,*,#8724,.T.);
#8722=EDGE_CURVE('',#75,#713,#8725,.F.);
#8723=EDGE_CURVE('',#713,#715,#8726,.T.);
#8724=EDGE_CURVE('',#715,#75,#8727,.T.);
#8725=LINE('',#74,#8728);
#8726=LINE('',#712,#8729);
#8727=LINE('',#714,#8730);
#8728=VECTOR('',#8731,1.0);
#8729=VECTOR('',#8732,1.0);
#8730=VECTOR('',#8733,1.0);
#8731=DIRECTION('',(-0.8840132007382153,0.46746193526379853,0));
#8732=DIRECTION('',(-1,0,0));
#8733=DIRECTION('',(0.9450631744474918,-0.32688774266287485,0));
#8734=FACE_SURFACE('',(#8739),#8735,.T.);
#8735=PLANE('',#8736);
#8736=AXIS2_PLACEMENT_3D('',#714,#8737,#8738);
#8737=DIRECTION('',(0,0,1));
#8738=DIRECTION('',(-1,0,0));
#8739=FACE_BOUND('',#8740,.T.);
#8740=EDGE_LOOP('',(#8741,#8742,#8743));
#8741=ORIENTED_EDGE('',*,*,#8744,.T.);
#8742=ORIENTED_EDGE('',*,*,#8745,.T.);
#8743=ORIENTED_EDGE('',*,*,#8746,.T.);
#8744=EDGE_CURVE('',#715,#675,#8747,.F.);
#8745=EDGE_CURVE('',#675,#717,#8748,.T.);
#8746=EDGE_CURVE('',#717,#715,#8749,.T.);
#8747=LINE('',#714,#8750);
#8748=LINE('',#674,#8751);
#8749=LINE('',#716,#8752);
#8750=VECTOR('',#8753,1.0);
#8751=VECTOR('',#8754,1.0);
#8752=VECTOR('',#8755,1.0);
#8753=DIRECTION('',(-1,0,0));
#8754=DIRECTION('',(-0.7139010190565777,-0.7002466244045594,0));
#8755=DIRECTION('',(0.9890182939840625,0.14779314654223508,0));
#8756=FACE_SURFACE('',(#8761),#8757,.T.);
#8757=PLANE('',#8758);
#8758=AXIS2_PLACEMENT_3D('',#718,#8759,#8760);
#8759=DIRECTION('',(0,0,1));
#8760=DIRECTION('',(0,-1,0));
#8761=FACE_BOUND('',#8762,.T.);
#8762=EDGE_LOOP('',(#8763,#8764,#8765));
#8763=ORIENTED_EDGE('',*,*,#8766,.T.);
#8764=ORIENTED_EDGE('',*,*,#8767,.T.);
#8765=ORIENTED_EDGE('',*,*,#8768,.T.);
#8766=EDGE_CURVE('',#719,#101,#8769,.F.);
#8767=EDGE_CURVE('',#101,#99,#8770,.T.);
#8768=EDGE_CURVE('',#99,#719,#8771,.T.);
#8769=LINE('',#718,#8772);
#8770=LINE('',#100,#8773);
#8771=LINE('',#98,#8774);
#8772=VECTOR('',#8775,1.0);
#8773=VECTOR('',#8776,1.0);
#8774=VECTOR('',#8777,1.0);
#8775=DIRECTION('',(0,-1,0));
#8776=DIRECTION('',(1,0,0));
#8777=DIRECTION('',(-0.15147303298000836,0.9884613903839833,0));
#8778=FACE_SURFACE('',(#8783),#8779,.T.);
#8779=PLANE('',#8780);
#8780=AXIS2_PLACEMENT_3D('',#714,#8781,#8782);
#8781=DIRECTION('',(0,0,1));
#8782=DIRECTION('',(-0.9890182939840625,-0.14779314654223508,0));
#8783=FACE_BOUND('',#8784,.T.);
#8784=EDGE_LOOP('',(#8785,#8786,#8787));
#8785=ORIENTED_EDGE('',*,*,#8788,.T.);
#8786=ORIENTED_EDGE('',*,*,#8789,.T.);
#8787=ORIENTED_EDGE('',*,*,#8790,.T.);
#8788=EDGE_CURVE('',#715,#717,#8791,.F.);
#8789=EDGE_CURVE('',#717,#719,#8792,.T.);
#8790=EDGE_CURVE('',#719,#715,#8793,.T.);
#8791=LINE('',#714,#8794);
#8792=LINE('',#716,#8795);
#8793=LINE('',#718,#8796);
#8794=VECTOR('',#8797,1.0);
#8795=VECTOR('',#8798,1.0);
#8796=VECTOR('',#8799,1.0);
#8797=DIRECTION('',(-0.9890182939840625,-0.14779314654223508,0));
#8798=DIRECTION('',(1,0,0));
#8799=DIRECTION('',(0.9429622509811811,0.33289967441333446,0));
#8800=FACE_SURFACE('',(#8805),#8801,.T.);
#8801=PLANE('',#8802);
#8802=AXIS2_PLACEMENT_3D('',#76,#8803,#8804);
#8803=DIRECTION('',(0,-0,1));
#8804=DIRECTION('',(1,0,0));
#8805=FACE_BOUND('',#8806,.T.);
#8806=EDGE_LOOP('',(#8807,#8808,#8809));
#8807=ORIENTED_EDGE('',*,*,#8810,.T.);
#8808=ORIENTED_EDGE('',*,*,#8811,.T.);
#8809=ORIENTED_EDGE('',*,*,#8812,.T.);
#8810=EDGE_CURVE('',#77,#75,#8813,.F.);
#8811=EDGE_CURVE('',#75,#715,#8814,.T.);
#8812=EDGE_CURVE('',#715,#77,#8815,.T.);
#8813=LINE('',#76,#8816);
#8814=LINE('',#74,#8817);
#8815=LINE('',#714,#8818);
#8816=VECTOR('',#8819,1.0);
#8817=VECTOR('',#8820,1.0);
#8818=VECTOR('',#8821,1.0);
#8819=DIRECTION('',(1,0,0));
#8820=DIRECTION('',(-0.9450631744474918,0.32688774266287485,0));
#8821=DIRECTION('',(0.8840134322264849,-0.4674614974980828,0));
#8822=FACE_SURFACE('',(#8827),#8823,.T.);
#8823=PLANE('',#8824);
#8824=AXIS2_PLACEMENT_3D('',#718,#8825,#8826);
#8825=DIRECTION('',(0,0,1));
#8826=DIRECTION('',(0.15147303298000836,-0.9884613903839833,0));
#8827=FACE_BOUND('',#8828,.T.);
#8828=EDGE_LOOP('',(#8829,#8830,#8831));
#8829=ORIENTED_EDGE('',*,*,#8832,.T.);
#8830=ORIENTED_EDGE('',*,*,#8833,.T.);
#8831=ORIENTED_EDGE('',*,*,#8834,.T.);
#8832=EDGE_CURVE('',#719,#99,#8835,.F.);
#8833=EDGE_CURVE('',#99,#721,#8836,.T.);
#8834=EDGE_CURVE('',#721,#719,#8837,.T.);
#8835=LINE('',#718,#8838);
#8836=LINE('',#98,#8839);
#8837=LINE('',#720,#8840);
#8838=VECTOR('',#8841,1.0);
#8839=VECTOR('',#8842,1.0);
#8840=VECTOR('',#8843,1.0);
#8841=DIRECTION('',(0.15147303298000836,-0.9884613903839833,0));
#8842=DIRECTION('',(0,1,0));
#8843=DIRECTION('',(-0.7014429098249588,0.7127256444497382,0));
#8844=FACE_SURFACE('',(#8849),#8845,.T.);
#8845=PLANE('',#8846);
#8846=AXIS2_PLACEMENT_3D('',#720,#8847,#8848);
#8847=DIRECTION('',(0,0,1));
#8848=DIRECTION('',(1,0,0));
#8849=FACE_BOUND('',#8850,.T.);
#8850=EDGE_LOOP('',(#8851,#8852,#8853));
#8851=ORIENTED_EDGE('',*,*,#8854,.T.);
#8852=ORIENTED_EDGE('',*,*,#8855,.T.);
#8853=ORIENTED_EDGE('',*,*,#8856,.T.);
#8854=EDGE_CURVE('',#721,#77,#8857,.F.);
#8855=EDGE_CURVE('',#77,#715,#8858,.T.);
#8856=EDGE_CURVE('',#715,#721,#8859,.T.);
#8857=LINE('',#720,#8860);
#8858=LINE('',#76,#8861);
#8859=LINE('',#714,#8862);
#8860=VECTOR('',#8863,1.0);
#8861=VECTOR('',#8864,1.0);
#8862=VECTOR('',#8865,1.0);
#8863=DIRECTION('',(1,0,0));
#8864=DIRECTION('',(-0.8840134322264849,0.4674614974980828,0));
#8865=DIRECTION('',(-0.6611309432216249,-0.7502705351504113,0));
#8866=FACE_SURFACE('',(#8871),#8867,.T.);
#8867=PLANE('',#8868);
#8868=AXIS2_PLACEMENT_3D('',#714,#8869,#8870);
#8869=DIRECTION('',(0,0,1));
#8870=DIRECTION('',(-0.9429622509811811,-0.33289967441333446,0));
#8871=FACE_BOUND('',#8872,.T.);
#8872=EDGE_LOOP('',(#8873,#8874,#8875));
#8873=ORIENTED_EDGE('',*,*,#8876,.T.);
#8874=ORIENTED_EDGE('',*,*,#8877,.T.);
#8875=ORIENTED_EDGE('',*,*,#8878,.T.);
#8876=EDGE_CURVE('',#715,#719,#8879,.F.);
#8877=EDGE_CURVE('',#719,#721,#8880,.T.);
#8878=EDGE_CURVE('',#721,#715,#8881,.T.);
#8879=LINE('',#714,#8882);
#8880=LINE('',#718,#8883);
#8881=LINE('',#720,#8884);
#8882=VECTOR('',#8885,1.0);
#8883=VECTOR('',#8886,1.0);
#8884=VECTOR('',#8887,1.0);
#8885=DIRECTION('',(-0.9429622509811811,-0.33289967441333446,0));
#8886=DIRECTION('',(0.7014429098249588,-0.7127256444497382,0));
#8887=DIRECTION('',(0.6611309432216249,0.7502705351504113,0));
#8888=FACE_SURFACE('',(#8893),#8889,.T.);
#8889=PLANE('',#8890);
#8890=AXIS2_PLACEMENT_3D('',#674,#8891,#8892);
#8891=DIRECTION('',(1,0,0));
#8892=DIRECTION('',(0,0,-1));
#8893=FACE_BOUND('',#8894,.T.);
#8894=EDGE_LOOP('',(#8895,#8896,#8897));
#8895=ORIENTED_EDGE('',*,*,#8898,.T.);
#8896=ORIENTED_EDGE('',*,*,#8899,.T.);
#8897=ORIENTED_EDGE('',*,*,#8900,.T.);
#8898=EDGE_CURVE('',#675,#723,#8901,.F.);
#8899=EDGE_CURVE('',#723,#299,#8902,.T.);
#8900=EDGE_CURVE('',#299,#675,#8903,.T.);
#8901=LINE('',#674,#8904);
#8902=LINE('',#722,#8905);
#8903=LINE('',#298,#8906);
#8904=VECTOR('',#8907,1.0);
#8905=VECTOR('',#8908,1.0);
#8906=VECTOR('',#8909,1.0);
#8907=DIRECTION('',(0,0,-1));
#8908=DIRECTION('',(0,1,0));
#8909=DIRECTION('',(0,-0.9778024423449665,0.2095289568155643));
#8910=FACE_SURFACE('',(#8915),#8911,.T.);
#8911=PLANE('',#8912);
#8912=AXIS2_PLACEMENT_3D('',#674,#8913,#8914);
#8913=DIRECTION('',(1,-0,0));
#8914=DIRECTION('',(0,0.9778024423449665,-0.2095289568155643));
#8915=FACE_BOUND('',#8916,.T.);
#8916=EDGE_LOOP('',(#8917,#8918,#8919));
#8917=ORIENTED_EDGE('',*,*,#8920,.T.);
#8918=ORIENTED_EDGE('',*,*,#8921,.T.);
#8919=ORIENTED_EDGE('',*,*,#8922,.T.);
#8920=EDGE_CURVE('',#675,#299,#8923,.F.);
#8921=EDGE_CURVE('',#299,#677,#8924,.T.);
#8922=EDGE_CURVE('',#677,#675,#8925,.T.);
#8923=LINE('',#674,#8926);
#8924=LINE('',#298,#8927);
#8925=LINE('',#676,#8928);
#8926=VECTOR('',#8929,1.0);
#8927=VECTOR('',#8930,1.0);
#8928=VECTOR('',#8931,1.0);
#8929=DIRECTION('',(0,0.9778024423449665,-0.2095289568155643));
#8930=DIRECTION('',(0,0,1));
#8931=DIRECTION('',(0,-1,0));
#8932=FACE_SURFACE('',(#8937),#8933,.T.);
#8933=PLANE('',#8934);
#8934=AXIS2_PLACEMENT_3D('',#280,#8935,#8936);
#8935=DIRECTION('',(0,1,0));
#8936=DIRECTION('',(-1,0,0));
#8937=FACE_BOUND('',#8938,.T.);
#8938=EDGE_LOOP('',(#8939,#8940,#8941));
#8939=ORIENTED_EDGE('',*,*,#8942,.T.);
#8940=ORIENTED_EDGE('',*,*,#8943,.T.);
#8941=ORIENTED_EDGE('',*,*,#8944,.T.);
#8942=EDGE_CURVE('',#281,#273,#8945,.F.);
#8943=EDGE_CURVE('',#273,#533,#8946,.T.);
#8944=EDGE_CURVE('',#533,#281,#8947,.T.);
#8945=LINE('',#280,#8948);
#8946=LINE('',#272,#8949);
#8947=LINE('',#532,#8950);
#8948=VECTOR('',#8951,1.0);
#8949=VECTOR('',#8952,1.0);
#8950=VECTOR('',#8953,1.0);
#8951=DIRECTION('',(-1,0,0));
#8952=DIRECTION('',(0,0,1));
#8953=DIRECTION('',(0.9778024043299637,0,-0.20952913421894873));
#8954=FACE_SURFACE('',(#8959),#8955,.T.);
#8955=PLANE('',#8956);
#8956=AXIS2_PLACEMENT_3D('',#280,#8957,#8958);
#8957=DIRECTION('',(0,1,-0));
#8958=DIRECTION('',(-0.9778024043299637,0,0.20952913421894873));
#8959=FACE_BOUND('',#8960,.T.);
#8960=EDGE_LOOP('',(#8961,#8962,#8963));
#8961=ORIENTED_EDGE('',*,*,#8964,.T.);
#8962=ORIENTED_EDGE('',*,*,#8965,.T.);
#8963=ORIENTED_EDGE('',*,*,#8966,.T.);
#8964=EDGE_CURVE('',#281,#533,#8967,.F.);
#8965=EDGE_CURVE('',#533,#531,#8968,.T.);
#8966=EDGE_CURVE('',#531,#281,#8969,.T.);
#8967=LINE('',#280,#8970);
#8968=LINE('',#532,#8971);
#8969=LINE('',#530,#8972);
#8970=VECTOR('',#8973,1.0);
#8971=VECTOR('',#8974,1.0);
#8972=VECTOR('',#8975,1.0);
#8973=DIRECTION('',(-0.9778024043299637,0,0.20952913421894873));
#8974=DIRECTION('',(1,0,0));
#8975=DIRECTION('',(0,0,-1));
#8976=FACE_SURFACE('',(#8981),#8977,.T.);
#8977=PLANE('',#8978);
#8978=AXIS2_PLACEMENT_3D('',#532,#8979,#8980);
#8979=DIRECTION('',(1,0,0));
#8980=DIRECTION('',(0,0,-1));
#8981=FACE_BOUND('',#8982,.T.);
#8982=EDGE_LOOP('',(#8983,#8984,#8985));
#8983=ORIENTED_EDGE('',*,*,#8986,.T.);
#8984=ORIENTED_EDGE('',*,*,#8987,.T.);
#8985=ORIENTED_EDGE('',*,*,#8988,.T.);
#8986=EDGE_CURVE('',#533,#273,#8989,.F.);
#8987=EDGE_CURVE('',#273,#725,#8990,.T.);
#8988=EDGE_CURVE('',#725,#533,#8991,.T.);
#8989=LINE('',#532,#8992);
#8990=LINE('',#272,#8993);
#8991=LINE('',#724,#8994);
#8992=VECTOR('',#8995,1.0);
#8993=VECTOR('',#8996,1.0);
#8994=VECTOR('',#8997,1.0);
#8995=DIRECTION('',(0,0,-1));
#8996=DIRECTION('',(0,1,0));
#8997=DIRECTION('',(0,-0.977802427723823,0.2095290250476005));
#8998=FACE_SURFACE('',(#9003),#8999,.T.);
#8999=PLANE('',#9000);
#9000=AXIS2_PLACEMENT_3D('',#532,#9001,#9002);
#9001=DIRECTION('',(1,-0,0));
#9002=DIRECTION('',(0,0.977802427723823,-0.2095290250476005));
#9003=FACE_BOUND('',#9004,.T.);
#9004=EDGE_LOOP('',(#9005,#9006,#9007));
#9005=ORIENTED_EDGE('',*,*,#9008,.T.);
#9006=ORIENTED_EDGE('',*,*,#9009,.T.);
#9007=ORIENTED_EDGE('',*,*,#9010,.T.);
#9008=EDGE_CURVE('',#533,#725,#9011,.F.);
#9009=EDGE_CURVE('',#725,#727,#9012,.T.);
#9010=EDGE_CURVE('',#727,#533,#9013,.T.);
#9011=LINE('',#532,#9014);
#9012=LINE('',#724,#9015);
#9013=LINE('',#726,#9016);
#9014=VECTOR('',#9017,1.0);
#9015=VECTOR('',#9018,1.0);
#9016=VECTOR('',#9019,1.0);
#9017=DIRECTION('',(0,0.977802427723823,-0.2095290250476005));
#9018=DIRECTION('',(0,0,1));
#9019=DIRECTION('',(0,-1,0));
#9020=FACE_SURFACE('',(#9025),#9021,.T.);
#9021=PLANE('',#9022);
#9022=AXIS2_PLACEMENT_3D('',#260,#9023,#9024);
#9023=DIRECTION('',(-1,0,0));
#9024=DIRECTION('',(0,-1,0));
#9025=FACE_BOUND('',#9026,.T.);
#9026=EDGE_LOOP('',(#9027,#9028,#9029));
#9027=ORIENTED_EDGE('',*,*,#9030,.T.);
#9028=ORIENTED_EDGE('',*,*,#9031,.T.);
#9029=ORIENTED_EDGE('',*,*,#9032,.T.);
#9030=EDGE_CURVE('',#261,#729,#9033,.F.);
#9031=EDGE_CURVE('',#729,#539,#9034,.T.);
#9032=EDGE_CURVE('',#539,#261,#9035,.T.);
#9033=LINE('',#260,#9036);
#9034=LINE('',#728,#9037);
#9035=LINE('',#538,#9038);
#9036=VECTOR('',#9039,1.0);
#9037=VECTOR('',#9040,1.0);
#9038=VECTOR('',#9041,1.0);
#9039=DIRECTION('',(0,-1,0));
#9040=DIRECTION('',(0,0,1));
#9041=DIRECTION('',(0,0.977802427723823,-0.2095290250476005));
#9042=FACE_SURFACE('',(#9047),#9043,.T.);
#9043=PLANE('',#9044);
#9044=AXIS2_PLACEMENT_3D('',#260,#9045,#9046);
#9045=DIRECTION('',(-1,0,0));
#9046=DIRECTION('',(0,-0.977802427723823,0.2095290250476005));
#9047=FACE_BOUND('',#9048,.T.);
#9048=EDGE_LOOP('',(#9049,#9050,#9051));
#9049=ORIENTED_EDGE('',*,*,#9052,.T.);
#9050=ORIENTED_EDGE('',*,*,#9053,.T.);
#9051=ORIENTED_EDGE('',*,*,#9054,.T.);
#9052=EDGE_CURVE('',#261,#539,#9055,.F.);
#9053=EDGE_CURVE('',#539,#503,#9056,.T.);
#9054=EDGE_CURVE('',#503,#261,#9057,.T.);
#9055=LINE('',#260,#9058);
#9056=LINE('',#538,#9059);
#9057=LINE('',#502,#9060);
#9058=VECTOR('',#9061,1.0);
#9059=VECTOR('',#9062,1.0);
#9060=VECTOR('',#9063,1.0);
#9061=DIRECTION('',(0,-0.977802427723823,0.2095290250476005));
#9062=DIRECTION('',(0,1,0));
#9063=DIRECTION('',(0,0,-1));
#9064=FACE_SURFACE('',(#9069),#9065,.T.);
#9065=PLANE('',#9066);
#9066=AXIS2_PLACEMENT_3D('',#730,#9067,#9068);
#9067=DIRECTION('',(-1,0,0));
#9068=DIRECTION('',(0,-1,0));
#9069=FACE_BOUND('',#9070,.T.);
#9070=EDGE_LOOP('',(#9071,#9072,#9073));
#9071=ORIENTED_EDGE('',*,*,#9074,.T.);
#9072=ORIENTED_EDGE('',*,*,#9075,.T.);
#9073=ORIENTED_EDGE('',*,*,#9076,.T.);
#9074=EDGE_CURVE('',#731,#281,#9077,.F.);
#9075=EDGE_CURVE('',#281,#531,#9078,.T.);
#9076=EDGE_CURVE('',#531,#731,#9079,.T.);
#9077=LINE('',#730,#9080);
#9078=LINE('',#280,#9081);
#9079=LINE('',#530,#9082);
#9080=VECTOR('',#9083,1.0);
#9081=VECTOR('',#9084,1.0);
#9082=VECTOR('',#9085,1.0);
#9083=DIRECTION('',(0,-1,0));
#9084=DIRECTION('',(0,0,1));
#9085=DIRECTION('',(0,0.977802427723823,-0.2095290250476005));
#9086=FACE_SURFACE('',(#9091),#9087,.T.);
#9087=PLANE('',#9088);
#9088=AXIS2_PLACEMENT_3D('',#730,#9089,#9090);
#9089=DIRECTION('',(-1,0,0));
#9090=DIRECTION('',(0,-0.977802427723823,0.2095290250476005));
#9091=FACE_BOUND('',#9092,.T.);
#9092=EDGE_LOOP('',(#9093,#9094,#9095));
#9093=ORIENTED_EDGE('',*,*,#9096,.T.);
#9094=ORIENTED_EDGE('',*,*,#9097,.T.);
#9095=ORIENTED_EDGE('',*,*,#9098,.T.);
#9096=EDGE_CURVE('',#731,#531,#9099,.F.);
#9097=EDGE_CURVE('',#531,#529,#9100,.T.);
#9098=EDGE_CURVE('',#529,#731,#9101,.T.);
#9099=LINE('',#730,#9102);
#9100=LINE('',#530,#9103);
#9101=LINE('',#528,#9104);
#9102=VECTOR('',#9105,1.0);
#9103=VECTOR('',#9106,1.0);
#9104=VECTOR('',#9107,1.0);
#9105=DIRECTION('',(0,-0.977802427723823,0.2095290250476005));
#9106=DIRECTION('',(0,1,0));
#9107=DIRECTION('',(0,0,-1));
#9108=FACE_SURFACE('',(#9113),#9109,.T.);
#9109=PLANE('',#9110);
#9110=AXIS2_PLACEMENT_3D('',#726,#9111,#9112);
#9111=DIRECTION('',(0,-1,0));
#9112=DIRECTION('',(0,0,-1));
#9113=FACE_BOUND('',#9114,.T.);
#9114=EDGE_LOOP('',(#9115,#9116,#9117));
#9115=ORIENTED_EDGE('',*,*,#9118,.T.);
#9116=ORIENTED_EDGE('',*,*,#9119,.T.);
#9117=ORIENTED_EDGE('',*,*,#9120,.T.);
#9118=EDGE_CURVE('',#727,#725,#9121,.F.);
#9119=EDGE_CURVE('',#725,#731,#9122,.T.);
#9120=EDGE_CURVE('',#731,#727,#9123,.T.);
#9121=LINE('',#726,#9124);
#9122=LINE('',#724,#9125);
#9123=LINE('',#730,#9126);
#9124=VECTOR('',#9127,1.0);
#9125=VECTOR('',#9128,1.0);
#9126=VECTOR('',#9129,1.0);
#9127=DIRECTION('',(0,0,-1));
#9128=DIRECTION('',(1,0,0));
#9129=DIRECTION('',(-0.9778024043299637,0,0.20952913421894873));
#9130=FACE_SURFACE('',(#9135),#9131,.T.);
#9131=PLANE('',#9132);
#9132=AXIS2_PLACEMENT_3D('',#726,#9133,#9134);
#9133=DIRECTION('',(0,-1,0));
#9134=DIRECTION('',(0.9778024043299637,0,-0.20952913421894873));
#9135=FACE_BOUND('',#9136,.T.);
#9136=EDGE_LOOP('',(#9137,#9138,#9139));
#9137=ORIENTED_EDGE('',*,*,#9140,.T.);
#9138=ORIENTED_EDGE('',*,*,#9141,.T.);
#9139=ORIENTED_EDGE('',*,*,#9142,.T.);
#9140=EDGE_CURVE('',#727,#731,#9143,.F.);
#9141=EDGE_CURVE('',#731,#529,#9144,.T.);
#9142=EDGE_CURVE('',#529,#727,#9145,.T.);
#9143=LINE('',#726,#9146);
#9144=LINE('',#730,#9147);
#9145=LINE('',#528,#9148);
#9146=VECTOR('',#9149,1.0);
#9147=VECTOR('',#9150,1.0);
#9148=VECTOR('',#9151,1.0);
#9149=DIRECTION('',(0.9778024043299637,0,-0.20952913421894873));
#9150=DIRECTION('',(0,0,1));
#9151=DIRECTION('',(-1,0,0));
#9152=FACE_SURFACE('',(#9157),#9153,.T.);
#9153=PLANE('',#9154);
#9154=AXIS2_PLACEMENT_3D('',#558,#9155,#9156);
#9155=DIRECTION('',(1,0,0));
#9156=DIRECTION('',(0,0,-1));
#9157=FACE_BOUND('',#9158,.T.);
#9158=EDGE_LOOP('',(#9159,#9160,#9161));
#9159=ORIENTED_EDGE('',*,*,#9162,.T.);
#9160=ORIENTED_EDGE('',*,*,#9163,.T.);
#9161=ORIENTED_EDGE('',*,*,#9164,.T.);
#9162=EDGE_CURVE('',#559,#289,#9165,.F.);
#9163=EDGE_CURVE('',#289,#733,#9166,.T.);
#9164=EDGE_CURVE('',#733,#559,#9167,.T.);
#9165=LINE('',#558,#9168);
#9166=LINE('',#288,#9169);
#9167=LINE('',#732,#9170);
#9168=VECTOR('',#9171,1.0);
#9169=VECTOR('',#9172,1.0);
#9170=VECTOR('',#9173,1.0);
#9171=DIRECTION('',(0,0,-1));
#9172=DIRECTION('',(0,1,0));
#9173=DIRECTION('',(0,-0.977802427723823,0.2095290250476005));
#9174=FACE_SURFACE('',(#9179),#9175,.T.);
#9175=PLANE('',#9176);
#9176=AXIS2_PLACEMENT_3D('',#558,#9177,#9178);
#9177=DIRECTION('',(1,-0,0));
#9178=DIRECTION('',(0,0.977802427723823,-0.2095290250476005));
#9179=FACE_BOUND('',#9180,.T.);
#9180=EDGE_LOOP('',(#9181,#9182,#9183));
#9181=ORIENTED_EDGE('',*,*,#9184,.T.);
#9182=ORIENTED_EDGE('',*,*,#9185,.T.);
#9183=ORIENTED_EDGE('',*,*,#9186,.T.);
#9184=EDGE_CURVE('',#559,#733,#9187,.F.);
#9185=EDGE_CURVE('',#733,#735,#9188,.T.);
#9186=EDGE_CURVE('',#735,#559,#9189,.T.);
#9187=LINE('',#558,#9190);
#9188=LINE('',#732,#9191);
#9189=LINE('',#734,#9192);
#9190=VECTOR('',#9193,1.0);
#9191=VECTOR('',#9194,1.0);
#9192=VECTOR('',#9195,1.0);
#9193=DIRECTION('',(0,0.977802427723823,-0.2095290250476005));
#9194=DIRECTION('',(0,0,1));
#9195=DIRECTION('',(0,-1,0));
#9196=FACE_SURFACE('',(#9201),#9197,.T.);
#9197=PLANE('',#9198);
#9198=AXIS2_PLACEMENT_3D('',#526,#9199,#9200);
#9199=DIRECTION('',(0,-1,0));
#9200=DIRECTION('',(0,0,-1));
#9201=FACE_BOUND('',#9202,.T.);
#9202=EDGE_LOOP('',(#9203,#9204,#9205));
#9203=ORIENTED_EDGE('',*,*,#9206,.T.);
#9204=ORIENTED_EDGE('',*,*,#9207,.T.);
#9205=ORIENTED_EDGE('',*,*,#9208,.T.);
#9206=EDGE_CURVE('',#527,#737,#9209,.F.);
#9207=EDGE_CURVE('',#737,#739,#9210,.T.);
#9208=EDGE_CURVE('',#739,#527,#9211,.T.);
#9209=LINE('',#526,#9212);
#9210=LINE('',#736,#9213);
#9211=LINE('',#738,#9214);
#9212=VECTOR('',#9215,1.0);
#9213=VECTOR('',#9216,1.0);
#9214=VECTOR('',#9217,1.0);
#9215=DIRECTION('',(0,0,-1));
#9216=DIRECTION('',(1,0,0));
#9217=DIRECTION('',(-0.9778024511176456,0,0.20952891587636344));
#9218=FACE_SURFACE('',(#9223),#9219,.T.);
#9219=PLANE('',#9220);
#9220=AXIS2_PLACEMENT_3D('',#526,#9221,#9222);
#9221=DIRECTION('',(0,-1,0));
#9222=DIRECTION('',(0.9778024511176456,0,-0.20952891587636344));
#9223=FACE_BOUND('',#9224,.T.);
#9224=EDGE_LOOP('',(#9225,#9226,#9227));
#9225=ORIENTED_EDGE('',*,*,#9228,.T.);
#9226=ORIENTED_EDGE('',*,*,#9229,.T.);
#9227=ORIENTED_EDGE('',*,*,#9230,.T.);
#9228=EDGE_CURVE('',#527,#739,#9231,.F.);
#9229=EDGE_CURVE('',#739,#741,#9232,.T.);
#9230=EDGE_CURVE('',#741,#527,#9233,.T.);
#9231=LINE('',#526,#9234);
#9232=LINE('',#738,#9235);
#9233=LINE('',#740,#9236);
#9234=VECTOR('',#9237,1.0);
#9235=VECTOR('',#9238,1.0);
#9236=VECTOR('',#9239,1.0);
#9237=DIRECTION('',(0.9778024511176456,0,-0.20952891587636344));
#9238=DIRECTION('',(0,0,1));
#9239=DIRECTION('',(-1,0,0));
#9240=FACE_SURFACE('',(#9245),#9241,.T.);
#9241=PLANE('',#9242);
#9242=AXIS2_PLACEMENT_3D('',#274,#9243,#9244);
#9243=DIRECTION('',(-1,0,0));
#9244=DIRECTION('',(0,-1,0));
#9245=FACE_BOUND('',#9246,.T.);
#9246=EDGE_LOOP('',(#9247,#9248,#9249));
#9247=ORIENTED_EDGE('',*,*,#9250,.T.);
#9248=ORIENTED_EDGE('',*,*,#9251,.T.);
#9249=ORIENTED_EDGE('',*,*,#9252,.T.);
#9250=EDGE_CURVE('',#275,#283,#9253,.F.);
#9251=EDGE_CURVE('',#283,#565,#9254,.T.);
#9252=EDGE_CURVE('',#565,#275,#9255,.T.);
#9253=LINE('',#274,#9256);
#9254=LINE('',#282,#9257);
#9255=LINE('',#564,#9258);
#9256=VECTOR('',#9259,1.0);
#9257=VECTOR('',#9260,1.0);
#9258=VECTOR('',#9261,1.0);
#9259=DIRECTION('',(0,-1,0));
#9260=DIRECTION('',(0,0,1));
#9261=DIRECTION('',(0,0.9619248775170636,-0.2733139769821189));
#9262=FACE_SURFACE('',(#9267),#9263,.T.);
#9263=PLANE('',#9264);
#9264=AXIS2_PLACEMENT_3D('',#564,#9265,#9266);
#9265=DIRECTION('',(-1,0,0));
#9266=DIRECTION('',(0,1,0));
#9267=FACE_BOUND('',#9268,.T.);
#9268=EDGE_LOOP('',(#9269,#9270,#9271));
#9269=ORIENTED_EDGE('',*,*,#9272,.T.);
#9270=ORIENTED_EDGE('',*,*,#9273,.T.);
#9271=ORIENTED_EDGE('',*,*,#9274,.T.);
#9272=EDGE_CURVE('',#565,#563,#9275,.F.);
#9273=EDGE_CURVE('',#563,#743,#9276,.T.);
#9274=EDGE_CURVE('',#743,#565,#9277,.T.);
#9275=LINE('',#564,#9278);
#9276=LINE('',#562,#9279);
#9277=LINE('',#742,#9280);
#9278=VECTOR('',#9281,1.0);
#9279=VECTOR('',#9282,1.0);
#9280=VECTOR('',#9283,1.0);
#9281=DIRECTION('',(0,1,0));
#9282=DIRECTION('',(0,0,-1));
#9283=DIRECTION('',(0,-0.977802427723823,0.2095290250476005));
#9284=FACE_SURFACE('',(#9289),#9285,.T.);
#9285=PLANE('',#9286);
#9286=AXIS2_PLACEMENT_3D('',#274,#9287,#9288);
#9287=DIRECTION('',(-1,0,0));
#9288=DIRECTION('',(0,-0.9619248775170636,0.2733139769821189));
#9289=FACE_BOUND('',#9290,.T.);
#9290=EDGE_LOOP('',(#9291,#9292,#9293));
#9291=ORIENTED_EDGE('',*,*,#9294,.T.);
#9292=ORIENTED_EDGE('',*,*,#9295,.T.);
#9293=ORIENTED_EDGE('',*,*,#9296,.T.);
#9294=EDGE_CURVE('',#275,#565,#9297,.F.);
#9295=EDGE_CURVE('',#565,#743,#9298,.T.);
#9296=EDGE_CURVE('',#743,#275,#9299,.T.);
#9297=LINE('',#274,#9300);
#9298=LINE('',#564,#9301);
#9299=LINE('',#742,#9302);
#9300=VECTOR('',#9303,1.0);
#9301=VECTOR('',#9304,1.0);
#9302=VECTOR('',#9305,1.0);
#9303=DIRECTION('',(0,-0.9619248775170636,0.2733139769821189));
#9304=DIRECTION('',(0,0.977802427723823,-0.2095290250476005));
#9305=DIRECTION('',(0,-1,0));
#9306=FACE_SURFACE('',(#9311),#9307,.T.);
#9307=PLANE('',#9308);
#9308=AXIS2_PLACEMENT_3D('',#286,#9309,#9310);
#9309=DIRECTION('',(0,1,0));
#9310=DIRECTION('',(-1,0,0));
#9311=FACE_BOUND('',#9312,.T.);
#9312=EDGE_LOOP('',(#9313,#9314,#9315));
#9313=ORIENTED_EDGE('',*,*,#9316,.T.);
#9314=ORIENTED_EDGE('',*,*,#9317,.T.);
#9315=ORIENTED_EDGE('',*,*,#9318,.T.);
#9316=EDGE_CURVE('',#287,#285,#9319,.F.);
#9317=EDGE_CURVE('',#285,#525,#9320,.T.);
#9318=EDGE_CURVE('',#525,#287,#9321,.T.);
#9319=LINE('',#286,#9322);
#9320=LINE('',#284,#9323);
#9321=LINE('',#524,#9324);
#9322=VECTOR('',#9325,1.0);
#9323=VECTOR('',#9326,1.0);
#9324=VECTOR('',#9327,1.0);
#9325=DIRECTION('',(-1,0,0));
#9326=DIRECTION('',(0,0,1));
#9327=DIRECTION('',(0.9778024511176456,0,-0.20952891587636344));
#9328=FACE_SURFACE('',(#9333),#9329,.T.);
#9329=PLANE('',#9330);
#9330=AXIS2_PLACEMENT_3D('',#286,#9331,#9332);
#9331=DIRECTION('',(0,1,-0));
#9332=DIRECTION('',(-0.9778024511176456,0,0.20952891587636344));
#9333=FACE_BOUND('',#9334,.T.);
#9334=EDGE_LOOP('',(#9335,#9336,#9337));
#9335=ORIENTED_EDGE('',*,*,#9338,.T.);
#9336=ORIENTED_EDGE('',*,*,#9339,.T.);
#9337=ORIENTED_EDGE('',*,*,#9340,.T.);
#9338=EDGE_CURVE('',#287,#525,#9341,.F.);
#9339=EDGE_CURVE('',#525,#547,#9342,.T.);
#9340=EDGE_CURVE('',#547,#287,#9343,.T.);
#9341=LINE('',#286,#9344);
#9342=LINE('',#524,#9345);
#9343=LINE('',#546,#9346);
#9344=VECTOR('',#9347,1.0);
#9345=VECTOR('',#9348,1.0);
#9346=VECTOR('',#9349,1.0);
#9347=DIRECTION('',(-0.9778024511176456,0,0.20952891587636344));
#9348=DIRECTION('',(1,0,0));
#9349=DIRECTION('',(0,0,-1));
#9350=FACE_SURFACE('',(#9355),#9351,.T.);
#9351=PLANE('',#9352);
#9352=AXIS2_PLACEMENT_3D('',#738,#9353,#9354);
#9353=DIRECTION('',(-1,0,0));
#9354=DIRECTION('',(0,-1,0));
#9355=FACE_BOUND('',#9356,.T.);
#9356=EDGE_LOOP('',(#9357,#9358,#9359));
#9357=ORIENTED_EDGE('',*,*,#9360,.T.);
#9358=ORIENTED_EDGE('',*,*,#9361,.T.);
#9359=ORIENTED_EDGE('',*,*,#9362,.T.);
#9360=EDGE_CURVE('',#739,#287,#9363,.F.);
#9361=EDGE_CURVE('',#287,#547,#9364,.T.);
#9362=EDGE_CURVE('',#547,#739,#9365,.T.);
#9363=LINE('',#738,#9366);
#9364=LINE('',#286,#9367);
#9365=LINE('',#546,#9368);
#9366=VECTOR('',#9369,1.0);
#9367=VECTOR('',#9370,1.0);
#9368=VECTOR('',#9371,1.0);
#9369=DIRECTION('',(0,-1,0));
#9370=DIRECTION('',(0,0,1));
#9371=DIRECTION('',(0,0.977802427723823,-0.2095290250476005));
#9372=FACE_SURFACE('',(#9377),#9373,.T.);
#9373=PLANE('',#9374);
#9374=AXIS2_PLACEMENT_3D('',#738,#9375,#9376);
#9375=DIRECTION('',(-1,0,0));
#9376=DIRECTION('',(0,-0.977802427723823,0.2095290250476005));
#9377=FACE_BOUND('',#9378,.T.);
#9378=EDGE_LOOP('',(#9379,#9380,#9381));
#9379=ORIENTED_EDGE('',*,*,#9382,.T.);
#9380=ORIENTED_EDGE('',*,*,#9383,.T.);
#9381=ORIENTED_EDGE('',*,*,#9384,.T.);
#9382=EDGE_CURVE('',#739,#547,#9385,.F.);
#9383=EDGE_CURVE('',#547,#741,#9386,.T.);
#9384=EDGE_CURVE('',#741,#739,#9387,.T.);
#9385=LINE('',#738,#9388);
#9386=LINE('',#546,#9389);
#9387=LINE('',#740,#9390);
#9388=VECTOR('',#9391,1.0);
#9389=VECTOR('',#9392,1.0);
#9390=VECTOR('',#9393,1.0);
#9391=DIRECTION('',(0,-0.977802427723823,0.2095290250476005));
#9392=DIRECTION('',(0,1,0));
#9393=DIRECTION('',(0,0,-1));
#9394=FACE_SURFACE('',(#9399),#9395,.T.);
#9395=PLANE('',#9396);
#9396=AXIS2_PLACEMENT_3D('',#540,#9397,#9398);
#9397=DIRECTION('',(1,0,0));
#9398=DIRECTION('',(0,0,-1));
#9399=FACE_BOUND('',#9400,.T.);
#9400=EDGE_LOOP('',(#9401,#9402,#9403));
#9401=ORIENTED_EDGE('',*,*,#9404,.T.);
#9402=ORIENTED_EDGE('',*,*,#9405,.T.);
#9403=ORIENTED_EDGE('',*,*,#9406,.T.);
#9404=EDGE_CURVE('',#541,#745,#9407,.F.);
#9405=EDGE_CURVE('',#745,#253,#9408,.T.);
#9406=EDGE_CURVE('',#253,#541,#9409,.T.);
#9407=LINE('',#540,#9410);
#9408=LINE('',#744,#9411);
#9409=LINE('',#252,#9412);
#9410=VECTOR('',#9413,1.0);
#9411=VECTOR('',#9414,1.0);
#9412=VECTOR('',#9415,1.0);
#9413=DIRECTION('',(0,0,-1));
#9414=DIRECTION('',(0,1,0));
#9415=DIRECTION('',(0,-0.977802427723823,0.2095290250476005));
#9416=FACE_SURFACE('',(#9421),#9417,.T.);
#9417=PLANE('',#9418);
#9418=AXIS2_PLACEMENT_3D('',#540,#9419,#9420);
#9419=DIRECTION('',(1,-0,0));
#9420=DIRECTION('',(0,0.977802427723823,-0.2095290250476005));
#9421=FACE_BOUND('',#9422,.T.);
#9422=EDGE_LOOP('',(#9423,#9424,#9425));
#9423=ORIENTED_EDGE('',*,*,#9426,.T.);
#9424=ORIENTED_EDGE('',*,*,#9427,.T.);
#9425=ORIENTED_EDGE('',*,*,#9428,.T.);
#9426=EDGE_CURVE('',#541,#253,#9429,.F.);
#9427=EDGE_CURVE('',#253,#543,#9430,.T.);
#9428=EDGE_CURVE('',#543,#541,#9431,.T.);
#9429=LINE('',#540,#9432);
#9430=LINE('',#252,#9433);
#9431=LINE('',#542,#9434);
#9432=VECTOR('',#9435,1.0);
#9433=VECTOR('',#9436,1.0);
#9434=VECTOR('',#9437,1.0);
#9435=DIRECTION('',(0,0.977802427723823,-0.2095290250476005));
#9436=DIRECTION('',(0,0,1));
#9437=DIRECTION('',(0,-1,0));
#9438=FACE_SURFACE('',(#9443),#9439,.T.);
#9439=PLANE('',#9440);
#9440=AXIS2_PLACEMENT_3D('',#282,#9441,#9442);
#9441=DIRECTION('',(0,1,0));
#9442=DIRECTION('',(-1,0,0));
#9443=FACE_BOUND('',#9444,.T.);
#9444=EDGE_LOOP('',(#9445,#9446,#9447));
#9445=ORIENTED_EDGE('',*,*,#9448,.T.);
#9446=ORIENTED_EDGE('',*,*,#9449,.T.);
#9447=ORIENTED_EDGE('',*,*,#9450,.T.);
#9448=EDGE_CURVE('',#283,#289,#9451,.F.);
#9449=EDGE_CURVE('',#289,#559,#9452,.T.);
#9450=EDGE_CURVE('',#559,#283,#9453,.T.);
#9451=LINE('',#282,#9454);
#9452=LINE('',#288,#9455);
#9453=LINE('',#558,#9456);
#9454=VECTOR('',#9457,1.0);
#9455=VECTOR('',#9458,1.0);
#9456=VECTOR('',#9459,1.0);
#9457=DIRECTION('',(-1,0,0));
#9458=DIRECTION('',(0,0,1));
#9459=DIRECTION('',(0.9778024394207389,0,-0.20952897046196806));
#9460=FACE_SURFACE('',(#9465),#9461,.T.);
#9461=PLANE('',#9462);
#9462=AXIS2_PLACEMENT_3D('',#282,#9463,#9464);
#9463=DIRECTION('',(0,1,-0));
#9464=DIRECTION('',(-0.9778024394207389,0,0.20952897046196806));
#9465=FACE_BOUND('',#9466,.T.);
#9466=EDGE_LOOP('',(#9467,#9468,#9469));
#9467=ORIENTED_EDGE('',*,*,#9470,.T.);
#9468=ORIENTED_EDGE('',*,*,#9471,.T.);
#9469=ORIENTED_EDGE('',*,*,#9472,.T.);
#9470=EDGE_CURVE('',#283,#559,#9473,.F.);
#9471=EDGE_CURVE('',#559,#565,#9474,.T.);
#9472=EDGE_CURVE('',#565,#283,#9475,.T.);
#9473=LINE('',#282,#9476);
#9474=LINE('',#558,#9477);
#9475=LINE('',#564,#9478);
#9476=VECTOR('',#9479,1.0);
#9477=VECTOR('',#9480,1.0);
#9478=VECTOR('',#9481,1.0);
#9479=DIRECTION('',(-0.9778024394207389,0,0.20952897046196806));
#9480=DIRECTION('',(1,0,0));
#9481=DIRECTION('',(0,0,-1));
#9482=FACE_SURFACE('',(#9487),#9483,.T.);
#9483=PLANE('',#9484);
#9484=AXIS2_PLACEMENT_3D('',#734,#9485,#9486);
#9485=DIRECTION('',(0,-1,0));
#9486=DIRECTION('',(0,0,-1));
#9487=FACE_BOUND('',#9488,.T.);
#9488=EDGE_LOOP('',(#9489,#9490,#9491));
#9489=ORIENTED_EDGE('',*,*,#9492,.T.);
#9490=ORIENTED_EDGE('',*,*,#9493,.T.);
#9491=ORIENTED_EDGE('',*,*,#9494,.T.);
#9492=EDGE_CURVE('',#735,#733,#9495,.F.);
#9493=EDGE_CURVE('',#733,#743,#9496,.T.);
#9494=EDGE_CURVE('',#743,#735,#9497,.T.);
#9495=LINE('',#734,#9498);
#9496=LINE('',#732,#9499);
#9497=LINE('',#742,#9500);
#9498=VECTOR('',#9501,1.0);
#9499=VECTOR('',#9502,1.0);
#9500=VECTOR('',#9503,1.0);
#9501=DIRECTION('',(0,0,-1));
#9502=DIRECTION('',(1,0,0));
#9503=DIRECTION('',(-0.9778024394207389,0,0.20952897046196806));
#9504=FACE_SURFACE('',(#9509),#9505,.T.);
#9505=PLANE('',#9506);
#9506=AXIS2_PLACEMENT_3D('',#734,#9507,#9508);
#9507=DIRECTION('',(0,-1,0));
#9508=DIRECTION('',(0.9778024394207389,0,-0.20952897046196806));
#9509=FACE_BOUND('',#9510,.T.);
#9510=EDGE_LOOP('',(#9511,#9512,#9513));
#9511=ORIENTED_EDGE('',*,*,#9514,.T.);
#9512=ORIENTED_EDGE('',*,*,#9515,.T.);
#9513=ORIENTED_EDGE('',*,*,#9516,.T.);
#9514=EDGE_CURVE('',#735,#743,#9517,.F.);
#9515=EDGE_CURVE('',#743,#563,#9518,.T.);
#9516=EDGE_CURVE('',#563,#735,#9519,.T.);
#9517=LINE('',#734,#9520);
#9518=LINE('',#742,#9521);
#9519=LINE('',#562,#9522);
#9520=VECTOR('',#9523,1.0);
#9521=VECTOR('',#9524,1.0);
#9522=VECTOR('',#9525,1.0);
#9523=DIRECTION('',(0.9778024394207389,0,-0.20952897046196806));
#9524=DIRECTION('',(0,0,1));
#9525=DIRECTION('',(-1,0,0));
#9526=FACE_SURFACE('',(#9531),#9527,.T.);
#9527=PLANE('',#9528);
#9528=AXIS2_PLACEMENT_3D('',#524,#9529,#9530);
#9529=DIRECTION('',(1,0,0));
#9530=DIRECTION('',(0,0,-1));
#9531=FACE_BOUND('',#9532,.T.);
#9532=EDGE_LOOP('',(#9533,#9534,#9535));
#9533=ORIENTED_EDGE('',*,*,#9536,.T.);
#9534=ORIENTED_EDGE('',*,*,#9537,.T.);
#9535=ORIENTED_EDGE('',*,*,#9538,.T.);
#9536=EDGE_CURVE('',#525,#285,#9539,.F.);
#9537=EDGE_CURVE('',#285,#737,#9540,.T.);
#9538=EDGE_CURVE('',#737,#525,#9541,.T.);
#9539=LINE('',#524,#9542);
#9540=LINE('',#284,#9543);
#9541=LINE('',#736,#9544);
#9542=VECTOR('',#9545,1.0);
#9543=VECTOR('',#9546,1.0);
#9544=VECTOR('',#9547,1.0);
#9545=DIRECTION('',(0,0,-1));
#9546=DIRECTION('',(0,1,0));
#9547=DIRECTION('',(0,-0.977802427723823,0.2095290250476005));
#9548=FACE_SURFACE('',(#9553),#9549,.T.);
#9549=PLANE('',#9550);
#9550=AXIS2_PLACEMENT_3D('',#524,#9551,#9552);
#9551=DIRECTION('',(1,-0,0));
#9552=DIRECTION('',(0,0.977802427723823,-0.2095290250476005));
#9553=FACE_BOUND('',#9554,.T.);
#9554=EDGE_LOOP('',(#9555,#9556,#9557));
#9555=ORIENTED_EDGE('',*,*,#9558,.T.);
#9556=ORIENTED_EDGE('',*,*,#9559,.T.);
#9557=ORIENTED_EDGE('',*,*,#9560,.T.);
#9558=EDGE_CURVE('',#525,#737,#9561,.F.);
#9559=EDGE_CURVE('',#737,#527,#9562,.T.);
#9560=EDGE_CURVE('',#527,#525,#9563,.T.);
#9561=LINE('',#524,#9564);
#9562=LINE('',#736,#9565);
#9563=LINE('',#526,#9566);
#9564=VECTOR('',#9567,1.0);
#9565=VECTOR('',#9568,1.0);
#9566=VECTOR('',#9569,1.0);
#9567=DIRECTION('',(0,0.977802427723823,-0.2095290250476005));
#9568=DIRECTION('',(0,0,1));
#9569=DIRECTION('',(0,-1,0));
#9570=FACE_SURFACE('',(#9575),#9571,.T.);
#9571=PLANE('',#9572);
#9572=AXIS2_PLACEMENT_3D('',#544,#9573,#9574);
#9573=DIRECTION('',(1,0,0));
#9574=DIRECTION('',(0,0,-1));
#9575=FACE_BOUND('',#9576,.T.);
#9576=EDGE_LOOP('',(#9577,#9578,#9579));
#9577=ORIENTED_EDGE('',*,*,#9580,.T.);
#9578=ORIENTED_EDGE('',*,*,#9581,.T.);
#9579=ORIENTED_EDGE('',*,*,#9582,.T.);
#9580=EDGE_CURVE('',#545,#747,#9583,.F.);
#9581=EDGE_CURVE('',#747,#245,#9584,.T.);
#9582=EDGE_CURVE('',#245,#545,#9585,.T.);
#9583=LINE('',#544,#9586);
#9584=LINE('',#746,#9587);
#9585=LINE('',#244,#9588);
#9586=VECTOR('',#9589,1.0);
#9587=VECTOR('',#9590,1.0);
#9588=VECTOR('',#9591,1.0);
#9589=DIRECTION('',(0,0,-1));
#9590=DIRECTION('',(0,1,0));
#9591=DIRECTION('',(0,-0.977802427723823,0.2095290250476005));
#9592=FACE_SURFACE('',(#9597),#9593,.T.);
#9593=PLANE('',#9594);
#9594=AXIS2_PLACEMENT_3D('',#544,#9595,#9596);
#9595=DIRECTION('',(1,-0,0));
#9596=DIRECTION('',(0,0.977802427723823,-0.2095290250476005));
#9597=FACE_BOUND('',#9598,.T.);
#9598=EDGE_LOOP('',(#9599,#9600,#9601));
#9599=ORIENTED_EDGE('',*,*,#9602,.T.);
#9600=ORIENTED_EDGE('',*,*,#9603,.T.);
#9601=ORIENTED_EDGE('',*,*,#9604,.T.);
#9602=EDGE_CURVE('',#545,#245,#9605,.F.);
#9603=EDGE_CURVE('',#245,#549,#9606,.T.);
#9604=EDGE_CURVE('',#549,#545,#9607,.T.);
#9605=LINE('',#544,#9608);
#9606=LINE('',#244,#9609);
#9607=LINE('',#548,#9610);
#9608=VECTOR('',#9611,1.0);
#9609=VECTOR('',#9612,1.0);
#9610=VECTOR('',#9613,1.0);
#9611=DIRECTION('',(0,0.977802427723823,-0.2095290250476005));
#9612=DIRECTION('',(0,0,1));
#9613=DIRECTION('',(0,-1,0));
#9614=FACE_SURFACE('',(#9619),#9615,.T.);
#9615=PLANE('',#9616);
#9616=AXIS2_PLACEMENT_3D('',#478,#9617,#9618);
#9617=DIRECTION('',(0,1,0));
#9618=DIRECTION('',(0,0,1));
#9619=FACE_BOUND('',#9620,.T.);
#9620=EDGE_LOOP('',(#9621,#9622,#9623));
#9621=ORIENTED_EDGE('',*,*,#9624,.T.);
#9622=ORIENTED_EDGE('',*,*,#9625,.T.);
#9623=ORIENTED_EDGE('',*,*,#9626,.T.);
#9624=EDGE_CURVE('',#479,#171,#9627,.F.);
#9625=EDGE_CURVE('',#171,#195,#9628,.T.);
#9626=EDGE_CURVE('',#195,#479,#9629,.T.);
#9627=LINE('',#478,#9630);
#9628=LINE('',#170,#9631);
#9629=LINE('',#194,#9632);
#9630=VECTOR('',#9633,1.0);
#9631=VECTOR('',#9634,1.0);
#9632=VECTOR('',#9635,1.0);
#9633=DIRECTION('',(0,0,1));
#9634=DIRECTION('',(1,0,0));
#9635=DIRECTION('',(-0.9777993628168636,0,-0.2095433274407361));
#9636=FACE_SURFACE('',(#9641),#9637,.T.);
#9637=PLANE('',#9638);
#9638=AXIS2_PLACEMENT_3D('',#478,#9639,#9640);
#9639=DIRECTION('',(0,1,0));
#9640=DIRECTION('',(0.9777993628168636,0,0.2095433274407361));
#9641=FACE_BOUND('',#9642,.T.);
#9642=EDGE_LOOP('',(#9643,#9644,#9645));
#9643=ORIENTED_EDGE('',*,*,#9646,.T.);
#9644=ORIENTED_EDGE('',*,*,#9647,.T.);
#9645=ORIENTED_EDGE('',*,*,#9648,.T.);
#9646=EDGE_CURVE('',#479,#195,#9649,.F.);
#9647=EDGE_CURVE('',#195,#495,#9650,.T.);
#9648=EDGE_CURVE('',#495,#479,#9651,.T.);
#9649=LINE('',#478,#9652);
#9650=LINE('',#194,#9653);
#9651=LINE('',#494,#9654);
#9652=VECTOR('',#9655,1.0);
#9653=VECTOR('',#9656,1.0);
#9654=VECTOR('',#9657,1.0);
#9655=DIRECTION('',(0.9777993628168636,0,0.2095433274407361));
#9656=DIRECTION('',(0,0,-1));
#9657=DIRECTION('',(-1,0,0));
#9658=FACE_SURFACE('',(#9663),#9659,.T.);
#9659=PLANE('',#9660);
#9660=AXIS2_PLACEMENT_3D('',#548,#9661,#9662);
#9661=DIRECTION('',(0,-1,0));
#9662=DIRECTION('',(0,0,-1));
#9663=FACE_BOUND('',#9664,.T.);
#9664=EDGE_LOOP('',(#9665,#9666,#9667));
#9665=ORIENTED_EDGE('',*,*,#9668,.T.);
#9666=ORIENTED_EDGE('',*,*,#9669,.T.);
#9667=ORIENTED_EDGE('',*,*,#9670,.T.);
#9668=EDGE_CURVE('',#549,#245,#9671,.F.);
#9669=EDGE_CURVE('',#245,#241,#9672,.T.);
#9670=EDGE_CURVE('',#241,#549,#9673,.T.);
#9671=LINE('',#548,#9674);
#9672=LINE('',#244,#9675);
#9673=LINE('',#240,#9676);
#9674=VECTOR('',#9677,1.0);
#9675=VECTOR('',#9678,1.0);
#9676=VECTOR('',#9679,1.0);
#9677=DIRECTION('',(0,0,-1));
#9678=DIRECTION('',(1,0,0));
#9679=DIRECTION('',(-0.9778024394207389,0,0.20952897046196806));
#9680=FACE_SURFACE('',(#9685),#9681,.T.);
#9681=PLANE('',#9682);
#9682=AXIS2_PLACEMENT_3D('',#548,#9683,#9684);
#9683=DIRECTION('',(0,-1,0));
#9684=DIRECTION('',(0.9778024394207389,0,-0.20952897046196806));
#9685=FACE_BOUND('',#9686,.T.);
#9686=EDGE_LOOP('',(#9687,#9688,#9689));
#9687=ORIENTED_EDGE('',*,*,#9690,.T.);
#9688=ORIENTED_EDGE('',*,*,#9691,.T.);
#9689=ORIENTED_EDGE('',*,*,#9692,.T.);
#9690=EDGE_CURVE('',#549,#241,#9693,.F.);
#9691=EDGE_CURVE('',#241,#551,#9694,.T.);
#9692=EDGE_CURVE('',#551,#549,#9695,.T.);
#9693=LINE('',#548,#9696);
#9694=LINE('',#240,#9697);
#9695=LINE('',#550,#9698);
#9696=VECTOR('',#9699,1.0);
#9697=VECTOR('',#9700,1.0);
#9698=VECTOR('',#9701,1.0);
#9699=DIRECTION('',(0.9778024394207389,0,-0.20952897046196806));
#9700=DIRECTION('',(0,0,1));
#9701=DIRECTION('',(-1,0,0));
#9702=FACE_SURFACE('',(#9707),#9703,.T.);
#9703=PLANE('',#9704);
#9704=AXIS2_PLACEMENT_3D('',#554,#9705,#9706);
#9705=DIRECTION('',(1,0,0));
#9706=DIRECTION('',(0,0,-1));
#9707=FACE_BOUND('',#9708,.T.);
#9708=EDGE_LOOP('',(#9709,#9710,#9711));
#9709=ORIENTED_EDGE('',*,*,#9712,.T.);
#9710=ORIENTED_EDGE('',*,*,#9713,.T.);
#9711=ORIENTED_EDGE('',*,*,#9714,.T.);
#9712=EDGE_CURVE('',#555,#749,#9715,.F.);
#9713=EDGE_CURVE('',#749,#237,#9716,.T.);
#9714=EDGE_CURVE('',#237,#555,#9717,.T.);
#9715=LINE('',#554,#9718);
#9716=LINE('',#748,#9719);
#9717=LINE('',#236,#9720);
#9718=VECTOR('',#9721,1.0);
#9719=VECTOR('',#9722,1.0);
#9720=VECTOR('',#9723,1.0);
#9721=DIRECTION('',(0,0,-1));
#9722=DIRECTION('',(0,1,0));
#9723=DIRECTION('',(0,-0.977802427723823,0.2095290250476005));
#9724=FACE_SURFACE('',(#9729),#9725,.T.);
#9725=PLANE('',#9726);
#9726=AXIS2_PLACEMENT_3D('',#554,#9727,#9728);
#9727=DIRECTION('',(1,-0,0));
#9728=DIRECTION('',(0,0.977802427723823,-0.2095290250476005));
#9729=FACE_BOUND('',#9730,.T.);
#9730=EDGE_LOOP('',(#9731,#9732,#9733));
#9731=ORIENTED_EDGE('',*,*,#9734,.T.);
#9732=ORIENTED_EDGE('',*,*,#9735,.T.);
#9733=ORIENTED_EDGE('',*,*,#9736,.T.);
#9734=EDGE_CURVE('',#555,#237,#9737,.F.);
#9735=EDGE_CURVE('',#237,#557,#9738,.T.);
#9736=EDGE_CURVE('',#557,#555,#9739,.T.);
#9737=LINE('',#554,#9740);
#9738=LINE('',#236,#9741);
#9739=LINE('',#556,#9742);
#9740=VECTOR('',#9743,1.0);
#9741=VECTOR('',#9744,1.0);
#9742=VECTOR('',#9745,1.0);
#9743=DIRECTION('',(0,0.977802427723823,-0.2095290250476005));
#9744=DIRECTION('',(0,0,1));
#9745=DIRECTION('',(0,-1,0));
#9746=FACE_SURFACE('',(#9751),#9747,.T.);
#9747=PLANE('',#9748);
#9748=AXIS2_PLACEMENT_3D('',#750,#9749,#9750);
#9749=DIRECTION('',(0,1,0));
#9750=DIRECTION('',(-1,0,0));
#9751=FACE_BOUND('',#9752,.T.);
#9752=EDGE_LOOP('',(#9753,#9754,#9755));
#9753=ORIENTED_EDGE('',*,*,#9756,.T.);
#9754=ORIENTED_EDGE('',*,*,#9757,.T.);
#9755=ORIENTED_EDGE('',*,*,#9758,.T.);
#9756=EDGE_CURVE('',#751,#747,#9759,.F.);
#9757=EDGE_CURVE('',#747,#545,#9760,.T.);
#9758=EDGE_CURVE('',#545,#751,#9761,.T.);
#9759=LINE('',#750,#9762);
#9760=LINE('',#746,#9763);
#9761=LINE('',#544,#9764);
#9762=VECTOR('',#9765,1.0);
#9763=VECTOR('',#9766,1.0);
#9764=VECTOR('',#9767,1.0);
#9765=DIRECTION('',(-1,0,0));
#9766=DIRECTION('',(0,0,1));
#9767=DIRECTION('',(0.9778024394207389,0,-0.20952897046196806));
#9768=FACE_SURFACE('',(#9773),#9769,.T.);
#9769=PLANE('',#9770);
#9770=AXIS2_PLACEMENT_3D('',#750,#9771,#9772);
#9771=DIRECTION('',(0,1,-0));
#9772=DIRECTION('',(-0.9778024394207389,0,0.20952897046196806));
#9773=FACE_BOUND('',#9774,.T.);
#9774=EDGE_LOOP('',(#9775,#9776,#9777));
#9775=ORIENTED_EDGE('',*,*,#9778,.T.);
#9776=ORIENTED_EDGE('',*,*,#9779,.T.);
#9777=ORIENTED_EDGE('',*,*,#9780,.T.);
#9778=EDGE_CURVE('',#751,#545,#9781,.F.);
#9779=EDGE_CURVE('',#545,#553,#9782,.T.);
#9780=EDGE_CURVE('',#553,#751,#9783,.T.);
#9781=LINE('',#750,#9784);
#9782=LINE('',#544,#9785);
#9783=LINE('',#552,#9786);
#9784=VECTOR('',#9787,1.0);
#9785=VECTOR('',#9788,1.0);
#9786=VECTOR('',#9789,1.0);
#9787=DIRECTION('',(-0.9778024394207389,0,0.20952897046196806));
#9788=DIRECTION('',(1,0,0));
#9789=DIRECTION('',(0,0,-1));
#9790=FACE_SURFACE('',(#9795),#9791,.T.);
#9791=PLANE('',#9792);
#9792=AXIS2_PLACEMENT_3D('',#752,#9793,#9794);
#9793=DIRECTION('',(0,0,-1));
#9794=DIRECTION('',(0,1,0));
#9795=FACE_BOUND('',#9796,.T.);
#9796=EDGE_LOOP('',(#9797,#9798,#9799));
#9797=ORIENTED_EDGE('',*,*,#9800,.T.);
#9798=ORIENTED_EDGE('',*,*,#9801,.T.);
#9799=ORIENTED_EDGE('',*,*,#9802,.T.);
#9800=EDGE_CURVE('',#753,#301,#9803,.F.);
#9801=EDGE_CURVE('',#301,#299,#9804,.T.);
#9802=EDGE_CURVE('',#299,#753,#9805,.T.);
#9803=LINE('',#752,#9806);
#9804=LINE('',#300,#9807);
#9805=LINE('',#298,#9808);
#9806=VECTOR('',#9809,1.0);
#9807=VECTOR('',#9810,1.0);
#9808=VECTOR('',#9811,1.0);
#9809=DIRECTION('',(0,1,0));
#9810=DIRECTION('',(1,0,0));
#9811=DIRECTION('',(-0.15104030449867173,-0.9885276052882634,0));
#9812=FACE_SURFACE('',(#9817),#9813,.T.);
#9813=PLANE('',#9814);
#9814=AXIS2_PLACEMENT_3D('',#752,#9815,#9816);
#9815=DIRECTION('',(0,0,-1));
#9816=DIRECTION('',(0.15104030449867173,0.9885276052882634,0));
#9817=FACE_BOUND('',#9818,.T.);
#9818=EDGE_LOOP('',(#9819,#9820,#9821));
#9819=ORIENTED_EDGE('',*,*,#9822,.T.);
#9820=ORIENTED_EDGE('',*,*,#9823,.T.);
#9821=ORIENTED_EDGE('',*,*,#9824,.T.);
#9822=EDGE_CURVE('',#753,#299,#9825,.F.);
#9823=EDGE_CURVE('',#299,#723,#9826,.T.);
#9824=EDGE_CURVE('',#723,#753,#9827,.T.);
#9825=LINE('',#752,#9828);
#9826=LINE('',#298,#9829);
#9827=LINE('',#722,#9830);
#9828=VECTOR('',#9831,1.0);
#9829=VECTOR('',#9832,1.0);
#9830=VECTOR('',#9833,1.0);
#9831=DIRECTION('',(0.15104030449867173,0.9885276052882634,0));
#9832=DIRECTION('',(0,-1,0));
#9833=DIRECTION('',(-0.7139010190565777,-0.7002466244045594,0));
#9834=FACE_SURFACE('',(#9839),#9835,.T.);
#9835=PLANE('',#9836);
#9836=AXIS2_PLACEMENT_3D('',#424,#9837,#9838);
#9837=DIRECTION('',(0,0,-1));
#9838=DIRECTION('',(-1,0,0));
#9839=FACE_BOUND('',#9840,.T.);
#9840=EDGE_LOOP('',(#9841,#9842,#9843));
#9841=ORIENTED_EDGE('',*,*,#9844,.T.);
#9842=ORIENTED_EDGE('',*,*,#9845,.T.);
#9843=ORIENTED_EDGE('',*,*,#9846,.T.);
#9844=EDGE_CURVE('',#425,#423,#9847,.F.);
#9845=EDGE_CURVE('',#423,#755,#9848,.T.);
#9846=EDGE_CURVE('',#755,#425,#9849,.T.);
#9847=LINE('',#424,#9850);
#9848=LINE('',#422,#9851);
#9849=LINE('',#754,#9852);
#9850=VECTOR('',#9853,1.0);
#9851=VECTOR('',#9854,1.0);
#9852=VECTOR('',#9855,1.0);
#9853=DIRECTION('',(-1,0,0));
#9854=DIRECTION('',(0,1,0));
#9855=DIRECTION('',(0.15147303298000836,-0.9884613903839833,0));
#9856=FACE_SURFACE('',(#9861),#9857,.T.);
#9857=PLANE('',#9858);
#9858=AXIS2_PLACEMENT_3D('',#754,#9859,#9860);
#9859=DIRECTION('',(0,0,-1));
#9860=DIRECTION('',(-1,0,0));
#9861=FACE_BOUND('',#9862,.T.);
#9862=EDGE_LOOP('',(#9863,#9864,#9865));
#9863=ORIENTED_EDGE('',*,*,#9866,.T.);
#9864=ORIENTED_EDGE('',*,*,#9867,.T.);
#9865=ORIENTED_EDGE('',*,*,#9868,.T.);
#9866=EDGE_CURVE('',#755,#753,#9869,.F.);
#9867=EDGE_CURVE('',#753,#723,#9870,.T.);
#9868=EDGE_CURVE('',#723,#755,#9871,.T.);
#9869=LINE('',#754,#9872);
#9870=LINE('',#752,#9873);
#9871=LINE('',#722,#9874);
#9872=VECTOR('',#9875,1.0);
#9873=VECTOR('',#9876,1.0);
#9874=VECTOR('',#9877,1.0);
#9875=DIRECTION('',(-1,0,0));
#9876=DIRECTION('',(0.7139010190565777,0.7002466244045594,0));
#9877=DIRECTION('',(0.9432293953959343,-0.3321419992428243,0));
#9878=FACE_SURFACE('',(#9883),#9879,.T.);
#9879=PLANE('',#9880);
#9880=AXIS2_PLACEMENT_3D('',#756,#9881,#9882);
#9881=DIRECTION('',(0,0,-1));
#9882=DIRECTION('',(0,1,0));
#9883=FACE_BOUND('',#9884,.T.);
#9884=EDGE_LOOP('',(#9885,#9886,#9887));
#9885=ORIENTED_EDGE('',*,*,#9888,.T.);
#9886=ORIENTED_EDGE('',*,*,#9889,.T.);
#9887=ORIENTED_EDGE('',*,*,#9890,.T.);
#9888=EDGE_CURVE('',#757,#303,#9891,.F.);
#9889=EDGE_CURVE('',#303,#309,#9892,.T.);
#9890=EDGE_CURVE('',#309,#757,#9893,.T.);
#9891=LINE('',#756,#9894);
#9892=LINE('',#302,#9895);
#9893=LINE('',#308,#9896);
#9894=VECTOR('',#9897,1.0);
#9895=VECTOR('',#9898,1.0);
#9896=VECTOR('',#9899,1.0);
#9897=DIRECTION('',(0,1,0));
#9898=DIRECTION('',(1,0,0));
#9899=DIRECTION('',(-0.3393143003631184,-0.9406730598720723,0));
#9900=FACE_SURFACE('',(#9905),#9901,.T.);
#9901=PLANE('',#9902);
#9902=AXIS2_PLACEMENT_3D('',#754,#9903,#9904);
#9903=DIRECTION('',(0,0,-1));
#9904=DIRECTION('',(-0.9432293953959343,0.3321419992428243,0));
#9905=FACE_BOUND('',#9906,.T.);
#9906=EDGE_LOOP('',(#9907,#9908,#9909));
#9907=ORIENTED_EDGE('',*,*,#9910,.T.);
#9908=ORIENTED_EDGE('',*,*,#9911,.T.);
#9909=ORIENTED_EDGE('',*,*,#9912,.T.);
#9910=EDGE_CURVE('',#755,#723,#9913,.F.);
#9911=EDGE_CURVE('',#723,#757,#9914,.T.);
#9912=EDGE_CURVE('',#757,#755,#9915,.T.);
#9913=LINE('',#754,#9916);
#9914=LINE('',#722,#9917);
#9915=LINE('',#756,#9918);
#9916=VECTOR('',#9919,1.0);
#9917=VECTOR('',#9920,1.0);
#9918=VECTOR('',#9921,1.0);
#9919=DIRECTION('',(-0.9432293953959343,0.3321419992428243,0));
#9920=DIRECTION('',(1,0,0));
#9921=DIRECTION('',(-0.9429622509811811,-0.33289967441333446,0));
#9922=FACE_SURFACE('',(#9927),#9923,.T.);
#9923=PLANE('',#9924);
#9924=AXIS2_PLACEMENT_3D('',#758,#9925,#9926);
#9925=DIRECTION('',(-0,-0,-1));
#9926=DIRECTION('',(0,-1,0));
#9927=FACE_BOUND('',#9928,.T.);
#9928=EDGE_LOOP('',(#9929,#9930,#9931));
#9929=ORIENTED_EDGE('',*,*,#9932,.T.);
#9930=ORIENTED_EDGE('',*,*,#9933,.T.);
#9931=ORIENTED_EDGE('',*,*,#9934,.T.);
#9932=EDGE_CURVE('',#759,#425,#9935,.F.);
#9933=EDGE_CURVE('',#425,#755,#9936,.T.);
#9934=EDGE_CURVE('',#755,#759,#9937,.T.);
#9935=LINE('',#758,#9938);
#9936=LINE('',#424,#9939);
#9937=LINE('',#754,#9940);
#9938=VECTOR('',#9941,1.0);
#9939=VECTOR('',#9942,1.0);
#9940=VECTOR('',#9943,1.0);
#9941=DIRECTION('',(0,-1,0));
#9942=DIRECTION('',(-0.15147303298000836,0.9884613903839833,0));
#9943=DIRECTION('',(0.7014429098249588,-0.7127256444497382,0));
#9944=FACE_SURFACE('',(#9949),#9945,.T.);
#9945=PLANE('',#9946);
#9946=AXIS2_PLACEMENT_3D('',#416,#9947,#9948);
#9947=DIRECTION('',(0,0,-1));
#9948=DIRECTION('',(-1,0,0));
#9949=FACE_BOUND('',#9950,.T.);
#9950=EDGE_LOOP('',(#9951,#9952,#9953));
#9951=ORIENTED_EDGE('',*,*,#9954,.T.);
#9952=ORIENTED_EDGE('',*,*,#9955,.T.);
#9953=ORIENTED_EDGE('',*,*,#9956,.T.);
#9954=EDGE_CURVE('',#417,#419,#9957,.F.);
#9955=EDGE_CURVE('',#419,#761,#9958,.T.);
#9956=EDGE_CURVE('',#761,#417,#9959,.T.);
#9957=LINE('',#416,#9960);
#9958=LINE('',#418,#9961);
#9959=LINE('',#760,#9962);
#9960=VECTOR('',#9963,1.0);
#9961=VECTOR('',#9964,1.0);
#9962=VECTOR('',#9965,1.0);
#9963=DIRECTION('',(-1,0,0));
#9964=DIRECTION('',(0,1,0));
#9965=DIRECTION('',(0.3393137631240942,-0.940673253661741,0));
#9966=FACE_SURFACE('',(#9971),#9967,.T.);
#9967=PLANE('',#9968);
#9968=AXIS2_PLACEMENT_3D('',#760,#9969,#9970);
#9969=DIRECTION('',(0,0,-1));
#9970=DIRECTION('',(-1,0,0));
#9971=FACE_BOUND('',#9972,.T.);
#9972=EDGE_LOOP('',(#9973,#9974,#9975));
#9973=ORIENTED_EDGE('',*,*,#9976,.T.);
#9974=ORIENTED_EDGE('',*,*,#9977,.T.);
#9975=ORIENTED_EDGE('',*,*,#9978,.T.);
#9976=EDGE_CURVE('',#761,#759,#9979,.F.);
#9977=EDGE_CURVE('',#759,#755,#9980,.T.);
#9978=EDGE_CURVE('',#755,#761,#9981,.T.);
#9979=LINE('',#760,#9982);
#9980=LINE('',#758,#9983);
#9981=LINE('',#754,#9984);
#9982=VECTOR('',#9985,1.0);
#9983=VECTOR('',#9986,1.0);
#9984=VECTOR('',#9987,1.0);
#9985=DIRECTION('',(-1,0,0));
#9986=DIRECTION('',(-0.7014429098249588,0.7127256444497382,0));
#9987=DIRECTION('',(0.988036012401042,-0.15422333869634614,0));
#9988=FACE_SURFACE('',(#9993),#9989,.T.);
#9989=PLANE('',#9990);
#9990=AXIS2_PLACEMENT_3D('',#756,#9991,#9992);
#9991=DIRECTION('',(0,0,-1));
#9992=DIRECTION('',(0.3393143003631184,0.9406730598720723,0));
#9993=FACE_BOUND('',#9994,.T.);
#9994=EDGE_LOOP('',(#9995,#9996,#9997));
#9995=ORIENTED_EDGE('',*,*,#9998,.T.);
#9996=ORIENTED_EDGE('',*,*,#9999,.T.);
#9997=ORIENTED_EDGE('',*,*,#10000,.T.);
#9998=EDGE_CURVE('',#757,#309,#10001,.F.);
#9999=EDGE_CURVE('',#309,#763,#10002,.T.);
#10000=EDGE_CURVE('',#763,#757,#10003,.T.);
#10001=LINE('',#756,#10004);
#10002=LINE('',#308,#10005);
#10003=LINE('',#762,#10006);
#10004=VECTOR('',#10007,1.0);
#10005=VECTOR('',#10008,1.0);
#10006=VECTOR('',#10009,1.0);
#10007=DIRECTION('',(0.3393143003631184,0.9406730598720723,0));
#10008=DIRECTION('',(0,-1,0));
#10009=DIRECTION('',(-1,0,0));
#10010=FACE_SURFACE('',(#10015),#10011,.T.);
#10011=PLANE('',#10012);
#10012=AXIS2_PLACEMENT_3D('',#760,#10013,#10014);
#10013=DIRECTION('',(0,0,-1));
#10014=DIRECTION('',(-0.988036012401042,0.15422333869634614,0));
#10015=FACE_BOUND('',#10016,.T.);
#10016=EDGE_LOOP('',(#10017,#10018,#10019));
#10017=ORIENTED_EDGE('',*,*,#10020,.T.);
#10018=ORIENTED_EDGE('',*,*,#10021,.T.);
#10019=ORIENTED_EDGE('',*,*,#10022,.T.);
#10020=EDGE_CURVE('',#761,#755,#10023,.F.);
#10021=EDGE_CURVE('',#755,#757,#10024,.T.);
#10022=EDGE_CURVE('',#757,#761,#10025,.T.);
#10023=LINE('',#760,#10026);
#10024=LINE('',#754,#10027);
#10025=LINE('',#756,#10028);
#10026=VECTOR('',#10029,1.0);
#10027=VECTOR('',#10030,1.0);
#10028=VECTOR('',#10031,1.0);
#10029=DIRECTION('',(-0.988036012401042,0.15422333869634614,0));
#10030=DIRECTION('',(0.9429622509811811,0.33289967441333446,0));
#10031=DIRECTION('',(0.8840134322264849,-0.4674614974980828,0));
#10032=FACE_SURFACE('',(#10037),#10033,.T.);
#10033=PLANE('',#10034);
#10034=AXIS2_PLACEMENT_3D('',#764,#10035,#10036);
#10035=DIRECTION('',(-0,-0,-1));
#10036=DIRECTION('',(0,-1,0));
#10037=FACE_BOUND('',#10038,.T.);
#10038=EDGE_LOOP('',(#10039,#10040,#10041));
#10039=ORIENTED_EDGE('',*,*,#10042,.T.);
#10040=ORIENTED_EDGE('',*,*,#10043,.T.);
#10041=ORIENTED_EDGE('',*,*,#10044,.T.);
#10042=EDGE_CURVE('',#765,#417,#10045,.F.);
#10043=EDGE_CURVE('',#417,#761,#10046,.T.);
#10044=EDGE_CURVE('',#761,#765,#10047,.T.);
#10045=LINE('',#764,#10048);
#10046=LINE('',#416,#10049);
#10047=LINE('',#760,#10050);
#10048=VECTOR('',#10051,1.0);
#10049=VECTOR('',#10052,1.0);
#10050=VECTOR('',#10053,1.0);
#10051=DIRECTION('',(0,-1,0));
#10052=DIRECTION('',(-0.3393137631240942,0.940673253661741,0));
#10053=DIRECTION('',(1,0,0));
#10054=FACE_SURFACE('',(#10059),#10055,.T.);
#10055=PLANE('',#10056);
#10056=AXIS2_PLACEMENT_3D('',#412,#10057,#10058);
#10057=DIRECTION('',(0,0,-1));
#10058=DIRECTION('',(-1,0,0));
#10059=FACE_BOUND('',#10060,.T.);
#10060=EDGE_LOOP('',(#10061,#10062,#10063));
#10061=ORIENTED_EDGE('',*,*,#10064,.T.);
#10062=ORIENTED_EDGE('',*,*,#10065,.T.);
#10063=ORIENTED_EDGE('',*,*,#10066,.T.);
#10064=EDGE_CURVE('',#413,#415,#10067,.F.);
#10065=EDGE_CURVE('',#415,#767,#10068,.T.);
#10066=EDGE_CURVE('',#767,#413,#10069,.T.);
#10067=LINE('',#412,#10070);
#10068=LINE('',#414,#10071);
#10069=LINE('',#766,#10072);
#10070=VECTOR('',#10073,1.0);
#10071=VECTOR('',#10074,1.0);
#10072=VECTOR('',#10075,1.0);
#10073=DIRECTION('',(-1,0,0));
#10074=DIRECTION('',(0,1,0));
#10075=DIRECTION('',(0.339314897137556,-0.9406728446067366,0));
#10076=FACE_SURFACE('',(#10081),#10077,.T.);
#10077=PLANE('',#10078);
#10078=AXIS2_PLACEMENT_3D('',#764,#10079,#10080);
#10079=DIRECTION('',(0,0,-1));
#10080=DIRECTION('',(-1,0,0));
#10081=FACE_BOUND('',#10082,.T.);
#10082=EDGE_LOOP('',(#10083,#10084,#10085));
#10083=ORIENTED_EDGE('',*,*,#10086,.T.);
#10084=ORIENTED_EDGE('',*,*,#10087,.T.);
#10085=ORIENTED_EDGE('',*,*,#10088,.T.);
#10086=EDGE_CURVE('',#765,#761,#10089,.F.);
#10087=EDGE_CURVE('',#761,#757,#10090,.T.);
#10088=EDGE_CURVE('',#757,#765,#10091,.T.);
#10089=LINE('',#764,#10092);
#10090=LINE('',#760,#10093);
#10091=LINE('',#756,#10094);
#10092=VECTOR('',#10095,1.0);
#10093=VECTOR('',#10096,1.0);
#10094=VECTOR('',#10097,1.0);
#10095=DIRECTION('',(-1,0,0));
#10096=DIRECTION('',(-0.8840134322264849,0.4674614974980828,0));
#10097=DIRECTION('',(0.9450631744474918,-0.32688774266287485,0));
#10098=FACE_SURFACE('',(#10103),#10099,.T.);
#10099=PLANE('',#10100);
#10100=AXIS2_PLACEMENT_3D('',#768,#10101,#10102);
#10101=DIRECTION('',(-0,-0,-1));
#10102=DIRECTION('',(0,-1,0));
#10103=FACE_BOUND('',#10104,.T.);
#10104=EDGE_LOOP('',(#10105,#10106,#10107));
#10105=ORIENTED_EDGE('',*,*,#10108,.T.);
#10106=ORIENTED_EDGE('',*,*,#10109,.T.);
#10107=ORIENTED_EDGE('',*,*,#10110,.T.);
#10108=EDGE_CURVE('',#769,#413,#10111,.F.);
#10109=EDGE_CURVE('',#413,#767,#10112,.T.);
#10110=EDGE_CURVE('',#767,#769,#10113,.T.);
#10111=LINE('',#768,#10114);
#10112=LINE('',#412,#10115);
#10113=LINE('',#766,#10116);
#10114=VECTOR('',#10117,1.0);
#10115=VECTOR('',#10118,1.0);
#10116=VECTOR('',#10119,1.0);
#10117=DIRECTION('',(0,-1,0));
#10118=DIRECTION('',(-0.339314897137556,0.9406728446067366,0));
#10119=DIRECTION('',(1,0,0));
#10120=FACE_SURFACE('',(#10125),#10121,.T.);
#10121=PLANE('',#10122);
#10122=AXIS2_PLACEMENT_3D('',#766,#10123,#10124);
#10123=DIRECTION('',(0,0,-1));
#10124=DIRECTION('',(-1,0,0));
#10125=FACE_BOUND('',#10126,.T.);
#10126=EDGE_LOOP('',(#10127,#10128,#10129));
#10127=ORIENTED_EDGE('',*,*,#10130,.T.);
#10128=ORIENTED_EDGE('',*,*,#10131,.T.);
#10129=ORIENTED_EDGE('',*,*,#10132,.T.);
#10130=EDGE_CURVE('',#767,#765,#10133,.F.);
#10131=EDGE_CURVE('',#765,#757,#10134,.T.);
#10132=EDGE_CURVE('',#757,#767,#10135,.T.);
#10133=LINE('',#766,#10136);
#10134=LINE('',#764,#10137);
#10135=LINE('',#756,#10138);
#10136=VECTOR('',#10139,1.0);
#10137=VECTOR('',#10140,1.0);
#10138=VECTOR('',#10141,1.0);
#10139=DIRECTION('',(-1,0,0));
#10140=DIRECTION('',(-0.9450631744474918,0.32688774266287485,0));
#10141=DIRECTION('',(0.9847662793356866,-0.17388322254705443,0));
#10142=FACE_SURFACE('',(#10147),#10143,.T.);
#10143=PLANE('',#10144);
#10144=AXIS2_PLACEMENT_3D('',#766,#10145,#10146);
#10145=DIRECTION('',(0,0,-1));
#10146=DIRECTION('',(-0.9847662793356866,0.17388322254705443,0));
#10147=FACE_BOUND('',#10148,.T.);
#10148=EDGE_LOOP('',(#10149,#10150,#10151));
#10149=ORIENTED_EDGE('',*,*,#10152,.T.);
#10150=ORIENTED_EDGE('',*,*,#10153,.T.);
#10151=ORIENTED_EDGE('',*,*,#10154,.T.);
#10152=EDGE_CURVE('',#767,#757,#10155,.F.);
#10153=EDGE_CURVE('',#757,#763,#10156,.T.);
#10154=EDGE_CURVE('',#763,#767,#10157,.T.);
#10155=LINE('',#766,#10158);
#10156=LINE('',#756,#10159);
#10157=LINE('',#762,#10160);
#10158=VECTOR('',#10161,1.0);
#10159=VECTOR('',#10162,1.0);
#10160=VECTOR('',#10163,1.0);
#10161=DIRECTION('',(-0.9847662793356866,0.17388322254705443,0));
#10162=DIRECTION('',(1,0,0));
#10163=DIRECTION('',(0.9777720998889982,-0.20967050502791054,0));
#10164=FACE_SURFACE('',(#10169),#10165,.T.);
#10165=PLANE('',#10166);
#10166=AXIS2_PLACEMENT_3D('',#768,#10167,#10168);
#10167=DIRECTION('',(0,0,-1));
#10168=DIRECTION('',(-1,0,0));
#10169=FACE_BOUND('',#10170,.T.);
#10170=EDGE_LOOP('',(#10171,#10172,#10173));
#10171=ORIENTED_EDGE('',*,*,#10174,.T.);
#10172=ORIENTED_EDGE('',*,*,#10175,.T.);
#10173=ORIENTED_EDGE('',*,*,#10176,.T.);
#10174=EDGE_CURVE('',#769,#767,#10177,.F.);
#10175=EDGE_CURVE('',#767,#763,#10178,.T.);
#10176=EDGE_CURVE('',#763,#769,#10179,.T.);
#10177=LINE('',#768,#10180);
#10178=LINE('',#766,#10181);
#10179=LINE('',#762,#10182);
#10180=VECTOR('',#10183,1.0);
#10181=VECTOR('',#10184,1.0);
#10182=VECTOR('',#10185,1.0);
#10183=DIRECTION('',(-1,0,0));
#10184=DIRECTION('',(-0.9777720998889982,0.20967050502791054,0));
#10185=DIRECTION('',(0.9847662872784652,-0.17388317756409746,0));
#10186=FACE_SURFACE('',(#10191),#10187,.T.);
#10187=PLANE('',#10188);
#10188=AXIS2_PLACEMENT_3D('',#626,#10189,#10190);
#10189=DIRECTION('',(0,0,-1));
#10190=DIRECTION('',(0,1,0));
#10191=FACE_BOUND('',#10192,.T.);
#10192=EDGE_LOOP('',(#10193,#10194,#10195));
#10193=ORIENTED_EDGE('',*,*,#10196,.T.);
#10194=ORIENTED_EDGE('',*,*,#10197,.T.);
#10195=ORIENTED_EDGE('',*,*,#10198,.T.);
#10196=EDGE_CURVE('',#627,#311,#10199,.F.);
#10197=EDGE_CURVE('',#311,#317,#10200,.T.);
#10198=EDGE_CURVE('',#317,#627,#10201,.T.);
#10199=LINE('',#626,#10202);
#10200=LINE('',#310,#10203);
#10201=LINE('',#316,#10204);
#10202=VECTOR('',#10205,1.0);
#10203=VECTOR('',#10206,1.0);
#10204=VECTOR('',#10207,1.0);
#10205=DIRECTION('',(0,1,0));
#10206=DIRECTION('',(1,0,0));
#10207=DIRECTION('',(-0.3393136199550762,-0.9406733053047599,0));
#10208=FACE_SURFACE('',(#10213),#10209,.T.);
#10209=PLANE('',#10210);
#10210=AXIS2_PLACEMENT_3D('',#768,#10211,#10212);
#10211=DIRECTION('',(0,0,-1));
#10212=DIRECTION('',(-0.9847662872784652,0.17388317756409746,0));
#10213=FACE_BOUND('',#10214,.T.);
#10214=EDGE_LOOP('',(#10215,#10216,#10217));
#10215=ORIENTED_EDGE('',*,*,#10218,.T.);
#10216=ORIENTED_EDGE('',*,*,#10219,.T.);
#10217=ORIENTED_EDGE('',*,*,#10220,.T.);
#10218=EDGE_CURVE('',#769,#763,#10221,.F.);
#10219=EDGE_CURVE('',#763,#627,#10222,.T.);
#10220=EDGE_CURVE('',#627,#769,#10223,.T.);
#10221=LINE('',#768,#10224);
#10222=LINE('',#762,#10225);
#10223=LINE('',#626,#10226);
#10224=VECTOR('',#10227,1.0);
#10225=VECTOR('',#10228,1.0);
#10226=VECTOR('',#10229,1.0);
#10227=DIRECTION('',(-0.9847662872784652,0.17388317756409746,0));
#10228=DIRECTION('',(1,0,0));
#10229=DIRECTION('',(0.9450632404112091,-0.3268875519555083,0));
#10230=FACE_SURFACE('',(#10235),#10231,.T.);
#10231=PLANE('',#10232);
#10232=AXIS2_PLACEMENT_3D('',#408,#10233,#10234);
#10233=DIRECTION('',(0,0,-1));
#10234=DIRECTION('',(-1,0,0));
#10235=FACE_BOUND('',#10236,.T.);
#10236=EDGE_LOOP('',(#10237,#10238,#10239));
#10237=ORIENTED_EDGE('',*,*,#10240,.T.);
#10238=ORIENTED_EDGE('',*,*,#10241,.T.);
#10239=ORIENTED_EDGE('',*,*,#10242,.T.);
#10240=EDGE_CURVE('',#409,#407,#10243,.F.);
#10241=EDGE_CURVE('',#407,#771,#10244,.T.);
#10242=EDGE_CURVE('',#771,#409,#10245,.T.);
#10243=LINE('',#408,#10246);
#10244=LINE('',#406,#10247);
#10245=LINE('',#770,#10248);
#10246=VECTOR('',#10249,1.0);
#10247=VECTOR('',#10250,1.0);
#10248=VECTOR('',#10251,1.0);
#10249=DIRECTION('',(-1,0,0));
#10250=DIRECTION('',(0,1,0));
#10251=DIRECTION('',(0.17326759137815886,-0.9848747848219139,0));
#10252=FACE_SURFACE('',(#10257),#10253,.T.);
#10253=PLANE('',#10254);
#10254=AXIS2_PLACEMENT_3D('',#770,#10255,#10256);
#10255=DIRECTION('',(0,0,-1));
#10256=DIRECTION('',(-1,0,0));
#10257=FACE_BOUND('',#10258,.T.);
#10258=EDGE_LOOP('',(#10259,#10260,#10261));
#10259=ORIENTED_EDGE('',*,*,#10262,.T.);
#10260=ORIENTED_EDGE('',*,*,#10263,.T.);
#10261=ORIENTED_EDGE('',*,*,#10264,.T.);
#10262=EDGE_CURVE('',#771,#769,#10265,.F.);
#10263=EDGE_CURVE('',#769,#627,#10266,.T.);
#10264=EDGE_CURVE('',#627,#771,#10267,.T.);
#10265=LINE('',#770,#10268);
#10266=LINE('',#768,#10269);
#10267=LINE('',#626,#10270);
#10268=VECTOR('',#10271,1.0);
#10269=VECTOR('',#10272,1.0);
#10270=VECTOR('',#10273,1.0);
#10271=DIRECTION('',(-1,0,0));
#10272=DIRECTION('',(-0.9450632404112091,0.3268875519555083,0));
#10273=DIRECTION('',(0.9847662793356866,-0.17388322254705443,0));
#10274=FACE_SURFACE('',(#10279),#10275,.T.);
#10275=PLANE('',#10276);
#10276=AXIS2_PLACEMENT_3D('',#626,#10277,#10278);
#10277=DIRECTION('',(0,0,-1));
#10278=DIRECTION('',(0.3393136199550762,0.9406733053047599,0));
#10279=FACE_BOUND('',#10280,.T.);
#10280=EDGE_LOOP('',(#10281,#10282,#10283));
#10281=ORIENTED_EDGE('',*,*,#10284,.T.);
#10282=ORIENTED_EDGE('',*,*,#10285,.T.);
#10283=ORIENTED_EDGE('',*,*,#10286,.T.);
#10284=EDGE_CURVE('',#627,#317,#10287,.F.);
#10285=EDGE_CURVE('',#317,#773,#10288,.T.);
#10286=EDGE_CURVE('',#773,#627,#10289,.T.);
#10287=LINE('',#626,#10290);
#10288=LINE('',#316,#10291);
#10289=LINE('',#772,#10292);
#10290=VECTOR('',#10293,1.0);
#10291=VECTOR('',#10294,1.0);
#10292=VECTOR('',#10295,1.0);
#10293=DIRECTION('',(0.3393136199550762,0.9406733053047599,0));
#10294=DIRECTION('',(0,-1,0));
#10295=DIRECTION('',(-1,0,0));
#10296=FACE_SURFACE('',(#10301),#10297,.T.);
#10297=PLANE('',#10298);
#10298=AXIS2_PLACEMENT_3D('',#774,#10299,#10300);
#10299=DIRECTION('',(0,0,-1));
#10300=DIRECTION('',(0,1,0));
#10301=FACE_BOUND('',#10302,.T.);
#10302=EDGE_LOOP('',(#10303,#10304,#10305));
#10303=ORIENTED_EDGE('',*,*,#10306,.T.);
#10304=ORIENTED_EDGE('',*,*,#10307,.T.);
#10305=ORIENTED_EDGE('',*,*,#10308,.T.);
#10306=EDGE_CURVE('',#775,#321,#10309,.F.);
#10307=EDGE_CURVE('',#321,#319,#10310,.T.);
#10308=EDGE_CURVE('',#319,#775,#10311,.T.);
#10309=LINE('',#774,#10312);
#10310=LINE('',#320,#10313);
#10311=LINE('',#318,#10314);
#10312=VECTOR('',#10315,1.0);
#10313=VECTOR('',#10316,1.0);
#10314=VECTOR('',#10317,1.0);
#10315=DIRECTION('',(0,1,0));
#10316=DIRECTION('',(0.9871203640197681,0.15997933284484128,0));
#10317=DIRECTION('',(-0.339314753968184,-0.9406728962500783,0));
#10318=FACE_SURFACE('',(#10323),#10319,.T.);
#10319=PLANE('',#10320);
#10320=AXIS2_PLACEMENT_3D('',#770,#10321,#10322);
#10321=DIRECTION('',(0,0,-1));
#10322=DIRECTION('',(-0.9847662793356866,0.17388322254705443,0));
#10323=FACE_BOUND('',#10324,.T.);
#10324=EDGE_LOOP('',(#10325,#10326,#10327));
#10325=ORIENTED_EDGE('',*,*,#10328,.T.);
#10326=ORIENTED_EDGE('',*,*,#10329,.T.);
#10327=ORIENTED_EDGE('',*,*,#10330,.T.);
#10328=EDGE_CURVE('',#771,#627,#10331,.F.);
#10329=EDGE_CURVE('',#627,#773,#10332,.T.);
#10330=EDGE_CURVE('',#773,#771,#10333,.T.);
#10331=LINE('',#770,#10334);
#10332=LINE('',#626,#10335);
#10333=LINE('',#772,#10336);
#10334=VECTOR('',#10337,1.0);
#10335=VECTOR('',#10338,1.0);
#10336=VECTOR('',#10339,1.0);
#10337=DIRECTION('',(-0.9847662793356866,0.17388322254705443,0));
#10338=DIRECTION('',(1,0,0));
#10339=DIRECTION('',(0.9777721207772724,-0.2096704076180399,0));
#10340=FACE_SURFACE('',(#10345),#10341,.T.);
#10341=PLANE('',#10342);
#10342=AXIS2_PLACEMENT_3D('',#774,#10343,#10344);
#10343=DIRECTION('',(0,0,-1));
#10344=DIRECTION('',(0.339314753968184,0.9406728962500783,0));
#10345=FACE_BOUND('',#10346,.T.);
#10346=EDGE_LOOP('',(#10347,#10348,#10349));
#10347=ORIENTED_EDGE('',*,*,#10350,.T.);
#10348=ORIENTED_EDGE('',*,*,#10351,.T.);
#10349=ORIENTED_EDGE('',*,*,#10352,.T.);
#10350=EDGE_CURVE('',#775,#319,#10353,.F.);
#10351=EDGE_CURVE('',#319,#777,#10354,.T.);
#10352=EDGE_CURVE('',#777,#775,#10355,.T.);
#10353=LINE('',#774,#10356);
#10354=LINE('',#318,#10357);
#10355=LINE('',#776,#10358);
#10356=VECTOR('',#10359,1.0);
#10357=VECTOR('',#10360,1.0);
#10358=VECTOR('',#10361,1.0);
#10359=DIRECTION('',(0.339314753968184,0.9406728962500783,0));
#10360=DIRECTION('',(0,-1,0));
#10361=DIRECTION('',(-1,0,0));
#10362=FACE_SURFACE('',(#10367),#10363,.T.);
#10363=PLANE('',#10364);
#10364=AXIS2_PLACEMENT_3D('',#770,#10365,#10366);
#10365=DIRECTION('',(0,0,-1));
#10366=DIRECTION('',(-0.9777721207772724,0.2096704076180399,0));
#10367=FACE_BOUND('',#10368,.T.);
#10368=EDGE_LOOP('',(#10369,#10370,#10371));
#10369=ORIENTED_EDGE('',*,*,#10372,.T.);
#10370=ORIENTED_EDGE('',*,*,#10373,.T.);
#10371=ORIENTED_EDGE('',*,*,#10374,.T.);
#10372=EDGE_CURVE('',#771,#773,#10375,.F.);
#10373=EDGE_CURVE('',#773,#775,#10376,.T.);
#10374=EDGE_CURVE('',#775,#771,#10377,.T.);
#10375=LINE('',#770,#10378);
#10376=LINE('',#772,#10379);
#10377=LINE('',#774,#10380);
#10378=VECTOR('',#10381,1.0);
#10379=VECTOR('',#10382,1.0);
#10380=VECTOR('',#10383,1.0);
#10381=DIRECTION('',(-0.9777721207772724,0.2096704076180399,0));
#10382=DIRECTION('',(1,0,0));
#10383=DIRECTION('',(0.8840134322264849,-0.4674614974980828,0));
#10384=FACE_SURFACE('',(#10389),#10385,.T.);
#10385=PLANE('',#10386);
#10386=AXIS2_PLACEMENT_3D('',#778,#10387,#10388);
#10387=DIRECTION('',(0,-0,-1));
#10388=DIRECTION('',(0,-1,0));
#10389=FACE_BOUND('',#10390,.T.);
#10390=EDGE_LOOP('',(#10391,#10392,#10393));
#10391=ORIENTED_EDGE('',*,*,#10394,.T.);
#10392=ORIENTED_EDGE('',*,*,#10395,.T.);
#10393=ORIENTED_EDGE('',*,*,#10396,.T.);
#10394=EDGE_CURVE('',#779,#409,#10397,.F.);
#10395=EDGE_CURVE('',#409,#771,#10398,.T.);
#10396=EDGE_CURVE('',#771,#779,#10399,.T.);
#10397=LINE('',#778,#10400);
#10398=LINE('',#408,#10401);
#10399=LINE('',#770,#10402);
#10400=VECTOR('',#10403,1.0);
#10401=VECTOR('',#10404,1.0);
#10402=VECTOR('',#10405,1.0);
#10403=DIRECTION('',(0,-1,0));
#10404=DIRECTION('',(-0.17326759137815886,0.9848747848219139,0));
#10405=DIRECTION('',(0.6902491774838502,0.7235717469490281,0));
#10406=FACE_SURFACE('',(#10411),#10407,.T.);
#10407=PLANE('',#10408);
#10408=AXIS2_PLACEMENT_3D('',#332,#10409,#10410);
#10409=DIRECTION('',(0,0,-1));
#10410=DIRECTION('',(1,0,0));
#10411=FACE_BOUND('',#10412,.T.);
#10412=EDGE_LOOP('',(#10413,#10414,#10415));
#10413=ORIENTED_EDGE('',*,*,#10416,.T.);
#10414=ORIENTED_EDGE('',*,*,#10417,.T.);
#10415=ORIENTED_EDGE('',*,*,#10418,.T.);
#10416=EDGE_CURVE('',#333,#331,#10419,.F.);
#10417=EDGE_CURVE('',#331,#781,#10420,.T.);
#10418=EDGE_CURVE('',#781,#333,#10421,.T.);
#10419=LINE('',#332,#10422);
#10420=LINE('',#330,#10423);
#10421=LINE('',#780,#10424);
#10422=VECTOR('',#10425,1.0);
#10423=VECTOR('',#10426,1.0);
#10424=VECTOR('',#10427,1.0);
#10425=DIRECTION('',(1,0,0));
#10426=DIRECTION('',(0,-1,0));
#10427=DIRECTION('',(-0.14939498804325732,0.988777597616145,0));
#10428=FACE_SURFACE('',(#10433),#10429,.T.);
#10429=PLANE('',#10430);
#10430=AXIS2_PLACEMENT_3D('',#782,#10431,#10432);
#10431=DIRECTION('',(0,0,-1));
#10432=DIRECTION('',(0,1,0));
#10433=FACE_BOUND('',#10434,.T.);
#10434=EDGE_LOOP('',(#10435,#10436,#10437));
#10435=ORIENTED_EDGE('',*,*,#10438,.T.);
#10436=ORIENTED_EDGE('',*,*,#10439,.T.);
#10437=ORIENTED_EDGE('',*,*,#10440,.T.);
#10438=EDGE_CURVE('',#783,#333,#10441,.F.);
#10439=EDGE_CURVE('',#333,#781,#10442,.T.);
#10440=EDGE_CURVE('',#781,#783,#10443,.T.);
#10441=LINE('',#782,#10444);
#10442=LINE('',#332,#10445);
#10443=LINE('',#780,#10446);
#10444=VECTOR('',#10447,1.0);
#10445=VECTOR('',#10448,1.0);
#10446=VECTOR('',#10449,1.0);
#10447=DIRECTION('',(0,1,0));
#10448=DIRECTION('',(0.14939498804325732,-0.988777597616145,0));
#10449=DIRECTION('',(-0.7099667941885265,0.7042351533043963,0));
#10450=FACE_SURFACE('',(#10455),#10451,.T.);
#10451=PLANE('',#10452);
#10452=AXIS2_PLACEMENT_3D('',#778,#10453,#10454);
#10453=DIRECTION('',(-0,0,-1));
#10454=DIRECTION('',(-0.6902491774838502,-0.7235717469490281,0));
#10455=FACE_BOUND('',#10456,.T.);
#10456=EDGE_LOOP('',(#10457,#10458,#10459));
#10457=ORIENTED_EDGE('',*,*,#10460,.T.);
#10458=ORIENTED_EDGE('',*,*,#10461,.T.);
#10459=ORIENTED_EDGE('',*,*,#10462,.T.);
#10460=EDGE_CURVE('',#779,#771,#10463,.F.);
#10461=EDGE_CURVE('',#771,#775,#10464,.T.);
#10462=EDGE_CURVE('',#775,#779,#10465,.T.);
#10463=LINE('',#778,#10466);
#10464=LINE('',#770,#10467);
#10465=LINE('',#774,#10468);
#10466=VECTOR('',#10469,1.0);
#10467=VECTOR('',#10470,1.0);
#10468=VECTOR('',#10471,1.0);
#10469=DIRECTION('',(-0.6902491774838502,-0.7235717469490281,0));
#10470=DIRECTION('',(-0.8840134322264849,0.4674614974980828,0));
#10471=DIRECTION('',(0.9795403665589573,-0.20124778329597526,0));
#10472=FACE_SURFACE('',(#10477),#10473,.T.);
#10473=PLANE('',#10474);
#10474=AXIS2_PLACEMENT_3D('',#782,#10475,#10476);
#10475=DIRECTION('',(0,-0,-1));
#10476=DIRECTION('',(0.7099667941885265,-0.7042351533043963,0));
#10477=FACE_BOUND('',#10478,.T.);
#10478=EDGE_LOOP('',(#10479,#10480,#10481));
#10479=ORIENTED_EDGE('',*,*,#10482,.T.);
#10480=ORIENTED_EDGE('',*,*,#10483,.T.);
#10481=ORIENTED_EDGE('',*,*,#10484,.T.);
#10482=EDGE_CURVE('',#783,#781,#10485,.F.);
#10483=EDGE_CURVE('',#781,#779,#10486,.T.);
#10484=EDGE_CURVE('',#779,#783,#10487,.T.);
#10485=LINE('',#782,#10488);
#10486=LINE('',#780,#10489);
#10487=LINE('',#778,#10490);
#10488=VECTOR('',#10491,1.0);
#10489=VECTOR('',#10492,1.0);
#10490=VECTOR('',#10493,1.0);
#10491=DIRECTION('',(0.7099667941885265,-0.7042351533043963,0));
#10492=DIRECTION('',(-1,0,0));
#10493=DIRECTION('',(0.9436435460116128,0.3309635298195695,0));
#10494=FACE_SURFACE('',(#10499),#10495,.T.);
#10495=PLANE('',#10496);
#10496=AXIS2_PLACEMENT_3D('',#778,#10497,#10498);
#10497=DIRECTION('',(0,0,-1));
#10498=DIRECTION('',(-0.9795403665589573,0.20124778329597526,0));
#10499=FACE_BOUND('',#10500,.T.);
#10500=EDGE_LOOP('',(#10501,#10502,#10503));
#10501=ORIENTED_EDGE('',*,*,#10504,.T.);
#10502=ORIENTED_EDGE('',*,*,#10505,.T.);
#10503=ORIENTED_EDGE('',*,*,#10506,.T.);
#10504=EDGE_CURVE('',#779,#775,#10507,.F.);
#10505=EDGE_CURVE('',#775,#777,#10508,.T.);
#10506=EDGE_CURVE('',#777,#779,#10509,.T.);
#10507=LINE('',#778,#10510);
#10508=LINE('',#774,#10511);
#10509=LINE('',#776,#10512);
#10510=VECTOR('',#10513,1.0);
#10511=VECTOR('',#10514,1.0);
#10512=VECTOR('',#10515,1.0);
#10513=DIRECTION('',(-0.9795403665589573,0.20124778329597526,0));
#10514=DIRECTION('',(1,0,0));
#10515=DIRECTION('',(0.9425408607052079,-0.3340908946695283,0));
#10516=FACE_SURFACE('',(#10521),#10517,.T.);
#10517=PLANE('',#10518);
#10518=AXIS2_PLACEMENT_3D('',#776,#10519,#10520);
#10519=DIRECTION('',(0,0,-1));
#10520=DIRECTION('',(1,0,0));
#10521=FACE_BOUND('',#10522,.T.);
#10522=EDGE_LOOP('',(#10523,#10524,#10525));
#10523=ORIENTED_EDGE('',*,*,#10526,.T.);
#10524=ORIENTED_EDGE('',*,*,#10527,.T.);
#10525=ORIENTED_EDGE('',*,*,#10528,.T.);
#10526=EDGE_CURVE('',#777,#783,#10529,.F.);
#10527=EDGE_CURVE('',#783,#779,#10530,.T.);
#10528=EDGE_CURVE('',#779,#777,#10531,.T.);
#10529=LINE('',#776,#10532);
#10530=LINE('',#782,#10533);
#10531=LINE('',#778,#10534);
#10532=VECTOR('',#10535,1.0);
#10533=VECTOR('',#10536,1.0);
#10534=VECTOR('',#10537,1.0);
#10535=DIRECTION('',(1,0,0));
#10536=DIRECTION('',(-0.9436435460116128,-0.3309635298195695,0));
#10537=DIRECTION('',(-0.9425408607052079,0.3340908946695283,0));
#10538=FACE_SURFACE('',(#10543),#10539,.T.);
#10539=PLANE('',#10540);
#10540=AXIS2_PLACEMENT_3D('',#240,#10541,#10542);
#10541=DIRECTION('',(-1,0,0));
#10542=DIRECTION('',(0,-1,0));
#10543=FACE_BOUND('',#10544,.T.);
#10544=EDGE_LOOP('',(#10545,#10546,#10547));
#10545=ORIENTED_EDGE('',*,*,#10548,.T.);
#10546=ORIENTED_EDGE('',*,*,#10549,.T.);
#10547=ORIENTED_EDGE('',*,*,#10550,.T.);
#10548=EDGE_CURVE('',#241,#751,#10551,.F.);
#10549=EDGE_CURVE('',#751,#553,#10552,.T.);
#10550=EDGE_CURVE('',#553,#241,#10553,.T.);
#10551=LINE('',#240,#10554);
#10552=LINE('',#750,#10555);
#10553=LINE('',#552,#10556);
#10554=VECTOR('',#10557,1.0);
#10555=VECTOR('',#10558,1.0);
#10556=VECTOR('',#10559,1.0);
#10557=DIRECTION('',(0,-1,0));
#10558=DIRECTION('',(0,0,1));
#10559=DIRECTION('',(0,0.977802427723823,-0.2095290250476005));
#10560=FACE_SURFACE('',(#10565),#10561,.T.);
#10561=PLANE('',#10562);
#10562=AXIS2_PLACEMENT_3D('',#240,#10563,#10564);
#10563=DIRECTION('',(-1,0,0));
#10564=DIRECTION('',(0,-0.977802427723823,0.2095290250476005));
#10565=FACE_BOUND('',#10566,.T.);
#10566=EDGE_LOOP('',(#10567,#10568,#10569));
#10567=ORIENTED_EDGE('',*,*,#10570,.T.);
#10568=ORIENTED_EDGE('',*,*,#10571,.T.);
#10569=ORIENTED_EDGE('',*,*,#10572,.T.);
#10570=EDGE_CURVE('',#241,#553,#10573,.F.);
#10571=EDGE_CURVE('',#553,#551,#10574,.T.);
#10572=EDGE_CURVE('',#551,#241,#10575,.T.);
#10573=LINE('',#240,#10576);
#10574=LINE('',#552,#10577);
#10575=LINE('',#550,#10578);
#10576=VECTOR('',#10579,1.0);
#10577=VECTOR('',#10580,1.0);
#10578=VECTOR('',#10581,1.0);
#10579=DIRECTION('',(0,-0.977802427723823,0.2095290250476005));
#10580=DIRECTION('',(0,1,0));
#10581=DIRECTION('',(0,0,-1));
#10582=FACE_SURFACE('',(#10587),#10583,.T.);
#10583=PLANE('',#10584);
#10584=AXIS2_PLACEMENT_3D('',#784,#10585,#10586);
#10585=DIRECTION('',(1,0,0));
#10586=DIRECTION('',(0,0,-1));
#10587=FACE_BOUND('',#10588,.T.);
#10588=EDGE_LOOP('',(#10589,#10590,#10591));
#10589=ORIENTED_EDGE('',*,*,#10592,.T.);
#10590=ORIENTED_EDGE('',*,*,#10593,.T.);
#10591=ORIENTED_EDGE('',*,*,#10594,.T.);
#10592=EDGE_CURVE('',#785,#787,#10595,.F.);
#10593=EDGE_CURVE('',#787,#229,#10596,.T.);
#10594=EDGE_CURVE('',#229,#785,#10597,.T.);
#10595=LINE('',#784,#10598);
#10596=LINE('',#786,#10599);
#10597=LINE('',#228,#10600);
#10598=VECTOR('',#10601,1.0);
#10599=VECTOR('',#10602,1.0);
#10600=VECTOR('',#10603,1.0);
#10601=DIRECTION('',(0,0,-1));
#10602=DIRECTION('',(0,1,0));
#10603=DIRECTION('',(0,-0.977802427723823,0.2095290250476005));
#10604=FACE_SURFACE('',(#10609),#10605,.T.);
#10605=PLANE('',#10606);
#10606=AXIS2_PLACEMENT_3D('',#784,#10607,#10608);
#10607=DIRECTION('',(1,-0,0));
#10608=DIRECTION('',(0,0.977802427723823,-0.2095290250476005));
#10609=FACE_BOUND('',#10610,.T.);
#10610=EDGE_LOOP('',(#10611,#10612,#10613));
#10611=ORIENTED_EDGE('',*,*,#10614,.T.);
#10612=ORIENTED_EDGE('',*,*,#10615,.T.);
#10613=ORIENTED_EDGE('',*,*,#10616,.T.);
#10614=EDGE_CURVE('',#785,#229,#10617,.F.);
#10615=EDGE_CURVE('',#229,#577,#10618,.T.);
#10616=EDGE_CURVE('',#577,#785,#10619,.T.);
#10617=LINE('',#784,#10620);
#10618=LINE('',#228,#10621);
#10619=LINE('',#576,#10622);
#10620=VECTOR('',#10623,1.0);
#10621=VECTOR('',#10624,1.0);
#10622=VECTOR('',#10625,1.0);
#10623=DIRECTION('',(0,0.977802427723823,-0.2095290250476005));
#10624=DIRECTION('',(0,0,1));
#10625=DIRECTION('',(0,-1,0));
#10626=FACE_SURFACE('',(#10631),#10627,.T.);
#10627=PLANE('',#10628);
#10628=AXIS2_PLACEMENT_3D('',#506,#10629,#10630);
#10629=DIRECTION('',(0,1,0));
#10630=DIRECTION('',(-1,0,0));
#10631=FACE_BOUND('',#10632,.T.);
#10632=EDGE_LOOP('',(#10633,#10634,#10635));
#10633=ORIENTED_EDGE('',*,*,#10636,.T.);
#10634=ORIENTED_EDGE('',*,*,#10637,.T.);
#10635=ORIENTED_EDGE('',*,*,#10638,.T.);
#10636=EDGE_CURVE('',#507,#745,#10639,.F.);
#10637=EDGE_CURVE('',#745,#541,#10640,.T.);
#10638=EDGE_CURVE('',#541,#507,#10641,.T.);
#10639=LINE('',#506,#10642);
#10640=LINE('',#744,#10643);
#10641=LINE('',#540,#10644);
#10642=VECTOR('',#10645,1.0);
#10643=VECTOR('',#10646,1.0);
#10644=VECTOR('',#10647,1.0);
#10645=DIRECTION('',(-1,0,0));
#10646=DIRECTION('',(0,0,1));
#10647=DIRECTION('',(0.9778024511176456,0,-0.20952891587636344));
#10648=FACE_SURFACE('',(#10653),#10649,.T.);
#10649=PLANE('',#10650);
#10650=AXIS2_PLACEMENT_3D('',#506,#10651,#10652);
#10651=DIRECTION('',(0,1,-0));
#10652=DIRECTION('',(-0.9778024511176456,0,0.20952891587636344));
#10653=FACE_BOUND('',#10654,.T.);
#10654=EDGE_LOOP('',(#10655,#10656,#10657));
#10655=ORIENTED_EDGE('',*,*,#10658,.T.);
#10656=ORIENTED_EDGE('',*,*,#10659,.T.);
#10657=ORIENTED_EDGE('',*,*,#10660,.T.);
#10658=EDGE_CURVE('',#507,#541,#10661,.F.);
#10659=EDGE_CURVE('',#541,#509,#10662,.T.);
#10660=EDGE_CURVE('',#509,#507,#10663,.T.);
#10661=LINE('',#506,#10664);
#10662=LINE('',#540,#10665);
#10663=LINE('',#508,#10666);
#10664=VECTOR('',#10667,1.0);
#10665=VECTOR('',#10668,1.0);
#10666=VECTOR('',#10669,1.0);
#10667=DIRECTION('',(-0.9778024511176456,0,0.20952891587636344));
#10668=DIRECTION('',(1,0,0));
#10669=DIRECTION('',(0,0,-1));
#10670=FACE_SURFACE('',(#10675),#10671,.T.);
#10671=PLANE('',#10672);
#10672=AXIS2_PLACEMENT_3D('',#788,#10673,#10674);
#10673=DIRECTION('',(0,1,0));
#10674=DIRECTION('',(-1,0,0));
#10675=FACE_BOUND('',#10676,.T.);
#10676=EDGE_LOOP('',(#10677,#10678,#10679));
#10677=ORIENTED_EDGE('',*,*,#10680,.T.);
#10678=ORIENTED_EDGE('',*,*,#10681,.T.);
#10679=ORIENTED_EDGE('',*,*,#10682,.T.);
#10680=EDGE_CURVE('',#789,#787,#10683,.F.);
#10681=EDGE_CURVE('',#787,#785,#10684,.T.);
#10682=EDGE_CURVE('',#785,#789,#10685,.T.);
#10683=LINE('',#788,#10686);
#10684=LINE('',#786,#10687);
#10685=LINE('',#784,#10688);
#10686=VECTOR('',#10689,1.0);
#10687=VECTOR('',#10690,1.0);
#10688=VECTOR('',#10691,1.0);
#10689=DIRECTION('',(-1,0,0));
#10690=DIRECTION('',(0,0,1));
#10691=DIRECTION('',(0.9778024335722821,0,-0.20952899775478082));
#10692=FACE_SURFACE('',(#10697),#10693,.T.);
#10693=PLANE('',#10694);
#10694=AXIS2_PLACEMENT_3D('',#788,#10695,#10696);
#10695=DIRECTION('',(0,1,-0));
#10696=DIRECTION('',(-0.9778024335722821,0,0.20952899775478082));
#10697=FACE_BOUND('',#10698,.T.);
#10698=EDGE_LOOP('',(#10699,#10700,#10701));
#10699=ORIENTED_EDGE('',*,*,#10702,.T.);
#10700=ORIENTED_EDGE('',*,*,#10703,.T.);
#10701=ORIENTED_EDGE('',*,*,#10704,.T.);
#10702=EDGE_CURVE('',#789,#785,#10705,.F.);
#10703=EDGE_CURVE('',#785,#791,#10706,.T.);
#10704=EDGE_CURVE('',#791,#789,#10707,.T.);
#10705=LINE('',#788,#10708);
#10706=LINE('',#784,#10709);
#10707=LINE('',#790,#10710);
#10708=VECTOR('',#10711,1.0);
#10709=VECTOR('',#10712,1.0);
#10710=VECTOR('',#10713,1.0);
#10711=DIRECTION('',(-0.9778024335722821,0,0.20952899775478082));
#10712=DIRECTION('',(1,0,0));
#10713=DIRECTION('',(0,0,-1));
#10714=FACE_SURFACE('',(#10719),#10715,.T.);
#10715=PLANE('',#10716);
#10716=AXIS2_PLACEMENT_3D('',#46,#10717,#10718);
#10717=DIRECTION('',(1,0,0));
#10718=DIRECTION('',(0,0,-1));
#10719=FACE_BOUND('',#10720,.T.);
#10720=EDGE_LOOP('',(#10721,#10722,#10723));
#10721=ORIENTED_EDGE('',*,*,#10724,.T.);
#10722=ORIENTED_EDGE('',*,*,#10725,.T.);
#10723=ORIENTED_EDGE('',*,*,#10726,.T.);
#10724=EDGE_CURVE('',#47,#45,#10727,.F.);
#10725=EDGE_CURVE('',#45,#221,#10728,.T.);
#10726=EDGE_CURVE('',#221,#47,#10729,.T.);
#10727=LINE('',#46,#10730);
#10728=LINE('',#44,#10731);
#10729=LINE('',#220,#10732);
#10730=VECTOR('',#10733,1.0);
#10731=VECTOR('',#10734,1.0);
#10732=VECTOR('',#10735,1.0);
#10733=DIRECTION('',(0,0,-1));
#10734=DIRECTION('',(0,1,0));
#10735=DIRECTION('',(0,-0.977802427723823,0.2095290250476005));
#10736=FACE_SURFACE('',(#10741),#10737,.T.);
#10737=PLANE('',#10738);
#10738=AXIS2_PLACEMENT_3D('',#46,#10739,#10740);
#10739=DIRECTION('',(1,-0,0));
#10740=DIRECTION('',(0,0.977802427723823,-0.2095290250476005));
#10741=FACE_BOUND('',#10742,.T.);
#10742=EDGE_LOOP('',(#10743,#10744,#10745));
#10743=ORIENTED_EDGE('',*,*,#10746,.T.);
#10744=ORIENTED_EDGE('',*,*,#10747,.T.);
#10745=ORIENTED_EDGE('',*,*,#10748,.T.);
#10746=EDGE_CURVE('',#47,#221,#10749,.F.);
#10747=EDGE_CURVE('',#221,#583,#10750,.T.);
#10748=EDGE_CURVE('',#583,#47,#10751,.T.);
#10749=LINE('',#46,#10752);
#10750=LINE('',#220,#10753);
#10751=LINE('',#582,#10754);
#10752=VECTOR('',#10755,1.0);
#10753=VECTOR('',#10756,1.0);
#10754=VECTOR('',#10757,1.0);
#10755=DIRECTION('',(0,0.977802427723823,-0.2095290250476005));
#10756=DIRECTION('',(0,0,1));
#10757=DIRECTION('',(0,-1,0));
#10758=FACE_SURFACE('',(#10763),#10759,.T.);
#10759=PLANE('',#10760);
#10760=AXIS2_PLACEMENT_3D('',#792,#10761,#10762);
#10761=DIRECTION('',(0,1,0));
#10762=DIRECTION('',(-1,0,0));
#10763=FACE_BOUND('',#10764,.T.);
#10764=EDGE_LOOP('',(#10765,#10766,#10767));
#10765=ORIENTED_EDGE('',*,*,#10768,.T.);
#10766=ORIENTED_EDGE('',*,*,#10769,.T.);
#10767=ORIENTED_EDGE('',*,*,#10770,.T.);
#10768=EDGE_CURVE('',#793,#749,#10771,.F.);
#10769=EDGE_CURVE('',#749,#555,#10772,.T.);
#10770=EDGE_CURVE('',#555,#793,#10773,.T.);
#10771=LINE('',#792,#10774);
#10772=LINE('',#748,#10775);
#10773=LINE('',#554,#10776);
#10774=VECTOR('',#10777,1.0);
#10775=VECTOR('',#10778,1.0);
#10776=VECTOR('',#10779,1.0);
#10777=DIRECTION('',(-1,0,0));
#10778=DIRECTION('',(0,0,1));
#10779=DIRECTION('',(0.977802427723823,0,-0.2095290250476005));
#10780=FACE_SURFACE('',(#10785),#10781,.T.);
#10781=PLANE('',#10782);
#10782=AXIS2_PLACEMENT_3D('',#792,#10783,#10784);
#10783=DIRECTION('',(0,1,-0));
#10784=DIRECTION('',(-0.977802427723823,0,0.2095290250476005));
#10785=FACE_BOUND('',#10786,.T.);
#10786=EDGE_LOOP('',(#10787,#10788,#10789));
#10787=ORIENTED_EDGE('',*,*,#10790,.T.);
#10788=ORIENTED_EDGE('',*,*,#10791,.T.);
#10789=ORIENTED_EDGE('',*,*,#10792,.T.);
#10790=EDGE_CURVE('',#793,#555,#10793,.F.);
#10791=EDGE_CURVE('',#555,#795,#10794,.T.);
#10792=EDGE_CURVE('',#795,#793,#10795,.T.);
#10793=LINE('',#792,#10796);
#10794=LINE('',#554,#10797);
#10795=LINE('',#794,#10798);
#10796=VECTOR('',#10799,1.0);
#10797=VECTOR('',#10800,1.0);
#10798=VECTOR('',#10801,1.0);
#10799=DIRECTION('',(-0.977802427723823,0,0.2095290250476005));
#10800=DIRECTION('',(1,0,0));
#10801=DIRECTION('',(0,0,-1));
#10802=FACE_SURFACE('',(#10807),#10803,.T.);
#10803=PLANE('',#10804);
#10804=AXIS2_PLACEMENT_3D('',#232,#10805,#10806);
#10805=DIRECTION('',(-1,0,0));
#10806=DIRECTION('',(0,-1,0));
#10807=FACE_BOUND('',#10808,.T.);
#10808=EDGE_LOOP('',(#10809,#10810,#10811));
#10809=ORIENTED_EDGE('',*,*,#10812,.T.);
#10810=ORIENTED_EDGE('',*,*,#10813,.T.);
#10811=ORIENTED_EDGE('',*,*,#10814,.T.);
#10812=EDGE_CURVE('',#233,#793,#10815,.F.);
#10813=EDGE_CURVE('',#793,#795,#10816,.T.);
#10814=EDGE_CURVE('',#795,#233,#10817,.T.);
#10815=LINE('',#232,#10818);
#10816=LINE('',#792,#10819);
#10817=LINE('',#794,#10820);
#10818=VECTOR('',#10821,1.0);
#10819=VECTOR('',#10822,1.0);
#10820=VECTOR('',#10823,1.0);
#10821=DIRECTION('',(0,-1,0));
#10822=DIRECTION('',(0,0,1));
#10823=DIRECTION('',(0,0.977802427723823,-0.2095290250476005));
#10824=FACE_SURFACE('',(#10829),#10825,.T.);
#10825=PLANE('',#10826);
#10826=AXIS2_PLACEMENT_3D('',#232,#10827,#10828);
#10827=DIRECTION('',(-1,0,0));
#10828=DIRECTION('',(0,-0.977802427723823,0.2095290250476005));
#10829=FACE_BOUND('',#10830,.T.);
#10830=EDGE_LOOP('',(#10831,#10832,#10833));
#10831=ORIENTED_EDGE('',*,*,#10834,.T.);
#10832=ORIENTED_EDGE('',*,*,#10835,.T.);
#10833=ORIENTED_EDGE('',*,*,#10836,.T.);
#10834=EDGE_CURVE('',#233,#795,#10837,.F.);
#10835=EDGE_CURVE('',#795,#567,#10838,.T.);
#10836=EDGE_CURVE('',#567,#233,#10839,.T.);
#10837=LINE('',#232,#10840);
#10838=LINE('',#794,#10841);
#10839=LINE('',#566,#10842);
#10840=VECTOR('',#10843,1.0);
#10841=VECTOR('',#10844,1.0);
#10842=VECTOR('',#10845,1.0);
#10843=DIRECTION('',(0,-0.977802427723823,0.2095290250476005));
#10844=DIRECTION('',(0,1,0));
#10845=DIRECTION('',(0,0,-1));
#10846=FACE_SURFACE('',(#10851),#10847,.T.);
#10847=PLANE('',#10848);
#10848=AXIS2_PLACEMENT_3D('',#796,#10849,#10850);
#10849=DIRECTION('',(0,0,1));
#10850=DIRECTION('',(-0.001888921435694565,-0.9999982159863136,0));
#10851=FACE_BOUND('',#10852,.T.);
#10852=EDGE_LOOP('',(#10853,#10854,#10855));
#10853=ORIENTED_EDGE('',*,*,#10856,.T.);
#10854=ORIENTED_EDGE('',*,*,#10857,.T.);
#10855=ORIENTED_EDGE('',*,*,#10858,.T.);
#10856=EDGE_CURVE('',#797,#683,#10859,.F.);
#10857=EDGE_CURVE('',#683,#687,#10860,.T.);
#10858=EDGE_CURVE('',#687,#797,#10861,.T.);
#10859=LINE('',#796,#10862);
#10860=LINE('',#682,#10863);
#10861=LINE('',#686,#10864);
#10862=VECTOR('',#10865,1.0);
#10863=VECTOR('',#10866,1.0);
#10864=VECTOR('',#10867,1.0);
#10865=DIRECTION('',(-0.001888921435694565,-0.9999982159863136,0));
#10866=DIRECTION('',(1,0,0));
#10867=DIRECTION('',(-0.14306951220886682,0.9897126424757425,0));
#10868=FACE_SURFACE('',(#10873),#10869,.T.);
#10869=PLANE('',#10870);
#10870=AXIS2_PLACEMENT_3D('',#796,#10871,#10872);
#10871=DIRECTION('',(0,0,1));
#10872=DIRECTION('',(0.14306951220886682,-0.9897126424757425,0));
#10873=FACE_BOUND('',#10874,.T.);
#10874=EDGE_LOOP('',(#10875,#10876,#10877));
#10875=ORIENTED_EDGE('',*,*,#10878,.T.);
#10876=ORIENTED_EDGE('',*,*,#10879,.T.);
#10877=ORIENTED_EDGE('',*,*,#10880,.T.);
#10878=EDGE_CURVE('',#797,#687,#10881,.F.);
#10879=EDGE_CURVE('',#687,#799,#10882,.T.);
#10880=EDGE_CURVE('',#799,#797,#10883,.T.);
#10881=LINE('',#796,#10884);
#10882=LINE('',#686,#10885);
#10883=LINE('',#798,#10886);
#10884=VECTOR('',#10887,1.0);
#10885=VECTOR('',#10888,1.0);
#10886=VECTOR('',#10889,1.0);
#10887=DIRECTION('',(0.14306951220886682,-0.9897126424757425,0));
#10888=DIRECTION('',(0,1,0));
#10889=DIRECTION('',(-0.6903738451219276,0.7234528000993325,0));
#10890=FACE_SURFACE('',(#10895),#10891,.T.);
#10891=PLANE('',#10892);
#10892=AXIS2_PLACEMENT_3D('',#536,#10893,#10894);
#10893=DIRECTION('',(0,0,1));
#10894=DIRECTION('',(0,-1,0));
#10895=FACE_BOUND('',#10896,.T.);
#10896=EDGE_LOOP('',(#10897,#10898,#10899));
#10897=ORIENTED_EDGE('',*,*,#10900,.T.);
#10898=ORIENTED_EDGE('',*,*,#10901,.T.);
#10899=ORIENTED_EDGE('',*,*,#10902,.T.);
#10900=EDGE_CURVE('',#537,#801,#10903,.F.);
#10901=EDGE_CURVE('',#801,#797,#10904,.T.);
#10902=EDGE_CURVE('',#797,#537,#10905,.T.);
#10903=LINE('',#536,#10906);
#10904=LINE('',#800,#10907);
#10905=LINE('',#796,#10908);
#10906=VECTOR('',#10909,1.0);
#10907=VECTOR('',#10910,1.0);
#10908=VECTOR('',#10911,1.0);
#10909=DIRECTION('',(0,-1,0));
#10910=DIRECTION('',(1,0,0));
#10911=DIRECTION('',(-0.9666085293109583,0.2562575873282705,0));
#10912=FACE_SURFACE('',(#10917),#10913,.T.);
#10913=PLANE('',#10914);
#10914=AXIS2_PLACEMENT_3D('',#504,#10915,#10916);
#10915=DIRECTION('',(0,0,1));
#10916=DIRECTION('',(-1,0,0));
#10917=FACE_BOUND('',#10918,.T.);
#10918=EDGE_LOOP('',(#10919,#10920,#10921));
#10919=ORIENTED_EDGE('',*,*,#10922,.T.);
#10920=ORIENTED_EDGE('',*,*,#10923,.T.);
#10921=ORIENTED_EDGE('',*,*,#10924,.T.);
#10922=EDGE_CURVE('',#505,#537,#10925,.F.);
#10923=EDGE_CURVE('',#537,#797,#10926,.T.);
#10924=EDGE_CURVE('',#797,#505,#10927,.T.);
#10925=LINE('',#504,#10928);
#10926=LINE('',#536,#10929);
#10927=LINE('',#796,#10930);
#10928=VECTOR('',#10931,1.0);
#10929=VECTOR('',#10932,1.0);
#10930=VECTOR('',#10933,1.0);
#10931=DIRECTION('',(-1,0,0));
#10932=DIRECTION('',(0.9666085293109583,-0.2562575873282705,0));
#10933=DIRECTION('',(-0.9428183824077992,0.33330691231047244,0));
#10934=FACE_SURFACE('',(#10939),#10935,.T.);
#10935=PLANE('',#10936);
#10936=AXIS2_PLACEMENT_3D('',#796,#10937,#10938);
#10937=DIRECTION('',(0,0,1));
#10938=DIRECTION('',(0.6903738451219276,-0.7234528000993325,0));
#10939=FACE_BOUND('',#10940,.T.);
#10940=EDGE_LOOP('',(#10941,#10942,#10943));
#10941=ORIENTED_EDGE('',*,*,#10944,.T.);
#10942=ORIENTED_EDGE('',*,*,#10945,.T.);
#10943=ORIENTED_EDGE('',*,*,#10946,.T.);
#10944=EDGE_CURVE('',#797,#799,#10947,.F.);
#10945=EDGE_CURVE('',#799,#697,#10948,.T.);
#10946=EDGE_CURVE('',#697,#797,#10949,.T.);
#10947=LINE('',#796,#10950);
#10948=LINE('',#798,#10951);
#10949=LINE('',#696,#10952);
#10950=VECTOR('',#10953,1.0);
#10951=VECTOR('',#10954,1.0);
#10952=VECTOR('',#10955,1.0);
#10953=DIRECTION('',(0.6903738451219276,-0.7234528000993325,0));
#10954=DIRECTION('',(1,0,0));
#10955=DIRECTION('',(-0.988565029277926,0.1507951686518289,0));
#10956=FACE_SURFACE('',(#10961),#10957,.T.);
#10957=PLANE('',#10958);
#10958=AXIS2_PLACEMENT_3D('',#796,#10959,#10960);
#10959=DIRECTION('',(0,0,1));
#10960=DIRECTION('',(0.988565029277926,-0.1507951686518289,0));
#10961=FACE_BOUND('',#10962,.T.);
#10962=EDGE_LOOP('',(#10963,#10964,#10965));
#10963=ORIENTED_EDGE('',*,*,#10966,.T.);
#10964=ORIENTED_EDGE('',*,*,#10967,.T.);
#10965=ORIENTED_EDGE('',*,*,#10968,.T.);
#10966=EDGE_CURVE('',#797,#697,#10969,.F.);
#10967=EDGE_CURVE('',#697,#359,#10970,.T.);
#10968=EDGE_CURVE('',#359,#797,#10971,.T.);
#10969=LINE('',#796,#10972);
#10970=LINE('',#696,#10973);
#10971=LINE('',#358,#10974);
#10972=VECTOR('',#10975,1.0);
#10973=VECTOR('',#10976,1.0);
#10974=VECTOR('',#10977,1.0);
#10975=DIRECTION('',(0.988565029277926,-0.1507951686518289,0));
#10976=DIRECTION('',(1,0,0));
#10977=DIRECTION('',(-0.9932705389088097,0.11581725491394976,0));
#10978=FACE_SURFACE('',(#10983),#10979,.T.);
#10979=PLANE('',#10980);
#10980=AXIS2_PLACEMENT_3D('',#538,#10981,#10982);
#10981=DIRECTION('',(0,0,1));
#10982=DIRECTION('',(-1,0,0));
#10983=FACE_BOUND('',#10984,.T.);
#10984=EDGE_LOOP('',(#10985,#10986,#10987));
#10985=ORIENTED_EDGE('',*,*,#10988,.T.);
#10986=ORIENTED_EDGE('',*,*,#10989,.T.);
#10987=ORIENTED_EDGE('',*,*,#10990,.T.);
#10988=EDGE_CURVE('',#539,#505,#10991,.F.);
#10989=EDGE_CURVE('',#505,#797,#10992,.T.);
#10990=EDGE_CURVE('',#797,#539,#10993,.T.);
#10991=LINE('',#538,#10994);
#10992=LINE('',#504,#10995);
#10993=LINE('',#796,#10996);
#10994=VECTOR('',#10997,1.0);
#10995=VECTOR('',#10998,1.0);
#10996=VECTOR('',#10999,1.0);
#10997=DIRECTION('',(-1,0,0));
#10998=DIRECTION('',(0.9428183824077992,-0.33330691231047244,0));
#10999=DIRECTION('',(0.9360472039679478,0.3518744548042485,0));
#11000=FACE_SURFACE('',(#11005),#11001,.T.);
#11001=PLANE('',#11002);
#11002=AXIS2_PLACEMENT_3D('',#540,#11003,#11004);
#11003=DIRECTION('',(0,0,1));
#11004=DIRECTION('',(-1,0,0));
#11005=FACE_BOUND('',#11006,.T.);
#11006=EDGE_LOOP('',(#11007,#11008,#11009));
#11007=ORIENTED_EDGE('',*,*,#11010,.T.);
#11008=ORIENTED_EDGE('',*,*,#11011,.T.);
#11009=ORIENTED_EDGE('',*,*,#11012,.T.);
#11010=EDGE_CURVE('',#541,#539,#11013,.F.);
#11011=EDGE_CURVE('',#539,#797,#11014,.T.);
#11012=EDGE_CURVE('',#797,#541,#11015,.T.);
#11013=LINE('',#540,#11016);
#11014=LINE('',#538,#11017);
#11015=LINE('',#796,#11018);
#11016=VECTOR('',#11019,1.0);
#11017=VECTOR('',#11020,1.0);
#11018=VECTOR('',#11021,1.0);
#11019=DIRECTION('',(-1,0,0));
#11020=DIRECTION('',(-0.9360472039679478,-0.3518744548042485,0));
#11021=DIRECTION('',(0.9775558325717125,0.21067651555174813,0));
#11022=FACE_SURFACE('',(#11027),#11023,.T.);
#11023=PLANE('',#11024);
#11024=AXIS2_PLACEMENT_3D('',#796,#11025,#11026);
#11025=DIRECTION('',(0,0,1));
#11026=DIRECTION('',(0.9932705389088097,-0.11581725491394976,0));
#11027=FACE_BOUND('',#11028,.T.);
#11028=EDGE_LOOP('',(#11029,#11030,#11031));
#11029=ORIENTED_EDGE('',*,*,#11032,.T.);
#11030=ORIENTED_EDGE('',*,*,#11033,.T.);
#11031=ORIENTED_EDGE('',*,*,#11034,.T.);
#11032=EDGE_CURVE('',#797,#359,#11035,.F.);
#11033=EDGE_CURVE('',#359,#693,#11036,.T.);
#11034=EDGE_CURVE('',#693,#797,#11037,.T.);
#11035=LINE('',#796,#11038);
#11036=LINE('',#358,#11039);
#11037=LINE('',#692,#11040);
#11038=VECTOR('',#11041,1.0);
#11039=VECTOR('',#11042,1.0);
#11040=VECTOR('',#11043,1.0);
#11041=DIRECTION('',(0.9932705389088097,-0.11581725491394976,0));
#11042=DIRECTION('',(1,0,0));
#11043=DIRECTION('',(-0.9975217300942552,0.07035906473059447,0));
#11044=FACE_SURFACE('',(#11049),#11045,.T.);
#11045=PLANE('',#11046);
#11046=AXIS2_PLACEMENT_3D('',#796,#11047,#11048);
#11047=DIRECTION('',(0,0,1));
#11048=DIRECTION('',(0.9975217300942552,-0.07035906473059447,0));
#11049=FACE_BOUND('',#11050,.T.);
#11050=EDGE_LOOP('',(#11051,#11052,#11053));
#11051=ORIENTED_EDGE('',*,*,#11054,.T.);
#11052=ORIENTED_EDGE('',*,*,#11055,.T.);
#11053=ORIENTED_EDGE('',*,*,#11056,.T.);
#11054=EDGE_CURVE('',#797,#693,#11057,.F.);
#11055=EDGE_CURVE('',#693,#691,#11058,.T.);
#11056=EDGE_CURVE('',#691,#797,#11059,.T.);
#11057=LINE('',#796,#11060);
#11058=LINE('',#692,#11061);
#11059=LINE('',#690,#11062);
#11060=VECTOR('',#11063,1.0);
#11061=VECTOR('',#11064,1.0);
#11062=VECTOR('',#11065,1.0);
#11063=DIRECTION('',(0.9975217300942552,-0.07035906473059447,0));
#11064=DIRECTION('',(1,0,0));
#11065=DIRECTION('',(-0.9980997840768291,0.06161834974897612,0));
#11066=FACE_SURFACE('',(#11071),#11067,.T.);
#11067=PLANE('',#11068);
#11068=AXIS2_PLACEMENT_3D('',#508,#11069,#11070);
#11069=DIRECTION('',(0,0,1));
#11070=DIRECTION('',(-1,0,0));
#11071=FACE_BOUND('',#11072,.T.);
#11072=EDGE_LOOP('',(#11073,#11074,#11075));
#11073=ORIENTED_EDGE('',*,*,#11076,.T.);
#11074=ORIENTED_EDGE('',*,*,#11077,.T.);
#11075=ORIENTED_EDGE('',*,*,#11078,.T.);
#11076=EDGE_CURVE('',#509,#541,#11079,.F.);
#11077=EDGE_CURVE('',#541,#797,#11080,.T.);
#11078=EDGE_CURVE('',#797,#509,#11081,.T.);
#11079=LINE('',#508,#11082);
#11080=LINE('',#540,#11083);
#11081=LINE('',#796,#11084);
#11082=VECTOR('',#11085,1.0);
#11083=VECTOR('',#11086,1.0);
#11084=VECTOR('',#11087,1.0);
#11085=DIRECTION('',(-1,0,0));
#11086=DIRECTION('',(-0.9775558325717125,-0.21067651555174813,0));
#11087=DIRECTION('',(0.9951618242074751,0.09824939511289778,0));
#11088=FACE_SURFACE('',(#11093),#11089,.T.);
#11089=PLANE('',#11090);
#11090=AXIS2_PLACEMENT_3D('',#544,#11091,#11092);
#11091=DIRECTION('',(0,0,1));
#11092=DIRECTION('',(-1,0,0));
#11093=FACE_BOUND('',#11094,.T.);
#11094=EDGE_LOOP('',(#11095,#11096,#11097));
#11095=ORIENTED_EDGE('',*,*,#11098,.T.);
#11096=ORIENTED_EDGE('',*,*,#11099,.T.);
#11097=ORIENTED_EDGE('',*,*,#11100,.T.);
#11098=EDGE_CURVE('',#545,#509,#11101,.F.);
#11099=EDGE_CURVE('',#509,#797,#11102,.T.);
#11100=EDGE_CURVE('',#797,#545,#11103,.T.);
#11101=LINE('',#544,#11104);
#11102=LINE('',#508,#11105);
#11103=LINE('',#796,#11106);
#11104=VECTOR('',#11107,1.0);
#11105=VECTOR('',#11108,1.0);
#11106=VECTOR('',#11109,1.0);
#11107=DIRECTION('',(-1,0,0));
#11108=DIRECTION('',(-0.9951618242074751,-0.09824939511289778,0));
#11109=DIRECTION('',(0.9966072626828197,0.08230409447808304,0));
#11110=FACE_SURFACE('',(#11115),#11111,.T.);
#11111=PLANE('',#11112);
#11112=AXIS2_PLACEMENT_3D('',#796,#11113,#11114);
#11113=DIRECTION('',(0,0,1));
#11114=DIRECTION('',(0.9980997840768291,-0.06161834974897612,0));
#11115=FACE_BOUND('',#11116,.T.);
#11116=EDGE_LOOP('',(#11117,#11118,#11119));
#11117=ORIENTED_EDGE('',*,*,#11120,.T.);
#11118=ORIENTED_EDGE('',*,*,#11121,.T.);
#11119=ORIENTED_EDGE('',*,*,#11122,.T.);
#11120=EDGE_CURVE('',#797,#691,#11123,.F.);
#11121=EDGE_CURVE('',#691,#803,#11124,.T.);
#11122=EDGE_CURVE('',#803,#797,#11125,.T.);
#11123=LINE('',#796,#11126);
#11124=LINE('',#690,#11127);
#11125=LINE('',#802,#11128);
#11126=VECTOR('',#11129,1.0);
#11127=VECTOR('',#11130,1.0);
#11128=VECTOR('',#11131,1.0);
#11129=DIRECTION('',(0.9980997840768291,-0.06161834974897612,0));
#11130=DIRECTION('',(1,0,0));
#11131=DIRECTION('',(-0.9989495090393049,0.04582443005790308,0));
#11132=FACE_SURFACE('',(#11137),#11133,.T.);
#11133=PLANE('',#11134);
#11134=AXIS2_PLACEMENT_3D('',#802,#11135,#11136);
#11135=DIRECTION('',(0,0,1));
#11136=DIRECTION('',(0,-1,0));
#11137=FACE_BOUND('',#11138,.T.);
#11138=EDGE_LOOP('',(#11139,#11140,#11141));
#11139=ORIENTED_EDGE('',*,*,#11142,.T.);
#11140=ORIENTED_EDGE('',*,*,#11143,.T.);
#11141=ORIENTED_EDGE('',*,*,#11144,.T.);
#11142=EDGE_CURVE('',#803,#679,#11145,.F.);
#11143=EDGE_CURVE('',#679,#671,#11146,.T.);
#11144=EDGE_CURVE('',#671,#803,#11147,.T.);
#11145=LINE('',#802,#11148);
#11146=LINE('',#678,#11149);
#11147=LINE('',#670,#11150);
#11148=VECTOR('',#11151,1.0);
#11149=VECTOR('',#11152,1.0);
#11150=VECTOR('',#11153,1.0);
#11151=DIRECTION('',(0,-1,0));
#11152=DIRECTION('',(1,0,0));
#11153=DIRECTION('',(-0.33931373244500945,0.9406732647281077,0));
#11154=FACE_SURFACE('',(#11159),#11155,.T.);
#11155=PLANE('',#11156);
#11156=AXIS2_PLACEMENT_3D('',#802,#11157,#11158);
#11157=DIRECTION('',(-0,0,1));
#11158=DIRECTION('',(0.33931373244500945,-0.9406732647281077,0));
#11159=FACE_BOUND('',#11160,.T.);
#11160=EDGE_LOOP('',(#11161,#11162,#11163));
#11161=ORIENTED_EDGE('',*,*,#11164,.T.);
#11162=ORIENTED_EDGE('',*,*,#11165,.T.);
#11163=ORIENTED_EDGE('',*,*,#11166,.T.);
#11164=EDGE_CURVE('',#803,#671,#11167,.F.);
#11165=EDGE_CURVE('',#671,#805,#11168,.T.);
#11166=EDGE_CURVE('',#805,#803,#11169,.T.);
#11167=LINE('',#802,#11170);
#11168=LINE('',#670,#11171);
#11169=LINE('',#804,#11172);
#11170=VECTOR('',#11173,1.0);
#11171=VECTOR('',#11174,1.0);
#11172=VECTOR('',#11175,1.0);
#11173=DIRECTION('',(0.33931373244500945,-0.9406732647281077,0));
#11174=DIRECTION('',(0,1,0));
#11175=DIRECTION('',(-1,0,0));
#11176=FACE_SURFACE('',(#11181),#11177,.T.);
#11177=PLANE('',#11178);
#11178=AXIS2_PLACEMENT_3D('',#544,#11179,#11180);
#11179=DIRECTION('',(0,0,1));
#11180=DIRECTION('',(-0.9966072626828197,-0.08230409447808304,0));
#11181=FACE_BOUND('',#11182,.T.);
#11182=EDGE_LOOP('',(#11183,#11184,#11185));
#11183=ORIENTED_EDGE('',*,*,#11186,.T.);
#11184=ORIENTED_EDGE('',*,*,#11187,.T.);
#11185=ORIENTED_EDGE('',*,*,#11188,.T.);
#11186=EDGE_CURVE('',#545,#797,#11189,.F.);
#11187=EDGE_CURVE('',#797,#803,#11190,.T.);
#11188=EDGE_CURVE('',#803,#545,#11191,.T.);
#11189=LINE('',#544,#11192);
#11190=LINE('',#796,#11193);
#11191=LINE('',#802,#11194);
#11192=VECTOR('',#11195,1.0);
#11193=VECTOR('',#11196,1.0);
#11194=VECTOR('',#11197,1.0);
#11195=DIRECTION('',(-0.9966072626828197,-0.08230409447808304,0));
#11196=DIRECTION('',(0.9989495090393049,-0.04582443005790308,0));
#11197=DIRECTION('',(-0.9778630282385362,0.20924602267225978,0));
#11198=FACE_SURFACE('',(#11203),#11199,.T.);
#11199=PLANE('',#11200);
#11200=AXIS2_PLACEMENT_3D('',#552,#11201,#11202);
#11201=DIRECTION('',(0,0,1));
#11202=DIRECTION('',(-1,0,0));
#11203=FACE_BOUND('',#11204,.T.);
#11204=EDGE_LOOP('',(#11205,#11206,#11207));
#11205=ORIENTED_EDGE('',*,*,#11208,.T.);
#11206=ORIENTED_EDGE('',*,*,#11209,.T.);
#11207=ORIENTED_EDGE('',*,*,#11210,.T.);
#11208=EDGE_CURVE('',#553,#545,#11211,.F.);
#11209=EDGE_CURVE('',#545,#803,#11212,.T.);
#11210=EDGE_CURVE('',#803,#553,#11213,.T.);
#11211=LINE('',#552,#11214);
#11212=LINE('',#544,#11215);
#11213=LINE('',#802,#11216);
#11214=VECTOR('',#11217,1.0);
#11215=VECTOR('',#11218,1.0);
#11216=VECTOR('',#11219,1.0);
#11217=DIRECTION('',(-1,0,0));
#11218=DIRECTION('',(0.9778630282385362,-0.20924602267225978,0));
#11219=DIRECTION('',(-0.8850182252023744,0.465556377960435,0));
#11220=FACE_SURFACE('',(#11225),#11221,.T.);
#11221=PLANE('',#11222);
#11222=AXIS2_PLACEMENT_3D('',#552,#11223,#11224);
#11223=DIRECTION('',(0,0,1));
#11224=DIRECTION('',(0.8850182252023744,-0.465556377960435,0));
#11225=FACE_BOUND('',#11226,.T.);
#11226=EDGE_LOOP('',(#11227,#11228,#11229));
#11227=ORIENTED_EDGE('',*,*,#11230,.T.);
#11228=ORIENTED_EDGE('',*,*,#11231,.T.);
#11229=ORIENTED_EDGE('',*,*,#11232,.T.);
#11230=EDGE_CURVE('',#553,#803,#11233,.F.);
#11231=EDGE_CURVE('',#803,#805,#11234,.T.);
#11232=EDGE_CURVE('',#805,#553,#11235,.T.);
#11233=LINE('',#552,#11236);
#11234=LINE('',#802,#11237);
#11235=LINE('',#804,#11238);
#11236=VECTOR('',#11239,1.0);
#11237=VECTOR('',#11240,1.0);
#11238=VECTOR('',#11241,1.0);
#11239=DIRECTION('',(0.8850182252023744,-0.465556377960435,0));
#11240=DIRECTION('',(1,0,0));
#11241=DIRECTION('',(-0.945407232093054,0.32589134002938835,0));
#11242=FACE_SURFACE('',(#11247),#11243,.T.);
#11243=PLANE('',#11244);
#11244=AXIS2_PLACEMENT_3D('',#554,#11245,#11246);
#11245=DIRECTION('',(0,0,1));
#11246=DIRECTION('',(-1,0,0));
#11247=FACE_BOUND('',#11248,.T.);
#11248=EDGE_LOOP('',(#11249,#11250,#11251));
#11249=ORIENTED_EDGE('',*,*,#11252,.T.);
#11250=ORIENTED_EDGE('',*,*,#11253,.T.);
#11251=ORIENTED_EDGE('',*,*,#11254,.T.);
#11252=EDGE_CURVE('',#555,#553,#11255,.F.);
#11253=EDGE_CURVE('',#553,#805,#11256,.T.);
#11254=EDGE_CURVE('',#805,#555,#11257,.T.);
#11255=LINE('',#554,#11258);
#11256=LINE('',#552,#11259);
#11257=LINE('',#804,#11260);
#11258=VECTOR('',#11261,1.0);
#11259=VECTOR('',#11262,1.0);
#11260=VECTOR('',#11263,1.0);
#11261=DIRECTION('',(-1,0,0));
#11262=DIRECTION('',(0.945407232093054,-0.32589134002938835,0));
#11263=DIRECTION('',(-0.8850179965332373,0.4655568126580198,0));
#11264=FACE_SURFACE('',(#11269),#11265,.T.);
#11265=PLANE('',#11266);
#11266=AXIS2_PLACEMENT_3D('',#554,#11267,#11268);
#11267=DIRECTION('',(0,0,1));
#11268=DIRECTION('',(0.8850179965332373,-0.4655568126580198,0));
#11269=FACE_BOUND('',#11270,.T.);
#11270=EDGE_LOOP('',(#11271,#11272,#11273));
#11271=ORIENTED_EDGE('',*,*,#11274,.T.);
#11272=ORIENTED_EDGE('',*,*,#11275,.T.);
#11273=ORIENTED_EDGE('',*,*,#11276,.T.);
#11274=EDGE_CURVE('',#555,#805,#11277,.F.);
#11275=EDGE_CURVE('',#805,#663,#11278,.T.);
#11276=EDGE_CURVE('',#663,#555,#11279,.T.);
#11277=LINE('',#554,#11280);
#11278=LINE('',#804,#11281);
#11279=LINE('',#662,#11282);
#11280=VECTOR('',#11283,1.0);
#11281=VECTOR('',#11284,1.0);
#11282=VECTOR('',#11285,1.0);
#11283=DIRECTION('',(0.8850179965332373,-0.4655568126580198,0));
#11284=DIRECTION('',(1,0,0));
#11285=DIRECTION('',(-0.9778630005563187,0.2092461520386771,0));
#11286=FACE_SURFACE('',(#11291),#11287,.T.);
#11287=PLANE('',#11288);
#11288=AXIS2_PLACEMENT_3D('',#576,#11289,#11290);
#11289=DIRECTION('',(0,0,1));
#11290=DIRECTION('',(-1,0,0));
#11291=FACE_BOUND('',#11292,.T.);
#11292=EDGE_LOOP('',(#11293,#11294,#11295));
#11293=ORIENTED_EDGE('',*,*,#11296,.T.);
#11294=ORIENTED_EDGE('',*,*,#11297,.T.);
#11295=ORIENTED_EDGE('',*,*,#11298,.T.);
#11296=EDGE_CURVE('',#577,#567,#11299,.F.);
#11297=EDGE_CURVE('',#567,#795,#11300,.T.);
#11298=EDGE_CURVE('',#795,#577,#11301,.T.);
#11299=LINE('',#576,#11302);
#11300=LINE('',#566,#11303);
#11301=LINE('',#794,#11304);
#11302=VECTOR('',#11305,1.0);
#11303=VECTOR('',#11306,1.0);
#11304=VECTOR('',#11307,1.0);
#11305=DIRECTION('',(-1,0,0));
#11306=DIRECTION('',(0,-1,0));
#11307=DIRECTION('',(0.33931372221864897,0.9406732684168959,0));
#11308=FACE_SURFACE('',(#11313),#11309,.T.);
#11309=PLANE('',#11310);
#11310=AXIS2_PLACEMENT_3D('',#794,#11311,#11312);
#11311=DIRECTION('',(0,0,1));
#11312=DIRECTION('',(-1,0,0));
#11313=FACE_BOUND('',#11314,.T.);
#11314=EDGE_LOOP('',(#11315,#11316,#11317));
#11315=ORIENTED_EDGE('',*,*,#11318,.T.);
#11316=ORIENTED_EDGE('',*,*,#11319,.T.);
#11317=ORIENTED_EDGE('',*,*,#11320,.T.);
#11318=EDGE_CURVE('',#795,#555,#11321,.F.);
#11319=EDGE_CURVE('',#555,#663,#11322,.T.);
#11320=EDGE_CURVE('',#663,#795,#11323,.T.);
#11321=LINE('',#794,#11324);
#11322=LINE('',#554,#11325);
#11323=LINE('',#662,#11326);
#11324=VECTOR('',#11327,1.0);
#11325=VECTOR('',#11328,1.0);
#11326=VECTOR('',#11329,1.0);
#11327=DIRECTION('',(-1,0,0));
#11328=DIRECTION('',(0.9778630005563187,-0.2092461520386771,0));
#11329=DIRECTION('',(-0.8850179965332373,0.4655568126580198,0));
#11330=FACE_SURFACE('',(#11335),#11331,.T.);
#11331=PLANE('',#11332);
#11332=AXIS2_PLACEMENT_3D('',#794,#11333,#11334);
#11333=DIRECTION('',(0,0,1));
#11334=DIRECTION('',(0.8850179965332373,-0.4655568126580198,0));
#11335=FACE_BOUND('',#11336,.T.);
#11336=EDGE_LOOP('',(#11337,#11338,#11339));
#11337=ORIENTED_EDGE('',*,*,#11340,.T.);
#11338=ORIENTED_EDGE('',*,*,#11341,.T.);
#11339=ORIENTED_EDGE('',*,*,#11342,.T.);
#11340=EDGE_CURVE('',#795,#663,#11343,.F.);
#11341=EDGE_CURVE('',#663,#661,#11344,.T.);
#11342=EDGE_CURVE('',#661,#795,#11345,.T.);
#11343=LINE('',#794,#11346);
#11344=LINE('',#662,#11347);
#11345=LINE('',#660,#11348);
#11346=VECTOR('',#11349,1.0);
#11347=VECTOR('',#11350,1.0);
#11348=VECTOR('',#11351,1.0);
#11349=DIRECTION('',(0.8850179965332373,-0.4655568126580198,0));
#11350=DIRECTION('',(1,0,0));
#11351=DIRECTION('',(-0.9454072974552954,0.3258911504141751,0));
#11352=FACE_SURFACE('',(#11357),#11353,.T.);
#11353=PLANE('',#11354);
#11354=AXIS2_PLACEMENT_3D('',#784,#11355,#11356);
#11355=DIRECTION('',(0,-0,1));
#11356=DIRECTION('',(0,1,0));
#11357=FACE_BOUND('',#11358,.T.);
#11358=EDGE_LOOP('',(#11359,#11360,#11361));
#11359=ORIENTED_EDGE('',*,*,#11362,.T.);
#11360=ORIENTED_EDGE('',*,*,#11363,.T.);
#11361=ORIENTED_EDGE('',*,*,#11364,.T.);
#11362=EDGE_CURVE('',#785,#577,#11365,.F.);
#11363=EDGE_CURVE('',#577,#795,#11366,.T.);
#11364=EDGE_CURVE('',#795,#785,#11367,.T.);
#11365=LINE('',#784,#11368);
#11366=LINE('',#576,#11369);
#11367=LINE('',#794,#11370);
#11368=VECTOR('',#11371,1.0);
#11369=VECTOR('',#11372,1.0);
#11370=VECTOR('',#11373,1.0);
#11371=DIRECTION('',(0,1,0));
#11372=DIRECTION('',(-0.33931372221864897,-0.9406732684168959,0));
#11373=DIRECTION('',(1,0,0));
#11374=FACE_SURFACE('',(#11379),#11375,.T.);
#11375=PLANE('',#11376);
#11376=AXIS2_PLACEMENT_3D('',#582,#11377,#11378);
#11377=DIRECTION('',(0,0,1));
#11378=DIRECTION('',(-1,0,0));
#11379=FACE_BOUND('',#11380,.T.);
#11380=EDGE_LOOP('',(#11381,#11382,#11383));
#11381=ORIENTED_EDGE('',*,*,#11384,.T.);
#11382=ORIENTED_EDGE('',*,*,#11385,.T.);
#11383=ORIENTED_EDGE('',*,*,#11386,.T.);
#11384=EDGE_CURVE('',#583,#579,#11387,.F.);
#11385=EDGE_CURVE('',#579,#791,#11388,.T.);
#11386=EDGE_CURVE('',#791,#583,#11389,.T.);
#11387=LINE('',#582,#11390);
#11388=LINE('',#578,#11391);
#11389=LINE('',#790,#11392);
#11390=VECTOR('',#11393,1.0);
#11391=VECTOR('',#11394,1.0);
#11392=VECTOR('',#11395,1.0);
#11393=DIRECTION('',(-1,0,0));
#11394=DIRECTION('',(0,-1,0));
#11395=DIRECTION('',(0.33931360881723155,0.9406733093223315,0));
#11396=FACE_SURFACE('',(#11401),#11397,.T.);
#11397=PLANE('',#11398);
#11398=AXIS2_PLACEMENT_3D('',#784,#11399,#11400);
#11399=DIRECTION('',(0,0,1));
#11400=DIRECTION('',(-1,0,0));
#11401=FACE_BOUND('',#11402,.T.);
#11402=EDGE_LOOP('',(#11403,#11404,#11405));
#11403=ORIENTED_EDGE('',*,*,#11406,.T.);
#11404=ORIENTED_EDGE('',*,*,#11407,.T.);
#11405=ORIENTED_EDGE('',*,*,#11408,.T.);
#11406=EDGE_CURVE('',#785,#795,#11409,.F.);
#11407=EDGE_CURVE('',#795,#661,#11410,.T.);
#11408=EDGE_CURVE('',#661,#785,#11411,.T.);
#11409=LINE('',#784,#11412);
#11410=LINE('',#794,#11413);
#11411=LINE('',#660,#11414);
#11412=VECTOR('',#11415,1.0);
#11413=VECTOR('',#11416,1.0);
#11414=VECTOR('',#11417,1.0);
#11415=DIRECTION('',(-1,0,0));
#11416=DIRECTION('',(0.9454072974552954,-0.3258911504141751,0));
#11417=DIRECTION('',(-0.8850184157594991,0.46555601571298183,0));
#11418=FACE_SURFACE('',(#11423),#11419,.T.);
#11419=PLANE('',#11420);
#11420=AXIS2_PLACEMENT_3D('',#46,#11421,#11422);
#11421=DIRECTION('',(0,-0,1));
#11422=DIRECTION('',(0,1,0));
#11423=FACE_BOUND('',#11424,.T.);
#11424=EDGE_LOOP('',(#11425,#11426,#11427));
#11425=ORIENTED_EDGE('',*,*,#11428,.T.);
#11426=ORIENTED_EDGE('',*,*,#11429,.T.);
#11427=ORIENTED_EDGE('',*,*,#11430,.T.);
#11428=EDGE_CURVE('',#47,#583,#11431,.F.);
#11429=EDGE_CURVE('',#583,#791,#11432,.T.);
#11430=EDGE_CURVE('',#791,#47,#11433,.T.);
#11431=LINE('',#46,#11434);
#11432=LINE('',#582,#11435);
#11433=LINE('',#790,#11436);
#11434=VECTOR('',#11437,1.0);
#11435=VECTOR('',#11438,1.0);
#11436=VECTOR('',#11439,1.0);
#11437=DIRECTION('',(0,1,0));
#11438=DIRECTION('',(-0.33931360881723155,-0.9406733093223315,0));
#11439=DIRECTION('',(1,0,0));
#11440=FACE_SURFACE('',(#11445),#11441,.T.);
#11441=PLANE('',#11442);
#11442=AXIS2_PLACEMENT_3D('',#790,#11443,#11444);
#11443=DIRECTION('',(0,0,1));
#11444=DIRECTION('',(-1,0,0));
#11445=FACE_BOUND('',#11446,.T.);
#11446=EDGE_LOOP('',(#11447,#11448,#11449));
#11447=ORIENTED_EDGE('',*,*,#11450,.T.);
#11448=ORIENTED_EDGE('',*,*,#11451,.T.);
#11449=ORIENTED_EDGE('',*,*,#11452,.T.);
#11450=EDGE_CURVE('',#791,#785,#11453,.F.);
#11451=EDGE_CURVE('',#785,#661,#11454,.T.);
#11452=EDGE_CURVE('',#661,#791,#11455,.T.);
#11453=LINE('',#790,#11456);
#11454=LINE('',#784,#11457);
#11455=LINE('',#660,#11458);
#11456=VECTOR('',#11459,1.0);
#11457=VECTOR('',#11460,1.0);
#11458=VECTOR('',#11461,1.0);
#11459=DIRECTION('',(-1,0,0));
#11460=DIRECTION('',(0.8850184157594991,-0.46555601571298183,0));
#11461=DIRECTION('',(0.656917274370114,0.7539626612997093,0));
#11462=FACE_SURFACE('',(#11467),#11463,.T.);
#11463=PLANE('',#11464);
#11464=AXIS2_PLACEMENT_3D('',#790,#11465,#11466);
#11465=DIRECTION('',(0,0,1));
#11466=DIRECTION('',(-0.656917274370114,-0.7539626612997093,0));
#11467=FACE_BOUND('',#11468,.T.);
#11468=EDGE_LOOP('',(#11469,#11470,#11471));
#11469=ORIENTED_EDGE('',*,*,#11472,.T.);
#11470=ORIENTED_EDGE('',*,*,#11473,.T.);
#11471=ORIENTED_EDGE('',*,*,#11474,.T.);
#11472=EDGE_CURVE('',#791,#661,#11475,.F.);
#11473=EDGE_CURVE('',#661,#653,#11476,.T.);
#11474=EDGE_CURVE('',#653,#791,#11477,.T.);
#11475=LINE('',#790,#11478);
#11476=LINE('',#660,#11479);
#11477=LINE('',#652,#11480);
#11478=VECTOR('',#11481,1.0);
#11479=VECTOR('',#11482,1.0);
#11480=VECTOR('',#11483,1.0);
#11481=DIRECTION('',(-0.656917274370114,-0.7539626612997093,0));
#11482=DIRECTION('',(1,0,0));
#11483=DIRECTION('',(-0.8850183967038068,0.46555605193770533,0));
#11484=FACE_SURFACE('',(#11489),#11485,.T.);
#11485=PLANE('',#11486);
#11486=AXIS2_PLACEMENT_3D('',#46,#11487,#11488);
#11487=DIRECTION('',(0,0,1));
#11488=DIRECTION('',(-1,0,0));
#11489=FACE_BOUND('',#11490,.T.);
#11490=EDGE_LOOP('',(#11491,#11492,#11493));
#11491=ORIENTED_EDGE('',*,*,#11494,.T.);
#11492=ORIENTED_EDGE('',*,*,#11495,.T.);
#11493=ORIENTED_EDGE('',*,*,#11496,.T.);
#11494=EDGE_CURVE('',#47,#791,#11497,.F.);
#11495=EDGE_CURVE('',#791,#653,#11498,.T.);
#11496=EDGE_CURVE('',#653,#47,#11499,.T.);
#11497=LINE('',#46,#11500);
#11498=LINE('',#790,#11501);
#11499=LINE('',#652,#11502);
#11500=VECTOR('',#11503,1.0);
#11501=VECTOR('',#11504,1.0);
#11502=VECTOR('',#11505,1.0);
#11503=DIRECTION('',(-1,0,0));
#11504=DIRECTION('',(0.8850183967038068,-0.46555605193770533,0));
#11505=DIRECTION('',(-0.6693725602505297,0.7429268978733042,0));
#11506=FACE_SURFACE('',(#11511),#11507,.T.);
#11507=PLANE('',#11508);
#11508=AXIS2_PLACEMENT_3D('',#46,#11509,#11510);
#11509=DIRECTION('',(0,0,1));
#11510=DIRECTION('',(0.6693725602505297,-0.7429268978733042,0));
#11511=FACE_BOUND('',#11512,.T.);
#11512=EDGE_LOOP('',(#11513,#11514,#11515));
#11513=ORIENTED_EDGE('',*,*,#11516,.T.);
#11514=ORIENTED_EDGE('',*,*,#11517,.T.);
#11515=ORIENTED_EDGE('',*,*,#11518,.T.);
#11516=EDGE_CURVE('',#47,#653,#11519,.F.);
#11517=EDGE_CURVE('',#653,#513,#11520,.T.);
#11518=EDGE_CURVE('',#513,#47,#11521,.T.);
#11519=LINE('',#46,#11522);
#11520=LINE('',#652,#11523);
#11521=LINE('',#512,#11524);
#11522=VECTOR('',#11525,1.0);
#11523=VECTOR('',#11526,1.0);
#11524=VECTOR('',#11527,1.0);
#11525=DIRECTION('',(0.6693725602505297,-0.7429268978733042,0));
#11526=DIRECTION('',(1,0,0));
#11527=DIRECTION('',(-0.8850184014677303,0.46555604288152397,0));
#11528=FACE_SURFACE('',(#11533),#11529,.T.);
#11529=PLANE('',#11530);
#11530=AXIS2_PLACEMENT_3D('',#590,#11531,#11532);
#11531=DIRECTION('',(0,0,1));
#11532=DIRECTION('',(-1,0,0));
#11533=FACE_BOUND('',#11534,.T.);
#11534=EDGE_LOOP('',(#11535,#11536,#11537));
#11535=ORIENTED_EDGE('',*,*,#11538,.T.);
#11536=ORIENTED_EDGE('',*,*,#11539,.T.);
#11537=ORIENTED_EDGE('',*,*,#11540,.T.);
#11538=EDGE_CURVE('',#591,#589,#11541,.F.);
#11539=EDGE_CURVE('',#589,#49,#11542,.T.);
#11540=EDGE_CURVE('',#49,#591,#11543,.T.);
#11541=LINE('',#590,#11544);
#11542=LINE('',#588,#11545);
#11543=LINE('',#48,#11546);
#11544=VECTOR('',#11547,1.0);
#11545=VECTOR('',#11548,1.0);
#11546=VECTOR('',#11549,1.0);
#11547=DIRECTION('',(-1,0,0));
#11548=DIRECTION('',(0,-1,0));
#11549=DIRECTION('',(0.3393149129326388,0.9406728389092117,0));
#11550=FACE_SURFACE('',(#11555),#11551,.T.);
#11551=PLANE('',#11552);
#11552=AXIS2_PLACEMENT_3D('',#48,#11553,#11554);
#11553=DIRECTION('',(0,0,1));
#11554=DIRECTION('',(-1,0,0));
#11555=FACE_BOUND('',#11556,.T.);
#11556=EDGE_LOOP('',(#11557,#11558,#11559));
#11557=ORIENTED_EDGE('',*,*,#11560,.T.);
#11558=ORIENTED_EDGE('',*,*,#11561,.T.);
#11559=ORIENTED_EDGE('',*,*,#11562,.T.);
#11560=EDGE_CURVE('',#49,#47,#11563,.F.);
#11561=EDGE_CURVE('',#47,#513,#11564,.T.);
#11562=EDGE_CURVE('',#513,#49,#11565,.T.);
#11563=LINE('',#48,#11566);
#11564=LINE('',#46,#11567);
#11565=LINE('',#512,#11568);
#11566=VECTOR('',#11569,1.0);
#11567=VECTOR('',#11570,1.0);
#11568=VECTOR('',#11571,1.0);
#11569=DIRECTION('',(-1,0,0));
#11570=DIRECTION('',(0.8850184014677303,-0.46555604288152397,0));
#11571=DIRECTION('',(0.6569173755439717,0.7539625731483098,0));
#11572=FACE_SURFACE('',(#11577),#11573,.T.);
#11573=PLANE('',#11574);
#11574=AXIS2_PLACEMENT_3D('',#518,#11575,#11576);
#11575=DIRECTION('',(0,0,1));
#11576=DIRECTION('',(0,-1,0));
#11577=FACE_BOUND('',#11578,.T.);
#11578=EDGE_LOOP('',(#11579,#11580,#11581));
#11579=ORIENTED_EDGE('',*,*,#11582,.T.);
#11580=ORIENTED_EDGE('',*,*,#11583,.T.);
#11581=ORIENTED_EDGE('',*,*,#11584,.T.);
#11582=EDGE_CURVE('',#519,#639,#11585,.F.);
#11583=EDGE_CURVE('',#639,#637,#11586,.T.);
#11584=EDGE_CURVE('',#637,#519,#11587,.T.);
#11585=LINE('',#518,#11588);
#11586=LINE('',#638,#11589);
#11587=LINE('',#636,#11590);
#11588=VECTOR('',#11591,1.0);
#11589=VECTOR('',#11592,1.0);
#11590=VECTOR('',#11593,1.0);
#11591=DIRECTION('',(0,-1,0));
#11592=DIRECTION('',(1,0,0));
#11593=DIRECTION('',(-0.17299443385545576,0.984922801977409,0));
#11594=FACE_SURFACE('',(#11599),#11595,.T.);
#11595=PLANE('',#11596);
#11596=AXIS2_PLACEMENT_3D('',#48,#11597,#11598);
#11597=DIRECTION('',(0,0,1));
#11598=DIRECTION('',(-0.6569173755439717,-0.7539625731483098,0));
#11599=FACE_BOUND('',#11600,.T.);
#11600=EDGE_LOOP('',(#11601,#11602,#11603));
#11601=ORIENTED_EDGE('',*,*,#11604,.T.);
#11602=ORIENTED_EDGE('',*,*,#11605,.T.);
#11603=ORIENTED_EDGE('',*,*,#11606,.T.);
#11604=EDGE_CURVE('',#49,#513,#11607,.F.);
#11605=EDGE_CURVE('',#513,#519,#11608,.T.);
#11606=EDGE_CURVE('',#519,#49,#11609,.T.);
#11607=LINE('',#48,#11610);
#11608=LINE('',#512,#11611);
#11609=LINE('',#518,#11612);
#11610=VECTOR('',#11613,1.0);
#11611=VECTOR('',#11614,1.0);
#11612=VECTOR('',#11615,1.0);
#11613=DIRECTION('',(-0.6569173755439717,-0.7539625731483098,0));
#11614=DIRECTION('',(1,0,0));
#11615=DIRECTION('',(-0.8850184062316535,0.465556033825343,0));
#11616=FACE_SURFACE('',(#11621),#11617,.T.);
#11617=PLANE('',#11618);
#11618=AXIS2_PLACEMENT_3D('',#806,#11619,#11620);
#11619=DIRECTION('',(0,-0,1));
#11620=DIRECTION('',(0,1,0));
#11621=FACE_BOUND('',#11622,.T.);
#11622=EDGE_LOOP('',(#11623,#11624,#11625));
#11623=ORIENTED_EDGE('',*,*,#11626,.T.);
#11624=ORIENTED_EDGE('',*,*,#11627,.T.);
#11625=ORIENTED_EDGE('',*,*,#11628,.T.);
#11626=EDGE_CURVE('',#807,#591,#11629,.F.);
#11627=EDGE_CURVE('',#591,#49,#11630,.T.);
#11628=EDGE_CURVE('',#49,#807,#11631,.T.);
#11629=LINE('',#806,#11632);
#11630=LINE('',#590,#11633);
#11631=LINE('',#48,#11634);
#11632=VECTOR('',#11635,1.0);
#11633=VECTOR('',#11636,1.0);
#11634=VECTOR('',#11637,1.0);
#11635=DIRECTION('',(0,1,0));
#11636=DIRECTION('',(-0.3393149129326388,-0.9406728389092117,0));
#11637=DIRECTION('',(1,0,0));
#11638=FACE_SURFACE('',(#11643),#11639,.T.);
#11639=PLANE('',#11640);
#11640=AXIS2_PLACEMENT_3D('',#808,#11641,#11642);
#11641=DIRECTION('',(0,-0,1));
#11642=DIRECTION('',(0,1,0));
#11643=FACE_BOUND('',#11644,.T.);
#11644=EDGE_LOOP('',(#11645,#11646,#11647));
#11645=ORIENTED_EDGE('',*,*,#11648,.T.);
#11646=ORIENTED_EDGE('',*,*,#11649,.T.);
#11647=ORIENTED_EDGE('',*,*,#11650,.T.);
#11648=EDGE_CURVE('',#809,#601,#11651,.F.);
#11649=EDGE_CURVE('',#601,#599,#11652,.T.);
#11650=EDGE_CURVE('',#599,#809,#11653,.T.);
#11651=LINE('',#808,#11654);
#11652=LINE('',#600,#11655);
#11653=LINE('',#598,#11656);
#11654=VECTOR('',#11657,1.0);
#11655=VECTOR('',#11658,1.0);
#11656=VECTOR('',#11659,1.0);
#11657=DIRECTION('',(0,1,0));
#11658=DIRECTION('',(-1,0,0));
#11659=DIRECTION('',(0.7311770511060331,-0.682187745372112,0));
#11660=FACE_SURFACE('',(#11665),#11661,.T.);
#11661=PLANE('',#11662);
#11662=AXIS2_PLACEMENT_3D('',#806,#11663,#11664);
#11663=DIRECTION('',(0,0,1));
#11664=DIRECTION('',(-1,0,0));
#11665=FACE_BOUND('',#11666,.T.);
#11666=EDGE_LOOP('',(#11667,#11668,#11669));
#11667=ORIENTED_EDGE('',*,*,#11670,.T.);
#11668=ORIENTED_EDGE('',*,*,#11671,.T.);
#11669=ORIENTED_EDGE('',*,*,#11672,.T.);
#11670=EDGE_CURVE('',#807,#49,#11673,.F.);
#11671=EDGE_CURVE('',#49,#519,#11674,.T.);
#11672=EDGE_CURVE('',#519,#807,#11675,.T.);
#11673=LINE('',#806,#11676);
#11674=LINE('',#48,#11677);
#11675=LINE('',#518,#11678);
#11676=VECTOR('',#11679,1.0);
#11677=VECTOR('',#11680,1.0);
#11678=VECTOR('',#11681,1.0);
#11679=DIRECTION('',(-1,0,0));
#11680=DIRECTION('',(0.8850184062316535,-0.465556033825343,0));
#11681=DIRECTION('',(-0.6693708179181888,0.7429284677003131,0));
#11682=FACE_SURFACE('',(#11687),#11683,.T.);
#11683=PLANE('',#11684);
#11684=AXIS2_PLACEMENT_3D('',#808,#11685,#11686);
#11685=DIRECTION('',(0,0,1));
#11686=DIRECTION('',(-0.7311770511060331,0.682187745372112,0));
#11687=FACE_BOUND('',#11688,.T.);
#11688=EDGE_LOOP('',(#11689,#11690,#11691));
#11689=ORIENTED_EDGE('',*,*,#11692,.T.);
#11690=ORIENTED_EDGE('',*,*,#11693,.T.);
#11691=ORIENTED_EDGE('',*,*,#11694,.T.);
#11692=EDGE_CURVE('',#809,#599,#11695,.F.);
#11693=EDGE_CURVE('',#599,#807,#11696,.T.);
#11694=EDGE_CURVE('',#807,#809,#11697,.T.);
#11695=LINE('',#808,#11698);
#11696=LINE('',#598,#11699);
#11697=LINE('',#806,#11700);
#11698=VECTOR('',#11701,1.0);
#11699=VECTOR('',#11702,1.0);
#11700=VECTOR('',#11703,1.0);
#11701=DIRECTION('',(-0.7311770511060331,0.682187745372112,0));
#11702=DIRECTION('',(-1,0,0));
#11703=DIRECTION('',(0.9885821039346304,-0.1506831901048681,0));
#11704=FACE_SURFACE('',(#11709),#11705,.T.);
#11705=PLANE('',#11706);
#11706=AXIS2_PLACEMENT_3D('',#810,#11707,#11708);
#11707=DIRECTION('',(0,-0,1));
#11708=DIRECTION('',(1,0,0));
#11709=FACE_BOUND('',#11710,.T.);
#11710=EDGE_LOOP('',(#11711,#11712,#11713));
#11711=ORIENTED_EDGE('',*,*,#11714,.T.);
#11712=ORIENTED_EDGE('',*,*,#11715,.T.);
#11713=ORIENTED_EDGE('',*,*,#11716,.T.);
#11714=EDGE_CURVE('',#811,#809,#11717,.F.);
#11715=EDGE_CURVE('',#809,#807,#11718,.T.);
#11716=EDGE_CURVE('',#807,#811,#11719,.T.);
#11717=LINE('',#810,#11720);
#11718=LINE('',#808,#11721);
#11719=LINE('',#806,#11722);
#11720=VECTOR('',#11723,1.0);
#11721=VECTOR('',#11724,1.0);
#11722=VECTOR('',#11725,1.0);
#11723=DIRECTION('',(1,0,0));
#11724=DIRECTION('',(-0.9885821039346304,0.1506831901048681,0));
#11725=DIRECTION('',(0.9392875177277413,-0.34313111056979084,0));
#11726=FACE_SURFACE('',(#11731),#11727,.T.);
#11727=PLANE('',#11728);
#11728=AXIS2_PLACEMENT_3D('',#518,#11729,#11730);
#11729=DIRECTION('',(0,0,1));
#11730=DIRECTION('',(0.17299443385545576,-0.984922801977409,0));
#11731=FACE_BOUND('',#11732,.T.);
#11732=EDGE_LOOP('',(#11733,#11734,#11735));
#11733=ORIENTED_EDGE('',*,*,#11736,.T.);
#11734=ORIENTED_EDGE('',*,*,#11737,.T.);
#11735=ORIENTED_EDGE('',*,*,#11738,.T.);
#11736=EDGE_CURVE('',#519,#637,#11739,.F.);
#11737=EDGE_CURVE('',#637,#813,#11740,.T.);
#11738=EDGE_CURVE('',#813,#519,#11741,.T.);
#11739=LINE('',#518,#11742);
#11740=LINE('',#636,#11743);
#11741=LINE('',#812,#11744);
#11742=VECTOR('',#11745,1.0);
#11743=VECTOR('',#11746,1.0);
#11744=VECTOR('',#11747,1.0);
#11745=DIRECTION('',(0.17299443385545576,-0.984922801977409,0));
#11746=DIRECTION('',(-0.003587389051874892,0.9999935652991926,0));
#11747=DIRECTION('',(-0.3505203426906446,0.9365551181644532,0));
#11748=FACE_SURFACE('',(#11753),#11749,.T.);
#11749=PLANE('',#11750);
#11750=AXIS2_PLACEMENT_3D('',#810,#11751,#11752);
#11751=DIRECTION('',(0,0,1));
#11752=DIRECTION('',(-0.9392875177277413,0.34313111056979084,0));
#11753=FACE_BOUND('',#11754,.T.);
#11754=EDGE_LOOP('',(#11755,#11756,#11757));
#11755=ORIENTED_EDGE('',*,*,#11758,.T.);
#11756=ORIENTED_EDGE('',*,*,#11759,.T.);
#11757=ORIENTED_EDGE('',*,*,#11760,.T.);
#11758=EDGE_CURVE('',#811,#807,#11761,.F.);
#11759=EDGE_CURVE('',#807,#519,#11762,.T.);
#11760=EDGE_CURVE('',#519,#811,#11763,.T.);
#11761=LINE('',#810,#11764);
#11762=LINE('',#806,#11765);
#11763=LINE('',#518,#11766);
#11764=VECTOR('',#11767,1.0);
#11765=VECTOR('',#11768,1.0);
#11766=VECTOR('',#11769,1.0);
#11767=DIRECTION('',(-0.9392875177277413,0.34313111056979084,0));
#11768=DIRECTION('',(0.6693708179181888,-0.7429284677003131,0));
#11769=DIRECTION('',(0.6973934495140559,0.7166884794489765,0));
#11770=FACE_SURFACE('',(#11775),#11771,.T.);
#11771=PLANE('',#11772);
#11772=AXIS2_PLACEMENT_3D('',#518,#11773,#11774);
#11773=DIRECTION('',(-0,0,1));
#11774=DIRECTION('',(0.3505203426906446,-0.9365551181644532,0));
#11775=FACE_BOUND('',#11776,.T.);
#11776=EDGE_LOOP('',(#11777,#11778,#11779));
#11777=ORIENTED_EDGE('',*,*,#11780,.T.);
#11778=ORIENTED_EDGE('',*,*,#11781,.T.);
#11779=ORIENTED_EDGE('',*,*,#11782,.T.);
#11780=EDGE_CURVE('',#519,#813,#11783,.F.);
#11781=EDGE_CURVE('',#813,#811,#11784,.T.);
#11782=EDGE_CURVE('',#811,#519,#11785,.T.);
#11783=LINE('',#518,#11786);
#11784=LINE('',#812,#11787);
#11785=LINE('',#810,#11788);
#11786=VECTOR('',#11789,1.0);
#11787=VECTOR('',#11790,1.0);
#11788=VECTOR('',#11791,1.0);
#11789=DIRECTION('',(0.3505203426906446,-0.9365551181644532,0));
#11790=DIRECTION('',(0,1,0));
#11791=DIRECTION('',(-0.6973934495140559,-0.7166884794489765,0));
#11792=FACE_SURFACE('',(#11797),#11793,.T.);
#11793=PLANE('',#11794);
#11794=AXIS2_PLACEMENT_3D('',#806,#11795,#11796);
#11795=DIRECTION('',(1,0,0));
#11796=DIRECTION('',(0,0,-1));
#11797=FACE_BOUND('',#11798,.T.);
#11798=EDGE_LOOP('',(#11799,#11800,#11801));
#11799=ORIENTED_EDGE('',*,*,#11802,.T.);
#11800=ORIENTED_EDGE('',*,*,#11803,.T.);
#11801=ORIENTED_EDGE('',*,*,#11804,.T.);
#11802=EDGE_CURVE('',#807,#815,#11805,.F.);
#11803=EDGE_CURVE('',#815,#207,#11806,.T.);
#11804=EDGE_CURVE('',#207,#807,#11807,.T.);
#11805=LINE('',#806,#11808);
#11806=LINE('',#814,#11809);
#11807=LINE('',#206,#11810);
#11808=VECTOR('',#11811,1.0);
#11809=VECTOR('',#11812,1.0);
#11810=VECTOR('',#11813,1.0);
#11811=DIRECTION('',(0,0,-1));
#11812=DIRECTION('',(0,1,0));
#11813=DIRECTION('',(0,-0.977802427723823,0.2095290250476005));
#11814=FACE_SURFACE('',(#11819),#11815,.T.);
#11815=PLANE('',#11816);
#11816=AXIS2_PLACEMENT_3D('',#806,#11817,#11818);
#11817=DIRECTION('',(1,-0,0));
#11818=DIRECTION('',(0,0.977802427723823,-0.2095290250476005));
#11819=FACE_BOUND('',#11820,.T.);
#11820=EDGE_LOOP('',(#11821,#11822,#11823));
#11821=ORIENTED_EDGE('',*,*,#11824,.T.);
#11822=ORIENTED_EDGE('',*,*,#11825,.T.);
#11823=ORIENTED_EDGE('',*,*,#11826,.T.);
#11824=EDGE_CURVE('',#807,#207,#11827,.F.);
#11825=EDGE_CURVE('',#207,#591,#11828,.T.);
#11826=EDGE_CURVE('',#591,#807,#11829,.T.);
#11827=LINE('',#806,#11830);
#11828=LINE('',#206,#11831);
#11829=LINE('',#590,#11832);
#11830=VECTOR('',#11833,1.0);
#11831=VECTOR('',#11834,1.0);
#11832=VECTOR('',#11835,1.0);
#11833=DIRECTION('',(0,0.977802427723823,-0.2095290250476005));
#11834=DIRECTION('',(0,0,1));
#11835=DIRECTION('',(0,-1,0));
#11836=FACE_SURFACE('',(#11841),#11837,.T.);
#11837=PLANE('',#11838);
#11838=AXIS2_PLACEMENT_3D('',#816,#11839,#11840);
#11839=DIRECTION('',(-1,0,0));
#11840=DIRECTION('',(0,-1,0));
#11841=FACE_BOUND('',#11842,.T.);
#11842=EDGE_LOOP('',(#11843,#11844,#11845));
#11843=ORIENTED_EDGE('',*,*,#11846,.T.);
#11844=ORIENTED_EDGE('',*,*,#11847,.T.);
#11845=ORIENTED_EDGE('',*,*,#11848,.T.);
#11846=EDGE_CURVE('',#817,#313,#11849,.F.);
#11847=EDGE_CURVE('',#313,#699,#11850,.T.);
#11848=EDGE_CURVE('',#699,#817,#11851,.T.);
#11849=LINE('',#816,#11852);
#11850=LINE('',#312,#11853);
#11851=LINE('',#698,#11854);
#11852=VECTOR('',#11855,1.0);
#11853=VECTOR('',#11856,1.0);
#11854=VECTOR('',#11857,1.0);
#11855=DIRECTION('',(0,-1,0));
#11856=DIRECTION('',(0,0,1));
#11857=DIRECTION('',(0,0.9778024262617078,-0.2095290318708065));
#11858=FACE_SURFACE('',(#11863),#11859,.T.);
#11859=PLANE('',#11860);
#11860=AXIS2_PLACEMENT_3D('',#816,#11861,#11862);
#11861=DIRECTION('',(-1,0,0));
#11862=DIRECTION('',(0,-0.9778024262617078,0.2095290318708065));
#11863=FACE_BOUND('',#11864,.T.);
#11864=EDGE_LOOP('',(#11865,#11866,#11867));
#11865=ORIENTED_EDGE('',*,*,#11868,.T.);
#11866=ORIENTED_EDGE('',*,*,#11869,.T.);
#11867=ORIENTED_EDGE('',*,*,#11870,.T.);
#11868=EDGE_CURVE('',#817,#699,#11871,.F.);
#11869=EDGE_CURVE('',#699,#693,#11872,.T.);
#11870=EDGE_CURVE('',#693,#817,#11873,.T.);
#11871=LINE('',#816,#11874);
#11872=LINE('',#698,#11875);
#11873=LINE('',#692,#11876);
#11874=VECTOR('',#11877,1.0);
#11875=VECTOR('',#11878,1.0);
#11876=VECTOR('',#11879,1.0);
#11877=DIRECTION('',(0,-0.9778024262617078,0.2095290318708065));
#11878=DIRECTION('',(0,1,0));
#11879=DIRECTION('',(0,0,-1));
#11880=FACE_SURFACE('',(#11885),#11881,.T.);
#11881=PLANE('',#11882);
#11882=AXIS2_PLACEMENT_3D('',#582,#11883,#11884);
#11883=DIRECTION('',(0,-1,0));
#11884=DIRECTION('',(0,0,-1));
#11885=FACE_BOUND('',#11886,.T.);
#11886=EDGE_LOOP('',(#11887,#11888,#11889));
#11887=ORIENTED_EDGE('',*,*,#11890,.T.);
#11888=ORIENTED_EDGE('',*,*,#11891,.T.);
#11889=ORIENTED_EDGE('',*,*,#11892,.T.);
#11890=EDGE_CURVE('',#583,#221,#11893,.F.);
#11891=EDGE_CURVE('',#221,#213,#11894,.T.);
#11892=EDGE_CURVE('',#213,#583,#11895,.T.);
#11893=LINE('',#582,#11896);
#11894=LINE('',#220,#11897);
#11895=LINE('',#212,#11898);
#11896=VECTOR('',#11899,1.0);
#11897=VECTOR('',#11900,1.0);
#11898=VECTOR('',#11901,1.0);
#11899=DIRECTION('',(0,0,-1));
#11900=DIRECTION('',(1,0,0));
#11901=DIRECTION('',(-0.9778024350343965,0,0.20952899093157695));
#11902=FACE_SURFACE('',(#11907),#11903,.T.);
#11903=PLANE('',#11904);
#11904=AXIS2_PLACEMENT_3D('',#582,#11905,#11906);
#11905=DIRECTION('',(0,-1,0));
#11906=DIRECTION('',(0.9778024350343965,0,-0.20952899093157695));
#11907=FACE_BOUND('',#11908,.T.);
#11908=EDGE_LOOP('',(#11909,#11910,#11911));
#11909=ORIENTED_EDGE('',*,*,#11912,.T.);
#11910=ORIENTED_EDGE('',*,*,#11913,.T.);
#11911=ORIENTED_EDGE('',*,*,#11914,.T.);
#11912=EDGE_CURVE('',#583,#213,#11915,.F.);
#11913=EDGE_CURVE('',#213,#589,#11916,.T.);
#11914=EDGE_CURVE('',#589,#583,#11917,.T.);
#11915=LINE('',#582,#11918);
#11916=LINE('',#212,#11919);
#11917=LINE('',#588,#11920);
#11918=VECTOR('',#11921,1.0);
#11919=VECTOR('',#11922,1.0);
#11920=VECTOR('',#11923,1.0);
#11921=DIRECTION('',(0.9778024350343965,0,-0.20952899093157695));
#11922=DIRECTION('',(0,0,1));
#11923=DIRECTION('',(-1,0,0));
#11924=FACE_SURFACE('',(#11929),#11925,.T.);
#11925=PLANE('',#11926);
#11926=AXIS2_PLACEMENT_3D('',#224,#11927,#11928);
#11927=DIRECTION('',(-1,0,0));
#11928=DIRECTION('',(0,-1,0));
#11929=FACE_BOUND('',#11930,.T.);
#11930=EDGE_LOOP('',(#11931,#11932,#11933));
#11931=ORIENTED_EDGE('',*,*,#11934,.T.);
#11932=ORIENTED_EDGE('',*,*,#11935,.T.);
#11933=ORIENTED_EDGE('',*,*,#11936,.T.);
#11934=EDGE_CURVE('',#225,#789,#11937,.F.);
#11935=EDGE_CURVE('',#789,#791,#11938,.T.);
#11936=EDGE_CURVE('',#791,#225,#11939,.T.);
#11937=LINE('',#224,#11940);
#11938=LINE('',#788,#11941);
#11939=LINE('',#790,#11942);
#11940=VECTOR('',#11943,1.0);
#11941=VECTOR('',#11944,1.0);
#11942=VECTOR('',#11945,1.0);
#11943=DIRECTION('',(0,-1,0));
#11944=DIRECTION('',(0,0,1));
#11945=DIRECTION('',(0,0.977802427723823,-0.2095290250476005));
#11946=FACE_SURFACE('',(#11951),#11947,.T.);
#11947=PLANE('',#11948);
#11948=AXIS2_PLACEMENT_3D('',#224,#11949,#11950);
#11949=DIRECTION('',(-1,0,0));
#11950=DIRECTION('',(0,-0.977802427723823,0.2095290250476005));
#11951=FACE_BOUND('',#11952,.T.);
#11952=EDGE_LOOP('',(#11953,#11954,#11955));
#11953=ORIENTED_EDGE('',*,*,#11956,.T.);
#11954=ORIENTED_EDGE('',*,*,#11957,.T.);
#11955=ORIENTED_EDGE('',*,*,#11958,.T.);
#11956=EDGE_CURVE('',#225,#791,#11959,.F.);
#11957=EDGE_CURVE('',#791,#579,#11960,.T.);
#11958=EDGE_CURVE('',#579,#225,#11961,.T.);
#11959=LINE('',#224,#11962);
#11960=LINE('',#790,#11963);
#11961=LINE('',#578,#11964);
#11962=VECTOR('',#11965,1.0);
#11963=VECTOR('',#11966,1.0);
#11964=VECTOR('',#11967,1.0);
#11965=DIRECTION('',(0,-0.977802427723823,0.2095290250476005));
#11966=DIRECTION('',(0,1,0));
#11967=DIRECTION('',(0,0,-1));
#11968=FACE_SURFACE('',(#11973),#11969,.T.);
#11969=PLANE('',#11970);
#11970=AXIS2_PLACEMENT_3D('',#818,#11971,#11972);
#11971=DIRECTION('',(0,1,0));
#11972=DIRECTION('',(-1,0,0));
#11973=FACE_BOUND('',#11974,.T.);
#11974=EDGE_LOOP('',(#11975,#11976,#11977));
#11975=ORIENTED_EDGE('',*,*,#11978,.T.);
#11976=ORIENTED_EDGE('',*,*,#11979,.T.);
#11977=ORIENTED_EDGE('',*,*,#11980,.T.);
#11978=EDGE_CURVE('',#819,#815,#11981,.F.);
#11979=EDGE_CURVE('',#815,#807,#11982,.T.);
#11980=EDGE_CURVE('',#807,#819,#11983,.T.);
#11981=LINE('',#818,#11984);
#11982=LINE('',#814,#11985);
#11983=LINE('',#806,#11986);
#11984=VECTOR('',#11987,1.0);
#11985=VECTOR('',#11988,1.0);
#11986=VECTOR('',#11989,1.0);
#11987=DIRECTION('',(-1,0,0));
#11988=DIRECTION('',(0,0,1));
#11989=DIRECTION('',(0.9778024350343965,0,-0.20952899093157695));
#11990=FACE_SURFACE('',(#11995),#11991,.T.);
#11991=PLANE('',#11992);
#11992=AXIS2_PLACEMENT_3D('',#818,#11993,#11994);
#11993=DIRECTION('',(0,1,-0));
#11994=DIRECTION('',(-0.9778024350343965,0,0.20952899093157695));
#11995=FACE_BOUND('',#11996,.T.);
#11996=EDGE_LOOP('',(#11997,#11998,#11999));
#11997=ORIENTED_EDGE('',*,*,#12000,.T.);
#11998=ORIENTED_EDGE('',*,*,#12001,.T.);
#11999=ORIENTED_EDGE('',*,*,#12002,.T.);
#12000=EDGE_CURVE('',#819,#807,#12003,.F.);
#12001=EDGE_CURVE('',#807,#599,#12004,.T.);
#12002=EDGE_CURVE('',#599,#819,#12005,.T.);
#12003=LINE('',#818,#12006);
#12004=LINE('',#806,#12007);
#12005=LINE('',#598,#12008);
#12006=VECTOR('',#12009,1.0);
#12007=VECTOR('',#12010,1.0);
#12008=VECTOR('',#12011,1.0);
#12009=DIRECTION('',(-0.9778024350343965,0,0.20952899093157695));
#12010=DIRECTION('',(1,0,0));
#12011=DIRECTION('',(0,0,-1));
#12012=FACE_SURFACE('',(#12017),#12013,.T.);
#12013=PLANE('',#12014);
#12014=AXIS2_PLACEMENT_3D('',#556,#12015,#12016);
#12015=DIRECTION('',(0,-1,0));
#12016=DIRECTION('',(0,0,-1));
#12017=FACE_BOUND('',#12018,.T.);
#12018=EDGE_LOOP('',(#12019,#12020,#12021));
#12019=ORIENTED_EDGE('',*,*,#12022,.T.);
#12020=ORIENTED_EDGE('',*,*,#12023,.T.);
#12021=ORIENTED_EDGE('',*,*,#12024,.T.);
#12022=EDGE_CURVE('',#557,#237,#12025,.F.);
#12023=EDGE_CURVE('',#237,#233,#12026,.T.);
#12024=EDGE_CURVE('',#233,#557,#12027,.T.);
#12025=LINE('',#556,#12028);
#12026=LINE('',#236,#12029);
#12027=LINE('',#232,#12030);
#12028=VECTOR('',#12031,1.0);
#12029=VECTOR('',#12032,1.0);
#12030=VECTOR('',#12033,1.0);
#12031=DIRECTION('',(0,0,-1));
#12032=DIRECTION('',(1,0,0));
#12033=DIRECTION('',(-0.977802427723823,0,0.2095290250476005));
#12034=FACE_SURFACE('',(#12039),#12035,.T.);
#12035=PLANE('',#12036);
#12036=AXIS2_PLACEMENT_3D('',#556,#12037,#12038);
#12037=DIRECTION('',(0,-1,0));
#12038=DIRECTION('',(0.977802427723823,0,-0.2095290250476005));
#12039=FACE_BOUND('',#12040,.T.);
#12040=EDGE_LOOP('',(#12041,#12042,#12043));
#12041=ORIENTED_EDGE('',*,*,#12044,.T.);
#12042=ORIENTED_EDGE('',*,*,#12045,.T.);
#12043=ORIENTED_EDGE('',*,*,#12046,.T.);
#12044=EDGE_CURVE('',#557,#233,#12047,.F.);
#12045=EDGE_CURVE('',#233,#567,#12048,.T.);
#12046=EDGE_CURVE('',#567,#557,#12049,.T.);
#12047=LINE('',#556,#12050);
#12048=LINE('',#232,#12051);
#12049=LINE('',#566,#12052);
#12050=VECTOR('',#12053,1.0);
#12051=VECTOR('',#12054,1.0);
#12052=VECTOR('',#12055,1.0);
#12053=DIRECTION('',(0.977802427723823,0,-0.2095290250476005));
#12054=DIRECTION('',(0,0,1));
#12055=DIRECTION('',(-1,0,0));
#12056=FACE_SURFACE('',(#12061),#12057,.T.);
#12057=PLANE('',#12058);
#12058=AXIS2_PLACEMENT_3D('',#820,#12059,#12060);
#12059=DIRECTION('',(-1,0,0));
#12060=DIRECTION('',(0,-1,0));
#12061=FACE_BOUND('',#12062,.T.);
#12062=EDGE_LOOP('',(#12063,#12064,#12065));
#12063=ORIENTED_EDGE('',*,*,#12066,.T.);
#12064=ORIENTED_EDGE('',*,*,#12067,.T.);
#12065=ORIENTED_EDGE('',*,*,#12068,.T.);
#12066=EDGE_CURVE('',#821,#305,#12069,.F.);
#12067=EDGE_CURVE('',#305,#695,#12070,.T.);
#12068=EDGE_CURVE('',#695,#821,#12071,.T.);
#12069=LINE('',#820,#12072);
#12070=LINE('',#304,#12073);
#12071=LINE('',#694,#12074);
#12072=VECTOR('',#12075,1.0);
#12073=VECTOR('',#12076,1.0);
#12074=VECTOR('',#12077,1.0);
#12075=DIRECTION('',(0,-1,0));
#12076=DIRECTION('',(0,0,1));
#12077=DIRECTION('',(0,0.9778024262617078,-0.2095290318708065));
#12078=FACE_SURFACE('',(#12083),#12079,.T.);
#12079=PLANE('',#12080);
#12080=AXIS2_PLACEMENT_3D('',#820,#12081,#12082);
#12081=DIRECTION('',(-1,0,0));
#12082=DIRECTION('',(0,-0.9778024262617078,0.2095290318708065));
#12083=FACE_BOUND('',#12084,.T.);
#12084=EDGE_LOOP('',(#12085,#12086,#12087));
#12085=ORIENTED_EDGE('',*,*,#12088,.T.);
#12086=ORIENTED_EDGE('',*,*,#12089,.T.);
#12087=ORIENTED_EDGE('',*,*,#12090,.T.);
#12088=EDGE_CURVE('',#821,#695,#12091,.F.);
#12089=EDGE_CURVE('',#695,#697,#12092,.T.);
#12090=EDGE_CURVE('',#697,#821,#12093,.T.);
#12091=LINE('',#820,#12094);
#12092=LINE('',#694,#12095);
#12093=LINE('',#696,#12096);
#12094=VECTOR('',#12097,1.0);
#12095=VECTOR('',#12098,1.0);
#12096=VECTOR('',#12099,1.0);
#12097=DIRECTION('',(0,-0.9778024262617078,0.2095290318708065));
#12098=DIRECTION('',(0,1,0));
#12099=DIRECTION('',(0,0,-1));
#12100=FACE_SURFACE('',(#12105),#12101,.T.);
#12101=PLANE('',#12102);
#12102=AXIS2_PLACEMENT_3D('',#660,#12103,#12104);
#12103=DIRECTION('',(0,-1,0));
#12104=DIRECTION('',(0,0,-1));
#12105=FACE_BOUND('',#12106,.T.);
#12106=EDGE_LOOP('',(#12107,#12108,#12109));
#12107=ORIENTED_EDGE('',*,*,#12110,.T.);
#12108=ORIENTED_EDGE('',*,*,#12111,.T.);
#12109=ORIENTED_EDGE('',*,*,#12112,.T.);
#12110=EDGE_CURVE('',#661,#823,#12113,.F.);
#12111=EDGE_CURVE('',#823,#825,#12114,.T.);
#12112=EDGE_CURVE('',#825,#661,#12115,.T.);
#12113=LINE('',#660,#12116);
#12114=LINE('',#822,#12117);
#12115=LINE('',#824,#12118);
#12116=VECTOR('',#12119,1.0);
#12117=VECTOR('',#12120,1.0);
#12118=VECTOR('',#12121,1.0);
#12119=DIRECTION('',(0,0,-1));
#12120=DIRECTION('',(1,0,0));
#12121=DIRECTION('',(-0.9778024306480527,0,0.2095290114011898));
#12122=FACE_SURFACE('',(#12127),#12123,.T.);
#12123=PLANE('',#12124);
#12124=AXIS2_PLACEMENT_3D('',#660,#12125,#12126);
#12125=DIRECTION('',(0,-1,0));
#12126=DIRECTION('',(0.9778024306480527,0,-0.2095290114011898));
#12127=FACE_BOUND('',#12128,.T.);
#12128=EDGE_LOOP('',(#12129,#12130,#12131));
#12129=ORIENTED_EDGE('',*,*,#12132,.T.);
#12130=ORIENTED_EDGE('',*,*,#12133,.T.);
#12131=ORIENTED_EDGE('',*,*,#12134,.T.);
#12132=EDGE_CURVE('',#661,#825,#12135,.F.);
#12133=EDGE_CURVE('',#825,#653,#12136,.T.);
#12134=EDGE_CURVE('',#653,#661,#12137,.T.);
#12135=LINE('',#660,#12138);
#12136=LINE('',#824,#12139);
#12137=LINE('',#652,#12140);
#12138=VECTOR('',#12141,1.0);
#12139=VECTOR('',#12142,1.0);
#12140=VECTOR('',#12143,1.0);
#12141=DIRECTION('',(0.9778024306480527,0,-0.2095290114011898));
#12142=DIRECTION('',(0,0,1));
#12143=DIRECTION('',(-1,0,0));
#12144=FACE_SURFACE('',(#12149),#12145,.T.);
#12145=PLANE('',#12146);
#12146=AXIS2_PLACEMENT_3D('',#636,#12147,#12148);
#12147=DIRECTION('',(0.999993564716994,0.00358755133749843,0));
#12148=DIRECTION('',(0.00358755133749843,-0.999993564716994,0));
#12149=FACE_BOUND('',#12150,.T.);
#12150=EDGE_LOOP('',(#12151,#12152,#12153));
#12151=ORIENTED_EDGE('',*,*,#12154,.T.);
#12152=ORIENTED_EDGE('',*,*,#12155,.T.);
#12153=ORIENTED_EDGE('',*,*,#12156,.T.);
#12154=EDGE_CURVE('',#637,#635,#12157,.F.);
#12155=EDGE_CURVE('',#635,#339,#12158,.T.);
#12156=EDGE_CURVE('',#339,#637,#12159,.T.);
#12157=LINE('',#636,#12160);
#12158=LINE('',#634,#12161);
#12159=LINE('',#338,#12162);
#12160=VECTOR('',#12163,1.0);
#12161=VECTOR('',#12164,1.0);
#12162=VECTOR('',#12165,1.0);
#12163=DIRECTION('',(0.00358755133749843,-0.999993564716994,0));
#12164=DIRECTION('',(0,0,-1));
#12165=DIRECTION('',(-0.002298919222882914,0.6408004269257688,0.7677040626583652));
#12166=FACE_SURFACE('',(#12171),#12167,.T.);
#12167=PLANE('',#12168);
#12168=AXIS2_PLACEMENT_3D('',#636,#12169,#12170);
#12169=DIRECTION('',(0.999993564716994,0.00358755133749843,0));
#12170=DIRECTION('',(0.002298919222882914,-0.6408004269257688,-0.7677040626583652));
#12171=FACE_BOUND('',#12172,.T.);
#12172=EDGE_LOOP('',(#12173,#12174,#12175));
#12173=ORIENTED_EDGE('',*,*,#12176,.T.);
#12174=ORIENTED_EDGE('',*,*,#12177,.T.);
#12175=ORIENTED_EDGE('',*,*,#12178,.T.);
#12176=EDGE_CURVE('',#637,#339,#12179,.F.);
#12177=EDGE_CURVE('',#339,#337,#12180,.T.);
#12178=EDGE_CURVE('',#337,#637,#12181,.T.);
#12179=LINE('',#636,#12182);
#12180=LINE('',#338,#12183);
#12181=LINE('',#336,#12184);
#12182=VECTOR('',#12185,1.0);
#12183=VECTOR('',#12186,1.0);
#12184=VECTOR('',#12187,1.0);
#12185=DIRECTION('',(0.002298919222882914,-0.6408004269257688,-0.7677040626583652));
#12186=DIRECTION('',(-0.00358755133749843,0.999993564716994,0));
#12187=DIRECTION('',(0,0,1));
#12188=FACE_SURFACE('',(#12193),#12189,.T.);
#12189=PLANE('',#12190);
#12190=AXIS2_PLACEMENT_3D('',#826,#12191,#12192);
#12191=DIRECTION('',(1,0,-0));
#12192=DIRECTION('',(0,0,1));
#12193=FACE_BOUND('',#12194,.T.);
#12194=EDGE_LOOP('',(#12195,#12196,#12197));
#12195=ORIENTED_EDGE('',*,*,#12198,.T.);
#12196=ORIENTED_EDGE('',*,*,#12199,.T.);
#12197=ORIENTED_EDGE('',*,*,#12200,.T.);
#12198=EDGE_CURVE('',#827,#811,#12201,.F.);
#12199=EDGE_CURVE('',#811,#813,#12202,.T.);
#12200=EDGE_CURVE('',#813,#827,#12203,.T.);
#12201=LINE('',#826,#12204);
#12202=LINE('',#810,#12205);
#12203=LINE('',#812,#12206);
#12204=VECTOR('',#12207,1.0);
#12205=VECTOR('',#12208,1.0);
#12206=VECTOR('',#12209,1.0);
#12207=DIRECTION('',(0,0,1));
#12208=DIRECTION('',(0,-1,0));
#12209=DIRECTION('',(0,0.948658665543691,-0.3163016539458233));
#12210=FACE_SURFACE('',(#12215),#12211,.T.);
#12211=PLANE('',#12212);
#12212=AXIS2_PLACEMENT_3D('',#812,#12213,#12214);
#12213=DIRECTION('',(0.9999935652991926,0.003587389051874892,0));
#12214=DIRECTION('',(0.003587389051874892,-0.9999935652991926,0));
#12215=FACE_BOUND('',#12216,.T.);
#12216=EDGE_LOOP('',(#12217,#12218,#12219));
#12217=ORIENTED_EDGE('',*,*,#12220,.T.);
#12218=ORIENTED_EDGE('',*,*,#12221,.T.);
#12219=ORIENTED_EDGE('',*,*,#12222,.T.);
#12220=EDGE_CURVE('',#813,#637,#12223,.F.);
#12221=EDGE_CURVE('',#637,#337,#12224,.T.);
#12222=EDGE_CURVE('',#337,#813,#12225,.T.);
#12223=LINE('',#812,#12226);
#12224=LINE('',#636,#12227);
#12225=LINE('',#336,#12228);
#12226=VECTOR('',#12229,1.0);
#12227=VECTOR('',#12230,1.0);
#12228=VECTOR('',#12231,1.0);
#12229=DIRECTION('',(0.003587389051874892,-0.9999935652991926,0));
#12230=DIRECTION('',(0,0,-1));
#12231=DIRECTION('',(-0.0033309151055850163,0.9285008188342602,0.37131541097652776));
#12232=FACE_SURFACE('',(#12237),#12233,.T.);
#12233=PLANE('',#12234);
#12234=AXIS2_PLACEMENT_3D('',#828,#12235,#12236);
#12235=DIRECTION('',(1,0,0));
#12236=DIRECTION('',(0,1,0));
#12237=FACE_BOUND('',#12238,.T.);
#12238=EDGE_LOOP('',(#12239,#12240,#12241));
#12239=ORIENTED_EDGE('',*,*,#12242,.T.);
#12240=ORIENTED_EDGE('',*,*,#12243,.T.);
#12241=ORIENTED_EDGE('',*,*,#12244,.T.);
#12242=EDGE_CURVE('',#829,#827,#12245,.F.);
#12243=EDGE_CURVE('',#827,#813,#12246,.T.);
#12244=EDGE_CURVE('',#813,#829,#12247,.T.);
#12245=LINE('',#828,#12248);
#12246=LINE('',#826,#12249);
#12247=LINE('',#812,#12250);
#12248=VECTOR('',#12251,1.0);
#12249=VECTOR('',#12252,1.0);
#12250=VECTOR('',#12253,1.0);
#12251=DIRECTION('',(0,1,0));
#12252=DIRECTION('',(0,-0.948658665543691,0.3163016539458233));
#12253=DIRECTION('',(0,0,-1));
#12254=FACE_SURFACE('',(#12259),#12255,.T.);
#12255=PLANE('',#12256);
#12256=AXIS2_PLACEMENT_3D('',#336,#12257,#12258);
#12257=DIRECTION('',(0.9999935652991926,0.003587389051874892,0));
#12258=DIRECTION('',(-0.003587389051874892,0.9999935652991926,0));
#12259=FACE_BOUND('',#12260,.T.);
#12260=EDGE_LOOP('',(#12261,#12262,#12263));
#12261=ORIENTED_EDGE('',*,*,#12264,.T.);
#12262=ORIENTED_EDGE('',*,*,#12265,.T.);
#12263=ORIENTED_EDGE('',*,*,#12266,.T.);
#12264=EDGE_CURVE('',#337,#829,#12267,.F.);
#12265=EDGE_CURVE('',#829,#813,#12268,.T.);
#12266=EDGE_CURVE('',#813,#337,#12269,.T.);
#12267=LINE('',#336,#12270);
#12268=LINE('',#828,#12271);
#12269=LINE('',#812,#12272);
#12270=VECTOR('',#12273,1.0);
#12271=VECTOR('',#12274,1.0);
#12272=VECTOR('',#12275,1.0);
#12273=DIRECTION('',(-0.003587389051874892,0.9999935652991926,0));
#12274=DIRECTION('',(0,0,1));
#12275=DIRECTION('',(0.0033309151055850163,-0.9285008188342602,-0.37131541097652776));
#12276=FACE_SURFACE('',(#12281),#12277,.T.);
#12277=PLANE('',#12278);
#12278=AXIS2_PLACEMENT_3D('',#204,#12279,#12280);
#12279=DIRECTION('',(-1,0,0));
#12280=DIRECTION('',(0,-1,0));
#12281=FACE_BOUND('',#12282,.T.);
#12282=EDGE_LOOP('',(#12283,#12284,#12285));
#12283=ORIENTED_EDGE('',*,*,#12286,.T.);
#12284=ORIENTED_EDGE('',*,*,#12287,.T.);
#12285=ORIENTED_EDGE('',*,*,#12288,.T.);
#12286=EDGE_CURVE('',#205,#819,#12289,.F.);
#12287=EDGE_CURVE('',#819,#599,#12290,.T.);
#12288=EDGE_CURVE('',#599,#205,#12291,.T.);
#12289=LINE('',#204,#12292);
#12290=LINE('',#818,#12293);
#12291=LINE('',#598,#12294);
#12292=VECTOR('',#12295,1.0);
#12293=VECTOR('',#12296,1.0);
#12294=VECTOR('',#12297,1.0);
#12295=DIRECTION('',(0,-1,0));
#12296=DIRECTION('',(0,0,1));
#12297=DIRECTION('',(0,0.977802427723823,-0.2095290250476005));
#12298=FACE_SURFACE('',(#12303),#12299,.T.);
#12299=PLANE('',#12300);
#12300=AXIS2_PLACEMENT_3D('',#204,#12301,#12302);
#12301=DIRECTION('',(-1,0,0));
#12302=DIRECTION('',(0,-0.977802427723823,0.2095290250476005));
#12303=FACE_BOUND('',#12304,.T.);
#12304=EDGE_LOOP('',(#12305,#12306,#12307));
#12305=ORIENTED_EDGE('',*,*,#12308,.T.);
#12306=ORIENTED_EDGE('',*,*,#12309,.T.);
#12307=ORIENTED_EDGE('',*,*,#12310,.T.);
#12308=EDGE_CURVE('',#205,#599,#12311,.F.);
#12309=EDGE_CURVE('',#599,#597,#12312,.T.);
#12310=EDGE_CURVE('',#597,#205,#12313,.T.);
#12311=LINE('',#204,#12314);
#12312=LINE('',#598,#12315);
#12313=LINE('',#596,#12316);
#12314=VECTOR('',#12317,1.0);
#12315=VECTOR('',#12318,1.0);
#12316=VECTOR('',#12319,1.0);
#12317=DIRECTION('',(0,-0.977802427723823,0.2095290250476005));
#12318=DIRECTION('',(0,1,0));
#12319=DIRECTION('',(0,0,-1));
#12320=FACE_SURFACE('',(#12325),#12321,.T.);
#12321=PLANE('',#12322);
#12322=AXIS2_PLACEMENT_3D('',#358,#12323,#12324);
#12323=DIRECTION('',(0,-1,0));
#12324=DIRECTION('',(0,0,-1));
#12325=FACE_BOUND('',#12326,.T.);
#12326=EDGE_LOOP('',(#12327,#12328,#12329));
#12327=ORIENTED_EDGE('',*,*,#12330,.T.);
#12328=ORIENTED_EDGE('',*,*,#12331,.T.);
#12329=ORIENTED_EDGE('',*,*,#12332,.T.);
#12330=EDGE_CURVE('',#359,#357,#12333,.F.);
#12331=EDGE_CURVE('',#357,#817,#12334,.T.);
#12332=EDGE_CURVE('',#817,#359,#12335,.T.);
#12333=LINE('',#358,#12336);
#12334=LINE('',#356,#12337);
#12335=LINE('',#816,#12338);
#12336=VECTOR('',#12339,1.0);
#12337=VECTOR('',#12340,1.0);
#12338=VECTOR('',#12341,1.0);
#12339=DIRECTION('',(0,0,-1));
#12340=DIRECTION('',(1,0,0));
#12341=DIRECTION('',(-0.9778024043299637,0,0.20952913421894873));
#12342=FACE_SURFACE('',(#12347),#12343,.T.);
#12343=PLANE('',#12344);
#12344=AXIS2_PLACEMENT_3D('',#358,#12345,#12346);
#12345=DIRECTION('',(0,-1,0));
#12346=DIRECTION('',(0.9778024043299637,0,-0.20952913421894873));
#12347=FACE_BOUND('',#12348,.T.);
#12348=EDGE_LOOP('',(#12349,#12350,#12351));
#12349=ORIENTED_EDGE('',*,*,#12352,.T.);
#12350=ORIENTED_EDGE('',*,*,#12353,.T.);
#12351=ORIENTED_EDGE('',*,*,#12354,.T.);
#12352=EDGE_CURVE('',#359,#817,#12355,.F.);
#12353=EDGE_CURVE('',#817,#693,#12356,.T.);
#12354=EDGE_CURVE('',#693,#359,#12357,.T.);
#12355=LINE('',#358,#12358);
#12356=LINE('',#816,#12359);
#12357=LINE('',#692,#12360);
#12358=VECTOR('',#12361,1.0);
#12359=VECTOR('',#12362,1.0);
#12360=VECTOR('',#12363,1.0);
#12361=DIRECTION('',(0.9778024043299637,0,-0.20952913421894873));
#12362=DIRECTION('',(0,0,1));
#12363=DIRECTION('',(-1,0,0));
#12364=FACE_SURFACE('',(#12369),#12365,.T.);
#12365=PLANE('',#12366);
#12366=AXIS2_PLACEMENT_3D('',#824,#12367,#12368);
#12367=DIRECTION('',(-1,0,0));
#12368=DIRECTION('',(0,-1,0));
#12369=FACE_BOUND('',#12370,.T.);
#12370=EDGE_LOOP('',(#12371,#12372,#12373));
#12371=ORIENTED_EDGE('',*,*,#12374,.T.);
#12372=ORIENTED_EDGE('',*,*,#12375,.T.);
#12373=ORIENTED_EDGE('',*,*,#12376,.T.);
#12374=EDGE_CURVE('',#825,#35,#12377,.F.);
#12375=EDGE_CURVE('',#35,#41,#12378,.T.);
#12376=EDGE_CURVE('',#41,#825,#12379,.T.);
#12377=LINE('',#824,#12380);
#12378=LINE('',#34,#12381);
#12379=LINE('',#40,#12382);
#12380=VECTOR('',#12383,1.0);
#12381=VECTOR('',#12384,1.0);
#12382=VECTOR('',#12385,1.0);
#12383=DIRECTION('',(0,-1,0));
#12384=DIRECTION('',(0,0,1));
#12385=DIRECTION('',(0,0.9778024262617078,-0.2095290318708065));
#12386=FACE_SURFACE('',(#12391),#12387,.T.);
#12387=PLANE('',#12388);
#12388=AXIS2_PLACEMENT_3D('',#824,#12389,#12390);
#12389=DIRECTION('',(-1,0,0));
#12390=DIRECTION('',(0,-0.9778024262617078,0.2095290318708065));
#12391=FACE_BOUND('',#12392,.T.);
#12392=EDGE_LOOP('',(#12393,#12394,#12395));
#12393=ORIENTED_EDGE('',*,*,#12396,.T.);
#12394=ORIENTED_EDGE('',*,*,#12397,.T.);
#12395=ORIENTED_EDGE('',*,*,#12398,.T.);
#12396=EDGE_CURVE('',#825,#41,#12399,.F.);
#12397=EDGE_CURVE('',#41,#653,#12400,.T.);
#12398=EDGE_CURVE('',#653,#825,#12401,.T.);
#12399=LINE('',#824,#12402);
#12400=LINE('',#40,#12403);
#12401=LINE('',#652,#12404);
#12402=VECTOR('',#12405,1.0);
#12403=VECTOR('',#12406,1.0);
#12404=VECTOR('',#12407,1.0);
#12405=DIRECTION('',(0,-0.9778024262617078,0.2095290318708065));
#12406=DIRECTION('',(0,1,0));
#12407=DIRECTION('',(0,0,-1));
#12408=FACE_SURFACE('',(#12413),#12409,.T.);
#12409=PLANE('',#12410);
#12410=AXIS2_PLACEMENT_3D('',#688,#12411,#12412);
#12411=DIRECTION('',(1,0,0));
#12412=DIRECTION('',(0,0,-1));
#12413=FACE_BOUND('',#12414,.T.);
#12414=EDGE_LOOP('',(#12415,#12416,#12417));
#12415=ORIENTED_EDGE('',*,*,#12418,.T.);
#12416=ORIENTED_EDGE('',*,*,#12419,.T.);
#12417=ORIENTED_EDGE('',*,*,#12420,.T.);
#12418=EDGE_CURVE('',#689,#315,#12421,.F.);
#12419=EDGE_CURVE('',#315,#831,#12422,.T.);
#12420=EDGE_CURVE('',#831,#689,#12423,.T.);
#12421=LINE('',#688,#12424);
#12422=LINE('',#314,#12425);
#12423=LINE('',#830,#12426);
#12424=VECTOR('',#12427,1.0);
#12425=VECTOR('',#12428,1.0);
#12426=VECTOR('',#12429,1.0);
#12427=DIRECTION('',(0,0,-1));
#12428=DIRECTION('',(0,1,0));
#12429=DIRECTION('',(0,-0.9778024262617078,0.2095290318708065));
#12430=FACE_SURFACE('',(#12435),#12431,.T.);
#12431=PLANE('',#12432);
#12432=AXIS2_PLACEMENT_3D('',#688,#12433,#12434);
#12433=DIRECTION('',(1,-0,0));
#12434=DIRECTION('',(0,0.9778024262617078,-0.2095290318708065));
#12435=FACE_BOUND('',#12436,.T.);
#12436=EDGE_LOOP('',(#12437,#12438,#12439));
#12437=ORIENTED_EDGE('',*,*,#12440,.T.);
#12438=ORIENTED_EDGE('',*,*,#12441,.T.);
#12439=ORIENTED_EDGE('',*,*,#12442,.T.);
#12440=EDGE_CURVE('',#689,#831,#12443,.F.);
#12441=EDGE_CURVE('',#831,#691,#12444,.T.);
#12442=EDGE_CURVE('',#691,#689,#12445,.T.);
#12443=LINE('',#688,#12446);
#12444=LINE('',#830,#12447);
#12445=LINE('',#690,#12448);
#12446=VECTOR('',#12449,1.0);
#12447=VECTOR('',#12450,1.0);
#12448=VECTOR('',#12451,1.0);
#12449=DIRECTION('',(0,0.9778024262617078,-0.2095290318708065));
#12450=DIRECTION('',(0,0,1));
#12451=DIRECTION('',(0,-1,0));
#12452=FACE_SURFACE('',(#12457),#12453,.T.);
#12453=PLANE('',#12454);
#12454=AXIS2_PLACEMENT_3D('',#304,#12455,#12456);
#12455=DIRECTION('',(0,1,0));
#12456=DIRECTION('',(-1,0,0));
#12457=FACE_BOUND('',#12458,.T.);
#12458=EDGE_LOOP('',(#12459,#12460,#12461));
#12459=ORIENTED_EDGE('',*,*,#12462,.T.);
#12460=ORIENTED_EDGE('',*,*,#12463,.T.);
#12461=ORIENTED_EDGE('',*,*,#12464,.T.);
#12462=EDGE_CURVE('',#305,#297,#12465,.F.);
#12463=EDGE_CURVE('',#297,#687,#12466,.T.);
#12464=EDGE_CURVE('',#687,#305,#12467,.T.);
#12465=LINE('',#304,#12468);
#12466=LINE('',#296,#12469);
#12467=LINE('',#686,#12470);
#12468=VECTOR('',#12471,1.0);
#12469=VECTOR('',#12472,1.0);
#12470=VECTOR('',#12473,1.0);
#12471=DIRECTION('',(-1,0,0));
#12472=DIRECTION('',(0,0,1));
#12473=DIRECTION('',(0.9778024511176456,0,-0.20952891587636344));
#12474=FACE_SURFACE('',(#12479),#12475,.T.);
#12475=PLANE('',#12476);
#12476=AXIS2_PLACEMENT_3D('',#304,#12477,#12478);
#12477=DIRECTION('',(0,1,-0));
#12478=DIRECTION('',(-0.9778024511176456,0,0.20952891587636344));
#12479=FACE_BOUND('',#12480,.T.);
#12480=EDGE_LOOP('',(#12481,#12482,#12483));
#12481=ORIENTED_EDGE('',*,*,#12484,.T.);
#12482=ORIENTED_EDGE('',*,*,#12485,.T.);
#12483=ORIENTED_EDGE('',*,*,#12486,.T.);
#12484=EDGE_CURVE('',#305,#687,#12487,.F.);
#12485=EDGE_CURVE('',#687,#695,#12488,.T.);
#12486=EDGE_CURVE('',#695,#305,#12489,.T.);
#12487=LINE('',#304,#12490);
#12488=LINE('',#686,#12491);
#12489=LINE('',#694,#12492);
#12490=VECTOR('',#12493,1.0);
#12491=VECTOR('',#12494,1.0);
#12492=VECTOR('',#12495,1.0);
#12493=DIRECTION('',(-0.9778024511176456,0,0.20952891587636344));
#12494=DIRECTION('',(1,0,0));
#12495=DIRECTION('',(0,0,-1));
#12496=FACE_SURFACE('',(#12501),#12497,.T.);
#12497=PLANE('',#12498);
#12498=AXIS2_PLACEMENT_3D('',#798,#12499,#12500);
#12499=DIRECTION('',(0,-1,0));
#12500=DIRECTION('',(0,0,-1));
#12501=FACE_BOUND('',#12502,.T.);
#12502=EDGE_LOOP('',(#12503,#12504,#12505));
#12503=ORIENTED_EDGE('',*,*,#12506,.T.);
#12504=ORIENTED_EDGE('',*,*,#12507,.T.);
#12505=ORIENTED_EDGE('',*,*,#12508,.T.);
#12506=EDGE_CURVE('',#799,#833,#12509,.F.);
#12507=EDGE_CURVE('',#833,#821,#12510,.T.);
#12508=EDGE_CURVE('',#821,#799,#12511,.T.);
#12509=LINE('',#798,#12512);
#12510=LINE('',#832,#12513);
#12511=LINE('',#820,#12514);
#12512=VECTOR('',#12515,1.0);
#12513=VECTOR('',#12516,1.0);
#12514=VECTOR('',#12517,1.0);
#12515=DIRECTION('',(0,0,-1));
#12516=DIRECTION('',(1,0,0));
#12517=DIRECTION('',(-0.9778024511176456,0,0.20952891587636344));
#12518=FACE_SURFACE('',(#12523),#12519,.T.);
#12519=PLANE('',#12520);
#12520=AXIS2_PLACEMENT_3D('',#798,#12521,#12522);
#12521=DIRECTION('',(0,-1,0));
#12522=DIRECTION('',(0.9778024511176456,0,-0.20952891587636344));
#12523=FACE_BOUND('',#12524,.T.);
#12524=EDGE_LOOP('',(#12525,#12526,#12527));
#12525=ORIENTED_EDGE('',*,*,#12528,.T.);
#12526=ORIENTED_EDGE('',*,*,#12529,.T.);
#12527=ORIENTED_EDGE('',*,*,#12530,.T.);
#12528=EDGE_CURVE('',#799,#821,#12531,.F.);
#12529=EDGE_CURVE('',#821,#697,#12532,.T.);
#12530=EDGE_CURVE('',#697,#799,#12533,.T.);
#12531=LINE('',#798,#12534);
#12532=LINE('',#820,#12535);
#12533=LINE('',#696,#12536);
#12534=VECTOR('',#12537,1.0);
#12535=VECTOR('',#12538,1.0);
#12536=VECTOR('',#12539,1.0);
#12537=DIRECTION('',(0.9778024511176456,0,-0.20952891587636344));
#12538=DIRECTION('',(0,0,1));
#12539=DIRECTION('',(-1,0,0));
#12540=FACE_SURFACE('',(#12545),#12541,.T.);
#12541=PLANE('',#12542);
#12542=AXIS2_PLACEMENT_3D('',#834,#12543,#12544);
#12543=DIRECTION('',(-1,0,0));
#12544=DIRECTION('',(0,-1,0));
#12545=FACE_BOUND('',#12546,.T.);
#12546=EDGE_LOOP('',(#12547,#12548,#12549));
#12547=ORIENTED_EDGE('',*,*,#12550,.T.);
#12548=ORIENTED_EDGE('',*,*,#12551,.T.);
#12549=ORIENTED_EDGE('',*,*,#12552,.T.);
#12550=EDGE_CURVE('',#835,#325,#12553,.F.);
#12551=EDGE_CURVE('',#325,#679,#12554,.T.);
#12552=EDGE_CURVE('',#679,#835,#12555,.T.);
#12553=LINE('',#834,#12556);
#12554=LINE('',#324,#12557);
#12555=LINE('',#678,#12558);
#12556=VECTOR('',#12559,1.0);
#12557=VECTOR('',#12560,1.0);
#12558=VECTOR('',#12561,1.0);
#12559=DIRECTION('',(0,-1,0));
#12560=DIRECTION('',(0,0,1));
#12561=DIRECTION('',(0,0.9778024262617078,-0.2095290318708065));
#12562=FACE_SURFACE('',(#12567),#12563,.T.);
#12563=PLANE('',#12564);
#12564=AXIS2_PLACEMENT_3D('',#834,#12565,#12566);
#12565=DIRECTION('',(-1,0,0));
#12566=DIRECTION('',(0,-0.9778024262617078,0.2095290318708065));
#12567=FACE_BOUND('',#12568,.T.);
#12568=EDGE_LOOP('',(#12569,#12570,#12571));
#12569=ORIENTED_EDGE('',*,*,#12572,.T.);
#12570=ORIENTED_EDGE('',*,*,#12573,.T.);
#12571=ORIENTED_EDGE('',*,*,#12574,.T.);
#12572=EDGE_CURVE('',#835,#679,#12575,.F.);
#12573=EDGE_CURVE('',#679,#803,#12576,.T.);
#12574=EDGE_CURVE('',#803,#835,#12577,.T.);
#12575=LINE('',#834,#12578);
#12576=LINE('',#678,#12579);
#12577=LINE('',#802,#12580);
#12578=VECTOR('',#12581,1.0);
#12579=VECTOR('',#12582,1.0);
#12580=VECTOR('',#12583,1.0);
#12581=DIRECTION('',(0,-0.9778024262617078,0.2095290318708065));
#12582=DIRECTION('',(0,1,0));
#12583=DIRECTION('',(0,0,-1));
#12584=FACE_SURFACE('',(#12589),#12585,.T.);
#12585=PLANE('',#12586);
#12586=AXIS2_PLACEMENT_3D('',#670,#12587,#12588);
#12587=DIRECTION('',(1,0,0));
#12588=DIRECTION('',(0,0,-1));
#12589=FACE_BOUND('',#12590,.T.);
#12590=EDGE_LOOP('',(#12591,#12592,#12593));
#12591=ORIENTED_EDGE('',*,*,#12594,.T.);
#12592=ORIENTED_EDGE('',*,*,#12595,.T.);
#12593=ORIENTED_EDGE('',*,*,#12596,.T.);
#12594=EDGE_CURVE('',#671,#327,#12597,.F.);
#12595=EDGE_CURVE('',#327,#837,#12598,.T.);
#12596=EDGE_CURVE('',#837,#671,#12599,.T.);
#12597=LINE('',#670,#12600);
#12598=LINE('',#326,#12601);
#12599=LINE('',#836,#12602);
#12600=VECTOR('',#12603,1.0);
#12601=VECTOR('',#12604,1.0);
#12602=VECTOR('',#12605,1.0);
#12603=DIRECTION('',(0,0,-1));
#12604=DIRECTION('',(0,1,0));
#12605=DIRECTION('',(0,-0.9778024262617078,0.2095290318708065));
#12606=FACE_SURFACE('',(#12611),#12607,.T.);
#12607=PLANE('',#12608);
#12608=AXIS2_PLACEMENT_3D('',#670,#12609,#12610);
#12609=DIRECTION('',(1,-0,0));
#12610=DIRECTION('',(0,0.9778024262617078,-0.2095290318708065));
#12611=FACE_BOUND('',#12612,.T.);
#12612=EDGE_LOOP('',(#12613,#12614,#12615));
#12613=ORIENTED_EDGE('',*,*,#12616,.T.);
#12614=ORIENTED_EDGE('',*,*,#12617,.T.);
#12615=ORIENTED_EDGE('',*,*,#12618,.T.);
#12616=EDGE_CURVE('',#671,#837,#12619,.F.);
#12617=EDGE_CURVE('',#837,#805,#12620,.T.);
#12618=EDGE_CURVE('',#805,#671,#12621,.T.);
#12619=LINE('',#670,#12622);
#12620=LINE('',#836,#12623);
#12621=LINE('',#804,#12624);
#12622=VECTOR('',#12625,1.0);
#12623=VECTOR('',#12626,1.0);
#12624=VECTOR('',#12627,1.0);
#12625=DIRECTION('',(0,0.9778024262617078,-0.2095290318708065));
#12626=DIRECTION('',(0,0,1));
#12627=DIRECTION('',(0,-1,0));
#12628=FACE_SURFACE('',(#12633),#12629,.T.);
#12629=PLANE('',#12630);
#12630=AXIS2_PLACEMENT_3D('',#838,#12631,#12632);
#12631=DIRECTION('',(-1,0,0));
#12632=DIRECTION('',(0,-1,0));
#12633=FACE_BOUND('',#12634,.T.);
#12634=EDGE_LOOP('',(#12635,#12636,#12637));
#12635=ORIENTED_EDGE('',*,*,#12638,.T.);
#12636=ORIENTED_EDGE('',*,*,#12639,.T.);
#12637=ORIENTED_EDGE('',*,*,#12640,.T.);
#12638=EDGE_CURVE('',#839,#335,#12641,.F.);
#12639=EDGE_CURVE('',#335,#667,#12642,.T.);
#12640=EDGE_CURVE('',#667,#839,#12643,.T.);
#12641=LINE('',#838,#12644);
#12642=LINE('',#334,#12645);
#12643=LINE('',#666,#12646);
#12644=VECTOR('',#12647,1.0);
#12645=VECTOR('',#12648,1.0);
#12646=VECTOR('',#12649,1.0);
#12647=DIRECTION('',(0,-1,0));
#12648=DIRECTION('',(0,0,1));
#12649=DIRECTION('',(0,0.9778024262617078,-0.2095290318708065));
#12650=FACE_SURFACE('',(#12655),#12651,.T.);
#12651=PLANE('',#12652);
#12652=AXIS2_PLACEMENT_3D('',#838,#12653,#12654);
#12653=DIRECTION('',(-1,0,0));
#12654=DIRECTION('',(0,-0.9778024262617078,0.2095290318708065));
#12655=FACE_BOUND('',#12656,.T.);
#12656=EDGE_LOOP('',(#12657,#12658,#12659));
#12657=ORIENTED_EDGE('',*,*,#12660,.T.);
#12658=ORIENTED_EDGE('',*,*,#12661,.T.);
#12659=ORIENTED_EDGE('',*,*,#12662,.T.);
#12660=EDGE_CURVE('',#839,#667,#12663,.F.);
#12661=EDGE_CURVE('',#667,#663,#12664,.T.);
#12662=EDGE_CURVE('',#663,#839,#12665,.T.);
#12663=LINE('',#838,#12666);
#12664=LINE('',#666,#12667);
#12665=LINE('',#662,#12668);
#12666=VECTOR('',#12669,1.0);
#12667=VECTOR('',#12670,1.0);
#12668=VECTOR('',#12671,1.0);
#12669=DIRECTION('',(0,-0.9778024262617078,0.2095290318708065));
#12670=DIRECTION('',(0,1,0));
#12671=DIRECTION('',(0,0,-1));
#12672=FACE_SURFACE('',(#12677),#12673,.T.);
#12673=PLANE('',#12674);
#12674=AXIS2_PLACEMENT_3D('',#690,#12675,#12676);
#12675=DIRECTION('',(0,-1,0));
#12676=DIRECTION('',(0,0,-1));
#12677=FACE_BOUND('',#12678,.T.);
#12678=EDGE_LOOP('',(#12679,#12680,#12681));
#12679=ORIENTED_EDGE('',*,*,#12682,.T.);
#12680=ORIENTED_EDGE('',*,*,#12683,.T.);
#12681=ORIENTED_EDGE('',*,*,#12684,.T.);
#12682=EDGE_CURVE('',#691,#831,#12685,.F.);
#12683=EDGE_CURVE('',#831,#835,#12686,.T.);
#12684=EDGE_CURVE('',#835,#691,#12687,.T.);
#12685=LINE('',#690,#12688);
#12686=LINE('',#830,#12689);
#12687=LINE('',#834,#12690);
#12688=VECTOR('',#12691,1.0);
#12689=VECTOR('',#12692,1.0);
#12690=VECTOR('',#12693,1.0);
#12691=DIRECTION('',(0,0,-1));
#12692=DIRECTION('',(1,0,0));
#12693=DIRECTION('',(-0.9778024394207389,0,0.20952897046196806));
#12694=FACE_SURFACE('',(#12699),#12695,.T.);
#12695=PLANE('',#12696);
#12696=AXIS2_PLACEMENT_3D('',#690,#12697,#12698);
#12697=DIRECTION('',(0,-1,0));
#12698=DIRECTION('',(0.9778024394207389,0,-0.20952897046196806));
#12699=FACE_BOUND('',#12700,.T.);
#12700=EDGE_LOOP('',(#12701,#12702,#12703));
#12701=ORIENTED_EDGE('',*,*,#12704,.T.);
#12702=ORIENTED_EDGE('',*,*,#12705,.T.);
#12703=ORIENTED_EDGE('',*,*,#12706,.T.);
#12704=EDGE_CURVE('',#691,#835,#12707,.F.);
#12705=EDGE_CURVE('',#835,#803,#12708,.T.);
#12706=EDGE_CURVE('',#803,#691,#12709,.T.);
#12707=LINE('',#690,#12710);
#12708=LINE('',#834,#12711);
#12709=LINE('',#802,#12712);
#12710=VECTOR('',#12713,1.0);
#12711=VECTOR('',#12714,1.0);
#12712=VECTOR('',#12715,1.0);
#12713=DIRECTION('',(0.9778024394207389,0,-0.20952897046196806));
#12714=DIRECTION('',(0,0,1));
#12715=DIRECTION('',(-1,0,0));
#12716=FACE_SURFACE('',(#12721),#12717,.T.);
#12717=PLANE('',#12718);
#12718=AXIS2_PLACEMENT_3D('',#312,#12719,#12720);
#12719=DIRECTION('',(0,1,0));
#12720=DIRECTION('',(-1,0,0));
#12721=FACE_BOUND('',#12722,.T.);
#12722=EDGE_LOOP('',(#12723,#12724,#12725));
#12723=ORIENTED_EDGE('',*,*,#12726,.T.);
#12724=ORIENTED_EDGE('',*,*,#12727,.T.);
#12725=ORIENTED_EDGE('',*,*,#12728,.T.);
#12726=EDGE_CURVE('',#313,#307,#12729,.F.);
#12727=EDGE_CURVE('',#307,#355,#12730,.T.);
#12728=EDGE_CURVE('',#355,#313,#12731,.T.);
#12729=LINE('',#312,#12732);
#12730=LINE('',#306,#12733);
#12731=LINE('',#354,#12734);
#12732=VECTOR('',#12735,1.0);
#12733=VECTOR('',#12736,1.0);
#12734=VECTOR('',#12737,1.0);
#12735=DIRECTION('',(-1,0,0));
#12736=DIRECTION('',(0,0,1));
#12737=DIRECTION('',(0.9778024043299637,0,-0.20952913421894873));
#12738=FACE_SURFACE('',(#12743),#12739,.T.);
#12739=PLANE('',#12740);
#12740=AXIS2_PLACEMENT_3D('',#312,#12741,#12742);
#12741=DIRECTION('',(0,1,-0));
#12742=DIRECTION('',(-0.9778024043299637,0,0.20952913421894873));
#12743=FACE_BOUND('',#12744,.T.);
#12744=EDGE_LOOP('',(#12745,#12746,#12747));
#12745=ORIENTED_EDGE('',*,*,#12748,.T.);
#12746=ORIENTED_EDGE('',*,*,#12749,.T.);
#12747=ORIENTED_EDGE('',*,*,#12750,.T.);
#12748=EDGE_CURVE('',#313,#355,#12751,.F.);
#12749=EDGE_CURVE('',#355,#699,#12752,.T.);
#12750=EDGE_CURVE('',#699,#313,#12753,.T.);
#12751=LINE('',#312,#12754);
#12752=LINE('',#354,#12755);
#12753=LINE('',#698,#12756);
#12754=VECTOR('',#12757,1.0);
#12755=VECTOR('',#12758,1.0);
#12756=VECTOR('',#12759,1.0);
#12757=DIRECTION('',(-0.9778024043299637,0,0.20952913421894873));
#12758=DIRECTION('',(1,0,0));
#12759=DIRECTION('',(0,0,-1));
#12760=FACE_SURFACE('',(#12765),#12761,.T.);
#12761=PLANE('',#12762);
#12762=AXIS2_PLACEMENT_3D('',#38,#12763,#12764);
#12763=DIRECTION('',(1,0,0));
#12764=DIRECTION('',(0,0,-1));
#12765=FACE_BOUND('',#12766,.T.);
#12766=EDGE_LOOP('',(#12767,#12768,#12769));
#12767=ORIENTED_EDGE('',*,*,#12770,.T.);
#12768=ORIENTED_EDGE('',*,*,#12771,.T.);
#12769=ORIENTED_EDGE('',*,*,#12772,.T.);
#12770=EDGE_CURVE('',#39,#37,#12773,.F.);
#12771=EDGE_CURVE('',#37,#823,#12774,.T.);
#12772=EDGE_CURVE('',#823,#39,#12775,.T.);
#12773=LINE('',#38,#12776);
#12774=LINE('',#36,#12777);
#12775=LINE('',#822,#12778);
#12776=VECTOR('',#12779,1.0);
#12777=VECTOR('',#12780,1.0);
#12778=VECTOR('',#12781,1.0);
#12779=DIRECTION('',(0,0,-1));
#12780=DIRECTION('',(0,1,0));
#12781=DIRECTION('',(0,-0.9778024262617078,0.2095290318708065));
#12782=FACE_SURFACE('',(#12787),#12783,.T.);
#12783=PLANE('',#12784);
#12784=AXIS2_PLACEMENT_3D('',#38,#12785,#12786);
#12785=DIRECTION('',(1,-0,0));
#12786=DIRECTION('',(0,0.9778024262617078,-0.2095290318708065));
#12787=FACE_BOUND('',#12788,.T.);
#12788=EDGE_LOOP('',(#12789,#12790,#12791));
#12789=ORIENTED_EDGE('',*,*,#12792,.T.);
#12790=ORIENTED_EDGE('',*,*,#12793,.T.);
#12791=ORIENTED_EDGE('',*,*,#12794,.T.);
#12792=EDGE_CURVE('',#39,#823,#12795,.F.);
#12793=EDGE_CURVE('',#823,#661,#12796,.T.);
#12794=EDGE_CURVE('',#661,#39,#12797,.T.);
#12795=LINE('',#38,#12798);
#12796=LINE('',#822,#12799);
#12797=LINE('',#660,#12800);
#12798=VECTOR('',#12801,1.0);
#12799=VECTOR('',#12802,1.0);
#12800=VECTOR('',#12803,1.0);
#12801=DIRECTION('',(0,0.9778024262617078,-0.2095290318708065));
#12802=DIRECTION('',(0,0,1));
#12803=DIRECTION('',(0,-1,0));
#12804=FACE_SURFACE('',(#12809),#12805,.T.);
#12805=PLANE('',#12806);
#12806=AXIS2_PLACEMENT_3D('',#770,#12807,#12808);
#12807=DIRECTION('',(-1,0,0));
#12808=DIRECTION('',(0,-1,0));
#12809=FACE_BOUND('',#12810,.T.);
#12810=EDGE_LOOP('',(#12811,#12812,#12813));
#12811=ORIENTED_EDGE('',*,*,#12814,.T.);
#12812=ORIENTED_EDGE('',*,*,#12815,.T.);
#12813=ORIENTED_EDGE('',*,*,#12816,.T.);
#12814=EDGE_CURVE('',#771,#407,#12817,.F.);
#12815=EDGE_CURVE('',#407,#67,#12818,.T.);
#12816=EDGE_CURVE('',#67,#771,#12819,.T.);
#12817=LINE('',#770,#12820);
#12818=LINE('',#406,#12821);
#12819=LINE('',#66,#12822);
#12820=VECTOR('',#12823,1.0);
#12821=VECTOR('',#12824,1.0);
#12822=VECTOR('',#12825,1.0);
#12823=DIRECTION('',(0,-1,0));
#12824=DIRECTION('',(0,0,1));
#12825=DIRECTION('',(0,0.9778024218753616,-0.20952905234042712));
#12826=FACE_SURFACE('',(#12831),#12827,.T.);
#12827=PLANE('',#12828);
#12828=AXIS2_PLACEMENT_3D('',#770,#12829,#12830);
#12829=DIRECTION('',(-1,0,0));
#12830=DIRECTION('',(0,-0.9778024218753616,0.20952905234042712));
#12831=FACE_BOUND('',#12832,.T.);
#12832=EDGE_LOOP('',(#12833,#12834,#12835));
#12833=ORIENTED_EDGE('',*,*,#12836,.T.);
#12834=ORIENTED_EDGE('',*,*,#12837,.T.);
#12835=ORIENTED_EDGE('',*,*,#12838,.T.);
#12836=EDGE_CURVE('',#771,#67,#12839,.F.);
#12837=EDGE_CURVE('',#67,#707,#12840,.T.);
#12838=EDGE_CURVE('',#707,#771,#12841,.T.);
#12839=LINE('',#770,#12842);
#12840=LINE('',#66,#12843);
#12841=LINE('',#706,#12844);
#12842=VECTOR('',#12845,1.0);
#12843=VECTOR('',#12846,1.0);
#12844=VECTOR('',#12847,1.0);
#12845=DIRECTION('',(0,-0.9778024218753616,0.20952905234042712));
#12846=DIRECTION('',(0,1,0));
#12847=DIRECTION('',(0,0,-1));
#12848=FACE_SURFACE('',(#12853),#12849,.T.);
#12849=PLANE('',#12850);
#12850=AXIS2_PLACEMENT_3D('',#804,#12851,#12852);
#12851=DIRECTION('',(0,-1,0));
#12852=DIRECTION('',(0,0,-1));
#12853=FACE_BOUND('',#12854,.T.);
#12854=EDGE_LOOP('',(#12855,#12856,#12857));
#12855=ORIENTED_EDGE('',*,*,#12858,.T.);
#12856=ORIENTED_EDGE('',*,*,#12859,.T.);
#12857=ORIENTED_EDGE('',*,*,#12860,.T.);
#12858=EDGE_CURVE('',#805,#837,#12861,.F.);
#12859=EDGE_CURVE('',#837,#839,#12862,.T.);
#12860=EDGE_CURVE('',#839,#805,#12863,.T.);
#12861=LINE('',#804,#12864);
#12862=LINE('',#836,#12865);
#12863=LINE('',#838,#12866);
#12864=VECTOR('',#12867,1.0);
#12865=VECTOR('',#12868,1.0);
#12866=VECTOR('',#12869,1.0);
#12867=DIRECTION('',(0,0,-1));
#12868=DIRECTION('',(1,0,0));
#12869=DIRECTION('',(-0.977802427723823,0,0.2095290250476005));
#12870=FACE_SURFACE('',(#12875),#12871,.T.);
#12871=PLANE('',#12872);
#12872=AXIS2_PLACEMENT_3D('',#804,#12873,#12874);
#12873=DIRECTION('',(0,-1,0));
#12874=DIRECTION('',(0.977802427723823,0,-0.2095290250476005));
#12875=FACE_BOUND('',#12876,.T.);
#12876=EDGE_LOOP('',(#12877,#12878,#12879));
#12877=ORIENTED_EDGE('',*,*,#12880,.T.);
#12878=ORIENTED_EDGE('',*,*,#12881,.T.);
#12879=ORIENTED_EDGE('',*,*,#12882,.T.);
#12880=EDGE_CURVE('',#805,#839,#12883,.F.);
#12881=EDGE_CURVE('',#839,#663,#12884,.T.);
#12882=EDGE_CURVE('',#663,#805,#12885,.T.);
#12883=LINE('',#804,#12886);
#12884=LINE('',#838,#12887);
#12885=LINE('',#662,#12888);
#12886=VECTOR('',#12889,1.0);
#12887=VECTOR('',#12890,1.0);
#12888=VECTOR('',#12891,1.0);
#12889=DIRECTION('',(0.977802427723823,0,-0.2095290250476005));
#12890=DIRECTION('',(0,0,1));
#12891=DIRECTION('',(-1,0,0));
#12892=FACE_SURFACE('',(#12897),#12893,.T.);
#12893=PLANE('',#12894);
#12894=AXIS2_PLACEMENT_3D('',#340,#12895,#12896);
#12895=DIRECTION('',(0,1,0));
#12896=DIRECTION('',(-1,0,0));
#12897=FACE_BOUND('',#12898,.T.);
#12898=EDGE_LOOP('',(#12899,#12900,#12901));
#12899=ORIENTED_EDGE('',*,*,#12902,.T.);
#12900=ORIENTED_EDGE('',*,*,#12903,.T.);
#12901=ORIENTED_EDGE('',*,*,#12904,.T.);
#12902=EDGE_CURVE('',#341,#345,#12905,.F.);
#12903=EDGE_CURVE('',#345,#651,#12906,.T.);
#12904=EDGE_CURVE('',#651,#341,#12907,.T.);
#12905=LINE('',#340,#12908);
#12906=LINE('',#344,#12909);
#12907=LINE('',#650,#12910);
#12908=VECTOR('',#12911,1.0);
#12909=VECTOR('',#12912,1.0);
#12910=VECTOR('',#12913,1.0);
#12911=DIRECTION('',(-1,0,0));
#12912=DIRECTION('',(0,0,1));
#12913=DIRECTION('',(0.9778024357654537,0,-0.20952898751997523));
#12914=FACE_SURFACE('',(#12919),#12915,.T.);
#12915=PLANE('',#12916);
#12916=AXIS2_PLACEMENT_3D('',#340,#12917,#12918);
#12917=DIRECTION('',(0,1,-0));
#12918=DIRECTION('',(-0.9778024357654537,0,0.20952898751997523));
#12919=FACE_BOUND('',#12920,.T.);
#12920=EDGE_LOOP('',(#12921,#12922,#12923));
#12921=ORIENTED_EDGE('',*,*,#12924,.T.);
#12922=ORIENTED_EDGE('',*,*,#12925,.T.);
#12923=ORIENTED_EDGE('',*,*,#12926,.T.);
#12924=EDGE_CURVE('',#341,#651,#12927,.F.);
#12925=EDGE_CURVE('',#651,#639,#12928,.T.);
#12926=EDGE_CURVE('',#639,#341,#12929,.T.);
#12927=LINE('',#340,#12930);
#12928=LINE('',#650,#12931);
#12929=LINE('',#638,#12932);
#12930=VECTOR('',#12933,1.0);
#12931=VECTOR('',#12934,1.0);
#12932=VECTOR('',#12935,1.0);
#12933=DIRECTION('',(-0.9778024357654537,0,0.20952898751997523));
#12934=DIRECTION('',(1,0,0));
#12935=DIRECTION('',(0,0,-1));
#12936=FACE_SURFACE('',(#12941),#12937,.T.);
#12937=PLANE('',#12938);
#12938=AXIS2_PLACEMENT_3D('',#686,#12939,#12940);
#12939=DIRECTION('',(1,0,0));
#12940=DIRECTION('',(0,0,-1));
#12941=FACE_BOUND('',#12942,.T.);
#12942=EDGE_LOOP('',(#12943,#12944,#12945));
#12943=ORIENTED_EDGE('',*,*,#12946,.T.);
#12944=ORIENTED_EDGE('',*,*,#12947,.T.);
#12945=ORIENTED_EDGE('',*,*,#12948,.T.);
#12946=EDGE_CURVE('',#687,#297,#12949,.F.);
#12947=EDGE_CURVE('',#297,#833,#12950,.T.);
#12948=EDGE_CURVE('',#833,#687,#12951,.T.);
#12949=LINE('',#686,#12952);
#12950=LINE('',#296,#12953);
#12951=LINE('',#832,#12954);
#12952=VECTOR('',#12955,1.0);
#12953=VECTOR('',#12956,1.0);
#12954=VECTOR('',#12957,1.0);
#12955=DIRECTION('',(0,0,-1));
#12956=DIRECTION('',(0,1,0));
#12957=DIRECTION('',(0,-0.9778024262617078,0.2095290318708065));
#12958=FACE_SURFACE('',(#12963),#12959,.T.);
#12959=PLANE('',#12960);
#12960=AXIS2_PLACEMENT_3D('',#686,#12961,#12962);
#12961=DIRECTION('',(1,-0,0));
#12962=DIRECTION('',(0,0.9778024262617078,-0.2095290318708065));
#12963=FACE_BOUND('',#12964,.T.);
#12964=EDGE_LOOP('',(#12965,#12966,#12967));
#12965=ORIENTED_EDGE('',*,*,#12968,.T.);
#12966=ORIENTED_EDGE('',*,*,#12969,.T.);
#12967=ORIENTED_EDGE('',*,*,#12970,.T.);
#12968=EDGE_CURVE('',#687,#833,#12971,.F.);
#12969=EDGE_CURVE('',#833,#799,#12972,.T.);
#12970=EDGE_CURVE('',#799,#687,#12973,.T.);
#12971=LINE('',#686,#12974);
#12972=LINE('',#832,#12975);
#12973=LINE('',#798,#12976);
#12974=VECTOR('',#12977,1.0);
#12975=VECTOR('',#12978,1.0);
#12976=VECTOR('',#12979,1.0);
#12977=DIRECTION('',(0,0.9778024262617078,-0.2095290318708065));
#12978=DIRECTION('',(0,0,1));
#12979=DIRECTION('',(0,-1,0));
#12980=FACE_SURFACE('',(#12985),#12981,.T.);
#12981=PLANE('',#12982);
#12982=AXIS2_PLACEMENT_3D('',#334,#12983,#12984);
#12983=DIRECTION('',(0,1,0));
#12984=DIRECTION('',(-1,0,0));
#12985=FACE_BOUND('',#12986,.T.);
#12986=EDGE_LOOP('',(#12987,#12988,#12989));
#12987=ORIENTED_EDGE('',*,*,#12990,.T.);
#12988=ORIENTED_EDGE('',*,*,#12991,.T.);
#12989=ORIENTED_EDGE('',*,*,#12992,.T.);
#12990=EDGE_CURVE('',#335,#327,#12993,.F.);
#12991=EDGE_CURVE('',#327,#671,#12994,.T.);
#12992=EDGE_CURVE('',#671,#335,#12995,.T.);
#12993=LINE('',#334,#12996);
#12994=LINE('',#326,#12997);
#12995=LINE('',#670,#12998);
#12996=VECTOR('',#12999,1.0);
#12997=VECTOR('',#13000,1.0);
#12998=VECTOR('',#13001,1.0);
#12999=DIRECTION('',(-1,0,0));
#13000=DIRECTION('',(0,0,1));
#13001=DIRECTION('',(0.977802427723823,0,-0.2095290250476005));
#13002=FACE_SURFACE('',(#13007),#13003,.T.);
#13003=PLANE('',#13004);
#13004=AXIS2_PLACEMENT_3D('',#334,#13005,#13006);
#13005=DIRECTION('',(0,1,-0));
#13006=DIRECTION('',(-0.977802427723823,0,0.2095290250476005));
#13007=FACE_BOUND('',#13008,.T.);
#13008=EDGE_LOOP('',(#13009,#13010,#13011));
#13009=ORIENTED_EDGE('',*,*,#13012,.T.);
#13010=ORIENTED_EDGE('',*,*,#13013,.T.);
#13011=ORIENTED_EDGE('',*,*,#13014,.T.);
#13012=EDGE_CURVE('',#335,#671,#13015,.F.);
#13013=EDGE_CURVE('',#671,#667,#13016,.T.);
#13014=EDGE_CURVE('',#667,#335,#13017,.T.);
#13015=LINE('',#334,#13018);
#13016=LINE('',#670,#13019);
#13017=LINE('',#666,#13020);
#13018=VECTOR('',#13021,1.0);
#13019=VECTOR('',#13022,1.0);
#13020=VECTOR('',#13023,1.0);
#13021=DIRECTION('',(-0.977802427723823,0,0.2095290250476005));
#13022=DIRECTION('',(1,0,0));
#13023=DIRECTION('',(0,0,-1));
#13024=FACE_SURFACE('',(#13029),#13025,.T.);
#13025=PLANE('',#13026);
#13026=AXIS2_PLACEMENT_3D('',#324,#13027,#13028);
#13027=DIRECTION('',(0,1,0));
#13028=DIRECTION('',(-1,0,0));
#13029=FACE_BOUND('',#13030,.T.);
#13030=EDGE_LOOP('',(#13031,#13032,#13033));
#13031=ORIENTED_EDGE('',*,*,#13034,.T.);
#13032=ORIENTED_EDGE('',*,*,#13035,.T.);
#13033=ORIENTED_EDGE('',*,*,#13036,.T.);
#13034=EDGE_CURVE('',#325,#315,#13037,.F.);
#13035=EDGE_CURVE('',#315,#689,#13038,.T.);
#13036=EDGE_CURVE('',#689,#325,#13039,.T.);
#13037=LINE('',#324,#13040);
#13038=LINE('',#314,#13041);
#13039=LINE('',#688,#13042);
#13040=VECTOR('',#13043,1.0);
#13041=VECTOR('',#13044,1.0);
#13042=VECTOR('',#13045,1.0);
#13043=DIRECTION('',(-1,0,0));
#13044=DIRECTION('',(0,0,1));
#13045=DIRECTION('',(0.9778024394207389,0,-0.20952897046196806));
#13046=FACE_SURFACE('',(#13051),#13047,.T.);
#13047=PLANE('',#13048);
#13048=AXIS2_PLACEMENT_3D('',#324,#13049,#13050);
#13049=DIRECTION('',(0,1,-0));
#13050=DIRECTION('',(-0.9778024394207389,0,0.20952897046196806));
#13051=FACE_BOUND('',#13052,.T.);
#13052=EDGE_LOOP('',(#13053,#13054,#13055));
#13053=ORIENTED_EDGE('',*,*,#13056,.T.);
#13054=ORIENTED_EDGE('',*,*,#13057,.T.);
#13055=ORIENTED_EDGE('',*,*,#13058,.T.);
#13056=EDGE_CURVE('',#325,#689,#13059,.F.);
#13057=EDGE_CURVE('',#689,#679,#13060,.T.);
#13058=EDGE_CURVE('',#679,#325,#13061,.T.);
#13059=LINE('',#324,#13062);
#13060=LINE('',#688,#13063);
#13061=LINE('',#678,#13064);
#13062=VECTOR('',#13065,1.0);
#13063=VECTOR('',#13066,1.0);
#13064=VECTOR('',#13067,1.0);
#13065=DIRECTION('',(-0.9778024394207389,0,0.20952897046196806));
#13066=DIRECTION('',(1,0,0));
#13067=DIRECTION('',(0,0,-1));
#13068=FACE_SURFACE('',(#13073),#13069,.T.);
#13069=PLANE('',#13070);
#13070=AXIS2_PLACEMENT_3D('',#590,#13071,#13072);
#13071=DIRECTION('',(0,-1,0));
#13072=DIRECTION('',(0,0,-1));
#13073=FACE_BOUND('',#13074,.T.);
#13074=EDGE_LOOP('',(#13075,#13076,#13077));
#13075=ORIENTED_EDGE('',*,*,#13078,.T.);
#13076=ORIENTED_EDGE('',*,*,#13079,.T.);
#13077=ORIENTED_EDGE('',*,*,#13080,.T.);
#13078=EDGE_CURVE('',#591,#207,#13081,.F.);
#13079=EDGE_CURVE('',#207,#205,#13082,.T.);
#13080=EDGE_CURVE('',#205,#591,#13083,.T.);
#13081=LINE('',#590,#13084);
#13082=LINE('',#206,#13085);
#13083=LINE('',#204,#13086);
#13084=VECTOR('',#13087,1.0);
#13085=VECTOR('',#13088,1.0);
#13086=VECTOR('',#13089,1.0);
#13087=DIRECTION('',(0,0,-1));
#13088=DIRECTION('',(1,0,0));
#13089=DIRECTION('',(-0.9778024350343965,0,0.20952899093157695));
#13090=FACE_SURFACE('',(#13095),#13091,.T.);
#13091=PLANE('',#13092);
#13092=AXIS2_PLACEMENT_3D('',#590,#13093,#13094);
#13093=DIRECTION('',(0,-1,0));
#13094=DIRECTION('',(0.9778024350343965,0,-0.20952899093157695));
#13095=FACE_BOUND('',#13096,.T.);
#13096=EDGE_LOOP('',(#13097,#13098,#13099));
#13097=ORIENTED_EDGE('',*,*,#13100,.T.);
#13098=ORIENTED_EDGE('',*,*,#13101,.T.);
#13099=ORIENTED_EDGE('',*,*,#13102,.T.);
#13100=EDGE_CURVE('',#591,#205,#13103,.F.);
#13101=EDGE_CURVE('',#205,#597,#13104,.T.);
#13102=EDGE_CURVE('',#597,#591,#13105,.T.);
#13103=LINE('',#590,#13106);
#13104=LINE('',#204,#13107);
#13105=LINE('',#596,#13108);
#13106=VECTOR('',#13109,1.0);
#13107=VECTOR('',#13110,1.0);
#13108=VECTOR('',#13111,1.0);
#13109=DIRECTION('',(0.9778024350343965,0,-0.20952899093157695));
#13110=DIRECTION('',(0,0,1));
#13111=DIRECTION('',(-1,0,0));
#13112=FACE_SURFACE('',(#13117),#13113,.T.);
#13113=PLANE('',#13114);
#13114=AXIS2_PLACEMENT_3D('',#676,#13115,#13116);
#13115=DIRECTION('',(0,-1,0));
#13116=DIRECTION('',(0,0,-1));
#13117=FACE_BOUND('',#13118,.T.);
#13118=EDGE_LOOP('',(#13119,#13120,#13121));
#13119=ORIENTED_EDGE('',*,*,#13122,.T.);
#13120=ORIENTED_EDGE('',*,*,#13123,.T.);
#13121=ORIENTED_EDGE('',*,*,#13124,.T.);
#13122=EDGE_CURVE('',#677,#299,#13125,.F.);
#13123=EDGE_CURVE('',#299,#303,#13126,.T.);
#13124=EDGE_CURVE('',#303,#677,#13127,.T.);
#13125=LINE('',#676,#13128);
#13126=LINE('',#298,#13129);
#13127=LINE('',#302,#13130);
#13128=VECTOR('',#13131,1.0);
#13129=VECTOR('',#13132,1.0);
#13130=VECTOR('',#13133,1.0);
#13131=DIRECTION('',(0,0,-1));
#13132=DIRECTION('',(1,0,0));
#13133=DIRECTION('',(-0.9778024160268979,0,0.20952907963326073));
#13134=FACE_SURFACE('',(#13139),#13135,.T.);
#13135=PLANE('',#13136);
#13136=AXIS2_PLACEMENT_3D('',#676,#13137,#13138);
#13137=DIRECTION('',(0,-1,0));
#13138=DIRECTION('',(0.9778024160268979,0,-0.20952907963326073));
#13139=FACE_BOUND('',#13140,.T.);
#13140=EDGE_LOOP('',(#13141,#13142,#13143));
#13141=ORIENTED_EDGE('',*,*,#13144,.T.);
#13142=ORIENTED_EDGE('',*,*,#13145,.T.);
#13143=ORIENTED_EDGE('',*,*,#13146,.T.);
#13144=EDGE_CURVE('',#677,#303,#13147,.F.);
#13145=EDGE_CURVE('',#303,#669,#13148,.T.);
#13146=EDGE_CURVE('',#669,#677,#13149,.T.);
#13147=LINE('',#676,#13150);
#13148=LINE('',#302,#13151);
#13149=LINE('',#668,#13152);
#13150=VECTOR('',#13153,1.0);
#13151=VECTOR('',#13154,1.0);
#13152=VECTOR('',#13155,1.0);
#13153=DIRECTION('',(0.9778024160268979,0,-0.20952907963326073));
#13154=DIRECTION('',(0,0,1));
#13155=DIRECTION('',(-1,0,0));
#13156=FACE_SURFACE('',(#13161),#13157,.T.);
#13157=PLANE('',#13158);
#13158=AXIS2_PLACEMENT_3D('',#514,#13159,#13160);
#13159=DIRECTION('',(1,0,-0));
#13160=DIRECTION('',(0,0,1));
#13161=FACE_BOUND('',#13162,.T.);
#13162=EDGE_LOOP('',(#13163,#13164,#13165));
#13163=ORIENTED_EDGE('',*,*,#13166,.T.);
#13164=ORIENTED_EDGE('',*,*,#13167,.T.);
#13165=ORIENTED_EDGE('',*,*,#13168,.T.);
#13166=EDGE_CURVE('',#515,#513,#13169,.F.);
#13167=EDGE_CURVE('',#513,#651,#13170,.T.);
#13168=EDGE_CURVE('',#651,#515,#13171,.T.);
#13169=LINE('',#514,#13172);
#13170=LINE('',#512,#13173);
#13171=LINE('',#650,#13174);
#13172=VECTOR('',#13175,1.0);
#13173=VECTOR('',#13176,1.0);
#13174=VECTOR('',#13177,1.0);
#13175=DIRECTION('',(0,0,1));
#13176=DIRECTION('',(0,-1,0));
#13177=DIRECTION('',(0,0.9778024262617078,-0.2095290318708065));
#13178=FACE_SURFACE('',(#13183),#13179,.T.);
#13179=PLANE('',#13180);
#13180=AXIS2_PLACEMENT_3D('',#650,#13181,#13182);
#13181=DIRECTION('',(1,0,0));
#13182=DIRECTION('',(0,0,-1));
#13183=FACE_BOUND('',#13184,.T.);
#13184=EDGE_LOOP('',(#13185,#13186,#13187));
#13185=ORIENTED_EDGE('',*,*,#13188,.T.);
#13186=ORIENTED_EDGE('',*,*,#13189,.T.);
#13187=ORIENTED_EDGE('',*,*,#13190,.T.);
#13188=EDGE_CURVE('',#651,#345,#13191,.F.);
#13189=EDGE_CURVE('',#345,#343,#13192,.T.);
#13190=EDGE_CURVE('',#343,#651,#13193,.T.);
#13191=LINE('',#650,#13194);
#13192=LINE('',#344,#13195);
#13193=LINE('',#342,#13196);
#13194=VECTOR('',#13197,1.0);
#13195=VECTOR('',#13198,1.0);
#13196=VECTOR('',#13199,1.0);
#13197=DIRECTION('',(0,0,-1));
#13198=DIRECTION('',(0,1,0));
#13199=DIRECTION('',(0,-0.5109833779117481,0.8595905929556813));
#13200=FACE_SURFACE('',(#13205),#13201,.T.);
#13201=PLANE('',#13202);
#13202=AXIS2_PLACEMENT_3D('',#650,#13203,#13204);
#13203=DIRECTION('',(1,0,0));
#13204=DIRECTION('',(0,0.5109833779117481,-0.8595905929556813));
#13205=FACE_BOUND('',#13206,.T.);
#13206=EDGE_LOOP('',(#13207,#13208,#13209));
#13207=ORIENTED_EDGE('',*,*,#13210,.T.);
#13208=ORIENTED_EDGE('',*,*,#13211,.T.);
#13209=ORIENTED_EDGE('',*,*,#13212,.T.);
#13210=EDGE_CURVE('',#651,#343,#13213,.F.);
#13211=EDGE_CURVE('',#343,#515,#13214,.T.);
#13212=EDGE_CURVE('',#515,#651,#13215,.T.);
#13213=LINE('',#650,#13216);
#13214=LINE('',#342,#13217);
#13215=LINE('',#514,#13218);
#13216=VECTOR('',#13219,1.0);
#13217=VECTOR('',#13220,1.0);
#13218=VECTOR('',#13221,1.0);
#13219=DIRECTION('',(0,0.5109833779117481,-0.8595905929556813));
#13220=DIRECTION('',(0,1,0));
#13221=DIRECTION('',(0,-0.9778024262617078,0.2095290318708065));
#13222=FACE_SURFACE('',(#13227),#13223,.T.);
#13223=PLANE('',#13224);
#13224=AXIS2_PLACEMENT_3D('',#658,#13225,#13226);
#13225=DIRECTION('',(0,-1,0));
#13226=DIRECTION('',(0,0,-1));
#13227=FACE_BOUND('',#13228,.T.);
#13228=EDGE_LOOP('',(#13229,#13230,#13231));
#13229=ORIENTED_EDGE('',*,*,#13232,.T.);
#13230=ORIENTED_EDGE('',*,*,#13233,.T.);
#13231=ORIENTED_EDGE('',*,*,#13234,.T.);
#13232=EDGE_CURVE('',#659,#317,#13235,.F.);
#13233=EDGE_CURVE('',#317,#323,#13236,.T.);
#13234=EDGE_CURVE('',#323,#659,#13237,.T.);
#13235=LINE('',#658,#13238);
#13236=LINE('',#316,#13239);
#13237=LINE('',#322,#13240);
#13238=VECTOR('',#13241,1.0);
#13239=VECTOR('',#13242,1.0);
#13240=VECTOR('',#13243,1.0);
#13241=DIRECTION('',(0,0,-1));
#13242=DIRECTION('',(1,0,0));
#13243=DIRECTION('',(-0.9778024335722821,0,0.20952899775478082));
#13244=FACE_SURFACE('',(#13249),#13245,.T.);
#13245=PLANE('',#13246);
#13246=AXIS2_PLACEMENT_3D('',#658,#13247,#13248);
#13247=DIRECTION('',(0,-1,0));
#13248=DIRECTION('',(0.9778024335722821,0,-0.20952899775478082));
#13249=FACE_BOUND('',#13250,.T.);
#13250=EDGE_LOOP('',(#13251,#13252,#13253));
#13251=ORIENTED_EDGE('',*,*,#13254,.T.);
#13252=ORIENTED_EDGE('',*,*,#13255,.T.);
#13253=ORIENTED_EDGE('',*,*,#13256,.T.);
#13254=EDGE_CURVE('',#659,#323,#13257,.F.);
#13255=EDGE_CURVE('',#323,#655,#13258,.T.);
#13256=EDGE_CURVE('',#655,#659,#13259,.T.);
#13257=LINE('',#658,#13260);
#13258=LINE('',#322,#13261);
#13259=LINE('',#654,#13262);
#13260=VECTOR('',#13263,1.0);
#13261=VECTOR('',#13264,1.0);
#13262=VECTOR('',#13265,1.0);
#13263=DIRECTION('',(0.9778024335722821,0,-0.20952899775478082));
#13264=DIRECTION('',(0,0,1));
#13265=DIRECTION('',(-1,0,0));
#13266=FACE_SURFACE('',(#13271),#13267,.T.);
#13267=PLANE('',#13268);
#13268=AXIS2_PLACEMENT_3D('',#756,#13269,#13270);
#13269=DIRECTION('',(0,1,0));
#13270=DIRECTION('',(-1,0,0));
#13271=FACE_BOUND('',#13272,.T.);
#13272=EDGE_LOOP('',(#13273,#13274,#13275));
#13273=ORIENTED_EDGE('',*,*,#13276,.T.);
#13274=ORIENTED_EDGE('',*,*,#13277,.T.);
#13275=ORIENTED_EDGE('',*,*,#13278,.T.);
#13276=EDGE_CURVE('',#757,#723,#13279,.F.);
#13277=EDGE_CURVE('',#723,#675,#13280,.T.);
#13278=EDGE_CURVE('',#675,#757,#13281,.T.);
#13279=LINE('',#756,#13282);
#13280=LINE('',#722,#13283);
#13281=LINE('',#674,#13284);
#13282=VECTOR('',#13285,1.0);
#13283=VECTOR('',#13286,1.0);
#13284=VECTOR('',#13287,1.0);
#13285=DIRECTION('',(-1,0,0));
#13286=DIRECTION('',(0,0,1));
#13287=DIRECTION('',(0.9778024160268979,0,-0.20952907963326073));
#13288=FACE_SURFACE('',(#13293),#13289,.T.);
#13289=PLANE('',#13290);
#13290=AXIS2_PLACEMENT_3D('',#756,#13291,#13292);
#13291=DIRECTION('',(0,1,-0));
#13292=DIRECTION('',(-0.9778024160268979,0,0.20952907963326073));
#13293=FACE_BOUND('',#13294,.T.);
#13294=EDGE_LOOP('',(#13295,#13296,#13297));
#13295=ORIENTED_EDGE('',*,*,#13298,.T.);
#13296=ORIENTED_EDGE('',*,*,#13299,.T.);
#13297=ORIENTED_EDGE('',*,*,#13300,.T.);
#13298=EDGE_CURVE('',#757,#675,#13301,.F.);
#13299=EDGE_CURVE('',#675,#715,#13302,.T.);
#13300=EDGE_CURVE('',#715,#757,#13303,.T.);
#13301=LINE('',#756,#13304);
#13302=LINE('',#674,#13305);
#13303=LINE('',#714,#13306);
#13304=VECTOR('',#13307,1.0);
#13305=VECTOR('',#13308,1.0);
#13306=VECTOR('',#13309,1.0);
#13307=DIRECTION('',(-0.9778024160268979,0,0.20952907963326073));
#13308=DIRECTION('',(1,0,0));
#13309=DIRECTION('',(0,0,-1));
#13310=FACE_SURFACE('',(#13315),#13311,.T.);
#13311=PLANE('',#13312);
#13312=AXIS2_PLACEMENT_3D('',#782,#13313,#13314);
#13313=DIRECTION('',(0,1,0));
#13314=DIRECTION('',(-1,0,0));
#13315=FACE_BOUND('',#13316,.T.);
#13316=EDGE_LOOP('',(#13317,#13318,#13319));
#13317=ORIENTED_EDGE('',*,*,#13320,.T.);
#13318=ORIENTED_EDGE('',*,*,#13321,.T.);
#13319=ORIENTED_EDGE('',*,*,#13322,.T.);
#13320=EDGE_CURVE('',#783,#777,#13323,.F.);
#13321=EDGE_CURVE('',#777,#647,#13324,.T.);
#13322=EDGE_CURVE('',#647,#783,#13325,.T.);
#13323=LINE('',#782,#13326);
#13324=LINE('',#776,#13327);
#13325=LINE('',#646,#13328);
#13326=VECTOR('',#13329,1.0);
#13327=VECTOR('',#13330,1.0);
#13328=VECTOR('',#13331,1.0);
#13329=DIRECTION('',(-1,0,0));
#13330=DIRECTION('',(0,0,1));
#13331=DIRECTION('',(0.9778024328412248,0,-0.2095290011663829));
#13332=FACE_SURFACE('',(#13337),#13333,.T.);
#13333=PLANE('',#13334);
#13334=AXIS2_PLACEMENT_3D('',#782,#13335,#13336);
#13335=DIRECTION('',(0,1,-0));
#13336=DIRECTION('',(-0.9778024328412248,0,0.2095290011663829));
#13337=FACE_BOUND('',#13338,.T.);
#13338=EDGE_LOOP('',(#13339,#13340,#13341));
#13339=ORIENTED_EDGE('',*,*,#13342,.T.);
#13340=ORIENTED_EDGE('',*,*,#13343,.T.);
#13341=ORIENTED_EDGE('',*,*,#13344,.T.);
#13342=EDGE_CURVE('',#783,#647,#13345,.F.);
#13343=EDGE_CURVE('',#647,#703,#13346,.T.);
#13344=EDGE_CURVE('',#703,#783,#13347,.T.);
#13345=LINE('',#782,#13348);
#13346=LINE('',#646,#13349);
#13347=LINE('',#702,#13350);
#13348=VECTOR('',#13351,1.0);
#13349=VECTOR('',#13352,1.0);
#13350=VECTOR('',#13353,1.0);
#13351=DIRECTION('',(-0.9778024328412248,0,0.2095290011663829));
#13352=DIRECTION('',(1,0,0));
#13353=DIRECTION('',(0,0,-1));
#13354=FACE_SURFACE('',(#13359),#13355,.T.);
#13355=PLANE('',#13356);
#13356=AXIS2_PLACEMENT_3D('',#302,#13357,#13358);
#13357=DIRECTION('',(-1,0,0));
#13358=DIRECTION('',(0,-1,0));
#13359=FACE_BOUND('',#13360,.T.);
#13360=EDGE_LOOP('',(#13361,#13362,#13363));
#13361=ORIENTED_EDGE('',*,*,#13364,.T.);
#13362=ORIENTED_EDGE('',*,*,#13365,.T.);
#13363=ORIENTED_EDGE('',*,*,#13366,.T.);
#13364=EDGE_CURVE('',#303,#757,#13367,.F.);
#13365=EDGE_CURVE('',#757,#715,#13368,.T.);
#13366=EDGE_CURVE('',#715,#303,#13369,.T.);
#13367=LINE('',#302,#13370);
#13368=LINE('',#756,#13371);
#13369=LINE('',#714,#13372);
#13370=VECTOR('',#13373,1.0);
#13371=VECTOR('',#13374,1.0);
#13372=VECTOR('',#13375,1.0);
#13373=DIRECTION('',(0,-1,0));
#13374=DIRECTION('',(0,0,1));
#13375=DIRECTION('',(0,0.9778024423449665,-0.2095289568155643));
#13376=FACE_SURFACE('',(#13381),#13377,.T.);
#13377=PLANE('',#13378);
#13378=AXIS2_PLACEMENT_3D('',#302,#13379,#13380);
#13379=DIRECTION('',(-1,0,0));
#13380=DIRECTION('',(0,-0.9778024423449665,0.2095289568155643));
#13381=FACE_BOUND('',#13382,.T.);
#13382=EDGE_LOOP('',(#13383,#13384,#13385));
#13383=ORIENTED_EDGE('',*,*,#13386,.T.);
#13384=ORIENTED_EDGE('',*,*,#13387,.T.);
#13385=ORIENTED_EDGE('',*,*,#13388,.T.);
#13386=EDGE_CURVE('',#303,#715,#13389,.F.);
#13387=EDGE_CURVE('',#715,#669,#13390,.T.);
#13388=EDGE_CURVE('',#669,#303,#13391,.T.);
#13389=LINE('',#302,#13392);
#13390=LINE('',#714,#13393);
#13391=LINE('',#668,#13394);
#13392=VECTOR('',#13395,1.0);
#13393=VECTOR('',#13396,1.0);
#13394=VECTOR('',#13397,1.0);
#13395=DIRECTION('',(0,-0.9778024423449665,0.2095289568155643));
#13396=DIRECTION('',(0,1,0));
#13397=DIRECTION('',(0,0,-1));
#13398=FACE_SURFACE('',(#13403),#13399,.T.);
#13399=PLANE('',#13400);
#13400=AXIS2_PLACEMENT_3D('',#516,#13401,#13402);
#13401=DIRECTION('',(-1,0,0));
#13402=DIRECTION('',(0,-1,0));
#13403=FACE_BOUND('',#13404,.T.);
#13404=EDGE_LOOP('',(#13405,#13406,#13407));
#13405=ORIENTED_EDGE('',*,*,#13408,.T.);
#13406=ORIENTED_EDGE('',*,*,#13409,.T.);
#13407=ORIENTED_EDGE('',*,*,#13410,.T.);
#13408=EDGE_CURVE('',#517,#341,#13411,.F.);
#13409=EDGE_CURVE('',#341,#639,#13412,.T.);
#13410=EDGE_CURVE('',#639,#517,#13413,.T.);
#13411=LINE('',#516,#13414);
#13412=LINE('',#340,#13415);
#13413=LINE('',#638,#13416);
#13414=VECTOR('',#13417,1.0);
#13415=VECTOR('',#13418,1.0);
#13416=VECTOR('',#13419,1.0);
#13417=DIRECTION('',(0,-1,0));
#13418=DIRECTION('',(0,0,1));
#13419=DIRECTION('',(0,0.9778024262617078,-0.2095290318708065));
#13420=FACE_SURFACE('',(#13425),#13421,.T.);
#13421=PLANE('',#13422);
#13422=AXIS2_PLACEMENT_3D('',#516,#13423,#13424);
#13423=DIRECTION('',(-1,0,0));
#13424=DIRECTION('',(0,-0.9778024262617078,0.2095290318708065));
#13425=FACE_BOUND('',#13426,.T.);
#13426=EDGE_LOOP('',(#13427,#13428,#13429));
#13427=ORIENTED_EDGE('',*,*,#13430,.T.);
#13428=ORIENTED_EDGE('',*,*,#13431,.T.);
#13429=ORIENTED_EDGE('',*,*,#13432,.T.);
#13430=EDGE_CURVE('',#517,#639,#13433,.F.);
#13431=EDGE_CURVE('',#639,#519,#13434,.T.);
#13432=EDGE_CURVE('',#519,#517,#13435,.T.);
#13433=LINE('',#516,#13436);
#13434=LINE('',#638,#13437);
#13435=LINE('',#518,#13438);
#13436=VECTOR('',#13439,1.0);
#13437=VECTOR('',#13440,1.0);
#13438=VECTOR('',#13441,1.0);
#13439=DIRECTION('',(0,-0.9778024262617078,0.2095290318708065));
#13440=DIRECTION('',(0,1,0));
#13441=DIRECTION('',(0,0,-1));
#13442=FACE_SURFACE('',(#13447),#13443,.T.);
#13443=PLANE('',#13444);
#13444=AXIS2_PLACEMENT_3D('',#656,#13445,#13446);
#13445=DIRECTION('',(1,0,0));
#13446=DIRECTION('',(0,0,-1));
#13447=FACE_BOUND('',#13448,.T.);
#13448=EDGE_LOOP('',(#13449,#13450,#13451));
#13449=ORIENTED_EDGE('',*,*,#13452,.T.);
#13450=ORIENTED_EDGE('',*,*,#13453,.T.);
#13451=ORIENTED_EDGE('',*,*,#13454,.T.);
#13452=EDGE_CURVE('',#657,#773,#13455,.F.);
#13453=EDGE_CURVE('',#773,#317,#13456,.T.);
#13454=EDGE_CURVE('',#317,#657,#13457,.T.);
#13455=LINE('',#656,#13458);
#13456=LINE('',#772,#13459);
#13457=LINE('',#316,#13460);
#13458=VECTOR('',#13461,1.0);
#13459=VECTOR('',#13462,1.0);
#13460=VECTOR('',#13463,1.0);
#13461=DIRECTION('',(0,0,-1));
#13462=DIRECTION('',(0,1,0));
#13463=DIRECTION('',(0,-0.9778024423449665,0.2095289568155643));
#13464=FACE_SURFACE('',(#13469),#13465,.T.);
#13465=PLANE('',#13466);
#13466=AXIS2_PLACEMENT_3D('',#656,#13467,#13468);
#13467=DIRECTION('',(1,-0,0));
#13468=DIRECTION('',(0,0.9778024423449665,-0.2095289568155643));
#13469=FACE_BOUND('',#13470,.T.);
#13470=EDGE_LOOP('',(#13471,#13472,#13473));
#13471=ORIENTED_EDGE('',*,*,#13474,.T.);
#13472=ORIENTED_EDGE('',*,*,#13475,.T.);
#13473=ORIENTED_EDGE('',*,*,#13476,.T.);
#13474=EDGE_CURVE('',#657,#317,#13477,.F.);
#13475=EDGE_CURVE('',#317,#659,#13478,.T.);
#13476=EDGE_CURVE('',#659,#657,#13479,.T.);
#13477=LINE('',#656,#13480);
#13478=LINE('',#316,#13481);
#13479=LINE('',#658,#13482);
#13480=VECTOR('',#13483,1.0);
#13481=VECTOR('',#13484,1.0);
#13482=VECTOR('',#13485,1.0);
#13483=DIRECTION('',(0,0.9778024423449665,-0.2095289568155643));
#13484=DIRECTION('',(0,0,1));
#13485=DIRECTION('',(0,-1,0));
#13486=FACE_SURFACE('',(#13491),#13487,.T.);
#13487=PLANE('',#13488);
#13488=AXIS2_PLACEMENT_3D('',#774,#13489,#13490);
#13489=DIRECTION('',(0,1,0));
#13490=DIRECTION('',(-1,0,0));
#13491=FACE_BOUND('',#13492,.T.);
#13492=EDGE_LOOP('',(#13493,#13494,#13495));
#13493=ORIENTED_EDGE('',*,*,#13496,.T.);
#13494=ORIENTED_EDGE('',*,*,#13497,.T.);
#13495=ORIENTED_EDGE('',*,*,#13498,.T.);
#13496=EDGE_CURVE('',#775,#773,#13499,.F.);
#13497=EDGE_CURVE('',#773,#657,#13500,.T.);
#13498=EDGE_CURVE('',#657,#775,#13501,.T.);
#13499=LINE('',#774,#13502);
#13500=LINE('',#772,#13503);
#13501=LINE('',#656,#13504);
#13502=VECTOR('',#13505,1.0);
#13503=VECTOR('',#13506,1.0);
#13504=VECTOR('',#13507,1.0);
#13505=DIRECTION('',(-1,0,0));
#13506=DIRECTION('',(0,0,1));
#13507=DIRECTION('',(0.9778024335722821,0,-0.20952899775478082));
#13508=FACE_SURFACE('',(#13513),#13509,.T.);
#13509=PLANE('',#13510);
#13510=AXIS2_PLACEMENT_3D('',#774,#13511,#13512);
#13511=DIRECTION('',(0,1,-0));
#13512=DIRECTION('',(-0.9778024335722821,0,0.20952899775478082));
#13513=FACE_BOUND('',#13514,.T.);
#13514=EDGE_LOOP('',(#13515,#13516,#13517));
#13515=ORIENTED_EDGE('',*,*,#13518,.T.);
#13516=ORIENTED_EDGE('',*,*,#13519,.T.);
#13517=ORIENTED_EDGE('',*,*,#13520,.T.);
#13518=EDGE_CURVE('',#775,#657,#13521,.F.);
#13519=EDGE_CURVE('',#657,#645,#13522,.T.);
#13520=EDGE_CURVE('',#645,#775,#13523,.T.);
#13521=LINE('',#774,#13524);
#13522=LINE('',#656,#13525);
#13523=LINE('',#644,#13526);
#13524=VECTOR('',#13527,1.0);
#13525=VECTOR('',#13528,1.0);
#13526=VECTOR('',#13529,1.0);
#13527=DIRECTION('',(-0.9778024335722821,0,0.20952899775478082));
#13528=DIRECTION('',(1,0,0));
#13529=DIRECTION('',(0,0,-1));
#13530=FACE_SURFACE('',(#13535),#13531,.T.);
#13531=PLANE('',#13532);
#13532=AXIS2_PLACEMENT_3D('',#626,#13533,#13534);
#13533=DIRECTION('',(0,1,0));
#13534=DIRECTION('',(-1,0,0));
#13535=FACE_BOUND('',#13536,.T.);
#13536=EDGE_LOOP('',(#13537,#13538,#13539));
#13537=ORIENTED_EDGE('',*,*,#13540,.T.);
#13538=ORIENTED_EDGE('',*,*,#13541,.T.);
#13539=ORIENTED_EDGE('',*,*,#13542,.T.);
#13540=EDGE_CURVE('',#627,#763,#13543,.F.);
#13541=EDGE_CURVE('',#763,#713,#13544,.T.);
#13542=EDGE_CURVE('',#713,#627,#13545,.T.);
#13543=LINE('',#626,#13546);
#13544=LINE('',#762,#13547);
#13545=LINE('',#712,#13548);
#13546=VECTOR('',#13549,1.0);
#13547=VECTOR('',#13550,1.0);
#13548=VECTOR('',#13551,1.0);
#13549=DIRECTION('',(-1,0,0));
#13550=DIRECTION('',(0,0,1));
#13551=DIRECTION('',(0.977802427723823,0,-0.2095290250476005));
#13552=FACE_SURFACE('',(#13557),#13553,.T.);
#13553=PLANE('',#13554);
#13554=AXIS2_PLACEMENT_3D('',#626,#13555,#13556);
#13555=DIRECTION('',(0,1,-0));
#13556=DIRECTION('',(-0.977802427723823,0,0.2095290250476005));
#13557=FACE_BOUND('',#13558,.T.);
#13558=EDGE_LOOP('',(#13559,#13560,#13561));
#13559=ORIENTED_EDGE('',*,*,#13562,.T.);
#13560=ORIENTED_EDGE('',*,*,#13563,.T.);
#13561=ORIENTED_EDGE('',*,*,#13564,.T.);
#13562=EDGE_CURVE('',#627,#713,#13565,.F.);
#13563=EDGE_CURVE('',#713,#629,#13566,.T.);
#13564=EDGE_CURVE('',#629,#627,#13567,.T.);
#13565=LINE('',#626,#13568);
#13566=LINE('',#712,#13569);
#13567=LINE('',#628,#13570);
#13568=VECTOR('',#13571,1.0);
#13569=VECTOR('',#13572,1.0);
#13570=VECTOR('',#13573,1.0);
#13571=DIRECTION('',(-0.977802427723823,0,0.2095290250476005));
#13572=DIRECTION('',(1,0,0));
#13573=DIRECTION('',(0,0,-1));
#13574=FACE_SURFACE('',(#13579),#13575,.T.);
#13575=PLANE('',#13576);
#13576=AXIS2_PLACEMENT_3D('',#414,#13577,#13578);
#13577=DIRECTION('',(0,1,0));
#13578=DIRECTION('',(-1,0,0));
#13579=FACE_BOUND('',#13580,.T.);
#13580=EDGE_LOOP('',(#13581,#13582,#13583));
#13581=ORIENTED_EDGE('',*,*,#13584,.T.);
#13582=ORIENTED_EDGE('',*,*,#13585,.T.);
#13583=ORIENTED_EDGE('',*,*,#13586,.T.);
#13584=EDGE_CURVE('',#415,#417,#13587,.F.);
#13585=EDGE_CURVE('',#417,#73,#13588,.T.);
#13586=EDGE_CURVE('',#73,#415,#13589,.T.);
#13587=LINE('',#414,#13590);
#13588=LINE('',#416,#13591);
#13589=LINE('',#72,#13592);
#13590=VECTOR('',#13593,1.0);
#13591=VECTOR('',#13594,1.0);
#13592=VECTOR('',#13595,1.0);
#13593=DIRECTION('',(-1,0,0));
#13594=DIRECTION('',(0,0,1));
#13595=DIRECTION('',(0.9778024335722821,0,-0.20952899775478082));
#13596=FACE_SURFACE('',(#13601),#13597,.T.);
#13597=PLANE('',#13598);
#13598=AXIS2_PLACEMENT_3D('',#414,#13599,#13600);
#13599=DIRECTION('',(0,1,-0));
#13600=DIRECTION('',(-0.9778024335722821,0,0.20952899775478082));
#13601=FACE_BOUND('',#13602,.T.);
#13602=EDGE_LOOP('',(#13603,#13604,#13605));
#13603=ORIENTED_EDGE('',*,*,#13606,.T.);
#13604=ORIENTED_EDGE('',*,*,#13607,.T.);
#13605=ORIENTED_EDGE('',*,*,#13608,.T.);
#13606=EDGE_CURVE('',#415,#73,#13609,.F.);
#13607=EDGE_CURVE('',#73,#71,#13610,.T.);
#13608=EDGE_CURVE('',#71,#415,#13611,.T.);
#13609=LINE('',#414,#13612);
#13610=LINE('',#72,#13613);
#13611=LINE('',#70,#13614);
#13612=VECTOR('',#13615,1.0);
#13613=VECTOR('',#13616,1.0);
#13614=VECTOR('',#13617,1.0);
#13615=DIRECTION('',(-0.9778024335722821,0,0.20952899775478082));
#13616=DIRECTION('',(1,0,0));
#13617=DIRECTION('',(0,0,-1));
#13618=FACE_SURFACE('',(#13623),#13619,.T.);
#13619=PLANE('',#13620);
#13620=AXIS2_PLACEMENT_3D('',#664,#13621,#13622);
#13621=DIRECTION('',(0,-1,0));
#13622=DIRECTION('',(0,0,-1));
#13623=FACE_BOUND('',#13624,.T.);
#13624=EDGE_LOOP('',(#13625,#13626,#13627));
#13625=ORIENTED_EDGE('',*,*,#13628,.T.);
#13626=ORIENTED_EDGE('',*,*,#13629,.T.);
#13627=ORIENTED_EDGE('',*,*,#13630,.T.);
#13628=EDGE_CURVE('',#665,#309,#13631,.F.);
#13629=EDGE_CURVE('',#309,#311,#13632,.T.);
#13630=EDGE_CURVE('',#311,#665,#13633,.T.);
#13631=LINE('',#664,#13634);
#13632=LINE('',#308,#13635);
#13633=LINE('',#310,#13636);
#13634=VECTOR('',#13637,1.0);
#13635=VECTOR('',#13638,1.0);
#13636=VECTOR('',#13639,1.0);
#13637=DIRECTION('',(0,0,-1));
#13638=DIRECTION('',(1,0,0));
#13639=DIRECTION('',(-0.977802427723823,0,0.2095290250476005));
#13640=FACE_SURFACE('',(#13645),#13641,.T.);
#13641=PLANE('',#13642);
#13642=AXIS2_PLACEMENT_3D('',#664,#13643,#13644);
#13643=DIRECTION('',(0,-1,0));
#13644=DIRECTION('',(0.977802427723823,0,-0.2095290250476005));
#13645=FACE_BOUND('',#13646,.T.);
#13646=EDGE_LOOP('',(#13647,#13648,#13649));
#13647=ORIENTED_EDGE('',*,*,#13650,.T.);
#13648=ORIENTED_EDGE('',*,*,#13651,.T.);
#13649=ORIENTED_EDGE('',*,*,#13652,.T.);
#13650=EDGE_CURVE('',#665,#311,#13653,.F.);
#13651=EDGE_CURVE('',#311,#631,#13654,.T.);
#13652=EDGE_CURVE('',#631,#665,#13655,.T.);
#13653=LINE('',#664,#13656);
#13654=LINE('',#310,#13657);
#13655=LINE('',#630,#13658);
#13656=VECTOR('',#13659,1.0);
#13657=VECTOR('',#13660,1.0);
#13658=VECTOR('',#13661,1.0);
#13659=DIRECTION('',(0.977802427723823,0,-0.2095290250476005));
#13660=DIRECTION('',(0,0,1));
#13661=DIRECTION('',(-1,0,0));
#13662=FACE_SURFACE('',(#13667),#13663,.T.);
#13663=PLANE('',#13664);
#13664=AXIS2_PLACEMENT_3D('',#332,#13665,#13666);
#13665=DIRECTION('',(-1,0,0));
#13666=DIRECTION('',(0,-1,0));
#13667=FACE_BOUND('',#13668,.T.);
#13668=EDGE_LOOP('',(#13669,#13670,#13671));
#13669=ORIENTED_EDGE('',*,*,#13672,.T.);
#13670=ORIENTED_EDGE('',*,*,#13673,.T.);
#13671=ORIENTED_EDGE('',*,*,#13674,.T.);
#13672=EDGE_CURVE('',#333,#783,#13675,.F.);
#13673=EDGE_CURVE('',#783,#703,#13676,.T.);
#13674=EDGE_CURVE('',#703,#333,#13677,.T.);
#13675=LINE('',#332,#13678);
#13676=LINE('',#782,#13679);
#13677=LINE('',#702,#13680);
#13678=VECTOR('',#13681,1.0);
#13679=VECTOR('',#13682,1.0);
#13680=VECTOR('',#13683,1.0);
#13681=DIRECTION('',(0,-1,0));
#13682=DIRECTION('',(0,0,1));
#13683=DIRECTION('',(0,0.9778024423449665,-0.2095289568155643));
#13684=FACE_SURFACE('',(#13689),#13685,.T.);
#13685=PLANE('',#13686);
#13686=AXIS2_PLACEMENT_3D('',#332,#13687,#13688);
#13687=DIRECTION('',(-1,0,0));
#13688=DIRECTION('',(0,-0.9778024423449665,0.2095289568155643));
#13689=FACE_BOUND('',#13690,.T.);
#13690=EDGE_LOOP('',(#13691,#13692,#13693));
#13691=ORIENTED_EDGE('',*,*,#13694,.T.);
#13692=ORIENTED_EDGE('',*,*,#13695,.T.);
#13693=ORIENTED_EDGE('',*,*,#13696,.T.);
#13694=EDGE_CURVE('',#333,#703,#13697,.F.);
#13695=EDGE_CURVE('',#703,#641,#13698,.T.);
#13696=EDGE_CURVE('',#641,#333,#13699,.T.);
#13697=LINE('',#332,#13700);
#13698=LINE('',#702,#13701);
#13699=LINE('',#640,#13702);
#13700=VECTOR('',#13703,1.0);
#13701=VECTOR('',#13704,1.0);
#13702=VECTOR('',#13705,1.0);
#13703=DIRECTION('',(0,-0.9778024423449665,0.2095289568155643));
#13704=DIRECTION('',(0,1,0));
#13705=DIRECTION('',(0,0,-1));
#13706=FACE_SURFACE('',(#13711),#13707,.T.);
#13707=PLANE('',#13708);
#13708=AXIS2_PLACEMENT_3D('',#708,#13709,#13710);
#13709=DIRECTION('',(0,-1,0));
#13710=DIRECTION('',(0,0,-1));
#13711=FACE_BOUND('',#13712,.T.);
#13712=EDGE_LOOP('',(#13713,#13714,#13715));
#13713=ORIENTED_EDGE('',*,*,#13716,.T.);
#13714=ORIENTED_EDGE('',*,*,#13717,.T.);
#13715=ORIENTED_EDGE('',*,*,#13718,.T.);
#13716=EDGE_CURVE('',#709,#769,#13719,.F.);
#13717=EDGE_CURVE('',#769,#771,#13720,.T.);
#13718=EDGE_CURVE('',#771,#709,#13721,.T.);
#13719=LINE('',#708,#13722);
#13720=LINE('',#768,#13723);
#13721=LINE('',#770,#13724);
#13722=VECTOR('',#13725,1.0);
#13723=VECTOR('',#13726,1.0);
#13724=VECTOR('',#13727,1.0);
#13725=DIRECTION('',(0,0,-1));
#13726=DIRECTION('',(1,0,0));
#13727=DIRECTION('',(-0.9778024043299637,0,0.20952913421894873));
#13728=FACE_SURFACE('',(#13733),#13729,.T.);
#13729=PLANE('',#13730);
#13730=AXIS2_PLACEMENT_3D('',#708,#13731,#13732);
#13731=DIRECTION('',(0,-1,0));
#13732=DIRECTION('',(0.9778024043299637,0,-0.20952913421894873));
#13733=FACE_BOUND('',#13734,.T.);
#13734=EDGE_LOOP('',(#13735,#13736,#13737));
#13735=ORIENTED_EDGE('',*,*,#13738,.T.);
#13736=ORIENTED_EDGE('',*,*,#13739,.T.);
#13737=ORIENTED_EDGE('',*,*,#13740,.T.);
#13738=EDGE_CURVE('',#709,#771,#13741,.F.);
#13739=EDGE_CURVE('',#771,#707,#13742,.T.);
#13740=EDGE_CURVE('',#707,#709,#13743,.T.);
#13741=LINE('',#708,#13744);
#13742=LINE('',#770,#13745);
#13743=LINE('',#706,#13746);
#13744=VECTOR('',#13747,1.0);
#13745=VECTOR('',#13748,1.0);
#13746=VECTOR('',#13749,1.0);
#13747=DIRECTION('',(0.9778024043299637,0,-0.20952913421894873));
#13748=DIRECTION('',(0,0,1));
#13749=DIRECTION('',(-1,0,0));
#13750=FACE_SURFACE('',(#13755),#13751,.T.);
#13751=PLANE('',#13752);
#13752=AXIS2_PLACEMENT_3D('',#646,#13753,#13754);
#13753=DIRECTION('',(1,0,0));
#13754=DIRECTION('',(0,0,-1));
#13755=FACE_BOUND('',#13756,.T.);
#13756=EDGE_LOOP('',(#13757,#13758,#13759));
#13757=ORIENTED_EDGE('',*,*,#13760,.T.);
#13758=ORIENTED_EDGE('',*,*,#13761,.T.);
#13759=ORIENTED_EDGE('',*,*,#13762,.T.);
#13760=EDGE_CURVE('',#647,#777,#13763,.F.);
#13761=EDGE_CURVE('',#777,#319,#13764,.T.);
#13762=EDGE_CURVE('',#319,#647,#13765,.T.);
#13763=LINE('',#646,#13766);
#13764=LINE('',#776,#13767);
#13765=LINE('',#318,#13768);
#13766=VECTOR('',#13769,1.0);
#13767=VECTOR('',#13770,1.0);
#13768=VECTOR('',#13771,1.0);
#13769=DIRECTION('',(0,0,-1));
#13770=DIRECTION('',(0,1,0));
#13771=DIRECTION('',(0,-0.9778024423449665,0.2095289568155643));
#13772=FACE_SURFACE('',(#13777),#13773,.T.);
#13773=PLANE('',#13774);
#13774=AXIS2_PLACEMENT_3D('',#646,#13775,#13776);
#13775=DIRECTION('',(1,-0,0));
#13776=DIRECTION('',(0,0.9778024423449665,-0.2095289568155643));
#13777=FACE_BOUND('',#13778,.T.);
#13778=EDGE_LOOP('',(#13779,#13780,#13781));
#13779=ORIENTED_EDGE('',*,*,#13782,.T.);
#13780=ORIENTED_EDGE('',*,*,#13783,.T.);
#13781=ORIENTED_EDGE('',*,*,#13784,.T.);
#13782=EDGE_CURVE('',#647,#319,#13785,.F.);
#13783=EDGE_CURVE('',#319,#649,#13786,.T.);
#13784=EDGE_CURVE('',#649,#647,#13787,.T.);
#13785=LINE('',#646,#13788);
#13786=LINE('',#318,#13789);
#13787=LINE('',#648,#13790);
#13788=VECTOR('',#13791,1.0);
#13789=VECTOR('',#13792,1.0);
#13790=VECTOR('',#13793,1.0);
#13791=DIRECTION('',(0,0.9778024423449665,-0.2095289568155643));
#13792=DIRECTION('',(0,0,1));
#13793=DIRECTION('',(0,-1,0));
#13794=FACE_SURFACE('',(#13799),#13795,.T.);
#13795=PLANE('',#13796);
#13796=AXIS2_PLACEMENT_3D('',#648,#13797,#13798);
#13797=DIRECTION('',(0,-1,0));
#13798=DIRECTION('',(0,0,-1));
#13799=FACE_BOUND('',#13800,.T.);
#13800=EDGE_LOOP('',(#13801,#13802,#13803));
#13801=ORIENTED_EDGE('',*,*,#13804,.T.);
#13802=ORIENTED_EDGE('',*,*,#13805,.T.);
#13803=ORIENTED_EDGE('',*,*,#13806,.T.);
#13804=EDGE_CURVE('',#649,#319,#13807,.F.);
#13805=EDGE_CURVE('',#319,#333,#13808,.T.);
#13806=EDGE_CURVE('',#333,#649,#13809,.T.);
#13807=LINE('',#648,#13810);
#13808=LINE('',#318,#13811);
#13809=LINE('',#332,#13812);
#13810=VECTOR('',#13813,1.0);
#13811=VECTOR('',#13814,1.0);
#13812=VECTOR('',#13815,1.0);
#13813=DIRECTION('',(0,0,-1));
#13814=DIRECTION('',(1,0,0));
#13815=DIRECTION('',(-0.9778024328412248,0,0.2095290011663829));
#13816=FACE_SURFACE('',(#13821),#13817,.T.);
#13817=PLANE('',#13818);
#13818=AXIS2_PLACEMENT_3D('',#648,#13819,#13820);
#13819=DIRECTION('',(0,-1,0));
#13820=DIRECTION('',(0.9778024328412248,0,-0.2095290011663829));
#13821=FACE_BOUND('',#13822,.T.);
#13822=EDGE_LOOP('',(#13823,#13824,#13825));
#13823=ORIENTED_EDGE('',*,*,#13826,.T.);
#13824=ORIENTED_EDGE('',*,*,#13827,.T.);
#13825=ORIENTED_EDGE('',*,*,#13828,.T.);
#13826=EDGE_CURVE('',#649,#333,#13829,.F.);
#13827=EDGE_CURVE('',#333,#641,#13830,.T.);
#13828=EDGE_CURVE('',#641,#649,#13831,.T.);
#13829=LINE('',#648,#13832);
#13830=LINE('',#332,#13833);
#13831=LINE('',#640,#13834);
#13832=VECTOR('',#13835,1.0);
#13833=VECTOR('',#13836,1.0);
#13834=VECTOR('',#13837,1.0);
#13835=DIRECTION('',(0.9778024328412248,0,-0.2095290011663829));
#13836=DIRECTION('',(0,0,1));
#13837=DIRECTION('',(-1,0,0));
#13838=FACE_SURFACE('',(#13843),#13839,.T.);
#13839=PLANE('',#13840);
#13840=AXIS2_PLACEMENT_3D('',#644,#13841,#13842);
#13841=DIRECTION('',(-1,0,0));
#13842=DIRECTION('',(0,1,0));
#13843=FACE_BOUND('',#13844,.T.);
#13844=EDGE_LOOP('',(#13845,#13846,#13847));
#13845=ORIENTED_EDGE('',*,*,#13848,.T.);
#13846=ORIENTED_EDGE('',*,*,#13849,.T.);
#13847=ORIENTED_EDGE('',*,*,#13850,.T.);
#13848=EDGE_CURVE('',#645,#655,#13851,.F.);
#13849=EDGE_CURVE('',#655,#323,#13852,.T.);
#13850=EDGE_CURVE('',#323,#645,#13853,.T.);
#13851=LINE('',#644,#13854);
#13852=LINE('',#654,#13855);
#13853=LINE('',#322,#13856);
#13854=VECTOR('',#13857,1.0);
#13855=VECTOR('',#13858,1.0);
#13856=VECTOR('',#13859,1.0);
#13857=DIRECTION('',(0,1,0));
#13858=DIRECTION('',(0,0,-1));
#13859=DIRECTION('',(0,-0.9778024423449665,0.2095289568155643));
#13860=FACE_SURFACE('',(#13865),#13861,.T.);
#13861=PLANE('',#13862);
#13862=AXIS2_PLACEMENT_3D('',#320,#13863,#13864);
#13863=DIRECTION('',(-1,0,0));
#13864=DIRECTION('',(0,-1,0));
#13865=FACE_BOUND('',#13866,.T.);
#13866=EDGE_LOOP('',(#13867,#13868,#13869));
#13867=ORIENTED_EDGE('',*,*,#13870,.T.);
#13868=ORIENTED_EDGE('',*,*,#13871,.T.);
#13869=ORIENTED_EDGE('',*,*,#13872,.T.);
#13870=EDGE_CURVE('',#321,#775,#13873,.F.);
#13871=EDGE_CURVE('',#775,#645,#13874,.T.);
#13872=EDGE_CURVE('',#645,#321,#13875,.T.);
#13873=LINE('',#320,#13876);
#13874=LINE('',#774,#13877);
#13875=LINE('',#644,#13878);
#13876=VECTOR('',#13879,1.0);
#13877=VECTOR('',#13880,1.0);
#13878=VECTOR('',#13881,1.0);
#13879=DIRECTION('',(0,-1,0));
#13880=DIRECTION('',(0,0,1));
#13881=DIRECTION('',(0,0.9750658530109878,-0.22191570988092466));
#13882=FACE_SURFACE('',(#13887),#13883,.T.);
#13883=PLANE('',#13884);
#13884=AXIS2_PLACEMENT_3D('',#322,#13885,#13886);
#13885=DIRECTION('',(-1,0,0));
#13886=DIRECTION('',(0,-1,0));
#13887=FACE_BOUND('',#13888,.T.);
#13888=EDGE_LOOP('',(#13889,#13890,#13891));
#13889=ORIENTED_EDGE('',*,*,#13892,.T.);
#13890=ORIENTED_EDGE('',*,*,#13893,.T.);
#13891=ORIENTED_EDGE('',*,*,#13894,.T.);
#13892=EDGE_CURVE('',#323,#321,#13895,.F.);
#13893=EDGE_CURVE('',#321,#645,#13896,.T.);
#13894=EDGE_CURVE('',#645,#323,#13897,.T.);
#13895=LINE('',#322,#13898);
#13896=LINE('',#320,#13899);
#13897=LINE('',#644,#13900);
#13898=VECTOR('',#13901,1.0);
#13899=VECTOR('',#13902,1.0);
#13900=VECTOR('',#13903,1.0);
#13901=DIRECTION('',(0,-1,0));
#13902=DIRECTION('',(0,-0.9750658530109878,0.22191570988092466));
#13903=DIRECTION('',(0,0.9778024423449665,-0.2095289568155643));
#13904=FACE_SURFACE('',(#13909),#13905,.T.);
#13905=PLANE('',#13906);
#13906=AXIS2_PLACEMENT_3D('',#762,#13907,#13908);
#13907=DIRECTION('',(1,0,0));
#13908=DIRECTION('',(0,1,0));
#13909=FACE_BOUND('',#13910,.T.);
#13910=EDGE_LOOP('',(#13911,#13912,#13913));
#13911=ORIENTED_EDGE('',*,*,#13914,.T.);
#13912=ORIENTED_EDGE('',*,*,#13915,.T.);
#13913=ORIENTED_EDGE('',*,*,#13916,.T.);
#13914=EDGE_CURVE('',#763,#309,#13917,.F.);
#13915=EDGE_CURVE('',#309,#665,#13918,.T.);
#13916=EDGE_CURVE('',#665,#763,#13919,.T.);
#13917=LINE('',#762,#13920);
#13918=LINE('',#308,#13921);
#13919=LINE('',#664,#13922);
#13920=VECTOR('',#13923,1.0);
#13921=VECTOR('',#13924,1.0);
#13922=VECTOR('',#13925,1.0);
#13923=DIRECTION('',(0,1,0));
#13924=DIRECTION('',(0,0,1));
#13925=DIRECTION('',(0,-0.9778024423449665,-0.2095289568155643));
#13926=FACE_SURFACE('',(#13931),#13927,.T.);
#13927=PLANE('',#13928);
#13928=AXIS2_PLACEMENT_3D('',#762,#13929,#13930);
#13929=DIRECTION('',(1,0,0));
#13930=DIRECTION('',(0,0.9778024423449665,0.2095289568155643));
#13931=FACE_BOUND('',#13932,.T.);
#13932=EDGE_LOOP('',(#13933,#13934,#13935));
#13933=ORIENTED_EDGE('',*,*,#13936,.T.);
#13934=ORIENTED_EDGE('',*,*,#13937,.T.);
#13935=ORIENTED_EDGE('',*,*,#13938,.T.);
#13936=EDGE_CURVE('',#763,#665,#13939,.F.);
#13937=EDGE_CURVE('',#665,#713,#13940,.T.);
#13938=EDGE_CURVE('',#713,#763,#13941,.T.);
#13939=LINE('',#762,#13942);
#13940=LINE('',#664,#13943);
#13941=LINE('',#712,#13944);
#13942=VECTOR('',#13945,1.0);
#13943=VECTOR('',#13946,1.0);
#13944=VECTOR('',#13947,1.0);
#13945=DIRECTION('',(0,0.9778024423449665,0.2095289568155643));
#13946=DIRECTION('',(0,-1,0));
#13947=DIRECTION('',(0,0,-1));
#13948=FACE_SURFACE('',(#13953),#13949,.T.);
#13949=PLANE('',#13950);
#13950=AXIS2_PLACEMENT_3D('',#418,#13951,#13952);
#13951=DIRECTION('',(0,1,0));
#13952=DIRECTION('',(-1,0,0));
#13953=FACE_BOUND('',#13954,.T.);
#13954=EDGE_LOOP('',(#13955,#13956,#13957));
#13955=ORIENTED_EDGE('',*,*,#13958,.T.);
#13956=ORIENTED_EDGE('',*,*,#13959,.T.);
#13957=ORIENTED_EDGE('',*,*,#13960,.T.);
#13958=EDGE_CURVE('',#419,#425,#13961,.F.);
#13959=EDGE_CURVE('',#425,#99,#13962,.T.);
#13960=EDGE_CURVE('',#99,#419,#13963,.T.);
#13961=LINE('',#418,#13964);
#13962=LINE('',#424,#13965);
#13963=LINE('',#98,#13966);
#13964=VECTOR('',#13967,1.0);
#13965=VECTOR('',#13968,1.0);
#13966=VECTOR('',#13969,1.0);
#13967=DIRECTION('',(-1,0,0));
#13968=DIRECTION('',(0,0,1));
#13969=DIRECTION('',(0.9778024394207389,0,-0.20952897046196806));
#13970=FACE_SURFACE('',(#13975),#13971,.T.);
#13971=PLANE('',#13972);
#13972=AXIS2_PLACEMENT_3D('',#418,#13973,#13974);
#13973=DIRECTION('',(0,1,-0));
#13974=DIRECTION('',(-0.9778024394207389,0,0.20952897046196806));
#13975=FACE_BOUND('',#13976,.T.);
#13976=EDGE_LOOP('',(#13977,#13978,#13979));
#13977=ORIENTED_EDGE('',*,*,#13980,.T.);
#13978=ORIENTED_EDGE('',*,*,#13981,.T.);
#13979=ORIENTED_EDGE('',*,*,#13982,.T.);
#13980=EDGE_CURVE('',#419,#99,#13983,.F.);
#13981=EDGE_CURVE('',#99,#91,#13984,.T.);
#13982=EDGE_CURVE('',#91,#419,#13985,.T.);
#13983=LINE('',#418,#13986);
#13984=LINE('',#98,#13987);
#13985=LINE('',#90,#13988);
#13986=VECTOR('',#13989,1.0);
#13987=VECTOR('',#13990,1.0);
#13988=VECTOR('',#13991,1.0);
#13989=DIRECTION('',(-0.9778024394207389,0,0.20952897046196806));
#13990=DIRECTION('',(1,0,0));
#13991=DIRECTION('',(0,0,-1));
#13992=FACE_SURFACE('',(#13997),#13993,.T.);
#13993=PLANE('',#13994);
#13994=AXIS2_PLACEMENT_3D('',#74,#13995,#13996);
#13995=DIRECTION('',(0,-1,0));
#13996=DIRECTION('',(0,0,-1));
#13997=FACE_BOUND('',#13998,.T.);
#13998=EDGE_LOOP('',(#13999,#14000,#14001));
#13999=ORIENTED_EDGE('',*,*,#14002,.T.);
#14000=ORIENTED_EDGE('',*,*,#14003,.T.);
#14001=ORIENTED_EDGE('',*,*,#14004,.T.);
#14002=EDGE_CURVE('',#75,#765,#14005,.F.);
#14003=EDGE_CURVE('',#765,#767,#14006,.T.);
#14004=EDGE_CURVE('',#767,#75,#14007,.T.);
#14005=LINE('',#74,#14008);
#14006=LINE('',#764,#14009);
#14007=LINE('',#766,#14010);
#14008=VECTOR('',#14011,1.0);
#14009=VECTOR('',#14012,1.0);
#14010=VECTOR('',#14013,1.0);
#14011=DIRECTION('',(0,0,-1));
#14012=DIRECTION('',(1,0,0));
#14013=DIRECTION('',(-0.9778024335722821,0,0.20952899775478082));
#14014=FACE_SURFACE('',(#14019),#14015,.T.);
#14015=PLANE('',#14016);
#14016=AXIS2_PLACEMENT_3D('',#74,#14017,#14018);
#14017=DIRECTION('',(0,-1,0));
#14018=DIRECTION('',(0.9778024335722821,0,-0.20952899775478082));
#14019=FACE_BOUND('',#14020,.T.);
#14020=EDGE_LOOP('',(#14021,#14022,#14023));
#14021=ORIENTED_EDGE('',*,*,#14024,.T.);
#14022=ORIENTED_EDGE('',*,*,#14025,.T.);
#14023=ORIENTED_EDGE('',*,*,#14026,.T.);
#14024=EDGE_CURVE('',#75,#767,#14027,.F.);
#14025=EDGE_CURVE('',#767,#711,#14028,.T.);
#14026=EDGE_CURVE('',#711,#75,#14029,.T.);
#14027=LINE('',#74,#14030);
#14028=LINE('',#766,#14031);
#14029=LINE('',#710,#14032);
#14030=VECTOR('',#14033,1.0);
#14031=VECTOR('',#14034,1.0);
#14032=VECTOR('',#14035,1.0);
#14033=DIRECTION('',(0.9778024335722821,0,-0.20952899775478082));
#14034=DIRECTION('',(0,0,1));
#14035=DIRECTION('',(-1,0,0));
#14036=FACE_SURFACE('',(#14041),#14037,.T.);
#14037=PLANE('',#14038);
#14038=AXIS2_PLACEMENT_3D('',#760,#14039,#14040);
#14039=DIRECTION('',(-1,0,0));
#14040=DIRECTION('',(0,-1,0));
#14041=FACE_BOUND('',#14042,.T.);
#14042=EDGE_LOOP('',(#14043,#14044,#14045));
#14043=ORIENTED_EDGE('',*,*,#14046,.T.);
#14044=ORIENTED_EDGE('',*,*,#14047,.T.);
#14045=ORIENTED_EDGE('',*,*,#14048,.T.);
#14046=EDGE_CURVE('',#761,#419,#14049,.F.);
#14047=EDGE_CURVE('',#419,#91,#14050,.T.);
#14048=EDGE_CURVE('',#91,#761,#14051,.T.);
#14049=LINE('',#760,#14052);
#14050=LINE('',#418,#14053);
#14051=LINE('',#90,#14054);
#14052=VECTOR('',#14055,1.0);
#14053=VECTOR('',#14056,1.0);
#14054=VECTOR('',#14057,1.0);
#14055=DIRECTION('',(0,-1,0));
#14056=DIRECTION('',(0,0,1));
#14057=DIRECTION('',(0,0.9778024218753616,-0.20952905234042712));
#14058=FACE_SURFACE('',(#14063),#14059,.T.);
#14059=PLANE('',#14060);
#14060=AXIS2_PLACEMENT_3D('',#760,#14061,#14062);
#14061=DIRECTION('',(-1,0,0));
#14062=DIRECTION('',(0,-0.9778024218753616,0.20952905234042712));
#14063=FACE_BOUND('',#14064,.T.);
#14064=EDGE_LOOP('',(#14065,#14066,#14067));
#14065=ORIENTED_EDGE('',*,*,#14068,.T.);
#14066=ORIENTED_EDGE('',*,*,#14069,.T.);
#14067=ORIENTED_EDGE('',*,*,#14070,.T.);
#14068=EDGE_CURVE('',#761,#91,#14071,.F.);
#14069=EDGE_CURVE('',#91,#77,#14072,.T.);
#14070=EDGE_CURVE('',#77,#761,#14073,.T.);
#14071=LINE('',#760,#14074);
#14072=LINE('',#90,#14075);
#14073=LINE('',#76,#14076);
#14074=VECTOR('',#14077,1.0);
#14075=VECTOR('',#14078,1.0);
#14076=VECTOR('',#14079,1.0);
#14077=DIRECTION('',(0,-0.9778024218753616,0.20952905234042712));
#14078=DIRECTION('',(0,1,0));
#14079=DIRECTION('',(0,0,-1));
#14080=FACE_SURFACE('',(#14085),#14081,.T.);
#14081=PLANE('',#14082);
#14082=AXIS2_PLACEMENT_3D('',#720,#14083,#14084);
#14083=DIRECTION('',(0,-1,0));
#14084=DIRECTION('',(0,0,-1));
#14085=FACE_BOUND('',#14086,.T.);
#14086=EDGE_LOOP('',(#14087,#14088,#14089));
#14087=ORIENTED_EDGE('',*,*,#14090,.T.);
#14088=ORIENTED_EDGE('',*,*,#14091,.T.);
#14089=ORIENTED_EDGE('',*,*,#14092,.T.);
#14090=EDGE_CURVE('',#721,#759,#14093,.F.);
#14091=EDGE_CURVE('',#759,#761,#14094,.T.);
#14092=EDGE_CURVE('',#761,#721,#14095,.T.);
#14093=LINE('',#720,#14096);
#14094=LINE('',#758,#14097);
#14095=LINE('',#760,#14098);
#14096=VECTOR('',#14099,1.0);
#14097=VECTOR('',#14100,1.0);
#14098=VECTOR('',#14101,1.0);
#14099=DIRECTION('',(0,0,-1));
#14100=DIRECTION('',(1,0,0));
#14101=DIRECTION('',(-0.9778024394207389,0,0.20952897046196806));
#14102=FACE_SURFACE('',(#14107),#14103,.T.);
#14103=PLANE('',#14104);
#14104=AXIS2_PLACEMENT_3D('',#720,#14105,#14106);
#14105=DIRECTION('',(0,-1,0));
#14106=DIRECTION('',(0.9778024394207389,0,-0.20952897046196806));
#14107=FACE_BOUND('',#14108,.T.);
#14108=EDGE_LOOP('',(#14109,#14110,#14111));
#14109=ORIENTED_EDGE('',*,*,#14112,.T.);
#14110=ORIENTED_EDGE('',*,*,#14113,.T.);
#14111=ORIENTED_EDGE('',*,*,#14114,.T.);
#14112=EDGE_CURVE('',#721,#761,#14115,.F.);
#14113=EDGE_CURVE('',#761,#77,#14116,.T.);
#14114=EDGE_CURVE('',#77,#721,#14117,.T.);
#14115=LINE('',#720,#14118);
#14116=LINE('',#760,#14119);
#14117=LINE('',#76,#14120);
#14118=VECTOR('',#14121,1.0);
#14119=VECTOR('',#14122,1.0);
#14120=VECTOR('',#14123,1.0);
#14121=DIRECTION('',(0.9778024394207389,0,-0.20952897046196806));
#14122=DIRECTION('',(0,0,1));
#14123=DIRECTION('',(-1,0,0));
#14124=FACE_SURFACE('',(#14129),#14125,.T.);
#14125=PLANE('',#14126);
#14126=AXIS2_PLACEMENT_3D('',#68,#14127,#14128);
#14127=DIRECTION('',(1,0,0));
#14128=DIRECTION('',(0,0,-1));
#14129=FACE_BOUND('',#14130,.T.);
#14130=EDGE_LOOP('',(#14131,#14132,#14133));
#14131=ORIENTED_EDGE('',*,*,#14134,.T.);
#14132=ORIENTED_EDGE('',*,*,#14135,.T.);
#14133=ORIENTED_EDGE('',*,*,#14136,.T.);
#14134=EDGE_CURVE('',#69,#413,#14137,.F.);
#14135=EDGE_CURVE('',#413,#769,#14138,.T.);
#14136=EDGE_CURVE('',#769,#69,#14139,.T.);
#14137=LINE('',#68,#14140);
#14138=LINE('',#412,#14141);
#14139=LINE('',#768,#14142);
#14140=VECTOR('',#14143,1.0);
#14141=VECTOR('',#14144,1.0);
#14142=VECTOR('',#14145,1.0);
#14143=DIRECTION('',(0,0,-1));
#14144=DIRECTION('',(0,1,0));
#14145=DIRECTION('',(0,-0.9778024218753616,0.20952905234042712));
#14146=FACE_SURFACE('',(#14151),#14147,.T.);
#14147=PLANE('',#14148);
#14148=AXIS2_PLACEMENT_3D('',#68,#14149,#14150);
#14149=DIRECTION('',(1,-0,0));
#14150=DIRECTION('',(0,0.9778024218753616,-0.20952905234042712));
#14151=FACE_BOUND('',#14152,.T.);
#14152=EDGE_LOOP('',(#14153,#14154,#14155));
#14153=ORIENTED_EDGE('',*,*,#14156,.T.);
#14154=ORIENTED_EDGE('',*,*,#14157,.T.);
#14155=ORIENTED_EDGE('',*,*,#14158,.T.);
#14156=EDGE_CURVE('',#69,#769,#14159,.F.);
#14157=EDGE_CURVE('',#769,#709,#14160,.T.);
#14158=EDGE_CURVE('',#709,#69,#14161,.T.);
#14159=LINE('',#68,#14162);
#14160=LINE('',#768,#14163);
#14161=LINE('',#708,#14164);
#14162=VECTOR('',#14165,1.0);
#14163=VECTOR('',#14166,1.0);
#14164=VECTOR('',#14167,1.0);
#14165=DIRECTION('',(0,0.9778024218753616,-0.20952905234042712));
#14166=DIRECTION('',(0,0,1));
#14167=DIRECTION('',(0,-1,0));
#14168=FACE_SURFACE('',(#14173),#14169,.T.);
#14169=PLANE('',#14170);
#14170=AXIS2_PLACEMENT_3D('',#840,#14171,#14172);
#14171=DIRECTION('',(0,-0,-1));
#14172=DIRECTION('',(0.012760380062548031,-0.9999185830359686,0));
#14173=FACE_BOUND('',#14174,.T.);
#14174=EDGE_LOOP('',(#14175,#14176,#14177));
#14175=ORIENTED_EDGE('',*,*,#14178,.T.);
#14176=ORIENTED_EDGE('',*,*,#14179,.T.);
#14177=ORIENTED_EDGE('',*,*,#14180,.T.);
#14178=EDGE_CURVE('',#841,#201,#14181,.F.);
#14179=EDGE_CURVE('',#201,#199,#14182,.T.);
#14180=EDGE_CURVE('',#199,#841,#14183,.T.);
#14181=LINE('',#840,#14184);
#14182=LINE('',#200,#14185);
#14183=LINE('',#198,#14186);
#14184=VECTOR('',#14187,1.0);
#14185=VECTOR('',#14188,1.0);
#14186=VECTOR('',#14189,1.0);
#14187=DIRECTION('',(0.012760380062548031,-0.9999185830359686,0));
#14188=DIRECTION('',(-1,0,0));
#14189=DIRECTION('',(0.07195072099432787,0.997408188129813,0));
#14190=FACE_SURFACE('',(#14195),#14191,.T.);
#14191=PLANE('',#14192);
#14192=AXIS2_PLACEMENT_3D('',#840,#14193,#14194);
#14193=DIRECTION('',(0,0,-1));
#14194=DIRECTION('',(-0.07195072099432787,-0.997408188129813,0));
#14195=FACE_BOUND('',#14196,.T.);
#14196=EDGE_LOOP('',(#14197,#14198,#14199));
#14197=ORIENTED_EDGE('',*,*,#14200,.T.);
#14198=ORIENTED_EDGE('',*,*,#14201,.T.);
#14199=ORIENTED_EDGE('',*,*,#14202,.T.);
#14200=EDGE_CURVE('',#841,#199,#14203,.F.);
#14201=EDGE_CURVE('',#199,#843,#14204,.T.);
#14202=EDGE_CURVE('',#843,#841,#14205,.T.);
#14203=LINE('',#840,#14206);
#14204=LINE('',#198,#14207);
#14205=LINE('',#842,#14208);
#14206=VECTOR('',#14209,1.0);
#14207=VECTOR('',#14210,1.0);
#14208=VECTOR('',#14211,1.0);
#14209=DIRECTION('',(-0.07195072099432787,-0.997408188129813,0));
#14210=DIRECTION('',(-0.09801401690337913,0.9951850342978757,0));
#14211=DIRECTION('',(0.07871483754265898,0.9968971734088892,0));
#14212=FACE_SURFACE('',(#14217),#14213,.T.);
#14213=PLANE('',#14214);
#14214=AXIS2_PLACEMENT_3D('',#272,#14215,#14216);
#14215=DIRECTION('',(0,0,-1));
#14216=DIRECTION('',(-1,0,0));
#14217=FACE_BOUND('',#14218,.T.);
#14218=EDGE_LOOP('',(#14219,#14220,#14221));
#14219=ORIENTED_EDGE('',*,*,#14222,.T.);
#14220=ORIENTED_EDGE('',*,*,#14223,.T.);
#14221=ORIENTED_EDGE('',*,*,#14224,.T.);
#14222=EDGE_CURVE('',#273,#271,#14225,.F.);
#14223=EDGE_CURVE('',#271,#845,#14226,.T.);
#14224=EDGE_CURVE('',#845,#273,#14227,.T.);
#14225=LINE('',#272,#14228);
#14226=LINE('',#270,#14229);
#14227=LINE('',#844,#14230);
#14228=VECTOR('',#14231,1.0);
#14229=VECTOR('',#14232,1.0);
#14230=VECTOR('',#14233,1.0);
#14231=DIRECTION('',(-1,0,0));
#14232=DIRECTION('',(0.014442581495229626,0.999895700480682,0));
#14233=DIRECTION('',(0.08295329996277287,-0.9965534356095945,0));
#14234=FACE_SURFACE('',(#14239),#14235,.T.);
#14235=PLANE('',#14236);
#14236=AXIS2_PLACEMENT_3D('',#724,#14237,#14238);
#14237=DIRECTION('',(-0,-0,-1));
#14238=DIRECTION('',(0,-1,0));
#14239=FACE_BOUND('',#14240,.T.);
#14240=EDGE_LOOP('',(#14241,#14242,#14243));
#14241=ORIENTED_EDGE('',*,*,#14244,.T.);
#14242=ORIENTED_EDGE('',*,*,#14245,.T.);
#14243=ORIENTED_EDGE('',*,*,#14246,.T.);
#14244=EDGE_CURVE('',#725,#273,#14247,.F.);
#14245=EDGE_CURVE('',#273,#845,#14248,.T.);
#14246=EDGE_CURVE('',#845,#725,#14249,.T.);
#14247=LINE('',#724,#14250);
#14248=LINE('',#272,#14251);
#14249=LINE('',#844,#14252);
#14250=VECTOR('',#14253,1.0);
#14251=VECTOR('',#14254,1.0);
#14252=VECTOR('',#14255,1.0);
#14253=DIRECTION('',(0,-1,0));
#14254=DIRECTION('',(-0.08295329996277287,0.9965534356095945,0));
#14255=DIRECTION('',(0.184954378512227,-0.982747107789769,0));
#14256=FACE_SURFACE('',(#14261),#14257,.T.);
#14257=PLANE('',#14258);
#14258=AXIS2_PLACEMENT_3D('',#840,#14259,#14260);
#14259=DIRECTION('',(0,0,-1));
#14260=DIRECTION('',(-0.07871483754265898,-0.9968971734088892,0));
#14261=FACE_BOUND('',#14262,.T.);
#14262=EDGE_LOOP('',(#14263,#14264,#14265));
#14263=ORIENTED_EDGE('',*,*,#14266,.T.);
#14264=ORIENTED_EDGE('',*,*,#14267,.T.);
#14265=ORIENTED_EDGE('',*,*,#14268,.T.);
#14266=EDGE_CURVE('',#841,#843,#14269,.F.);
#14267=EDGE_CURVE('',#843,#847,#14270,.T.);
#14268=EDGE_CURVE('',#847,#841,#14271,.T.);
#14269=LINE('',#840,#14272);
#14270=LINE('',#842,#14273);
#14271=LINE('',#846,#14274);
#14272=VECTOR('',#14275,1.0);
#14273=VECTOR('',#14276,1.0);
#14274=VECTOR('',#14277,1.0);
#14275=DIRECTION('',(-0.07871483754265898,-0.9968971734088892,0));
#14276=DIRECTION('',(-0.2902840604787315,0.9569405228288643,0));
#14277=DIRECTION('',(0.09383005031169087,0.9955882289674309,0));
#14278=FACE_SURFACE('',(#14283),#14279,.T.);
#14279=PLANE('',#14280);
#14280=AXIS2_PLACEMENT_3D('',#840,#14281,#14282);
#14281=DIRECTION('',(0,0,-1));
#14282=DIRECTION('',(-0.09383005031169087,-0.9955882289674309,0));
#14283=FACE_BOUND('',#14284,.T.);
#14284=EDGE_LOOP('',(#14285,#14286,#14287));
#14285=ORIENTED_EDGE('',*,*,#14288,.T.);
#14286=ORIENTED_EDGE('',*,*,#14289,.T.);
#14287=ORIENTED_EDGE('',*,*,#14290,.T.);
#14288=EDGE_CURVE('',#841,#847,#14291,.F.);
#14289=EDGE_CURVE('',#847,#849,#14292,.T.);
#14290=EDGE_CURVE('',#849,#841,#14293,.T.);
#14291=LINE('',#840,#14294);
#14292=LINE('',#846,#14295);
#14293=LINE('',#848,#14296);
#14294=VECTOR('',#14297,1.0);
#14295=VECTOR('',#14298,1.0);
#14296=VECTOR('',#14299,1.0);
#14297=DIRECTION('',(-0.09383005031169087,-0.9955882289674309,0));
#14298=DIRECTION('',(-0.4713933014282789,0.8819231005980894,0));
#14299=DIRECTION('',(0.11748204559237549,0.9930750067157218,0));
#14300=FACE_SURFACE('',(#14305),#14301,.T.);
#14301=PLANE('',#14302);
#14302=AXIS2_PLACEMENT_3D('',#724,#14303,#14304);
#14303=DIRECTION('',(0,0,-1));
#14304=DIRECTION('',(-0.184954378512227,0.982747107789769,0));
#14305=FACE_BOUND('',#14306,.T.);
#14306=EDGE_LOOP('',(#14307,#14308,#14309));
#14307=ORIENTED_EDGE('',*,*,#14310,.T.);
#14308=ORIENTED_EDGE('',*,*,#14311,.T.);
#14309=ORIENTED_EDGE('',*,*,#14312,.T.);
#14310=EDGE_CURVE('',#725,#845,#14313,.F.);
#14311=EDGE_CURVE('',#845,#841,#14314,.T.);
#14312=EDGE_CURVE('',#841,#725,#14315,.T.);
#14313=LINE('',#724,#14316);
#14314=LINE('',#844,#14317);
#14315=LINE('',#840,#14318);
#14316=VECTOR('',#14319,1.0);
#14317=VECTOR('',#14320,1.0);
#14318=VECTOR('',#14321,1.0);
#14319=DIRECTION('',(-0.184954378512227,0.982747107789769,0));
#14320=DIRECTION('',(1,0,0));
#14321=DIRECTION('',(-0.9964146059144591,-0.08460456914572248,0));
#14322=FACE_SURFACE('',(#14327),#14323,.T.);
#14323=PLANE('',#14324);
#14324=AXIS2_PLACEMENT_3D('',#284,#14325,#14326);
#14325=DIRECTION('',(0,0,-1));
#14326=DIRECTION('',(-1,0,0));
#14327=FACE_BOUND('',#14328,.T.);
#14328=EDGE_LOOP('',(#14329,#14330,#14331));
#14329=ORIENTED_EDGE('',*,*,#14332,.T.);
#14330=ORIENTED_EDGE('',*,*,#14333,.T.);
#14331=ORIENTED_EDGE('',*,*,#14334,.T.);
#14332=EDGE_CURVE('',#285,#281,#14335,.F.);
#14333=EDGE_CURVE('',#281,#731,#14336,.T.);
#14334=EDGE_CURVE('',#731,#285,#14337,.T.);
#14335=LINE('',#284,#14338);
#14336=LINE('',#280,#14339);
#14337=LINE('',#730,#14340);
#14338=VECTOR('',#14341,1.0);
#14339=VECTOR('',#14342,1.0);
#14340=VECTOR('',#14343,1.0);
#14341=DIRECTION('',(-1,0,0));
#14342=DIRECTION('',(0,1,0));
#14343=DIRECTION('',(0.33931394902143946,-0.9406731866059944,0));
#14344=FACE_SURFACE('',(#14349),#14345,.T.);
#14345=PLANE('',#14346);
#14346=AXIS2_PLACEMENT_3D('',#730,#14347,#14348);
#14347=DIRECTION('',(0,0,-1));
#14348=DIRECTION('',(-1,0,0));
#14349=FACE_BOUND('',#14350,.T.);
#14350=EDGE_LOOP('',(#14351,#14352,#14353));
#14351=ORIENTED_EDGE('',*,*,#14354,.T.);
#14352=ORIENTED_EDGE('',*,*,#14355,.T.);
#14353=ORIENTED_EDGE('',*,*,#14356,.T.);
#14354=EDGE_CURVE('',#731,#725,#14357,.F.);
#14355=EDGE_CURVE('',#725,#841,#14358,.T.);
#14356=EDGE_CURVE('',#841,#731,#14359,.T.);
#14357=LINE('',#730,#14360);
#14358=LINE('',#724,#14361);
#14359=LINE('',#840,#14362);
#14360=VECTOR('',#14363,1.0);
#14361=VECTOR('',#14364,1.0);
#14362=VECTOR('',#14365,1.0);
#14363=DIRECTION('',(-1,0,0));
#14364=DIRECTION('',(0.9964146059144591,0.08460456914572248,0));
#14365=DIRECTION('',(-0.9955093921651836,-0.09466282327770838,0));
#14366=FACE_SURFACE('',(#14371),#14367,.T.);
#14367=PLANE('',#14368);
#14368=AXIS2_PLACEMENT_3D('',#840,#14369,#14370);
#14369=DIRECTION('',(0,0,-1));
#14370=DIRECTION('',(-0.11748204559237549,-0.9930750067157218,0));
#14371=FACE_BOUND('',#14372,.T.);
#14372=EDGE_LOOP('',(#14373,#14374,#14375));
#14373=ORIENTED_EDGE('',*,*,#14376,.T.);
#14374=ORIENTED_EDGE('',*,*,#14377,.T.);
#14375=ORIENTED_EDGE('',*,*,#14378,.T.);
#14376=EDGE_CURVE('',#841,#849,#14379,.F.);
#14377=EDGE_CURVE('',#849,#851,#14380,.T.);
#14378=EDGE_CURVE('',#851,#841,#14381,.T.);
#14379=LINE('',#840,#14382);
#14380=LINE('',#848,#14383);
#14381=LINE('',#850,#14384);
#14382=VECTOR('',#14385,1.0);
#14383=VECTOR('',#14386,1.0);
#14384=VECTOR('',#14387,1.0);
#14385=DIRECTION('',(-0.11748204559237549,-0.9930750067157218,0));
#14386=DIRECTION('',(-0.6343803393128503,0.7730210767458497,0));
#14387=DIRECTION('',(0.14919251745939283,0.9888081678132158,0));
#14388=FACE_SURFACE('',(#14393),#14389,.T.);
#14389=PLANE('',#14390);
#14390=AXIS2_PLACEMENT_3D('',#840,#14391,#14392);
#14391=DIRECTION('',(0,0,-1));
#14392=DIRECTION('',(-0.14919251745939283,-0.9888081678132158,0));
#14393=FACE_BOUND('',#14394,.T.);
#14394=EDGE_LOOP('',(#14395,#14396,#14397));
#14395=ORIENTED_EDGE('',*,*,#14398,.T.);
#14396=ORIENTED_EDGE('',*,*,#14399,.T.);
#14397=ORIENTED_EDGE('',*,*,#14400,.T.);
#14398=EDGE_CURVE('',#841,#851,#14401,.F.);
#14399=EDGE_CURVE('',#851,#853,#14402,.T.);
#14400=EDGE_CURVE('',#853,#841,#14403,.T.);
#14401=LINE('',#840,#14404);
#14402=LINE('',#850,#14405);
#14403=LINE('',#852,#14406);
#14404=VECTOR('',#14407,1.0);
#14405=VECTOR('',#14408,1.0);
#14406=VECTOR('',#14409,1.0);
#14407=DIRECTION('',(-0.14919251745939283,-0.9888081678132158,0));
#14408=DIRECTION('',(-0.7730184910576299,0.6343834900775595,0));
#14409=DIRECTION('',(0.18762689398767088,0.9822403721353238,0));
#14410=FACE_SURFACE('',(#14415),#14411,.T.);
#14411=PLANE('',#14412);
#14412=AXIS2_PLACEMENT_3D('',#736,#14413,#14414);
#14413=DIRECTION('',(-0,-0,-1));
#14414=DIRECTION('',(0,-1,0));
#14415=FACE_BOUND('',#14416,.T.);
#14416=EDGE_LOOP('',(#14417,#14418,#14419));
#14417=ORIENTED_EDGE('',*,*,#14420,.T.);
#14418=ORIENTED_EDGE('',*,*,#14421,.T.);
#14419=ORIENTED_EDGE('',*,*,#14422,.T.);
#14420=EDGE_CURVE('',#737,#285,#14423,.F.);
#14421=EDGE_CURVE('',#285,#731,#14424,.T.);
#14422=EDGE_CURVE('',#731,#737,#14425,.T.);
#14423=LINE('',#736,#14426);
#14424=LINE('',#284,#14427);
#14425=LINE('',#730,#14428);
#14426=VECTOR('',#14429,1.0);
#14427=VECTOR('',#14430,1.0);
#14428=VECTOR('',#14431,1.0);
#14429=DIRECTION('',(0,-1,0));
#14430=DIRECTION('',(-0.33931394902143946,0.9406731866059944,0));
#14431=DIRECTION('',(1,0,0));
#14432=FACE_SURFACE('',(#14437),#14433,.T.);
#14433=PLANE('',#14434);
#14434=AXIS2_PLACEMENT_3D('',#288,#14435,#14436);
#14435=DIRECTION('',(0,0,-1));
#14436=DIRECTION('',(-1,0,0));
#14437=FACE_BOUND('',#14438,.T.);
#14438=EDGE_LOOP('',(#14439,#14440,#14441));
#14439=ORIENTED_EDGE('',*,*,#14442,.T.);
#14440=ORIENTED_EDGE('',*,*,#14443,.T.);
#14441=ORIENTED_EDGE('',*,*,#14444,.T.);
#14442=EDGE_CURVE('',#289,#287,#14445,.F.);
#14443=EDGE_CURVE('',#287,#739,#14446,.T.);
#14444=EDGE_CURVE('',#739,#289,#14447,.T.);
#14445=LINE('',#288,#14448);
#14446=LINE('',#286,#14449);
#14447=LINE('',#738,#14450);
#14448=VECTOR('',#14451,1.0);
#14449=VECTOR('',#14452,1.0);
#14450=VECTOR('',#14453,1.0);
#14451=DIRECTION('',(-1,0,0));
#14452=DIRECTION('',(0,1,0));
#14453=DIRECTION('',(0.33931394902143946,-0.9406731866059944,0));
#14454=FACE_SURFACE('',(#14459),#14455,.T.);
#14455=PLANE('',#14456);
#14456=AXIS2_PLACEMENT_3D('',#736,#14457,#14458);
#14457=DIRECTION('',(0,0,-1));
#14458=DIRECTION('',(-1,0,0));
#14459=FACE_BOUND('',#14460,.T.);
#14460=EDGE_LOOP('',(#14461,#14462,#14463));
#14461=ORIENTED_EDGE('',*,*,#14464,.T.);
#14462=ORIENTED_EDGE('',*,*,#14465,.T.);
#14463=ORIENTED_EDGE('',*,*,#14466,.T.);
#14464=EDGE_CURVE('',#737,#731,#14467,.F.);
#14465=EDGE_CURVE('',#731,#841,#14468,.T.);
#14466=EDGE_CURVE('',#841,#737,#14469,.T.);
#14467=LINE('',#736,#14470);
#14468=LINE('',#730,#14471);
#14469=LINE('',#840,#14472);
#14470=VECTOR('',#14473,1.0);
#14471=VECTOR('',#14474,1.0);
#14472=VECTOR('',#14475,1.0);
#14473=DIRECTION('',(-1,0,0));
#14474=DIRECTION('',(0.9955093921651836,0.09466282327770838,0));
#14475=DIRECTION('',(-0.995097260352125,-0.09890117511786799,0));
#14476=FACE_SURFACE('',(#14481),#14477,.T.);
#14477=PLANE('',#14478);
#14478=AXIS2_PLACEMENT_3D('',#732,#14479,#14480);
#14479=DIRECTION('',(-0,-0,-1));
#14480=DIRECTION('',(0,-1,0));
#14481=FACE_BOUND('',#14482,.T.);
#14482=EDGE_LOOP('',(#14483,#14484,#14485));
#14483=ORIENTED_EDGE('',*,*,#14486,.T.);
#14484=ORIENTED_EDGE('',*,*,#14487,.T.);
#14485=ORIENTED_EDGE('',*,*,#14488,.T.);
#14486=EDGE_CURVE('',#733,#289,#14489,.F.);
#14487=EDGE_CURVE('',#289,#739,#14490,.T.);
#14488=EDGE_CURVE('',#739,#733,#14491,.T.);
#14489=LINE('',#732,#14492);
#14490=LINE('',#288,#14493);
#14491=LINE('',#738,#14494);
#14492=VECTOR('',#14495,1.0);
#14493=VECTOR('',#14496,1.0);
#14494=VECTOR('',#14497,1.0);
#14495=DIRECTION('',(0,-1,0));
#14496=DIRECTION('',(-0.33931394902143946,0.9406731866059944,0));
#14497=DIRECTION('',(1,0,0));
#14498=FACE_SURFACE('',(#14503),#14499,.T.);
#14499=PLANE('',#14500);
#14500=AXIS2_PLACEMENT_3D('',#738,#14501,#14502);
#14501=DIRECTION('',(0,0,-1));
#14502=DIRECTION('',(-1,0,0));
#14503=FACE_BOUND('',#14504,.T.);
#14504=EDGE_LOOP('',(#14505,#14506,#14507));
#14505=ORIENTED_EDGE('',*,*,#14508,.T.);
#14506=ORIENTED_EDGE('',*,*,#14509,.T.);
#14507=ORIENTED_EDGE('',*,*,#14510,.T.);
#14508=EDGE_CURVE('',#739,#737,#14511,.F.);
#14509=EDGE_CURVE('',#737,#841,#14512,.T.);
#14510=EDGE_CURVE('',#841,#739,#14513,.T.);
#14511=LINE('',#738,#14514);
#14512=LINE('',#736,#14515);
#14513=LINE('',#840,#14516);
#14514=VECTOR('',#14517,1.0);
#14515=VECTOR('',#14518,1.0);
#14516=VECTOR('',#14519,1.0);
#14517=DIRECTION('',(-1,0,0));
#14518=DIRECTION('',(0.995097260352125,0.09890117511786799,0));
#14519=DIRECTION('',(-0.993606099271127,-0.11290225636016035,0));
#14520=FACE_SURFACE('',(#14525),#14521,.T.);
#14521=PLANE('',#14522);
#14522=AXIS2_PLACEMENT_3D('',#840,#14523,#14524);
#14523=DIRECTION('',(0,0,-1));
#14524=DIRECTION('',(-0.18762689398767088,-0.9822403721353238,0));
#14525=FACE_BOUND('',#14526,.T.);
#14526=EDGE_LOOP('',(#14527,#14528,#14529));
#14527=ORIENTED_EDGE('',*,*,#14530,.T.);
#14528=ORIENTED_EDGE('',*,*,#14531,.T.);
#14529=ORIENTED_EDGE('',*,*,#14532,.T.);
#14530=EDGE_CURVE('',#841,#853,#14533,.F.);
#14531=EDGE_CURVE('',#853,#855,#14534,.T.);
#14532=EDGE_CURVE('',#855,#841,#14535,.T.);
#14533=LINE('',#840,#14536);
#14534=LINE('',#852,#14537);
#14535=LINE('',#854,#14538);
#14536=VECTOR('',#14539,1.0);
#14537=VECTOR('',#14540,1.0);
#14538=VECTOR('',#14541,1.0);
#14539=DIRECTION('',(-0.18762689398767088,-0.9822403721353238,0));
#14540=DIRECTION('',(-0.8819221044228117,0.47139516515386465,0));
#14541=DIRECTION('',(0.2305445203598187,0.9730617781683037,0));
#14542=FACE_SURFACE('',(#14547),#14543,.T.);
#14543=PLANE('',#14544);
#14544=AXIS2_PLACEMENT_3D('',#840,#14545,#14546);
#14545=DIRECTION('',(0,0,-1));
#14546=DIRECTION('',(-0.2305445203598187,-0.9730617781683037,0));
#14547=FACE_BOUND('',#14548,.T.);
#14548=EDGE_LOOP('',(#14549,#14550,#14551));
#14549=ORIENTED_EDGE('',*,*,#14552,.T.);
#14550=ORIENTED_EDGE('',*,*,#14553,.T.);
#14551=ORIENTED_EDGE('',*,*,#14554,.T.);
#14552=EDGE_CURVE('',#841,#855,#14555,.F.);
#14553=EDGE_CURVE('',#855,#857,#14556,.T.);
#14554=EDGE_CURVE('',#857,#841,#14557,.T.);
#14555=LINE('',#840,#14558);
#14556=LINE('',#854,#14559);
#14557=LINE('',#856,#14560);
#14558=VECTOR('',#14561,1.0);
#14559=VECTOR('',#14562,1.0);
#14560=VECTOR('',#14563,1.0);
#14561=DIRECTION('',(-0.2305445203598187,-0.9730617781683037,0));
#14562=DIRECTION('',(-0.9569398200737503,0.2902863771471516,0));
#14563=DIRECTION('',(0.27501560555236987,0.9614397623890242,0));
#14564=FACE_SURFACE('',(#14569),#14565,.T.);
#14565=PLANE('',#14566);
#14566=AXIS2_PLACEMENT_3D('',#732,#14567,#14568);
#14567=DIRECTION('',(0,0,-1));
#14568=DIRECTION('',(-1,0,0));
#14569=FACE_BOUND('',#14570,.T.);
#14570=EDGE_LOOP('',(#14571,#14572,#14573));
#14571=ORIENTED_EDGE('',*,*,#14574,.T.);
#14572=ORIENTED_EDGE('',*,*,#14575,.T.);
#14573=ORIENTED_EDGE('',*,*,#14576,.T.);
#14574=EDGE_CURVE('',#733,#739,#14577,.F.);
#14575=EDGE_CURVE('',#739,#841,#14578,.T.);
#14576=EDGE_CURVE('',#841,#733,#14579,.T.);
#14577=LINE('',#732,#14580);
#14578=LINE('',#738,#14581);
#14579=LINE('',#840,#14582);
#14580=VECTOR('',#14583,1.0);
#14581=VECTOR('',#14584,1.0);
#14582=VECTOR('',#14585,1.0);
#14583=DIRECTION('',(-1,0,0));
#14584=DIRECTION('',(0.993606099271127,0.11290225636016035,0));
#14585=DIRECTION('',(-0.992897787511004,-0.11897051548914579,0));
#14586=FACE_SURFACE('',(#14591),#14587,.T.);
#14587=PLANE('',#14588);
#14588=AXIS2_PLACEMENT_3D('',#276,#14589,#14590);
#14589=DIRECTION('',(-0,0,-1));
#14590=DIRECTION('',(-0.9970884614658901,-0.07625352458466525,0));
#14591=FACE_BOUND('',#14592,.T.);
#14592=EDGE_LOOP('',(#14593,#14594,#14595));
#14593=ORIENTED_EDGE('',*,*,#14596,.T.);
#14594=ORIENTED_EDGE('',*,*,#14597,.T.);
#14595=ORIENTED_EDGE('',*,*,#14598,.T.);
#14596=EDGE_CURVE('',#277,#275,#14599,.F.);
#14597=EDGE_CURVE('',#275,#743,#14600,.T.);
#14598=EDGE_CURVE('',#743,#277,#14601,.T.);
#14599=LINE('',#276,#14602);
#14600=LINE('',#274,#14603);
#14601=LINE('',#742,#14604);
#14602=VECTOR('',#14605,1.0);
#14603=VECTOR('',#14606,1.0);
#14604=VECTOR('',#14607,1.0);
#14605=DIRECTION('',(-0.9970884614658901,-0.07625352458466525,0));
#14606=DIRECTION('',(0,1,0));
#14607=DIRECTION('',(0.993814907644318,-0.11104922036608585,0));
#14608=FACE_SURFACE('',(#14613),#14609,.T.);
#14609=PLANE('',#14610);
#14610=AXIS2_PLACEMENT_3D('',#742,#14611,#14612);
#14611=DIRECTION('',(0,0,-1));
#14612=DIRECTION('',(-1,0,0));
#14613=FACE_BOUND('',#14614,.T.);
#14614=EDGE_LOOP('',(#14615,#14616,#14617));
#14615=ORIENTED_EDGE('',*,*,#14618,.T.);
#14616=ORIENTED_EDGE('',*,*,#14619,.T.);
#14617=ORIENTED_EDGE('',*,*,#14620,.T.);
#14618=EDGE_CURVE('',#743,#733,#14621,.F.);
#14619=EDGE_CURVE('',#733,#841,#14622,.T.);
#14620=EDGE_CURVE('',#841,#743,#14623,.T.);
#14621=LINE('',#742,#14624);
#14622=LINE('',#732,#14625);
#14623=LINE('',#840,#14626);
#14624=VECTOR('',#14627,1.0);
#14625=VECTOR('',#14628,1.0);
#14626=VECTOR('',#14629,1.0);
#14627=DIRECTION('',(-1,0,0));
#14628=DIRECTION('',(0.992897787511004,0.11897051548914579,0));
#14629=DIRECTION('',(-0.9901851463212632,-0.13976185461254695,0));
#14630=FACE_SURFACE('',(#14635),#14631,.T.);
#14631=PLANE('',#14632);
#14632=AXIS2_PLACEMENT_3D('',#840,#14633,#14634);
#14633=DIRECTION('',(0,0,-1));
#14634=DIRECTION('',(-0.27501560555236987,-0.9614397623890242,0));
#14635=FACE_BOUND('',#14636,.T.);
#14636=EDGE_LOOP('',(#14637,#14638,#14639));
#14637=ORIENTED_EDGE('',*,*,#14640,.T.);
#14638=ORIENTED_EDGE('',*,*,#14641,.T.);
#14639=ORIENTED_EDGE('',*,*,#14642,.T.);
#14640=EDGE_CURVE('',#841,#857,#14643,.F.);
#14641=EDGE_CURVE('',#857,#859,#14644,.T.);
#14642=EDGE_CURVE('',#859,#841,#14645,.T.);
#14643=LINE('',#840,#14646);
#14644=LINE('',#856,#14647);
#14645=LINE('',#858,#14648);
#14646=VECTOR('',#14649,1.0);
#14647=VECTOR('',#14650,1.0);
#14648=VECTOR('',#14651,1.0);
#14649=DIRECTION('',(-0.27501560555236987,-0.9614397623890242,0));
#14650=DIRECTION('',(-0.9951850610036447,0.09801374574605232,0));
#14651=DIRECTION('',(0.3178853920433351,0.9481291460162246,0));
#14652=FACE_SURFACE('',(#14657),#14653,.T.);
#14653=PLANE('',#14654);
#14654=AXIS2_PLACEMENT_3D('',#840,#14655,#14656);
#14655=DIRECTION('',(0,0,-1));
#14656=DIRECTION('',(-0.3178853920433351,-0.9481291460162246,0));
#14657=FACE_BOUND('',#14658,.T.);
#14658=EDGE_LOOP('',(#14659,#14660,#14661));
#14659=ORIENTED_EDGE('',*,*,#14662,.T.);
#14660=ORIENTED_EDGE('',*,*,#14663,.T.);
#14661=ORIENTED_EDGE('',*,*,#14664,.T.);
#14662=EDGE_CURVE('',#841,#859,#14665,.F.);
#14663=EDGE_CURVE('',#859,#861,#14666,.T.);
#14664=EDGE_CURVE('',#861,#841,#14667,.T.);
#14665=LINE('',#840,#14668);
#14666=LINE('',#858,#14669);
#14667=LINE('',#860,#14670);
#14668=VECTOR('',#14671,1.0);
#14669=VECTOR('',#14672,1.0);
#14670=VECTOR('',#14673,1.0);
#14671=DIRECTION('',(-0.3178853920433351,-0.9481291460162246,0));
#14672=DIRECTION('',(-0.9951850610036447,-0.09801374574605232,0));
#14673=DIRECTION('',(0.35632789899994527,0.9343609732829624,0));
#14674=FACE_SURFACE('',(#14679),#14675,.T.);
#14675=PLANE('',#14676);
#14676=AXIS2_PLACEMENT_3D('',#276,#14677,#14678);
#14677=DIRECTION('',(0,0,-1));
#14678=DIRECTION('',(-0.993814907644318,0.11104922036608585,0));
#14679=FACE_BOUND('',#14680,.T.);
#14680=EDGE_LOOP('',(#14681,#14682,#14683));
#14681=ORIENTED_EDGE('',*,*,#14684,.T.);
#14682=ORIENTED_EDGE('',*,*,#14685,.T.);
#14683=ORIENTED_EDGE('',*,*,#14686,.T.);
#14684=EDGE_CURVE('',#277,#743,#14687,.F.);
#14685=EDGE_CURVE('',#743,#841,#14688,.T.);
#14686=EDGE_CURVE('',#841,#277,#14689,.T.);
#14687=LINE('',#276,#14690);
#14688=LINE('',#742,#14691);
#14689=LINE('',#840,#14692);
#14690=VECTOR('',#14693,1.0);
#14691=VECTOR('',#14694,1.0);
#14692=VECTOR('',#14695,1.0);
#14693=DIRECTION('',(-0.993814907644318,0.11104922036608585,0));
#14694=DIRECTION('',(0.9901851463212632,0.13976185461254695,0));
#14695=DIRECTION('',(-0.9771066588672181,-0.21275003454134112,0));
#14696=FACE_SURFACE('',(#14701),#14697,.T.);
#14697=PLANE('',#14698);
#14698=AXIS2_PLACEMENT_3D('',#256,#14699,#14700);
#14699=DIRECTION('',(0,0,-1));
#14700=DIRECTION('',(-0.9999035926250364,0.013885440415964812,0));
#14701=FACE_BOUND('',#14702,.T.);
#14702=EDGE_LOOP('',(#14703,#14704,#14705));
#14703=ORIENTED_EDGE('',*,*,#14706,.T.);
#14704=ORIENTED_EDGE('',*,*,#14707,.T.);
#14705=ORIENTED_EDGE('',*,*,#14708,.T.);
#14706=EDGE_CURVE('',#257,#255,#14709,.F.);
#14707=EDGE_CURVE('',#255,#863,#14710,.T.);
#14708=EDGE_CURVE('',#863,#257,#14711,.T.);
#14709=LINE('',#256,#14712);
#14710=LINE('',#254,#14713);
#14711=LINE('',#862,#14714);
#14712=VECTOR('',#14715,1.0);
#14713=VECTOR('',#14716,1.0);
#14714=VECTOR('',#14717,1.0);
#14715=DIRECTION('',(-0.9999035926250364,0.013885440415964812,0));
#14716=DIRECTION('',(0,1,0));
#14717=DIRECTION('',(0.9848982701867659,-0.17313404455252682,0));
#14718=FACE_SURFACE('',(#14723),#14719,.T.);
#14719=PLANE('',#14720);
#14720=AXIS2_PLACEMENT_3D('',#862,#14721,#14722);
#14721=DIRECTION('',(0,0,-1));
#14722=DIRECTION('',(-1,0,0));
#14723=FACE_BOUND('',#14724,.T.);
#14724=EDGE_LOOP('',(#14725,#14726,#14727));
#14725=ORIENTED_EDGE('',*,*,#14728,.T.);
#14726=ORIENTED_EDGE('',*,*,#14729,.T.);
#14727=ORIENTED_EDGE('',*,*,#14730,.T.);
#14728=EDGE_CURVE('',#863,#277,#14731,.F.);
#14729=EDGE_CURVE('',#277,#841,#14732,.T.);
#14730=EDGE_CURVE('',#841,#863,#14733,.T.);
#14731=LINE('',#862,#14734);
#14732=LINE('',#276,#14735);
#14733=LINE('',#840,#14736);
#14734=VECTOR('',#14737,1.0);
#14735=VECTOR('',#14738,1.0);
#14736=VECTOR('',#14739,1.0);
#14737=DIRECTION('',(-1,0,0));
#14738=DIRECTION('',(0.9771066588672181,0.21275003454134112,0));
#14739=DIRECTION('',(-0.9345668531938113,-0.3557875727332497,0));
#14740=FACE_SURFACE('',(#14745),#14741,.T.);
#14741=PLANE('',#14742);
#14742=AXIS2_PLACEMENT_3D('',#840,#14743,#14744);
#14743=DIRECTION('',(0,0,-1));
#14744=DIRECTION('',(-0.35632789899994527,-0.9343609732829624,0));
#14745=FACE_BOUND('',#14746,.T.);
#14746=EDGE_LOOP('',(#14747,#14748,#14749));
#14747=ORIENTED_EDGE('',*,*,#14750,.T.);
#14748=ORIENTED_EDGE('',*,*,#14751,.T.);
#14749=ORIENTED_EDGE('',*,*,#14752,.T.);
#14750=EDGE_CURVE('',#841,#861,#14753,.F.);
#14751=EDGE_CURVE('',#861,#865,#14754,.T.);
#14752=EDGE_CURVE('',#865,#841,#14755,.T.);
#14753=LINE('',#840,#14756);
#14754=LINE('',#860,#14757);
#14755=LINE('',#864,#14758);
#14756=VECTOR('',#14759,1.0);
#14757=VECTOR('',#14760,1.0);
#14758=VECTOR('',#14761,1.0);
#14759=DIRECTION('',(-0.35632789899994527,-0.9343609732829624,0));
#14760=DIRECTION('',(-0.9569400543273244,-0.2902856049204254,0));
#14761=DIRECTION('',(0.3882728575342032,0.9215444580172052,0));
#14762=FACE_SURFACE('',(#14767),#14763,.T.);
#14763=PLANE('',#14764);
#14764=AXIS2_PLACEMENT_3D('',#840,#14765,#14766);
#14765=DIRECTION('',(0,0,-1));
#14766=DIRECTION('',(-0.3882728575342032,-0.9215444580172052,0));
#14767=FACE_BOUND('',#14768,.T.);
#14768=EDGE_LOOP('',(#14769,#14770,#14771));
#14769=ORIENTED_EDGE('',*,*,#14772,.T.);
#14770=ORIENTED_EDGE('',*,*,#14773,.T.);
#14771=ORIENTED_EDGE('',*,*,#14774,.T.);
#14772=EDGE_CURVE('',#841,#865,#14775,.F.);
#14773=EDGE_CURVE('',#865,#867,#14776,.T.);
#14774=EDGE_CURVE('',#867,#841,#14777,.T.);
#14775=LINE('',#840,#14778);
#14776=LINE('',#864,#14779);
#14777=LINE('',#866,#14780);
#14778=VECTOR('',#14781,1.0);
#14779=VECTOR('',#14782,1.0);
#14780=VECTOR('',#14783,1.0);
#14781=DIRECTION('',(-0.3882728575342032,-0.9215444580172052,0));
#14782=DIRECTION('',(-0.8819183979831026,-0.47140209937898864,0));
#14783=DIRECTION('',(0.4125592172320541,0.9109307834719798,0));
#14784=FACE_SURFACE('',(#14789),#14785,.T.);
#14785=PLANE('',#14786);
#14786=AXIS2_PLACEMENT_3D('',#868,#14787,#14788);
#14787=DIRECTION('',(-0,0,-1));
#14788=DIRECTION('',(-0.09802778288877419,-0.9951836784141465,0));
#14789=FACE_BOUND('',#14790,.T.);
#14790=EDGE_LOOP('',(#14791,#14792,#14793));
#14791=ORIENTED_EDGE('',*,*,#14794,.T.);
#14792=ORIENTED_EDGE('',*,*,#14795,.T.);
#14793=ORIENTED_EDGE('',*,*,#14796,.T.);
#14794=EDGE_CURVE('',#869,#257,#14797,.F.);
#14795=EDGE_CURVE('',#257,#863,#14798,.T.);
#14796=EDGE_CURVE('',#863,#869,#14799,.T.);
#14797=LINE('',#868,#14800);
#14798=LINE('',#256,#14801);
#14799=LINE('',#862,#14802);
#14800=VECTOR('',#14803,1.0);
#14801=VECTOR('',#14804,1.0);
#14802=VECTOR('',#14805,1.0);
#14803=DIRECTION('',(-0.09802778288877419,-0.9951836784141465,0));
#14804=DIRECTION('',(-0.9848982701867659,0.17313404455252682,0));
#14805=DIRECTION('',(0.9890241024035007,-0.14775427190084764,0));
#14806=FACE_SURFACE('',(#14811),#14807,.T.);
#14807=PLANE('',#14808);
#14808=AXIS2_PLACEMENT_3D('',#870,#14809,#14810);
#14809=DIRECTION('',(-0,0,-1));
#14810=DIRECTION('',(-0.2902866061396079,-0.9569397506091741,0));
#14811=FACE_BOUND('',#14812,.T.);
#14812=EDGE_LOOP('',(#14813,#14814,#14815));
#14813=ORIENTED_EDGE('',*,*,#14816,.T.);
#14814=ORIENTED_EDGE('',*,*,#14817,.T.);
#14815=ORIENTED_EDGE('',*,*,#14818,.T.);
#14816=EDGE_CURVE('',#871,#869,#14819,.F.);
#14817=EDGE_CURVE('',#869,#863,#14820,.T.);
#14818=EDGE_CURVE('',#863,#871,#14821,.T.);
#14819=LINE('',#870,#14822);
#14820=LINE('',#868,#14823);
#14821=LINE('',#862,#14824);
#14822=VECTOR('',#14825,1.0);
#14823=VECTOR('',#14826,1.0);
#14824=VECTOR('',#14827,1.0);
#14825=DIRECTION('',(-0.2902866061396079,-0.9569397506091741,0));
#14826=DIRECTION('',(-0.9890241024035007,0.14775427190084764,0));
#14827=DIRECTION('',(0.9924587031274547,-0.12257945417797673,0));
#14828=FACE_SURFACE('',(#14833),#14829,.T.);
#14829=PLANE('',#14830);
#14830=AXIS2_PLACEMENT_3D('',#862,#14831,#14832);
#14831=DIRECTION('',(0,0,-1));
#14832=DIRECTION('',(0.9345668531938113,0.3557875727332497,0));
#14833=FACE_BOUND('',#14834,.T.);
#14834=EDGE_LOOP('',(#14835,#14836,#14837));
#14835=ORIENTED_EDGE('',*,*,#14838,.T.);
#14836=ORIENTED_EDGE('',*,*,#14839,.T.);
#14837=ORIENTED_EDGE('',*,*,#14840,.T.);
#14838=EDGE_CURVE('',#863,#841,#14841,.F.);
#14839=EDGE_CURVE('',#841,#867,#14842,.T.);
#14840=EDGE_CURVE('',#867,#863,#14843,.T.);
#14841=LINE('',#862,#14844);
#14842=LINE('',#840,#14845);
#14843=LINE('',#866,#14846);
#14844=VECTOR('',#14847,1.0);
#14845=VECTOR('',#14848,1.0);
#14846=VECTOR('',#14849,1.0);
#14847=DIRECTION('',(0.9345668531938113,0.3557875727332497,0));
#14848=DIRECTION('',(-0.4125592172320541,-0.9109307834719798,0));
#14849=DIRECTION('',(-0.9981267809857765,0.061179482500032425,0));
#14850=FACE_SURFACE('',(#14855),#14851,.T.);
#14851=PLANE('',#14852);
#14852=AXIS2_PLACEMENT_3D('',#862,#14853,#14854);
#14853=DIRECTION('',(0,0,-1));
#14854=DIRECTION('',(0.9981267809857765,-0.061179482500032425,0));
#14855=FACE_BOUND('',#14856,.T.);
#14856=EDGE_LOOP('',(#14857,#14858,#14859));
#14857=ORIENTED_EDGE('',*,*,#14860,.T.);
#14858=ORIENTED_EDGE('',*,*,#14861,.T.);
#14859=ORIENTED_EDGE('',*,*,#14862,.T.);
#14860=EDGE_CURVE('',#863,#867,#14863,.F.);
#14861=EDGE_CURVE('',#867,#873,#14864,.T.);
#14862=EDGE_CURVE('',#873,#863,#14865,.T.);
#14863=LINE('',#862,#14866);
#14864=LINE('',#866,#14867);
#14865=LINE('',#872,#14868);
#14866=VECTOR('',#14869,1.0);
#14867=VECTOR('',#14870,1.0);
#14868=VECTOR('',#14871,1.0);
#14869=DIRECTION('',(0.9981267809857765,-0.061179482500032425,0));
#14870=DIRECTION('',(-0.7730184910576299,-0.6343834900775595,0));
#14871=DIRECTION('',(-0.9969373475219401,0.07820438041387807,0));
#14872=FACE_SURFACE('',(#14877),#14873,.T.);
#14873=PLANE('',#14874);
#14874=AXIS2_PLACEMENT_3D('',#874,#14875,#14876);
#14875=DIRECTION('',(-0,0,-1));
#14876=DIRECTION('',(-0.4713933014282789,-0.8819231005980894,0));
#14877=FACE_BOUND('',#14878,.T.);
#14878=EDGE_LOOP('',(#14879,#14880,#14881));
#14879=ORIENTED_EDGE('',*,*,#14882,.T.);
#14880=ORIENTED_EDGE('',*,*,#14883,.T.);
#14881=ORIENTED_EDGE('',*,*,#14884,.T.);
#14882=EDGE_CURVE('',#875,#871,#14885,.F.);
#14883=EDGE_CURVE('',#871,#863,#14886,.T.);
#14884=EDGE_CURVE('',#863,#875,#14887,.T.);
#14885=LINE('',#874,#14888);
#14886=LINE('',#870,#14889);
#14887=LINE('',#862,#14890);
#14888=VECTOR('',#14891,1.0);
#14889=VECTOR('',#14892,1.0);
#14890=VECTOR('',#14893,1.0);
#14891=DIRECTION('',(-0.4713933014282789,-0.8819231005980894,0));
#14892=DIRECTION('',(-0.9924587031274547,0.12257945417797673,0));
#14893=DIRECTION('',(0.9950885203945858,-0.09898907302785415,0));
#14894=FACE_SURFACE('',(#14899),#14895,.T.);
#14895=PLANE('',#14896);
#14896=AXIS2_PLACEMENT_3D('',#872,#14897,#14898);
#14897=DIRECTION('',(-0,0,-1));
#14898=DIRECTION('',(-0.6343886451039815,-0.7730142605173171,0));
#14899=FACE_BOUND('',#14900,.T.);
#14900=EDGE_LOOP('',(#14901,#14902,#14903));
#14901=ORIENTED_EDGE('',*,*,#14904,.T.);
#14902=ORIENTED_EDGE('',*,*,#14905,.T.);
#14903=ORIENTED_EDGE('',*,*,#14906,.T.);
#14904=EDGE_CURVE('',#873,#875,#14907,.F.);
#14905=EDGE_CURVE('',#875,#863,#14908,.T.);
#14906=EDGE_CURVE('',#863,#873,#14909,.T.);
#14907=LINE('',#872,#14910);
#14908=LINE('',#874,#14911);
#14909=LINE('',#862,#14912);
#14910=VECTOR('',#14913,1.0);
#14911=VECTOR('',#14914,1.0);
#14912=VECTOR('',#14915,1.0);
#14913=DIRECTION('',(-0.6343886451039815,-0.7730142605173171,0));
#14914=DIRECTION('',(-0.9950885203945858,0.09898907302785415,0));
#14915=DIRECTION('',(0.9969373475219401,-0.07820438041387807,0));
#14916=FACE_SURFACE('',(#14921),#14917,.T.);
#14917=PLANE('',#14918);
#14918=AXIS2_PLACEMENT_3D('',#828,#14919,#14920);
#14919=DIRECTION('',(0,-0,-1));
#14920=DIRECTION('',(0.003587389051874892,-0.9999935652991926,0));
#14921=FACE_BOUND('',#14922,.T.);
#14922=EDGE_LOOP('',(#14923,#14924,#14925));
#14923=ORIENTED_EDGE('',*,*,#14926,.T.);
#14924=ORIENTED_EDGE('',*,*,#14927,.T.);
#14925=ORIENTED_EDGE('',*,*,#14928,.T.);
#14926=EDGE_CURVE('',#829,#337,#14929,.F.);
#14927=EDGE_CURVE('',#337,#341,#14930,.T.);
#14928=EDGE_CURVE('',#341,#829,#14931,.T.);
#14929=LINE('',#828,#14932);
#14930=LINE('',#336,#14933);
#14931=LINE('',#340,#14934);
#14932=VECTOR('',#14935,1.0);
#14933=VECTOR('',#14936,1.0);
#14934=VECTOR('',#14937,1.0);
#14935=DIRECTION('',(0.003587389051874892,-0.9999935652991926,0));
#14936=DIRECTION('',(-1,0,0));
#14937=DIRECTION('',(0.3084011008765149,0.951256411793452,0));
#14938=FACE_SURFACE('',(#14943),#14939,.T.);
#14939=PLANE('',#14940);
#14940=AXIS2_PLACEMENT_3D('',#828,#14941,#14942);
#14941=DIRECTION('',(-0,0,-1));
#14942=DIRECTION('',(-0.3084011008765149,-0.951256411793452,0));
#14943=FACE_BOUND('',#14944,.T.);
#14944=EDGE_LOOP('',(#14945,#14946,#14947));
#14945=ORIENTED_EDGE('',*,*,#14948,.T.);
#14946=ORIENTED_EDGE('',*,*,#14949,.T.);
#14947=ORIENTED_EDGE('',*,*,#14950,.T.);
#14948=EDGE_CURVE('',#829,#341,#14951,.F.);
#14949=EDGE_CURVE('',#341,#517,#14952,.T.);
#14950=EDGE_CURVE('',#517,#829,#14953,.T.);
#14951=LINE('',#828,#14954);
#14952=LINE('',#340,#14955);
#14953=LINE('',#516,#14956);
#14954=VECTOR('',#14957,1.0);
#14955=VECTOR('',#14958,1.0);
#14956=VECTOR('',#14959,1.0);
#14957=DIRECTION('',(-0.3084011008765149,-0.951256411793452,0));
#14958=DIRECTION('',(0,1,0));
#14959=DIRECTION('',(0.3505203426906446,-0.9365551181644532,0));
#14960=FACE_SURFACE('',(#14965),#14961,.T.);
#14961=PLANE('',#14962);
#14962=AXIS2_PLACEMENT_3D('',#826,#14963,#14964);
#14963=DIRECTION('',(0,-0,-1));
#14964=DIRECTION('',(0,-1,0));
#14965=FACE_BOUND('',#14966,.T.);
#14966=EDGE_LOOP('',(#14967,#14968,#14969));
#14967=ORIENTED_EDGE('',*,*,#14970,.T.);
#14968=ORIENTED_EDGE('',*,*,#14971,.T.);
#14969=ORIENTED_EDGE('',*,*,#14972,.T.);
#14970=EDGE_CURVE('',#827,#829,#14973,.F.);
#14971=EDGE_CURVE('',#829,#517,#14974,.T.);
#14972=EDGE_CURVE('',#517,#827,#14975,.T.);
#14973=LINE('',#826,#14976);
#14974=LINE('',#828,#14977);
#14975=LINE('',#516,#14978);
#14976=VECTOR('',#14979,1.0);
#14977=VECTOR('',#14980,1.0);
#14978=VECTOR('',#14981,1.0);
#14979=DIRECTION('',(0,-1,0));
#14980=DIRECTION('',(-0.3505203426906446,0.9365551181644532,0));
#14981=DIRECTION('',(0.6973934495140559,0.7166884794489765,0));
#14982=FACE_SURFACE('',(#14987),#14983,.T.);
#14983=PLANE('',#14984);
#14984=AXIS2_PLACEMENT_3D('',#514,#14985,#14986);
#14985=DIRECTION('',(0,-0,-1));
#14986=DIRECTION('',(0,-1,0));
#14987=FACE_BOUND('',#14988,.T.);
#14988=EDGE_LOOP('',(#14989,#14990,#14991));
#14989=ORIENTED_EDGE('',*,*,#14992,.T.);
#14990=ORIENTED_EDGE('',*,*,#14993,.T.);
#14991=ORIENTED_EDGE('',*,*,#14994,.T.);
#14992=EDGE_CURVE('',#515,#343,#14995,.F.);
#14993=EDGE_CURVE('',#343,#35,#14996,.T.);
#14994=EDGE_CURVE('',#35,#515,#14997,.T.);
#14995=LINE('',#514,#14998);
#14996=LINE('',#342,#14999);
#14997=LINE('',#34,#15000);
#14998=VECTOR('',#15001,1.0);
#14999=VECTOR('',#15002,1.0);
#15000=VECTOR('',#15003,1.0);
#15001=DIRECTION('',(0,-1,0));
#15002=DIRECTION('',(-0.9429317664100112,-0.33298601156038954,0));
#15003=DIRECTION('',(0.3393136332187678,0.9406733005203664,0));
#15004=FACE_SURFACE('',(#15009),#15005,.T.);
#15005=PLANE('',#15006);
#15006=AXIS2_PLACEMENT_3D('',#826,#15007,#15008);
#15007=DIRECTION('',(0,0,-1));
#15008=DIRECTION('',(-0.6973934495140559,-0.7166884794489765,0));
#15009=FACE_BOUND('',#15010,.T.);
#15010=EDGE_LOOP('',(#15011,#15012,#15013));
#15011=ORIENTED_EDGE('',*,*,#15014,.T.);
#15012=ORIENTED_EDGE('',*,*,#15015,.T.);
#15013=ORIENTED_EDGE('',*,*,#15016,.T.);
#15014=EDGE_CURVE('',#827,#517,#15017,.F.);
#15015=EDGE_CURVE('',#517,#515,#15018,.T.);
#15016=EDGE_CURVE('',#515,#827,#15019,.T.);
#15017=LINE('',#826,#15020);
#15018=LINE('',#516,#15021);
#15019=LINE('',#514,#15022);
#15020=VECTOR('',#15023,1.0);
#15021=VECTOR('',#15024,1.0);
#15022=VECTOR('',#15025,1.0);
#15023=DIRECTION('',(-0.6973934495140559,-0.7166884794489765,0));
#15024=DIRECTION('',(-1,0,0));
#15025=DIRECTION('',(0.988629221132617,0.15037374479181873,0));
#15026=FACE_SURFACE('',(#15031),#15027,.T.);
#15027=PLANE('',#15028);
#15028=AXIS2_PLACEMENT_3D('',#204,#15029,#15030);
#15029=DIRECTION('',(0,0,-1));
#15030=DIRECTION('',(1,0,0));
#15031=FACE_BOUND('',#15032,.T.);
#15032=EDGE_LOOP('',(#15033,#15034,#15035));
#15033=ORIENTED_EDGE('',*,*,#15036,.T.);
#15034=ORIENTED_EDGE('',*,*,#15037,.T.);
#15035=ORIENTED_EDGE('',*,*,#15038,.T.);
#15036=EDGE_CURVE('',#205,#203,#15039,.F.);
#15037=EDGE_CURVE('',#203,#877,#15040,.T.);
#15038=EDGE_CURVE('',#877,#205,#15041,.T.);
#15039=LINE('',#204,#15042);
#15040=LINE('',#202,#15043);
#15041=LINE('',#876,#15044);
#15042=VECTOR('',#15045,1.0);
#15043=VECTOR('',#15046,1.0);
#15044=VECTOR('',#15047,1.0);
#15045=DIRECTION('',(1,0,0));
#15046=DIRECTION('',(0,-1,0));
#15047=DIRECTION('',(-0.16296919449953126,0.9866311578518965,0));
#15048=FACE_SURFACE('',(#15053),#15049,.T.);
#15049=PLANE('',#15050);
#15050=AXIS2_PLACEMENT_3D('',#818,#15051,#15052);
#15051=DIRECTION('',(0,0,-1));
#15052=DIRECTION('',(0,1,0));
#15053=FACE_BOUND('',#15054,.T.);
#15054=EDGE_LOOP('',(#15055,#15056,#15057));
#15055=ORIENTED_EDGE('',*,*,#15058,.T.);
#15056=ORIENTED_EDGE('',*,*,#15059,.T.);
#15057=ORIENTED_EDGE('',*,*,#15060,.T.);
#15058=EDGE_CURVE('',#819,#205,#15061,.F.);
#15059=EDGE_CURVE('',#205,#877,#15062,.T.);
#15060=EDGE_CURVE('',#877,#819,#15063,.T.);
#15061=LINE('',#818,#15064);
#15062=LINE('',#204,#15065);
#15063=LINE('',#876,#15066);
#15064=VECTOR('',#15067,1.0);
#15065=VECTOR('',#15068,1.0);
#15066=VECTOR('',#15069,1.0);
#15067=DIRECTION('',(0,1,0));
#15068=DIRECTION('',(0.16296919449953126,-0.9866311578518965,0));
#15069=DIRECTION('',(-0.7311770511060331,0.682187745372112,0));
#15070=FACE_SURFACE('',(#15075),#15071,.T.);
#15071=PLANE('',#15072);
#15072=AXIS2_PLACEMENT_3D('',#818,#15073,#15074);
#15073=DIRECTION('',(0,-0,-1));
#15074=DIRECTION('',(0.7311770511060331,-0.682187745372112,0));
#15075=FACE_BOUND('',#15076,.T.);
#15076=EDGE_LOOP('',(#15077,#15078,#15079));
#15077=ORIENTED_EDGE('',*,*,#15080,.T.);
#15078=ORIENTED_EDGE('',*,*,#15081,.T.);
#15079=ORIENTED_EDGE('',*,*,#15082,.T.);
#15080=EDGE_CURVE('',#819,#877,#15083,.F.);
#15081=EDGE_CURVE('',#877,#827,#15084,.T.);
#15082=EDGE_CURVE('',#827,#819,#15085,.T.);
#15083=LINE('',#818,#15086);
#15084=LINE('',#876,#15087);
#15085=LINE('',#826,#15088);
#15086=VECTOR('',#15089,1.0);
#15087=VECTOR('',#15090,1.0);
#15088=VECTOR('',#15091,1.0);
#15089=DIRECTION('',(0.7311770511060331,-0.682187745372112,0));
#15090=DIRECTION('',(-1,0,0));
#15091=DIRECTION('',(0.9398513695261231,0.3415836693986859,0));
#15092=FACE_SURFACE('',(#15097),#15093,.T.);
#15093=PLANE('',#15094);
#15094=AXIS2_PLACEMENT_3D('',#212,#15095,#15096);
#15095=DIRECTION('',(0,0,-1));
#15096=DIRECTION('',(1,0,0));
#15097=FACE_BOUND('',#15098,.T.);
#15098=EDGE_LOOP('',(#15099,#15100,#15101));
#15099=ORIENTED_EDGE('',*,*,#15102,.T.);
#15100=ORIENTED_EDGE('',*,*,#15103,.T.);
#15101=ORIENTED_EDGE('',*,*,#15104,.T.);
#15102=EDGE_CURVE('',#213,#207,#15105,.F.);
#15103=EDGE_CURVE('',#207,#815,#15106,.T.);
#15104=EDGE_CURVE('',#815,#213,#15107,.T.);
#15105=LINE('',#212,#15108);
#15106=LINE('',#206,#15109);
#15107=LINE('',#814,#15110);
#15108=VECTOR('',#15111,1.0);
#15109=VECTOR('',#15112,1.0);
#15110=VECTOR('',#15113,1.0);
#15111=DIRECTION('',(1,0,0));
#15112=DIRECTION('',(0,-1,0));
#15113=DIRECTION('',(-0.3393149129326388,0.9406728389092117,0));
#15114=FACE_SURFACE('',(#15119),#15115,.T.);
#15115=PLANE('',#15116);
#15116=AXIS2_PLACEMENT_3D('',#814,#15117,#15118);
#15117=DIRECTION('',(0,0,-1));
#15118=DIRECTION('',(1,0,0));
#15119=FACE_BOUND('',#15120,.T.);
#15120=EDGE_LOOP('',(#15121,#15122,#15123));
#15121=ORIENTED_EDGE('',*,*,#15124,.T.);
#15122=ORIENTED_EDGE('',*,*,#15125,.T.);
#15123=ORIENTED_EDGE('',*,*,#15126,.T.);
#15124=EDGE_CURVE('',#815,#819,#15127,.F.);
#15125=EDGE_CURVE('',#819,#827,#15128,.T.);
#15126=EDGE_CURVE('',#827,#815,#15129,.T.);
#15127=LINE('',#814,#15130);
#15128=LINE('',#818,#15131);
#15129=LINE('',#826,#15132);
#15130=VECTOR('',#15133,1.0);
#15131=VECTOR('',#15134,1.0);
#15132=VECTOR('',#15135,1.0);
#15133=DIRECTION('',(1,0,0));
#15134=DIRECTION('',(-0.9398513695261231,-0.3415836693986859,0));
#15135=DIRECTION('',(-0.9392875177277413,0.34313111056979084,0));
#15136=FACE_SURFACE('',(#15141),#15137,.T.);
#15137=PLANE('',#15138);
#15138=AXIS2_PLACEMENT_3D('',#514,#15139,#15140);
#15139=DIRECTION('',(-0,0,-1));
#15140=DIRECTION('',(-0.3393136332187678,-0.9406733005203664,0));
#15141=FACE_BOUND('',#15142,.T.);
#15142=EDGE_LOOP('',(#15143,#15144,#15145));
#15143=ORIENTED_EDGE('',*,*,#15146,.T.);
#15144=ORIENTED_EDGE('',*,*,#15147,.T.);
#15145=ORIENTED_EDGE('',*,*,#15148,.T.);
#15146=EDGE_CURVE('',#515,#35,#15149,.F.);
#15147=EDGE_CURVE('',#35,#825,#15150,.T.);
#15148=EDGE_CURVE('',#825,#515,#15151,.T.);
#15149=LINE('',#514,#15152);
#15150=LINE('',#34,#15153);
#15151=LINE('',#824,#15154);
#15152=VECTOR('',#15155,1.0);
#15153=VECTOR('',#15156,1.0);
#15154=VECTOR('',#15157,1.0);
#15155=DIRECTION('',(-0.3393136332187678,-0.9406733005203664,0));
#15156=DIRECTION('',(0,1,0));
#15157=DIRECTION('',(1,0,0));
#15158=FACE_SURFACE('',(#15163),#15159,.T.);
#15159=PLANE('',#15160);
#15160=AXIS2_PLACEMENT_3D('',#814,#15161,#15162);
#15161=DIRECTION('',(0,-0,-1));
#15162=DIRECTION('',(0.9392875177277413,-0.34313111056979084,0));
#15163=FACE_BOUND('',#15164,.T.);
#15164=EDGE_LOOP('',(#15165,#15166,#15167));
#15165=ORIENTED_EDGE('',*,*,#15168,.T.);
#15166=ORIENTED_EDGE('',*,*,#15169,.T.);
#15167=ORIENTED_EDGE('',*,*,#15170,.T.);
#15168=EDGE_CURVE('',#815,#827,#15171,.F.);
#15169=EDGE_CURVE('',#827,#515,#15172,.T.);
#15170=EDGE_CURVE('',#515,#815,#15173,.T.);
#15171=LINE('',#814,#15174);
#15172=LINE('',#826,#15175);
#15173=LINE('',#514,#15176);
#15174=VECTOR('',#15177,1.0);
#15175=VECTOR('',#15178,1.0);
#15176=VECTOR('',#15179,1.0);
#15177=DIRECTION('',(0.9392875177277413,-0.34313111056979084,0));
#15178=DIRECTION('',(-0.988629221132617,-0.15037374479181873,0));
#15179=DIRECTION('',(0.8819653200564113,0.4713143051274722,0));
#15180=FACE_SURFACE('',(#15185),#15181,.T.);
#15181=PLANE('',#15182);
#15182=AXIS2_PLACEMENT_3D('',#42,#15183,#15184);
#15183=DIRECTION('',(0,0,-1));
#15184=DIRECTION('',(0,1,0));
#15185=FACE_BOUND('',#15186,.T.);
#15186=EDGE_LOOP('',(#15187,#15188,#15189));
#15187=ORIENTED_EDGE('',*,*,#15190,.T.);
#15188=ORIENTED_EDGE('',*,*,#15191,.T.);
#15189=ORIENTED_EDGE('',*,*,#15192,.T.);
#15190=EDGE_CURVE('',#43,#213,#15193,.F.);
#15191=EDGE_CURVE('',#213,#815,#15194,.T.);
#15192=EDGE_CURVE('',#815,#43,#15195,.T.);
#15193=LINE('',#42,#15196);
#15194=LINE('',#212,#15197);
#15195=LINE('',#814,#15198);
#15196=VECTOR('',#15199,1.0);
#15197=VECTOR('',#15200,1.0);
#15198=VECTOR('',#15201,1.0);
#15199=DIRECTION('',(0,1,0));
#15200=DIRECTION('',(0.3393149129326388,-0.9406728389092117,0));
#15201=DIRECTION('',(-1,0,0));
#15202=FACE_SURFACE('',(#15207),#15203,.T.);
#15203=PLANE('',#15204);
#15204=AXIS2_PLACEMENT_3D('',#224,#15205,#15206);
#15205=DIRECTION('',(0,0,-1));
#15206=DIRECTION('',(1,0,0));
#15207=FACE_BOUND('',#15208,.T.);
#15208=EDGE_LOOP('',(#15209,#15210,#15211));
#15209=ORIENTED_EDGE('',*,*,#15212,.T.);
#15210=ORIENTED_EDGE('',*,*,#15213,.T.);
#15211=ORIENTED_EDGE('',*,*,#15214,.T.);
#15212=EDGE_CURVE('',#225,#221,#15215,.F.);
#15213=EDGE_CURVE('',#221,#45,#15216,.T.);
#15214=EDGE_CURVE('',#45,#225,#15217,.T.);
#15215=LINE('',#224,#15218);
#15216=LINE('',#220,#15219);
#15217=LINE('',#44,#15220);
#15218=VECTOR('',#15221,1.0);
#15219=VECTOR('',#15222,1.0);
#15220=VECTOR('',#15223,1.0);
#15221=DIRECTION('',(1,0,0));
#15222=DIRECTION('',(0,-1,0));
#15223=DIRECTION('',(-0.33931360881723155,0.9406733093223315,0));
#15224=FACE_SURFACE('',(#15229),#15225,.T.);
#15225=PLANE('',#15226);
#15226=AXIS2_PLACEMENT_3D('',#42,#15227,#15228);
#15227=DIRECTION('',(0,-0,-1));
#15228=DIRECTION('',(1,0,0));
#15229=FACE_BOUND('',#15230,.T.);
#15230=EDGE_LOOP('',(#15231,#15232,#15233));
#15231=ORIENTED_EDGE('',*,*,#15234,.T.);
#15232=ORIENTED_EDGE('',*,*,#15235,.T.);
#15233=ORIENTED_EDGE('',*,*,#15236,.T.);
#15234=EDGE_CURVE('',#43,#815,#15237,.F.);
#15235=EDGE_CURVE('',#815,#515,#15238,.T.);
#15236=EDGE_CURVE('',#515,#43,#15239,.T.);
#15237=LINE('',#42,#15240);
#15238=LINE('',#814,#15241);
#15239=LINE('',#514,#15242);
#15240=VECTOR('',#15243,1.0);
#15241=VECTOR('',#15244,1.0);
#15242=VECTOR('',#15245,1.0);
#15243=DIRECTION('',(1,0,0));
#15244=DIRECTION('',(-0.8819653200564113,-0.4713143051274722,0));
#15245=DIRECTION('',(0.6569173755439717,0.7539625731483098,0));
#15246=FACE_SURFACE('',(#15251),#15247,.T.);
#15247=PLANE('',#15248);
#15248=AXIS2_PLACEMENT_3D('',#788,#15249,#15250);
#15249=DIRECTION('',(0,0,-1));
#15250=DIRECTION('',(0,1,0));
#15251=FACE_BOUND('',#15252,.T.);
#15252=EDGE_LOOP('',(#15253,#15254,#15255));
#15253=ORIENTED_EDGE('',*,*,#15256,.T.);
#15254=ORIENTED_EDGE('',*,*,#15257,.T.);
#15255=ORIENTED_EDGE('',*,*,#15258,.T.);
#15256=EDGE_CURVE('',#789,#225,#15259,.F.);
#15257=EDGE_CURVE('',#225,#45,#15260,.T.);
#15258=EDGE_CURVE('',#45,#789,#15261,.T.);
#15259=LINE('',#788,#15262);
#15260=LINE('',#224,#15263);
#15261=LINE('',#44,#15264);
#15262=VECTOR('',#15265,1.0);
#15263=VECTOR('',#15266,1.0);
#15264=VECTOR('',#15267,1.0);
#15265=DIRECTION('',(0,1,0));
#15266=DIRECTION('',(0.33931360881723155,-0.9406733093223315,0));
#15267=DIRECTION('',(-1,0,0));
#15268=FACE_SURFACE('',(#15273),#15269,.T.);
#15269=PLANE('',#15270);
#15270=AXIS2_PLACEMENT_3D('',#44,#15271,#15272);
#15271=DIRECTION('',(0,0,-1));
#15272=DIRECTION('',(1,0,0));
#15273=FACE_BOUND('',#15274,.T.);
#15274=EDGE_LOOP('',(#15275,#15276,#15277));
#15275=ORIENTED_EDGE('',*,*,#15278,.T.);
#15276=ORIENTED_EDGE('',*,*,#15279,.T.);
#15277=ORIENTED_EDGE('',*,*,#15280,.T.);
#15278=EDGE_CURVE('',#45,#43,#15281,.F.);
#15279=EDGE_CURVE('',#43,#515,#15282,.T.);
#15280=EDGE_CURVE('',#515,#45,#15283,.T.);
#15281=LINE('',#44,#15284);
#15282=LINE('',#42,#15285);
#15283=LINE('',#514,#15286);
#15284=VECTOR('',#15287,1.0);
#15285=VECTOR('',#15288,1.0);
#15286=VECTOR('',#15289,1.0);
#15287=DIRECTION('',(1,0,0));
#15288=DIRECTION('',(-0.6569173755439717,-0.7539625731483098,0));
#15289=DIRECTION('',(-0.8850184014677303,0.46555604288152397,0));
#15290=FACE_SURFACE('',(#15295),#15291,.T.);
#15291=PLANE('',#15292);
#15292=AXIS2_PLACEMENT_3D('',#44,#15293,#15294);
#15293=DIRECTION('',(0,0,-1));
#15294=DIRECTION('',(0.8850184014677303,-0.46555604288152397,0));
#15295=FACE_BOUND('',#15296,.T.);
#15296=EDGE_LOOP('',(#15297,#15298,#15299));
#15297=ORIENTED_EDGE('',*,*,#15300,.T.);
#15298=ORIENTED_EDGE('',*,*,#15301,.T.);
#15299=ORIENTED_EDGE('',*,*,#15302,.T.);
#15300=EDGE_CURVE('',#45,#515,#15303,.F.);
#15301=EDGE_CURVE('',#515,#825,#15304,.T.);
#15302=EDGE_CURVE('',#825,#45,#15305,.T.);
#15303=LINE('',#44,#15306);
#15304=LINE('',#514,#15307);
#15305=LINE('',#824,#15308);
#15306=VECTOR('',#15309,1.0);
#15307=VECTOR('',#15310,1.0);
#15308=VECTOR('',#15311,1.0);
#15309=DIRECTION('',(0.8850184014677303,-0.46555604288152397,0));
#15310=DIRECTION('',(-1,0,0));
#15311=DIRECTION('',(-0.6693725602505297,0.7429268978733042,0));
#15312=FACE_SURFACE('',(#15317),#15313,.T.);
#15313=PLANE('',#15314);
#15314=AXIS2_PLACEMENT_3D('',#788,#15315,#15316);
#15315=DIRECTION('',(0,0,-1));
#15316=DIRECTION('',(1,0,0));
#15317=FACE_BOUND('',#15318,.T.);
#15318=EDGE_LOOP('',(#15319,#15320,#15321));
#15319=ORIENTED_EDGE('',*,*,#15322,.T.);
#15320=ORIENTED_EDGE('',*,*,#15323,.T.);
#15321=ORIENTED_EDGE('',*,*,#15324,.T.);
#15322=EDGE_CURVE('',#789,#45,#15325,.F.);
#15323=EDGE_CURVE('',#45,#825,#15326,.T.);
#15324=EDGE_CURVE('',#825,#789,#15327,.T.);
#15325=LINE('',#788,#15328);
#15326=LINE('',#44,#15329);
#15327=LINE('',#824,#15330);
#15328=VECTOR('',#15331,1.0);
#15329=VECTOR('',#15332,1.0);
#15330=VECTOR('',#15333,1.0);
#15331=DIRECTION('',(1,0,0));
#15332=DIRECTION('',(0.6693725602505297,-0.7429268978733042,0));
#15333=DIRECTION('',(-0.8850183967038068,0.46555605193770533,0));
#15334=FACE_SURFACE('',(#15339),#15335,.T.);
#15335=PLANE('',#15336);
#15336=AXIS2_PLACEMENT_3D('',#822,#15337,#15338);
#15337=DIRECTION('',(0,-0,-1));
#15338=DIRECTION('',(0,-1,0));
#15339=FACE_BOUND('',#15340,.T.);
#15340=EDGE_LOOP('',(#15341,#15342,#15343));
#15341=ORIENTED_EDGE('',*,*,#15344,.T.);
#15342=ORIENTED_EDGE('',*,*,#15345,.T.);
#15343=ORIENTED_EDGE('',*,*,#15346,.T.);
#15344=EDGE_CURVE('',#823,#37,#15347,.F.);
#15345=EDGE_CURVE('',#37,#335,#15348,.T.);
#15346=EDGE_CURVE('',#335,#823,#15349,.T.);
#15347=LINE('',#822,#15350);
#15348=LINE('',#36,#15351);
#15349=LINE('',#334,#15352);
#15350=VECTOR('',#15353,1.0);
#15351=VECTOR('',#15354,1.0);
#15352=VECTOR('',#15355,1.0);
#15353=DIRECTION('',(0,-1,0));
#15354=DIRECTION('',(-1,0,0));
#15355=DIRECTION('',(0.3393149798596526,0.9406728147676234,0));
#15356=FACE_SURFACE('',(#15361),#15357,.T.);
#15357=PLANE('',#15358);
#15358=AXIS2_PLACEMENT_3D('',#788,#15359,#15360);
#15359=DIRECTION('',(0,-0,-1));
#15360=DIRECTION('',(0.8850183967038068,-0.46555605193770533,0));
#15361=FACE_BOUND('',#15362,.T.);
#15362=EDGE_LOOP('',(#15363,#15364,#15365));
#15363=ORIENTED_EDGE('',*,*,#15366,.T.);
#15364=ORIENTED_EDGE('',*,*,#15367,.T.);
#15365=ORIENTED_EDGE('',*,*,#15368,.T.);
#15366=EDGE_CURVE('',#789,#825,#15369,.F.);
#15367=EDGE_CURVE('',#825,#823,#15370,.T.);
#15368=EDGE_CURVE('',#823,#789,#15371,.T.);
#15369=LINE('',#788,#15372);
#15370=LINE('',#824,#15373);
#15371=LINE('',#822,#15374);
#15372=VECTOR('',#15375,1.0);
#15373=VECTOR('',#15376,1.0);
#15374=VECTOR('',#15377,1.0);
#15375=DIRECTION('',(0.8850183967038068,-0.46555605193770533,0));
#15376=DIRECTION('',(-1,0,0));
#15377=DIRECTION('',(0.656917274370114,0.7539626612997093,0));
#15378=FACE_SURFACE('',(#15383),#15379,.T.);
#15379=PLANE('',#15380);
#15380=AXIS2_PLACEMENT_3D('',#232,#15381,#15382);
#15381=DIRECTION('',(0,0,-1));
#15382=DIRECTION('',(1,0,0));
#15383=FACE_BOUND('',#15384,.T.);
#15384=EDGE_LOOP('',(#15385,#15386,#15387));
#15385=ORIENTED_EDGE('',*,*,#15388,.T.);
#15386=ORIENTED_EDGE('',*,*,#15389,.T.);
#15387=ORIENTED_EDGE('',*,*,#15390,.T.);
#15388=EDGE_CURVE('',#233,#229,#15391,.F.);
#15389=EDGE_CURVE('',#229,#787,#15392,.T.);
#15390=EDGE_CURVE('',#787,#233,#15393,.T.);
#15391=LINE('',#232,#15394);
#15392=LINE('',#228,#15395);
#15393=LINE('',#786,#15396);
#15394=VECTOR('',#15397,1.0);
#15395=VECTOR('',#15398,1.0);
#15396=VECTOR('',#15399,1.0);
#15397=DIRECTION('',(1,0,0));
#15398=DIRECTION('',(0,-1,0));
#15399=DIRECTION('',(-0.33931372221864897,0.9406732684168959,0));
#15400=FACE_SURFACE('',(#15405),#15401,.T.);
#15401=PLANE('',#15402);
#15402=AXIS2_PLACEMENT_3D('',#786,#15403,#15404);
#15403=DIRECTION('',(0,0,-1));
#15404=DIRECTION('',(1,0,0));
#15405=FACE_BOUND('',#15406,.T.);
#15406=EDGE_LOOP('',(#15407,#15408,#15409));
#15407=ORIENTED_EDGE('',*,*,#15410,.T.);
#15408=ORIENTED_EDGE('',*,*,#15411,.T.);
#15409=ORIENTED_EDGE('',*,*,#15412,.T.);
#15410=EDGE_CURVE('',#787,#789,#15413,.F.);
#15411=EDGE_CURVE('',#789,#823,#15414,.T.);
#15412=EDGE_CURVE('',#823,#787,#15415,.T.);
#15413=LINE('',#786,#15416);
#15414=LINE('',#788,#15417);
#15415=LINE('',#822,#15418);
#15416=VECTOR('',#15419,1.0);
#15417=VECTOR('',#15420,1.0);
#15418=VECTOR('',#15421,1.0);
#15419=DIRECTION('',(1,0,0));
#15420=DIRECTION('',(-0.656917274370114,-0.7539626612997093,0));
#15421=DIRECTION('',(-0.8850184157594991,0.46555601571298183,0));
#15422=FACE_SURFACE('',(#15427),#15423,.T.);
#15423=PLANE('',#15424);
#15424=AXIS2_PLACEMENT_3D('',#822,#15425,#15426);
#15425=DIRECTION('',(-0,0,-1));
#15426=DIRECTION('',(-0.3393149798596526,-0.9406728147676234,0));
#15427=FACE_BOUND('',#15428,.T.);
#15428=EDGE_LOOP('',(#15429,#15430,#15431));
#15429=ORIENTED_EDGE('',*,*,#15432,.T.);
#15430=ORIENTED_EDGE('',*,*,#15433,.T.);
#15431=ORIENTED_EDGE('',*,*,#15434,.T.);
#15432=EDGE_CURVE('',#823,#335,#15435,.F.);
#15433=EDGE_CURVE('',#335,#839,#15436,.T.);
#15434=EDGE_CURVE('',#839,#823,#15437,.T.);
#15435=LINE('',#822,#15438);
#15436=LINE('',#334,#15439);
#15437=LINE('',#838,#15440);
#15438=VECTOR('',#15441,1.0);
#15439=VECTOR('',#15442,1.0);
#15440=VECTOR('',#15443,1.0);
#15441=DIRECTION('',(-0.3393149798596526,-0.9406728147676234,0));
#15442=DIRECTION('',(0,1,0));
#15443=DIRECTION('',(1,0,0));
#15444=FACE_SURFACE('',(#15449),#15445,.T.);
#15445=PLANE('',#15446);
#15446=AXIS2_PLACEMENT_3D('',#836,#15447,#15448);
#15447=DIRECTION('',(0,-0,-1));
#15448=DIRECTION('',(0,-1,0));
#15449=FACE_BOUND('',#15450,.T.);
#15450=EDGE_LOOP('',(#15451,#15452,#15453));
#15451=ORIENTED_EDGE('',*,*,#15454,.T.);
#15452=ORIENTED_EDGE('',*,*,#15455,.T.);
#15453=ORIENTED_EDGE('',*,*,#15456,.T.);
#15454=EDGE_CURVE('',#837,#327,#15457,.F.);
#15455=EDGE_CURVE('',#327,#325,#15458,.T.);
#15456=EDGE_CURVE('',#325,#837,#15459,.T.);
#15457=LINE('',#836,#15460);
#15458=LINE('',#326,#15461);
#15459=LINE('',#324,#15462);
#15460=VECTOR('',#15463,1.0);
#15461=VECTOR('',#15464,1.0);
#15462=VECTOR('',#15465,1.0);
#15463=DIRECTION('',(0,-1,0));
#15464=DIRECTION('',(-1,0,0));
#15465=DIRECTION('',(0.33931373244500945,0.9406732647281077,0));
#15466=FACE_SURFACE('',(#15471),#15467,.T.);
#15467=PLANE('',#15468);
#15468=AXIS2_PLACEMENT_3D('',#786,#15469,#15470);
#15469=DIRECTION('',(0,0,-1));
#15470=DIRECTION('',(0.8850184157594991,-0.46555601571298183,0));
#15471=FACE_BOUND('',#15472,.T.);
#15472=EDGE_LOOP('',(#15473,#15474,#15475));
#15473=ORIENTED_EDGE('',*,*,#15476,.T.);
#15474=ORIENTED_EDGE('',*,*,#15477,.T.);
#15475=ORIENTED_EDGE('',*,*,#15478,.T.);
#15476=EDGE_CURVE('',#787,#823,#15479,.F.);
#15477=EDGE_CURVE('',#823,#839,#15480,.T.);
#15478=EDGE_CURVE('',#839,#787,#15481,.T.);
#15479=LINE('',#786,#15482);
#15480=LINE('',#822,#15483);
#15481=LINE('',#838,#15484);
#15482=VECTOR('',#15485,1.0);
#15483=VECTOR('',#15486,1.0);
#15484=VECTOR('',#15487,1.0);
#15485=DIRECTION('',(0.8850184157594991,-0.46555601571298183,0));
#15486=DIRECTION('',(-1,0,0));
#15487=DIRECTION('',(-0.6693707791995669,0.7429285025853866,0));
#15488=FACE_SURFACE('',(#15493),#15489,.T.);
#15489=PLANE('',#15490);
#15490=AXIS2_PLACEMENT_3D('',#836,#15491,#15492);
#15491=DIRECTION('',(-0,0,-1));
#15492=DIRECTION('',(-0.33931373244500945,-0.9406732647281077,0));
#15493=FACE_BOUND('',#15494,.T.);
#15494=EDGE_LOOP('',(#15495,#15496,#15497));
#15495=ORIENTED_EDGE('',*,*,#15498,.T.);
#15496=ORIENTED_EDGE('',*,*,#15499,.T.);
#15497=ORIENTED_EDGE('',*,*,#15500,.T.);
#15498=EDGE_CURVE('',#837,#325,#15501,.F.);
#15499=EDGE_CURVE('',#325,#835,#15502,.T.);
#15500=EDGE_CURVE('',#835,#837,#15503,.T.);
#15501=LINE('',#836,#15504);
#15502=LINE('',#324,#15505);
#15503=LINE('',#834,#15506);
#15504=VECTOR('',#15507,1.0);
#15505=VECTOR('',#15508,1.0);
#15506=VECTOR('',#15509,1.0);
#15507=DIRECTION('',(-0.33931373244500945,-0.9406732647281077,0));
#15508=DIRECTION('',(0,1,0));
#15509=DIRECTION('',(1,0,0));
#15510=FACE_SURFACE('',(#15515),#15511,.T.);
#15511=PLANE('',#15512);
#15512=AXIS2_PLACEMENT_3D('',#786,#15513,#15514);
#15513=DIRECTION('',(0,-0,-1));
#15514=DIRECTION('',(0.6693707791995669,-0.7429285025853866,0));
#15515=FACE_BOUND('',#15516,.T.);
#15516=EDGE_LOOP('',(#15517,#15518,#15519));
#15517=ORIENTED_EDGE('',*,*,#15520,.T.);
#15518=ORIENTED_EDGE('',*,*,#15521,.T.);
#15519=ORIENTED_EDGE('',*,*,#15522,.T.);
#15520=EDGE_CURVE('',#787,#839,#15523,.F.);
#15521=EDGE_CURVE('',#839,#837,#15524,.T.);
#15522=EDGE_CURVE('',#837,#787,#15525,.T.);
#15523=LINE('',#786,#15526);
#15524=LINE('',#838,#15527);
#15525=LINE('',#836,#15528);
#15526=VECTOR('',#15529,1.0);
#15527=VECTOR('',#15530,1.0);
#15528=VECTOR('',#15531,1.0);
#15529=DIRECTION('',(0.6693707791995669,-0.7429285025853866,0));
#15530=DIRECTION('',(-1,0,0));
#15531=DIRECTION('',(0.8819652755704117,0.4713143883736289,0));
#15532=FACE_SURFACE('',(#15537),#15533,.T.);
#15533=PLANE('',#15534);
#15534=AXIS2_PLACEMENT_3D('',#792,#15535,#15536);
#15535=DIRECTION('',(0,0,-1));
#15536=DIRECTION('',(0,1,0));
#15537=FACE_BOUND('',#15538,.T.);
#15538=EDGE_LOOP('',(#15539,#15540,#15541));
#15539=ORIENTED_EDGE('',*,*,#15542,.T.);
#15540=ORIENTED_EDGE('',*,*,#15543,.T.);
#15541=ORIENTED_EDGE('',*,*,#15544,.T.);
#15542=EDGE_CURVE('',#793,#233,#15545,.F.);
#15543=EDGE_CURVE('',#233,#787,#15546,.T.);
#15544=EDGE_CURVE('',#787,#793,#15547,.T.);
#15545=LINE('',#792,#15548);
#15546=LINE('',#232,#15549);
#15547=LINE('',#786,#15550);
#15548=VECTOR('',#15551,1.0);
#15549=VECTOR('',#15552,1.0);
#15550=VECTOR('',#15553,1.0);
#15551=DIRECTION('',(0,1,0));
#15552=DIRECTION('',(0.33931372221864897,-0.9406732684168959,0));
#15553=DIRECTION('',(-1,0,0));
#15554=FACE_SURFACE('',(#15559),#15555,.T.);
#15555=PLANE('',#15556);
#15556=AXIS2_PLACEMENT_3D('',#240,#15557,#15558);
#15557=DIRECTION('',(0,0,-1));
#15558=DIRECTION('',(1,0,0));
#15559=FACE_BOUND('',#15560,.T.);
#15560=EDGE_LOOP('',(#15561,#15562,#15563));
#15561=ORIENTED_EDGE('',*,*,#15564,.T.);
#15562=ORIENTED_EDGE('',*,*,#15565,.T.);
#15563=ORIENTED_EDGE('',*,*,#15566,.T.);
#15564=EDGE_CURVE('',#241,#237,#15567,.F.);
#15565=EDGE_CURVE('',#237,#749,#15568,.T.);
#15566=EDGE_CURVE('',#749,#241,#15569,.T.);
#15567=LINE('',#240,#15570);
#15568=LINE('',#236,#15571);
#15569=LINE('',#748,#15572);
#15570=VECTOR('',#15573,1.0);
#15571=VECTOR('',#15574,1.0);
#15572=VECTOR('',#15575,1.0);
#15573=DIRECTION('',(1,0,0));
#15574=DIRECTION('',(0,-1,0));
#15575=DIRECTION('',(-0.3393144026268429,0.9406730229840701,0));
#15576=FACE_SURFACE('',(#15581),#15577,.T.);
#15577=PLANE('',#15578);
#15578=AXIS2_PLACEMENT_3D('',#792,#15579,#15580);
#15579=DIRECTION('',(0,-0,-1));
#15580=DIRECTION('',(1,0,0));
#15581=FACE_BOUND('',#15582,.T.);
#15582=EDGE_LOOP('',(#15583,#15584,#15585));
#15583=ORIENTED_EDGE('',*,*,#15586,.T.);
#15584=ORIENTED_EDGE('',*,*,#15587,.T.);
#15585=ORIENTED_EDGE('',*,*,#15588,.T.);
#15586=EDGE_CURVE('',#793,#787,#15589,.F.);
#15587=EDGE_CURVE('',#787,#837,#15590,.T.);
#15588=EDGE_CURVE('',#837,#793,#15591,.T.);
#15589=LINE('',#792,#15592);
#15590=LINE('',#786,#15593);
#15591=LINE('',#836,#15594);
#15592=VECTOR('',#15595,1.0);
#15593=VECTOR('',#15596,1.0);
#15594=VECTOR('',#15597,1.0);
#15595=DIRECTION('',(1,0,0));
#15596=DIRECTION('',(-0.8819652755704117,-0.4713143883736289,0));
#15597=DIRECTION('',(0.656918893147577,0.7539612508781617,0));
#15598=FACE_SURFACE('',(#15603),#15599,.T.);
#15599=PLANE('',#15600);
#15600=AXIS2_PLACEMENT_3D('',#750,#15601,#15602);
#15601=DIRECTION('',(0,0,-1));
#15602=DIRECTION('',(0,1,0));
#15603=FACE_BOUND('',#15604,.T.);
#15604=EDGE_LOOP('',(#15605,#15606,#15607));
#15605=ORIENTED_EDGE('',*,*,#15608,.T.);
#15606=ORIENTED_EDGE('',*,*,#15609,.T.);
#15607=ORIENTED_EDGE('',*,*,#15610,.T.);
#15608=EDGE_CURVE('',#751,#241,#15611,.F.);
#15609=EDGE_CURVE('',#241,#749,#15612,.T.);
#15610=EDGE_CURVE('',#749,#751,#15613,.T.);
#15611=LINE('',#750,#15614);
#15612=LINE('',#240,#15615);
#15613=LINE('',#748,#15616);
#15614=VECTOR('',#15617,1.0);
#15615=VECTOR('',#15618,1.0);
#15616=VECTOR('',#15619,1.0);
#15617=DIRECTION('',(0,1,0));
#15618=DIRECTION('',(0.3393144026268429,-0.9406730229840701,0));
#15619=DIRECTION('',(-1,0,0));
#15620=FACE_SURFACE('',(#15625),#15621,.T.);
#15621=PLANE('',#15622);
#15622=AXIS2_PLACEMENT_3D('',#748,#15623,#15624);
#15623=DIRECTION('',(0,0,-1));
#15624=DIRECTION('',(1,0,0));
#15625=FACE_BOUND('',#15626,.T.);
#15626=EDGE_LOOP('',(#15627,#15628,#15629));
#15627=ORIENTED_EDGE('',*,*,#15630,.T.);
#15628=ORIENTED_EDGE('',*,*,#15631,.T.);
#15629=ORIENTED_EDGE('',*,*,#15632,.T.);
#15630=EDGE_CURVE('',#749,#793,#15633,.F.);
#15631=EDGE_CURVE('',#793,#837,#15634,.T.);
#15632=EDGE_CURVE('',#837,#749,#15635,.T.);
#15633=LINE('',#748,#15636);
#15634=LINE('',#792,#15637);
#15635=LINE('',#836,#15638);
#15636=VECTOR('',#15639,1.0);
#15637=VECTOR('',#15640,1.0);
#15638=VECTOR('',#15641,1.0);
#15639=DIRECTION('',(1,0,0));
#15640=DIRECTION('',(-0.656918893147577,-0.7539612508781617,0));
#15641=DIRECTION('',(-0.8850179965332373,0.4655568126580198,0));
#15642=FACE_SURFACE('',(#15647),#15643,.T.);
#15643=PLANE('',#15644);
#15644=AXIS2_PLACEMENT_3D('',#748,#15645,#15646);
#15645=DIRECTION('',(0,0,-1));
#15646=DIRECTION('',(0.8850179965332373,-0.4655568126580198,0));
#15647=FACE_BOUND('',#15648,.T.);
#15648=EDGE_LOOP('',(#15649,#15650,#15651));
#15649=ORIENTED_EDGE('',*,*,#15652,.T.);
#15650=ORIENTED_EDGE('',*,*,#15653,.T.);
#15651=ORIENTED_EDGE('',*,*,#15654,.T.);
#15652=EDGE_CURVE('',#749,#837,#15655,.F.);
#15653=EDGE_CURVE('',#837,#835,#15656,.T.);
#15654=EDGE_CURVE('',#835,#749,#15657,.T.);
#15655=LINE('',#748,#15658);
#15656=LINE('',#836,#15659);
#15657=LINE('',#834,#15660);
#15658=VECTOR('',#15661,1.0);
#15659=VECTOR('',#15662,1.0);
#15660=VECTOR('',#15663,1.0);
#15661=DIRECTION('',(0.8850179965332373,-0.4655568126580198,0));
#15662=DIRECTION('',(-1,0,0));
#15663=DIRECTION('',(-0.6693707791995669,0.7429285025853866,0));
#15664=FACE_SURFACE('',(#15669),#15665,.T.);
#15665=PLANE('',#15666);
#15666=AXIS2_PLACEMENT_3D('',#750,#15667,#15668);
#15667=DIRECTION('',(0,0,-1));
#15668=DIRECTION('',(1,0,0));
#15669=FACE_BOUND('',#15670,.T.);
#15670=EDGE_LOOP('',(#15671,#15672,#15673));
#15671=ORIENTED_EDGE('',*,*,#15674,.T.);
#15672=ORIENTED_EDGE('',*,*,#15675,.T.);
#15673=ORIENTED_EDGE('',*,*,#15676,.T.);
#15674=EDGE_CURVE('',#751,#749,#15677,.F.);
#15675=EDGE_CURVE('',#749,#835,#15678,.T.);
#15676=EDGE_CURVE('',#835,#751,#15679,.T.);
#15677=LINE('',#750,#15680);
#15678=LINE('',#748,#15681);
#15679=LINE('',#834,#15682);
#15680=VECTOR('',#15683,1.0);
#15681=VECTOR('',#15684,1.0);
#15682=VECTOR('',#15685,1.0);
#15683=DIRECTION('',(1,0,0));
#15684=DIRECTION('',(0.6693707791995669,-0.7429285025853866,0));
#15685=DIRECTION('',(-0.8850182252023744,0.465556377960435,0));
#15686=FACE_SURFACE('',(#15691),#15687,.T.);
#15687=PLANE('',#15688);
#15688=AXIS2_PLACEMENT_3D('',#830,#15689,#15690);
#15689=DIRECTION('',(0,-0,-1));
#15690=DIRECTION('',(0,-1,0));
#15691=FACE_BOUND('',#15692,.T.);
#15692=EDGE_LOOP('',(#15693,#15694,#15695));
#15693=ORIENTED_EDGE('',*,*,#15696,.T.);
#15694=ORIENTED_EDGE('',*,*,#15697,.T.);
#15695=ORIENTED_EDGE('',*,*,#15698,.T.);
#15696=EDGE_CURVE('',#831,#315,#15699,.F.);
#15697=EDGE_CURVE('',#315,#313,#15700,.T.);
#15698=EDGE_CURVE('',#313,#831,#15701,.T.);
#15699=LINE('',#830,#15702);
#15700=LINE('',#314,#15703);
#15701=LINE('',#312,#15704);
#15702=VECTOR('',#15705,1.0);
#15703=VECTOR('',#15706,1.0);
#15704=VECTOR('',#15707,1.0);
#15705=DIRECTION('',(0,-1,0));
#15706=DIRECTION('',(-1,0,0));
#15707=DIRECTION('',(0.3393144128532185,0.9406730192952679,0));
#15708=FACE_SURFACE('',(#15713),#15709,.T.);
#15709=PLANE('',#15710);
#15710=AXIS2_PLACEMENT_3D('',#750,#15711,#15712);
#15711=DIRECTION('',(0,-0,-1));
#15712=DIRECTION('',(0.8850182252023744,-0.465556377960435,0));
#15713=FACE_BOUND('',#15714,.T.);
#15714=EDGE_LOOP('',(#15715,#15716,#15717));
#15715=ORIENTED_EDGE('',*,*,#15718,.T.);
#15716=ORIENTED_EDGE('',*,*,#15719,.T.);
#15717=ORIENTED_EDGE('',*,*,#15720,.T.);
#15718=EDGE_CURVE('',#751,#835,#15721,.F.);
#15719=EDGE_CURVE('',#835,#831,#15722,.T.);
#15720=EDGE_CURVE('',#831,#751,#15723,.T.);
#15721=LINE('',#750,#15724);
#15722=LINE('',#834,#15725);
#15723=LINE('',#830,#15726);
#15724=VECTOR('',#15727,1.0);
#15725=VECTOR('',#15728,1.0);
#15726=VECTOR('',#15729,1.0);
#15727=DIRECTION('',(0.8850182252023744,-0.465556377960435,0));
#15728=DIRECTION('',(-1,0,0));
#15729=DIRECTION('',(0.656918245637682,0.7539618150465646,0));
#15730=FACE_SURFACE('',(#15735),#15731,.T.);
#15731=PLANE('',#15732);
#15732=AXIS2_PLACEMENT_3D('',#248,#15733,#15734);
#15733=DIRECTION('',(0,0,-1));
#15734=DIRECTION('',(1,0,0));
#15735=FACE_BOUND('',#15736,.T.);
#15736=EDGE_LOOP('',(#15737,#15738,#15739));
#15737=ORIENTED_EDGE('',*,*,#15740,.T.);
#15738=ORIENTED_EDGE('',*,*,#15741,.T.);
#15739=ORIENTED_EDGE('',*,*,#15742,.T.);
#15740=EDGE_CURVE('',#249,#245,#15743,.F.);
#15741=EDGE_CURVE('',#245,#747,#15744,.T.);
#15742=EDGE_CURVE('',#747,#249,#15745,.T.);
#15743=LINE('',#248,#15746);
#15744=LINE('',#244,#15747);
#15745=LINE('',#746,#15748);
#15746=VECTOR('',#15749,1.0);
#15747=VECTOR('',#15750,1.0);
#15748=VECTOR('',#15751,1.0);
#15749=DIRECTION('',(1,0,0));
#15750=DIRECTION('',(0,-1,0));
#15751=DIRECTION('',(-0.33931394902143946,0.9406731866059944,0));
#15752=FACE_SURFACE('',(#15757),#15753,.T.);
#15753=PLANE('',#15754);
#15754=AXIS2_PLACEMENT_3D('',#746,#15755,#15756);
#15755=DIRECTION('',(0,0,-1));
#15756=DIRECTION('',(1,0,0));
#15757=FACE_BOUND('',#15758,.T.);
#15758=EDGE_LOOP('',(#15759,#15760,#15761));
#15759=ORIENTED_EDGE('',*,*,#15762,.T.);
#15760=ORIENTED_EDGE('',*,*,#15763,.T.);
#15761=ORIENTED_EDGE('',*,*,#15764,.T.);
#15762=EDGE_CURVE('',#747,#751,#15765,.F.);
#15763=EDGE_CURVE('',#751,#831,#15766,.T.);
#15764=EDGE_CURVE('',#831,#747,#15767,.T.);
#15765=LINE('',#746,#15768);
#15766=LINE('',#750,#15769);
#15767=LINE('',#830,#15770);
#15768=VECTOR('',#15771,1.0);
#15769=VECTOR('',#15772,1.0);
#15770=VECTOR('',#15773,1.0);
#15771=DIRECTION('',(1,0,0));
#15772=DIRECTION('',(-0.656918245637682,-0.7539618150465646,0));
#15773=DIRECTION('',(-0.8850182252023744,0.465556377960435,0));
#15774=FACE_SURFACE('',(#15779),#15775,.T.);
#15775=PLANE('',#15776);
#15776=AXIS2_PLACEMENT_3D('',#830,#15777,#15778);
#15777=DIRECTION('',(-0,0,-1));
#15778=DIRECTION('',(-0.3393144128532185,-0.9406730192952679,0));
#15779=FACE_BOUND('',#15780,.T.);
#15780=EDGE_LOOP('',(#15781,#15782,#15783));
#15781=ORIENTED_EDGE('',*,*,#15784,.T.);
#15782=ORIENTED_EDGE('',*,*,#15785,.T.);
#15783=ORIENTED_EDGE('',*,*,#15786,.T.);
#15784=EDGE_CURVE('',#831,#313,#15787,.F.);
#15785=EDGE_CURVE('',#313,#817,#15788,.T.);
#15786=EDGE_CURVE('',#817,#831,#15789,.T.);
#15787=LINE('',#830,#15790);
#15788=LINE('',#312,#15791);
#15789=LINE('',#816,#15792);
#15790=VECTOR('',#15793,1.0);
#15791=VECTOR('',#15794,1.0);
#15792=VECTOR('',#15795,1.0);
#15793=DIRECTION('',(-0.3393144128532185,-0.9406730192952679,0));
#15794=DIRECTION('',(0,1,0));
#15795=DIRECTION('',(1,0,0));
#15796=FACE_SURFACE('',(#15801),#15797,.T.);
#15797=PLANE('',#15798);
#15798=AXIS2_PLACEMENT_3D('',#356,#15799,#15800);
#15799=DIRECTION('',(0,-0,-1));
#15800=DIRECTION('',(0,-1,0));
#15801=FACE_BOUND('',#15802,.T.);
#15802=EDGE_LOOP('',(#15803,#15804,#15805));
#15803=ORIENTED_EDGE('',*,*,#15806,.T.);
#15804=ORIENTED_EDGE('',*,*,#15807,.T.);
#15805=ORIENTED_EDGE('',*,*,#15808,.T.);
#15806=EDGE_CURVE('',#357,#307,#15809,.F.);
#15807=EDGE_CURVE('',#307,#305,#15810,.T.);
#15808=EDGE_CURVE('',#305,#357,#15811,.T.);
#15809=LINE('',#356,#15812);
#15810=LINE('',#306,#15813);
#15811=LINE('',#304,#15814);
#15812=VECTOR('',#15815,1.0);
#15813=VECTOR('',#15816,1.0);
#15814=VECTOR('',#15817,1.0);
#15815=DIRECTION('',(0,-1,0));
#15816=DIRECTION('',(-1,0,0));
#15817=DIRECTION('',(0.3393144128532185,0.9406730192952679,0));
#15818=FACE_SURFACE('',(#15823),#15819,.T.);
#15819=PLANE('',#15820);
#15820=AXIS2_PLACEMENT_3D('',#746,#15821,#15822);
#15821=DIRECTION('',(0,0,-1));
#15822=DIRECTION('',(0.8850182252023744,-0.465556377960435,0));
#15823=FACE_BOUND('',#15824,.T.);
#15824=EDGE_LOOP('',(#15825,#15826,#15827));
#15825=ORIENTED_EDGE('',*,*,#15828,.T.);
#15826=ORIENTED_EDGE('',*,*,#15829,.T.);
#15827=ORIENTED_EDGE('',*,*,#15830,.T.);
#15828=EDGE_CURVE('',#747,#831,#15831,.F.);
#15829=EDGE_CURVE('',#831,#817,#15832,.T.);
#15830=EDGE_CURVE('',#817,#747,#15833,.T.);
#15831=LINE('',#746,#15834);
#15832=LINE('',#830,#15835);
#15833=LINE('',#816,#15836);
#15834=VECTOR('',#15837,1.0);
#15835=VECTOR('',#15838,1.0);
#15836=VECTOR('',#15839,1.0);
#15837=DIRECTION('',(0.8850182252023744,-0.465556377960435,0));
#15838=DIRECTION('',(-1,0,0));
#15839=DIRECTION('',(-0.6693707791995669,0.7429285025853866,0));
#15840=FACE_SURFACE('',(#15845),#15841,.T.);
#15841=PLANE('',#15842);
#15842=AXIS2_PLACEMENT_3D('',#356,#15843,#15844);
#15843=DIRECTION('',(-0,0,-1));
#15844=DIRECTION('',(-0.3393144128532185,-0.9406730192952679,0));
#15845=FACE_BOUND('',#15846,.T.);
#15846=EDGE_LOOP('',(#15847,#15848,#15849));
#15847=ORIENTED_EDGE('',*,*,#15850,.T.);
#15848=ORIENTED_EDGE('',*,*,#15851,.T.);
#15849=ORIENTED_EDGE('',*,*,#15852,.T.);
#15850=EDGE_CURVE('',#357,#305,#15853,.F.);
#15851=EDGE_CURVE('',#305,#821,#15854,.T.);
#15852=EDGE_CURVE('',#821,#357,#15855,.T.);
#15853=LINE('',#356,#15856);
#15854=LINE('',#304,#15857);
#15855=LINE('',#820,#15858);
#15856=VECTOR('',#15859,1.0);
#15857=VECTOR('',#15860,1.0);
#15858=VECTOR('',#15861,1.0);
#15859=DIRECTION('',(-0.3393144128532185,-0.9406730192952679,0));
#15860=DIRECTION('',(0,1,0));
#15861=DIRECTION('',(1,0,0));
#15862=FACE_SURFACE('',(#15867),#15863,.T.);
#15863=PLANE('',#15864);
#15864=AXIS2_PLACEMENT_3D('',#746,#15865,#15866);
#15865=DIRECTION('',(0,-0,-1));
#15866=DIRECTION('',(0.6693707791995669,-0.7429285025853866,0));
#15867=FACE_BOUND('',#15868,.T.);
#15868=EDGE_LOOP('',(#15869,#15870,#15871));
#15869=ORIENTED_EDGE('',*,*,#15872,.T.);
#15870=ORIENTED_EDGE('',*,*,#15873,.T.);
#15871=ORIENTED_EDGE('',*,*,#15874,.T.);
#15872=EDGE_CURVE('',#747,#817,#15875,.F.);
#15873=EDGE_CURVE('',#817,#357,#15876,.T.);
#15874=EDGE_CURVE('',#357,#747,#15877,.T.);
#15875=LINE('',#746,#15878);
#15876=LINE('',#816,#15879);
#15877=LINE('',#356,#15880);
#15878=VECTOR('',#15881,1.0);
#15879=VECTOR('',#15882,1.0);
#15880=VECTOR('',#15883,1.0);
#15881=DIRECTION('',(0.6693707791995669,-0.7429285025853866,0));
#15882=DIRECTION('',(-1,0,0));
#15883=DIRECTION('',(0.8819651173977777,0.4713146843601675,0));
#15884=FACE_SURFACE('',(#15889),#15885,.T.);
#15885=PLANE('',#15886);
#15886=AXIS2_PLACEMENT_3D('',#506,#15887,#15888);
#15887=DIRECTION('',(0,0,-1));
#15888=DIRECTION('',(0,1,0));
#15889=FACE_BOUND('',#15890,.T.);
#15890=EDGE_LOOP('',(#15891,#15892,#15893));
#15891=ORIENTED_EDGE('',*,*,#15894,.T.);
#15892=ORIENTED_EDGE('',*,*,#15895,.T.);
#15893=ORIENTED_EDGE('',*,*,#15896,.T.);
#15894=EDGE_CURVE('',#507,#249,#15897,.F.);
#15895=EDGE_CURVE('',#249,#747,#15898,.T.);
#15896=EDGE_CURVE('',#747,#507,#15899,.T.);
#15897=LINE('',#506,#15900);
#15898=LINE('',#248,#15901);
#15899=LINE('',#746,#15902);
#15900=VECTOR('',#15903,1.0);
#15901=VECTOR('',#15904,1.0);
#15902=VECTOR('',#15905,1.0);
#15903=DIRECTION('',(0,1,0));
#15904=DIRECTION('',(0.33931394902143946,-0.9406731866059944,0));
#15905=DIRECTION('',(-1,0,0));
#15906=FACE_SURFACE('',(#15911),#15907,.T.);
#15907=PLANE('',#15908);
#15908=AXIS2_PLACEMENT_3D('',#260,#15909,#15910);
#15909=DIRECTION('',(0,0,-1));
#15910=DIRECTION('',(1,0,0));
#15911=FACE_BOUND('',#15912,.T.);
#15912=EDGE_LOOP('',(#15913,#15914,#15915));
#15913=ORIENTED_EDGE('',*,*,#15916,.T.);
#15914=ORIENTED_EDGE('',*,*,#15917,.T.);
#15915=ORIENTED_EDGE('',*,*,#15918,.T.);
#15916=EDGE_CURVE('',#261,#253,#15919,.F.);
#15917=EDGE_CURVE('',#253,#745,#15920,.T.);
#15918=EDGE_CURVE('',#745,#261,#15921,.T.);
#15919=LINE('',#260,#15922);
#15920=LINE('',#252,#15923);
#15921=LINE('',#744,#15924);
#15922=VECTOR('',#15925,1.0);
#15923=VECTOR('',#15926,1.0);
#15924=VECTOR('',#15927,1.0);
#15925=DIRECTION('',(1,0,0));
#15926=DIRECTION('',(0,-1,0));
#15927=DIRECTION('',(-0.33931394902143946,0.9406731866059944,0));
#15928=FACE_SURFACE('',(#15933),#15929,.T.);
#15929=PLANE('',#15930);
#15930=AXIS2_PLACEMENT_3D('',#506,#15931,#15932);
#15931=DIRECTION('',(0,-0,-1));
#15932=DIRECTION('',(1,0,0));
#15933=FACE_BOUND('',#15934,.T.);
#15934=EDGE_LOOP('',(#15935,#15936,#15937));
#15935=ORIENTED_EDGE('',*,*,#15938,.T.);
#15936=ORIENTED_EDGE('',*,*,#15939,.T.);
#15937=ORIENTED_EDGE('',*,*,#15940,.T.);
#15938=EDGE_CURVE('',#507,#747,#15941,.F.);
#15939=EDGE_CURVE('',#747,#357,#15942,.T.);
#15940=EDGE_CURVE('',#357,#507,#15943,.T.);
#15941=LINE('',#506,#15944);
#15942=LINE('',#746,#15945);
#15943=LINE('',#356,#15946);
#15944=VECTOR('',#15947,1.0);
#15945=VECTOR('',#15948,1.0);
#15946=VECTOR('',#15949,1.0);
#15947=DIRECTION('',(1,0,0));
#15948=DIRECTION('',(-0.8819651173977777,-0.4713146843601675,0));
#15949=DIRECTION('',(0.6569179218821893,0.7539620971308741,0));
#15950=FACE_SURFACE('',(#15955),#15951,.T.);
#15951=PLANE('',#15952);
#15952=AXIS2_PLACEMENT_3D('',#728,#15953,#15954);
#15953=DIRECTION('',(0,0,-1));
#15954=DIRECTION('',(0,1,0));
#15955=FACE_BOUND('',#15956,.T.);
#15956=EDGE_LOOP('',(#15957,#15958,#15959));
#15957=ORIENTED_EDGE('',*,*,#15960,.T.);
#15958=ORIENTED_EDGE('',*,*,#15961,.T.);
#15959=ORIENTED_EDGE('',*,*,#15962,.T.);
#15960=EDGE_CURVE('',#729,#261,#15963,.F.);
#15961=EDGE_CURVE('',#261,#745,#15964,.T.);
#15962=EDGE_CURVE('',#745,#729,#15965,.T.);
#15963=LINE('',#728,#15966);
#15964=LINE('',#260,#15967);
#15965=LINE('',#744,#15968);
#15966=VECTOR('',#15969,1.0);
#15967=VECTOR('',#15970,1.0);
#15968=VECTOR('',#15971,1.0);
#15969=DIRECTION('',(0,1,0));
#15970=DIRECTION('',(0.33931394902143946,-0.9406731866059944,0));
#15971=DIRECTION('',(-1,0,0));
#15972=FACE_SURFACE('',(#15977),#15973,.T.);
#15973=PLANE('',#15974);
#15974=AXIS2_PLACEMENT_3D('',#744,#15975,#15976);
#15975=DIRECTION('',(0,0,-1));
#15976=DIRECTION('',(1,0,0));
#15977=FACE_BOUND('',#15978,.T.);
#15978=EDGE_LOOP('',(#15979,#15980,#15981));
#15979=ORIENTED_EDGE('',*,*,#15982,.T.);
#15980=ORIENTED_EDGE('',*,*,#15983,.T.);
#15981=ORIENTED_EDGE('',*,*,#15984,.T.);
#15982=EDGE_CURVE('',#745,#507,#15985,.F.);
#15983=EDGE_CURVE('',#507,#357,#15986,.T.);
#15984=EDGE_CURVE('',#357,#745,#15987,.T.);
#15985=LINE('',#744,#15988);
#15986=LINE('',#506,#15989);
#15987=LINE('',#356,#15990);
#15988=VECTOR('',#15991,1.0);
#15989=VECTOR('',#15992,1.0);
#15990=VECTOR('',#15993,1.0);
#15991=DIRECTION('',(1,0,0));
#15992=DIRECTION('',(-0.6569179218821893,-0.7539620971308741,0));
#15993=DIRECTION('',(-0.8850183776481099,0.46555608816243366,0));
#15994=FACE_SURFACE('',(#15999),#15995,.T.);
#15995=PLANE('',#15996);
#15996=AXIS2_PLACEMENT_3D('',#744,#15997,#15998);
#15997=DIRECTION('',(0,0,-1));
#15998=DIRECTION('',(0.8850183776481099,-0.46555608816243366,0));
#15999=FACE_BOUND('',#16000,.T.);
#16000=EDGE_LOOP('',(#16001,#16002,#16003));
#16001=ORIENTED_EDGE('',*,*,#16004,.T.);
#16002=ORIENTED_EDGE('',*,*,#16005,.T.);
#16003=ORIENTED_EDGE('',*,*,#16006,.T.);
#16004=EDGE_CURVE('',#745,#357,#16007,.F.);
#16005=EDGE_CURVE('',#357,#821,#16008,.T.);
#16006=EDGE_CURVE('',#821,#745,#16009,.T.);
#16007=LINE('',#744,#16010);
#16008=LINE('',#356,#16011);
#16009=LINE('',#820,#16012);
#16010=VECTOR('',#16013,1.0);
#16011=VECTOR('',#16014,1.0);
#16012=VECTOR('',#16015,1.0);
#16013=DIRECTION('',(0.8850183776481099,-0.46555608816243366,0));
#16014=DIRECTION('',(-1,0,0));
#16015=DIRECTION('',(-0.6693713986968629,0.7429279444243603,0));
#16016=FACE_SURFACE('',(#16021),#16017,.T.);
#16017=PLANE('',#16018);
#16018=AXIS2_PLACEMENT_3D('',#728,#16019,#16020);
#16019=DIRECTION('',(0,0,-1));
#16020=DIRECTION('',(1,0,0));
#16021=FACE_BOUND('',#16022,.T.);
#16022=EDGE_LOOP('',(#16023,#16024,#16025));
#16023=ORIENTED_EDGE('',*,*,#16026,.T.);
#16024=ORIENTED_EDGE('',*,*,#16027,.T.);
#16025=ORIENTED_EDGE('',*,*,#16028,.T.);
#16026=EDGE_CURVE('',#729,#745,#16029,.F.);
#16027=EDGE_CURVE('',#745,#821,#16030,.T.);
#16028=EDGE_CURVE('',#821,#729,#16031,.T.);
#16029=LINE('',#728,#16032);
#16030=LINE('',#744,#16033);
#16031=LINE('',#820,#16034);
#16032=VECTOR('',#16035,1.0);
#16033=VECTOR('',#16036,1.0);
#16034=VECTOR('',#16037,1.0);
#16035=DIRECTION('',(1,0,0));
#16036=DIRECTION('',(0.6693713986968629,-0.7429279444243603,0));
#16037=DIRECTION('',(-0.8850182252023744,0.465556377960435,0));
#16038=FACE_SURFACE('',(#16043),#16039,.T.);
#16039=PLANE('',#16040);
#16040=AXIS2_PLACEMENT_3D('',#832,#16041,#16042);
#16041=DIRECTION('',(0,-0,-1));
#16042=DIRECTION('',(0,-1,0));
#16043=FACE_BOUND('',#16044,.T.);
#16044=EDGE_LOOP('',(#16045,#16046,#16047));
#16045=ORIENTED_EDGE('',*,*,#16048,.T.);
#16046=ORIENTED_EDGE('',*,*,#16049,.T.);
#16047=ORIENTED_EDGE('',*,*,#16050,.T.);
#16048=EDGE_CURVE('',#833,#297,#16051,.F.);
#16049=EDGE_CURVE('',#297,#295,#16052,.T.);
#16050=EDGE_CURVE('',#295,#833,#16053,.T.);
#16051=LINE('',#832,#16054);
#16052=LINE('',#296,#16055);
#16053=LINE('',#294,#16056);
#16054=VECTOR('',#16057,1.0);
#16055=VECTOR('',#16058,1.0);
#16056=VECTOR('',#16059,1.0);
#16057=DIRECTION('',(0,-1,0));
#16058=DIRECTION('',(-1,0,0));
#16059=DIRECTION('',(0.17007553067386932,0.985431029482024,0));
#16060=FACE_SURFACE('',(#16065),#16061,.T.);
#16061=PLANE('',#16062);
#16062=AXIS2_PLACEMENT_3D('',#728,#16063,#16064);
#16063=DIRECTION('',(0,-0,-1));
#16064=DIRECTION('',(0.8850182252023744,-0.465556377960435,0));
#16065=FACE_BOUND('',#16066,.T.);
#16066=EDGE_LOOP('',(#16067,#16068,#16069));
#16067=ORIENTED_EDGE('',*,*,#16070,.T.);
#16068=ORIENTED_EDGE('',*,*,#16071,.T.);
#16069=ORIENTED_EDGE('',*,*,#16072,.T.);
#16070=EDGE_CURVE('',#729,#821,#16073,.F.);
#16071=EDGE_CURVE('',#821,#833,#16074,.T.);
#16072=EDGE_CURVE('',#833,#729,#16075,.T.);
#16073=LINE('',#728,#16076);
#16074=LINE('',#820,#16077);
#16075=LINE('',#832,#16078);
#16076=VECTOR('',#16079,1.0);
#16077=VECTOR('',#16080,1.0);
#16078=VECTOR('',#16081,1.0);
#16079=DIRECTION('',(0.8850182252023744,-0.465556377960435,0));
#16080=DIRECTION('',(-1,0,0));
#16081=DIRECTION('',(0.6569185693928112,0.7539615329623272,0));
#16082=FACE_SURFACE('',(#16087),#16083,.T.);
#16083=PLANE('',#16084);
#16084=AXIS2_PLACEMENT_3D('',#878,#16085,#16086);
#16085=DIRECTION('',(0,0,-1));
#16086=DIRECTION('',(0,1,0));
#16087=FACE_BOUND('',#16088,.T.);
#16088=EDGE_LOOP('',(#16089,#16090,#16091));
#16089=ORIENTED_EDGE('',*,*,#16092,.T.);
#16090=ORIENTED_EDGE('',*,*,#16093,.T.);
#16091=ORIENTED_EDGE('',*,*,#16094,.T.);
#16092=EDGE_CURVE('',#879,#267,#16095,.F.);
#16093=EDGE_CURVE('',#267,#265,#16096,.T.);
#16094=EDGE_CURVE('',#265,#879,#16097,.T.);
#16095=LINE('',#878,#16098);
#16096=LINE('',#266,#16099);
#16097=LINE('',#264,#16100);
#16098=VECTOR('',#16101,1.0);
#16099=VECTOR('',#16102,1.0);
#16100=VECTOR('',#16103,1.0);
#16101=DIRECTION('',(0,1,0));
#16102=DIRECTION('',(1,0,0));
#16103=DIRECTION('',(-0.6861987105842889,-0.7274141389830551,0));
#16104=FACE_SURFACE('',(#16109),#16105,.T.);
#16105=PLANE('',#16106);
#16106=AXIS2_PLACEMENT_3D('',#832,#16107,#16108);
#16107=DIRECTION('',(-0,0,-1));
#16108=DIRECTION('',(-0.17007553067386932,-0.985431029482024,0));
#16109=FACE_BOUND('',#16110,.T.);
#16110=EDGE_LOOP('',(#16111,#16112,#16113));
#16111=ORIENTED_EDGE('',*,*,#16114,.T.);
#16112=ORIENTED_EDGE('',*,*,#16115,.T.);
#16113=ORIENTED_EDGE('',*,*,#16116,.T.);
#16114=EDGE_CURVE('',#833,#295,#16117,.F.);
#16115=EDGE_CURVE('',#295,#881,#16118,.T.);
#16116=EDGE_CURVE('',#881,#833,#16119,.T.);
#16117=LINE('',#832,#16120);
#16118=LINE('',#294,#16121);
#16119=LINE('',#880,#16122);
#16120=VECTOR('',#16123,1.0);
#16121=VECTOR('',#16124,1.0);
#16122=VECTOR('',#16125,1.0);
#16123=DIRECTION('',(-0.17007553067386932,-0.985431029482024,0));
#16124=DIRECTION('',(0.001888921435694565,0.9999982159863136,0));
#16125=DIRECTION('',(0.6903738451219276,-0.7234528000993325,0));
#16126=FACE_SURFACE('',(#16131),#16127,.T.);
#16127=PLANE('',#16128);
#16128=AXIS2_PLACEMENT_3D('',#880,#16129,#16130);
#16129=DIRECTION('',(0,0,-1));
#16130=DIRECTION('',(-1,0,0));
#16131=FACE_BOUND('',#16132,.T.);
#16132=EDGE_LOOP('',(#16133,#16134,#16135));
#16133=ORIENTED_EDGE('',*,*,#16136,.T.);
#16134=ORIENTED_EDGE('',*,*,#16137,.T.);
#16135=ORIENTED_EDGE('',*,*,#16138,.T.);
#16136=EDGE_CURVE('',#881,#879,#16139,.F.);
#16137=EDGE_CURVE('',#879,#265,#16140,.T.);
#16138=EDGE_CURVE('',#265,#881,#16141,.T.);
#16139=LINE('',#880,#16142);
#16140=LINE('',#878,#16143);
#16141=LINE('',#264,#16144);
#16142=VECTOR('',#16145,1.0);
#16143=VECTOR('',#16146,1.0);
#16144=VECTOR('',#16147,1.0);
#16145=DIRECTION('',(-1,0,0));
#16146=DIRECTION('',(0.6861987105842889,0.7274141389830551,0));
#16147=DIRECTION('',(0.9428183824077992,-0.33330691231047244,0));
#16148=FACE_SURFACE('',(#16153),#16149,.T.);
#16149=PLANE('',#16150);
#16150=AXIS2_PLACEMENT_3D('',#728,#16151,#16152);
#16151=DIRECTION('',(0,0,-1));
#16152=DIRECTION('',(-0.6569185693928112,-0.7539615329623272,0));
#16153=FACE_BOUND('',#16154,.T.);
#16154=EDGE_LOOP('',(#16155,#16156,#16157));
#16155=ORIENTED_EDGE('',*,*,#16158,.T.);
#16156=ORIENTED_EDGE('',*,*,#16159,.T.);
#16157=ORIENTED_EDGE('',*,*,#16160,.T.);
#16158=EDGE_CURVE('',#729,#833,#16161,.F.);
#16159=EDGE_CURVE('',#833,#881,#16162,.T.);
#16160=EDGE_CURVE('',#881,#729,#16163,.T.);
#16161=LINE('',#728,#16164);
#16162=LINE('',#832,#16165);
#16163=LINE('',#880,#16166);
#16164=VECTOR('',#16167,1.0);
#16165=VECTOR('',#16168,1.0);
#16166=VECTOR('',#16169,1.0);
#16167=DIRECTION('',(-0.6569185693928112,-0.7539615329623272,0));
#16168=DIRECTION('',(-0.6903738451219276,0.7234528000993325,0));
#16169=DIRECTION('',(0.9360472039679478,0.3518744548042485,0));
#16170=FACE_SURFACE('',(#16175),#16171,.T.);
#16171=PLANE('',#16172);
#16172=AXIS2_PLACEMENT_3D('',#880,#16173,#16174);
#16173=DIRECTION('',(0,0,-1));
#16174=DIRECTION('',(-0.9428183824077992,0.33330691231047244,0));
#16175=FACE_BOUND('',#16176,.T.);
#16176=EDGE_LOOP('',(#16177,#16178,#16179));
#16177=ORIENTED_EDGE('',*,*,#16180,.T.);
#16178=ORIENTED_EDGE('',*,*,#16181,.T.);
#16179=ORIENTED_EDGE('',*,*,#16182,.T.);
#16180=EDGE_CURVE('',#881,#265,#16183,.F.);
#16181=EDGE_CURVE('',#265,#729,#16184,.T.);
#16182=EDGE_CURVE('',#729,#881,#16185,.T.);
#16183=LINE('',#880,#16186);
#16184=LINE('',#264,#16187);
#16185=LINE('',#728,#16188);
#16186=VECTOR('',#16189,1.0);
#16187=VECTOR('',#16190,1.0);
#16188=VECTOR('',#16191,1.0);
#16189=DIRECTION('',(-0.9428183824077992,0.33330691231047244,0));
#16190=DIRECTION('',(1,0,0));
#16191=DIRECTION('',(-0.9360472039679478,-0.3518744548042485,0));
#16192=FACE_SURFACE('',(#16197),#16193,.T.);
#16193=PLANE('',#16194);
#16194=AXIS2_PLACEMENT_3D('',#766,#16195,#16196);
#16195=DIRECTION('',(-1,0,0));
#16196=DIRECTION('',(0,-1,0));
#16197=FACE_BOUND('',#16198,.T.);
#16198=EDGE_LOOP('',(#16199,#16200,#16201));
#16199=ORIENTED_EDGE('',*,*,#16202,.T.);
#16200=ORIENTED_EDGE('',*,*,#16203,.T.);
#16201=ORIENTED_EDGE('',*,*,#16204,.T.);
#16202=EDGE_CURVE('',#767,#415,#16205,.F.);
#16203=EDGE_CURVE('',#415,#71,#16206,.T.);
#16204=EDGE_CURVE('',#71,#767,#16207,.T.);
#16205=LINE('',#766,#16208);
#16206=LINE('',#414,#16209);
#16207=LINE('',#70,#16210);
#16208=VECTOR('',#16211,1.0);
#16209=VECTOR('',#16212,1.0);
#16210=VECTOR('',#16213,1.0);
#16211=DIRECTION('',(0,-1,0));
#16212=DIRECTION('',(0,0,1));
#16213=DIRECTION('',(0,0.9778024218753616,-0.20952905234042712));
#16214=FACE_SURFACE('',(#16219),#16215,.T.);
#16215=PLANE('',#16216);
#16216=AXIS2_PLACEMENT_3D('',#766,#16217,#16218);
#16217=DIRECTION('',(-1,0,0));
#16218=DIRECTION('',(0,-0.9778024218753616,0.20952905234042712));
#16219=FACE_BOUND('',#16220,.T.);
#16220=EDGE_LOOP('',(#16221,#16222,#16223));
#16221=ORIENTED_EDGE('',*,*,#16224,.T.);
#16222=ORIENTED_EDGE('',*,*,#16225,.T.);
#16223=ORIENTED_EDGE('',*,*,#16226,.T.);
#16224=EDGE_CURVE('',#767,#71,#16227,.F.);
#16225=EDGE_CURVE('',#71,#711,#16228,.T.);
#16226=EDGE_CURVE('',#711,#767,#16229,.T.);
#16227=LINE('',#766,#16230);
#16228=LINE('',#70,#16231);
#16229=LINE('',#710,#16232);
#16230=VECTOR('',#16233,1.0);
#16231=VECTOR('',#16234,1.0);
#16232=VECTOR('',#16235,1.0);
#16233=DIRECTION('',(0,-0.9778024218753616,0.20952905234042712));
#16234=DIRECTION('',(0,1,0));
#16235=DIRECTION('',(0,0,-1));
#16236=FACE_SURFACE('',(#16241),#16237,.T.);
#16237=PLANE('',#16238);
#16238=AXIS2_PLACEMENT_3D('',#72,#16239,#16240);
#16239=DIRECTION('',(1,0,0));
#16240=DIRECTION('',(0,0,-1));
#16241=FACE_BOUND('',#16242,.T.);
#16242=EDGE_LOOP('',(#16243,#16244,#16245));
#16243=ORIENTED_EDGE('',*,*,#16246,.T.);
#16244=ORIENTED_EDGE('',*,*,#16247,.T.);
#16245=ORIENTED_EDGE('',*,*,#16248,.T.);
#16246=EDGE_CURVE('',#73,#417,#16249,.F.);
#16247=EDGE_CURVE('',#417,#765,#16250,.T.);
#16248=EDGE_CURVE('',#765,#73,#16251,.T.);
#16249=LINE('',#72,#16252);
#16250=LINE('',#416,#16253);
#16251=LINE('',#764,#16254);
#16252=VECTOR('',#16255,1.0);
#16253=VECTOR('',#16256,1.0);
#16254=VECTOR('',#16257,1.0);
#16255=DIRECTION('',(0,0,-1));
#16256=DIRECTION('',(0,1,0));
#16257=DIRECTION('',(0,-0.9778024218753616,0.20952905234042712));
#16258=FACE_SURFACE('',(#16263),#16259,.T.);
#16259=PLANE('',#16260);
#16260=AXIS2_PLACEMENT_3D('',#72,#16261,#16262);
#16261=DIRECTION('',(1,-0,0));
#16262=DIRECTION('',(0,0.9778024218753616,-0.20952905234042712));
#16263=FACE_BOUND('',#16264,.T.);
#16264=EDGE_LOOP('',(#16265,#16266,#16267));
#16265=ORIENTED_EDGE('',*,*,#16268,.T.);
#16266=ORIENTED_EDGE('',*,*,#16269,.T.);
#16267=ORIENTED_EDGE('',*,*,#16270,.T.);
#16268=EDGE_CURVE('',#73,#765,#16271,.F.);
#16269=EDGE_CURVE('',#765,#75,#16272,.T.);
#16270=EDGE_CURVE('',#75,#73,#16273,.T.);
#16271=LINE('',#72,#16274);
#16272=LINE('',#764,#16275);
#16273=LINE('',#74,#16276);
#16274=VECTOR('',#16277,1.0);
#16275=VECTOR('',#16278,1.0);
#16276=VECTOR('',#16279,1.0);
#16277=DIRECTION('',(0,0.9778024218753616,-0.20952905234042712));
#16278=DIRECTION('',(0,0,1));
#16279=DIRECTION('',(0,-1,0));
#16280=FACE_SURFACE('',(#16285),#16281,.T.);
#16281=PLANE('',#16282);
#16282=AXIS2_PLACEMENT_3D('',#98,#16283,#16284);
#16283=DIRECTION('',(1,0,0));
#16284=DIRECTION('',(0,0,-1));
#16285=FACE_BOUND('',#16286,.T.);
#16286=EDGE_LOOP('',(#16287,#16288,#16289));
#16287=ORIENTED_EDGE('',*,*,#16290,.T.);
#16288=ORIENTED_EDGE('',*,*,#16291,.T.);
#16289=ORIENTED_EDGE('',*,*,#16292,.T.);
#16290=EDGE_CURVE('',#99,#425,#16293,.F.);
#16291=EDGE_CURVE('',#425,#759,#16294,.T.);
#16292=EDGE_CURVE('',#759,#99,#16295,.T.);
#16293=LINE('',#98,#16296);
#16294=LINE('',#424,#16297);
#16295=LINE('',#758,#16298);
#16296=VECTOR('',#16299,1.0);
#16297=VECTOR('',#16300,1.0);
#16298=VECTOR('',#16301,1.0);
#16299=DIRECTION('',(0,0,-1));
#16300=DIRECTION('',(0,1,0));
#16301=DIRECTION('',(0,-0.9778024218753616,0.20952905234042712));
#16302=FACE_SURFACE('',(#16307),#16303,.T.);
#16303=PLANE('',#16304);
#16304=AXIS2_PLACEMENT_3D('',#98,#16305,#16306);
#16305=DIRECTION('',(1,-0,0));
#16306=DIRECTION('',(0,0.9778024218753616,-0.20952905234042712));
#16307=FACE_BOUND('',#16308,.T.);
#16308=EDGE_LOOP('',(#16309,#16310,#16311));
#16309=ORIENTED_EDGE('',*,*,#16312,.T.);
#16310=ORIENTED_EDGE('',*,*,#16313,.T.);
#16311=ORIENTED_EDGE('',*,*,#16314,.T.);
#16312=EDGE_CURVE('',#99,#759,#16315,.F.);
#16313=EDGE_CURVE('',#759,#721,#16316,.T.);
#16314=EDGE_CURVE('',#721,#99,#16317,.T.);
#16315=LINE('',#98,#16318);
#16316=LINE('',#758,#16319);
#16317=LINE('',#720,#16320);
#16318=VECTOR('',#16321,1.0);
#16319=VECTOR('',#16322,1.0);
#16320=VECTOR('',#16323,1.0);
#16321=DIRECTION('',(0,0.9778024218753616,-0.20952905234042712));
#16322=DIRECTION('',(0,0,1));
#16323=DIRECTION('',(0,-1,0));
#16324=FACE_SURFACE('',(#16329),#16325,.T.);
#16325=PLANE('',#16326);
#16326=AXIS2_PLACEMENT_3D('',#542,#16327,#16328);
#16327=DIRECTION('',(0,-1,0));
#16328=DIRECTION('',(0,0,-1));
#16329=FACE_BOUND('',#16330,.T.);
#16330=EDGE_LOOP('',(#16331,#16332,#16333));
#16331=ORIENTED_EDGE('',*,*,#16334,.T.);
#16332=ORIENTED_EDGE('',*,*,#16335,.T.);
#16333=ORIENTED_EDGE('',*,*,#16336,.T.);
#16334=EDGE_CURVE('',#543,#253,#16337,.F.);
#16335=EDGE_CURVE('',#253,#249,#16338,.T.);
#16336=EDGE_CURVE('',#249,#543,#16339,.T.);
#16337=LINE('',#542,#16340);
#16338=LINE('',#252,#16341);
#16339=LINE('',#248,#16342);
#16340=VECTOR('',#16343,1.0);
#16341=VECTOR('',#16344,1.0);
#16342=VECTOR('',#16345,1.0);
#16343=DIRECTION('',(0,0,-1));
#16344=DIRECTION('',(1,0,0));
#16345=DIRECTION('',(-0.9778024511176456,0,0.20952891587636344));
#16346=FACE_SURFACE('',(#16351),#16347,.T.);
#16347=PLANE('',#16348);
#16348=AXIS2_PLACEMENT_3D('',#542,#16349,#16350);
#16349=DIRECTION('',(0,-1,0));
#16350=DIRECTION('',(0.9778024511176456,0,-0.20952891587636344));
#16351=FACE_BOUND('',#16352,.T.);
#16352=EDGE_LOOP('',(#16353,#16354,#16355));
#16353=ORIENTED_EDGE('',*,*,#16356,.T.);
#16354=ORIENTED_EDGE('',*,*,#16357,.T.);
#16355=ORIENTED_EDGE('',*,*,#16358,.T.);
#16356=EDGE_CURVE('',#543,#249,#16359,.F.);
#16357=EDGE_CURVE('',#249,#511,#16360,.T.);
#16358=EDGE_CURVE('',#511,#543,#16361,.T.);
#16359=LINE('',#542,#16362);
#16360=LINE('',#248,#16363);
#16361=LINE('',#510,#16364);
#16362=VECTOR('',#16365,1.0);
#16363=VECTOR('',#16366,1.0);
#16364=VECTOR('',#16367,1.0);
#16365=DIRECTION('',(0.9778024511176456,0,-0.20952891587636344));
#16366=DIRECTION('',(0,0,1));
#16367=DIRECTION('',(-1,0,0));
#16368=FACE_SURFACE('',(#16373),#16369,.T.);
#16369=PLANE('',#16370);
#16370=AXIS2_PLACEMENT_3D('',#882,#16371,#16372);
#16371=DIRECTION('',(-0.09801374574605232,-0.9951850610036448,-0));
#16372=DIRECTION('',(0,0,-1));
#16373=FACE_BOUND('',#16374,.T.);
#16374=EDGE_LOOP('',(#16375,#16376,#16377));
#16375=ORIENTED_EDGE('',*,*,#16378,.T.);
#16376=ORIENTED_EDGE('',*,*,#16379,.T.);
#16377=ORIENTED_EDGE('',*,*,#16380,.T.);
#16378=EDGE_CURVE('',#883,#859,#16381,.F.);
#16379=EDGE_CURVE('',#859,#857,#16382,.T.);
#16380=EDGE_CURVE('',#857,#883,#16383,.T.);
#16381=LINE('',#882,#16384);
#16382=LINE('',#858,#16385);
#16383=LINE('',#856,#16386);
#16384=VECTOR('',#16387,1.0);
#16385=VECTOR('',#16388,1.0);
#16386=VECTOR('',#16389,1.0);
#16387=DIRECTION('',(0,0,-1));
#16388=DIRECTION('',(0.9951850610036447,-0.09801374574605232,0));
#16389=DIRECTION('',(-0.2218769991207759,0.02185221285053148,0.9748297687569324));
#16390=FACE_SURFACE('',(#16395),#16391,.T.);
#16391=PLANE('',#16392);
#16392=AXIS2_PLACEMENT_3D('',#882,#16393,#16394);
#16393=DIRECTION('',(-0.09801374574605232,-0.9951850610036448,0));
#16394=DIRECTION('',(0.2218769991207759,-0.02185221285053148,-0.9748297687569324));
#16395=FACE_BOUND('',#16396,.T.);
#16396=EDGE_LOOP('',(#16397,#16398,#16399));
#16397=ORIENTED_EDGE('',*,*,#16400,.T.);
#16398=ORIENTED_EDGE('',*,*,#16401,.T.);
#16399=ORIENTED_EDGE('',*,*,#16402,.T.);
#16400=EDGE_CURVE('',#883,#857,#16403,.F.);
#16401=EDGE_CURVE('',#857,#885,#16404,.T.);
#16402=EDGE_CURVE('',#885,#883,#16405,.T.);
#16403=LINE('',#882,#16406);
#16404=LINE('',#856,#16407);
#16405=LINE('',#884,#16408);
#16406=VECTOR('',#16409,1.0);
#16407=VECTOR('',#16410,1.0);
#16408=VECTOR('',#16411,1.0);
#16409=DIRECTION('',(0.2218769991207759,-0.02185221285053148,-0.9748297687569324));
#16410=DIRECTION('',(0,0,1));
#16411=DIRECTION('',(-0.9951850610036447,0.09801374574605232,0));
#16412=FACE_SURFACE('',(#16417),#16413,.T.);
#16413=PLANE('',#16414);
#16414=AXIS2_PLACEMENT_3D('',#884,#16415,#16416);
#16415=DIRECTION('',(-0.29028637714715166,-0.9569398200737503,-0));
#16416=DIRECTION('',(0,0,-1));
#16417=FACE_BOUND('',#16418,.T.);
#16418=EDGE_LOOP('',(#16419,#16420,#16421));
#16419=ORIENTED_EDGE('',*,*,#16422,.T.);
#16420=ORIENTED_EDGE('',*,*,#16423,.T.);
#16421=ORIENTED_EDGE('',*,*,#16424,.T.);
#16422=EDGE_CURVE('',#885,#857,#16425,.F.);
#16423=EDGE_CURVE('',#857,#855,#16426,.T.);
#16424=EDGE_CURVE('',#855,#885,#16427,.T.);
#16425=LINE('',#884,#16428);
#16426=LINE('',#856,#16429);
#16427=LINE('',#854,#16430);
#16428=VECTOR('',#16431,1.0);
#16429=VECTOR('',#16432,1.0);
#16430=VECTOR('',#16433,1.0);
#16431=DIRECTION('',(0,0,-1));
#16432=DIRECTION('',(0.9569398200737503,-0.2902863771471516,0));
#16433=DIRECTION('',(-0.21334771328037413,0.06471873514054001,0.9748303639915223));
#16434=FACE_SURFACE('',(#16439),#16435,.T.);
#16435=PLANE('',#16436);
#16436=AXIS2_PLACEMENT_3D('',#884,#16437,#16438);
#16437=DIRECTION('',(-0.29028637714715166,-0.9569398200737503,0));
#16438=DIRECTION('',(0.21334771328037413,-0.06471873514054001,-0.9748303639915223));
#16439=FACE_BOUND('',#16440,.T.);
#16440=EDGE_LOOP('',(#16441,#16442,#16443));
#16441=ORIENTED_EDGE('',*,*,#16444,.T.);
#16442=ORIENTED_EDGE('',*,*,#16445,.T.);
#16443=ORIENTED_EDGE('',*,*,#16446,.T.);
#16444=EDGE_CURVE('',#885,#855,#16447,.F.);
#16445=EDGE_CURVE('',#855,#887,#16448,.T.);
#16446=EDGE_CURVE('',#887,#885,#16449,.T.);
#16447=LINE('',#884,#16450);
#16448=LINE('',#854,#16451);
#16449=LINE('',#886,#16452);
#16450=VECTOR('',#16453,1.0);
#16451=VECTOR('',#16454,1.0);
#16452=VECTOR('',#16455,1.0);
#16453=DIRECTION('',(0.21334771328037413,-0.06471873514054001,-0.9748303639915223));
#16454=DIRECTION('',(0,0,1));
#16455=DIRECTION('',(-0.9569398200737503,0.2902863771471516,0));
#16456=FACE_SURFACE('',(#16461),#16457,.T.);
#16457=PLANE('',#16458);
#16458=AXIS2_PLACEMENT_3D('',#854,#16459,#16460);
#16459=DIRECTION('',(-0.47139516515386465,-0.8819221044228117,0));
#16460=DIRECTION('',(0.8819221044228117,-0.47139516515386465,0));
#16461=FACE_BOUND('',#16462,.T.);
#16462=EDGE_LOOP('',(#16463,#16464,#16465));
#16463=ORIENTED_EDGE('',*,*,#16466,.T.);
#16464=ORIENTED_EDGE('',*,*,#16467,.T.);
#16465=ORIENTED_EDGE('',*,*,#16468,.T.);
#16466=EDGE_CURVE('',#855,#853,#16469,.F.);
#16467=EDGE_CURVE('',#853,#889,#16470,.T.);
#16468=EDGE_CURVE('',#889,#855,#16471,.T.);
#16469=LINE('',#854,#16472);
#16470=LINE('',#852,#16473);
#16471=LINE('',#888,#16474);
#16472=VECTOR('',#16475,1.0);
#16473=VECTOR('',#16476,1.0);
#16474=VECTOR('',#16477,1.0);
#16475=DIRECTION('',(0.8819221044228117,-0.47139516515386465,0));
#16476=DIRECTION('',(0,0,1));
#16477=DIRECTION('',(-0.196626453301854,0.10509857839259829,-0.9748293833701305));
#16478=FACE_SURFACE('',(#16483),#16479,.T.);
#16479=PLANE('',#16480);
#16480=AXIS2_PLACEMENT_3D('',#854,#16481,#16482);
#16481=DIRECTION('',(-0.47139516515386465,-0.8819221044228117,0));
#16482=DIRECTION('',(0.196626453301854,-0.10509857839259829,0.9748293833701305));
#16483=FACE_BOUND('',#16484,.T.);
#16484=EDGE_LOOP('',(#16485,#16486,#16487));
#16485=ORIENTED_EDGE('',*,*,#16488,.T.);
#16486=ORIENTED_EDGE('',*,*,#16489,.T.);
#16487=ORIENTED_EDGE('',*,*,#16490,.T.);
#16488=EDGE_CURVE('',#855,#889,#16491,.F.);
#16489=EDGE_CURVE('',#889,#887,#16492,.T.);
#16490=EDGE_CURVE('',#887,#855,#16493,.T.);
#16491=LINE('',#854,#16494);
#16492=LINE('',#888,#16495);
#16493=LINE('',#886,#16496);
#16494=VECTOR('',#16497,1.0);
#16495=VECTOR('',#16498,1.0);
#16496=VECTOR('',#16499,1.0);
#16497=DIRECTION('',(0.196626453301854,-0.10509857839259829,0.9748293833701305));
#16498=DIRECTION('',(-0.8819221044228117,0.47139516515386465,0));
#16499=DIRECTION('',(0,0,-1));
#16500=FACE_SURFACE('',(#16505),#16501,.T.);
#16501=PLANE('',#16502);
#16502=AXIS2_PLACEMENT_3D('',#852,#16503,#16504);
#16503=DIRECTION('',(-0.6343834900775593,-0.7730184910576298,0));
#16504=DIRECTION('',(0.7730184910576299,-0.6343834900775595,0));
#16505=FACE_BOUND('',#16506,.T.);
#16506=EDGE_LOOP('',(#16507,#16508,#16509));
#16507=ORIENTED_EDGE('',*,*,#16510,.T.);
#16508=ORIENTED_EDGE('',*,*,#16511,.T.);
#16509=ORIENTED_EDGE('',*,*,#16512,.T.);
#16510=EDGE_CURVE('',#853,#851,#16513,.F.);
#16511=EDGE_CURVE('',#851,#891,#16514,.T.);
#16512=EDGE_CURVE('',#891,#853,#16515,.T.);
#16513=LINE('',#852,#16516);
#16514=LINE('',#850,#16517);
#16515=LINE('',#890,#16518);
#16516=VECTOR('',#16519,1.0);
#16517=VECTOR('',#16520,1.0);
#16518=VECTOR('',#16521,1.0);
#16519=DIRECTION('',(0.7730184910576299,-0.6343834900775595,0));
#16520=DIRECTION('',(0,0,1));
#16521=DIRECTION('',(-0.17234655008740887,0.14143750403394464,-0.974829266654226));
#16522=FACE_SURFACE('',(#16527),#16523,.T.);
#16523=PLANE('',#16524);
#16524=AXIS2_PLACEMENT_3D('',#852,#16525,#16526);
#16525=DIRECTION('',(-0.6343834900775593,-0.7730184910576298,0));
#16526=DIRECTION('',(0.17234655008740887,-0.14143750403394464,0.974829266654226));
#16527=FACE_BOUND('',#16528,.T.);
#16528=EDGE_LOOP('',(#16529,#16530,#16531));
#16529=ORIENTED_EDGE('',*,*,#16532,.T.);
#16530=ORIENTED_EDGE('',*,*,#16533,.T.);
#16531=ORIENTED_EDGE('',*,*,#16534,.T.);
#16532=EDGE_CURVE('',#853,#891,#16535,.F.);
#16533=EDGE_CURVE('',#891,#889,#16536,.T.);
#16534=EDGE_CURVE('',#889,#853,#16537,.T.);
#16535=LINE('',#852,#16538);
#16536=LINE('',#890,#16539);
#16537=LINE('',#888,#16540);
#16538=VECTOR('',#16541,1.0);
#16539=VECTOR('',#16542,1.0);
#16540=VECTOR('',#16543,1.0);
#16541=DIRECTION('',(0.17234655008740887,-0.14143750403394464,0.974829266654226));
#16542=DIRECTION('',(-0.7730184910576299,0.6343834900775595,0));
#16543=DIRECTION('',(0,0,-1));
#16544=FACE_SURFACE('',(#16549),#16545,.T.);
#16545=PLANE('',#16546);
#16546=AXIS2_PLACEMENT_3D('',#850,#16547,#16548);
#16547=DIRECTION('',(-0.7730210767458499,-0.6343803393128503,0));
#16548=DIRECTION('',(0.6343803393128503,-0.7730210767458497,0));
#16549=FACE_BOUND('',#16550,.T.);
#16550=EDGE_LOOP('',(#16551,#16552,#16553));
#16551=ORIENTED_EDGE('',*,*,#16554,.T.);
#16552=ORIENTED_EDGE('',*,*,#16555,.T.);
#16553=ORIENTED_EDGE('',*,*,#16556,.T.);
#16554=EDGE_CURVE('',#851,#849,#16557,.F.);
#16555=EDGE_CURVE('',#849,#893,#16558,.T.);
#16556=EDGE_CURVE('',#893,#851,#16559,.T.);
#16557=LINE('',#850,#16560);
#16558=LINE('',#848,#16561);
#16559=LINE('',#892,#16562);
#16560=VECTOR('',#16563,1.0);
#16561=VECTOR('',#16564,1.0);
#16562=VECTOR('',#16565,1.0);
#16563=DIRECTION('',(0.6343803393128503,-0.7730210767458497,0));
#16564=DIRECTION('',(0,0,1));
#16565=DIRECTION('',(-0.14143393527904824,0.17234363387780674,-0.9748303000077883));
#16566=FACE_SURFACE('',(#16571),#16567,.T.);
#16567=PLANE('',#16568);
#16568=AXIS2_PLACEMENT_3D('',#850,#16569,#16570);
#16569=DIRECTION('',(-0.7730210767458499,-0.6343803393128503,0));
#16570=DIRECTION('',(0.14143393527904824,-0.17234363387780674,0.9748303000077883));
#16571=FACE_BOUND('',#16572,.T.);
#16572=EDGE_LOOP('',(#16573,#16574,#16575));
#16573=ORIENTED_EDGE('',*,*,#16576,.T.);
#16574=ORIENTED_EDGE('',*,*,#16577,.T.);
#16575=ORIENTED_EDGE('',*,*,#16578,.T.);
#16576=EDGE_CURVE('',#851,#893,#16579,.F.);
#16577=EDGE_CURVE('',#893,#891,#16580,.T.);
#16578=EDGE_CURVE('',#891,#851,#16581,.T.);
#16579=LINE('',#850,#16582);
#16580=LINE('',#892,#16583);
#16581=LINE('',#890,#16584);
#16582=VECTOR('',#16585,1.0);
#16583=VECTOR('',#16586,1.0);
#16584=VECTOR('',#16587,1.0);
#16585=DIRECTION('',(0.14143393527904824,-0.17234363387780674,0.9748303000077883));
#16586=DIRECTION('',(-0.6343803393128503,0.7730210767458497,0));
#16587=DIRECTION('',(0,0,-1));
#16588=FACE_SURFACE('',(#16593),#16589,.T.);
#16589=PLANE('',#16590);
#16590=AXIS2_PLACEMENT_3D('',#848,#16591,#16592);
#16591=DIRECTION('',(-0.8819231005980894,-0.4713933014282789,0));
#16592=DIRECTION('',(0.4713933014282789,-0.8819231005980894,0));
#16593=FACE_BOUND('',#16594,.T.);
#16594=EDGE_LOOP('',(#16595,#16596,#16597));
#16595=ORIENTED_EDGE('',*,*,#16598,.T.);
#16596=ORIENTED_EDGE('',*,*,#16599,.T.);
#16597=ORIENTED_EDGE('',*,*,#16600,.T.);
#16598=EDGE_CURVE('',#849,#847,#16601,.F.);
#16599=EDGE_CURVE('',#847,#895,#16602,.T.);
#16600=EDGE_CURVE('',#895,#849,#16603,.T.);
#16601=LINE('',#848,#16604);
#16602=LINE('',#846,#16605);
#16603=LINE('',#894,#16606);
#16604=VECTOR('',#16607,1.0);
#16605=VECTOR('',#16608,1.0);
#16606=VECTOR('',#16609,1.0);
#16607=DIRECTION('',(0.4713933014282789,-0.8819231005980894,0));
#16608=DIRECTION('',(0,0,1));
#16609=DIRECTION('',(-0.10509679081996384,0.19662410845045372,-0.9748300490523509));
#16610=FACE_SURFACE('',(#16615),#16611,.T.);
#16611=PLANE('',#16612);
#16612=AXIS2_PLACEMENT_3D('',#848,#16613,#16614);
#16613=DIRECTION('',(-0.8819231005980894,-0.4713933014282789,0));
#16614=DIRECTION('',(0.10509679081996384,-0.19662410845045372,0.9748300490523509));
#16615=FACE_BOUND('',#16616,.T.);
#16616=EDGE_LOOP('',(#16617,#16618,#16619));
#16617=ORIENTED_EDGE('',*,*,#16620,.T.);
#16618=ORIENTED_EDGE('',*,*,#16621,.T.);
#16619=ORIENTED_EDGE('',*,*,#16622,.T.);
#16620=EDGE_CURVE('',#849,#895,#16623,.F.);
#16621=EDGE_CURVE('',#895,#893,#16624,.T.);
#16622=EDGE_CURVE('',#893,#849,#16625,.T.);
#16623=LINE('',#848,#16626);
#16624=LINE('',#894,#16627);
#16625=LINE('',#892,#16628);
#16626=VECTOR('',#16629,1.0);
#16627=VECTOR('',#16630,1.0);
#16628=VECTOR('',#16631,1.0);
#16629=DIRECTION('',(0.10509679081996384,-0.19662410845045372,0.9748300490523509));
#16630=DIRECTION('',(-0.4713933014282789,0.8819231005980894,0));
#16631=DIRECTION('',(0,0,-1));
#16632=FACE_SURFACE('',(#16637),#16633,.T.);
#16633=PLANE('',#16634);
#16634=AXIS2_PLACEMENT_3D('',#846,#16635,#16636);
#16635=DIRECTION('',(-0.9569405228288642,-0.2902840604787315,0));
#16636=DIRECTION('',(0.2902840604787315,-0.9569405228288643,0));
#16637=FACE_BOUND('',#16638,.T.);
#16638=EDGE_LOOP('',(#16639,#16640,#16641));
#16639=ORIENTED_EDGE('',*,*,#16642,.T.);
#16640=ORIENTED_EDGE('',*,*,#16643,.T.);
#16641=ORIENTED_EDGE('',*,*,#16644,.T.);
#16642=EDGE_CURVE('',#847,#843,#16645,.F.);
#16643=EDGE_CURVE('',#843,#897,#16646,.T.);
#16644=EDGE_CURVE('',#897,#847,#16647,.T.);
#16645=LINE('',#846,#16648);
#16646=LINE('',#842,#16649);
#16647=LINE('',#896,#16650);
#16648=VECTOR('',#16651,1.0);
#16649=VECTOR('',#16652,1.0);
#16650=VECTOR('',#16653,1.0);
#16651=DIRECTION('',(0.2902840604787315,-0.9569405228288643,0));
#16652=DIRECTION('',(0,0,1));
#16653=DIRECTION('',(-0.06471870946740434,0.2133494879891447,-0.9748299772881647));
#16654=FACE_SURFACE('',(#16659),#16655,.T.);
#16655=PLANE('',#16656);
#16656=AXIS2_PLACEMENT_3D('',#846,#16657,#16658);
#16657=DIRECTION('',(-0.9569405228288642,-0.2902840604787315,0));
#16658=DIRECTION('',(0.06471870946740434,-0.2133494879891447,0.9748299772881647));
#16659=FACE_BOUND('',#16660,.T.);
#16660=EDGE_LOOP('',(#16661,#16662,#16663));
#16661=ORIENTED_EDGE('',*,*,#16664,.T.);
#16662=ORIENTED_EDGE('',*,*,#16665,.T.);
#16663=ORIENTED_EDGE('',*,*,#16666,.T.);
#16664=EDGE_CURVE('',#847,#897,#16667,.F.);
#16665=EDGE_CURVE('',#897,#895,#16668,.T.);
#16666=EDGE_CURVE('',#895,#847,#16669,.T.);
#16667=LINE('',#846,#16670);
#16668=LINE('',#896,#16671);
#16669=LINE('',#894,#16672);
#16670=VECTOR('',#16673,1.0);
#16671=VECTOR('',#16674,1.0);
#16672=VECTOR('',#16675,1.0);
#16673=DIRECTION('',(0.06471870946740434,-0.2133494879891447,0.9748299772881647));
#16674=DIRECTION('',(-0.2902840604787315,0.9569405228288643,0));
#16675=DIRECTION('',(0,0,-1));
#16676=FACE_SURFACE('',(#16681),#16677,.T.);
#16677=PLANE('',#16678);
#16678=AXIS2_PLACEMENT_3D('',#842,#16679,#16680);
#16679=DIRECTION('',(-0.9951850342978756,-0.09801401690337913,0));
#16680=DIRECTION('',(0.09801401690337913,-0.9951850342978757,0));
#16681=FACE_BOUND('',#16682,.T.);
#16682=EDGE_LOOP('',(#16683,#16684,#16685));
#16683=ORIENTED_EDGE('',*,*,#16686,.T.);
#16684=ORIENTED_EDGE('',*,*,#16687,.T.);
#16685=ORIENTED_EDGE('',*,*,#16688,.T.);
#16686=EDGE_CURVE('',#843,#199,#16689,.F.);
#16687=EDGE_CURVE('',#199,#605,#16690,.T.);
#16688=EDGE_CURVE('',#605,#843,#16691,.T.);
#16689=LINE('',#842,#16692);
#16690=LINE('',#198,#16693);
#16691=LINE('',#604,#16694);
#16692=VECTOR('',#16695,1.0);
#16693=VECTOR('',#16696,1.0);
#16694=VECTOR('',#16697,1.0);
#16695=DIRECTION('',(0.09801401690337913,-0.9951850342978757,0));
#16696=DIRECTION('',(0,0,1));
#16697=DIRECTION('',(-0.02185221585553467,0.2218764098517944,-0.9748299028104758));
#16698=FACE_SURFACE('',(#16703),#16699,.T.);
#16699=PLANE('',#16700);
#16700=AXIS2_PLACEMENT_3D('',#842,#16701,#16702);
#16701=DIRECTION('',(-0.9951850342978756,-0.09801401690337913,0));
#16702=DIRECTION('',(0.02185221585553467,-0.2218764098517944,0.9748299028104758));
#16703=FACE_BOUND('',#16704,.T.);
#16704=EDGE_LOOP('',(#16705,#16706,#16707));
#16705=ORIENTED_EDGE('',*,*,#16708,.T.);
#16706=ORIENTED_EDGE('',*,*,#16709,.T.);
#16707=ORIENTED_EDGE('',*,*,#16710,.T.);
#16708=EDGE_CURVE('',#843,#605,#16711,.F.);
#16709=EDGE_CURVE('',#605,#897,#16712,.T.);
#16710=EDGE_CURVE('',#897,#843,#16713,.T.);
#16711=LINE('',#842,#16714);
#16712=LINE('',#604,#16715);
#16713=LINE('',#896,#16716);
#16714=VECTOR('',#16717,1.0);
#16715=VECTOR('',#16718,1.0);
#16716=VECTOR('',#16719,1.0);
#16717=DIRECTION('',(0.02185221585553467,-0.2218764098517944,0.9748299028104758));
#16718=DIRECTION('',(-0.09801401690337913,0.9951850342978757,0));
#16719=DIRECTION('',(0,0,-1));
#16720=FACE_SURFACE('',(#16725),#16721,.T.);
#16721=PLANE('',#16722);
#16722=AXIS2_PLACEMENT_3D('',#198,#16723,#16724);
#16723=DIRECTION('',(-0.9951850877091922,0.09801347459021854,0));
#16724=DIRECTION('',(-0.09801347459021854,-0.9951850877091922,0));
#16725=FACE_BOUND('',#16726,.T.);
#16726=EDGE_LOOP('',(#16727,#16728,#16729));
#16727=ORIENTED_EDGE('',*,*,#16730,.T.);
#16728=ORIENTED_EDGE('',*,*,#16731,.T.);
#16729=ORIENTED_EDGE('',*,*,#16732,.T.);
#16730=EDGE_CURVE('',#199,#197,#16733,.F.);
#16731=EDGE_CURVE('',#197,#607,#16734,.T.);
#16732=EDGE_CURVE('',#607,#199,#16735,.T.);
#16733=LINE('',#198,#16736);
#16734=LINE('',#196,#16737);
#16735=LINE('',#606,#16738);
#16736=VECTOR('',#16739,1.0);
#16737=VECTOR('',#16740,1.0);
#16738=VECTOR('',#16741,1.0);
#16739=DIRECTION('',(-0.09801347459021854,-0.9951850877091922,0));
#16740=DIRECTION('',(0,0,1));
#16741=DIRECTION('',(0.021852209845521137,0.22187758838951427,-0.9748296347030698));
#16742=FACE_SURFACE('',(#16747),#16743,.T.);
#16743=PLANE('',#16744);
#16744=AXIS2_PLACEMENT_3D('',#198,#16745,#16746);
#16745=DIRECTION('',(-0.9951850877091922,0.09801347459021854,0));
#16746=DIRECTION('',(-0.021852209845521137,-0.22187758838951427,0.9748296347030698));
#16747=FACE_BOUND('',#16748,.T.);
#16748=EDGE_LOOP('',(#16749,#16750,#16751));
#16749=ORIENTED_EDGE('',*,*,#16752,.T.);
#16750=ORIENTED_EDGE('',*,*,#16753,.T.);
#16751=ORIENTED_EDGE('',*,*,#16754,.T.);
#16752=EDGE_CURVE('',#199,#607,#16755,.F.);
#16753=EDGE_CURVE('',#607,#605,#16756,.T.);
#16754=EDGE_CURVE('',#605,#199,#16757,.T.);
#16755=LINE('',#198,#16758);
#16756=LINE('',#606,#16759);
#16757=LINE('',#604,#16760);
#16758=VECTOR('',#16761,1.0);
#16759=VECTOR('',#16762,1.0);
#16760=VECTOR('',#16763,1.0);
#16761=DIRECTION('',(-0.021852209845521137,-0.22187758838951427,0.9748296347030698));
#16762=DIRECTION('',(0.09801347459021854,0.9951850877091922,0));
#16763=DIRECTION('',(0,0,-1));
#16764=FACE_SURFACE('',(#16769),#16765,.T.);
#16765=PLANE('',#16766);
#16766=AXIS2_PLACEMENT_3D('',#196,#16767,#16768);
#16767=DIRECTION('',(-0.9569409913229262,0.2902825160527156,0));
#16768=DIRECTION('',(-0.2902825160527156,-0.9569409913229263,0));
#16769=FACE_BOUND('',#16770,.T.);
#16770=EDGE_LOOP('',(#16771,#16772,#16773));
#16771=ORIENTED_EDGE('',*,*,#16774,.T.);
#16772=ORIENTED_EDGE('',*,*,#16775,.T.);
#16773=ORIENTED_EDGE('',*,*,#16776,.T.);
#16774=EDGE_CURVE('',#197,#209,#16777,.F.);
#16775=EDGE_CURVE('',#209,#609,#16778,.T.);
#16776=EDGE_CURVE('',#609,#197,#16779,.T.);
#16777=LINE('',#196,#16780);
#16778=LINE('',#208,#16781);
#16779=LINE('',#608,#16782);
#16780=VECTOR('',#16783,1.0);
#16781=VECTOR('',#16784,1.0);
#16782=VECTOR('',#16785,1.0);
#16783=DIRECTION('',(-0.2902825160527156,-0.9569409913229263,0));
#16784=DIRECTION('',(0,0,1));
#16785=DIRECTION('',(0.06471869235187323,0.2133506711271517,-0.9748297194843095));
#16786=FACE_SURFACE('',(#16791),#16787,.T.);
#16787=PLANE('',#16788);
#16788=AXIS2_PLACEMENT_3D('',#196,#16789,#16790);
#16789=DIRECTION('',(-0.9569409913229262,0.2902825160527156,0));
#16790=DIRECTION('',(-0.06471869235187323,-0.2133506711271517,0.9748297194843095));
#16791=FACE_BOUND('',#16792,.T.);
#16792=EDGE_LOOP('',(#16793,#16794,#16795));
#16793=ORIENTED_EDGE('',*,*,#16796,.T.);
#16794=ORIENTED_EDGE('',*,*,#16797,.T.);
#16795=ORIENTED_EDGE('',*,*,#16798,.T.);
#16796=EDGE_CURVE('',#197,#609,#16799,.F.);
#16797=EDGE_CURVE('',#609,#607,#16800,.T.);
#16798=EDGE_CURVE('',#607,#197,#16801,.T.);
#16799=LINE('',#196,#16802);
#16800=LINE('',#608,#16803);
#16801=LINE('',#606,#16804);
#16802=VECTOR('',#16805,1.0);
#16803=VECTOR('',#16806,1.0);
#16804=VECTOR('',#16807,1.0);
#16805=DIRECTION('',(-0.06471869235187323,-0.2133506711271517,0.9748297194843095));
#16806=DIRECTION('',(0.2902825160527156,0.9569409913229263,0));
#16807=DIRECTION('',(0,0,-1));
#16808=FACE_SURFACE('',(#16813),#16809,.T.);
#16809=PLANE('',#16810);
#16810=AXIS2_PLACEMENT_3D('',#208,#16811,#16812);
#16811=DIRECTION('',(-0.8819231005980894,0.4713933014282789,0));
#16812=DIRECTION('',(-0.4713933014282789,-0.8819231005980894,0));
#16813=FACE_BOUND('',#16814,.T.);
#16814=EDGE_LOOP('',(#16815,#16816,#16817));
#16815=ORIENTED_EDGE('',*,*,#16818,.T.);
#16816=ORIENTED_EDGE('',*,*,#16819,.T.);
#16817=ORIENTED_EDGE('',*,*,#16820,.T.);
#16818=EDGE_CURVE('',#209,#211,#16821,.F.);
#16819=EDGE_CURVE('',#211,#615,#16822,.T.);
#16820=EDGE_CURVE('',#615,#209,#16823,.T.);
#16821=LINE('',#208,#16824);
#16822=LINE('',#210,#16825);
#16823=LINE('',#614,#16826);
#16824=VECTOR('',#16827,1.0);
#16825=VECTOR('',#16828,1.0);
#16826=VECTOR('',#16829,1.0);
#16827=DIRECTION('',(-0.4713933014282789,-0.8819231005980894,0));
#16828=DIRECTION('',(0,0,1));
#16829=DIRECTION('',(0.10509679081996384,0.19662410845045372,-0.9748300490523509));
#16830=FACE_SURFACE('',(#16835),#16831,.T.);
#16831=PLANE('',#16832);
#16832=AXIS2_PLACEMENT_3D('',#208,#16833,#16834);
#16833=DIRECTION('',(-0.8819231005980894,0.4713933014282789,0));
#16834=DIRECTION('',(-0.10509679081996384,-0.19662410845045372,0.9748300490523509));
#16835=FACE_BOUND('',#16836,.T.);
#16836=EDGE_LOOP('',(#16837,#16838,#16839));
#16837=ORIENTED_EDGE('',*,*,#16840,.T.);
#16838=ORIENTED_EDGE('',*,*,#16841,.T.);
#16839=ORIENTED_EDGE('',*,*,#16842,.T.);
#16840=EDGE_CURVE('',#209,#615,#16843,.F.);
#16841=EDGE_CURVE('',#615,#609,#16844,.T.);
#16842=EDGE_CURVE('',#609,#209,#16845,.T.);
#16843=LINE('',#208,#16846);
#16844=LINE('',#614,#16847);
#16845=LINE('',#608,#16848);
#16846=VECTOR('',#16849,1.0);
#16847=VECTOR('',#16850,1.0);
#16848=VECTOR('',#16851,1.0);
#16849=DIRECTION('',(-0.10509679081996384,-0.19662410845045372,0.9748300490523509));
#16850=DIRECTION('',(0.4713933014282789,0.8819231005980894,0));
#16851=DIRECTION('',(0,0,-1));
#16852=FACE_SURFACE('',(#16857),#16853,.T.);
#16853=PLANE('',#16854);
#16854=AXIS2_PLACEMENT_3D('',#210,#16855,#16856);
#16855=DIRECTION('',(-0.7730188392290742,0.6343830658182283,0));
#16856=DIRECTION('',(-0.6343830658182283,-0.7730188392290743,0));
#16857=FACE_BOUND('',#16858,.T.);
#16858=EDGE_LOOP('',(#16859,#16860,#16861));
#16859=ORIENTED_EDGE('',*,*,#16862,.T.);
#16860=ORIENTED_EDGE('',*,*,#16863,.T.);
#16861=ORIENTED_EDGE('',*,*,#16864,.T.);
#16862=EDGE_CURVE('',#211,#215,#16865,.F.);
#16863=EDGE_CURVE('',#215,#617,#16866,.T.);
#16864=EDGE_CURVE('',#617,#211,#16867,.T.);
#16865=LINE('',#210,#16868);
#16866=LINE('',#214,#16869);
#16867=LINE('',#616,#16870);
#16868=VECTOR('',#16871,1.0);
#16869=VECTOR('',#16872,1.0);
#16870=VECTOR('',#16873,1.0);
#16871=DIRECTION('',(-0.6343830658182283,-0.7730188392290743,0));
#16872=DIRECTION('',(0,0,1));
#16873=DIRECTION('',(0.14143396549354947,0.17234243113405479,-0.974830508260576));
#16874=FACE_SURFACE('',(#16879),#16875,.T.);
#16875=PLANE('',#16876);
#16876=AXIS2_PLACEMENT_3D('',#210,#16877,#16878);
#16877=DIRECTION('',(-0.7730188392290742,0.6343830658182283,0));
#16878=DIRECTION('',(-0.14143396549354947,-0.17234243113405479,0.974830508260576));
#16879=FACE_BOUND('',#16880,.T.);
#16880=EDGE_LOOP('',(#16881,#16882,#16883));
#16881=ORIENTED_EDGE('',*,*,#16884,.T.);
#16882=ORIENTED_EDGE('',*,*,#16885,.T.);
#16883=ORIENTED_EDGE('',*,*,#16886,.T.);
#16884=EDGE_CURVE('',#211,#617,#16887,.F.);
#16885=EDGE_CURVE('',#617,#615,#16888,.T.);
#16886=EDGE_CURVE('',#615,#211,#16889,.T.);
#16887=LINE('',#210,#16890);
#16888=LINE('',#616,#16891);
#16889=LINE('',#614,#16892);
#16890=VECTOR('',#16893,1.0);
#16891=VECTOR('',#16894,1.0);
#16892=VECTOR('',#16895,1.0);
#16893=DIRECTION('',(-0.14143396549354947,-0.17234243113405479,0.974830508260576));
#16894=DIRECTION('',(0.6343830658182283,0.7730188392290743,0));
#16895=DIRECTION('',(0,0,-1));
#16896=FACE_SURFACE('',(#16901),#16897,.T.);
#16897=PLANE('',#16898);
#16898=AXIS2_PLACEMENT_3D('',#214,#16899,#16900);
#16899=DIRECTION('',(-0.6343868123273019,0.7730157646162233,0));
#16900=DIRECTION('',(-0.7730157646162235,-0.6343868123273019,0));
#16901=FACE_BOUND('',#16902,.T.);
#16902=EDGE_LOOP('',(#16903,#16904,#16905));
#16903=ORIENTED_EDGE('',*,*,#16906,.T.);
#16904=ORIENTED_EDGE('',*,*,#16907,.T.);
#16905=ORIENTED_EDGE('',*,*,#16908,.T.);
#16906=EDGE_CURVE('',#215,#217,#16909,.F.);
#16907=EDGE_CURVE('',#217,#623,#16910,.T.);
#16908=EDGE_CURVE('',#623,#215,#16911,.T.);
#16909=LINE('',#214,#16912);
#16910=LINE('',#216,#16913);
#16911=LINE('',#622,#16914);
#16912=VECTOR('',#16915,1.0);
#16913=VECTOR('',#16916,1.0);
#16914=VECTOR('',#16917,1.0);
#16915=DIRECTION('',(-0.7730157646162235,-0.6343868123273019,0));
#16916=DIRECTION('',(0,0,1));
#16917=DIRECTION('',(0.17234651987144253,0.141438718796672,-0.9748290957462022));
#16918=FACE_SURFACE('',(#16923),#16919,.T.);
#16919=PLANE('',#16920);
#16920=AXIS2_PLACEMENT_3D('',#214,#16921,#16922);
#16921=DIRECTION('',(-0.6343868123273019,0.7730157646162233,0));
#16922=DIRECTION('',(-0.17234651987144253,-0.141438718796672,0.9748290957462022));
#16923=FACE_BOUND('',#16924,.T.);
#16924=EDGE_LOOP('',(#16925,#16926,#16927));
#16925=ORIENTED_EDGE('',*,*,#16928,.T.);
#16926=ORIENTED_EDGE('',*,*,#16929,.T.);
#16927=ORIENTED_EDGE('',*,*,#16930,.T.);
#16928=EDGE_CURVE('',#215,#623,#16931,.F.);
#16929=EDGE_CURVE('',#623,#617,#16932,.T.);
#16930=EDGE_CURVE('',#617,#215,#16933,.T.);
#16931=LINE('',#214,#16934);
#16932=LINE('',#622,#16935);
#16933=LINE('',#616,#16936);
#16934=VECTOR('',#16937,1.0);
#16935=VECTOR('',#16938,1.0);
#16936=VECTOR('',#16939,1.0);
#16937=DIRECTION('',(-0.17234651987144253,-0.141438718796672,0.9748290957462022));
#16938=DIRECTION('',(0.7730157646162235,0.6343868123273019,0));
#16939=DIRECTION('',(0,0,-1));
#16940=FACE_SURFACE('',(#16945),#16941,.T.);
#16941=PLANE('',#16942);
#16942=AXIS2_PLACEMENT_3D('',#216,#16943,#16944);
#16943=DIRECTION('',(-0.4713908408319365,0.881924415797499,0));
#16944=DIRECTION('',(-0.881924415797499,-0.47139084083193644,0));
#16945=FACE_BOUND('',#16946,.T.);
#16946=EDGE_LOOP('',(#16947,#16948,#16949));
#16947=ORIENTED_EDGE('',*,*,#16950,.T.);
#16948=ORIENTED_EDGE('',*,*,#16951,.T.);
#16949=ORIENTED_EDGE('',*,*,#16952,.T.);
#16950=EDGE_CURVE('',#217,#219,#16953,.F.);
#16951=EDGE_CURVE('',#219,#625,#16954,.T.);
#16952=EDGE_CURVE('',#625,#217,#16955,.T.);
#16953=LINE('',#216,#16956);
#16954=LINE('',#218,#16957);
#16955=LINE('',#624,#16958);
#16956=VECTOR('',#16959,1.0);
#16957=VECTOR('',#16960,1.0);
#16958=VECTOR('',#16961,1.0);
#16959=DIRECTION('',(-0.881924415797499,-0.47139084083193644,0));
#16960=DIRECTION('',(0,0,1));
#16961=DIRECTION('',(0.1966264789174157,0.10509735252412597,-0.9748295103662787));
#16962=FACE_SURFACE('',(#16967),#16963,.T.);
#16963=PLANE('',#16964);
#16964=AXIS2_PLACEMENT_3D('',#216,#16965,#16966);
#16965=DIRECTION('',(-0.4713908408319365,0.881924415797499,0));
#16966=DIRECTION('',(-0.1966264789174157,-0.10509735252412597,0.9748295103662787));
#16967=FACE_BOUND('',#16968,.T.);
#16968=EDGE_LOOP('',(#16969,#16970,#16971));
#16969=ORIENTED_EDGE('',*,*,#16972,.T.);
#16970=ORIENTED_EDGE('',*,*,#16973,.T.);
#16971=ORIENTED_EDGE('',*,*,#16974,.T.);
#16972=EDGE_CURVE('',#217,#625,#16975,.F.);
#16973=EDGE_CURVE('',#625,#623,#16976,.T.);
#16974=EDGE_CURVE('',#623,#217,#16977,.T.);
#16975=LINE('',#216,#16978);
#16976=LINE('',#624,#16979);
#16977=LINE('',#622,#16980);
#16978=VECTOR('',#16981,1.0);
#16979=VECTOR('',#16982,1.0);
#16980=VECTOR('',#16983,1.0);
#16981=DIRECTION('',(-0.1966264789174157,-0.10509735252412597,0.9748295103662787));
#16982=DIRECTION('',(0.881924415797499,0.47139084083193644,0));
#16983=DIRECTION('',(0,0,-1));
#16984=FACE_SURFACE('',(#16989),#16985,.T.);
#16985=PLANE('',#16986);
#16986=AXIS2_PLACEMENT_3D('',#218,#16987,#16988);
#16987=DIRECTION('',(-0.29029146849589565,0.956938275605327,0));
#16988=DIRECTION('',(-0.9569382756053268,-0.29029146849589565,0));
#16989=FACE_BOUND('',#16990,.T.);
#16990=EDGE_LOOP('',(#16991,#16992,#16993));
#16991=ORIENTED_EDGE('',*,*,#16994,.T.);
#16992=ORIENTED_EDGE('',*,*,#16995,.T.);
#16993=ORIENTED_EDGE('',*,*,#16996,.T.);
#16994=EDGE_CURVE('',#219,#223,#16997,.F.);
#16995=EDGE_CURVE('',#223,#621,#16998,.T.);
#16996=EDGE_CURVE('',#621,#219,#16999,.T.);
#16997=LINE('',#218,#17000);
#16998=LINE('',#222,#17001);
#16999=LINE('',#620,#17002);
#17000=VECTOR('',#17003,1.0);
#17001=VECTOR('',#17004,1.0);
#17002=VECTOR('',#17005,1.0);
#17003=DIRECTION('',(-0.9569382756053268,-0.29029146849589565,0));
#17004=DIRECTION('',(0,0,1));
#17005=DIRECTION('',(0.21334769616485288,0.0647199695097728,-0.9748302857871228));
#17006=FACE_SURFACE('',(#17011),#17007,.T.);
#17007=PLANE('',#17008);
#17008=AXIS2_PLACEMENT_3D('',#218,#17009,#17010);
#17009=DIRECTION('',(-0.29029146849589565,0.956938275605327,0));
#17010=DIRECTION('',(-0.21334769616485288,-0.0647199695097728,0.9748302857871228));
#17011=FACE_BOUND('',#17012,.T.);
#17012=EDGE_LOOP('',(#17013,#17014,#17015));
#17013=ORIENTED_EDGE('',*,*,#17016,.T.);
#17014=ORIENTED_EDGE('',*,*,#17017,.T.);
#17015=ORIENTED_EDGE('',*,*,#17018,.T.);
#17016=EDGE_CURVE('',#219,#621,#17019,.F.);
#17017=EDGE_CURVE('',#621,#625,#17020,.T.);
#17018=EDGE_CURVE('',#625,#219,#17021,.T.);
#17019=LINE('',#218,#17022);
#17020=LINE('',#620,#17023);
#17021=LINE('',#624,#17024);
#17022=VECTOR('',#17025,1.0);
#17023=VECTOR('',#17026,1.0);
#17024=VECTOR('',#17027,1.0);
#17025=DIRECTION('',(-0.21334769616485288,-0.0647199695097728,0.9748302857871228));
#17026=DIRECTION('',(0.9569382756053268,0.29029146849589565,0));
#17027=DIRECTION('',(0,0,-1));
#17028=FACE_SURFACE('',(#17033),#17029,.T.);
#17029=PLANE('',#17030);
#17030=AXIS2_PLACEMENT_3D('',#222,#17031,#17032);
#17031=DIRECTION('',(-0.09801374574605232,0.9951850610036448,0));
#17032=DIRECTION('',(-0.9951850610036447,-0.09801374574605232,0));
#17033=FACE_BOUND('',#17034,.T.);
#17034=EDGE_LOOP('',(#17035,#17036,#17037));
#17035=ORIENTED_EDGE('',*,*,#17038,.T.);
#17036=ORIENTED_EDGE('',*,*,#17039,.T.);
#17037=ORIENTED_EDGE('',*,*,#17040,.T.);
#17038=EDGE_CURVE('',#223,#227,#17041,.F.);
#17039=EDGE_CURVE('',#227,#619,#17042,.T.);
#17040=EDGE_CURVE('',#619,#223,#17043,.T.);
#17041=LINE('',#222,#17044);
#17042=LINE('',#226,#17045);
#17043=LINE('',#618,#17046);
#17044=VECTOR('',#17047,1.0);
#17045=VECTOR('',#17048,1.0);
#17046=VECTOR('',#17049,1.0);
#17047=DIRECTION('',(-0.9951850610036447,-0.09801374574605232,0));
#17048=DIRECTION('',(0,0,1));
#17049=DIRECTION('',(0.2218769991207759,0.02185221285053148,-0.9748297687569324));
#17050=FACE_SURFACE('',(#17055),#17051,.T.);
#17051=PLANE('',#17052);
#17052=AXIS2_PLACEMENT_3D('',#222,#17053,#17054);
#17053=DIRECTION('',(-0.09801374574605232,0.9951850610036448,0));
#17054=DIRECTION('',(-0.2218769991207759,-0.02185221285053148,0.9748297687569324));
#17055=FACE_BOUND('',#17056,.T.);
#17056=EDGE_LOOP('',(#17057,#17058,#17059));
#17057=ORIENTED_EDGE('',*,*,#17060,.T.);
#17058=ORIENTED_EDGE('',*,*,#17061,.T.);
#17059=ORIENTED_EDGE('',*,*,#17062,.T.);
#17060=EDGE_CURVE('',#223,#619,#17063,.F.);
#17061=EDGE_CURVE('',#619,#621,#17064,.T.);
#17062=EDGE_CURVE('',#621,#223,#17065,.T.);
#17063=LINE('',#222,#17066);
#17064=LINE('',#618,#17067);
#17065=LINE('',#620,#17068);
#17066=VECTOR('',#17069,1.0);
#17067=VECTOR('',#17070,1.0);
#17068=VECTOR('',#17071,1.0);
#17069=DIRECTION('',(-0.2218769991207759,-0.02185221285053148,0.9748297687569324));
#17070=DIRECTION('',(0.9951850610036447,0.09801374574605232,0));
#17071=DIRECTION('',(0,0,-1));
#17072=FACE_SURFACE('',(#17077),#17073,.T.);
#17073=PLANE('',#17074);
#17074=AXIS2_PLACEMENT_3D('',#226,#17075,#17076);
#17075=DIRECTION('',(0.09801374574605232,0.9951850610036448,0));
#17076=DIRECTION('',(-0.9951850610036447,0.09801374574605232,0));
#17077=FACE_BOUND('',#17078,.T.);
#17078=EDGE_LOOP('',(#17079,#17080,#17081));
#17079=ORIENTED_EDGE('',*,*,#17082,.T.);
#17080=ORIENTED_EDGE('',*,*,#17083,.T.);
#17081=ORIENTED_EDGE('',*,*,#17084,.T.);
#17082=EDGE_CURVE('',#227,#231,#17085,.F.);
#17083=EDGE_CURVE('',#231,#613,#17086,.T.);
#17084=EDGE_CURVE('',#613,#227,#17087,.T.);
#17085=LINE('',#226,#17088);
#17086=LINE('',#230,#17089);
#17087=LINE('',#612,#17090);
#17088=VECTOR('',#17091,1.0);
#17089=VECTOR('',#17092,1.0);
#17090=VECTOR('',#17093,1.0);
#17091=DIRECTION('',(-0.9951850610036447,0.09801374574605232,0));
#17092=DIRECTION('',(0,0,1));
#17093=DIRECTION('',(0.2218769991207759,-0.02185221285053148,-0.9748297687569324));
#17094=FACE_SURFACE('',(#17099),#17095,.T.);
#17095=PLANE('',#17096);
#17096=AXIS2_PLACEMENT_3D('',#226,#17097,#17098);
#17097=DIRECTION('',(0.09801374574605232,0.9951850610036448,-0));
#17098=DIRECTION('',(-0.2218769991207759,0.02185221285053148,0.9748297687569324));
#17099=FACE_BOUND('',#17100,.T.);
#17100=EDGE_LOOP('',(#17101,#17102,#17103));
#17101=ORIENTED_EDGE('',*,*,#17104,.T.);
#17102=ORIENTED_EDGE('',*,*,#17105,.T.);
#17103=ORIENTED_EDGE('',*,*,#17106,.T.);
#17104=EDGE_CURVE('',#227,#613,#17107,.F.);
#17105=EDGE_CURVE('',#613,#619,#17108,.T.);
#17106=EDGE_CURVE('',#619,#227,#17109,.T.);
#17107=LINE('',#226,#17110);
#17108=LINE('',#612,#17111);
#17109=LINE('',#618,#17112);
#17110=VECTOR('',#17113,1.0);
#17111=VECTOR('',#17114,1.0);
#17112=VECTOR('',#17115,1.0);
#17113=DIRECTION('',(-0.2218769991207759,0.02185221285053148,0.9748297687569324));
#17114=DIRECTION('',(0.9951850610036447,-0.09801374574605232,0));
#17115=DIRECTION('',(0,0,-1));
#17116=FACE_SURFACE('',(#17121),#17117,.T.);
#17117=PLANE('',#17118);
#17118=AXIS2_PLACEMENT_3D('',#230,#17119,#17120);
#17119=DIRECTION('',(0.290290696258118,0.9569385098667401,0));
#17120=DIRECTION('',(-0.9569385098667402,0.290290696258118,0));
#17121=FACE_BOUND('',#17122,.T.);
#17122=EDGE_LOOP('',(#17123,#17124,#17125));
#17123=ORIENTED_EDGE('',*,*,#17126,.T.);
#17124=ORIENTED_EDGE('',*,*,#17127,.T.);
#17125=ORIENTED_EDGE('',*,*,#17128,.T.);
#17126=EDGE_CURVE('',#231,#235,#17129,.F.);
#17127=EDGE_CURVE('',#235,#611,#17130,.T.);
#17128=EDGE_CURVE('',#611,#231,#17131,.T.);
#17129=LINE('',#230,#17132);
#17130=LINE('',#234,#17133);
#17131=LINE('',#610,#17134);
#17132=VECTOR('',#17135,1.0);
#17133=VECTOR('',#17136,1.0);
#17134=VECTOR('',#17137,1.0);
#17135=DIRECTION('',(-0.9569385098667402,0.290290696258118,0));
#17136=DIRECTION('',(0,0,1));
#17137=DIRECTION('',(0.2133482877346348,-0.06471996095192052,-0.974830156886358));
#17138=FACE_SURFACE('',(#17143),#17139,.T.);
#17139=PLANE('',#17140);
#17140=AXIS2_PLACEMENT_3D('',#230,#17141,#17142);
#17141=DIRECTION('',(0.290290696258118,0.9569385098667401,-0));
#17142=DIRECTION('',(-0.2133482877346348,0.06471996095192052,0.974830156886358));
#17143=FACE_BOUND('',#17144,.T.);
#17144=EDGE_LOOP('',(#17145,#17146,#17147));
#17145=ORIENTED_EDGE('',*,*,#17148,.T.);
#17146=ORIENTED_EDGE('',*,*,#17149,.T.);
#17147=ORIENTED_EDGE('',*,*,#17150,.T.);
#17148=EDGE_CURVE('',#231,#611,#17151,.F.);
#17149=EDGE_CURVE('',#611,#613,#17152,.T.);
#17150=EDGE_CURVE('',#613,#231,#17153,.T.);
#17151=LINE('',#230,#17154);
#17152=LINE('',#610,#17155);
#17153=LINE('',#612,#17156);
#17154=VECTOR('',#17157,1.0);
#17155=VECTOR('',#17158,1.0);
#17156=VECTOR('',#17159,1.0);
#17157=DIRECTION('',(-0.2133482877346348,0.06471996095192052,0.974830156886358));
#17158=DIRECTION('',(0.9569385098667402,-0.290290696258118,0));
#17159=DIRECTION('',(0,0,-1));
#17160=FACE_SURFACE('',(#17165),#17161,.T.);
#17161=PLANE('',#17162);
#17162=AXIS2_PLACEMENT_3D('',#610,#17163,#17164);
#17163=DIRECTION('',(0.4713977750297972,0.8819207094160771,0));
#17164=DIRECTION('',(0,0,-1));
#17165=FACE_BOUND('',#17166,.T.);
#17166=EDGE_LOOP('',(#17167,#17168,#17169));
#17167=ORIENTED_EDGE('',*,*,#17170,.T.);
#17168=ORIENTED_EDGE('',*,*,#17171,.T.);
#17169=ORIENTED_EDGE('',*,*,#17172,.T.);
#17170=EDGE_CURVE('',#611,#235,#17173,.F.);
#17171=EDGE_CURVE('',#235,#239,#17174,.T.);
#17172=EDGE_CURVE('',#239,#611,#17175,.T.);
#17173=LINE('',#610,#17176);
#17174=LINE('',#234,#17177);
#17175=LINE('',#238,#17178);
#17176=VECTOR('',#17179,1.0);
#17177=VECTOR('',#17180,1.0);
#17178=VECTOR('',#17181,1.0);
#17179=DIRECTION('',(0,0,-1));
#17180=DIRECTION('',(-0.881920709416077,0.47139777502979713,0));
#17181=DIRECTION('',(0.19662290400437296,-0.10509742936973053,0.974830223146965));
#17182=FACE_SURFACE('',(#17187),#17183,.T.);
#17183=PLANE('',#17184);
#17184=AXIS2_PLACEMENT_3D('',#610,#17185,#17186);
#17185=DIRECTION('',(0.4713977750297972,0.8819207094160771,0));
#17186=DIRECTION('',(-0.19662290400437296,0.10509742936973053,-0.974830223146965));
#17187=FACE_BOUND('',#17188,.T.);
#17188=EDGE_LOOP('',(#17189,#17190,#17191));
#17189=ORIENTED_EDGE('',*,*,#17192,.T.);
#17190=ORIENTED_EDGE('',*,*,#17193,.T.);
#17191=ORIENTED_EDGE('',*,*,#17194,.T.);
#17192=EDGE_CURVE('',#611,#239,#17195,.F.);
#17193=EDGE_CURVE('',#239,#595,#17196,.T.);
#17194=EDGE_CURVE('',#595,#611,#17197,.T.);
#17195=LINE('',#610,#17198);
#17196=LINE('',#238,#17199);
#17197=LINE('',#594,#17200);
#17198=VECTOR('',#17201,1.0);
#17199=VECTOR('',#17202,1.0);
#17200=VECTOR('',#17203,1.0);
#17201=DIRECTION('',(-0.19662290400437296,0.10509742936973053,-0.974830223146965));
#17202=DIRECTION('',(0,0,1));
#17203=DIRECTION('',(0.881920709416077,-0.47139777502979713,0));
#17204=FACE_SURFACE('',(#17209),#17205,.T.);
#17205=PLANE('',#17206);
#17206=AXIS2_PLACEMENT_3D('',#594,#17207,#17208);
#17207=DIRECTION('',(0.6343868123273019,0.7730157646162233,0));
#17208=DIRECTION('',(0,0,-1));
#17209=FACE_BOUND('',#17210,.T.);
#17210=EDGE_LOOP('',(#17211,#17212,#17213));
#17211=ORIENTED_EDGE('',*,*,#17214,.T.);
#17212=ORIENTED_EDGE('',*,*,#17215,.T.);
#17213=ORIENTED_EDGE('',*,*,#17216,.T.);
#17214=EDGE_CURVE('',#595,#239,#17217,.F.);
#17215=EDGE_CURVE('',#239,#243,#17218,.T.);
#17216=EDGE_CURVE('',#243,#595,#17219,.T.);
#17217=LINE('',#594,#17220);
#17218=LINE('',#238,#17221);
#17219=LINE('',#242,#17222);
#17220=VECTOR('',#17223,1.0);
#17221=VECTOR('',#17224,1.0);
#17222=VECTOR('',#17225,1.0);
#17223=DIRECTION('',(0,0,-1));
#17224=DIRECTION('',(-0.7730157646162235,0.6343868123273019,0));
#17225=DIRECTION('',(0.17234651987144253,-0.141438718796672,0.9748290957462022));
#17226=FACE_SURFACE('',(#17231),#17227,.T.);
#17227=PLANE('',#17228);
#17228=AXIS2_PLACEMENT_3D('',#594,#17229,#17230);
#17229=DIRECTION('',(0.6343868123273019,0.7730157646162233,0));
#17230=DIRECTION('',(-0.17234651987144253,0.141438718796672,-0.9748290957462022));
#17231=FACE_BOUND('',#17232,.T.);
#17232=EDGE_LOOP('',(#17233,#17234,#17235));
#17233=ORIENTED_EDGE('',*,*,#17236,.T.);
#17234=ORIENTED_EDGE('',*,*,#17237,.T.);
#17235=ORIENTED_EDGE('',*,*,#17238,.T.);
#17236=EDGE_CURVE('',#595,#243,#17239,.F.);
#17237=EDGE_CURVE('',#243,#593,#17240,.T.);
#17238=EDGE_CURVE('',#593,#595,#17241,.T.);
#17239=LINE('',#594,#17242);
#17240=LINE('',#242,#17243);
#17241=LINE('',#592,#17244);
#17242=VECTOR('',#17245,1.0);
#17243=VECTOR('',#17246,1.0);
#17244=VECTOR('',#17247,1.0);
#17245=DIRECTION('',(-0.17234651987144253,0.141438718796672,-0.9748290957462022));
#17246=DIRECTION('',(0,0,1));
#17247=DIRECTION('',(0.7730157646162235,-0.6343868123273019,0));
#17248=FACE_SURFACE('',(#17253),#17249,.T.);
#17249=PLANE('',#17250);
#17250=AXIS2_PLACEMENT_3D('',#592,#17251,#17252);
#17251=DIRECTION('',(0.7730120229616811,0.6343913715969736,0));
#17252=DIRECTION('',(0,0,-1));
#17253=FACE_BOUND('',#17254,.T.);
#17254=EDGE_LOOP('',(#17255,#17256,#17257));
#17255=ORIENTED_EDGE('',*,*,#17258,.T.);
#17256=ORIENTED_EDGE('',*,*,#17259,.T.);
#17257=ORIENTED_EDGE('',*,*,#17260,.T.);
#17258=EDGE_CURVE('',#593,#243,#17261,.F.);
#17259=EDGE_CURVE('',#243,#247,#17262,.T.);
#17260=EDGE_CURVE('',#247,#593,#17263,.T.);
#17261=LINE('',#592,#17264);
#17262=LINE('',#242,#17265);
#17263=LINE('',#246,#17266);
#17264=VECTOR('',#17267,1.0);
#17265=VECTOR('',#17268,1.0);
#17266=VECTOR('',#17269,1.0);
#17267=DIRECTION('',(0,0,-1));
#17268=DIRECTION('',(-0.6343913715969736,0.773012022961681,0));
#17269=DIRECTION('',(0.1414370024061398,-0.1723423555972713,0.9748300809974779));
#17270=FACE_SURFACE('',(#17275),#17271,.T.);
#17271=PLANE('',#17272);
#17272=AXIS2_PLACEMENT_3D('',#592,#17273,#17274);
#17273=DIRECTION('',(0.7730120229616811,0.6343913715969736,0));
#17274=DIRECTION('',(-0.1414370024061398,0.1723423555972713,-0.9748300809974779));
#17275=FACE_BOUND('',#17276,.T.);
#17276=EDGE_LOOP('',(#17277,#17278,#17279));
#17277=ORIENTED_EDGE('',*,*,#17280,.T.);
#17278=ORIENTED_EDGE('',*,*,#17281,.T.);
#17279=ORIENTED_EDGE('',*,*,#17282,.T.);
#17280=EDGE_CURVE('',#593,#247,#17283,.F.);
#17281=EDGE_CURVE('',#247,#587,#17284,.T.);
#17282=EDGE_CURVE('',#587,#593,#17285,.T.);
#17283=LINE('',#592,#17286);
#17284=LINE('',#246,#17287);
#17285=LINE('',#586,#17288);
#17286=VECTOR('',#17289,1.0);
#17287=VECTOR('',#17290,1.0);
#17288=VECTOR('',#17291,1.0);
#17289=DIRECTION('',(-0.1414370024061398,0.1723423555972713,-0.9748300809974779));
#17290=DIRECTION('',(0,0,1));
#17291=DIRECTION('',(0.6343913715969736,-0.773012022961681,0));
#17292=FACE_SURFACE('',(#17297),#17293,.T.);
#17293=PLANE('',#17294);
#17294=AXIS2_PLACEMENT_3D('',#586,#17295,#17296);
#17295=DIRECTION('',(0.8819231005980894,0.4713933014282789,0));
#17296=DIRECTION('',(0,0,-1));
#17297=FACE_BOUND('',#17298,.T.);
#17298=EDGE_LOOP('',(#17299,#17300,#17301));
#17299=ORIENTED_EDGE('',*,*,#17302,.T.);
#17300=ORIENTED_EDGE('',*,*,#17303,.T.);
#17301=ORIENTED_EDGE('',*,*,#17304,.T.);
#17302=EDGE_CURVE('',#587,#247,#17305,.F.);
#17303=EDGE_CURVE('',#247,#251,#17306,.T.);
#17304=EDGE_CURVE('',#251,#587,#17307,.T.);
#17305=LINE('',#586,#17308);
#17306=LINE('',#246,#17309);
#17307=LINE('',#250,#17310);
#17308=VECTOR('',#17311,1.0);
#17309=VECTOR('',#17312,1.0);
#17310=VECTOR('',#17313,1.0);
#17311=DIRECTION('',(0,0,-1));
#17312=DIRECTION('',(-0.4713933014282789,0.8819231005980894,0));
#17313=DIRECTION('',(0.10509679081996384,-0.19662410845045372,0.9748300490523509));
#17314=FACE_SURFACE('',(#17319),#17315,.T.);
#17315=PLANE('',#17316);
#17316=AXIS2_PLACEMENT_3D('',#586,#17317,#17318);
#17317=DIRECTION('',(0.8819231005980894,0.4713933014282789,0));
#17318=DIRECTION('',(-0.10509679081996384,0.19662410845045372,-0.9748300490523509));
#17319=FACE_BOUND('',#17320,.T.);
#17320=EDGE_LOOP('',(#17321,#17322,#17323));
#17321=ORIENTED_EDGE('',*,*,#17324,.T.);
#17322=ORIENTED_EDGE('',*,*,#17325,.T.);
#17323=ORIENTED_EDGE('',*,*,#17326,.T.);
#17324=EDGE_CURVE('',#587,#251,#17327,.F.);
#17325=EDGE_CURVE('',#251,#585,#17328,.T.);
#17326=EDGE_CURVE('',#585,#587,#17329,.T.);
#17327=LINE('',#586,#17330);
#17328=LINE('',#250,#17331);
#17329=LINE('',#584,#17332);
#17330=VECTOR('',#17333,1.0);
#17331=VECTOR('',#17334,1.0);
#17332=VECTOR('',#17335,1.0);
#17333=DIRECTION('',(-0.10509679081996384,0.19662410845045372,-0.9748300490523509));
#17334=DIRECTION('',(0,0,1));
#17335=DIRECTION('',(0.4713933014282789,-0.8819231005980894,0));
#17336=FACE_SURFACE('',(#17341),#17337,.T.);
#17337=PLANE('',#17338);
#17338=AXIS2_PLACEMENT_3D('',#584,#17339,#17340);
#17339=DIRECTION('',(0.956940219111075,0.29028506170254065,0));
#17340=DIRECTION('',(0,0,-1));
#17341=FACE_BOUND('',#17342,.T.);
#17342=EDGE_LOOP('',(#17343,#17344,#17345));
#17343=ORIENTED_EDGE('',*,*,#17346,.T.);
#17344=ORIENTED_EDGE('',*,*,#17347,.T.);
#17345=ORIENTED_EDGE('',*,*,#17348,.T.);
#17346=EDGE_CURVE('',#585,#251,#17349,.F.);
#17347=EDGE_CURVE('',#251,#259,#17350,.T.);
#17348=EDGE_CURVE('',#259,#585,#17351,.T.);
#17349=LINE('',#584,#17352);
#17350=LINE('',#250,#17353);
#17351=LINE('',#258,#17354);
#17352=VECTOR('',#17355,1.0);
#17353=VECTOR('',#17356,1.0);
#17354=VECTOR('',#17357,1.0);
#17355=DIRECTION('',(0,0,-1));
#17356=DIRECTION('',(-0.29028506170254065,0.956940219111075,0));
#17357=DIRECTION('',(0.06471930953612214,-0.2133506625693242,0.9748296803823722));
#17358=FACE_SURFACE('',(#17363),#17359,.T.);
#17359=PLANE('',#17360);
#17360=AXIS2_PLACEMENT_3D('',#584,#17361,#17362);
#17361=DIRECTION('',(0.956940219111075,0.29028506170254065,0));
#17362=DIRECTION('',(-0.06471930953612214,0.2133506625693242,-0.9748296803823722));
#17363=FACE_BOUND('',#17364,.T.);
#17364=EDGE_LOOP('',(#17365,#17366,#17367));
#17365=ORIENTED_EDGE('',*,*,#17368,.T.);
#17366=ORIENTED_EDGE('',*,*,#17369,.T.);
#17367=ORIENTED_EDGE('',*,*,#17370,.T.);
#17368=EDGE_CURVE('',#585,#259,#17371,.F.);
#17369=EDGE_CURVE('',#259,#581,#17372,.T.);
#17370=EDGE_CURVE('',#581,#585,#17373,.T.);
#17371=LINE('',#584,#17374);
#17372=LINE('',#258,#17375);
#17373=LINE('',#580,#17376);
#17374=VECTOR('',#17377,1.0);
#17375=VECTOR('',#17378,1.0);
#17376=VECTOR('',#17379,1.0);
#17377=DIRECTION('',(-0.06471930953612214,0.2133506625693242,-0.9748296803823722));
#17378=DIRECTION('',(0,0,1));
#17379=DIRECTION('',(0.29028506170254065,-0.956940219111075,0));
#17380=FACE_SURFACE('',(#17385),#17381,.T.);
#17381=PLANE('',#17382);
#17382=AXIS2_PLACEMENT_3D('',#570,#17383,#17384);
#17383=DIRECTION('',(0.9951838369813947,0.0980261730916225,0));
#17384=DIRECTION('',(0.09802617309162251,-0.9951838369813947,0));
#17385=FACE_BOUND('',#17386,.T.);
#17386=EDGE_LOOP('',(#17387,#17388,#17389));
#17387=ORIENTED_EDGE('',*,*,#17390,.T.);
#17388=ORIENTED_EDGE('',*,*,#17391,.T.);
#17389=ORIENTED_EDGE('',*,*,#17392,.T.);
#17390=EDGE_CURVE('',#571,#581,#17393,.F.);
#17391=EDGE_CURVE('',#581,#259,#17394,.T.);
#17392=EDGE_CURVE('',#259,#571,#17395,.T.);
#17393=LINE('',#570,#17396);
#17394=LINE('',#580,#17397);
#17395=LINE('',#258,#17398);
#17396=VECTOR('',#17399,1.0);
#17397=VECTOR('',#17400,1.0);
#17398=VECTOR('',#17401,1.0);
#17399=DIRECTION('',(0.09802617309162251,-0.9951838369813947,0));
#17400=DIRECTION('',(0,0,-1));
#17401=DIRECTION('',(-0.011391191290873156,0.11564594535425168,0.9932251789418631));
#17402=FACE_SURFACE('',(#17407),#17403,.T.);
#17403=PLANE('',#17404);
#17404=AXIS2_PLACEMENT_3D('',#258,#17405,#17406);
#17405=DIRECTION('',(0.9951837318403943,0.09802724050092411,0));
#17406=DIRECTION('',(-0.09802724050092412,0.9951837318403944,0));
#17407=FACE_BOUND('',#17408,.T.);
#17408=EDGE_LOOP('',(#17409,#17410,#17411));
#17409=ORIENTED_EDGE('',*,*,#17412,.T.);
#17410=ORIENTED_EDGE('',*,*,#17413,.T.);
#17411=ORIENTED_EDGE('',*,*,#17414,.T.);
#17412=EDGE_CURVE('',#259,#257,#17415,.F.);
#17413=EDGE_CURVE('',#257,#899,#17416,.T.);
#17414=EDGE_CURVE('',#899,#259,#17417,.T.);
#17415=LINE('',#258,#17418);
#17416=LINE('',#256,#17419);
#17417=LINE('',#898,#17420);
#17418=VECTOR('',#17421,1.0);
#17419=VECTOR('',#17422,1.0);
#17420=VECTOR('',#17423,1.0);
#17421=DIRECTION('',(-0.09802724050092412,0.9951837318403944,0));
#17422=DIRECTION('',(0,0,1));
#17423=DIRECTION('',(0.02185530726635893,-0.22187757336338082,-0.9748295686850449));
#17424=FACE_SURFACE('',(#17429),#17425,.T.);
#17425=PLANE('',#17426);
#17426=AXIS2_PLACEMENT_3D('',#570,#17427,#17428);
#17427=DIRECTION('',(0.9951836217206489,0.098028358442373,-2.56919614216221E-07));
#17428=DIRECTION('',(0.011391191290873156,-0.11564594535425168,-0.9932251789418631));
#17429=FACE_BOUND('',#17430,.T.);
#17430=EDGE_LOOP('',(#17431,#17432,#17433));
#17431=ORIENTED_EDGE('',*,*,#17434,.T.);
#17432=ORIENTED_EDGE('',*,*,#17435,.T.);
#17433=ORIENTED_EDGE('',*,*,#17436,.T.);
#17434=EDGE_CURVE('',#571,#259,#17437,.F.);
#17435=EDGE_CURVE('',#259,#899,#17438,.T.);
#17436=EDGE_CURVE('',#899,#571,#17439,.T.);
#17437=LINE('',#570,#17440);
#17438=LINE('',#258,#17441);
#17439=LINE('',#898,#17442);
#17440=VECTOR('',#17443,1.0);
#17441=VECTOR('',#17444,1.0);
#17442=VECTOR('',#17445,1.0);
#17443=DIRECTION('',(0.011391191290873156,-0.11564594535425168,-0.9932251789418631));
#17444=DIRECTION('',(-0.02185530726635893,0.22187757336338082,0.9748295686850449));
#17445=DIRECTION('',(0.09802835844237623,-0.9951836217206818,0));
#17446=FACE_SURFACE('',(#17451),#17447,.T.);
#17447=PLANE('',#17448);
#17448=AXIS2_PLACEMENT_3D('',#898,#17449,#17450);
#17449=DIRECTION('',(0.9951836784141466,-0.09802778288877419,0));
#17450=DIRECTION('',(0,0,-1));
#17451=FACE_BOUND('',#17452,.T.);
#17452=EDGE_LOOP('',(#17453,#17454,#17455));
#17453=ORIENTED_EDGE('',*,*,#17456,.T.);
#17454=ORIENTED_EDGE('',*,*,#17457,.T.);
#17455=ORIENTED_EDGE('',*,*,#17458,.T.);
#17456=EDGE_CURVE('',#899,#257,#17459,.F.);
#17457=EDGE_CURVE('',#257,#869,#17460,.T.);
#17458=EDGE_CURVE('',#869,#899,#17461,.T.);
#17459=LINE('',#898,#17462);
#17460=LINE('',#256,#17463);
#17461=LINE('',#868,#17464);
#17462=VECTOR('',#17465,1.0);
#17463=VECTOR('',#17466,1.0);
#17464=VECTOR('',#17467,1.0);
#17465=DIRECTION('',(0,0,-1));
#17466=DIRECTION('',(0.09802778288877419,0.9951836784141465,0));
#17467=DIRECTION('',(-0.02185531327722353,-0.22187639482573251,0.9748298367923963));
#17468=FACE_SURFACE('',(#17473),#17469,.T.);
#17469=PLANE('',#17470);
#17470=AXIS2_PLACEMENT_3D('',#898,#17471,#17472);
#17471=DIRECTION('',(0.9951836784141466,-0.09802778288877419,0));
#17472=DIRECTION('',(0.02185531327722353,0.22187639482573251,-0.9748298367923963));
#17473=FACE_BOUND('',#17474,.T.);
#17474=EDGE_LOOP('',(#17475,#17476,#17477));
#17475=ORIENTED_EDGE('',*,*,#17478,.T.);
#17476=ORIENTED_EDGE('',*,*,#17479,.T.);
#17477=ORIENTED_EDGE('',*,*,#17480,.T.);
#17478=EDGE_CURVE('',#899,#869,#17481,.F.);
#17479=EDGE_CURVE('',#869,#901,#17482,.T.);
#17480=EDGE_CURVE('',#901,#899,#17483,.T.);
#17481=LINE('',#898,#17484);
#17482=LINE('',#868,#17485);
#17483=LINE('',#900,#17486);
#17484=VECTOR('',#17487,1.0);
#17485=VECTOR('',#17488,1.0);
#17486=VECTOR('',#17489,1.0);
#17487=DIRECTION('',(0.02185531327722353,0.22187639482573251,-0.9748298367923963));
#17488=DIRECTION('',(0,0,1));
#17489=DIRECTION('',(-0.09802778288877419,-0.9951836784141465,0));
#17490=FACE_SURFACE('',(#17495),#17491,.T.);
#17491=PLANE('',#17492);
#17492=AXIS2_PLACEMENT_3D('',#900,#17493,#17494);
#17493=DIRECTION('',(0.956939750609174,-0.2902866061396079,0));
#17494=DIRECTION('',(0,0,-1));
#17495=FACE_BOUND('',#17496,.T.);
#17496=EDGE_LOOP('',(#17497,#17498,#17499));
#17497=ORIENTED_EDGE('',*,*,#17500,.T.);
#17498=ORIENTED_EDGE('',*,*,#17501,.T.);
#17499=ORIENTED_EDGE('',*,*,#17502,.T.);
#17500=EDGE_CURVE('',#901,#869,#17503,.F.);
#17501=EDGE_CURVE('',#869,#871,#17504,.T.);
#17502=EDGE_CURVE('',#871,#901,#17505,.T.);
#17503=LINE('',#900,#17506);
#17504=LINE('',#868,#17507);
#17505=LINE('',#870,#17508);
#17506=VECTOR('',#17509,1.0);
#17507=VECTOR('',#17510,1.0);
#17508=VECTOR('',#17511,1.0);
#17509=DIRECTION('',(0,0,-1));
#17510=DIRECTION('',(0.2902866061396079,0.9569397506091741,0));
#17511=DIRECTION('',(-0.0647193266518151,-0.21334947943136015,0.9748299381861963));
#17512=FACE_SURFACE('',(#17517),#17513,.T.);
#17513=PLANE('',#17514);
#17514=AXIS2_PLACEMENT_3D('',#900,#17515,#17516);
#17515=DIRECTION('',(0.956939750609174,-0.2902866061396079,0));
#17516=DIRECTION('',(0.0647193266518151,0.21334947943136015,-0.9748299381861963));
#17517=FACE_BOUND('',#17518,.T.);
#17518=EDGE_LOOP('',(#17519,#17520,#17521));
#17519=ORIENTED_EDGE('',*,*,#17522,.T.);
#17520=ORIENTED_EDGE('',*,*,#17523,.T.);
#17521=ORIENTED_EDGE('',*,*,#17524,.T.);
#17522=EDGE_CURVE('',#901,#871,#17525,.F.);
#17523=EDGE_CURVE('',#871,#903,#17526,.T.);
#17524=EDGE_CURVE('',#903,#901,#17527,.T.);
#17525=LINE('',#900,#17528);
#17526=LINE('',#870,#17529);
#17527=LINE('',#902,#17530);
#17528=VECTOR('',#17531,1.0);
#17529=VECTOR('',#17532,1.0);
#17530=VECTOR('',#17533,1.0);
#17531=DIRECTION('',(0.0647193266518151,0.21334947943136015,-0.9748299381861963));
#17532=DIRECTION('',(0,0,1));
#17533=DIRECTION('',(-0.2902866061396079,-0.9569397506091741,0));
#17534=FACE_SURFACE('',(#17539),#17535,.T.);
#17535=PLANE('',#17536);
#17536=AXIS2_PLACEMENT_3D('',#902,#17537,#17538);
#17537=DIRECTION('',(0.8819231005980894,-0.4713933014282789,0));
#17538=DIRECTION('',(0,0,-1));
#17539=FACE_BOUND('',#17540,.T.);
#17540=EDGE_LOOP('',(#17541,#17542,#17543));
#17541=ORIENTED_EDGE('',*,*,#17544,.T.);
#17542=ORIENTED_EDGE('',*,*,#17545,.T.);
#17543=ORIENTED_EDGE('',*,*,#17546,.T.);
#17544=EDGE_CURVE('',#903,#871,#17547,.F.);
#17545=EDGE_CURVE('',#871,#875,#17548,.T.);
#17546=EDGE_CURVE('',#875,#903,#17549,.T.);
#17547=LINE('',#902,#17550);
#17548=LINE('',#870,#17551);
#17549=LINE('',#874,#17552);
#17550=VECTOR('',#17553,1.0);
#17551=VECTOR('',#17554,1.0);
#17552=VECTOR('',#17555,1.0);
#17553=DIRECTION('',(0,0,-1));
#17554=DIRECTION('',(0.4713933014282789,0.8819231005980894,0));
#17555=DIRECTION('',(-0.10509679081996384,-0.19662410845045372,0.9748300490523509));
#17556=FACE_SURFACE('',(#17561),#17557,.T.);
#17557=PLANE('',#17558);
#17558=AXIS2_PLACEMENT_3D('',#902,#17559,#17560);
#17559=DIRECTION('',(0.8819231005980894,-0.4713933014282789,0));
#17560=DIRECTION('',(0.10509679081996384,0.19662410845045372,-0.9748300490523509));
#17561=FACE_BOUND('',#17562,.T.);
#17562=EDGE_LOOP('',(#17563,#17564,#17565));
#17563=ORIENTED_EDGE('',*,*,#17566,.T.);
#17564=ORIENTED_EDGE('',*,*,#17567,.T.);
#17565=ORIENTED_EDGE('',*,*,#17568,.T.);
#17566=EDGE_CURVE('',#903,#875,#17569,.F.);
#17567=EDGE_CURVE('',#875,#905,#17570,.T.);
#17568=EDGE_CURVE('',#905,#903,#17571,.T.);
#17569=LINE('',#902,#17572);
#17570=LINE('',#874,#17573);
#17571=LINE('',#904,#17574);
#17572=VECTOR('',#17575,1.0);
#17573=VECTOR('',#17576,1.0);
#17574=VECTOR('',#17577,1.0);
#17575=DIRECTION('',(0.10509679081996384,0.19662410845045372,-0.9748300490523509));
#17576=DIRECTION('',(0,0,1));
#17577=DIRECTION('',(-0.4713933014282789,-0.8819231005980894,0));
#17578=FACE_SURFACE('',(#17583),#17579,.T.);
#17579=PLANE('',#17580);
#17580=AXIS2_PLACEMENT_3D('',#904,#17581,#17582);
#17581=DIRECTION('',(0.7730142605173171,-0.6343886451039815,0));
#17582=DIRECTION('',(0,0,-1));
#17583=FACE_BOUND('',#17584,.T.);
#17584=EDGE_LOOP('',(#17585,#17586,#17587));
#17585=ORIENTED_EDGE('',*,*,#17588,.T.);
#17586=ORIENTED_EDGE('',*,*,#17589,.T.);
#17587=ORIENTED_EDGE('',*,*,#17590,.T.);
#17588=EDGE_CURVE('',#905,#875,#17591,.F.);
#17589=EDGE_CURVE('',#875,#873,#17592,.T.);
#17590=EDGE_CURVE('',#873,#905,#17593,.T.);
#17591=LINE('',#904,#17594);
#17592=LINE('',#874,#17595);
#17593=LINE('',#872,#17596);
#17594=VECTOR('',#17597,1.0);
#17595=VECTOR('',#17598,1.0);
#17596=VECTOR('',#17599,1.0);
#17597=DIRECTION('',(0,0,-1));
#17598=DIRECTION('',(0.6343886451039815,0.7730142605173171,0));
#17599=DIRECTION('',(-0.14143697219101625,-0.17234355834052836,0.974829872744964));
#17600=FACE_SURFACE('',(#17605),#17601,.T.);
#17601=PLANE('',#17602);
#17602=AXIS2_PLACEMENT_3D('',#904,#17603,#17604);
#17603=DIRECTION('',(0.7730142605173171,-0.6343886451039815,0));
#17604=DIRECTION('',(0.14143697219101625,0.17234355834052836,-0.974829872744964));
#17605=FACE_BOUND('',#17606,.T.);
#17606=EDGE_LOOP('',(#17607,#17608,#17609));
#17607=ORIENTED_EDGE('',*,*,#17610,.T.);
#17608=ORIENTED_EDGE('',*,*,#17611,.T.);
#17609=ORIENTED_EDGE('',*,*,#17612,.T.);
#17610=EDGE_CURVE('',#905,#873,#17613,.F.);
#17611=EDGE_CURVE('',#873,#907,#17614,.T.);
#17612=EDGE_CURVE('',#907,#905,#17615,.T.);
#17613=LINE('',#904,#17616);
#17614=LINE('',#872,#17617);
#17615=LINE('',#906,#17618);
#17616=VECTOR('',#17619,1.0);
#17617=VECTOR('',#17620,1.0);
#17618=VECTOR('',#17621,1.0);
#17619=DIRECTION('',(0.14143697219101625,0.17234355834052836,-0.974829872744964));
#17620=DIRECTION('',(0,0,1));
#17621=DIRECTION('',(-0.6343886451039815,-0.7730142605173171,0));
#17622=FACE_SURFACE('',(#17627),#17623,.T.);
#17623=PLANE('',#17624);
#17624=AXIS2_PLACEMENT_3D('',#906,#17625,#17626);
#17625=DIRECTION('',(0.6343834900775593,-0.7730184910576298,0));
#17626=DIRECTION('',(0,0,-1));
#17627=FACE_BOUND('',#17628,.T.);
#17628=EDGE_LOOP('',(#17629,#17630,#17631));
#17629=ORIENTED_EDGE('',*,*,#17632,.T.);
#17630=ORIENTED_EDGE('',*,*,#17633,.T.);
#17631=ORIENTED_EDGE('',*,*,#17634,.T.);
#17632=EDGE_CURVE('',#907,#873,#17635,.F.);
#17633=EDGE_CURVE('',#873,#867,#17636,.T.);
#17634=EDGE_CURVE('',#867,#907,#17637,.T.);
#17635=LINE('',#906,#17638);
#17636=LINE('',#872,#17639);
#17637=LINE('',#866,#17640);
#17638=VECTOR('',#17641,1.0);
#17639=VECTOR('',#17642,1.0);
#17640=VECTOR('',#17643,1.0);
#17641=DIRECTION('',(0,0,-1));
#17642=DIRECTION('',(0.7730184910576299,0.6343834900775595,0));
#17643=DIRECTION('',(-0.17234655008740887,-0.14143750403394464,0.974829266654226));
#17644=FACE_SURFACE('',(#17649),#17645,.T.);
#17645=PLANE('',#17646);
#17646=AXIS2_PLACEMENT_3D('',#906,#17647,#17648);
#17647=DIRECTION('',(0.6343834900775593,-0.7730184910576298,0));
#17648=DIRECTION('',(0.17234655008740887,0.14143750403394464,-0.974829266654226));
#17649=FACE_BOUND('',#17650,.T.);
#17650=EDGE_LOOP('',(#17651,#17652,#17653));
#17651=ORIENTED_EDGE('',*,*,#17654,.T.);
#17652=ORIENTED_EDGE('',*,*,#17655,.T.);
#17653=ORIENTED_EDGE('',*,*,#17656,.T.);
#17654=EDGE_CURVE('',#907,#867,#17657,.F.);
#17655=EDGE_CURVE('',#867,#909,#17658,.T.);
#17656=EDGE_CURVE('',#909,#907,#17659,.T.);
#17657=LINE('',#906,#17660);
#17658=LINE('',#866,#17661);
#17659=LINE('',#908,#17662);
#17660=VECTOR('',#17663,1.0);
#17661=VECTOR('',#17664,1.0);
#17662=VECTOR('',#17665,1.0);
#17663=DIRECTION('',(0.17234655008740887,0.14143750403394464,-0.974829266654226));
#17664=DIRECTION('',(0,0,1));
#17665=DIRECTION('',(-0.7730184910576299,-0.6343834900775595,0));
#17666=FACE_SURFACE('',(#17671),#17667,.T.);
#17667=PLANE('',#17668);
#17668=AXIS2_PLACEMENT_3D('',#908,#17669,#17670);
#17669=DIRECTION('',(0.4714020993789887,-0.8819183979831027,0));
#17670=DIRECTION('',(0,0,-1));
#17671=FACE_BOUND('',#17672,.T.);
#17672=EDGE_LOOP('',(#17673,#17674,#17675));
#17673=ORIENTED_EDGE('',*,*,#17676,.T.);
#17674=ORIENTED_EDGE('',*,*,#17677,.T.);
#17675=ORIENTED_EDGE('',*,*,#17678,.T.);
#17676=EDGE_CURVE('',#909,#867,#17679,.F.);
#17677=EDGE_CURVE('',#867,#865,#17680,.T.);
#17678=EDGE_CURVE('',#865,#909,#17681,.T.);
#17679=LINE('',#908,#17682);
#17680=LINE('',#866,#17683);
#17681=LINE('',#864,#17684);
#17682=VECTOR('',#17685,1.0);
#17683=VECTOR('',#17686,1.0);
#17684=VECTOR('',#17687,1.0);
#17685=DIRECTION('',(0,0,-1));
#17686=DIRECTION('',(0.8819183979831026,0.47140209937898864,0));
#17687=DIRECTION('',(-0.19662287838923953,-0.10509865523907914,0.9748300961505382));
#17688=FACE_SURFACE('',(#17693),#17689,.T.);
#17689=PLANE('',#17690);
#17690=AXIS2_PLACEMENT_3D('',#908,#17691,#17692);
#17691=DIRECTION('',(0.4714020993789887,-0.8819183979831027,0));
#17692=DIRECTION('',(0.19662287838923953,0.10509865523907914,-0.9748300961505382));
#17693=FACE_BOUND('',#17694,.T.);
#17694=EDGE_LOOP('',(#17695,#17696,#17697));
#17695=ORIENTED_EDGE('',*,*,#17698,.T.);
#17696=ORIENTED_EDGE('',*,*,#17699,.T.);
#17697=ORIENTED_EDGE('',*,*,#17700,.T.);
#17698=EDGE_CURVE('',#909,#865,#17701,.F.);
#17699=EDGE_CURVE('',#865,#911,#17702,.T.);
#17700=EDGE_CURVE('',#911,#909,#17703,.T.);
#17701=LINE('',#908,#17704);
#17702=LINE('',#864,#17705);
#17703=LINE('',#910,#17706);
#17704=VECTOR('',#17707,1.0);
#17705=VECTOR('',#17708,1.0);
#17706=VECTOR('',#17709,1.0);
#17707=DIRECTION('',(0.19662287838923953,0.10509865523907914,-0.9748300961505382));
#17708=DIRECTION('',(0,0,1));
#17709=DIRECTION('',(-0.8819183979831026,-0.47140209937898864,0));
#17710=FACE_SURFACE('',(#17715),#17711,.T.);
#17711=PLANE('',#17712);
#17712=AXIS2_PLACEMENT_3D('',#910,#17713,#17714);
#17713=DIRECTION('',(0.2902856049204254,-0.9569400543273244,0));
#17714=DIRECTION('',(0,0,-1));
#17715=FACE_BOUND('',#17716,.T.);
#17716=EDGE_LOOP('',(#17717,#17718,#17719));
#17717=ORIENTED_EDGE('',*,*,#17720,.T.);
#17718=ORIENTED_EDGE('',*,*,#17721,.T.);
#17719=ORIENTED_EDGE('',*,*,#17722,.T.);
#17720=EDGE_CURVE('',#911,#865,#17723,.F.);
#17721=EDGE_CURVE('',#865,#861,#17724,.T.);
#17722=EDGE_CURVE('',#861,#911,#17725,.T.);
#17723=LINE('',#910,#17726);
#17724=LINE('',#864,#17727);
#17725=LINE('',#860,#17728);
#17726=VECTOR('',#17729,1.0);
#17727=VECTOR('',#17730,1.0);
#17728=VECTOR('',#17731,1.0);
#17729=DIRECTION('',(0,0,-1));
#17730=DIRECTION('',(0.9569400543273244,0.2902856049204254,0));
#17731=DIRECTION('',(-0.21334830485019898,-0.06471872658284958,0.9748302350907264));
#17732=FACE_SURFACE('',(#17737),#17733,.T.);
#17733=PLANE('',#17734);
#17734=AXIS2_PLACEMENT_3D('',#910,#17735,#17736);
#17735=DIRECTION('',(0.2902856049204254,-0.9569400543273244,0));
#17736=DIRECTION('',(0.21334830485019898,0.06471872658284958,-0.9748302350907264));
#17737=FACE_BOUND('',#17738,.T.);
#17738=EDGE_LOOP('',(#17739,#17740,#17741));
#17739=ORIENTED_EDGE('',*,*,#17742,.T.);
#17740=ORIENTED_EDGE('',*,*,#17743,.T.);
#17741=ORIENTED_EDGE('',*,*,#17744,.T.);
#17742=EDGE_CURVE('',#911,#861,#17745,.F.);
#17743=EDGE_CURVE('',#861,#913,#17746,.T.);
#17744=EDGE_CURVE('',#913,#911,#17747,.T.);
#17745=LINE('',#910,#17748);
#17746=LINE('',#860,#17749);
#17747=LINE('',#912,#17750);
#17748=VECTOR('',#17751,1.0);
#17749=VECTOR('',#17752,1.0);
#17750=VECTOR('',#17753,1.0);
#17751=DIRECTION('',(0.21334830485019898,0.06471872658284958,-0.9748302350907264));
#17752=DIRECTION('',(0,0,1));
#17753=DIRECTION('',(-0.9569400543273244,-0.2902856049204254,0));
#17754=FACE_SURFACE('',(#17759),#17755,.T.);
#17755=PLANE('',#17756);
#17756=AXIS2_PLACEMENT_3D('',#912,#17757,#17758);
#17757=DIRECTION('',(0.09801374574605232,-0.9951850610036448,0));
#17758=DIRECTION('',(0,0,-1));
#17759=FACE_BOUND('',#17760,.T.);
#17760=EDGE_LOOP('',(#17761,#17762,#17763));
#17761=ORIENTED_EDGE('',*,*,#17764,.T.);
#17762=ORIENTED_EDGE('',*,*,#17765,.T.);
#17763=ORIENTED_EDGE('',*,*,#17766,.T.);
#17764=EDGE_CURVE('',#913,#861,#17767,.F.);
#17765=EDGE_CURVE('',#861,#859,#17768,.T.);
#17766=EDGE_CURVE('',#859,#913,#17769,.T.);
#17767=LINE('',#912,#17770);
#17768=LINE('',#860,#17771);
#17769=LINE('',#858,#17772);
#17770=VECTOR('',#17773,1.0);
#17771=VECTOR('',#17774,1.0);
#17772=VECTOR('',#17775,1.0);
#17773=DIRECTION('',(0,0,-1));
#17774=DIRECTION('',(0.9951850610036447,0.09801374574605232,0));
#17775=DIRECTION('',(-0.2218769991207759,-0.02185221285053148,0.9748297687569324));
#17776=FACE_SURFACE('',(#17781),#17777,.T.);
#17777=PLANE('',#17778);
#17778=AXIS2_PLACEMENT_3D('',#912,#17779,#17780);
#17779=DIRECTION('',(0.09801374574605232,-0.9951850610036448,0));
#17780=DIRECTION('',(0.2218769991207759,0.02185221285053148,-0.9748297687569324));
#17781=FACE_BOUND('',#17782,.T.);
#17782=EDGE_LOOP('',(#17783,#17784,#17785));
#17783=ORIENTED_EDGE('',*,*,#17786,.T.);
#17784=ORIENTED_EDGE('',*,*,#17787,.T.);
#17785=ORIENTED_EDGE('',*,*,#17788,.T.);
#17786=EDGE_CURVE('',#913,#859,#17789,.F.);
#17787=EDGE_CURVE('',#859,#883,#17790,.T.);
#17788=EDGE_CURVE('',#883,#913,#17791,.T.);
#17789=LINE('',#912,#17792);
#17790=LINE('',#858,#17793);
#17791=LINE('',#882,#17794);
#17792=VECTOR('',#17795,1.0);
#17793=VECTOR('',#17796,1.0);
#17794=VECTOR('',#17797,1.0);
#17795=DIRECTION('',(0.2218769991207759,0.02185221285053148,-0.9748297687569324));
#17796=DIRECTION('',(0,0,1));
#17797=DIRECTION('',(-0.9951850610036447,-0.09801374574605232,0));
#17798=FACE_SURFACE('',(#17803),#17799,.T.);
#17799=PLANE('',#17800);
#17800=AXIS2_PLACEMENT_3D('',#568,#17801,#17802);
#17801=DIRECTION('',(1,0,0));
#17802=DIRECTION('',(0,0,-1));
#17803=FACE_BOUND('',#17804,.T.);
#17804=EDGE_LOOP('',(#17805,#17806,#17807));
#17805=ORIENTED_EDGE('',*,*,#17808,.T.);
#17806=ORIENTED_EDGE('',*,*,#17809,.T.);
#17807=ORIENTED_EDGE('',*,*,#17810,.T.);
#17808=EDGE_CURVE('',#569,#279,#17811,.F.);
#17809=EDGE_CURVE('',#279,#277,#17812,.T.);
#17810=EDGE_CURVE('',#277,#569,#17813,.T.);
#17811=LINE('',#568,#17814);
#17812=LINE('',#278,#17815);
#17813=LINE('',#276,#17816);
#17814=VECTOR('',#17817,1.0);
#17815=VECTOR('',#17818,1.0);
#17816=VECTOR('',#17819,1.0);
#17817=DIRECTION('',(0,0,-1));
#17818=DIRECTION('',(0,1,0));
#17819=DIRECTION('',(0,-0.964994191141416,0.2622712547408202));
#17820=FACE_SURFACE('',(#17825),#17821,.T.);
#17821=PLANE('',#17822);
#17822=AXIS2_PLACEMENT_3D('',#568,#17823,#17824);
#17823=DIRECTION('',(1,-0,0));
#17824=DIRECTION('',(0,0.964994191141416,-0.2622712547408202));
#17825=FACE_BOUND('',#17826,.T.);
#17826=EDGE_LOOP('',(#17827,#17828,#17829));
#17827=ORIENTED_EDGE('',*,*,#17830,.T.);
#17828=ORIENTED_EDGE('',*,*,#17831,.T.);
#17829=ORIENTED_EDGE('',*,*,#17832,.T.);
#17830=EDGE_CURVE('',#569,#277,#17833,.F.);
#17831=EDGE_CURVE('',#277,#561,#17834,.T.);
#17832=EDGE_CURVE('',#561,#569,#17835,.T.);
#17833=LINE('',#568,#17836);
#17834=LINE('',#276,#17837);
#17835=LINE('',#560,#17838);
#17836=VECTOR('',#17839,1.0);
#17837=VECTOR('',#17840,1.0);
#17838=VECTOR('',#17841,1.0);
#17839=DIRECTION('',(0,0.964994191141416,-0.2622712547408202));
#17840=DIRECTION('',(0,0,1));
#17841=DIRECTION('',(0,-1,0));
#17842=FACE_SURFACE('',(#17847),#17843,.T.);
#17843=PLANE('',#17844);
#17844=AXIS2_PLACEMENT_3D('',#560,#17845,#17846);
#17845=DIRECTION('',(0,-1,0));
#17846=DIRECTION('',(0,0,-1));
#17847=FACE_BOUND('',#17848,.T.);
#17848=EDGE_LOOP('',(#17849,#17850,#17851));
#17849=ORIENTED_EDGE('',*,*,#17852,.T.);
#17850=ORIENTED_EDGE('',*,*,#17853,.T.);
#17851=ORIENTED_EDGE('',*,*,#17854,.T.);
#17852=EDGE_CURVE('',#561,#277,#17855,.F.);
#17853=EDGE_CURVE('',#277,#863,#17856,.T.);
#17854=EDGE_CURVE('',#863,#561,#17857,.T.);
#17855=LINE('',#560,#17858);
#17856=LINE('',#276,#17859);
#17857=LINE('',#862,#17860);
#17858=VECTOR('',#17861,1.0);
#17859=VECTOR('',#17862,1.0);
#17860=VECTOR('',#17863,1.0);
#17861=DIRECTION('',(0,0,-1));
#17862=DIRECTION('',(1,0,0));
#17863=DIRECTION('',(-0.9933303567160734,0,0.11530308940491736));
#17864=FACE_SURFACE('',(#17869),#17865,.T.);
#17865=PLANE('',#17866);
#17866=AXIS2_PLACEMENT_3D('',#560,#17867,#17868);
#17867=DIRECTION('',(0,-1,0));
#17868=DIRECTION('',(0.9933303567160734,0,-0.11530308940491736));
#17869=FACE_BOUND('',#17870,.T.);
#17870=EDGE_LOOP('',(#17871,#17872,#17873));
#17871=ORIENTED_EDGE('',*,*,#17874,.T.);
#17872=ORIENTED_EDGE('',*,*,#17875,.T.);
#17873=ORIENTED_EDGE('',*,*,#17876,.T.);
#17874=EDGE_CURVE('',#561,#863,#17877,.F.);
#17875=EDGE_CURVE('',#863,#915,#17878,.T.);
#17876=EDGE_CURVE('',#915,#561,#17879,.T.);
#17877=LINE('',#560,#17880);
#17878=LINE('',#862,#17881);
#17879=LINE('',#914,#17882);
#17880=VECTOR('',#17883,1.0);
#17881=VECTOR('',#17884,1.0);
#17882=VECTOR('',#17885,1.0);
#17883=DIRECTION('',(0.9933303567160734,0,-0.11530308940491736));
#17884=DIRECTION('',(0,0,1));
#17885=DIRECTION('',(-1,0,0));
#17886=FACE_SURFACE('',(#17891),#17887,.T.);
#17887=PLANE('',#17888);
#17888=AXIS2_PLACEMENT_3D('',#572,#17889,#17890);
#17889=DIRECTION('',(-1,0,0));
#17890=DIRECTION('',(0,1,0));
#17891=FACE_BOUND('',#17892,.T.);
#17892=EDGE_LOOP('',(#17893,#17894,#17895));
#17893=ORIENTED_EDGE('',*,*,#17896,.T.);
#17894=ORIENTED_EDGE('',*,*,#17897,.T.);
#17895=ORIENTED_EDGE('',*,*,#17898,.T.);
#17896=EDGE_CURVE('',#573,#915,#17899,.F.);
#17897=EDGE_CURVE('',#915,#863,#17900,.T.);
#17898=EDGE_CURVE('',#863,#573,#17901,.T.);
#17899=LINE('',#572,#17902);
#17900=LINE('',#914,#17903);
#17901=LINE('',#862,#17904);
#17902=VECTOR('',#17905,1.0);
#17903=VECTOR('',#17906,1.0);
#17904=VECTOR('',#17907,1.0);
#17905=DIRECTION('',(0,1,0));
#17906=DIRECTION('',(0,0,-1));
#17907=DIRECTION('',(0,-0.8677276369713152,0.4970399863554011));
#17908=FACE_SURFACE('',(#17913),#17909,.T.);
#17909=PLANE('',#17910);
#17910=AXIS2_PLACEMENT_3D('',#254,#17911,#17912);
#17911=DIRECTION('',(-1,0,0));
#17912=DIRECTION('',(0,-1,0));
#17913=FACE_BOUND('',#17914,.T.);
#17914=EDGE_LOOP('',(#17915,#17916,#17917));
#17915=ORIENTED_EDGE('',*,*,#17918,.T.);
#17916=ORIENTED_EDGE('',*,*,#17919,.T.);
#17917=ORIENTED_EDGE('',*,*,#17920,.T.);
#17918=EDGE_CURVE('',#255,#269,#17921,.F.);
#17919=EDGE_CURVE('',#269,#575,#17922,.T.);
#17920=EDGE_CURVE('',#575,#255,#17923,.T.);
#17921=LINE('',#254,#17924);
#17922=LINE('',#268,#17925);
#17923=LINE('',#574,#17926);
#17924=VECTOR('',#17927,1.0);
#17925=VECTOR('',#17928,1.0);
#17926=VECTOR('',#17929,1.0);
#17927=DIRECTION('',(0,-1,0));
#17928=DIRECTION('',(0,0,1));
#17929=DIRECTION('',(0,0.9146582880429575,-0.4042279259456556));
#17930=FACE_SURFACE('',(#17935),#17931,.T.);
#17931=PLANE('',#17932);
#17932=AXIS2_PLACEMENT_3D('',#572,#17933,#17934);
#17933=DIRECTION('',(-1,0,0));
#17934=DIRECTION('',(0,0.8677276369713152,-0.4970399863554011));
#17935=FACE_BOUND('',#17936,.T.);
#17936=EDGE_LOOP('',(#17937,#17938,#17939));
#17937=ORIENTED_EDGE('',*,*,#17940,.T.);
#17938=ORIENTED_EDGE('',*,*,#17941,.T.);
#17939=ORIENTED_EDGE('',*,*,#17942,.T.);
#17940=EDGE_CURVE('',#573,#863,#17943,.F.);
#17941=EDGE_CURVE('',#863,#255,#17944,.T.);
#17942=EDGE_CURVE('',#255,#573,#17945,.T.);
#17943=LINE('',#572,#17946);
#17944=LINE('',#862,#17947);
#17945=LINE('',#254,#17948);
#17946=VECTOR('',#17949,1.0);
#17947=VECTOR('',#17950,1.0);
#17948=VECTOR('',#17951,1.0);
#17949=DIRECTION('',(0,0.8677276369713152,-0.4970399863554011));
#17950=DIRECTION('',(0,-1,0));
#17951=DIRECTION('',(0,-0.3126448931723265,0.949870080997009));
#17952=FACE_SURFACE('',(#17957),#17953,.T.);
#17953=PLANE('',#17954);
#17954=AXIS2_PLACEMENT_3D('',#572,#17955,#17956);
#17955=DIRECTION('',(-1,-0,-0));
#17956=DIRECTION('',(0,0.3126448931723265,-0.949870080997009));
#17957=FACE_BOUND('',#17958,.T.);
#17958=EDGE_LOOP('',(#17959,#17960,#17961));
#17959=ORIENTED_EDGE('',*,*,#17962,.T.);
#17960=ORIENTED_EDGE('',*,*,#17963,.T.);
#17961=ORIENTED_EDGE('',*,*,#17964,.T.);
#17962=EDGE_CURVE('',#573,#255,#17965,.F.);
#17963=EDGE_CURVE('',#255,#575,#17966,.T.);
#17964=EDGE_CURVE('',#575,#573,#17967,.T.);
#17965=LINE('',#572,#17968);
#17966=LINE('',#254,#17969);
#17967=LINE('',#574,#17970);
#17968=VECTOR('',#17971,1.0);
#17969=VECTOR('',#17972,1.0);
#17970=VECTOR('',#17973,1.0);
#17971=DIRECTION('',(0,0.3126448931723265,-0.949870080997009));
#17972=DIRECTION('',(0,-0.9146582880429575,0.4042279259456556));
#17973=DIRECTION('',(0,1,0));
#17974=FACE_SURFACE('',(#17979),#17975,.T.);
#17975=PLANE('',#17976);
#17976=AXIS2_PLACEMENT_3D('',#268,#17977,#17978);
#17977=DIRECTION('',(0,1,0));
#17978=DIRECTION('',(-1,0,0));
#17979=FACE_BOUND('',#17980,.T.);
#17980=EDGE_LOOP('',(#17981,#17982,#17983));
#17981=ORIENTED_EDGE('',*,*,#17984,.T.);
#17982=ORIENTED_EDGE('',*,*,#17985,.T.);
#17983=ORIENTED_EDGE('',*,*,#17986,.T.);
#17984=EDGE_CURVE('',#269,#279,#17987,.F.);
#17985=EDGE_CURVE('',#279,#569,#17988,.T.);
#17986=EDGE_CURVE('',#569,#269,#17989,.T.);
#17987=LINE('',#268,#17990);
#17988=LINE('',#278,#17991);
#17989=LINE('',#568,#17992);
#17990=VECTOR('',#17993,1.0);
#17991=VECTOR('',#17994,1.0);
#17992=VECTOR('',#17995,1.0);
#17993=DIRECTION('',(-1,0,0));
#17994=DIRECTION('',(0,0,1));
#17995=DIRECTION('',(0.9933303567160734,0,-0.11530308940491736));
#17996=FACE_SURFACE('',(#18001),#17997,.T.);
#17997=PLANE('',#17998);
#17998=AXIS2_PLACEMENT_3D('',#268,#17999,#18000);
#17999=DIRECTION('',(0,1,-0));
#18000=DIRECTION('',(-0.9933303567160734,0,0.11530308940491736));
#18001=FACE_BOUND('',#18002,.T.);
#18002=EDGE_LOOP('',(#18003,#18004,#18005));
#18003=ORIENTED_EDGE('',*,*,#18006,.T.);
#18004=ORIENTED_EDGE('',*,*,#18007,.T.);
#18005=ORIENTED_EDGE('',*,*,#18008,.T.);
#18006=EDGE_CURVE('',#269,#569,#18009,.F.);
#18007=EDGE_CURVE('',#569,#575,#18010,.T.);
#18008=EDGE_CURVE('',#575,#269,#18011,.T.);
#18009=LINE('',#268,#18012);
#18010=LINE('',#568,#18013);
#18011=LINE('',#574,#18014);
#18012=VECTOR('',#18015,1.0);
#18013=VECTOR('',#18016,1.0);
#18014=VECTOR('',#18017,1.0);
#18015=DIRECTION('',(-0.9933303567160734,0,0.11530308940491736));
#18016=DIRECTION('',(1,0,0));
#18017=DIRECTION('',(0,0,-1));
#18018=FACE_SURFACE('',(#18023),#18019,.T.);
#18019=PLANE('',#18020);
#18020=AXIS2_PLACEMENT_3D('',#186,#18021,#18022);
#18021=DIRECTION('',(0,-1,0));
#18022=DIRECTION('',(0,0,-1));
#18023=FACE_BOUND('',#18024,.T.);
#18024=EDGE_LOOP('',(#18025,#18026,#18027));
#18025=ORIENTED_EDGE('',*,*,#18028,.T.);
#18026=ORIENTED_EDGE('',*,*,#18029,.T.);
#18027=ORIENTED_EDGE('',*,*,#18030,.T.);
#18028=EDGE_CURVE('',#187,#493,#18031,.F.);
#18029=EDGE_CURVE('',#493,#491,#18032,.T.);
#18030=EDGE_CURVE('',#491,#187,#18033,.T.);
#18031=LINE('',#186,#18034);
#18032=LINE('',#492,#18035);
#18033=LINE('',#490,#18036);
#18034=VECTOR('',#18037,1.0);
#18035=VECTOR('',#18038,1.0);
#18036=VECTOR('',#18039,1.0);
#18037=DIRECTION('',(0,0,-1));
#18038=DIRECTION('',(1,0,0));
#18039=DIRECTION('',(-0.25766364468096886,0,0.9662346745018622));
#18040=FACE_SURFACE('',(#18045),#18041,.T.);
#18041=PLANE('',#18042);
#18042=AXIS2_PLACEMENT_3D('',#186,#18043,#18044);
#18043=DIRECTION('',(0,-1,0));
#18044=DIRECTION('',(0.25766364468096886,0,-0.9662346745018622));
#18045=FACE_BOUND('',#18046,.T.);
#18046=EDGE_LOOP('',(#18047,#18048,#18049));
#18047=ORIENTED_EDGE('',*,*,#18050,.T.);
#18048=ORIENTED_EDGE('',*,*,#18051,.T.);
#18049=ORIENTED_EDGE('',*,*,#18052,.T.);
#18050=EDGE_CURVE('',#187,#491,#18053,.F.);
#18051=EDGE_CURVE('',#491,#189,#18054,.T.);
#18052=EDGE_CURVE('',#189,#187,#18055,.T.);
#18053=LINE('',#186,#18056);
#18054=LINE('',#490,#18057);
#18055=LINE('',#188,#18058);
#18056=VECTOR('',#18059,1.0);
#18057=VECTOR('',#18060,1.0);
#18058=VECTOR('',#18061,1.0);
#18059=DIRECTION('',(0.25766364468096886,0,-0.9662346745018622));
#18060=DIRECTION('',(0,0,1));
#18061=DIRECTION('',(-1,0,0));
#18062=FACE_SURFACE('',(#18067),#18063,.T.);
#18063=PLANE('',#18064);
#18064=AXIS2_PLACEMENT_3D('',#490,#18065,#18066);
#18065=DIRECTION('',(-1,0,0));
#18066=DIRECTION('',(0,-1,0));
#18067=FACE_BOUND('',#18068,.T.);
#18068=EDGE_LOOP('',(#18069,#18070,#18071));
#18069=ORIENTED_EDGE('',*,*,#18072,.T.);
#18070=ORIENTED_EDGE('',*,*,#18073,.T.);
#18071=ORIENTED_EDGE('',*,*,#18074,.T.);
#18072=EDGE_CURVE('',#491,#499,#18075,.F.);
#18073=EDGE_CURVE('',#499,#191,#18076,.T.);
#18074=EDGE_CURVE('',#191,#491,#18077,.T.);
#18075=LINE('',#490,#18078);
#18076=LINE('',#498,#18079);
#18077=LINE('',#190,#18080);
#18078=VECTOR('',#18081,1.0);
#18079=VECTOR('',#18082,1.0);
#18080=VECTOR('',#18083,1.0);
#18081=DIRECTION('',(0,-1,0));
#18082=DIRECTION('',(0,0,1));
#18083=DIRECTION('',(0,0.71851568028205,-0.6955107599374887));
#18084=FACE_SURFACE('',(#18089),#18085,.T.);
#18085=PLANE('',#18086);
#18086=AXIS2_PLACEMENT_3D('',#490,#18087,#18088);
#18087=DIRECTION('',(-1,0,0));
#18088=DIRECTION('',(0,-0.71851568028205,0.6955107599374887));
#18089=FACE_BOUND('',#18090,.T.);
#18090=EDGE_LOOP('',(#18091,#18092,#18093));
#18091=ORIENTED_EDGE('',*,*,#18094,.T.);
#18092=ORIENTED_EDGE('',*,*,#18095,.T.);
#18093=ORIENTED_EDGE('',*,*,#18096,.T.);
#18094=EDGE_CURVE('',#491,#191,#18097,.F.);
#18095=EDGE_CURVE('',#191,#189,#18098,.T.);
#18096=EDGE_CURVE('',#189,#491,#18099,.T.);
#18097=LINE('',#490,#18100);
#18098=LINE('',#190,#18101);
#18099=LINE('',#188,#18102);
#18100=VECTOR('',#18103,1.0);
#18101=VECTOR('',#18104,1.0);
#18102=VECTOR('',#18105,1.0);
#18103=DIRECTION('',(0,-0.71851568028205,0.6955107599374887));
#18104=DIRECTION('',(0,1,0));
#18105=DIRECTION('',(0,0,-1));
#18106=FACE_SURFACE('',(#18111),#18107,.T.);
#18107=PLANE('',#18108);
#18108=AXIS2_PLACEMENT_3D('',#166,#18109,#18110);
#18109=DIRECTION('',(0,-1,0));
#18110=DIRECTION('',(0,0,-1));
#18111=FACE_BOUND('',#18112,.T.);
#18112=EDGE_LOOP('',(#18113,#18114,#18115));
#18113=ORIENTED_EDGE('',*,*,#18116,.T.);
#18114=ORIENTED_EDGE('',*,*,#18117,.T.);
#18115=ORIENTED_EDGE('',*,*,#18118,.T.);
#18116=EDGE_CURVE('',#167,#473,#18119,.F.);
#18117=EDGE_CURVE('',#473,#471,#18120,.T.);
#18118=EDGE_CURVE('',#471,#167,#18121,.T.);
#18119=LINE('',#166,#18122);
#18120=LINE('',#472,#18123);
#18121=LINE('',#470,#18124);
#18122=VECTOR('',#18125,1.0);
#18123=VECTOR('',#18126,1.0);
#18124=VECTOR('',#18127,1.0);
#18125=DIRECTION('',(0,0,-1));
#18126=DIRECTION('',(1,0,0));
#18127=DIRECTION('',(-0.2582645554214724,0,0.9660742307985186));
#18128=FACE_SURFACE('',(#18133),#18129,.T.);
#18129=PLANE('',#18130);
#18130=AXIS2_PLACEMENT_3D('',#166,#18131,#18132);
#18131=DIRECTION('',(0,-1,0));
#18132=DIRECTION('',(0.2582645554214724,0,-0.9660742307985186));
#18133=FACE_BOUND('',#18134,.T.);
#18134=EDGE_LOOP('',(#18135,#18136,#18137));
#18135=ORIENTED_EDGE('',*,*,#18138,.T.);
#18136=ORIENTED_EDGE('',*,*,#18139,.T.);
#18137=ORIENTED_EDGE('',*,*,#18140,.T.);
#18138=EDGE_CURVE('',#167,#471,#18141,.F.);
#18139=EDGE_CURVE('',#471,#169,#18142,.T.);
#18140=EDGE_CURVE('',#169,#167,#18143,.T.);
#18141=LINE('',#166,#18144);
#18142=LINE('',#470,#18145);
#18143=LINE('',#168,#18146);
#18144=VECTOR('',#18147,1.0);
#18145=VECTOR('',#18148,1.0);
#18146=VECTOR('',#18149,1.0);
#18147=DIRECTION('',(0.2582645554214724,0,-0.9660742307985186));
#18148=DIRECTION('',(0,0,1));
#18149=DIRECTION('',(-1,0,0));
#18150=FACE_SURFACE('',(#18155),#18151,.T.);
#18151=PLANE('',#18152);
#18152=AXIS2_PLACEMENT_3D('',#84,#18153,#18154);
#18153=DIRECTION('',(0,-1,0));
#18154=DIRECTION('',(0,0,-1));
#18155=FACE_BOUND('',#18156,.T.);
#18156=EDGE_LOOP('',(#18157,#18158,#18159));
#18157=ORIENTED_EDGE('',*,*,#18160,.T.);
#18158=ORIENTED_EDGE('',*,*,#18161,.T.);
#18159=ORIENTED_EDGE('',*,*,#18162,.T.);
#18160=EDGE_CURVE('',#85,#365,#18163,.F.);
#18161=EDGE_CURVE('',#365,#363,#18164,.T.);
#18162=EDGE_CURVE('',#363,#85,#18165,.T.);
#18163=LINE('',#84,#18166);
#18164=LINE('',#364,#18167);
#18165=LINE('',#362,#18168);
#18166=VECTOR('',#18169,1.0);
#18167=VECTOR('',#18170,1.0);
#18168=VECTOR('',#18171,1.0);
#18169=DIRECTION('',(0,0,-1));
#18170=DIRECTION('',(1,0,0));
#18171=DIRECTION('',(-0.2582645554214724,0,0.9660742307985186));
#18172=FACE_SURFACE('',(#18177),#18173,.T.);
#18173=PLANE('',#18174);
#18174=AXIS2_PLACEMENT_3D('',#84,#18175,#18176);
#18175=DIRECTION('',(0,-1,0));
#18176=DIRECTION('',(0.2582645554214724,0,-0.9660742307985186));
#18177=FACE_BOUND('',#18178,.T.);
#18178=EDGE_LOOP('',(#18179,#18180,#18181));
#18179=ORIENTED_EDGE('',*,*,#18182,.T.);
#18180=ORIENTED_EDGE('',*,*,#18183,.T.);
#18181=ORIENTED_EDGE('',*,*,#18184,.T.);
#18182=EDGE_CURVE('',#85,#363,#18185,.F.);
#18183=EDGE_CURVE('',#363,#87,#18186,.T.);
#18184=EDGE_CURVE('',#87,#85,#18187,.T.);
#18185=LINE('',#84,#18188);
#18186=LINE('',#362,#18189);
#18187=LINE('',#86,#18190);
#18188=VECTOR('',#18191,1.0);
#18189=VECTOR('',#18192,1.0);
#18190=VECTOR('',#18193,1.0);
#18191=DIRECTION('',(0.2582645554214724,0,-0.9660742307985186));
#18192=DIRECTION('',(0,0,1));
#18193=DIRECTION('',(-1,0,0));
#18194=FACE_SURFACE('',(#18199),#18195,.T.);
#18195=PLANE('',#18196);
#18196=AXIS2_PLACEMENT_3D('',#82,#18197,#18198);
#18197=DIRECTION('',(0,-1,0));
#18198=DIRECTION('',(0,0,-1));
#18199=FACE_BOUND('',#18200,.T.);
#18200=EDGE_LOOP('',(#18201,#18202,#18203));
#18201=ORIENTED_EDGE('',*,*,#18204,.T.);
#18202=ORIENTED_EDGE('',*,*,#18205,.T.);
#18203=ORIENTED_EDGE('',*,*,#18206,.T.);
#18204=EDGE_CURVE('',#83,#389,#18207,.F.);
#18205=EDGE_CURVE('',#389,#387,#18208,.T.);
#18206=EDGE_CURVE('',#387,#83,#18209,.T.);
#18207=LINE('',#82,#18210);
#18208=LINE('',#388,#18211);
#18209=LINE('',#386,#18212);
#18210=VECTOR('',#18213,1.0);
#18211=VECTOR('',#18214,1.0);
#18212=VECTOR('',#18215,1.0);
#18213=DIRECTION('',(0,0,-1));
#18214=DIRECTION('',(1,0,0));
#18215=DIRECTION('',(-0.25766364468096886,0,0.9662346745018622));
#18216=FACE_SURFACE('',(#18221),#18217,.T.);
#18217=PLANE('',#18218);
#18218=AXIS2_PLACEMENT_3D('',#82,#18219,#18220);
#18219=DIRECTION('',(0,-1,0));
#18220=DIRECTION('',(0.25766364468096886,0,-0.9662346745018622));
#18221=FACE_BOUND('',#18222,.T.);
#18222=EDGE_LOOP('',(#18223,#18224,#18225));
#18223=ORIENTED_EDGE('',*,*,#18226,.T.);
#18224=ORIENTED_EDGE('',*,*,#18227,.T.);
#18225=ORIENTED_EDGE('',*,*,#18228,.T.);
#18226=EDGE_CURVE('',#83,#387,#18229,.F.);
#18227=EDGE_CURVE('',#387,#79,#18230,.T.);
#18228=EDGE_CURVE('',#79,#83,#18231,.T.);
#18229=LINE('',#82,#18232);
#18230=LINE('',#386,#18233);
#18231=LINE('',#78,#18234);
#18232=VECTOR('',#18235,1.0);
#18233=VECTOR('',#18236,1.0);
#18234=VECTOR('',#18237,1.0);
#18235=DIRECTION('',(0.25766364468096886,0,-0.9662346745018622));
#18236=DIRECTION('',(0,0,1));
#18237=DIRECTION('',(-1,0,0));
#18238=FACE_SURFACE('',(#18243),#18239,.T.);
#18239=PLANE('',#18240);
#18240=AXIS2_PLACEMENT_3D('',#104,#18241,#18242);
#18241=DIRECTION('',(0,-1,0));
#18242=DIRECTION('',(0,0,-1));
#18243=FACE_BOUND('',#18244,.T.);
#18244=EDGE_LOOP('',(#18245,#18246,#18247));
#18245=ORIENTED_EDGE('',*,*,#18248,.T.);
#18246=ORIENTED_EDGE('',*,*,#18249,.T.);
#18247=ORIENTED_EDGE('',*,*,#18250,.T.);
#18248=EDGE_CURVE('',#105,#373,#18251,.F.);
#18249=EDGE_CURVE('',#373,#371,#18252,.T.);
#18250=EDGE_CURVE('',#371,#105,#18253,.T.);
#18251=LINE('',#104,#18254);
#18252=LINE('',#372,#18255);
#18253=LINE('',#370,#18256);
#18254=VECTOR('',#18257,1.0);
#18255=VECTOR('',#18258,1.0);
#18256=VECTOR('',#18259,1.0);
#18257=DIRECTION('',(0,0,-1));
#18258=DIRECTION('',(1,0,0));
#18259=DIRECTION('',(-0.9970241180532491,0,0.07709025891862482));
#18260=FACE_SURFACE('',(#18265),#18261,.T.);
#18261=PLANE('',#18262);
#18262=AXIS2_PLACEMENT_3D('',#104,#18263,#18264);
#18263=DIRECTION('',(0,-1,0));
#18264=DIRECTION('',(0.9970241180532491,0,-0.07709025891862482));
#18265=FACE_BOUND('',#18266,.T.);
#18266=EDGE_LOOP('',(#18267,#18268,#18269));
#18267=ORIENTED_EDGE('',*,*,#18270,.T.);
#18268=ORIENTED_EDGE('',*,*,#18271,.T.);
#18269=ORIENTED_EDGE('',*,*,#18272,.T.);
#18270=EDGE_CURVE('',#105,#371,#18273,.F.);
#18271=EDGE_CURVE('',#371,#93,#18274,.T.);
#18272=EDGE_CURVE('',#93,#105,#18275,.T.);
#18273=LINE('',#104,#18276);
#18274=LINE('',#370,#18277);
#18275=LINE('',#92,#18278);
#18276=VECTOR('',#18279,1.0);
#18277=VECTOR('',#18280,1.0);
#18278=VECTOR('',#18281,1.0);
#18279=DIRECTION('',(0.9970241180532491,0,-0.07709025891862482));
#18280=DIRECTION('',(0,0,1));
#18281=DIRECTION('',(-1,0,0));
#18282=FACE_SURFACE('',(#18287),#18283,.T.);
#18283=PLANE('',#18284);
#18284=AXIS2_PLACEMENT_3D('',#144,#18285,#18286);
#18285=DIRECTION('',(1,0,0));
#18286=DIRECTION('',(0,0,-1));
#18287=FACE_BOUND('',#18288,.T.);
#18288=EDGE_LOOP('',(#18289,#18290,#18291));
#18289=ORIENTED_EDGE('',*,*,#18292,.T.);
#18290=ORIENTED_EDGE('',*,*,#18293,.T.);
#18291=ORIENTED_EDGE('',*,*,#18294,.T.);
#18292=EDGE_CURVE('',#145,#445,#18295,.F.);
#18293=EDGE_CURVE('',#445,#385,#18296,.T.);
#18294=EDGE_CURVE('',#385,#145,#18297,.T.);
#18295=LINE('',#144,#18298);
#18296=LINE('',#444,#18299);
#18297=LINE('',#384,#18300);
#18298=VECTOR('',#18301,1.0);
#18299=VECTOR('',#18302,1.0);
#18300=VECTOR('',#18303,1.0);
#18301=DIRECTION('',(0,0,-1));
#18302=DIRECTION('',(0,1,0));
#18303=DIRECTION('',(0,-0.9715221290228127,0.2369488400878581));
#18304=FACE_SURFACE('',(#18309),#18305,.T.);
#18305=PLANE('',#18306);
#18306=AXIS2_PLACEMENT_3D('',#144,#18307,#18308);
#18307=DIRECTION('',(1,-0,0));
#18308=DIRECTION('',(0,0.9715221290228127,-0.2369488400878581));
#18309=FACE_BOUND('',#18310,.T.);
#18310=EDGE_LOOP('',(#18311,#18312,#18313));
#18311=ORIENTED_EDGE('',*,*,#18314,.T.);
#18312=ORIENTED_EDGE('',*,*,#18315,.T.);
#18313=ORIENTED_EDGE('',*,*,#18316,.T.);
#18314=EDGE_CURVE('',#145,#385,#18317,.F.);
#18315=EDGE_CURVE('',#385,#123,#18318,.T.);
#18316=EDGE_CURVE('',#123,#145,#18319,.T.);
#18317=LINE('',#144,#18320);
#18318=LINE('',#384,#18321);
#18319=LINE('',#122,#18322);
#18320=VECTOR('',#18323,1.0);
#18321=VECTOR('',#18324,1.0);
#18322=VECTOR('',#18325,1.0);
#18323=DIRECTION('',(0,0.9715221290228127,-0.2369488400878581));
#18324=DIRECTION('',(0,0,1));
#18325=DIRECTION('',(0,-1,0));
#18326=FACE_SURFACE('',(#18331),#18327,.T.);
#18327=PLANE('',#18328);
#18328=AXIS2_PLACEMENT_3D('',#108,#18329,#18330);
#18329=DIRECTION('',(0,-1,0));
#18330=DIRECTION('',(0,0,-1));
#18331=FACE_BOUND('',#18332,.T.);
#18332=EDGE_LOOP('',(#18333,#18334,#18335));
#18333=ORIENTED_EDGE('',*,*,#18336,.T.);
#18334=ORIENTED_EDGE('',*,*,#18337,.T.);
#18335=ORIENTED_EDGE('',*,*,#18338,.T.);
#18336=EDGE_CURVE('',#109,#377,#18339,.F.);
#18337=EDGE_CURVE('',#377,#375,#18340,.T.);
#18338=EDGE_CURVE('',#375,#109,#18341,.T.);
#18339=LINE('',#108,#18342);
#18340=LINE('',#376,#18343);
#18341=LINE('',#374,#18344);
#18342=VECTOR('',#18345,1.0);
#18343=VECTOR('',#18346,1.0);
#18344=VECTOR('',#18347,1.0);
#18345=DIRECTION('',(0,0,-1));
#18346=DIRECTION('',(1,0,0));
#18347=DIRECTION('',(-0.6478109370243236,0,0.7618011485103365));
#18348=FACE_SURFACE('',(#18353),#18349,.T.);
#18349=PLANE('',#18350);
#18350=AXIS2_PLACEMENT_3D('',#108,#18351,#18352);
#18351=DIRECTION('',(0,-1,0));
#18352=DIRECTION('',(0.6478109370243236,0,-0.7618011485103365));
#18353=FACE_BOUND('',#18354,.T.);
#18354=EDGE_LOOP('',(#18355,#18356,#18357));
#18355=ORIENTED_EDGE('',*,*,#18358,.T.);
#18356=ORIENTED_EDGE('',*,*,#18359,.T.);
#18357=ORIENTED_EDGE('',*,*,#18360,.T.);
#18358=EDGE_CURVE('',#109,#375,#18361,.F.);
#18359=EDGE_CURVE('',#375,#111,#18362,.T.);
#18360=EDGE_CURVE('',#111,#109,#18363,.T.);
#18361=LINE('',#108,#18364);
#18362=LINE('',#374,#18365);
#18363=LINE('',#110,#18366);
#18364=VECTOR('',#18367,1.0);
#18365=VECTOR('',#18368,1.0);
#18366=VECTOR('',#18369,1.0);
#18367=DIRECTION('',(0.6478109370243236,0,-0.7618011485103365));
#18368=DIRECTION('',(0,0,1));
#18369=DIRECTION('',(-1,0,0));
#18370=FACE_SURFACE('',(#18375),#18371,.T.);
#18371=PLANE('',#18372);
#18372=AXIS2_PLACEMENT_3D('',#464,#18373,#18374);
#18373=DIRECTION('',(-1,0,0));
#18374=DIRECTION('',(0,-1,0));
#18375=FACE_BOUND('',#18376,.T.);
#18376=EDGE_LOOP('',(#18377,#18378,#18379));
#18377=ORIENTED_EDGE('',*,*,#18380,.T.);
#18378=ORIENTED_EDGE('',*,*,#18381,.T.);
#18379=ORIENTED_EDGE('',*,*,#18382,.T.);
#18380=EDGE_CURVE('',#465,#463,#18383,.F.);
#18381=EDGE_CURVE('',#463,#155,#18384,.T.);
#18382=EDGE_CURVE('',#155,#465,#18385,.T.);
#18383=LINE('',#464,#18386);
#18384=LINE('',#462,#18387);
#18385=LINE('',#154,#18388);
#18386=VECTOR('',#18389,1.0);
#18387=VECTOR('',#18390,1.0);
#18388=VECTOR('',#18391,1.0);
#18389=DIRECTION('',(0,-1,0));
#18390=DIRECTION('',(0,0,1));
#18391=DIRECTION('',(0,0.8303524794822923,-0.5572385125039451));
#18392=FACE_SURFACE('',(#18397),#18393,.T.);
#18393=PLANE('',#18394);
#18394=AXIS2_PLACEMENT_3D('',#464,#18395,#18396);
#18395=DIRECTION('',(-1,0,0));
#18396=DIRECTION('',(0,-0.8303524794822923,0.5572385125039451));
#18397=FACE_BOUND('',#18398,.T.);
#18398=EDGE_LOOP('',(#18399,#18400,#18401));
#18399=ORIENTED_EDGE('',*,*,#18402,.T.);
#18400=ORIENTED_EDGE('',*,*,#18403,.T.);
#18401=ORIENTED_EDGE('',*,*,#18404,.T.);
#18402=EDGE_CURVE('',#465,#155,#18405,.F.);
#18403=EDGE_CURVE('',#155,#163,#18406,.T.);
#18404=EDGE_CURVE('',#163,#465,#18407,.T.);
#18405=LINE('',#464,#18408);
#18406=LINE('',#154,#18409);
#18407=LINE('',#162,#18410);
#18408=VECTOR('',#18411,1.0);
#18409=VECTOR('',#18412,1.0);
#18410=VECTOR('',#18413,1.0);
#18411=DIRECTION('',(0,-0.8303524794822923,0.5572385125039451));
#18412=DIRECTION('',(0,1,0));
#18413=DIRECTION('',(0,0,-1));
#18414=FACE_SURFACE('',(#18419),#18415,.T.);
#18415=PLANE('',#18416);
#18416=AXIS2_PLACEMENT_3D('',#728,#18417,#18418);
#18417=DIRECTION('',(0,1,0));
#18418=DIRECTION('',(-1,0,0));
#18419=FACE_BOUND('',#18420,.T.);
#18420=EDGE_LOOP('',(#18421,#18422,#18423));
#18421=ORIENTED_EDGE('',*,*,#18424,.T.);
#18422=ORIENTED_EDGE('',*,*,#18425,.T.);
#18423=ORIENTED_EDGE('',*,*,#18426,.T.);
#18424=EDGE_CURVE('',#729,#265,#18427,.F.);
#18425=EDGE_CURVE('',#265,#505,#18428,.T.);
#18426=EDGE_CURVE('',#505,#729,#18429,.T.);
#18427=LINE('',#728,#18430);
#18428=LINE('',#264,#18431);
#18429=LINE('',#504,#18432);
#18430=VECTOR('',#18433,1.0);
#18431=VECTOR('',#18434,1.0);
#18432=VECTOR('',#18435,1.0);
#18433=DIRECTION('',(-1,0,0));
#18434=DIRECTION('',(0,0,1));
#18435=DIRECTION('',(0.977802427723823,0,-0.2095290250476005));
#18436=FACE_SURFACE('',(#18441),#18437,.T.);
#18437=PLANE('',#18438);
#18438=AXIS2_PLACEMENT_3D('',#728,#18439,#18440);
#18439=DIRECTION('',(0,1,-0));
#18440=DIRECTION('',(-0.977802427723823,0,0.2095290250476005));
#18441=FACE_BOUND('',#18442,.T.);
#18442=EDGE_LOOP('',(#18443,#18444,#18445));
#18443=ORIENTED_EDGE('',*,*,#18446,.T.);
#18444=ORIENTED_EDGE('',*,*,#18447,.T.);
#18445=ORIENTED_EDGE('',*,*,#18448,.T.);
#18446=EDGE_CURVE('',#729,#505,#18449,.F.);
#18447=EDGE_CURVE('',#505,#539,#18450,.T.);
#18448=EDGE_CURVE('',#539,#729,#18451,.T.);
#18449=LINE('',#728,#18452);
#18450=LINE('',#504,#18453);
#18451=LINE('',#538,#18454);
#18452=VECTOR('',#18455,1.0);
#18453=VECTOR('',#18456,1.0);
#18454=VECTOR('',#18457,1.0);
#18455=DIRECTION('',(-0.977802427723823,0,0.2095290250476005));
#18456=DIRECTION('',(1,0,0));
#18457=DIRECTION('',(0,0,-1));
#18458=FACE_SURFACE('',(#18463),#18459,.T.);
#18459=PLANE('',#18460);
#18460=AXIS2_PLACEMENT_3D('',#176,#18461,#18462);
#18461=DIRECTION('',(1,0,0));
#18462=DIRECTION('',(0,0,-1));
#18463=FACE_BOUND('',#18464,.T.);
#18464=EDGE_LOOP('',(#18465,#18466,#18467));
#18465=ORIENTED_EDGE('',*,*,#18468,.T.);
#18466=ORIENTED_EDGE('',*,*,#18469,.T.);
#18467=ORIENTED_EDGE('',*,*,#18470,.T.);
#18468=EDGE_CURVE('',#177,#481,#18471,.F.);
#18469=EDGE_CURVE('',#481,#485,#18472,.T.);
#18470=EDGE_CURVE('',#485,#177,#18473,.T.);
#18471=LINE('',#176,#18474);
#18472=LINE('',#480,#18475);
#18473=LINE('',#484,#18476);
#18474=VECTOR('',#18477,1.0);
#18475=VECTOR('',#18478,1.0);
#18476=VECTOR('',#18479,1.0);
#18477=DIRECTION('',(0,0,-1));
#18478=DIRECTION('',(0,1,0));
#18479=DIRECTION('',(0,-0.31045853479824564,0.9505869229959596));
#18480=FACE_SURFACE('',(#18485),#18481,.T.);
#18481=PLANE('',#18482);
#18482=AXIS2_PLACEMENT_3D('',#176,#18483,#18484);
#18483=DIRECTION('',(1,-0,0));
#18484=DIRECTION('',(0,0.31045853479824564,-0.9505869229959596));
#18485=FACE_BOUND('',#18486,.T.);
#18486=EDGE_LOOP('',(#18487,#18488,#18489));
#18487=ORIENTED_EDGE('',*,*,#18490,.T.);
#18488=ORIENTED_EDGE('',*,*,#18491,.T.);
#18489=ORIENTED_EDGE('',*,*,#18492,.T.);
#18490=EDGE_CURVE('',#177,#485,#18493,.F.);
#18491=EDGE_CURVE('',#485,#179,#18494,.T.);
#18492=EDGE_CURVE('',#179,#177,#18495,.T.);
#18493=LINE('',#176,#18496);
#18494=LINE('',#484,#18497);
#18495=LINE('',#178,#18498);
#18496=VECTOR('',#18499,1.0);
#18497=VECTOR('',#18500,1.0);
#18498=VECTOR('',#18501,1.0);
#18499=DIRECTION('',(0,0.31045853479824564,-0.9505869229959596));
#18500=DIRECTION('',(0,0,1));
#18501=DIRECTION('',(0,-1,0));
#18502=FACE_SURFACE('',(#18507),#18503,.T.);
#18503=PLANE('',#18504);
#18504=AXIS2_PLACEMENT_3D('',#180,#18505,#18506);
#18505=DIRECTION('',(1,0,0));
#18506=DIRECTION('',(0,0,-1));
#18507=FACE_BOUND('',#18508,.T.);
#18508=EDGE_LOOP('',(#18509,#18510,#18511));
#18509=ORIENTED_EDGE('',*,*,#18512,.T.);
#18510=ORIENTED_EDGE('',*,*,#18513,.T.);
#18511=ORIENTED_EDGE('',*,*,#18514,.T.);
#18512=EDGE_CURVE('',#181,#483,#18515,.F.);
#18513=EDGE_CURVE('',#483,#489,#18516,.T.);
#18514=EDGE_CURVE('',#489,#181,#18517,.T.);
#18515=LINE('',#180,#18518);
#18516=LINE('',#482,#18519);
#18517=LINE('',#488,#18520);
#18518=VECTOR('',#18521,1.0);
#18519=VECTOR('',#18522,1.0);
#18520=VECTOR('',#18523,1.0);
#18521=DIRECTION('',(0,0,-1));
#18522=DIRECTION('',(0,1,0));
#18523=DIRECTION('',(0,-0.8303524794822923,0.5572385125039451));
#18524=FACE_SURFACE('',(#18529),#18525,.T.);
#18525=PLANE('',#18526);
#18526=AXIS2_PLACEMENT_3D('',#180,#18527,#18528);
#18527=DIRECTION('',(1,-0,0));
#18528=DIRECTION('',(0,0.8303524794822923,-0.5572385125039451));
#18529=FACE_BOUND('',#18530,.T.);
#18530=EDGE_LOOP('',(#18531,#18532,#18533));
#18531=ORIENTED_EDGE('',*,*,#18534,.T.);
#18532=ORIENTED_EDGE('',*,*,#18535,.T.);
#18533=ORIENTED_EDGE('',*,*,#18536,.T.);
#18534=EDGE_CURVE('',#181,#489,#18537,.F.);
#18535=EDGE_CURVE('',#489,#183,#18538,.T.);
#18536=EDGE_CURVE('',#183,#181,#18539,.T.);
#18537=LINE('',#180,#18540);
#18538=LINE('',#488,#18541);
#18539=LINE('',#182,#18542);
#18540=VECTOR('',#18543,1.0);
#18541=VECTOR('',#18544,1.0);
#18542=VECTOR('',#18545,1.0);
#18543=DIRECTION('',(0,0.8303524794822923,-0.5572385125039451));
#18544=DIRECTION('',(0,0,1));
#18545=DIRECTION('',(0,-1,0));
#18546=FACE_SURFACE('',(#18551),#18547,.T.);
#18547=PLANE('',#18548);
#18548=AXIS2_PLACEMENT_3D('',#88,#18549,#18550);
#18549=DIRECTION('',(0,-1,0));
#18550=DIRECTION('',(0,0,-1));
#18551=FACE_BOUND('',#18552,.T.);
#18552=EDGE_LOOP('',(#18553,#18554,#18555));
#18553=ORIENTED_EDGE('',*,*,#18556,.T.);
#18554=ORIENTED_EDGE('',*,*,#18557,.T.);
#18555=ORIENTED_EDGE('',*,*,#18558,.T.);
#18556=EDGE_CURVE('',#89,#361,#18559,.F.);
#18557=EDGE_CURVE('',#361,#391,#18560,.T.);
#18558=EDGE_CURVE('',#391,#89,#18561,.T.);
#18559=LINE('',#88,#18562);
#18560=LINE('',#360,#18563);
#18561=LINE('',#390,#18564);
#18562=VECTOR('',#18565,1.0);
#18563=VECTOR('',#18566,1.0);
#18564=VECTOR('',#18567,1.0);
#18565=DIRECTION('',(0,0,-1));
#18566=DIRECTION('',(1,0,0));
#18567=DIRECTION('',(-0.9777993628168636,0,0.2095433274407361));
#18568=FACE_SURFACE('',(#18573),#18569,.T.);
#18569=PLANE('',#18570);
#18570=AXIS2_PLACEMENT_3D('',#88,#18571,#18572);
#18571=DIRECTION('',(0,-1,0));
#18572=DIRECTION('',(0.9777993628168636,0,-0.2095433274407361));
#18573=FACE_BOUND('',#18574,.T.);
#18574=EDGE_LOOP('',(#18575,#18576,#18577));
#18575=ORIENTED_EDGE('',*,*,#18578,.T.);
#18576=ORIENTED_EDGE('',*,*,#18579,.T.);
#18577=ORIENTED_EDGE('',*,*,#18580,.T.);
#18578=EDGE_CURVE('',#89,#391,#18581,.F.);
#18579=EDGE_CURVE('',#391,#81,#18582,.T.);
#18580=EDGE_CURVE('',#81,#89,#18583,.T.);
#18581=LINE('',#88,#18584);
#18582=LINE('',#390,#18585);
#18583=LINE('',#80,#18586);
#18584=VECTOR('',#18587,1.0);
#18585=VECTOR('',#18588,1.0);
#18586=VECTOR('',#18589,1.0);
#18587=DIRECTION('',(0.9777993628168636,0,-0.2095433274407361));
#18588=DIRECTION('',(0,0,1));
#18589=DIRECTION('',(-1,0,0));
#18590=FACE_SURFACE('',(#18595),#18591,.T.);
#18591=PLANE('',#18592);
#18592=AXIS2_PLACEMENT_3D('',#132,#18593,#18594);
#18593=DIRECTION('',(-0,-1,0));
#18594=DIRECTION('',(-1,0,0));
#18595=FACE_BOUND('',#18596,.T.);
#18596=EDGE_LOOP('',(#18597,#18598,#18599));
#18597=ORIENTED_EDGE('',*,*,#18600,.T.);
#18598=ORIENTED_EDGE('',*,*,#18601,.T.);
#18599=ORIENTED_EDGE('',*,*,#18602,.T.);
#18600=EDGE_CURVE('',#133,#523,#18603,.F.);
#18601=EDGE_CURVE('',#523,#403,#18604,.T.);
#18602=EDGE_CURVE('',#403,#133,#18605,.T.);
#18603=LINE('',#132,#18606);
#18604=LINE('',#522,#18607);
#18605=LINE('',#402,#18608);
#18606=VECTOR('',#18609,1.0);
#18607=VECTOR('',#18610,1.0);
#18608=VECTOR('',#18611,1.0);
#18609=DIRECTION('',(-1,0,0));
#18610=DIRECTION('',(0,0,-1));
#18611=DIRECTION('',(0.7345198495517121,0,0.6785872019236217));
#18612=FACE_SURFACE('',(#18617),#18613,.T.);
#18613=PLANE('',#18614);
#18614=AXIS2_PLACEMENT_3D('',#132,#18615,#18616);
#18615=DIRECTION('',(0,-1,0));
#18616=DIRECTION('',(-0.7345198495517121,0,-0.6785872019236217));
#18617=FACE_BOUND('',#18618,.T.);
#18618=EDGE_LOOP('',(#18619,#18620,#18621));
#18619=ORIENTED_EDGE('',*,*,#18622,.T.);
#18620=ORIENTED_EDGE('',*,*,#18623,.T.);
#18621=ORIENTED_EDGE('',*,*,#18624,.T.);
#18622=EDGE_CURVE('',#133,#403,#18625,.F.);
#18623=EDGE_CURVE('',#403,#351,#18626,.T.);
#18624=EDGE_CURVE('',#351,#133,#18627,.T.);
#18625=LINE('',#132,#18628);
#18626=LINE('',#402,#18629);
#18627=LINE('',#350,#18630);
#18628=VECTOR('',#18631,1.0);
#18629=VECTOR('',#18632,1.0);
#18630=VECTOR('',#18633,1.0);
#18631=DIRECTION('',(-0.7345198495517121,0,-0.6785872019236217));
#18632=DIRECTION('',(1,0,0));
#18633=DIRECTION('',(0.6290953840617057,0,0.7773281146030002));
#18634=FACE_SURFACE('',(#18639),#18635,.T.);
#18635=PLANE('',#18636);
#18636=AXIS2_PLACEMENT_3D('',#442,#18637,#18638);
#18637=DIRECTION('',(0,-1,0));
#18638=DIRECTION('',(0,0,1));
#18639=FACE_BOUND('',#18640,.T.);
#18640=EDGE_LOOP('',(#18641,#18642,#18643));
#18641=ORIENTED_EDGE('',*,*,#18644,.T.);
#18642=ORIENTED_EDGE('',*,*,#18645,.T.);
#18643=ORIENTED_EDGE('',*,*,#18646,.T.);
#18644=EDGE_CURVE('',#443,#135,#18647,.F.);
#18645=EDGE_CURVE('',#135,#133,#18648,.T.);
#18646=EDGE_CURVE('',#133,#443,#18649,.T.);
#18647=LINE('',#442,#18650);
#18648=LINE('',#134,#18651);
#18649=LINE('',#132,#18652);
#18650=VECTOR('',#18653,1.0);
#18651=VECTOR('',#18654,1.0);
#18652=VECTOR('',#18655,1.0);
#18653=DIRECTION('',(0,0,1));
#18654=DIRECTION('',(-1,0,0));
#18655=DIRECTION('',(0.01756842510293664,0,-0.9998456633097943));
#18656=FACE_SURFACE('',(#18661),#18657,.T.);
#18657=PLANE('',#18658);
#18658=AXIS2_PLACEMENT_3D('',#132,#18659,#18660);
#18659=DIRECTION('',(0,-1,-0));
#18660=DIRECTION('',(-0.6290953840617057,0,-0.7773281146030002));
#18661=FACE_BOUND('',#18662,.T.);
#18662=EDGE_LOOP('',(#18663,#18664,#18665));
#18663=ORIENTED_EDGE('',*,*,#18666,.T.);
#18664=ORIENTED_EDGE('',*,*,#18667,.T.);
#18665=ORIENTED_EDGE('',*,*,#18668,.T.);
#18666=EDGE_CURVE('',#133,#351,#18669,.F.);
#18667=EDGE_CURVE('',#351,#349,#18670,.T.);
#18668=EDGE_CURVE('',#349,#133,#18671,.T.);
#18669=LINE('',#132,#18672);
#18670=LINE('',#350,#18673);
#18671=LINE('',#348,#18674);
#18672=VECTOR('',#18675,1.0);
#18673=VECTOR('',#18676,1.0);
#18674=VECTOR('',#18677,1.0);
#18675=DIRECTION('',(-0.6290953840617057,0,-0.7773281146030002));
#18676=DIRECTION('',(1,0,0));
#18677=DIRECTION('',(0,0,1));
#18678=FACE_SURFACE('',(#18683),#18679,.T.);
#18679=PLANE('',#18680);
#18680=AXIS2_PLACEMENT_3D('',#132,#18681,#18682);
#18681=DIRECTION('',(0,-1,0));
#18682=DIRECTION('',(0,0,-1));
#18683=FACE_BOUND('',#18684,.T.);
#18684=EDGE_LOOP('',(#18685,#18686,#18687));
#18685=ORIENTED_EDGE('',*,*,#18688,.T.);
#18686=ORIENTED_EDGE('',*,*,#18689,.T.);
#18687=ORIENTED_EDGE('',*,*,#18690,.T.);
#18688=EDGE_CURVE('',#133,#349,#18691,.F.);
#18689=EDGE_CURVE('',#349,#443,#18692,.T.);
#18690=EDGE_CURVE('',#443,#133,#18693,.T.);
#18691=LINE('',#132,#18694);
#18692=LINE('',#348,#18695);
#18693=LINE('',#442,#18696);
#18694=VECTOR('',#18697,1.0);
#18695=VECTOR('',#18698,1.0);
#18696=VECTOR('',#18699,1.0);
#18697=DIRECTION('',(0,0,-1));
#18698=DIRECTION('',(1,0,0));
#18699=DIRECTION('',(-0.01756842510293664,0,0.9998456633097943));
#18700=FACE_SURFACE('',(#18705),#18701,.T.);
#18701=PLANE('',#18702);
#18702=AXIS2_PLACEMENT_3D('',#58,#18703,#18704);
#18703=DIRECTION('',(0,-1,0));
#18704=DIRECTION('',(0,0,-1));
#18705=FACE_BOUND('',#18706,.T.);
#18706=EDGE_LOOP('',(#18707,#18708,#18709));
#18707=ORIENTED_EDGE('',*,*,#18710,.T.);
#18708=ORIENTED_EDGE('',*,*,#18711,.T.);
#18709=ORIENTED_EDGE('',*,*,#18712,.T.);
#18710=EDGE_CURVE('',#59,#399,#18713,.F.);
#18711=EDGE_CURVE('',#399,#405,#18714,.T.);
#18712=EDGE_CURVE('',#405,#59,#18715,.T.);
#18713=LINE('',#58,#18716);
#18714=LINE('',#398,#18717);
#18715=LINE('',#404,#18718);
#18716=VECTOR('',#18719,1.0);
#18717=VECTOR('',#18720,1.0);
#18718=VECTOR('',#18721,1.0);
#18719=DIRECTION('',(0,0,-1));
#18720=DIRECTION('',(1,0,0));
#18721=DIRECTION('',(-0.6476489895968585,0,0.7619388336829724));
#18722=FACE_SURFACE('',(#18727),#18723,.T.);
#18723=PLANE('',#18724);
#18724=AXIS2_PLACEMENT_3D('',#58,#18725,#18726);
#18725=DIRECTION('',(0,-1,0));
#18726=DIRECTION('',(0.6476489895968585,0,-0.7619388336829724));
#18727=FACE_BOUND('',#18728,.T.);
#18728=EDGE_LOOP('',(#18729,#18730,#18731));
#18729=ORIENTED_EDGE('',*,*,#18732,.T.);
#18730=ORIENTED_EDGE('',*,*,#18733,.T.);
#18731=ORIENTED_EDGE('',*,*,#18734,.T.);
#18732=EDGE_CURVE('',#59,#405,#18735,.F.);
#18733=EDGE_CURVE('',#405,#521,#18736,.T.);
#18734=EDGE_CURVE('',#521,#59,#18737,.T.);
#18735=LINE('',#58,#18738);
#18736=LINE('',#404,#18739);
#18737=LINE('',#520,#18740);
#18738=VECTOR('',#18741,1.0);
#18739=VECTOR('',#18742,1.0);
#18740=VECTOR('',#18743,1.0);
#18741=DIRECTION('',(0.6476489895968585,0,-0.7619388336829724));
#18742=DIRECTION('',(0,0,1));
#18743=DIRECTION('',(-1,0,0));
#18744=FACE_SURFACE('',(#18749),#18745,.T.);
#18745=PLANE('',#18746);
#18746=AXIS2_PLACEMENT_3D('',#442,#18747,#18748);
#18747=DIRECTION('',(-1,0,0));
#18748=DIRECTION('',(0,-1,0));
#18749=FACE_BOUND('',#18750,.T.);
#18750=EDGE_LOOP('',(#18751,#18752,#18753));
#18751=ORIENTED_EDGE('',*,*,#18754,.T.);
#18752=ORIENTED_EDGE('',*,*,#18755,.T.);
#18753=ORIENTED_EDGE('',*,*,#18756,.T.);
#18754=EDGE_CURVE('',#443,#441,#18757,.F.);
#18755=EDGE_CURVE('',#441,#137,#18758,.T.);
#18756=EDGE_CURVE('',#137,#443,#18759,.T.);
#18757=LINE('',#442,#18760);
#18758=LINE('',#440,#18761);
#18759=LINE('',#136,#18762);
#18760=VECTOR('',#18763,1.0);
#18761=VECTOR('',#18764,1.0);
#18762=VECTOR('',#18765,1.0);
#18763=DIRECTION('',(0,-1,0));
#18764=DIRECTION('',(0,0,1));
#18765=DIRECTION('',(0,0.2929283475257074,-0.9561343960008228));
#18766=FACE_SURFACE('',(#18771),#18767,.T.);
#18767=PLANE('',#18768);
#18768=AXIS2_PLACEMENT_3D('',#442,#18769,#18770);
#18769=DIRECTION('',(-1,0,0));
#18770=DIRECTION('',(0,-0.2929283475257074,0.9561343960008228));
#18771=FACE_BOUND('',#18772,.T.);
#18772=EDGE_LOOP('',(#18773,#18774,#18775));
#18773=ORIENTED_EDGE('',*,*,#18776,.T.);
#18774=ORIENTED_EDGE('',*,*,#18777,.T.);
#18775=ORIENTED_EDGE('',*,*,#18778,.T.);
#18776=EDGE_CURVE('',#443,#137,#18779,.F.);
#18777=EDGE_CURVE('',#137,#135,#18780,.T.);
#18778=EDGE_CURVE('',#135,#443,#18781,.T.);
#18779=LINE('',#442,#18782);
#18780=LINE('',#136,#18783);
#18781=LINE('',#134,#18784);
#18782=VECTOR('',#18785,1.0);
#18783=VECTOR('',#18786,1.0);
#18784=VECTOR('',#18787,1.0);
#18785=DIRECTION('',(0,-0.2929283475257074,0.9561343960008228));
#18786=DIRECTION('',(0,1,0));
#18787=DIRECTION('',(0,0,-1));
#18788=FACE_SURFACE('',(#18793),#18789,.T.);
#18789=PLANE('',#18790);
#18790=AXIS2_PLACEMENT_3D('',#476,#18791,#18792);
#18791=DIRECTION('',(0,1,0));
#18792=DIRECTION('',(-1,0,0));
#18793=FACE_BOUND('',#18794,.T.);
#18794=EDGE_LOOP('',(#18795,#18796,#18797));
#18795=ORIENTED_EDGE('',*,*,#18798,.T.);
#18796=ORIENTED_EDGE('',*,*,#18799,.T.);
#18797=ORIENTED_EDGE('',*,*,#18800,.T.);
#18798=EDGE_CURVE('',#477,#475,#18801,.F.);
#18799=EDGE_CURVE('',#475,#175,#18802,.T.);
#18800=EDGE_CURVE('',#175,#477,#18803,.T.);
#18801=LINE('',#476,#18804);
#18802=LINE('',#474,#18805);
#18803=LINE('',#174,#18806);
#18804=VECTOR('',#18807,1.0);
#18805=VECTOR('',#18808,1.0);
#18806=VECTOR('',#18809,1.0);
#18807=DIRECTION('',(-1,0,0));
#18808=DIRECTION('',(0,0,1));
#18809=DIRECTION('',(0.2582645554214724,0,-0.9660742307985186));
#18810=FACE_SURFACE('',(#18815),#18811,.T.);
#18811=PLANE('',#18812);
#18812=AXIS2_PLACEMENT_3D('',#476,#18813,#18814);
#18813=DIRECTION('',(0,1,-0));
#18814=DIRECTION('',(-0.2582645554214724,0,0.9660742307985186));
#18815=FACE_BOUND('',#18816,.T.);
#18816=EDGE_LOOP('',(#18817,#18818,#18819));
#18817=ORIENTED_EDGE('',*,*,#18820,.T.);
#18818=ORIENTED_EDGE('',*,*,#18821,.T.);
#18819=ORIENTED_EDGE('',*,*,#18822,.T.);
#18820=EDGE_CURVE('',#477,#175,#18823,.F.);
#18821=EDGE_CURVE('',#175,#173,#18824,.T.);
#18822=EDGE_CURVE('',#173,#477,#18825,.T.);
#18823=LINE('',#476,#18826);
#18824=LINE('',#174,#18827);
#18825=LINE('',#172,#18828);
#18826=VECTOR('',#18829,1.0);
#18827=VECTOR('',#18830,1.0);
#18828=VECTOR('',#18831,1.0);
#18829=DIRECTION('',(-0.2582645554214724,0,0.9660742307985186));
#18830=DIRECTION('',(1,0,0));
#18831=DIRECTION('',(0,0,-1));
#18832=FACE_SURFACE('',(#18837),#18833,.T.);
#18833=PLANE('',#18834);
#18834=AXIS2_PLACEMENT_3D('',#378,#18835,#18836);
#18835=DIRECTION('',(-1,0,0));
#18836=DIRECTION('',(0,-1,0));
#18837=FACE_BOUND('',#18838,.T.);
#18838=EDGE_LOOP('',(#18839,#18840,#18841));
#18839=ORIENTED_EDGE('',*,*,#18842,.T.);
#18840=ORIENTED_EDGE('',*,*,#18843,.T.);
#18841=ORIENTED_EDGE('',*,*,#18844,.T.);
#18842=EDGE_CURVE('',#379,#377,#18845,.F.);
#18843=EDGE_CURVE('',#377,#109,#18846,.T.);
#18844=EDGE_CURVE('',#109,#379,#18847,.T.);
#18845=LINE('',#378,#18848);
#18846=LINE('',#376,#18849);
#18847=LINE('',#108,#18850);
#18848=VECTOR('',#18851,1.0);
#18849=VECTOR('',#18852,1.0);
#18850=VECTOR('',#18853,1.0);
#18851=DIRECTION('',(0,-1,0));
#18852=DIRECTION('',(0,0,1));
#18853=DIRECTION('',(0,0.2929283475257074,-0.9561343960008228));
#18854=FACE_SURFACE('',(#18859),#18855,.T.);
#18855=PLANE('',#18856);
#18856=AXIS2_PLACEMENT_3D('',#378,#18857,#18858);
#18857=DIRECTION('',(-1,0,0));
#18858=DIRECTION('',(0,-0.2929283475257074,0.9561343960008228));
#18859=FACE_BOUND('',#18860,.T.);
#18860=EDGE_LOOP('',(#18861,#18862,#18863));
#18861=ORIENTED_EDGE('',*,*,#18864,.T.);
#18862=ORIENTED_EDGE('',*,*,#18865,.T.);
#18863=ORIENTED_EDGE('',*,*,#18866,.T.);
#18864=EDGE_CURVE('',#379,#109,#18867,.F.);
#18865=EDGE_CURVE('',#109,#107,#18868,.T.);
#18866=EDGE_CURVE('',#107,#379,#18869,.T.);
#18867=LINE('',#378,#18870);
#18868=LINE('',#108,#18871);
#18869=LINE('',#106,#18872);
#18870=VECTOR('',#18873,1.0);
#18871=VECTOR('',#18874,1.0);
#18872=VECTOR('',#18875,1.0);
#18873=DIRECTION('',(0,-0.2929283475257074,0.9561343960008228));
#18874=DIRECTION('',(0,1,0));
#18875=DIRECTION('',(0,0,-1));
#18876=FACE_SURFACE('',(#18881),#18877,.T.);
#18877=PLANE('',#18878);
#18878=AXIS2_PLACEMENT_3D('',#140,#18879,#18880);
#18879=DIRECTION('',(1,0,0));
#18880=DIRECTION('',(0,0,-1));
#18881=FACE_BOUND('',#18882,.T.);
#18882=EDGE_LOOP('',(#18883,#18884,#18885));
#18883=ORIENTED_EDGE('',*,*,#18886,.T.);
#18884=ORIENTED_EDGE('',*,*,#18887,.T.);
#18885=ORIENTED_EDGE('',*,*,#18888,.T.);
#18886=EDGE_CURVE('',#141,#449,#18889,.F.);
#18887=EDGE_CURVE('',#449,#447,#18890,.T.);
#18888=EDGE_CURVE('',#447,#141,#18891,.T.);
#18889=LINE('',#140,#18892);
#18890=LINE('',#448,#18893);
#18891=LINE('',#446,#18894);
#18892=VECTOR('',#18895,1.0);
#18893=VECTOR('',#18896,1.0);
#18894=VECTOR('',#18897,1.0);
#18895=DIRECTION('',(0,0,-1));
#18896=DIRECTION('',(0,1,0));
#18897=DIRECTION('',(0,-0.31045853479824564,0.9505869229959596));
#18898=FACE_SURFACE('',(#18903),#18899,.T.);
#18899=PLANE('',#18900);
#18900=AXIS2_PLACEMENT_3D('',#140,#18901,#18902);
#18901=DIRECTION('',(1,-0,0));
#18902=DIRECTION('',(0,0.31045853479824564,-0.9505869229959596));
#18903=FACE_BOUND('',#18904,.T.);
#18904=EDGE_LOOP('',(#18905,#18906,#18907));
#18905=ORIENTED_EDGE('',*,*,#18908,.T.);
#18906=ORIENTED_EDGE('',*,*,#18909,.T.);
#18907=ORIENTED_EDGE('',*,*,#18910,.T.);
#18908=EDGE_CURVE('',#141,#447,#18911,.F.);
#18909=EDGE_CURVE('',#447,#143,#18912,.T.);
#18910=EDGE_CURVE('',#143,#141,#18913,.T.);
#18911=LINE('',#140,#18914);
#18912=LINE('',#446,#18915);
#18913=LINE('',#142,#18916);
#18914=VECTOR('',#18917,1.0);
#18915=VECTOR('',#18918,1.0);
#18916=VECTOR('',#18919,1.0);
#18917=DIRECTION('',(0,0.31045853479824564,-0.9505869229959596));
#18918=DIRECTION('',(0,0,1));
#18919=DIRECTION('',(0,-1,0));
#18920=FACE_SURFACE('',(#18925),#18921,.T.);
#18921=PLANE('',#18922);
#18922=AXIS2_PLACEMENT_3D('',#390,#18923,#18924);
#18923=DIRECTION('',(-1,0,0));
#18924=DIRECTION('',(0,-1,0));
#18925=FACE_BOUND('',#18926,.T.);
#18926=EDGE_LOOP('',(#18927,#18928,#18929));
#18927=ORIENTED_EDGE('',*,*,#18930,.T.);
#18928=ORIENTED_EDGE('',*,*,#18931,.T.);
#18929=ORIENTED_EDGE('',*,*,#18932,.T.);
#18930=EDGE_CURVE('',#391,#389,#18933,.F.);
#18931=EDGE_CURVE('',#389,#83,#18934,.T.);
#18932=EDGE_CURVE('',#83,#391,#18935,.T.);
#18933=LINE('',#390,#18936);
#18934=LINE('',#388,#18937);
#18935=LINE('',#82,#18938);
#18936=VECTOR('',#18939,1.0);
#18937=VECTOR('',#18940,1.0);
#18938=VECTOR('',#18941,1.0);
#18939=DIRECTION('',(0,-1,0));
#18940=DIRECTION('',(0,0,1));
#18941=DIRECTION('',(0,0.31597160091587984,-0.9487686479931006));
#18942=FACE_SURFACE('',(#18947),#18943,.T.);
#18943=PLANE('',#18944);
#18944=AXIS2_PLACEMENT_3D('',#390,#18945,#18946);
#18945=DIRECTION('',(-1,0,0));
#18946=DIRECTION('',(0,-0.31597160091587984,0.9487686479931006));
#18947=FACE_BOUND('',#18948,.T.);
#18948=EDGE_LOOP('',(#18949,#18950,#18951));
#18949=ORIENTED_EDGE('',*,*,#18952,.T.);
#18950=ORIENTED_EDGE('',*,*,#18953,.T.);
#18951=ORIENTED_EDGE('',*,*,#18954,.T.);
#18952=EDGE_CURVE('',#391,#83,#18955,.F.);
#18953=EDGE_CURVE('',#83,#81,#18956,.T.);
#18954=EDGE_CURVE('',#81,#391,#18957,.T.);
#18955=LINE('',#390,#18958);
#18956=LINE('',#82,#18959);
#18957=LINE('',#80,#18960);
#18958=VECTOR('',#18961,1.0);
#18959=VECTOR('',#18962,1.0);
#18960=VECTOR('',#18963,1.0);
#18961=DIRECTION('',(0,-0.31597160091587984,0.9487686479931006));
#18962=DIRECTION('',(0,1,0));
#18963=DIRECTION('',(0,0,-1));
#18964=FACE_SURFACE('',(#18969),#18965,.T.);
#18965=PLANE('',#18966);
#18966=AXIS2_PLACEMENT_3D('',#446,#18967,#18968);
#18967=DIRECTION('',(0,1,0));
#18968=DIRECTION('',(-1,0,0));
#18969=FACE_BOUND('',#18970,.T.);
#18970=EDGE_LOOP('',(#18971,#18972,#18973));
#18971=ORIENTED_EDGE('',*,*,#18974,.T.);
#18972=ORIENTED_EDGE('',*,*,#18975,.T.);
#18973=ORIENTED_EDGE('',*,*,#18976,.T.);
#18974=EDGE_CURVE('',#447,#445,#18977,.F.);
#18975=EDGE_CURVE('',#445,#145,#18978,.T.);
#18976=EDGE_CURVE('',#145,#447,#18979,.T.);
#18977=LINE('',#446,#18980);
#18978=LINE('',#444,#18981);
#18979=LINE('',#144,#18982);
#18980=VECTOR('',#18983,1.0);
#18981=VECTOR('',#18984,1.0);
#18982=VECTOR('',#18985,1.0);
#18983=DIRECTION('',(-1,0,0));
#18984=DIRECTION('',(0,0,1));
#18985=DIRECTION('',(0.6478109370243236,0,-0.7618011485103365));
#18986=FACE_SURFACE('',(#18991),#18987,.T.);
#18987=PLANE('',#18988);
#18988=AXIS2_PLACEMENT_3D('',#446,#18989,#18990);
#18989=DIRECTION('',(0,1,-0));
#18990=DIRECTION('',(-0.6478109370243236,0,0.7618011485103365));
#18991=FACE_BOUND('',#18992,.T.);
#18992=EDGE_LOOP('',(#18993,#18994,#18995));
#18993=ORIENTED_EDGE('',*,*,#18996,.T.);
#18994=ORIENTED_EDGE('',*,*,#18997,.T.);
#18995=ORIENTED_EDGE('',*,*,#18998,.T.);
#18996=EDGE_CURVE('',#447,#145,#18999,.F.);
#18997=EDGE_CURVE('',#145,#143,#19000,.T.);
#18998=EDGE_CURVE('',#143,#447,#19001,.T.);
#18999=LINE('',#446,#19002);
#19000=LINE('',#144,#19003);
#19001=LINE('',#142,#19004);
#19002=VECTOR('',#19005,1.0);
#19003=VECTOR('',#19006,1.0);
#19004=VECTOR('',#19007,1.0);
#19005=DIRECTION('',(-0.6478109370243236,0,0.7618011485103365));
#19006=DIRECTION('',(1,0,0));
#19007=DIRECTION('',(0,0,-1));
#19008=FACE_SURFACE('',(#19013),#19009,.T.);
#19009=PLANE('',#19010);
#19010=AXIS2_PLACEMENT_3D('',#368,#19011,#19012);
#19011=DIRECTION('',(0,1,0));
#19012=DIRECTION('',(-1,0,0));
#19013=FACE_BOUND('',#19014,.T.);
#19014=EDGE_LOOP('',(#19015,#19016,#19017));
#19015=ORIENTED_EDGE('',*,*,#19018,.T.);
#19016=ORIENTED_EDGE('',*,*,#19019,.T.);
#19017=ORIENTED_EDGE('',*,*,#19020,.T.);
#19018=EDGE_CURVE('',#369,#367,#19021,.F.);
#19019=EDGE_CURVE('',#367,#97,#19022,.T.);
#19020=EDGE_CURVE('',#97,#369,#19023,.T.);
#19021=LINE('',#368,#19024);
#19022=LINE('',#366,#19025);
#19023=LINE('',#96,#19026);
#19024=VECTOR('',#19027,1.0);
#19025=VECTOR('',#19028,1.0);
#19026=VECTOR('',#19029,1.0);
#19027=DIRECTION('',(-1,0,0));
#19028=DIRECTION('',(0,0,1));
#19029=DIRECTION('',(0.2582645554214724,0,-0.9660742307985186));
#19030=FACE_SURFACE('',(#19035),#19031,.T.);
#19031=PLANE('',#19032);
#19032=AXIS2_PLACEMENT_3D('',#368,#19033,#19034);
#19033=DIRECTION('',(0,1,-0));
#19034=DIRECTION('',(-0.2582645554214724,0,0.9660742307985186));
#19035=FACE_BOUND('',#19036,.T.);
#19036=EDGE_LOOP('',(#19037,#19038,#19039));
#19037=ORIENTED_EDGE('',*,*,#19040,.T.);
#19038=ORIENTED_EDGE('',*,*,#19041,.T.);
#19039=ORIENTED_EDGE('',*,*,#19042,.T.);
#19040=EDGE_CURVE('',#369,#97,#19043,.F.);
#19041=EDGE_CURVE('',#97,#95,#19044,.T.);
#19042=EDGE_CURVE('',#95,#369,#19045,.T.);
#19043=LINE('',#368,#19046);
#19044=LINE('',#96,#19047);
#19045=LINE('',#94,#19048);
#19046=VECTOR('',#19049,1.0);
#19047=VECTOR('',#19050,1.0);
#19048=VECTOR('',#19051,1.0);
#19049=DIRECTION('',(-0.2582645554214724,0,0.9660742307985186));
#19050=DIRECTION('',(1,0,0));
#19051=DIRECTION('',(0,0,-1));
#19052=FACE_SURFACE('',(#19057),#19053,.T.);
#19053=PLANE('',#19054);
#19054=AXIS2_PLACEMENT_3D('',#174,#19055,#19056);
#19055=DIRECTION('',(1,0,0));
#19056=DIRECTION('',(0,0,-1));
#19057=FACE_BOUND('',#19058,.T.);
#19058=EDGE_LOOP('',(#19059,#19060,#19061));
#19059=ORIENTED_EDGE('',*,*,#19062,.T.);
#19060=ORIENTED_EDGE('',*,*,#19063,.T.);
#19061=ORIENTED_EDGE('',*,*,#19064,.T.);
#19062=EDGE_CURVE('',#175,#475,#19065,.F.);
#19063=EDGE_CURVE('',#475,#473,#19066,.T.);
#19064=EDGE_CURVE('',#473,#175,#19067,.T.);
#19065=LINE('',#174,#19068);
#19066=LINE('',#474,#19069);
#19067=LINE('',#472,#19070);
#19068=VECTOR('',#19071,1.0);
#19069=VECTOR('',#19072,1.0);
#19070=VECTOR('',#19073,1.0);
#19071=DIRECTION('',(0,0,-1));
#19072=DIRECTION('',(0,1,0));
#19073=DIRECTION('',(0,-0.71851568028205,0.6955107599374887));
#19074=FACE_SURFACE('',(#19079),#19075,.T.);
#19075=PLANE('',#19076);
#19076=AXIS2_PLACEMENT_3D('',#174,#19077,#19078);
#19077=DIRECTION('',(1,-0,0));
#19078=DIRECTION('',(0,0.71851568028205,-0.6955107599374887));
#19079=FACE_BOUND('',#19080,.T.);
#19080=EDGE_LOOP('',(#19081,#19082,#19083));
#19081=ORIENTED_EDGE('',*,*,#19084,.T.);
#19082=ORIENTED_EDGE('',*,*,#19085,.T.);
#19083=ORIENTED_EDGE('',*,*,#19086,.T.);
#19084=EDGE_CURVE('',#175,#473,#19087,.F.);
#19085=EDGE_CURVE('',#473,#167,#19088,.T.);
#19086=EDGE_CURVE('',#167,#175,#19089,.T.);
#19087=LINE('',#174,#19090);
#19088=LINE('',#472,#19091);
#19089=LINE('',#166,#19092);
#19090=VECTOR('',#19093,1.0);
#19091=VECTOR('',#19094,1.0);
#19092=VECTOR('',#19095,1.0);
#19093=DIRECTION('',(0,0.71851568028205,-0.6955107599374887));
#19094=DIRECTION('',(0,0,1));
#19095=DIRECTION('',(0,-1,0));
#19096=FACE_SURFACE('',(#19101),#19097,.T.);
#19097=PLANE('',#19098);
#19098=AXIS2_PLACEMENT_3D('',#498,#19099,#19100);
#19099=DIRECTION('',(0,1,0));
#19100=DIRECTION('',(-1,0,0));
#19101=FACE_BOUND('',#19102,.T.);
#19102=EDGE_LOOP('',(#19103,#19104,#19105));
#19103=ORIENTED_EDGE('',*,*,#19106,.T.);
#19104=ORIENTED_EDGE('',*,*,#19107,.T.);
#19105=ORIENTED_EDGE('',*,*,#19108,.T.);
#19106=EDGE_CURVE('',#499,#497,#19109,.F.);
#19107=EDGE_CURVE('',#497,#193,#19110,.T.);
#19108=EDGE_CURVE('',#193,#499,#19111,.T.);
#19109=LINE('',#498,#19112);
#19110=LINE('',#496,#19113);
#19111=LINE('',#192,#19114);
#19112=VECTOR('',#19115,1.0);
#19113=VECTOR('',#19116,1.0);
#19114=VECTOR('',#19117,1.0);
#19115=DIRECTION('',(-1,0,0));
#19116=DIRECTION('',(0,0,1));
#19117=DIRECTION('',(0.25766364468096886,0,-0.9662346745018622));
#19118=FACE_SURFACE('',(#19123),#19119,.T.);
#19119=PLANE('',#19120);
#19120=AXIS2_PLACEMENT_3D('',#498,#19121,#19122);
#19121=DIRECTION('',(0,1,-0));
#19122=DIRECTION('',(-0.25766364468096886,0,0.9662346745018622));
#19123=FACE_BOUND('',#19124,.T.);
#19124=EDGE_LOOP('',(#19125,#19126,#19127));
#19125=ORIENTED_EDGE('',*,*,#19128,.T.);
#19126=ORIENTED_EDGE('',*,*,#19129,.T.);
#19127=ORIENTED_EDGE('',*,*,#19130,.T.);
#19128=EDGE_CURVE('',#499,#193,#19131,.F.);
#19129=EDGE_CURVE('',#193,#191,#19132,.T.);
#19130=EDGE_CURVE('',#191,#499,#19133,.T.);
#19131=LINE('',#498,#19134);
#19132=LINE('',#192,#19135);
#19133=LINE('',#190,#19136);
#19134=VECTOR('',#19137,1.0);
#19135=VECTOR('',#19138,1.0);
#19136=VECTOR('',#19139,1.0);
#19137=DIRECTION('',(-0.25766364468096886,0,0.9662346745018622));
#19138=DIRECTION('',(1,0,0));
#19139=DIRECTION('',(0,0,-1));
#19140=FACE_SURFACE('',(#19145),#19141,.T.);
#19141=PLANE('',#19142);
#19142=AXIS2_PLACEMENT_3D('',#450,#19143,#19144);
#19143=DIRECTION('',(0,1,0));
#19144=DIRECTION('',(-1,0,0));
#19145=FACE_BOUND('',#19146,.T.);
#19146=EDGE_LOOP('',(#19147,#19148,#19149));
#19147=ORIENTED_EDGE('',*,*,#19150,.T.);
#19148=ORIENTED_EDGE('',*,*,#19151,.T.);
#19149=ORIENTED_EDGE('',*,*,#19152,.T.);
#19150=EDGE_CURVE('',#451,#481,#19153,.F.);
#19151=EDGE_CURVE('',#481,#177,#19154,.T.);
#19152=EDGE_CURVE('',#177,#451,#19155,.T.);
#19153=LINE('',#450,#19156);
#19154=LINE('',#480,#19157);
#19155=LINE('',#176,#19158);
#19156=VECTOR('',#19159,1.0);
#19157=VECTOR('',#19160,1.0);
#19158=VECTOR('',#19161,1.0);
#19159=DIRECTION('',(-1,0,0));
#19160=DIRECTION('',(0,0,1));
#19161=DIRECTION('',(0.7399389413146161,0,-0.6726740392836675));
#19162=FACE_SURFACE('',(#19167),#19163,.T.);
#19163=PLANE('',#19164);
#19164=AXIS2_PLACEMENT_3D('',#450,#19165,#19166);
#19165=DIRECTION('',(0,1,-0));
#19166=DIRECTION('',(-0.7399389413146161,0,0.6726740392836675));
#19167=FACE_BOUND('',#19168,.T.);
#19168=EDGE_LOOP('',(#19169,#19170,#19171));
#19169=ORIENTED_EDGE('',*,*,#19172,.T.);
#19170=ORIENTED_EDGE('',*,*,#19173,.T.);
#19171=ORIENTED_EDGE('',*,*,#19174,.T.);
#19172=EDGE_CURVE('',#451,#177,#19175,.F.);
#19173=EDGE_CURVE('',#177,#151,#19176,.T.);
#19174=EDGE_CURVE('',#151,#451,#19177,.T.);
#19175=LINE('',#450,#19178);
#19176=LINE('',#176,#19179);
#19177=LINE('',#150,#19180);
#19178=VECTOR('',#19181,1.0);
#19179=VECTOR('',#19182,1.0);
#19180=VECTOR('',#19183,1.0);
#19181=DIRECTION('',(-0.7399389413146161,0,0.6726740392836675));
#19182=DIRECTION('',(1,0,0));
#19183=DIRECTION('',(0,0,-1));
#19184=FACE_SURFACE('',(#19189),#19185,.T.);
#19185=PLANE('',#19186);
#19186=AXIS2_PLACEMENT_3D('',#96,#19187,#19188);
#19187=DIRECTION('',(1,0,0));
#19188=DIRECTION('',(0,0,-1));
#19189=FACE_BOUND('',#19190,.T.);
#19190=EDGE_LOOP('',(#19191,#19192,#19193));
#19191=ORIENTED_EDGE('',*,*,#19194,.T.);
#19192=ORIENTED_EDGE('',*,*,#19195,.T.);
#19193=ORIENTED_EDGE('',*,*,#19196,.T.);
#19194=EDGE_CURVE('',#97,#367,#19197,.F.);
#19195=EDGE_CURVE('',#367,#365,#19198,.T.);
#19196=EDGE_CURVE('',#365,#97,#19199,.T.);
#19197=LINE('',#96,#19200);
#19198=LINE('',#366,#19201);
#19199=LINE('',#364,#19202);
#19200=VECTOR('',#19203,1.0);
#19201=VECTOR('',#19204,1.0);
#19202=VECTOR('',#19205,1.0);
#19203=DIRECTION('',(0,0,-1));
#19204=DIRECTION('',(0,1,0));
#19205=DIRECTION('',(0,-0.7188260552207438,0.6951899757158357));
#19206=FACE_SURFACE('',(#19211),#19207,.T.);
#19207=PLANE('',#19208);
#19208=AXIS2_PLACEMENT_3D('',#96,#19209,#19210);
#19209=DIRECTION('',(1,-0,0));
#19210=DIRECTION('',(0,0.7188260552207438,-0.6951899757158357));
#19211=FACE_BOUND('',#19212,.T.);
#19212=EDGE_LOOP('',(#19213,#19214,#19215));
#19213=ORIENTED_EDGE('',*,*,#19216,.T.);
#19214=ORIENTED_EDGE('',*,*,#19217,.T.);
#19215=ORIENTED_EDGE('',*,*,#19218,.T.);
#19216=EDGE_CURVE('',#97,#365,#19219,.F.);
#19217=EDGE_CURVE('',#365,#85,#19220,.T.);
#19218=EDGE_CURVE('',#85,#97,#19221,.T.);
#19219=LINE('',#96,#19222);
#19220=LINE('',#364,#19223);
#19221=LINE('',#84,#19224);
#19222=VECTOR('',#19225,1.0);
#19223=VECTOR('',#19226,1.0);
#19224=VECTOR('',#19227,1.0);
#19225=DIRECTION('',(0,0.7188260552207438,-0.6951899757158357));
#19226=DIRECTION('',(0,0,1));
#19227=DIRECTION('',(0,-1,0));
#19228=FACE_SURFACE('',(#19233),#19229,.T.);
#19229=PLANE('',#19230);
#19230=AXIS2_PLACEMENT_3D('',#484,#19231,#19232);
#19231=DIRECTION('',(0,1,0));
#19232=DIRECTION('',(-1,0,0));
#19233=FACE_BOUND('',#19234,.T.);
#19234=EDGE_LOOP('',(#19235,#19236,#19237));
#19235=ORIENTED_EDGE('',*,*,#19238,.T.);
#19236=ORIENTED_EDGE('',*,*,#19239,.T.);
#19237=ORIENTED_EDGE('',*,*,#19240,.T.);
#19238=EDGE_CURVE('',#485,#483,#19241,.F.);
#19239=EDGE_CURVE('',#483,#181,#19242,.T.);
#19240=EDGE_CURVE('',#181,#485,#19243,.T.);
#19241=LINE('',#484,#19244);
#19242=LINE('',#482,#19245);
#19243=LINE('',#180,#19246);
#19244=VECTOR('',#19247,1.0);
#19245=VECTOR('',#19248,1.0);
#19246=VECTOR('',#19249,1.0);
#19247=DIRECTION('',(-1,0,0));
#19248=DIRECTION('',(0,0,1));
#19249=DIRECTION('',(0.6476489895968585,0,-0.7619388336829724));
#19250=FACE_SURFACE('',(#19255),#19251,.T.);
#19251=PLANE('',#19252);
#19252=AXIS2_PLACEMENT_3D('',#484,#19253,#19254);
#19253=DIRECTION('',(0,1,-0));
#19254=DIRECTION('',(-0.6476489895968585,0,0.7619388336829724));
#19255=FACE_BOUND('',#19256,.T.);
#19256=EDGE_LOOP('',(#19257,#19258,#19259));
#19257=ORIENTED_EDGE('',*,*,#19260,.T.);
#19258=ORIENTED_EDGE('',*,*,#19261,.T.);
#19259=ORIENTED_EDGE('',*,*,#19262,.T.);
#19260=EDGE_CURVE('',#485,#181,#19263,.F.);
#19261=EDGE_CURVE('',#181,#179,#19264,.T.);
#19262=EDGE_CURVE('',#179,#485,#19265,.T.);
#19263=LINE('',#484,#19266);
#19264=LINE('',#180,#19267);
#19265=LINE('',#178,#19268);
#19266=VECTOR('',#19269,1.0);
#19267=VECTOR('',#19270,1.0);
#19268=VECTOR('',#19271,1.0);
#19269=DIRECTION('',(-0.6476489895968585,0,0.7619388336829724));
#19270=DIRECTION('',(1,0,0));
#19271=DIRECTION('',(0,0,-1));
#19272=FACE_SURFACE('',(#19277),#19273,.T.);
#19273=PLANE('',#19274);
#19274=AXIS2_PLACEMENT_3D('',#486,#19275,#19276);
#19275=DIRECTION('',(-1,0,0));
#19276=DIRECTION('',(0,-1,0));
#19277=FACE_BOUND('',#19278,.T.);
#19278=EDGE_LOOP('',(#19279,#19280,#19281));
#19279=ORIENTED_EDGE('',*,*,#19282,.T.);
#19280=ORIENTED_EDGE('',*,*,#19283,.T.);
#19281=ORIENTED_EDGE('',*,*,#19284,.T.);
#19282=EDGE_CURVE('',#487,#493,#19285,.F.);
#19283=EDGE_CURVE('',#493,#187,#19286,.T.);
#19284=EDGE_CURVE('',#187,#487,#19287,.T.);
#19285=LINE('',#486,#19288);
#19286=LINE('',#492,#19289);
#19287=LINE('',#186,#19290);
#19288=VECTOR('',#19291,1.0);
#19289=VECTOR('',#19292,1.0);
#19290=VECTOR('',#19293,1.0);
#19291=DIRECTION('',(0,-1,0));
#19292=DIRECTION('',(0,0,1));
#19293=DIRECTION('',(0,0.19637106484766567,-0.9805296552836095));
#19294=FACE_SURFACE('',(#19299),#19295,.T.);
#19295=PLANE('',#19296);
#19296=AXIS2_PLACEMENT_3D('',#486,#19297,#19298);
#19297=DIRECTION('',(-1,0,0));
#19298=DIRECTION('',(0,-0.19637106484766567,0.9805296552836095));
#19299=FACE_BOUND('',#19300,.T.);
#19300=EDGE_LOOP('',(#19301,#19302,#19303));
#19301=ORIENTED_EDGE('',*,*,#19304,.T.);
#19302=ORIENTED_EDGE('',*,*,#19305,.T.);
#19303=ORIENTED_EDGE('',*,*,#19306,.T.);
#19304=EDGE_CURVE('',#487,#187,#19307,.F.);
#19305=EDGE_CURVE('',#187,#185,#19308,.T.);
#19306=EDGE_CURVE('',#185,#487,#19309,.T.);
#19307=LINE('',#486,#19310);
#19308=LINE('',#186,#19311);
#19309=LINE('',#184,#19312);
#19310=VECTOR('',#19313,1.0);
#19311=VECTOR('',#19314,1.0);
#19312=VECTOR('',#19315,1.0);
#19313=DIRECTION('',(0,-0.19637106484766567,0.9805296552836095));
#19314=DIRECTION('',(0,1,0));
#19315=DIRECTION('',(0,0,-1));
#19316=FACE_SURFACE('',(#19321),#19317,.T.);
#19317=PLANE('',#19318);
#19318=AXIS2_PLACEMENT_3D('',#126,#19319,#19320);
#19319=DIRECTION('',(0,-1,0));
#19320=DIRECTION('',(0,0,-1));
#19321=FACE_BOUND('',#19322,.T.);
#19322=EDGE_LOOP('',(#19323,#19324,#19325));
#19323=ORIENTED_EDGE('',*,*,#19326,.T.);
#19324=ORIENTED_EDGE('',*,*,#19327,.T.);
#19325=ORIENTED_EDGE('',*,*,#19328,.T.);
#19326=EDGE_CURVE('',#127,#381,#19329,.F.);
#19327=EDGE_CURVE('',#381,#379,#19330,.T.);
#19328=EDGE_CURVE('',#379,#127,#19331,.T.);
#19329=LINE('',#126,#19332);
#19330=LINE('',#380,#19333);
#19331=LINE('',#378,#19334);
#19332=VECTOR('',#19335,1.0);
#19333=VECTOR('',#19336,1.0);
#19334=VECTOR('',#19337,1.0);
#19335=DIRECTION('',(0,0,-1));
#19336=DIRECTION('',(1,0,0));
#19337=DIRECTION('',(-0.7398584216309538,0,0.6727625999873609));
#19338=FACE_SURFACE('',(#19343),#19339,.T.);
#19339=PLANE('',#19340);
#19340=AXIS2_PLACEMENT_3D('',#126,#19341,#19342);
#19341=DIRECTION('',(0,-1,0));
#19342=DIRECTION('',(0.7398584216309538,0,-0.6727625999873609));
#19343=FACE_BOUND('',#19344,.T.);
#19344=EDGE_LOOP('',(#19345,#19346,#19347));
#19345=ORIENTED_EDGE('',*,*,#19348,.T.);
#19346=ORIENTED_EDGE('',*,*,#19349,.T.);
#19347=ORIENTED_EDGE('',*,*,#19350,.T.);
#19348=EDGE_CURVE('',#127,#379,#19351,.F.);
#19349=EDGE_CURVE('',#379,#107,#19352,.T.);
#19350=EDGE_CURVE('',#107,#127,#19353,.T.);
#19351=LINE('',#126,#19354);
#19352=LINE('',#378,#19355);
#19353=LINE('',#106,#19356);
#19354=VECTOR('',#19357,1.0);
#19355=VECTOR('',#19358,1.0);
#19356=VECTOR('',#19359,1.0);
#19357=DIRECTION('',(0.7398584216309538,0,-0.6727625999873609));
#19358=DIRECTION('',(0,0,1));
#19359=DIRECTION('',(-1,0,0));
#19360=FACE_SURFACE('',(#19365),#19361,.T.);
#19361=PLANE('',#19362);
#19362=AXIS2_PLACEMENT_3D('',#170,#19363,#19364);
#19363=DIRECTION('',(1,0,0));
#19364=DIRECTION('',(0,0,-1));
#19365=FACE_BOUND('',#19366,.T.);
#19366=EDGE_LOOP('',(#19367,#19368,#19369));
#19367=ORIENTED_EDGE('',*,*,#19370,.T.);
#19368=ORIENTED_EDGE('',*,*,#19371,.T.);
#19369=ORIENTED_EDGE('',*,*,#19372,.T.);
#19370=EDGE_CURVE('',#171,#479,#19373,.F.);
#19371=EDGE_CURVE('',#479,#477,#19374,.T.);
#19372=EDGE_CURVE('',#477,#171,#19375,.T.);
#19373=LINE('',#170,#19376);
#19374=LINE('',#478,#19377);
#19375=LINE('',#476,#19378);
#19376=VECTOR('',#19379,1.0);
#19377=VECTOR('',#19380,1.0);
#19378=VECTOR('',#19381,1.0);
#19379=DIRECTION('',(0,0,-1));
#19380=DIRECTION('',(0,1,0));
#19381=DIRECTION('',(0,-0.3163559583294063,0.9486405576557873));
#19382=FACE_SURFACE('',(#19387),#19383,.T.);
#19383=PLANE('',#19384);
#19384=AXIS2_PLACEMENT_3D('',#170,#19385,#19386);
#19385=DIRECTION('',(1,-0,0));
#19386=DIRECTION('',(0,0.3163559583294063,-0.9486405576557873));
#19387=FACE_BOUND('',#19388,.T.);
#19388=EDGE_LOOP('',(#19389,#19390,#19391));
#19389=ORIENTED_EDGE('',*,*,#19392,.T.);
#19390=ORIENTED_EDGE('',*,*,#19393,.T.);
#19391=ORIENTED_EDGE('',*,*,#19394,.T.);
#19392=EDGE_CURVE('',#171,#477,#19395,.F.);
#19393=EDGE_CURVE('',#477,#173,#19396,.T.);
#19394=EDGE_CURVE('',#173,#171,#19397,.T.);
#19395=LINE('',#170,#19398);
#19396=LINE('',#476,#19399);
#19397=LINE('',#172,#19400);
#19398=VECTOR('',#19401,1.0);
#19399=VECTOR('',#19402,1.0);
#19400=VECTOR('',#19403,1.0);
#19401=DIRECTION('',(0,0.3163559583294063,-0.9486405576557873));
#19402=DIRECTION('',(0,0,1));
#19403=DIRECTION('',(0,-1,0));
#19404=FACE_SURFACE('',(#19409),#19405,.T.);
#19405=PLANE('',#19406);
#19406=AXIS2_PLACEMENT_3D('',#496,#19407,#19408);
#19407=DIRECTION('',(-1,0,0));
#19408=DIRECTION('',(0,-1,0));
#19409=FACE_BOUND('',#19410,.T.);
#19410=EDGE_LOOP('',(#19411,#19412,#19413));
#19411=ORIENTED_EDGE('',*,*,#19414,.T.);
#19412=ORIENTED_EDGE('',*,*,#19415,.T.);
#19413=ORIENTED_EDGE('',*,*,#19416,.T.);
#19414=EDGE_CURVE('',#497,#495,#19417,.F.);
#19415=EDGE_CURVE('',#495,#195,#19418,.T.);
#19416=EDGE_CURVE('',#195,#497,#19419,.T.);
#19417=LINE('',#496,#19420);
#19418=LINE('',#494,#19421);
#19419=LINE('',#194,#19422);
#19420=VECTOR('',#19423,1.0);
#19421=VECTOR('',#19424,1.0);
#19422=VECTOR('',#19425,1.0);
#19423=DIRECTION('',(0,-1,0));
#19424=DIRECTION('',(0,0,1));
#19425=DIRECTION('',(0,0.3163559583294063,-0.9486405576557873));
#19426=FACE_SURFACE('',(#19431),#19427,.T.);
#19427=PLANE('',#19428);
#19428=AXIS2_PLACEMENT_3D('',#496,#19429,#19430);
#19429=DIRECTION('',(-1,0,0));
#19430=DIRECTION('',(0,-0.3163559583294063,0.9486405576557873));
#19431=FACE_BOUND('',#19432,.T.);
#19432=EDGE_LOOP('',(#19433,#19434,#19435));
#19433=ORIENTED_EDGE('',*,*,#19436,.T.);
#19434=ORIENTED_EDGE('',*,*,#19437,.T.);
#19435=ORIENTED_EDGE('',*,*,#19438,.T.);
#19436=EDGE_CURVE('',#497,#195,#19439,.F.);
#19437=EDGE_CURVE('',#195,#193,#19440,.T.);
#19438=EDGE_CURVE('',#193,#497,#19441,.T.);
#19439=LINE('',#496,#19442);
#19440=LINE('',#194,#19443);
#19441=LINE('',#192,#19444);
#19442=VECTOR('',#19445,1.0);
#19443=VECTOR('',#19446,1.0);
#19444=VECTOR('',#19447,1.0);
#19445=DIRECTION('',(0,-0.3163559583294063,0.9486405576557873));
#19446=DIRECTION('',(0,1,0));
#19447=DIRECTION('',(0,0,-1));
#19448=FACE_SURFACE('',(#19453),#19449,.T.);
#19449=PLANE('',#19450);
#19450=AXIS2_PLACEMENT_3D('',#438,#19451,#19452);
#19451=DIRECTION('',(-1,0,0));
#19452=DIRECTION('',(0,-1,0));
#19453=FACE_BOUND('',#19454,.T.);
#19454=EDGE_LOOP('',(#19455,#19456,#19457));
#19455=ORIENTED_EDGE('',*,*,#19458,.T.);
#19456=ORIENTED_EDGE('',*,*,#19459,.T.);
#19457=ORIENTED_EDGE('',*,*,#19460,.T.);
#19458=EDGE_CURVE('',#439,#455,#19461,.F.);
#19459=EDGE_CURVE('',#455,#147,#19462,.T.);
#19460=EDGE_CURVE('',#147,#439,#19463,.T.);
#19461=LINE('',#438,#19464);
#19462=LINE('',#454,#19465);
#19463=LINE('',#146,#19466);
#19464=VECTOR('',#19467,1.0);
#19465=VECTOR('',#19468,1.0);
#19466=VECTOR('',#19469,1.0);
#19467=DIRECTION('',(0,-1,0));
#19468=DIRECTION('',(0,0,1));
#19469=DIRECTION('',(0,0.9715221290228127,-0.2369488400878581));
#19470=FACE_SURFACE('',(#19475),#19471,.T.);
#19471=PLANE('',#19472);
#19472=AXIS2_PLACEMENT_3D('',#438,#19473,#19474);
#19473=DIRECTION('',(-1,0,0));
#19474=DIRECTION('',(0,-0.9715221290228127,0.2369488400878581));
#19475=FACE_BOUND('',#19476,.T.);
#19476=EDGE_LOOP('',(#19477,#19478,#19479));
#19477=ORIENTED_EDGE('',*,*,#19480,.T.);
#19478=ORIENTED_EDGE('',*,*,#19481,.T.);
#19479=ORIENTED_EDGE('',*,*,#19482,.T.);
#19480=EDGE_CURVE('',#439,#147,#19483,.F.);
#19481=EDGE_CURVE('',#147,#139,#19484,.T.);
#19482=EDGE_CURVE('',#139,#439,#19485,.T.);
#19483=LINE('',#438,#19486);
#19484=LINE('',#146,#19487);
#19485=LINE('',#138,#19488);
#19486=VECTOR('',#19489,1.0);
#19487=VECTOR('',#19490,1.0);
#19488=VECTOR('',#19491,1.0);
#19489=DIRECTION('',(0,-0.9715221290228127,0.2369488400878581));
#19490=DIRECTION('',(0,1,0));
#19491=DIRECTION('',(0,0,-1));
#19492=FACE_SURFACE('',(#19497),#19493,.T.);
#19493=PLANE('',#19494);
#19494=AXIS2_PLACEMENT_3D('',#460,#19495,#19496);
#19495=DIRECTION('',(-1,0,0));
#19496=DIRECTION('',(0,-1,0));
#19497=FACE_BOUND('',#19498,.T.);
#19498=EDGE_LOOP('',(#19499,#19500,#19501));
#19499=ORIENTED_EDGE('',*,*,#19502,.T.);
#19500=ORIENTED_EDGE('',*,*,#19503,.T.);
#19501=ORIENTED_EDGE('',*,*,#19504,.T.);
#19502=EDGE_CURVE('',#461,#459,#19505,.F.);
#19503=EDGE_CURVE('',#459,#159,#19506,.T.);
#19504=EDGE_CURVE('',#159,#461,#19507,.T.);
#19505=LINE('',#460,#19508);
#19506=LINE('',#458,#19509);
#19507=LINE('',#158,#19510);
#19508=VECTOR('',#19511,1.0);
#19509=VECTOR('',#19512,1.0);
#19510=VECTOR('',#19513,1.0);
#19511=DIRECTION('',(0,-1,0));
#19512=DIRECTION('',(0,0,1));
#19513=DIRECTION('',(0,0.31045853479824564,-0.9505869229959596));
#19514=FACE_SURFACE('',(#19519),#19515,.T.);
#19515=PLANE('',#19516);
#19516=AXIS2_PLACEMENT_3D('',#460,#19517,#19518);
#19517=DIRECTION('',(-1,0,0));
#19518=DIRECTION('',(0,-0.31045853479824564,0.9505869229959596));
#19519=FACE_BOUND('',#19520,.T.);
#19520=EDGE_LOOP('',(#19521,#19522,#19523));
#19521=ORIENTED_EDGE('',*,*,#19524,.T.);
#19522=ORIENTED_EDGE('',*,*,#19525,.T.);
#19523=ORIENTED_EDGE('',*,*,#19526,.T.);
#19524=EDGE_CURVE('',#461,#159,#19527,.F.);
#19525=EDGE_CURVE('',#159,#157,#19528,.T.);
#19526=EDGE_CURVE('',#157,#461,#19529,.T.);
#19527=LINE('',#460,#19530);
#19528=LINE('',#158,#19531);
#19529=LINE('',#156,#19532);
#19530=VECTOR('',#19533,1.0);
#19531=VECTOR('',#19534,1.0);
#19532=VECTOR('',#19535,1.0);
#19533=DIRECTION('',(0,-0.31045853479824564,0.9505869229959596));
#19534=DIRECTION('',(0,1,0));
#19535=DIRECTION('',(0,0,-1));
#19536=FACE_SURFACE('',(#19541),#19537,.T.);
#19537=PLANE('',#19538);
#19538=AXIS2_PLACEMENT_3D('',#386,#19539,#19540);
#19539=DIRECTION('',(-1,0,0));
#19540=DIRECTION('',(0,-1,0));
#19541=FACE_BOUND('',#19542,.T.);
#19542=EDGE_LOOP('',(#19543,#19544,#19545));
#19543=ORIENTED_EDGE('',*,*,#19546,.T.);
#19544=ORIENTED_EDGE('',*,*,#19547,.T.);
#19545=ORIENTED_EDGE('',*,*,#19548,.T.);
#19546=EDGE_CURVE('',#387,#397,#19549,.F.);
#19547=EDGE_CURVE('',#397,#51,#19550,.T.);
#19548=EDGE_CURVE('',#51,#387,#19551,.T.);
#19549=LINE('',#386,#19552);
#19550=LINE('',#396,#19553);
#19551=LINE('',#50,#19554);
#19552=VECTOR('',#19555,1.0);
#19553=VECTOR('',#19556,1.0);
#19554=VECTOR('',#19557,1.0);
#19555=DIRECTION('',(0,-1,0));
#19556=DIRECTION('',(0,0,1));
#19557=DIRECTION('',(0,0.7188260552207438,-0.6951899757158357));
#19558=FACE_SURFACE('',(#19563),#19559,.T.);
#19559=PLANE('',#19560);
#19560=AXIS2_PLACEMENT_3D('',#386,#19561,#19562);
#19561=DIRECTION('',(-1,0,0));
#19562=DIRECTION('',(0,-0.7188260552207438,0.6951899757158357));
#19563=FACE_BOUND('',#19564,.T.);
#19564=EDGE_LOOP('',(#19565,#19566,#19567));
#19565=ORIENTED_EDGE('',*,*,#19568,.T.);
#19566=ORIENTED_EDGE('',*,*,#19569,.T.);
#19567=ORIENTED_EDGE('',*,*,#19570,.T.);
#19568=EDGE_CURVE('',#387,#51,#19571,.F.);
#19569=EDGE_CURVE('',#51,#79,#19572,.T.);
#19570=EDGE_CURVE('',#79,#387,#19573,.T.);
#19571=LINE('',#386,#19574);
#19572=LINE('',#50,#19575);
#19573=LINE('',#78,#19576);
#19574=VECTOR('',#19577,1.0);
#19575=VECTOR('',#19578,1.0);
#19576=VECTOR('',#19579,1.0);
#19577=DIRECTION('',(0,-0.7188260552207438,0.6951899757158357));
#19578=DIRECTION('',(0,1,0));
#19579=DIRECTION('',(0,0,-1));
#19580=FACE_SURFACE('',(#19585),#19581,.T.);
#19581=PLANE('',#19582);
#19582=AXIS2_PLACEMENT_3D('',#394,#19583,#19584);
#19583=DIRECTION('',(-1,0,0));
#19584=DIRECTION('',(0,-1,0));
#19585=FACE_BOUND('',#19586,.T.);
#19586=EDGE_LOOP('',(#19587,#19588,#19589));
#19587=ORIENTED_EDGE('',*,*,#19590,.T.);
#19588=ORIENTED_EDGE('',*,*,#19591,.T.);
#19589=ORIENTED_EDGE('',*,*,#19592,.T.);
#19590=EDGE_CURVE('',#395,#393,#19593,.F.);
#19591=EDGE_CURVE('',#393,#55,#19594,.T.);
#19592=EDGE_CURVE('',#55,#395,#19595,.T.);
#19593=LINE('',#394,#19596);
#19594=LINE('',#392,#19597);
#19595=LINE('',#54,#19598);
#19596=VECTOR('',#19599,1.0);
#19597=VECTOR('',#19600,1.0);
#19598=VECTOR('',#19601,1.0);
#19599=DIRECTION('',(0,-1,0));
#19600=DIRECTION('',(0,0,1));
#19601=DIRECTION('',(0,0.19551974531086622,-0.9806997650624649));
#19602=FACE_SURFACE('',(#19607),#19603,.T.);
#19603=PLANE('',#19604);
#19604=AXIS2_PLACEMENT_3D('',#394,#19605,#19606);
#19605=DIRECTION('',(-1,0,0));
#19606=DIRECTION('',(0,-0.19551974531086622,0.9806997650624649));
#19607=FACE_BOUND('',#19608,.T.);
#19608=EDGE_LOOP('',(#19609,#19610,#19611));
#19609=ORIENTED_EDGE('',*,*,#19612,.T.);
#19610=ORIENTED_EDGE('',*,*,#19613,.T.);
#19611=ORIENTED_EDGE('',*,*,#19614,.T.);
#19612=EDGE_CURVE('',#395,#55,#19615,.F.);
#19613=EDGE_CURVE('',#55,#53,#19616,.T.);
#19614=EDGE_CURVE('',#53,#395,#19617,.T.);
#19615=LINE('',#394,#19618);
#19616=LINE('',#54,#19619);
#19617=LINE('',#52,#19620);
#19618=VECTOR('',#19621,1.0);
#19619=VECTOR('',#19622,1.0);
#19620=VECTOR('',#19623,1.0);
#19621=DIRECTION('',(0,-0.19551974531086622,0.9806997650624649));
#19622=DIRECTION('',(0,1,0));
#19623=DIRECTION('',(0,0,-1));
#19624=FACE_SURFACE('',(#19629),#19625,.T.);
#19625=PLANE('',#19626);
#19626=AXIS2_PLACEMENT_3D('',#452,#19627,#19628);
#19627=DIRECTION('',(-1,0,0));
#19628=DIRECTION('',(0,-1,0));
#19629=FACE_BOUND('',#19630,.T.);
#19630=EDGE_LOOP('',(#19631,#19632,#19633));
#19631=ORIENTED_EDGE('',*,*,#19634,.T.);
#19632=ORIENTED_EDGE('',*,*,#19635,.T.);
#19633=ORIENTED_EDGE('',*,*,#19636,.T.);
#19634=EDGE_CURVE('',#453,#451,#19637,.F.);
#19635=EDGE_CURVE('',#451,#151,#19638,.T.);
#19636=EDGE_CURVE('',#151,#453,#19639,.T.);
#19637=LINE('',#452,#19640);
#19638=LINE('',#450,#19641);
#19639=LINE('',#150,#19642);
#19640=VECTOR('',#19643,1.0);
#19641=VECTOR('',#19644,1.0);
#19642=VECTOR('',#19645,1.0);
#19643=DIRECTION('',(0,-1,0));
#19644=DIRECTION('',(0,0,1));
#19645=DIRECTION('',(0,0.31045853479824564,-0.9505869229959596));
#19646=FACE_SURFACE('',(#19651),#19647,.T.);
#19647=PLANE('',#19648);
#19648=AXIS2_PLACEMENT_3D('',#452,#19649,#19650);
#19649=DIRECTION('',(-1,0,0));
#19650=DIRECTION('',(0,-0.31045853479824564,0.9505869229959596));
#19651=FACE_BOUND('',#19652,.T.);
#19652=EDGE_LOOP('',(#19653,#19654,#19655));
#19653=ORIENTED_EDGE('',*,*,#19656,.T.);
#19654=ORIENTED_EDGE('',*,*,#19657,.T.);
#19655=ORIENTED_EDGE('',*,*,#19658,.T.);
#19656=EDGE_CURVE('',#453,#151,#19659,.F.);
#19657=EDGE_CURVE('',#151,#149,#19660,.T.);
#19658=EDGE_CURVE('',#149,#453,#19661,.T.);
#19659=LINE('',#452,#19662);
#19660=LINE('',#150,#19663);
#19661=LINE('',#148,#19664);
#19662=VECTOR('',#19665,1.0);
#19663=VECTOR('',#19666,1.0);
#19664=VECTOR('',#19667,1.0);
#19665=DIRECTION('',(0,-0.31045853479824564,0.9505869229959596));
#19666=DIRECTION('',(0,1,0));
#19667=DIRECTION('',(0,0,-1));
#19668=FACE_SURFACE('',(#19673),#19669,.T.);
#19669=PLANE('',#19670);
#19670=AXIS2_PLACEMENT_3D('',#86,#19671,#19672);
#19671=DIRECTION('',(1,0,0));
#19672=DIRECTION('',(0,0,-1));
#19673=FACE_BOUND('',#19674,.T.);
#19674=EDGE_LOOP('',(#19675,#19676,#19677));
#19675=ORIENTED_EDGE('',*,*,#19678,.T.);
#19676=ORIENTED_EDGE('',*,*,#19679,.T.);
#19677=ORIENTED_EDGE('',*,*,#19680,.T.);
#19678=EDGE_CURVE('',#87,#363,#19681,.F.);
#19679=EDGE_CURVE('',#363,#361,#19682,.T.);
#19680=EDGE_CURVE('',#361,#87,#19683,.T.);
#19681=LINE('',#86,#19684);
#19682=LINE('',#362,#19685);
#19683=LINE('',#360,#19686);
#19684=VECTOR('',#19687,1.0);
#19685=VECTOR('',#19688,1.0);
#19686=VECTOR('',#19689,1.0);
#19687=DIRECTION('',(0,0,-1));
#19688=DIRECTION('',(0,1,0));
#19689=DIRECTION('',(0,-0.31597160091587984,0.9487686479931006));
#19690=FACE_SURFACE('',(#19695),#19691,.T.);
#19691=PLANE('',#19692);
#19692=AXIS2_PLACEMENT_3D('',#86,#19693,#19694);
#19693=DIRECTION('',(1,-0,0));
#19694=DIRECTION('',(0,0.31597160091587984,-0.9487686479931006));
#19695=FACE_BOUND('',#19696,.T.);
#19696=EDGE_LOOP('',(#19697,#19698,#19699));
#19697=ORIENTED_EDGE('',*,*,#19700,.T.);
#19698=ORIENTED_EDGE('',*,*,#19701,.T.);
#19699=ORIENTED_EDGE('',*,*,#19702,.T.);
#19700=EDGE_CURVE('',#87,#361,#19703,.F.);
#19701=EDGE_CURVE('',#361,#89,#19704,.T.);
#19702=EDGE_CURVE('',#89,#87,#19705,.T.);
#19703=LINE('',#86,#19706);
#19704=LINE('',#360,#19707);
#19705=LINE('',#88,#19708);
#19706=VECTOR('',#19709,1.0);
#19707=VECTOR('',#19710,1.0);
#19708=VECTOR('',#19711,1.0);
#19709=DIRECTION('',(0,0.31597160091587984,-0.9487686479931006));
#19710=DIRECTION('',(0,0,1));
#19711=DIRECTION('',(0,-1,0));
#19712=FACE_SURFACE('',(#19717),#19713,.T.);
#19713=PLANE('',#19714);
#19714=AXIS2_PLACEMENT_3D('',#520,#19715,#19716);
#19715=DIRECTION('',(1,0,0));
#19716=DIRECTION('',(0,0,-1));
#19717=FACE_BOUND('',#19718,.T.);
#19718=EDGE_LOOP('',(#19719,#19720,#19721));
#19719=ORIENTED_EDGE('',*,*,#19722,.T.);
#19720=ORIENTED_EDGE('',*,*,#19723,.T.);
#19721=ORIENTED_EDGE('',*,*,#19724,.T.);
#19722=EDGE_CURVE('',#521,#405,#19725,.F.);
#19723=EDGE_CURVE('',#405,#403,#19726,.T.);
#19724=EDGE_CURVE('',#403,#521,#19727,.T.);
#19725=LINE('',#520,#19728);
#19726=LINE('',#404,#19729);
#19727=LINE('',#402,#19730);
#19728=VECTOR('',#19731,1.0);
#19729=VECTOR('',#19732,1.0);
#19730=VECTOR('',#19733,1.0);
#19731=DIRECTION('',(0,0,-1));
#19732=DIRECTION('',(0,1,0));
#19733=DIRECTION('',(0,-0.2929283475257074,0.9561343960008228));
#19734=FACE_SURFACE('',(#19739),#19735,.T.);
#19735=PLANE('',#19736);
#19736=AXIS2_PLACEMENT_3D('',#520,#19737,#19738);
#19737=DIRECTION('',(1,-0,0));
#19738=DIRECTION('',(0,0.2929283475257074,-0.9561343960008228));
#19739=FACE_BOUND('',#19740,.T.);
#19740=EDGE_LOOP('',(#19741,#19742,#19743));
#19741=ORIENTED_EDGE('',*,*,#19744,.T.);
#19742=ORIENTED_EDGE('',*,*,#19745,.T.);
#19743=ORIENTED_EDGE('',*,*,#19746,.T.);
#19744=EDGE_CURVE('',#521,#403,#19747,.F.);
#19745=EDGE_CURVE('',#403,#523,#19748,.T.);
#19746=EDGE_CURVE('',#523,#521,#19749,.T.);
#19747=LINE('',#520,#19750);
#19748=LINE('',#402,#19751);
#19749=LINE('',#522,#19752);
#19750=VECTOR('',#19753,1.0);
#19751=VECTOR('',#19754,1.0);
#19752=VECTOR('',#19755,1.0);
#19753=DIRECTION('',(0,0.2929283475257074,-0.9561343960008228));
#19754=DIRECTION('',(0,0,1));
#19755=DIRECTION('',(0,-1,0));
#19756=FACE_SURFACE('',(#19761),#19757,.T.);
#19757=PLANE('',#19758);
#19758=AXIS2_PLACEMENT_3D('',#396,#19759,#19760);
#19759=DIRECTION('',(0,1,0));
#19760=DIRECTION('',(-1,0,0));
#19761=FACE_BOUND('',#19762,.T.);
#19762=EDGE_LOOP('',(#19763,#19764,#19765));
#19763=ORIENTED_EDGE('',*,*,#19766,.T.);
#19764=ORIENTED_EDGE('',*,*,#19767,.T.);
#19765=ORIENTED_EDGE('',*,*,#19768,.T.);
#19766=EDGE_CURVE('',#397,#395,#19769,.F.);
#19767=EDGE_CURVE('',#395,#53,#19770,.T.);
#19768=EDGE_CURVE('',#53,#397,#19771,.T.);
#19769=LINE('',#396,#19772);
#19770=LINE('',#394,#19773);
#19771=LINE('',#52,#19774);
#19772=VECTOR('',#19775,1.0);
#19773=VECTOR('',#19776,1.0);
#19774=VECTOR('',#19777,1.0);
#19775=DIRECTION('',(-1,0,0));
#19776=DIRECTION('',(0,0,1));
#19777=DIRECTION('',(0.25766364468096886,0,-0.9662346745018622));
#19778=FACE_SURFACE('',(#19783),#19779,.T.);
#19779=PLANE('',#19780);
#19780=AXIS2_PLACEMENT_3D('',#396,#19781,#19782);
#19781=DIRECTION('',(0,1,-0));
#19782=DIRECTION('',(-0.25766364468096886,0,0.9662346745018622));
#19783=FACE_BOUND('',#19784,.T.);
#19784=EDGE_LOOP('',(#19785,#19786,#19787));
#19785=ORIENTED_EDGE('',*,*,#19788,.T.);
#19786=ORIENTED_EDGE('',*,*,#19789,.T.);
#19787=ORIENTED_EDGE('',*,*,#19790,.T.);
#19788=EDGE_CURVE('',#397,#53,#19791,.F.);
#19789=EDGE_CURVE('',#53,#51,#19792,.T.);
#19790=EDGE_CURVE('',#51,#397,#19793,.T.);
#19791=LINE('',#396,#19794);
#19792=LINE('',#52,#19795);
#19793=LINE('',#50,#19796);
#19794=VECTOR('',#19797,1.0);
#19795=VECTOR('',#19798,1.0);
#19796=VECTOR('',#19799,1.0);
#19797=DIRECTION('',(-0.25766364468096886,0,0.9662346745018622));
#19798=DIRECTION('',(1,0,0));
#19799=DIRECTION('',(0,0,-1));
#19800=FACE_SURFACE('',(#19805),#19801,.T.);
#19801=PLANE('',#19802);
#19802=AXIS2_PLACEMENT_3D('',#380,#19803,#19804);
#19803=DIRECTION('',(1,0,-0));
#19804=DIRECTION('',(0,0,1));
#19805=FACE_BOUND('',#19806,.T.);
#19806=EDGE_LOOP('',(#19807,#19808,#19809));
#19807=ORIENTED_EDGE('',*,*,#19810,.T.);
#19808=ORIENTED_EDGE('',*,*,#19811,.T.);
#19809=ORIENTED_EDGE('',*,*,#19812,.T.);
#19810=EDGE_CURVE('',#381,#127,#19813,.F.);
#19811=EDGE_CURVE('',#127,#125,#19814,.T.);
#19812=EDGE_CURVE('',#125,#381,#19815,.T.);
#19813=LINE('',#380,#19816);
#19814=LINE('',#126,#19817);
#19815=LINE('',#124,#19818);
#19816=VECTOR('',#19819,1.0);
#19817=VECTOR('',#19820,1.0);
#19818=VECTOR('',#19821,1.0);
#19819=DIRECTION('',(0,0,1));
#19820=DIRECTION('',(0,-1,0));
#19821=DIRECTION('',(0,0.2929283475257074,-0.9561343960008228));
#19822=FACE_SURFACE('',(#19827),#19823,.T.);
#19823=PLANE('',#19824);
#19824=AXIS2_PLACEMENT_3D('',#380,#19825,#19826);
#19825=DIRECTION('',(1,0,0));
#19826=DIRECTION('',(0,-0.2929283475257074,0.9561343960008228));
#19827=FACE_BOUND('',#19828,.T.);
#19828=EDGE_LOOP('',(#19829,#19830,#19831));
#19829=ORIENTED_EDGE('',*,*,#19832,.T.);
#19830=ORIENTED_EDGE('',*,*,#19833,.T.);
#19831=ORIENTED_EDGE('',*,*,#19834,.T.);
#19832=EDGE_CURVE('',#381,#125,#19835,.F.);
#19833=EDGE_CURVE('',#125,#383,#19836,.T.);
#19834=EDGE_CURVE('',#383,#381,#19837,.T.);
#19835=LINE('',#380,#19838);
#19836=LINE('',#124,#19839);
#19837=LINE('',#382,#19840);
#19838=VECTOR('',#19841,1.0);
#19839=VECTOR('',#19842,1.0);
#19840=VECTOR('',#19843,1.0);
#19841=DIRECTION('',(0,-0.2929283475257074,0.9561343960008228));
#19842=DIRECTION('',(0,0,-1));
#19843=DIRECTION('',(0,1,0));
#19844=FACE_SURFACE('',(#19849),#19845,.T.);
#19845=PLANE('',#19846);
#19846=AXIS2_PLACEMENT_3D('',#374,#19847,#19848);
#19847=DIRECTION('',(-1,0,0));
#19848=DIRECTION('',(0,-1,0));
#19849=FACE_BOUND('',#19850,.T.);
#19850=EDGE_LOOP('',(#19851,#19852,#19853));
#19851=ORIENTED_EDGE('',*,*,#19854,.T.);
#19852=ORIENTED_EDGE('',*,*,#19855,.T.);
#19853=ORIENTED_EDGE('',*,*,#19856,.T.);
#19854=EDGE_CURVE('',#375,#373,#19857,.F.);
#19855=EDGE_CURVE('',#373,#105,#19858,.T.);
#19856=EDGE_CURVE('',#105,#375,#19859,.T.);
#19857=LINE('',#374,#19860);
#19858=LINE('',#372,#19861);
#19859=LINE('',#104,#19862);
#19860=VECTOR('',#19863,1.0);
#19861=VECTOR('',#19864,1.0);
#19862=VECTOR('',#19865,1.0);
#19863=DIRECTION('',(0,-1,0));
#19864=DIRECTION('',(0,0,1));
#19865=DIRECTION('',(0,0.7327339915512443,-0.680515170753291));
#19866=FACE_SURFACE('',(#19871),#19867,.T.);
#19867=PLANE('',#19868);
#19868=AXIS2_PLACEMENT_3D('',#374,#19869,#19870);
#19869=DIRECTION('',(-1,0,0));
#19870=DIRECTION('',(0,-0.7327339915512443,0.680515170753291));
#19871=FACE_BOUND('',#19872,.T.);
#19872=EDGE_LOOP('',(#19873,#19874,#19875));
#19873=ORIENTED_EDGE('',*,*,#19876,.T.);
#19874=ORIENTED_EDGE('',*,*,#19877,.T.);
#19875=ORIENTED_EDGE('',*,*,#19878,.T.);
#19876=EDGE_CURVE('',#375,#105,#19879,.F.);
#19877=EDGE_CURVE('',#105,#111,#19880,.T.);
#19878=EDGE_CURVE('',#111,#375,#19881,.T.);
#19879=LINE('',#374,#19882);
#19880=LINE('',#104,#19883);
#19881=LINE('',#110,#19884);
#19882=VECTOR('',#19885,1.0);
#19883=VECTOR('',#19886,1.0);
#19884=VECTOR('',#19887,1.0);
#19885=DIRECTION('',(0,-0.7327339915512443,0.680515170753291));
#19886=DIRECTION('',(0,1,0));
#19887=DIRECTION('',(0,0,-1));
#19888=FACE_SURFACE('',(#19893),#19889,.T.);
#19889=PLANE('',#19890);
#19890=AXIS2_PLACEMENT_3D('',#462,#19891,#19892);
#19891=DIRECTION('',(0,1,0));
#19892=DIRECTION('',(-1,0,0));
#19893=FACE_BOUND('',#19894,.T.);
#19894=EDGE_LOOP('',(#19895,#19896,#19897));
#19895=ORIENTED_EDGE('',*,*,#19898,.T.);
#19896=ORIENTED_EDGE('',*,*,#19899,.T.);
#19897=ORIENTED_EDGE('',*,*,#19900,.T.);
#19898=EDGE_CURVE('',#463,#461,#19901,.F.);
#19899=EDGE_CURVE('',#461,#157,#19902,.T.);
#19900=EDGE_CURVE('',#157,#463,#19903,.T.);
#19901=LINE('',#462,#19904);
#19902=LINE('',#460,#19905);
#19903=LINE('',#156,#19906);
#19904=VECTOR('',#19907,1.0);
#19905=VECTOR('',#19908,1.0);
#19906=VECTOR('',#19909,1.0);
#19907=DIRECTION('',(-1,0,0));
#19908=DIRECTION('',(0,0,1));
#19909=DIRECTION('',(0.6478109370243236,0,-0.7618011485103365));
#19910=FACE_SURFACE('',(#19915),#19911,.T.);
#19911=PLANE('',#19912);
#19912=AXIS2_PLACEMENT_3D('',#462,#19913,#19914);
#19913=DIRECTION('',(0,1,-0));
#19914=DIRECTION('',(-0.6478109370243236,0,0.7618011485103365));
#19915=FACE_BOUND('',#19916,.T.);
#19916=EDGE_LOOP('',(#19917,#19918,#19919));
#19917=ORIENTED_EDGE('',*,*,#19920,.T.);
#19918=ORIENTED_EDGE('',*,*,#19921,.T.);
#19919=ORIENTED_EDGE('',*,*,#19922,.T.);
#19920=EDGE_CURVE('',#463,#157,#19923,.F.);
#19921=EDGE_CURVE('',#157,#155,#19924,.T.);
#19922=EDGE_CURVE('',#155,#463,#19925,.T.);
#19923=LINE('',#462,#19926);
#19924=LINE('',#156,#19927);
#19925=LINE('',#154,#19928);
#19926=VECTOR('',#19929,1.0);
#19927=VECTOR('',#19930,1.0);
#19928=VECTOR('',#19931,1.0);
#19929=DIRECTION('',(-0.6478109370243236,0,0.7618011485103365));
#19930=DIRECTION('',(1,0,0));
#19931=DIRECTION('',(0,0,-1));
#19932=FACE_SURFACE('',(#19937),#19933,.T.);
#19933=PLANE('',#19934);
#19934=AXIS2_PLACEMENT_3D('',#122,#19935,#19936);
#19935=DIRECTION('',(0,-1,0));
#19936=DIRECTION('',(0,0,-1));
#19937=FACE_BOUND('',#19938,.T.);
#19938=EDGE_LOOP('',(#19939,#19940,#19941));
#19939=ORIENTED_EDGE('',*,*,#19942,.T.);
#19940=ORIENTED_EDGE('',*,*,#19943,.T.);
#19941=ORIENTED_EDGE('',*,*,#19944,.T.);
#19942=EDGE_CURVE('',#123,#385,#19945,.F.);
#19943=EDGE_CURVE('',#385,#383,#19946,.T.);
#19944=EDGE_CURVE('',#383,#123,#19947,.T.);
#19945=LINE('',#122,#19948);
#19946=LINE('',#384,#19949);
#19947=LINE('',#382,#19950);
#19948=VECTOR('',#19951,1.0);
#19949=VECTOR('',#19952,1.0);
#19950=VECTOR('',#19953,1.0);
#19951=DIRECTION('',(0,0,-1));
#19952=DIRECTION('',(1,0,0));
#19953=DIRECTION('',(-0.6478109370243236,0,0.7618011485103365));
#19954=FACE_SURFACE('',(#19959),#19955,.T.);
#19955=PLANE('',#19956);
#19956=AXIS2_PLACEMENT_3D('',#122,#19957,#19958);
#19957=DIRECTION('',(0,-1,0));
#19958=DIRECTION('',(0.6478109370243236,0,-0.7618011485103365));
#19959=FACE_BOUND('',#19960,.T.);
#19960=EDGE_LOOP('',(#19961,#19962,#19963));
#19961=ORIENTED_EDGE('',*,*,#19964,.T.);
#19962=ORIENTED_EDGE('',*,*,#19965,.T.);
#19963=ORIENTED_EDGE('',*,*,#19966,.T.);
#19964=EDGE_CURVE('',#123,#383,#19967,.F.);
#19965=EDGE_CURVE('',#383,#125,#19968,.T.);
#19966=EDGE_CURVE('',#125,#123,#19969,.T.);
#19967=LINE('',#122,#19970);
#19968=LINE('',#382,#19971);
#19969=LINE('',#124,#19972);
#19970=VECTOR('',#19973,1.0);
#19971=VECTOR('',#19974,1.0);
#19972=VECTOR('',#19975,1.0);
#19973=DIRECTION('',(0.6478109370243236,0,-0.7618011485103365));
#19974=DIRECTION('',(0,0,1));
#19975=DIRECTION('',(-1,0,0));
#19976=FACE_SURFACE('',(#19981),#19977,.T.);
#19977=PLANE('',#19978);
#19978=AXIS2_PLACEMENT_3D('',#168,#19979,#19980);
#19979=DIRECTION('',(1,0,0));
#19980=DIRECTION('',(0,0,-1));
#19981=FACE_BOUND('',#19982,.T.);
#19982=EDGE_LOOP('',(#19983,#19984,#19985));
#19983=ORIENTED_EDGE('',*,*,#19986,.T.);
#19984=ORIENTED_EDGE('',*,*,#19987,.T.);
#19985=ORIENTED_EDGE('',*,*,#19988,.T.);
#19986=EDGE_CURVE('',#169,#471,#19989,.F.);
#19987=EDGE_CURVE('',#471,#467,#19990,.T.);
#19988=EDGE_CURVE('',#467,#169,#19991,.T.);
#19989=LINE('',#168,#19992);
#19990=LINE('',#470,#19993);
#19991=LINE('',#466,#19994);
#19992=VECTOR('',#19995,1.0);
#19993=VECTOR('',#19996,1.0);
#19994=VECTOR('',#19997,1.0);
#19995=DIRECTION('',(0,0,-1));
#19996=DIRECTION('',(0,1,0));
#19997=DIRECTION('',(0,-0.19637106484766567,0.9805296552836095));
#19998=FACE_SURFACE('',(#20003),#19999,.T.);
#19999=PLANE('',#20000);
#20000=AXIS2_PLACEMENT_3D('',#168,#20001,#20002);
#20001=DIRECTION('',(1,-0,0));
#20002=DIRECTION('',(0,0.19637106484766567,-0.9805296552836095));
#20003=FACE_BOUND('',#20004,.T.);
#20004=EDGE_LOOP('',(#20005,#20006,#20007));
#20005=ORIENTED_EDGE('',*,*,#20008,.T.);
#20006=ORIENTED_EDGE('',*,*,#20009,.T.);
#20007=ORIENTED_EDGE('',*,*,#20010,.T.);
#20008=EDGE_CURVE('',#169,#467,#20011,.F.);
#20009=EDGE_CURVE('',#467,#161,#20012,.T.);
#20010=EDGE_CURVE('',#161,#169,#20013,.T.);
#20011=LINE('',#168,#20014);
#20012=LINE('',#466,#20015);
#20013=LINE('',#160,#20016);
#20014=VECTOR('',#20017,1.0);
#20015=VECTOR('',#20018,1.0);
#20016=VECTOR('',#20019,1.0);
#20017=DIRECTION('',(0,0.19637106484766567,-0.9805296552836095));
#20018=DIRECTION('',(0,0,1));
#20019=DIRECTION('',(0,-1,0));
#20020=FACE_SURFACE('',(#20025),#20021,.T.);
#20021=PLANE('',#20022);
#20022=AXIS2_PLACEMENT_3D('',#92,#20023,#20024);
#20023=DIRECTION('',(1,0,0));
#20024=DIRECTION('',(0,0,-1));
#20025=FACE_BOUND('',#20026,.T.);
#20026=EDGE_LOOP('',(#20027,#20028,#20029));
#20027=ORIENTED_EDGE('',*,*,#20030,.T.);
#20028=ORIENTED_EDGE('',*,*,#20031,.T.);
#20029=ORIENTED_EDGE('',*,*,#20032,.T.);
#20030=EDGE_CURVE('',#93,#371,#20033,.F.);
#20031=EDGE_CURVE('',#371,#369,#20034,.T.);
#20032=EDGE_CURVE('',#369,#93,#20035,.T.);
#20033=LINE('',#92,#20036);
#20034=LINE('',#370,#20037);
#20035=LINE('',#368,#20038);
#20036=VECTOR('',#20039,1.0);
#20037=VECTOR('',#20040,1.0);
#20038=VECTOR('',#20041,1.0);
#20039=DIRECTION('',(0,0,-1));
#20040=DIRECTION('',(0,1,0));
#20041=DIRECTION('',(0,-0.19551974531086622,0.9806997650624649));
#20042=FACE_SURFACE('',(#20047),#20043,.T.);
#20043=PLANE('',#20044);
#20044=AXIS2_PLACEMENT_3D('',#92,#20045,#20046);
#20045=DIRECTION('',(1,-0,0));
#20046=DIRECTION('',(0,0.19551974531086622,-0.9806997650624649));
#20047=FACE_BOUND('',#20048,.T.);
#20048=EDGE_LOOP('',(#20049,#20050,#20051));
#20049=ORIENTED_EDGE('',*,*,#20052,.T.);
#20050=ORIENTED_EDGE('',*,*,#20053,.T.);
#20051=ORIENTED_EDGE('',*,*,#20054,.T.);
#20052=EDGE_CURVE('',#93,#369,#20055,.F.);
#20053=EDGE_CURVE('',#369,#95,#20056,.T.);
#20054=EDGE_CURVE('',#95,#93,#20057,.T.);
#20055=LINE('',#92,#20058);
#20056=LINE('',#368,#20059);
#20057=LINE('',#94,#20060);
#20058=VECTOR('',#20061,1.0);
#20059=VECTOR('',#20062,1.0);
#20060=VECTOR('',#20063,1.0);
#20061=DIRECTION('',(0,0.19551974531086622,-0.9806997650624649));
#20062=DIRECTION('',(0,0,1));
#20063=DIRECTION('',(0,-1,0));
#20064=FACE_SURFACE('',(#20069),#20065,.T.);
#20065=PLANE('',#20066);
#20066=AXIS2_PLACEMENT_3D('',#458,#20067,#20068);
#20067=DIRECTION('',(0,1,0));
#20068=DIRECTION('',(-1,0,0));
#20069=FACE_BOUND('',#20070,.T.);
#20070=EDGE_LOOP('',(#20071,#20072,#20073));
#20071=ORIENTED_EDGE('',*,*,#20074,.T.);
#20072=ORIENTED_EDGE('',*,*,#20075,.T.);
#20073=ORIENTED_EDGE('',*,*,#20076,.T.);
#20074=EDGE_CURVE('',#459,#449,#20077,.F.);
#20075=EDGE_CURVE('',#449,#141,#20078,.T.);
#20076=EDGE_CURVE('',#141,#459,#20079,.T.);
#20077=LINE('',#458,#20080);
#20078=LINE('',#448,#20081);
#20079=LINE('',#140,#20082);
#20080=VECTOR('',#20083,1.0);
#20081=VECTOR('',#20084,1.0);
#20082=VECTOR('',#20085,1.0);
#20083=DIRECTION('',(-1,0,0));
#20084=DIRECTION('',(0,0,1));
#20085=DIRECTION('',(0.7398584216309538,0,-0.6727625999873609));
#20086=FACE_SURFACE('',(#20091),#20087,.T.);
#20087=PLANE('',#20088);
#20088=AXIS2_PLACEMENT_3D('',#458,#20089,#20090);
#20089=DIRECTION('',(0,1,-0));
#20090=DIRECTION('',(-0.7398584216309538,0,0.6727625999873609));
#20091=FACE_BOUND('',#20092,.T.);
#20092=EDGE_LOOP('',(#20093,#20094,#20095));
#20093=ORIENTED_EDGE('',*,*,#20096,.T.);
#20094=ORIENTED_EDGE('',*,*,#20097,.T.);
#20095=ORIENTED_EDGE('',*,*,#20098,.T.);
#20096=EDGE_CURVE('',#459,#141,#20099,.F.);
#20097=EDGE_CURVE('',#141,#159,#20100,.T.);
#20098=EDGE_CURVE('',#159,#459,#20101,.T.);
#20099=LINE('',#458,#20102);
#20100=LINE('',#140,#20103);
#20101=LINE('',#158,#20104);
#20102=VECTOR('',#20105,1.0);
#20103=VECTOR('',#20106,1.0);
#20104=VECTOR('',#20107,1.0);
#20105=DIRECTION('',(-0.7398584216309538,0,0.6727625999873609));
#20106=DIRECTION('',(1,0,0));
#20107=DIRECTION('',(0,0,-1));
#20108=FACE_SURFACE('',(#20113),#20109,.T.);
#20109=PLANE('',#20110);
#20110=AXIS2_PLACEMENT_3D('',#454,#20111,#20112);
#20111=DIRECTION('',(0,1,0));
#20112=DIRECTION('',(-1,0,0));
#20113=FACE_BOUND('',#20114,.T.);
#20114=EDGE_LOOP('',(#20115,#20116,#20117));
#20115=ORIENTED_EDGE('',*,*,#20118,.T.);
#20116=ORIENTED_EDGE('',*,*,#20119,.T.);
#20117=ORIENTED_EDGE('',*,*,#20120,.T.);
#20118=EDGE_CURVE('',#455,#453,#20121,.F.);
#20119=EDGE_CURVE('',#453,#149,#20122,.T.);
#20120=EDGE_CURVE('',#149,#455,#20123,.T.);
#20121=LINE('',#454,#20124);
#20122=LINE('',#452,#20125);
#20123=LINE('',#148,#20126);
#20124=VECTOR('',#20127,1.0);
#20125=VECTOR('',#20128,1.0);
#20126=VECTOR('',#20129,1.0);
#20127=DIRECTION('',(-1,0,0));
#20128=DIRECTION('',(0,0,1));
#20129=DIRECTION('',(0.6476489895968585,0,-0.7619388336829724));
#20130=FACE_SURFACE('',(#20135),#20131,.T.);
#20131=PLANE('',#20132);
#20132=AXIS2_PLACEMENT_3D('',#454,#20133,#20134);
#20133=DIRECTION('',(0,1,-0));
#20134=DIRECTION('',(-0.6476489895968585,0,0.7619388336829724));
#20135=FACE_BOUND('',#20136,.T.);
#20136=EDGE_LOOP('',(#20137,#20138,#20139));
#20137=ORIENTED_EDGE('',*,*,#20140,.T.);
#20138=ORIENTED_EDGE('',*,*,#20141,.T.);
#20139=ORIENTED_EDGE('',*,*,#20142,.T.);
#20140=EDGE_CURVE('',#455,#149,#20143,.F.);
#20141=EDGE_CURVE('',#149,#147,#20144,.T.);
#20142=EDGE_CURVE('',#147,#455,#20145,.T.);
#20143=LINE('',#454,#20146);
#20144=LINE('',#148,#20147);
#20145=LINE('',#146,#20148);
#20146=VECTOR('',#20149,1.0);
#20147=VECTOR('',#20150,1.0);
#20148=VECTOR('',#20151,1.0);
#20149=DIRECTION('',(-0.6476489895968585,0,0.7619388336829724));
#20150=DIRECTION('',(1,0,0));
#20151=DIRECTION('',(0,0,-1));
#20152=FACE_SURFACE('',(#20157),#20153,.T.);
#20153=PLANE('',#20154);
#20154=AXIS2_PLACEMENT_3D('',#136,#20155,#20156);
#20155=DIRECTION('',(0,-1,0));
#20156=DIRECTION('',(0,0,-1));
#20157=FACE_BOUND('',#20158,.T.);
#20158=EDGE_LOOP('',(#20159,#20160,#20161));
#20159=ORIENTED_EDGE('',*,*,#20162,.T.);
#20160=ORIENTED_EDGE('',*,*,#20163,.T.);
#20161=ORIENTED_EDGE('',*,*,#20164,.T.);
#20162=EDGE_CURVE('',#137,#441,#20165,.F.);
#20163=EDGE_CURVE('',#441,#439,#20166,.T.);
#20164=EDGE_CURVE('',#439,#137,#20167,.T.);
#20165=LINE('',#136,#20168);
#20166=LINE('',#440,#20169);
#20167=LINE('',#438,#20170);
#20168=VECTOR('',#20171,1.0);
#20169=VECTOR('',#20172,1.0);
#20170=VECTOR('',#20173,1.0);
#20171=DIRECTION('',(0,0,-1));
#20172=DIRECTION('',(1,0,0));
#20173=DIRECTION('',(-0.6476489895968585,0,0.7619388336829724));
#20174=FACE_SURFACE('',(#20179),#20175,.T.);
#20175=PLANE('',#20176);
#20176=AXIS2_PLACEMENT_3D('',#136,#20177,#20178);
#20177=DIRECTION('',(0,-1,0));
#20178=DIRECTION('',(0.6476489895968585,0,-0.7619388336829724));
#20179=FACE_BOUND('',#20180,.T.);
#20180=EDGE_LOOP('',(#20181,#20182,#20183));
#20181=ORIENTED_EDGE('',*,*,#20184,.T.);
#20182=ORIENTED_EDGE('',*,*,#20185,.T.);
#20183=ORIENTED_EDGE('',*,*,#20186,.T.);
#20184=EDGE_CURVE('',#137,#439,#20187,.F.);
#20185=EDGE_CURVE('',#439,#139,#20188,.T.);
#20186=EDGE_CURVE('',#139,#137,#20189,.T.);
#20187=LINE('',#136,#20190);
#20188=LINE('',#438,#20191);
#20189=LINE('',#138,#20192);
#20190=VECTOR('',#20193,1.0);
#20191=VECTOR('',#20194,1.0);
#20192=VECTOR('',#20195,1.0);
#20193=DIRECTION('',(0.6476489895968585,0,-0.7619388336829724));
#20194=DIRECTION('',(0,0,1));
#20195=DIRECTION('',(-1,0,0));
#20196=FACE_SURFACE('',(#20201),#20197,.T.);
#20197=PLANE('',#20198);
#20198=AXIS2_PLACEMENT_3D('',#56,#20199,#20200);
#20199=DIRECTION('',(1,0,0));
#20200=DIRECTION('',(0,0,-1));
#20201=FACE_BOUND('',#20202,.T.);
#20202=EDGE_LOOP('',(#20203,#20204,#20205));
#20203=ORIENTED_EDGE('',*,*,#20206,.T.);
#20204=ORIENTED_EDGE('',*,*,#20207,.T.);
#20205=ORIENTED_EDGE('',*,*,#20208,.T.);
#20206=EDGE_CURVE('',#57,#401,#20209,.F.);
#20207=EDGE_CURVE('',#401,#399,#20210,.T.);
#20208=EDGE_CURVE('',#399,#57,#20211,.T.);
#20209=LINE('',#56,#20212);
#20210=LINE('',#400,#20213);
#20211=LINE('',#398,#20214);
#20212=VECTOR('',#20215,1.0);
#20213=VECTOR('',#20216,1.0);
#20214=VECTOR('',#20217,1.0);
#20215=DIRECTION('',(0,0,-1));
#20216=DIRECTION('',(0,1,0));
#20217=DIRECTION('',(0,-0.7327339915512443,0.680515170753291));
#20218=FACE_SURFACE('',(#20223),#20219,.T.);
#20219=PLANE('',#20220);
#20220=AXIS2_PLACEMENT_3D('',#56,#20221,#20222);
#20221=DIRECTION('',(1,-0,0));
#20222=DIRECTION('',(0,0.7327339915512443,-0.680515170753291));
#20223=FACE_BOUND('',#20224,.T.);
#20224=EDGE_LOOP('',(#20225,#20226,#20227));
#20225=ORIENTED_EDGE('',*,*,#20228,.T.);
#20226=ORIENTED_EDGE('',*,*,#20229,.T.);
#20227=ORIENTED_EDGE('',*,*,#20230,.T.);
#20228=EDGE_CURVE('',#57,#399,#20231,.F.);
#20229=EDGE_CURVE('',#399,#59,#20232,.T.);
#20230=EDGE_CURVE('',#59,#57,#20233,.T.);
#20231=LINE('',#56,#20234);
#20232=LINE('',#398,#20235);
#20233=LINE('',#58,#20236);
#20234=VECTOR('',#20237,1.0);
#20235=VECTOR('',#20238,1.0);
#20236=VECTOR('',#20239,1.0);
#20237=DIRECTION('',(0,0.7327339915512443,-0.680515170753291));
#20238=DIRECTION('',(0,0,1));
#20239=DIRECTION('',(0,-1,0));
#20240=FACE_SURFACE('',(#20245),#20241,.T.);
#20241=PLANE('',#20242);
#20242=AXIS2_PLACEMENT_3D('',#54,#20243,#20244);
#20243=DIRECTION('',(0,-1,0));
#20244=DIRECTION('',(0,0,-1));
#20245=FACE_BOUND('',#20246,.T.);
#20246=EDGE_LOOP('',(#20247,#20248,#20249));
#20247=ORIENTED_EDGE('',*,*,#20250,.T.);
#20248=ORIENTED_EDGE('',*,*,#20251,.T.);
#20249=ORIENTED_EDGE('',*,*,#20252,.T.);
#20250=EDGE_CURVE('',#55,#393,#20253,.F.);
#20251=EDGE_CURVE('',#393,#401,#20254,.T.);
#20252=EDGE_CURVE('',#401,#55,#20255,.T.);
#20253=LINE('',#54,#20256);
#20254=LINE('',#392,#20257);
#20255=LINE('',#400,#20258);
#20256=VECTOR('',#20259,1.0);
#20257=VECTOR('',#20260,1.0);
#20258=VECTOR('',#20261,1.0);
#20259=DIRECTION('',(0,0,-1));
#20260=DIRECTION('',(1,0,0));
#20261=DIRECTION('',(-0.9970241792206587,0,0.07708946782389789));
#20262=FACE_SURFACE('',(#20267),#20263,.T.);
#20263=PLANE('',#20264);
#20264=AXIS2_PLACEMENT_3D('',#54,#20265,#20266);
#20265=DIRECTION('',(0,-1,0));
#20266=DIRECTION('',(0.9970241792206587,0,-0.07708946782389789));
#20267=FACE_BOUND('',#20268,.T.);
#20268=EDGE_LOOP('',(#20269,#20270,#20271));
#20269=ORIENTED_EDGE('',*,*,#20272,.T.);
#20270=ORIENTED_EDGE('',*,*,#20273,.T.);
#20271=ORIENTED_EDGE('',*,*,#20274,.T.);
#20272=EDGE_CURVE('',#55,#401,#20275,.F.);
#20273=EDGE_CURVE('',#401,#57,#20276,.T.);
#20274=EDGE_CURVE('',#57,#55,#20277,.T.);
#20275=LINE('',#54,#20278);
#20276=LINE('',#400,#20279);
#20277=LINE('',#56,#20280);
#20278=VECTOR('',#20281,1.0);
#20279=VECTOR('',#20282,1.0);
#20280=VECTOR('',#20283,1.0);
#20281=DIRECTION('',(0.9970241792206587,0,-0.07708946782389789));
#20282=DIRECTION('',(0,0,1));
#20283=DIRECTION('',(-1,0,0));
#20284=FACE_SURFACE('',(#20289),#20285,.T.);
#20285=PLANE('',#20286);
#20286=AXIS2_PLACEMENT_3D('',#488,#20287,#20288);
#20287=DIRECTION('',(0,1,0));
#20288=DIRECTION('',(-1,0,0));
#20289=FACE_BOUND('',#20290,.T.);
#20290=EDGE_LOOP('',(#20291,#20292,#20293));
#20291=ORIENTED_EDGE('',*,*,#20294,.T.);
#20292=ORIENTED_EDGE('',*,*,#20295,.T.);
#20293=ORIENTED_EDGE('',*,*,#20296,.T.);
#20294=EDGE_CURVE('',#489,#487,#20297,.F.);
#20295=EDGE_CURVE('',#487,#185,#20298,.T.);
#20296=EDGE_CURVE('',#185,#489,#20299,.T.);
#20297=LINE('',#488,#20300);
#20298=LINE('',#486,#20301);
#20299=LINE('',#184,#20302);
#20300=VECTOR('',#20303,1.0);
#20301=VECTOR('',#20304,1.0);
#20302=VECTOR('',#20305,1.0);
#20303=DIRECTION('',(-1,0,0));
#20304=DIRECTION('',(0,0,1));
#20305=DIRECTION('',(0.9970241792206587,0,-0.07708946782389789));
#20306=FACE_SURFACE('',(#20311),#20307,.T.);
#20307=PLANE('',#20308);
#20308=AXIS2_PLACEMENT_3D('',#488,#20309,#20310);
#20309=DIRECTION('',(0,1,-0));
#20310=DIRECTION('',(-0.9970241792206587,0,0.07708946782389789));
#20311=FACE_BOUND('',#20312,.T.);
#20312=EDGE_LOOP('',(#20313,#20314,#20315));
#20313=ORIENTED_EDGE('',*,*,#20316,.T.);
#20314=ORIENTED_EDGE('',*,*,#20317,.T.);
#20315=ORIENTED_EDGE('',*,*,#20318,.T.);
#20316=EDGE_CURVE('',#489,#185,#20319,.F.);
#20317=EDGE_CURVE('',#185,#183,#20320,.T.);
#20318=EDGE_CURVE('',#183,#489,#20321,.T.);
#20319=LINE('',#488,#20322);
#20320=LINE('',#184,#20323);
#20321=LINE('',#182,#20324);
#20322=VECTOR('',#20325,1.0);
#20323=VECTOR('',#20326,1.0);
#20324=VECTOR('',#20327,1.0);
#20325=DIRECTION('',(-0.9970241792206587,0,0.07708946782389789));
#20326=DIRECTION('',(1,0,0));
#20327=DIRECTION('',(0,0,-1));
#20328=FACE_SURFACE('',(#20333),#20329,.T.);
#20329=PLANE('',#20330);
#20330=AXIS2_PLACEMENT_3D('',#466,#20331,#20332);
#20331=DIRECTION('',(0,1,0));
#20332=DIRECTION('',(-1,0,0));
#20333=FACE_BOUND('',#20334,.T.);
#20334=EDGE_LOOP('',(#20335,#20336,#20337));
#20335=ORIENTED_EDGE('',*,*,#20338,.T.);
#20336=ORIENTED_EDGE('',*,*,#20339,.T.);
#20337=ORIENTED_EDGE('',*,*,#20340,.T.);
#20338=EDGE_CURVE('',#467,#465,#20341,.F.);
#20339=EDGE_CURVE('',#465,#163,#20342,.T.);
#20340=EDGE_CURVE('',#163,#467,#20343,.T.);
#20341=LINE('',#466,#20344);
#20342=LINE('',#464,#20345);
#20343=LINE('',#162,#20346);
#20344=VECTOR('',#20347,1.0);
#20345=VECTOR('',#20348,1.0);
#20346=VECTOR('',#20349,1.0);
#20347=DIRECTION('',(-1,0,0));
#20348=DIRECTION('',(0,0,1));
#20349=DIRECTION('',(0.9970241180532491,0,-0.07709025891862482));
#20350=FACE_SURFACE('',(#20355),#20351,.T.);
#20351=PLANE('',#20352);
#20352=AXIS2_PLACEMENT_3D('',#466,#20353,#20354);
#20353=DIRECTION('',(0,1,-0));
#20354=DIRECTION('',(-0.9970241180532491,0,0.07709025891862482));
#20355=FACE_BOUND('',#20356,.T.);
#20356=EDGE_LOOP('',(#20357,#20358,#20359));
#20357=ORIENTED_EDGE('',*,*,#20360,.T.);
#20358=ORIENTED_EDGE('',*,*,#20361,.T.);
#20359=ORIENTED_EDGE('',*,*,#20362,.T.);
#20360=EDGE_CURVE('',#467,#163,#20363,.F.);
#20361=EDGE_CURVE('',#163,#161,#20364,.T.);
#20362=EDGE_CURVE('',#161,#467,#20365,.T.);
#20363=LINE('',#466,#20366);
#20364=LINE('',#162,#20367);
#20365=LINE('',#160,#20368);
#20366=VECTOR('',#20369,1.0);
#20367=VECTOR('',#20370,1.0);
#20368=VECTOR('',#20371,1.0);
#20369=DIRECTION('',(-0.9970241180532491,0,0.07709025891862482));
#20370=DIRECTION('',(1,0,0));
#20371=DIRECTION('',(0,0,-1));
#20372=FACE_SURFACE('',(#20377),#20373,.T.);
#20373=PLANE('',#20374);
#20374=AXIS2_PLACEMENT_3D('',#642,#20375,#20376);
#20375=DIRECTION('',(1,0,0));
#20376=DIRECTION('',(0,-1,0));
#20377=FACE_BOUND('',#20378,.T.);
#20378=EDGE_LOOP('',(#20379,#20380,#20381));
#20379=ORIENTED_EDGE('',*,*,#20382,.T.);
#20380=ORIENTED_EDGE('',*,*,#20383,.T.);
#20381=ORIENTED_EDGE('',*,*,#20384,.T.);
#20382=EDGE_CURVE('',#643,#701,#20385,.F.);
#20383=EDGE_CURVE('',#701,#781,#20386,.T.);
#20384=EDGE_CURVE('',#781,#643,#20387,.T.);
#20385=LINE('',#642,#20388);
#20386=LINE('',#700,#20389);
#20387=LINE('',#780,#20390);
#20388=VECTOR('',#20391,1.0);
#20389=VECTOR('',#20392,1.0);
#20390=VECTOR('',#20393,1.0);
#20391=DIRECTION('',(0,-1,0));
#20392=DIRECTION('',(0,0,-1));
#20393=DIRECTION('',(0,0.9838088628503538,0.1792208731624023));
#20394=FACE_SURFACE('',(#20399),#20395,.T.);
#20395=PLANE('',#20396);
#20396=AXIS2_PLACEMENT_3D('',#330,#20397,#20398);
#20397=DIRECTION('',(1,0,0));
#20398=DIRECTION('',(0,1,0));
#20399=FACE_BOUND('',#20400,.T.);
#20400=EDGE_LOOP('',(#20401,#20402,#20403));
#20401=ORIENTED_EDGE('',*,*,#20404,.T.);
#20402=ORIENTED_EDGE('',*,*,#20405,.T.);
#20403=ORIENTED_EDGE('',*,*,#20406,.T.);
#20404=EDGE_CURVE('',#331,#329,#20407,.F.);
#20405=EDGE_CURVE('',#329,#633,#20408,.T.);
#20406=EDGE_CURVE('',#633,#331,#20409,.T.);
#20407=LINE('',#330,#20410);
#20408=LINE('',#328,#20411);
#20409=LINE('',#632,#20412);
#20410=VECTOR('',#20413,1.0);
#20411=VECTOR('',#20414,1.0);
#20412=VECTOR('',#20415,1.0);
#20413=DIRECTION('',(0,1,0));
#20414=DIRECTION('',(0,0,1));
#20415=DIRECTION('',(0,-0.647044990415293,-0.7624518216769329));
#20416=FACE_SURFACE('',(#20421),#20417,.T.);
#20417=PLANE('',#20418);
#20418=AXIS2_PLACEMENT_3D('',#642,#20419,#20420);
#20419=DIRECTION('',(1,0,0));
#20420=DIRECTION('',(0,-0.9838088628503538,-0.1792208731624023));
#20421=FACE_BOUND('',#20422,.T.);
#20422=EDGE_LOOP('',(#20423,#20424,#20425));
#20423=ORIENTED_EDGE('',*,*,#20426,.T.);
#20424=ORIENTED_EDGE('',*,*,#20427,.T.);
#20425=ORIENTED_EDGE('',*,*,#20428,.T.);
#20426=EDGE_CURVE('',#643,#781,#20429,.F.);
#20427=EDGE_CURVE('',#781,#331,#20430,.T.);
#20428=EDGE_CURVE('',#331,#643,#20431,.T.);
#20429=LINE('',#642,#20432);
#20430=LINE('',#780,#20433);
#20431=LINE('',#330,#20434);
#20432=VECTOR('',#20435,1.0);
#20433=VECTOR('',#20436,1.0);
#20434=VECTOR('',#20437,1.0);
#20435=DIRECTION('',(0,-0.9838088628503538,-0.1792208731624023));
#20436=DIRECTION('',(0,1,0));
#20437=DIRECTION('',(0,0,1));
#20438=FACE_SURFACE('',(#20443),#20439,.T.);
#20439=PLANE('',#20440);
#20440=AXIS2_PLACEMENT_3D('',#642,#20441,#20442);
#20441=DIRECTION('',(1,-0,0));
#20442=DIRECTION('',(0,0,-1));
#20443=FACE_BOUND('',#20444,.T.);
#20444=EDGE_LOOP('',(#20445,#20446,#20447));
#20445=ORIENTED_EDGE('',*,*,#20448,.T.);
#20446=ORIENTED_EDGE('',*,*,#20449,.T.);
#20447=ORIENTED_EDGE('',*,*,#20450,.T.);
#20448=EDGE_CURVE('',#643,#331,#20451,.F.);
#20449=EDGE_CURVE('',#331,#633,#20452,.T.);
#20450=EDGE_CURVE('',#633,#643,#20453,.T.);
#20451=LINE('',#642,#20454);
#20452=LINE('',#330,#20455);
#20453=LINE('',#632,#20456);
#20454=VECTOR('',#20457,1.0);
#20455=VECTOR('',#20458,1.0);
#20456=VECTOR('',#20459,1.0);
#20457=DIRECTION('',(0,0,-1));
#20458=DIRECTION('',(0,0.647044990415293,0.7624518216769329));
#20459=DIRECTION('',(0,-1,0));
#20460=FACE_SURFACE('',(#20465),#20461,.T.);
#20461=PLANE('',#20462);
#20462=AXIS2_PLACEMENT_3D('',#632,#20463,#20464);
#20463=DIRECTION('',(0,-1,0));
#20464=DIRECTION('',(0,0,-1));
#20465=FACE_BOUND('',#20466,.T.);
#20466=EDGE_LOOP('',(#20467,#20468,#20469));
#20467=ORIENTED_EDGE('',*,*,#20470,.T.);
#20468=ORIENTED_EDGE('',*,*,#20471,.T.);
#20469=ORIENTED_EDGE('',*,*,#20472,.T.);
#20470=EDGE_CURVE('',#633,#329,#20473,.F.);
#20471=EDGE_CURVE('',#329,#339,#20474,.T.);
#20472=EDGE_CURVE('',#339,#633,#20475,.T.);
#20473=LINE('',#632,#20476);
#20474=LINE('',#328,#20477);
#20475=LINE('',#338,#20478);
#20476=VECTOR('',#20479,1.0);
#20477=VECTOR('',#20480,1.0);
#20478=VECTOR('',#20481,1.0);
#20479=DIRECTION('',(0,0,-1));
#20480=DIRECTION('',(1,0,0));
#20481=DIRECTION('',(-0.9790644571088521,0,0.2035504576908355));
#20482=FACE_SURFACE('',(#20487),#20483,.T.);
#20483=PLANE('',#20484);
#20484=AXIS2_PLACEMENT_3D('',#632,#20485,#20486);
#20485=DIRECTION('',(0,-1,0));
#20486=DIRECTION('',(0.9790644571088521,0,-0.2035504576908355));
#20487=FACE_BOUND('',#20488,.T.);
#20488=EDGE_LOOP('',(#20489,#20490,#20491));
#20489=ORIENTED_EDGE('',*,*,#20492,.T.);
#20490=ORIENTED_EDGE('',*,*,#20493,.T.);
#20491=ORIENTED_EDGE('',*,*,#20494,.T.);
#20492=EDGE_CURVE('',#633,#339,#20495,.F.);
#20493=EDGE_CURVE('',#339,#635,#20496,.T.);
#20494=EDGE_CURVE('',#635,#633,#20497,.T.);
#20495=LINE('',#632,#20498);
#20496=LINE('',#338,#20499);
#20497=LINE('',#634,#20500);
#20498=VECTOR('',#20501,1.0);
#20499=VECTOR('',#20502,1.0);
#20500=VECTOR('',#20503,1.0);
#20501=DIRECTION('',(0.9790644571088521,0,-0.2035504576908355));
#20502=DIRECTION('',(0,0,1));
#20503=DIRECTION('',(-1,0,0));
#20504=FACE_SURFACE('',(#20509),#20505,.T.);
#20505=PLANE('',#20506);
#20506=AXIS2_PLACEMENT_3D('',#64,#20507,#20508);
#20507=DIRECTION('',(1,0,0));
#20508=DIRECTION('',(0,-1,0));
#20509=FACE_BOUND('',#20510,.T.);
#20510=EDGE_LOOP('',(#20511,#20512,#20513));
#20511=ORIENTED_EDGE('',*,*,#20514,.T.);
#20512=ORIENTED_EDGE('',*,*,#20515,.T.);
#20513=ORIENTED_EDGE('',*,*,#20516,.T.);
#20514=EDGE_CURVE('',#65,#63,#20517,.F.);
#20515=EDGE_CURVE('',#63,#411,#20518,.T.);
#20516=EDGE_CURVE('',#411,#65,#20519,.T.);
#20517=LINE('',#64,#20520);
#20518=LINE('',#62,#20521);
#20519=LINE('',#410,#20522);
#20520=VECTOR('',#20523,1.0);
#20521=VECTOR('',#20524,1.0);
#20522=VECTOR('',#20525,1.0);
#20523=DIRECTION('',(0,-1,0));
#20524=DIRECTION('',(0,0,-1));
#20525=DIRECTION('',(0,0.789773750927997,0.6133982575334905));
#20526=FACE_SURFACE('',(#20531),#20527,.T.);
#20527=PLANE('',#20528);
#20528=AXIS2_PLACEMENT_3D('',#408,#20529,#20530);
#20529=DIRECTION('',(1,0,0));
#20530=DIRECTION('',(0,1,0));
#20531=FACE_BOUND('',#20532,.T.);
#20532=EDGE_LOOP('',(#20533,#20534,#20535));
#20533=ORIENTED_EDGE('',*,*,#20536,.T.);
#20534=ORIENTED_EDGE('',*,*,#20537,.T.);
#20535=ORIENTED_EDGE('',*,*,#20538,.T.);
#20536=EDGE_CURVE('',#409,#779,#20539,.F.);
#20537=EDGE_CURVE('',#779,#705,#20540,.T.);
#20538=EDGE_CURVE('',#705,#409,#20541,.T.);
#20539=LINE('',#408,#20542);
#20540=LINE('',#778,#20543);
#20541=LINE('',#704,#20544);
#20542=VECTOR('',#20545,1.0);
#20543=VECTOR('',#20546,1.0);
#20544=VECTOR('',#20547,1.0);
#20545=DIRECTION('',(0,1,0));
#20546=DIRECTION('',(0,0,1));
#20547=DIRECTION('',(0,-0.9840250780627213,-0.17802990126283577));
#20548=FACE_SURFACE('',(#20553),#20549,.T.);
#20549=PLANE('',#20550);
#20550=AXIS2_PLACEMENT_3D('',#64,#20551,#20552);
#20551=DIRECTION('',(1,0,0));
#20552=DIRECTION('',(0,-0.789773750927997,-0.6133982575334905));
#20553=FACE_BOUND('',#20554,.T.);
#20554=EDGE_LOOP('',(#20555,#20556,#20557));
#20555=ORIENTED_EDGE('',*,*,#20558,.T.);
#20556=ORIENTED_EDGE('',*,*,#20559,.T.);
#20557=ORIENTED_EDGE('',*,*,#20560,.T.);
#20558=EDGE_CURVE('',#65,#411,#20561,.F.);
#20559=EDGE_CURVE('',#411,#409,#20562,.T.);
#20560=EDGE_CURVE('',#409,#65,#20563,.T.);
#20561=LINE('',#64,#20564);
#20562=LINE('',#410,#20565);
#20563=LINE('',#408,#20566);
#20564=VECTOR('',#20567,1.0);
#20565=VECTOR('',#20568,1.0);
#20566=VECTOR('',#20569,1.0);
#20567=DIRECTION('',(0,-0.789773750927997,-0.6133982575334905));
#20568=DIRECTION('',(0,1,0));
#20569=DIRECTION('',(0,0,1));
#20570=FACE_SURFACE('',(#20575),#20571,.T.);
#20571=PLANE('',#20572);
#20572=AXIS2_PLACEMENT_3D('',#64,#20573,#20574);
#20573=DIRECTION('',(1,-0,0));
#20574=DIRECTION('',(0,0,-1));
#20575=FACE_BOUND('',#20576,.T.);
#20576=EDGE_LOOP('',(#20577,#20578,#20579));
#20577=ORIENTED_EDGE('',*,*,#20580,.T.);
#20578=ORIENTED_EDGE('',*,*,#20581,.T.);
#20579=ORIENTED_EDGE('',*,*,#20582,.T.);
#20580=EDGE_CURVE('',#65,#409,#20583,.F.);
#20581=EDGE_CURVE('',#409,#705,#20584,.T.);
#20582=EDGE_CURVE('',#705,#65,#20585,.T.);
#20583=LINE('',#64,#20586);
#20584=LINE('',#408,#20587);
#20585=LINE('',#704,#20588);
#20586=VECTOR('',#20589,1.0);
#20587=VECTOR('',#20590,1.0);
#20588=VECTOR('',#20591,1.0);
#20589=DIRECTION('',(0,0,-1));
#20590=DIRECTION('',(0,0.9840250780627213,0.17802990126283577));
#20591=DIRECTION('',(0,-1,0));
#20592=FACE_SURFACE('',(#20597),#20593,.T.);
#20593=PLANE('',#20594);
#20594=AXIS2_PLACEMENT_3D('',#600,#20595,#20596);
#20595=DIRECTION('',(1,0,0));
#20596=DIRECTION('',(0,-1,0));
#20597=FACE_BOUND('',#20598,.T.);
#20598=EDGE_LOOP('',(#20599,#20600,#20601));
#20599=ORIENTED_EDGE('',*,*,#20602,.T.);
#20600=ORIENTED_EDGE('',*,*,#20603,.T.);
#20601=ORIENTED_EDGE('',*,*,#20604,.T.);
#20602=EDGE_CURVE('',#601,#809,#20605,.F.);
#20603=EDGE_CURVE('',#809,#877,#20606,.T.);
#20604=EDGE_CURVE('',#877,#601,#20607,.T.);
#20605=LINE('',#600,#20608);
#20606=LINE('',#808,#20609);
#20607=LINE('',#876,#20610);
#20608=VECTOR('',#20611,1.0);
#20609=VECTOR('',#20612,1.0);
#20610=VECTOR('',#20613,1.0);
#20611=DIRECTION('',(0,-1,0));
#20612=DIRECTION('',(0,0,-1));
#20613=DIRECTION('',(0,0.6477405175518932,0.7618610253331021));
#20614=FACE_SURFACE('',(#20619),#20615,.T.);
#20615=PLANE('',#20616);
#20616=AXIS2_PLACEMENT_3D('',#600,#20617,#20618);
#20617=DIRECTION('',(1,0,0));
#20618=DIRECTION('',(0,-0.6477405175518932,-0.7618610253331021));
#20619=FACE_BOUND('',#20620,.T.);
#20620=EDGE_LOOP('',(#20621,#20622,#20623));
#20621=ORIENTED_EDGE('',*,*,#20624,.T.);
#20622=ORIENTED_EDGE('',*,*,#20625,.T.);
#20623=ORIENTED_EDGE('',*,*,#20626,.T.);
#20624=EDGE_CURVE('',#601,#877,#20627,.F.);
#20625=EDGE_CURVE('',#877,#203,#20628,.T.);
#20626=EDGE_CURVE('',#203,#601,#20629,.T.);
#20627=LINE('',#600,#20630);
#20628=LINE('',#876,#20631);
#20629=LINE('',#202,#20632);
#20630=VECTOR('',#20633,1.0);
#20631=VECTOR('',#20634,1.0);
#20632=VECTOR('',#20635,1.0);
#20633=DIRECTION('',(0,-0.6477405175518932,-0.7618610253331021));
#20634=DIRECTION('',(0,1,0));
#20635=DIRECTION('',(0,-0.977802427723823,0.2095290250476005));
#20636=FACE_SURFACE('',(#20641),#20637,.T.);
#20637=PLANE('',#20638);
#20638=AXIS2_PLACEMENT_3D('',#840,#20639,#20640);
#20639=DIRECTION('',(0.9999185830359687,0.012760380062548031,-0));
#20640=DIRECTION('',(0,0,1));
#20641=FACE_BOUND('',#20642,.T.);
#20642=EDGE_LOOP('',(#20643,#20644,#20645));
#20643=ORIENTED_EDGE('',*,*,#20646,.T.);
#20644=ORIENTED_EDGE('',*,*,#20647,.T.);
#20645=ORIENTED_EDGE('',*,*,#20648,.T.);
#20646=EDGE_CURVE('',#841,#917,#20649,.F.);
#20647=EDGE_CURVE('',#917,#603,#20650,.T.);
#20648=EDGE_CURVE('',#603,#841,#20651,.T.);
#20649=LINE('',#840,#20652);
#20650=LINE('',#916,#20653);
#20651=LINE('',#602,#20654);
#20652=VECTOR('',#20655,1.0);
#20653=VECTOR('',#20656,1.0);
#20654=VECTOR('',#20657,1.0);
#20655=DIRECTION('',(0,0,1));
#20656=DIRECTION('',(0.012760380062548031,-0.9999185830359686,0));
#20657=DIRECTION('',(-0.01258217282644029,0.985954051717767,-0.16654217732539842));
#20658=FACE_SURFACE('',(#20663),#20659,.T.);
#20659=PLANE('',#20660);
#20660=AXIS2_PLACEMENT_3D('',#602,#20661,#20662);
#20661=DIRECTION('',(1,0,0));
#20662=DIRECTION('',(0,-1,0));
#20663=FACE_BOUND('',#20664,.T.);
#20664=EDGE_LOOP('',(#20665,#20666,#20667));
#20665=ORIENTED_EDGE('',*,*,#20668,.T.);
#20666=ORIENTED_EDGE('',*,*,#20669,.T.);
#20667=ORIENTED_EDGE('',*,*,#20670,.T.);
#20668=EDGE_CURVE('',#603,#601,#20671,.F.);
#20669=EDGE_CURVE('',#601,#203,#20672,.T.);
#20670=EDGE_CURVE('',#203,#603,#20673,.T.);
#20671=LINE('',#602,#20674);
#20672=LINE('',#600,#20675);
#20673=LINE('',#202,#20676);
#20674=VECTOR('',#20677,1.0);
#20675=VECTOR('',#20678,1.0);
#20676=VECTOR('',#20679,1.0);
#20677=DIRECTION('',(0,-1,0));
#20678=DIRECTION('',(0,0.977802427723823,-0.2095290250476005));
#20679=DIRECTION('',(0,0.9910036813163653,0.1338346129273432));
#20680=FACE_SURFACE('',(#20685),#20681,.T.);
#20681=PLANE('',#20682);
#20682=AXIS2_PLACEMENT_3D('',#200,#20683,#20684);
#20683=DIRECTION('',(0.9999185830359687,0.012760380062548031,-0));
#20684=DIRECTION('',(-0.012760380062548031,0.9999185830359686,0));
#20685=FACE_BOUND('',#20686,.T.);
#20686=EDGE_LOOP('',(#20687,#20688,#20689));
#20687=ORIENTED_EDGE('',*,*,#20690,.T.);
#20688=ORIENTED_EDGE('',*,*,#20691,.T.);
#20689=ORIENTED_EDGE('',*,*,#20692,.T.);
#20690=EDGE_CURVE('',#201,#841,#20693,.F.);
#20691=EDGE_CURVE('',#841,#603,#20694,.T.);
#20692=EDGE_CURVE('',#603,#201,#20695,.T.);
#20693=LINE('',#200,#20696);
#20694=LINE('',#840,#20697);
#20695=LINE('',#602,#20698);
#20696=VECTOR('',#20699,1.0);
#20697=VECTOR('',#20700,1.0);
#20698=VECTOR('',#20701,1.0);
#20699=DIRECTION('',(-0.012760380062548031,0.9999185830359686,0));
#20700=DIRECTION('',(0.01258217282644029,-0.985954051717767,0.16654217732539842));
#20701=DIRECTION('',(0,0,-1));
#20702=FACE_SURFACE('',(#20707),#20703,.T.);
#20703=PLANE('',#20704);
#20704=AXIS2_PLACEMENT_3D('',#202,#20705,#20706);
#20705=DIRECTION('',(1,0,0));
#20706=DIRECTION('',(0,1,0));
#20707=FACE_BOUND('',#20708,.T.);
#20708=EDGE_LOOP('',(#20709,#20710,#20711));
#20709=ORIENTED_EDGE('',*,*,#20712,.T.);
#20710=ORIENTED_EDGE('',*,*,#20713,.T.);
#20711=ORIENTED_EDGE('',*,*,#20714,.T.);
#20712=EDGE_CURVE('',#203,#201,#20715,.F.);
#20713=EDGE_CURVE('',#201,#603,#20716,.T.);
#20714=EDGE_CURVE('',#603,#203,#20717,.T.);
#20715=LINE('',#202,#20718);
#20716=LINE('',#200,#20719);
#20717=LINE('',#602,#20720);
#20718=VECTOR('',#20721,1.0);
#20719=VECTOR('',#20722,1.0);
#20720=VECTOR('',#20723,1.0);
#20721=DIRECTION('',(0,1,0));
#20722=DIRECTION('',(0,0,1));
#20723=DIRECTION('',(0,-0.9910036813163653,-0.1338346129273432));
#20724=FACE_SURFACE('',(#20729),#20725,.T.);
#20725=PLANE('',#20726);
#20726=AXIS2_PLACEMENT_3D('',#810,#20727,#20728);
#20727=DIRECTION('',(0,-1,0));
#20728=DIRECTION('',(0,0,-1));
#20729=FACE_BOUND('',#20730,.T.);
#20730=EDGE_LOOP('',(#20731,#20732,#20733));
#20731=ORIENTED_EDGE('',*,*,#20734,.T.);
#20732=ORIENTED_EDGE('',*,*,#20735,.T.);
#20733=ORIENTED_EDGE('',*,*,#20736,.T.);
#20734=EDGE_CURVE('',#811,#827,#20737,.F.);
#20735=EDGE_CURVE('',#827,#877,#20738,.T.);
#20736=EDGE_CURVE('',#877,#811,#20739,.T.);
#20737=LINE('',#810,#20740);
#20738=LINE('',#826,#20741);
#20739=LINE('',#876,#20742);
#20740=VECTOR('',#20743,1.0);
#20741=VECTOR('',#20744,1.0);
#20742=VECTOR('',#20745,1.0);
#20743=DIRECTION('',(0,0,-1));
#20744=DIRECTION('',(1,0,0));
#20745=DIRECTION('',(-0.9557935367021013,0,0.2940386287522252));
#20746=FACE_SURFACE('',(#20751),#20747,.T.);
#20747=PLANE('',#20748);
#20748=AXIS2_PLACEMENT_3D('',#810,#20749,#20750);
#20749=DIRECTION('',(0,-1,0));
#20750=DIRECTION('',(0.9557935367021013,0,-0.2940386287522252));
#20751=FACE_BOUND('',#20752,.T.);
#20752=EDGE_LOOP('',(#20753,#20754,#20755));
#20753=ORIENTED_EDGE('',*,*,#20756,.T.);
#20754=ORIENTED_EDGE('',*,*,#20757,.T.);
#20755=ORIENTED_EDGE('',*,*,#20758,.T.);
#20756=EDGE_CURVE('',#811,#877,#20759,.F.);
#20757=EDGE_CURVE('',#877,#809,#20760,.T.);
#20758=EDGE_CURVE('',#809,#811,#20761,.T.);
#20759=LINE('',#810,#20762);
#20760=LINE('',#876,#20763);
#20761=LINE('',#808,#20764);
#20762=VECTOR('',#20765,1.0);
#20763=VECTOR('',#20766,1.0);
#20764=VECTOR('',#20767,1.0);
#20765=DIRECTION('',(0.9557935367021013,0,-0.2940386287522252));
#20766=DIRECTION('',(0,0,1));
#20767=DIRECTION('',(-1,0,0));
#20768=FACE_SURFACE('',(#20773),#20769,.T.);
#20769=PLANE('',#20770);
#20770=AXIS2_PLACEMENT_3D('',#426,#20771,#20772);
#20771=DIRECTION('',(0.9999623279008905,-0.008680021833626985,0));
#20772=DIRECTION('',(0.008680021833626985,0.9999623279008902,0));
#20773=FACE_BOUND('',#20774,.T.);
#20774=EDGE_LOOP('',(#20775,#20776,#20777));
#20775=ORIENTED_EDGE('',*,*,#20778,.T.);
#20776=ORIENTED_EDGE('',*,*,#20779,.T.);
#20777=ORIENTED_EDGE('',*,*,#20780,.T.);
#20778=EDGE_CURVE('',#427,#433,#20781,.F.);
#20779=EDGE_CURVE('',#433,#119,#20782,.T.);
#20780=EDGE_CURVE('',#119,#427,#20783,.T.);
#20781=LINE('',#426,#20784);
#20782=LINE('',#432,#20785);
#20783=LINE('',#118,#20786);
#20784=VECTOR('',#20787,1.0);
#20785=VECTOR('',#20788,1.0);
#20786=VECTOR('',#20789,1.0);
#20787=DIRECTION('',(0.008680021833626985,0.9999623279008902,0));
#20788=DIRECTION('',(0,0,1));
#20789=DIRECTION('',(-0.008144253622884082,-0.9382403602032696,-0.34588827331750494));
#20790=FACE_SURFACE('',(#20795),#20791,.T.);
#20791=PLANE('',#20792);
#20792=AXIS2_PLACEMENT_3D('',#426,#20793,#20794);
#20793=DIRECTION('',(0.9999623279008905,-0.008680021833626985,0));
#20794=DIRECTION('',(0.008144253622884082,0.9382403602032696,0.34588827331750494));
#20795=FACE_BOUND('',#20796,.T.);
#20796=EDGE_LOOP('',(#20797,#20798,#20799));
#20797=ORIENTED_EDGE('',*,*,#20800,.T.);
#20798=ORIENTED_EDGE('',*,*,#20801,.T.);
#20799=ORIENTED_EDGE('',*,*,#20802,.T.);
#20800=EDGE_CURVE('',#427,#119,#20803,.F.);
#20801=EDGE_CURVE('',#119,#117,#20804,.T.);
#20802=EDGE_CURVE('',#117,#427,#20805,.T.);
#20803=LINE('',#426,#20806);
#20804=LINE('',#118,#20807);
#20805=LINE('',#116,#20808);
#20806=VECTOR('',#20809,1.0);
#20807=VECTOR('',#20810,1.0);
#20808=VECTOR('',#20811,1.0);
#20809=DIRECTION('',(0.008144253622884082,0.9382403602032696,0.34588827331750494));
#20810=DIRECTION('',(-0.008680021833626985,-0.9999623279008902,0));
#20811=DIRECTION('',(0,0,-1));
#20812=FACE_SURFACE('',(#20817),#20813,.T.);
#20813=PLANE('',#20814);
#20814=AXIS2_PLACEMENT_3D('',#780,#20815,#20816);
#20815=DIRECTION('',(0,-1,0));
#20816=DIRECTION('',(0,0,1));
#20817=FACE_BOUND('',#20818,.T.);
#20818=EDGE_LOOP('',(#20819,#20820,#20821));
#20819=ORIENTED_EDGE('',*,*,#20822,.T.);
#20820=ORIENTED_EDGE('',*,*,#20823,.T.);
#20821=ORIENTED_EDGE('',*,*,#20824,.T.);
#20822=EDGE_CURVE('',#781,#701,#20825,.F.);
#20823=EDGE_CURVE('',#701,#705,#20826,.T.);
#20824=EDGE_CURVE('',#705,#781,#20827,.T.);
#20825=LINE('',#780,#20828);
#20826=LINE('',#700,#20829);
#20827=LINE('',#704,#20830);
#20828=VECTOR('',#20831,1.0);
#20829=VECTOR('',#20832,1.0);
#20830=VECTOR('',#20833,1.0);
#20831=DIRECTION('',(0,0,1));
#20832=DIRECTION('',(-1,0,0));
#20833=DIRECTION('',(0.9538110916959157,0,-0.30040705943410423));
#20834=FACE_SURFACE('',(#20839),#20835,.T.);
#20835=PLANE('',#20836);
#20836=AXIS2_PLACEMENT_3D('',#780,#20837,#20838);
#20837=DIRECTION('',(0,-1,0));
#20838=DIRECTION('',(-0.9538110916959157,0,0.30040705943410423));
#20839=FACE_BOUND('',#20840,.T.);
#20840=EDGE_LOOP('',(#20841,#20842,#20843));
#20841=ORIENTED_EDGE('',*,*,#20844,.T.);
#20842=ORIENTED_EDGE('',*,*,#20845,.T.);
#20843=ORIENTED_EDGE('',*,*,#20846,.T.);
#20844=EDGE_CURVE('',#781,#705,#20847,.F.);
#20845=EDGE_CURVE('',#705,#779,#20848,.T.);
#20846=EDGE_CURVE('',#779,#781,#20849,.T.);
#20847=LINE('',#780,#20850);
#20848=LINE('',#704,#20851);
#20849=LINE('',#778,#20852);
#20850=VECTOR('',#20853,1.0);
#20851=VECTOR('',#20854,1.0);
#20852=VECTOR('',#20855,1.0);
#20853=DIRECTION('',(-0.9538110916959157,0,0.30040705943410423));
#20854=DIRECTION('',(0,0,-1));
#20855=DIRECTION('',(1,0,0));
#20856=FACE_SURFACE('',(#20861),#20857,.T.);
#20857=PLANE('',#20858);
#20858=AXIS2_PLACEMENT_3D('',#164,#20859,#20860);
#20859=DIRECTION('',(1,0,0));
#20860=DIRECTION('',(0,0,-1));
#20861=FACE_BOUND('',#20862,.T.);
#20862=EDGE_LOOP('',(#20863,#20864,#20865));
#20863=ORIENTED_EDGE('',*,*,#20866,.T.);
#20864=ORIENTED_EDGE('',*,*,#20867,.T.);
#20865=ORIENTED_EDGE('',*,*,#20868,.T.);
#20866=EDGE_CURVE('',#165,#469,#20869,.F.);
#20867=EDGE_CURVE('',#469,#437,#20870,.T.);
#20868=EDGE_CURVE('',#437,#165,#20871,.T.);
#20869=LINE('',#164,#20872);
#20870=LINE('',#468,#20873);
#20871=LINE('',#436,#20874);
#20872=VECTOR('',#20875,1.0);
#20873=VECTOR('',#20876,1.0);
#20874=VECTOR('',#20877,1.0);
#20875=DIRECTION('',(0,0,-1));
#20876=DIRECTION('',(0,1,0));
#20877=DIRECTION('',(0,-0.9846576496025544,0.17449731539245222));
#20878=FACE_SURFACE('',(#20883),#20879,.T.);
#20879=PLANE('',#20880);
#20880=AXIS2_PLACEMENT_3D('',#164,#20881,#20882);
#20881=DIRECTION('',(1,-0,0));
#20882=DIRECTION('',(0,0.9846576496025544,-0.17449731539245222));
#20883=FACE_BOUND('',#20884,.T.);
#20884=EDGE_LOOP('',(#20885,#20886,#20887));
#20885=ORIENTED_EDGE('',*,*,#20888,.T.);
#20886=ORIENTED_EDGE('',*,*,#20889,.T.);
#20887=ORIENTED_EDGE('',*,*,#20890,.T.);
#20888=EDGE_CURVE('',#165,#437,#20891,.F.);
#20889=EDGE_CURVE('',#437,#129,#20892,.T.);
#20890=EDGE_CURVE('',#129,#165,#20893,.T.);
#20891=LINE('',#164,#20894);
#20892=LINE('',#436,#20895);
#20893=LINE('',#128,#20896);
#20894=VECTOR('',#20897,1.0);
#20895=VECTOR('',#20898,1.0);
#20896=VECTOR('',#20899,1.0);
#20897=DIRECTION('',(0,0.9846576496025544,-0.17449731539245222));
#20898=DIRECTION('',(0,0,1));
#20899=DIRECTION('',(0,-1,0));
#20900=FACE_SURFACE('',(#20905),#20901,.T.);
#20901=PLANE('',#20902);
#20902=AXIS2_PLACEMENT_3D('',#118,#20903,#20904);
#20903=DIRECTION('',(0,-1,0));
#20904=DIRECTION('',(0,0,-1));
#20905=FACE_BOUND('',#20906,.T.);
#20906=EDGE_LOOP('',(#20907,#20908,#20909));
#20907=ORIENTED_EDGE('',*,*,#20910,.T.);
#20908=ORIENTED_EDGE('',*,*,#20911,.T.);
#20909=ORIENTED_EDGE('',*,*,#20912,.T.);
#20910=EDGE_CURVE('',#119,#433,#20913,.F.);
#20911=EDGE_CURVE('',#433,#469,#20914,.T.);
#20912=EDGE_CURVE('',#469,#119,#20915,.T.);
#20913=LINE('',#118,#20916);
#20914=LINE('',#432,#20917);
#20915=LINE('',#468,#20918);
#20916=VECTOR('',#20919,1.0);
#20917=VECTOR('',#20920,1.0);
#20918=VECTOR('',#20921,1.0);
#20919=DIRECTION('',(0,0,-1));
#20920=DIRECTION('',(1,0,0));
#20921=DIRECTION('',(-0.9957597564743175,0,0.09199188761085411));
#20922=FACE_SURFACE('',(#20927),#20923,.T.);
#20923=PLANE('',#20924);
#20924=AXIS2_PLACEMENT_3D('',#118,#20925,#20926);
#20925=DIRECTION('',(0,-1,0));
#20926=DIRECTION('',(0.9957597564743175,0,-0.09199188761085411));
#20927=FACE_BOUND('',#20928,.T.);
#20928=EDGE_LOOP('',(#20929,#20930,#20931));
#20929=ORIENTED_EDGE('',*,*,#20932,.T.);
#20930=ORIENTED_EDGE('',*,*,#20933,.T.);
#20931=ORIENTED_EDGE('',*,*,#20934,.T.);
#20932=EDGE_CURVE('',#119,#469,#20935,.F.);
#20933=EDGE_CURVE('',#469,#165,#20936,.T.);
#20934=EDGE_CURVE('',#165,#119,#20937,.T.);
#20935=LINE('',#118,#20938);
#20936=LINE('',#468,#20939);
#20937=LINE('',#164,#20940);
#20938=VECTOR('',#20941,1.0);
#20939=VECTOR('',#20942,1.0);
#20940=VECTOR('',#20943,1.0);
#20941=DIRECTION('',(0.9957597564743175,0,-0.09199188761085411));
#20942=DIRECTION('',(0,0,1));
#20943=DIRECTION('',(-1,0,0));
#20944=FACE_SURFACE('',(#20949),#20945,.T.);
#20945=PLANE('',#20946);
#20946=AXIS2_PLACEMENT_3D('',#130,#20947,#20948);
#20947=DIRECTION('',(-0,1,0));
#20948=DIRECTION('',(1,0,0));
#20949=FACE_BOUND('',#20950,.T.);
#20950=EDGE_LOOP('',(#20951,#20952,#20953));
#20951=ORIENTED_EDGE('',*,*,#20954,.T.);
#20952=ORIENTED_EDGE('',*,*,#20955,.T.);
#20953=ORIENTED_EDGE('',*,*,#20956,.T.);
#20954=EDGE_CURVE('',#131,#129,#20957,.F.);
#20955=EDGE_CURVE('',#129,#437,#20958,.T.);
#20956=EDGE_CURVE('',#437,#131,#20959,.T.);
#20957=LINE('',#130,#20960);
#20958=LINE('',#128,#20961);
#20959=LINE('',#436,#20962);
#20960=VECTOR('',#20963,1.0);
#20961=VECTOR('',#20964,1.0);
#20962=VECTOR('',#20965,1.0);
#20963=DIRECTION('',(1,0,0));
#20964=DIRECTION('',(0,0,-1));
#20965=DIRECTION('',(-0.9084310538744456,0,0.4180347119038853));
#20966=FACE_SURFACE('',(#20971),#20967,.T.);
#20967=PLANE('',#20968);
#20968=AXIS2_PLACEMENT_3D('',#130,#20969,#20970);
#20969=DIRECTION('',(0,1,0));
#20970=DIRECTION('',(0.9084310538744456,0,-0.4180347119038853));
#20971=FACE_BOUND('',#20972,.T.);
#20972=EDGE_LOOP('',(#20973,#20974,#20975));
#20973=ORIENTED_EDGE('',*,*,#20976,.T.);
#20974=ORIENTED_EDGE('',*,*,#20977,.T.);
#20975=ORIENTED_EDGE('',*,*,#20978,.T.);
#20976=EDGE_CURVE('',#131,#437,#20979,.F.);
#20977=EDGE_CURVE('',#437,#347,#20980,.T.);
#20978=EDGE_CURVE('',#347,#131,#20981,.T.);
#20979=LINE('',#130,#20982);
#20980=LINE('',#436,#20983);
#20981=LINE('',#346,#20984);
#20982=VECTOR('',#20985,1.0);
#20983=VECTOR('',#20986,1.0);
#20984=VECTOR('',#20987,1.0);
#20985=DIRECTION('',(0.9084310538744456,0,-0.4180347119038853));
#20986=DIRECTION('',(-1,0,0));
#20987=DIRECTION('',(0,0,1));
#20988=FACE_SURFACE('',(#20993),#20989,.T.);
#20989=PLANE('',#20990);
#20990=AXIS2_PLACEMENT_3D('',#410,#20991,#20992);
#20991=DIRECTION('',(0,1,0));
#20992=DIRECTION('',(0,0,1));
#20993=FACE_BOUND('',#20994,.T.);
#20994=EDGE_LOOP('',(#20995,#20996,#20997));
#20995=ORIENTED_EDGE('',*,*,#20998,.T.);
#20996=ORIENTED_EDGE('',*,*,#20999,.T.);
#20997=ORIENTED_EDGE('',*,*,#21000,.T.);
#20998=EDGE_CURVE('',#411,#63,#21001,.F.);
#20999=EDGE_CURVE('',#63,#61,#21002,.T.);
#21000=EDGE_CURVE('',#61,#411,#21003,.T.);
#21001=LINE('',#410,#21004);
#21002=LINE('',#62,#21005);
#21003=LINE('',#60,#21006);
#21004=VECTOR('',#21007,1.0);
#21005=VECTOR('',#21008,1.0);
#21006=VECTOR('',#21009,1.0);
#21007=DIRECTION('',(0,0,1));
#21008=DIRECTION('',(1,0,0));
#21009=DIRECTION('',(-0.9887761275372199,0,-0.14940471750416529));
#21010=FACE_SURFACE('',(#21015),#21011,.T.);
#21011=PLANE('',#21012);
#21012=AXIS2_PLACEMENT_3D('',#60,#21013,#21014);
#21013=DIRECTION('',(-0,1,0));
#21014=DIRECTION('',(1,0,0));
#21015=FACE_BOUND('',#21016,.T.);
#21016=EDGE_LOOP('',(#21017,#21018,#21019));
#21017=ORIENTED_EDGE('',*,*,#21020,.T.);
#21018=ORIENTED_EDGE('',*,*,#21021,.T.);
#21019=ORIENTED_EDGE('',*,*,#21022,.T.);
#21020=EDGE_CURVE('',#61,#131,#21023,.F.);
#21021=EDGE_CURVE('',#131,#347,#21024,.T.);
#21022=EDGE_CURVE('',#347,#61,#21025,.T.);
#21023=LINE('',#60,#21026);
#21024=LINE('',#130,#21027);
#21025=LINE('',#346,#21028);
#21026=VECTOR('',#21029,1.0);
#21027=VECTOR('',#21030,1.0);
#21028=VECTOR('',#21031,1.0);
#21029=DIRECTION('',(1,0,0));
#21030=DIRECTION('',(0,0,-1));
#21031=DIRECTION('',(-0.8973406873234046,0,0.44133852185591044));
#21032=FACE_SURFACE('',(#21037),#21033,.T.);
#21033=PLANE('',#21034);
#21034=AXIS2_PLACEMENT_3D('',#352,#21035,#21036);
#21035=DIRECTION('',(0,1,0));
#21036=DIRECTION('',(-1,0,0));
#21037=FACE_BOUND('',#21038,.T.);
#21038=EDGE_LOOP('',(#21039,#21040,#21041));
#21039=ORIENTED_EDGE('',*,*,#21042,.T.);
#21040=ORIENTED_EDGE('',*,*,#21043,.T.);
#21041=ORIENTED_EDGE('',*,*,#21044,.T.);
#21042=EDGE_CURVE('',#353,#411,#21045,.F.);
#21043=EDGE_CURVE('',#411,#61,#21046,.T.);
#21044=EDGE_CURVE('',#61,#353,#21047,.T.);
#21045=LINE('',#352,#21048);
#21046=LINE('',#410,#21049);
#21047=LINE('',#60,#21050);
#21048=VECTOR('',#21051,1.0);
#21049=VECTOR('',#21052,1.0);
#21050=VECTOR('',#21053,1.0);
#21051=DIRECTION('',(-1,0,0));
#21052=DIRECTION('',(0.9887761275372199,0,0.14940471750416529));
#21053=DIRECTION('',(0.6893579945112275,0,-0.7244208413646438));
#21054=FACE_SURFACE('',(#21059),#21055,.T.);
#21055=PLANE('',#21056);
#21056=AXIS2_PLACEMENT_3D('',#346,#21057,#21058);
#21057=DIRECTION('',(0,1,0));
#21058=DIRECTION('',(-1,0,0));
#21059=FACE_BOUND('',#21060,.T.);
#21060=EDGE_LOOP('',(#21061,#21062,#21063));
#21061=ORIENTED_EDGE('',*,*,#21064,.T.);
#21062=ORIENTED_EDGE('',*,*,#21065,.T.);
#21063=ORIENTED_EDGE('',*,*,#21066,.T.);
#21064=EDGE_CURVE('',#347,#353,#21067,.F.);
#21065=EDGE_CURVE('',#353,#61,#21068,.T.);
#21066=EDGE_CURVE('',#61,#347,#21069,.T.);
#21067=LINE('',#346,#21070);
#21068=LINE('',#352,#21071);
#21069=LINE('',#60,#21072);
#21070=VECTOR('',#21073,1.0);
#21071=VECTOR('',#21074,1.0);
#21072=VECTOR('',#21075,1.0);
#21073=DIRECTION('',(-1,0,0));
#21074=DIRECTION('',(-0.6893579945112275,0,0.7244208413646438));
#21075=DIRECTION('',(0.8973406873234046,0,-0.44133852185591044));
#21076=FACE_SURFACE('',(#21081),#21077,.T.);
#21077=PLANE('',#21078);
#21078=AXIS2_PLACEMENT_3D('',#100,#21079,#21080);
#21079=DIRECTION('',(-1,0,0));
#21080=DIRECTION('',(0,1,0));
#21081=FACE_BOUND('',#21082,.T.);
#21082=EDGE_LOOP('',(#21083,#21084,#21085));
#21083=ORIENTED_EDGE('',*,*,#21086,.T.);
#21084=ORIENTED_EDGE('',*,*,#21087,.T.);
#21085=ORIENTED_EDGE('',*,*,#21088,.T.);
#21086=EDGE_CURVE('',#101,#719,#21089,.F.);
#21087=EDGE_CURVE('',#719,#755,#21090,.T.);
#21088=EDGE_CURVE('',#755,#101,#21091,.T.);
#21089=LINE('',#100,#21092);
#21090=LINE('',#718,#21093);
#21091=LINE('',#754,#21094);
#21092=VECTOR('',#21095,1.0);
#21093=VECTOR('',#21096,1.0);
#21094=VECTOR('',#21097,1.0);
#21095=DIRECTION('',(0,1,0));
#21096=DIRECTION('',(0,0,-1));
#21097=DIRECTION('',(0,-0.9840250780627213,0.17802990126283577));
#21098=FACE_SURFACE('',(#21103),#21099,.T.);
#21099=PLANE('',#21100);
#21100=AXIS2_PLACEMENT_3D('',#422,#21101,#21102);
#21101=DIRECTION('',(-1,0,0));
#21102=DIRECTION('',(0,-1,0));
#21103=FACE_BOUND('',#21104,.T.);
#21104=EDGE_LOOP('',(#21105,#21106,#21107));
#21105=ORIENTED_EDGE('',*,*,#21108,.T.);
#21106=ORIENTED_EDGE('',*,*,#21109,.T.);
#21107=ORIENTED_EDGE('',*,*,#21110,.T.);
#21108=EDGE_CURVE('',#423,#421,#21111,.F.);
#21109=EDGE_CURVE('',#421,#103,#21112,.T.);
#21110=EDGE_CURVE('',#103,#423,#21113,.T.);
#21111=LINE('',#422,#21114);
#21112=LINE('',#420,#21115);
#21113=LINE('',#102,#21116);
#21114=VECTOR('',#21117,1.0);
#21115=VECTOR('',#21118,1.0);
#21116=VECTOR('',#21119,1.0);
#21117=DIRECTION('',(0,-1,0));
#21118=DIRECTION('',(0,0,1));
#21119=DIRECTION('',(0,0.789773750927997,-0.6133982575334905));
#21120=FACE_SURFACE('',(#21125),#21121,.T.);
#21121=PLANE('',#21122);
#21122=AXIS2_PLACEMENT_3D('',#100,#21123,#21124);
#21123=DIRECTION('',(-1,0,0));
#21124=DIRECTION('',(0,0.9840250780627213,-0.17802990126283577));
#21125=FACE_BOUND('',#21126,.T.);
#21126=EDGE_LOOP('',(#21127,#21128,#21129));
#21127=ORIENTED_EDGE('',*,*,#21130,.T.);
#21128=ORIENTED_EDGE('',*,*,#21131,.T.);
#21129=ORIENTED_EDGE('',*,*,#21132,.T.);
#21130=EDGE_CURVE('',#101,#755,#21133,.F.);
#21131=EDGE_CURVE('',#755,#423,#21134,.T.);
#21132=EDGE_CURVE('',#423,#101,#21135,.T.);
#21133=LINE('',#100,#21136);
#21134=LINE('',#754,#21137);
#21135=LINE('',#422,#21138);
#21136=VECTOR('',#21139,1.0);
#21137=VECTOR('',#21140,1.0);
#21138=VECTOR('',#21141,1.0);
#21139=DIRECTION('',(0,0.9840250780627213,-0.17802990126283577));
#21140=DIRECTION('',(0,-1,0));
#21141=DIRECTION('',(0,0,1));
#21142=FACE_SURFACE('',(#21147),#21143,.T.);
#21143=PLANE('',#21144);
#21144=AXIS2_PLACEMENT_3D('',#100,#21145,#21146);
#21145=DIRECTION('',(-1,-0,-0));
#21146=DIRECTION('',(0,0,-1));
#21147=FACE_BOUND('',#21148,.T.);
#21148=EDGE_LOOP('',(#21149,#21150,#21151));
#21149=ORIENTED_EDGE('',*,*,#21152,.T.);
#21150=ORIENTED_EDGE('',*,*,#21153,.T.);
#21151=ORIENTED_EDGE('',*,*,#21154,.T.);
#21152=EDGE_CURVE('',#101,#423,#21155,.F.);
#21153=EDGE_CURVE('',#423,#103,#21156,.T.);
#21154=EDGE_CURVE('',#103,#101,#21157,.T.);
#21155=LINE('',#100,#21158);
#21156=LINE('',#422,#21159);
#21157=LINE('',#102,#21160);
#21158=VECTOR('',#21161,1.0);
#21159=VECTOR('',#21162,1.0);
#21160=VECTOR('',#21163,1.0);
#21161=DIRECTION('',(0,0,-1));
#21162=DIRECTION('',(0,-0.789773750927997,0.6133982575334905));
#21163=DIRECTION('',(0,1,0));
#21164=FACE_SURFACE('',(#21169),#21165,.T.);
#21165=PLANE('',#21166);
#21166=AXIS2_PLACEMENT_3D('',#434,#21167,#21168);
#21167=DIRECTION('',(-1,0,0));
#21168=DIRECTION('',(0,-1,0));
#21169=FACE_BOUND('',#21170,.T.);
#21170=EDGE_LOOP('',(#21171,#21172,#21173));
#21171=ORIENTED_EDGE('',*,*,#21174,.T.);
#21172=ORIENTED_EDGE('',*,*,#21175,.T.);
#21173=ORIENTED_EDGE('',*,*,#21176,.T.);
#21174=EDGE_CURVE('',#435,#457,#21177,.F.);
#21175=EDGE_CURVE('',#457,#153,#21178,.T.);
#21176=EDGE_CURVE('',#153,#435,#21179,.T.);
#21177=LINE('',#434,#21180);
#21178=LINE('',#456,#21181);
#21179=LINE('',#152,#21182);
#21180=VECTOR('',#21183,1.0);
#21181=VECTOR('',#21184,1.0);
#21182=VECTOR('',#21185,1.0);
#21183=DIRECTION('',(0,-1,0));
#21184=DIRECTION('',(0,0,1));
#21185=DIRECTION('',(0,0.9846576496025544,-0.17449731539245222));
#21186=FACE_SURFACE('',(#21191),#21187,.T.);
#21187=PLANE('',#21188);
#21188=AXIS2_PLACEMENT_3D('',#434,#21189,#21190);
#21189=DIRECTION('',(-1,0,0));
#21190=DIRECTION('',(0,-0.9846576496025544,0.17449731539245222));
#21191=FACE_BOUND('',#21192,.T.);
#21192=EDGE_LOOP('',(#21193,#21194,#21195));
#21193=ORIENTED_EDGE('',*,*,#21196,.T.);
#21194=ORIENTED_EDGE('',*,*,#21197,.T.);
#21195=ORIENTED_EDGE('',*,*,#21198,.T.);
#21196=EDGE_CURVE('',#435,#153,#21199,.F.);
#21197=EDGE_CURVE('',#153,#121,#21200,.T.);
#21198=EDGE_CURVE('',#121,#435,#21201,.T.);
#21199=LINE('',#434,#21202);
#21200=LINE('',#152,#21203);
#21201=LINE('',#120,#21204);
#21202=VECTOR('',#21205,1.0);
#21203=VECTOR('',#21206,1.0);
#21204=VECTOR('',#21207,1.0);
#21205=DIRECTION('',(0,-0.9846576496025544,0.17449731539245222));
#21206=DIRECTION('',(0,1,0));
#21207=DIRECTION('',(0,0,-1));
#21208=FACE_SURFACE('',(#21213),#21209,.T.);
#21209=PLANE('',#21210);
#21210=AXIS2_PLACEMENT_3D('',#114,#21211,#21212);
#21211=DIRECTION('',(-0.999819598008223,-0.018993984275960416,0));
#21212=DIRECTION('',(-0.018993984275960416,0.999819598008223,0));
#21213=FACE_BOUND('',#21214,.T.);
#21214=EDGE_LOOP('',(#21215,#21216,#21217));
#21215=ORIENTED_EDGE('',*,*,#21218,.T.);
#21216=ORIENTED_EDGE('',*,*,#21219,.T.);
#21217=ORIENTED_EDGE('',*,*,#21220,.T.);
#21218=EDGE_CURVE('',#115,#113,#21221,.F.);
#21219=EDGE_CURVE('',#113,#431,#21222,.T.);
#21220=EDGE_CURVE('',#431,#115,#21223,.T.);
#21221=LINE('',#114,#21224);
#21222=LINE('',#112,#21225);
#21223=LINE('',#430,#21226);
#21224=VECTOR('',#21227,1.0);
#21225=VECTOR('',#21228,1.0);
#21226=VECTOR('',#21229,1.0);
#21227=DIRECTION('',(-0.018993984275960416,0.999819598008223,0));
#21228=DIRECTION('',(0,0,-1));
#21229=DIRECTION('',(0.01782189834503744,-0.9381224592057192,0.34584480836524445));
#21230=FACE_SURFACE('',(#21235),#21231,.T.);
#21231=PLANE('',#21232);
#21232=AXIS2_PLACEMENT_3D('',#430,#21233,#21234);
#21233=DIRECTION('',(-0.9998195980082231,-0.018993984275960416,0));
#21234=DIRECTION('',(0.018993984275960416,-0.999819598008223,0));
#21235=FACE_BOUND('',#21236,.T.);
#21236=EDGE_LOOP('',(#21237,#21238,#21239));
#21237=ORIENTED_EDGE('',*,*,#21240,.T.);
#21238=ORIENTED_EDGE('',*,*,#21241,.T.);
#21239=ORIENTED_EDGE('',*,*,#21242,.T.);
#21240=EDGE_CURVE('',#431,#429,#21243,.F.);
#21241=EDGE_CURVE('',#429,#919,#21244,.T.);
#21242=EDGE_CURVE('',#919,#431,#21245,.T.);
#21243=LINE('',#430,#21246);
#21244=LINE('',#428,#21247);
#21245=LINE('',#918,#21248);
#21246=VECTOR('',#21249,1.0);
#21247=VECTOR('',#21250,1.0);
#21248=VECTOR('',#21251,1.0);
#21249=DIRECTION('',(0.018993984275960416,-0.999819598008223,0));
#21250=DIRECTION('',(0,0,1));
#21251=DIRECTION('',(-0.018681975963401695,0.9833958703107907,-0.18050913004550606));
#21252=FACE_SURFACE('',(#21257),#21253,.T.);
#21253=PLANE('',#21254);
#21254=AXIS2_PLACEMENT_3D('',#430,#21255,#21256);
#21255=DIRECTION('',(-0.9998195980082231,-0.018993984275960416,0));
#21256=DIRECTION('',(0.018681975963401695,-0.9833958703107907,0.18050913004550606));
#21257=FACE_BOUND('',#21258,.T.);
#21258=EDGE_LOOP('',(#21259,#21260,#21261));
#21259=ORIENTED_EDGE('',*,*,#21262,.T.);
#21260=ORIENTED_EDGE('',*,*,#21263,.T.);
#21261=ORIENTED_EDGE('',*,*,#21264,.T.);
#21262=EDGE_CURVE('',#431,#919,#21265,.F.);
#21263=EDGE_CURVE('',#919,#115,#21266,.T.);
#21264=EDGE_CURVE('',#115,#431,#21267,.T.);
#21265=LINE('',#430,#21268);
#21266=LINE('',#918,#21269);
#21267=LINE('',#114,#21270);
#21268=VECTOR('',#21271,1.0);
#21269=VECTOR('',#21272,1.0);
#21270=VECTOR('',#21273,1.0);
#21271=DIRECTION('',(0.018681975963401695,-0.9833958703107907,0.18050913004550606));
#21272=DIRECTION('',(0,0,1));
#21273=DIRECTION('',(-0.01782189834503744,0.9381224592057192,-0.34584480836524445));
#21274=FACE_SURFACE('',(#21279),#21275,.T.);
#21275=PLANE('',#21276);
#21276=AXIS2_PLACEMENT_3D('',#684,#21277,#21278);
#21277=DIRECTION('',(0,-1,0));
#21278=DIRECTION('',(0,0,-1));
#21279=FACE_BOUND('',#21280,.T.);
#21280=EDGE_LOOP('',(#21281,#21282,#21283));
#21281=ORIENTED_EDGE('',*,*,#21284,.T.);
#21282=ORIENTED_EDGE('',*,*,#21285,.T.);
#21283=ORIENTED_EDGE('',*,*,#21286,.T.);
#21284=EDGE_CURVE('',#685,#293,#21287,.F.);
#21285=EDGE_CURVE('',#293,#291,#21288,.T.);
#21286=EDGE_CURVE('',#291,#685,#21289,.T.);
#21287=LINE('',#684,#21290);
#21288=LINE('',#292,#21291);
#21289=LINE('',#290,#21292);
#21290=VECTOR('',#21293,1.0);
#21291=VECTOR('',#21294,1.0);
#21292=VECTOR('',#21295,1.0);
#21293=DIRECTION('',(0,0,-1));
#21294=DIRECTION('',(1,0,0));
#21295=DIRECTION('',(-0.991986741115259,0,0.1263420177594463));
#21296=FACE_SURFACE('',(#21301),#21297,.T.);
#21297=PLANE('',#21298);
#21298=AXIS2_PLACEMENT_3D('',#684,#21299,#21300);
#21299=DIRECTION('',(0,-1,0));
#21300=DIRECTION('',(0.991986741115259,0,-0.1263420177594463));
#21301=FACE_BOUND('',#21302,.T.);
#21302=EDGE_LOOP('',(#21303,#21304,#21305));
#21303=ORIENTED_EDGE('',*,*,#21306,.T.);
#21304=ORIENTED_EDGE('',*,*,#21307,.T.);
#21305=ORIENTED_EDGE('',*,*,#21308,.T.);
#21306=EDGE_CURVE('',#685,#291,#21309,.F.);
#21307=EDGE_CURVE('',#291,#681,#21310,.T.);
#21308=EDGE_CURVE('',#681,#685,#21311,.T.);
#21309=LINE('',#684,#21312);
#21310=LINE('',#290,#21313);
#21311=LINE('',#680,#21314);
#21312=VECTOR('',#21315,1.0);
#21313=VECTOR('',#21316,1.0);
#21314=VECTOR('',#21317,1.0);
#21315=DIRECTION('',(0.991986741115259,0,-0.1263420177594463));
#21316=DIRECTION('',(0,0,1));
#21317=DIRECTION('',(-1,0,0));
#21318=FACE_SURFACE('',(#21323),#21319,.T.);
#21319=PLANE('',#21320);
#21320=AXIS2_PLACEMENT_3D('',#152,#21321,#21322);
#21321=DIRECTION('',(0,-1,0));
#21322=DIRECTION('',(0,0,-1));
#21323=FACE_BOUND('',#21324,.T.);
#21324=EDGE_LOOP('',(#21325,#21326,#21327));
#21325=ORIENTED_EDGE('',*,*,#21328,.T.);
#21326=ORIENTED_EDGE('',*,*,#21329,.T.);
#21327=ORIENTED_EDGE('',*,*,#21330,.T.);
#21328=EDGE_CURVE('',#153,#457,#21331,.F.);
#21329=EDGE_CURVE('',#457,#431,#21332,.T.);
#21330=EDGE_CURVE('',#431,#153,#21333,.T.);
#21331=LINE('',#152,#21334);
#21332=LINE('',#456,#21335);
#21333=LINE('',#430,#21336);
#21334=VECTOR('',#21337,1.0);
#21335=VECTOR('',#21338,1.0);
#21336=VECTOR('',#21339,1.0);
#21337=DIRECTION('',(0,0,-1));
#21338=DIRECTION('',(1,0,0));
#21339=DIRECTION('',(-0.9921148006687517,0,0.12533244709173738));
#21340=FACE_SURFACE('',(#21345),#21341,.T.);
#21341=PLANE('',#21342);
#21342=AXIS2_PLACEMENT_3D('',#152,#21343,#21344);
#21343=DIRECTION('',(0,-1,0));
#21344=DIRECTION('',(0.9921148006687517,0,-0.12533244709173738));
#21345=FACE_BOUND('',#21346,.T.);
#21346=EDGE_LOOP('',(#21347,#21348,#21349));
#21347=ORIENTED_EDGE('',*,*,#21350,.T.);
#21348=ORIENTED_EDGE('',*,*,#21351,.T.);
#21349=ORIENTED_EDGE('',*,*,#21352,.T.);
#21350=EDGE_CURVE('',#153,#431,#21353,.F.);
#21351=EDGE_CURVE('',#431,#113,#21354,.T.);
#21352=EDGE_CURVE('',#113,#153,#21355,.T.);
#21353=LINE('',#152,#21356);
#21354=LINE('',#430,#21357);
#21355=LINE('',#112,#21358);
#21356=VECTOR('',#21359,1.0);
#21357=VECTOR('',#21360,1.0);
#21358=VECTOR('',#21361,1.0);
#21359=DIRECTION('',(0.9921148006687517,0,-0.12533244709173738));
#21360=DIRECTION('',(0,0,1));
#21361=DIRECTION('',(-1,0,0));
#21362=FACE_SURFACE('',(#21367),#21363,.T.);
#21363=PLANE('',#21364);
#21364=AXIS2_PLACEMENT_3D('',#800,#21365,#21366);
#21365=DIRECTION('',(0,-1,0));
#21366=DIRECTION('',(0,0,-1));
#21367=FACE_BOUND('',#21368,.T.);
#21368=EDGE_LOOP('',(#21369,#21370,#21371));
#21369=ORIENTED_EDGE('',*,*,#21372,.T.);
#21370=ORIENTED_EDGE('',*,*,#21373,.T.);
#21371=ORIENTED_EDGE('',*,*,#21374,.T.);
#21372=EDGE_CURVE('',#801,#879,#21375,.F.);
#21373=EDGE_CURVE('',#879,#881,#21376,.T.);
#21374=EDGE_CURVE('',#881,#801,#21377,.T.);
#21375=LINE('',#800,#21378);
#21376=LINE('',#878,#21379);
#21377=LINE('',#880,#21380);
#21378=VECTOR('',#21381,1.0);
#21379=VECTOR('',#21382,1.0);
#21380=VECTOR('',#21383,1.0);
#21381=DIRECTION('',(0,0,-1));
#21382=DIRECTION('',(1,0,0));
#21383=DIRECTION('',(-0.9546652288397774,0,0.2976815426664798));
#21384=FACE_SURFACE('',(#21389),#21385,.T.);
#21385=PLANE('',#21386);
#21386=AXIS2_PLACEMENT_3D('',#800,#21387,#21388);
#21387=DIRECTION('',(0,-1,0));
#21388=DIRECTION('',(0.9546652288397774,0,-0.2976815426664798));
#21389=FACE_BOUND('',#21390,.T.);
#21390=EDGE_LOOP('',(#21391,#21392,#21393));
#21391=ORIENTED_EDGE('',*,*,#21394,.T.);
#21392=ORIENTED_EDGE('',*,*,#21395,.T.);
#21393=ORIENTED_EDGE('',*,*,#21396,.T.);
#21394=EDGE_CURVE('',#801,#881,#21397,.F.);
#21395=EDGE_CURVE('',#881,#797,#21398,.T.);
#21396=EDGE_CURVE('',#797,#801,#21399,.T.);
#21397=LINE('',#800,#21400);
#21398=LINE('',#880,#21401);
#21399=LINE('',#796,#21402);
#21400=VECTOR('',#21403,1.0);
#21401=VECTOR('',#21404,1.0);
#21402=VECTOR('',#21405,1.0);
#21403=DIRECTION('',(0.9546652288397774,0,-0.2976815426664798));
#21404=DIRECTION('',(0,0,1));
#21405=DIRECTION('',(-1,0,0));
#21406=FACE_SURFACE('',(#21411),#21407,.T.);
#21407=PLANE('',#21408);
#21408=AXIS2_PLACEMENT_3D('',#682,#21409,#21410);
#21409=DIRECTION('',(-0.9999982159863136,0.001888921435694565,0));
#21410=DIRECTION('',(0.001888921435694565,0.9999982159863136,0));
#21411=FACE_BOUND('',#21412,.T.);
#21412=EDGE_LOOP('',(#21413,#21414,#21415));
#21413=ORIENTED_EDGE('',*,*,#21416,.T.);
#21414=ORIENTED_EDGE('',*,*,#21417,.T.);
#21415=ORIENTED_EDGE('',*,*,#21418,.T.);
#21416=EDGE_CURVE('',#683,#797,#21419,.F.);
#21417=EDGE_CURVE('',#797,#881,#21420,.T.);
#21418=EDGE_CURVE('',#881,#683,#21421,.T.);
#21419=LINE('',#682,#21422);
#21420=LINE('',#796,#21423);
#21421=LINE('',#880,#21424);
#21422=VECTOR('',#21425,1.0);
#21423=VECTOR('',#21426,1.0);
#21424=VECTOR('',#21427,1.0);
#21425=DIRECTION('',(0.001888921435694565,0.9999982159863136,0));
#21426=DIRECTION('',(0,0,-1));
#21427=DIRECTION('',(-0.0018584508314196996,-0.9838670263353865,0.17889164499906357));
#21428=FACE_SURFACE('',(#21433),#21429,.T.);
#21429=PLANE('',#21430);
#21430=AXIS2_PLACEMENT_3D('',#294,#21431,#21432);
#21431=DIRECTION('',(-0.9999982158464514,0.00188899547748479,0));
#21432=DIRECTION('',(-0.00188899547748479,-0.9999982158464514,0));
#21433=FACE_BOUND('',#21434,.T.);
#21434=EDGE_LOOP('',(#21435,#21436,#21437));
#21435=ORIENTED_EDGE('',*,*,#21438,.T.);
#21436=ORIENTED_EDGE('',*,*,#21439,.T.);
#21437=ORIENTED_EDGE('',*,*,#21440,.T.);
#21438=EDGE_CURVE('',#295,#293,#21441,.F.);
#21439=EDGE_CURVE('',#293,#685,#21442,.T.);
#21440=EDGE_CURVE('',#685,#295,#21443,.T.);
#21441=LINE('',#294,#21444);
#21442=LINE('',#292,#21445);
#21443=LINE('',#684,#21446);
#21444=VECTOR('',#21447,1.0);
#21445=VECTOR('',#21448,1.0);
#21446=VECTOR('',#21449,1.0);
#21447=DIRECTION('',(-0.00188899547748479,-0.9999982158464514,0));
#21448=DIRECTION('',(0,0,1));
#21449=DIRECTION('',(0.0012104735799786897,0.6408016507904547,-0.7677055288962952));
#21450=FACE_SURFACE('',(#21455),#21451,.T.);
#21451=PLANE('',#21452);
#21452=AXIS2_PLACEMENT_3D('',#682,#21453,#21454);
#21453=DIRECTION('',(-0.9999982159863136,0.001888921435694565,0));
#21454=DIRECTION('',(0.0018584508314196996,0.9838670263353865,-0.17889164499906357));
#21455=FACE_BOUND('',#21456,.T.);
#21456=EDGE_LOOP('',(#21457,#21458,#21459));
#21457=ORIENTED_EDGE('',*,*,#21460,.T.);
#21458=ORIENTED_EDGE('',*,*,#21461,.T.);
#21459=ORIENTED_EDGE('',*,*,#21462,.T.);
#21460=EDGE_CURVE('',#683,#881,#21463,.F.);
#21461=EDGE_CURVE('',#881,#295,#21464,.T.);
#21462=EDGE_CURVE('',#295,#683,#21465,.T.);
#21463=LINE('',#682,#21466);
#21464=LINE('',#880,#21467);
#21465=LINE('',#294,#21468);
#21466=VECTOR('',#21469,1.0);
#21467=VECTOR('',#21470,1.0);
#21468=VECTOR('',#21471,1.0);
#21469=DIRECTION('',(0.0018584508314196996,0.9838670263353865,-0.17889164499906357));
#21470=DIRECTION('',(-0.001888921435694565,-0.9999982159863136,0));
#21471=DIRECTION('',(0,0,1));
#21472=FACE_SURFACE('',(#21477),#21473,.T.);
#21473=PLANE('',#21474);
#21474=AXIS2_PLACEMENT_3D('',#682,#21475,#21476);
#21475=DIRECTION('',(-0.9999982158464514,0.00188899547748479,0));
#21476=DIRECTION('',(0,0,-1));
#21477=FACE_BOUND('',#21478,.T.);
#21478=EDGE_LOOP('',(#21479,#21480,#21481));
#21479=ORIENTED_EDGE('',*,*,#21482,.T.);
#21480=ORIENTED_EDGE('',*,*,#21483,.T.);
#21481=ORIENTED_EDGE('',*,*,#21484,.T.);
#21482=EDGE_CURVE('',#683,#295,#21485,.F.);
#21483=EDGE_CURVE('',#295,#685,#21486,.T.);
#21484=EDGE_CURVE('',#685,#683,#21487,.T.);
#21485=LINE('',#682,#21488);
#21486=LINE('',#294,#21489);
#21487=LINE('',#684,#21490);
#21488=VECTOR('',#21491,1.0);
#21489=VECTOR('',#21492,1.0);
#21490=VECTOR('',#21493,1.0);
#21491=DIRECTION('',(0,0,-1));
#21492=DIRECTION('',(-0.0012104735799786897,-0.6408016507904547,0.7677055288962952));
#21493=DIRECTION('',(0.00188899547748479,0.9999982158464514,0));
#21494=FACE_SURFACE('',(#21499),#21495,.T.);
#21495=PLANE('',#21496);
#21496=AXIS2_PLACEMENT_3D('',#672,#21497,#21498);
#21497=DIRECTION('',(-1,0,0));
#21498=DIRECTION('',(0,1,0));
#21499=FACE_BOUND('',#21500,.T.);
#21500=EDGE_LOOP('',(#21501,#21502,#21503));
#21501=ORIENTED_EDGE('',*,*,#21504,.T.);
#21502=ORIENTED_EDGE('',*,*,#21505,.T.);
#21503=ORIENTED_EDGE('',*,*,#21506,.T.);
#21504=EDGE_CURVE('',#673,#681,#21507,.F.);
#21505=EDGE_CURVE('',#681,#291,#21508,.T.);
#21506=EDGE_CURVE('',#291,#673,#21509,.T.);
#21507=LINE('',#672,#21510);
#21508=LINE('',#680,#21511);
#21509=LINE('',#290,#21512);
#21510=VECTOR('',#21513,1.0);
#21511=VECTOR('',#21514,1.0);
#21512=VECTOR('',#21515,1.0);
#21513=DIRECTION('',(0,1,0));
#21514=DIRECTION('',(0,0,-1));
#21515=DIRECTION('',(0,-0.9839571793932902,0.17840479007134533));
#21516=FACE_SURFACE('',(#21521),#21517,.T.);
#21517=PLANE('',#21518);
#21518=AXIS2_PLACEMENT_3D('',#300,#21519,#21520);
#21519=DIRECTION('',(-1,0,0));
#21520=DIRECTION('',(0,-1,0));
#21521=FACE_BOUND('',#21522,.T.);
#21522=EDGE_LOOP('',(#21523,#21524,#21525));
#21523=ORIENTED_EDGE('',*,*,#21526,.T.);
#21524=ORIENTED_EDGE('',*,*,#21527,.T.);
#21525=ORIENTED_EDGE('',*,*,#21528,.T.);
#21526=EDGE_CURVE('',#301,#753,#21529,.F.);
#21527=EDGE_CURVE('',#753,#717,#21530,.T.);
#21528=EDGE_CURVE('',#717,#301,#21531,.T.);
#21529=LINE('',#300,#21532);
#21530=LINE('',#752,#21533);
#21531=LINE('',#716,#21534);
#21532=VECTOR('',#21535,1.0);
#21533=VECTOR('',#21536,1.0);
#21534=VECTOR('',#21537,1.0);
#21535=DIRECTION('',(0,-1,0));
#21536=DIRECTION('',(0,0,1));
#21537=DIRECTION('',(0,0.9838088628503538,-0.1792208731624023));
#21538=FACE_SURFACE('',(#21543),#21539,.T.);
#21539=PLANE('',#21540);
#21540=AXIS2_PLACEMENT_3D('',#672,#21541,#21542);
#21541=DIRECTION('',(-1,0,0));
#21542=DIRECTION('',(0,0.9839571793932902,-0.17840479007134533));
#21543=FACE_BOUND('',#21544,.T.);
#21544=EDGE_LOOP('',(#21545,#21546,#21547));
#21545=ORIENTED_EDGE('',*,*,#21548,.T.);
#21546=ORIENTED_EDGE('',*,*,#21549,.T.);
#21547=ORIENTED_EDGE('',*,*,#21550,.T.);
#21548=EDGE_CURVE('',#673,#291,#21551,.F.);
#21549=EDGE_CURVE('',#291,#301,#21552,.T.);
#21550=EDGE_CURVE('',#301,#673,#21553,.T.);
#21551=LINE('',#672,#21554);
#21552=LINE('',#290,#21555);
#21553=LINE('',#300,#21556);
#21554=VECTOR('',#21557,1.0);
#21555=VECTOR('',#21558,1.0);
#21556=VECTOR('',#21559,1.0);
#21557=DIRECTION('',(0,0.9839571793932902,-0.17840479007134533));
#21558=DIRECTION('',(0,-1,0));
#21559=DIRECTION('',(0,-0.9778024423449665,0.2095289568155643));
#21560=FACE_SURFACE('',(#21565),#21561,.T.);
#21561=PLANE('',#21562);
#21562=AXIS2_PLACEMENT_3D('',#672,#21563,#21564);
#21563=DIRECTION('',(-1,-0,-0));
#21564=DIRECTION('',(0,0.9778024423449665,-0.2095289568155643));
#21565=FACE_BOUND('',#21566,.T.);
#21566=EDGE_LOOP('',(#21567,#21568,#21569));
#21567=ORIENTED_EDGE('',*,*,#21570,.T.);
#21568=ORIENTED_EDGE('',*,*,#21571,.T.);
#21569=ORIENTED_EDGE('',*,*,#21572,.T.);
#21570=EDGE_CURVE('',#673,#301,#21573,.F.);
#21571=EDGE_CURVE('',#301,#717,#21574,.T.);
#21572=EDGE_CURVE('',#717,#673,#21575,.T.);
#21573=LINE('',#672,#21576);
#21574=LINE('',#300,#21577);
#21575=LINE('',#716,#21578);
#21576=VECTOR('',#21579,1.0);
#21577=VECTOR('',#21580,1.0);
#21578=VECTOR('',#21581,1.0);
#21579=DIRECTION('',(0,0.9778024423449665,-0.2095289568155643));
#21580=DIRECTION('',(0,-0.9838088628503538,0.1792208731624023));
#21581=DIRECTION('',(0,1,0));
#21582=FACE_SURFACE('',(#21587),#21583,.T.);
#21583=PLANE('',#21584);
#21584=AXIS2_PLACEMENT_3D('',#420,#21585,#21586);
#21585=DIRECTION('',(0,1,0));
#21586=DIRECTION('',(-1,0,0));
#21587=FACE_BOUND('',#21588,.T.);
#21588=EDGE_LOOP('',(#21589,#21590,#21591));
#21589=ORIENTED_EDGE('',*,*,#21592,.T.);
#21590=ORIENTED_EDGE('',*,*,#21593,.T.);
#21591=ORIENTED_EDGE('',*,*,#21594,.T.);
#21592=EDGE_CURVE('',#421,#435,#21595,.F.);
#21593=EDGE_CURVE('',#435,#121,#21596,.T.);
#21594=EDGE_CURVE('',#121,#421,#21597,.T.);
#21595=LINE('',#420,#21598);
#21596=LINE('',#434,#21599);
#21597=LINE('',#120,#21600);
#21598=VECTOR('',#21601,1.0);
#21599=VECTOR('',#21602,1.0);
#21600=VECTOR('',#21603,1.0);
#21601=DIRECTION('',(-1,0,0));
#21602=DIRECTION('',(0,0,1));
#21603=DIRECTION('',(0.9921148006687517,0,-0.12533244709173738));
#21604=FACE_SURFACE('',(#21609),#21605,.T.);
#21605=PLANE('',#21606);
#21606=AXIS2_PLACEMENT_3D('',#420,#21607,#21608);
#21607=DIRECTION('',(0,1,-0));
#21608=DIRECTION('',(-0.9921148006687517,0,0.12533244709173738));
#21609=FACE_BOUND('',#21610,.T.);
#21610=EDGE_LOOP('',(#21611,#21612,#21613));
#21611=ORIENTED_EDGE('',*,*,#21614,.T.);
#21612=ORIENTED_EDGE('',*,*,#21615,.T.);
#21613=ORIENTED_EDGE('',*,*,#21616,.T.);
#21614=EDGE_CURVE('',#421,#121,#21617,.F.);
#21615=EDGE_CURVE('',#121,#103,#21618,.T.);
#21616=EDGE_CURVE('',#103,#421,#21619,.T.);
#21617=LINE('',#420,#21620);
#21618=LINE('',#120,#21621);
#21619=LINE('',#102,#21622);
#21620=VECTOR('',#21623,1.0);
#21621=VECTOR('',#21624,1.0);
#21622=VECTOR('',#21625,1.0);
#21623=DIRECTION('',(-0.9921148006687517,0,0.12533244709173738));
#21624=DIRECTION('',(1,0,0));
#21625=DIRECTION('',(0,0,-1));
#21626=FACE_SURFACE('',(#21631),#21627,.T.);
#21627=PLANE('',#21628);
#21628=AXIS2_PLACEMENT_3D('',#716,#21629,#21630);
#21629=DIRECTION('',(0,-1,0));
#21630=DIRECTION('',(0,0,-1));
#21631=FACE_BOUND('',#21632,.T.);
#21632=EDGE_LOOP('',(#21633,#21634,#21635));
#21633=ORIENTED_EDGE('',*,*,#21636,.T.);
#21634=ORIENTED_EDGE('',*,*,#21637,.T.);
#21635=ORIENTED_EDGE('',*,*,#21638,.T.);
#21636=EDGE_CURVE('',#717,#753,#21639,.F.);
#21637=EDGE_CURVE('',#753,#755,#21640,.T.);
#21638=EDGE_CURVE('',#755,#717,#21641,.T.);
#21639=LINE('',#716,#21642);
#21640=LINE('',#752,#21643);
#21641=LINE('',#754,#21644);
#21642=VECTOR('',#21645,1.0);
#21643=VECTOR('',#21646,1.0);
#21644=VECTOR('',#21647,1.0);
#21645=DIRECTION('',(0,0,-1));
#21646=DIRECTION('',(1,0,0));
#21647=DIRECTION('',(-0.9538110329853463,0,0.3004072458437488));
#21648=FACE_SURFACE('',(#21653),#21649,.T.);
#21649=PLANE('',#21650);
#21650=AXIS2_PLACEMENT_3D('',#716,#21651,#21652);
#21651=DIRECTION('',(0,-1,0));
#21652=DIRECTION('',(0.9538110329853463,0,-0.3004072458437488));
#21653=FACE_BOUND('',#21654,.T.);
#21654=EDGE_LOOP('',(#21655,#21656,#21657));
#21655=ORIENTED_EDGE('',*,*,#21658,.T.);
#21656=ORIENTED_EDGE('',*,*,#21659,.T.);
#21657=ORIENTED_EDGE('',*,*,#21660,.T.);
#21658=EDGE_CURVE('',#717,#755,#21661,.F.);
#21659=EDGE_CURVE('',#755,#719,#21662,.T.);
#21660=EDGE_CURVE('',#719,#717,#21663,.T.);
#21661=LINE('',#716,#21664);
#21662=LINE('',#754,#21665);
#21663=LINE('',#718,#21666);
#21664=VECTOR('',#21667,1.0);
#21665=VECTOR('',#21668,1.0);
#21666=VECTOR('',#21669,1.0);
#21667=DIRECTION('',(0.9538110329853463,0,-0.3004072458437488));
#21668=DIRECTION('',(0,0,1));
#21669=DIRECTION('',(-1,0,0));
#21670=FACE_SURFACE('',(#21675),#21671,.T.);
#21671=PLANE('',#21672);
#21672=AXIS2_PLACEMENT_3D('',#920,#21673,#21674);
#21673=DIRECTION('',(-0.9998957004806819,0.014442581495229624,0));
#21674=DIRECTION('',(0,0,-1));
#21675=FACE_BOUND('',#21676,.T.);
#21676=EDGE_LOOP('',(#21677,#21678,#21679));
#21677=ORIENTED_EDGE('',*,*,#21680,.T.);
#21678=ORIENTED_EDGE('',*,*,#21681,.T.);
#21679=ORIENTED_EDGE('',*,*,#21682,.T.);
#21680=EDGE_CURVE('',#921,#845,#21683,.F.);
#21681=EDGE_CURVE('',#845,#271,#21684,.T.);
#21682=EDGE_CURVE('',#271,#921,#21685,.T.);
#21683=LINE('',#920,#21686);
#21684=LINE('',#844,#21687);
#21685=LINE('',#270,#21688);
#21686=VECTOR('',#21689,1.0);
#21687=VECTOR('',#21690,1.0);
#21688=VECTOR('',#21691,1.0);
#21689=DIRECTION('',(0,0,-1));
#21690=DIRECTION('',(-0.014442581495229626,-0.999895700480682,0));
#21691=DIRECTION('',(0.014340557714414212,0.9928323413562893,0.11865197158677294));
#21692=FACE_SURFACE('',(#21697),#21693,.T.);
#21693=PLANE('',#21694);
#21694=AXIS2_PLACEMENT_3D('',#266,#21695,#21696);
#21695=DIRECTION('',(-1,0,0));
#21696=DIRECTION('',(0,-1,0));
#21697=FACE_BOUND('',#21698,.T.);
#21698=EDGE_LOOP('',(#21699,#21700,#21701));
#21699=ORIENTED_EDGE('',*,*,#21702,.T.);
#21700=ORIENTED_EDGE('',*,*,#21703,.T.);
#21701=ORIENTED_EDGE('',*,*,#21704,.T.);
#21702=EDGE_CURVE('',#267,#879,#21705,.F.);
#21703=EDGE_CURVE('',#879,#801,#21706,.T.);
#21704=EDGE_CURVE('',#801,#267,#21707,.T.);
#21705=LINE('',#266,#21708);
#21706=LINE('',#878,#21709);
#21707=LINE('',#800,#21710);
#21708=VECTOR('',#21711,1.0);
#21709=VECTOR('',#21712,1.0);
#21710=VECTOR('',#21713,1.0);
#21711=DIRECTION('',(0,-1,0));
#21712=DIRECTION('',(0,0,1));
#21713=DIRECTION('',(0,0.6477405175518932,-0.7618610253331021));
#21714=FACE_SURFACE('',(#21719),#21715,.T.);
#21715=PLANE('',#21716);
#21716=AXIS2_PLACEMENT_3D('',#920,#21717,#21718);
#21717=DIRECTION('',(-0.9927752022115789,0,0.11998915731747932));
#21718=DIRECTION('',(-0.014340557714414212,-0.9928323413562893,-0.11865197158677294));
#21719=FACE_BOUND('',#21720,.T.);
#21720=EDGE_LOOP('',(#21721,#21722,#21723));
#21721=ORIENTED_EDGE('',*,*,#21724,.T.);
#21722=ORIENTED_EDGE('',*,*,#21725,.T.);
#21723=ORIENTED_EDGE('',*,*,#21726,.T.);
#21724=EDGE_CURVE('',#921,#271,#21727,.F.);
#21725=EDGE_CURVE('',#271,#267,#21728,.T.);
#21726=EDGE_CURVE('',#267,#921,#21729,.T.);
#21727=LINE('',#920,#21730);
#21728=LINE('',#270,#21731);
#21729=LINE('',#266,#21732);
#21730=VECTOR('',#21733,1.0);
#21731=VECTOR('',#21734,1.0);
#21732=VECTOR('',#21735,1.0);
#21733=DIRECTION('',(-0.014340557714414212,-0.9928323413562893,-0.11865197158677294));
#21734=DIRECTION('',(0,-1,0));
#21735=DIRECTION('',(0.006707243168835763,0.9984364428629229,0.05549488672217837));
#21736=FACE_SURFACE('',(#21741),#21737,.T.);
#21737=PLANE('',#21738);
#21738=AXIS2_PLACEMENT_3D('',#534,#21739,#21740);
#21739=DIRECTION('',(-0.9903747758994702,0.014305060422673776,-0.13767050703900807));
#21740=DIRECTION('',(0.014442581495229626,0.999895700480682,0));
#21741=FACE_BOUND('',#21742,.T.);
#21742=EDGE_LOOP('',(#21743,#21744,#21745));
#21743=ORIENTED_EDGE('',*,*,#21746,.T.);
#21744=ORIENTED_EDGE('',*,*,#21747,.T.);
#21745=ORIENTED_EDGE('',*,*,#21748,.T.);
#21746=EDGE_CURVE('',#535,#921,#21749,.F.);
#21747=EDGE_CURVE('',#921,#267,#21750,.T.);
#21748=EDGE_CURVE('',#267,#535,#21751,.T.);
#21749=LINE('',#534,#21752);
#21750=LINE('',#920,#21753);
#21751=LINE('',#266,#21754);
#21752=VECTOR('',#21755,1.0);
#21753=VECTOR('',#21756,1.0);
#21754=VECTOR('',#21757,1.0);
#21755=DIRECTION('',(0.014442581495229626,0.999895700480682,0));
#21756=DIRECTION('',(-0.006707243168835763,-0.9984364428629229,-0.05549488672217837));
#21757=DIRECTION('',(0,0.9946448937192413,0.10335151376849465));
#21758=FACE_SURFACE('',(#21763),#21759,.T.);
#21759=PLANE('',#21760);
#21760=AXIS2_PLACEMENT_3D('',#266,#21761,#21762);
#21761=DIRECTION('',(-1,0,0));
#21762=DIRECTION('',(0,-0.6477405175518932,0.7618610253331021));
#21763=FACE_BOUND('',#21764,.T.);
#21764=EDGE_LOOP('',(#21765,#21766,#21767));
#21765=ORIENTED_EDGE('',*,*,#21768,.T.);
#21766=ORIENTED_EDGE('',*,*,#21769,.T.);
#21767=ORIENTED_EDGE('',*,*,#21770,.T.);
#21768=EDGE_CURVE('',#267,#801,#21771,.F.);
#21769=EDGE_CURVE('',#801,#537,#21772,.T.);
#21770=EDGE_CURVE('',#537,#267,#21773,.T.);
#21771=LINE('',#266,#21774);
#21772=LINE('',#800,#21775);
#21773=LINE('',#536,#21776);
#21774=VECTOR('',#21777,1.0);
#21775=VECTOR('',#21778,1.0);
#21776=VECTOR('',#21779,1.0);
#21777=DIRECTION('',(0,-0.6477405175518932,0.7618610253331021));
#21778=DIRECTION('',(0,1,0));
#21779=DIRECTION('',(0,0,-1));
#21780=FACE_SURFACE('',(#21785),#21781,.T.);
#21781=PLANE('',#21782);
#21782=AXIS2_PLACEMENT_3D('',#266,#21783,#21784);
#21783=DIRECTION('',(-1,0,0));
#21784=DIRECTION('',(0,0,1));
#21785=FACE_BOUND('',#21786,.T.);
#21786=EDGE_LOOP('',(#21787,#21788,#21789));
#21787=ORIENTED_EDGE('',*,*,#21790,.T.);
#21788=ORIENTED_EDGE('',*,*,#21791,.T.);
#21789=ORIENTED_EDGE('',*,*,#21792,.T.);
#21790=EDGE_CURVE('',#267,#537,#21793,.F.);
#21791=EDGE_CURVE('',#537,#535,#21794,.T.);
#21792=EDGE_CURVE('',#535,#267,#21795,.T.);
#21793=LINE('',#266,#21796);
#21794=LINE('',#536,#21797);
#21795=LINE('',#534,#21798);
#21796=VECTOR('',#21799,1.0);
#21797=VECTOR('',#21800,1.0);
#21798=VECTOR('',#21801,1.0);
#21799=DIRECTION('',(0,0,1));
#21800=DIRECTION('',(0,1,0));
#21801=DIRECTION('',(0,-0.9946448937192413,-0.10335151376849465));
#21802=FACE_SURFACE('',(#21807),#21803,.T.);
#21803=PLANE('',#21804);
#21804=AXIS2_PLACEMENT_3D('',#406,#21805,#21806);
#21805=DIRECTION('',(0,1,0));
#21806=DIRECTION('',(-1,0,0));
#21807=FACE_BOUND('',#21808,.T.);
#21808=EDGE_LOOP('',(#21809,#21810,#21811));
#21809=ORIENTED_EDGE('',*,*,#21812,.T.);
#21810=ORIENTED_EDGE('',*,*,#21813,.T.);
#21811=ORIENTED_EDGE('',*,*,#21814,.T.);
#21812=EDGE_CURVE('',#407,#413,#21815,.F.);
#21813=EDGE_CURVE('',#413,#69,#21816,.T.);
#21814=EDGE_CURVE('',#69,#407,#21817,.T.);
#21815=LINE('',#406,#21818);
#21816=LINE('',#412,#21819);
#21817=LINE('',#68,#21820);
#21818=VECTOR('',#21821,1.0);
#21819=VECTOR('',#21822,1.0);
#21820=VECTOR('',#21823,1.0);
#21821=DIRECTION('',(-1,0,0));
#21822=DIRECTION('',(0,0,1));
#21823=DIRECTION('',(0.9778024043299637,0,-0.20952913421894873));
#21824=FACE_SURFACE('',(#21829),#21825,.T.);
#21825=PLANE('',#21826);
#21826=AXIS2_PLACEMENT_3D('',#406,#21827,#21828);
#21827=DIRECTION('',(0,1,-0));
#21828=DIRECTION('',(-0.9778024043299637,0,0.20952913421894873));
#21829=FACE_BOUND('',#21830,.T.);
#21830=EDGE_LOOP('',(#21831,#21832,#21833));
#21831=ORIENTED_EDGE('',*,*,#21834,.T.);
#21832=ORIENTED_EDGE('',*,*,#21835,.T.);
#21833=ORIENTED_EDGE('',*,*,#21836,.T.);
#21834=EDGE_CURVE('',#407,#69,#21837,.F.);
#21835=EDGE_CURVE('',#69,#67,#21838,.T.);
#21836=EDGE_CURVE('',#67,#407,#21839,.T.);
#21837=LINE('',#406,#21840);
#21838=LINE('',#68,#21841);
#21839=LINE('',#66,#21842);
#21840=VECTOR('',#21843,1.0);
#21841=VECTOR('',#21844,1.0);
#21842=VECTOR('',#21845,1.0);
#21843=DIRECTION('',(-0.9778024043299637,0,0.20952913421894873));
#21844=DIRECTION('',(1,0,0));
#21845=DIRECTION('',(0,0,-1));
#21846=FACE_SURFACE('',(#21851),#21847,.T.);
#21847=PLANE('',#21848);
#21848=AXIS2_PLACEMENT_3D('',#920,#21849,#21850);
#21849=DIRECTION('',(0,0,1));
#21850=DIRECTION('',(-0.014442581495229626,-0.999895700480682,0));
#21851=FACE_BOUND('',#21852,.T.);
#21852=EDGE_LOOP('',(#21853,#21854,#21855));
#21853=ORIENTED_EDGE('',*,*,#21856,.T.);
#21854=ORIENTED_EDGE('',*,*,#21857,.T.);
#21855=ORIENTED_EDGE('',*,*,#21858,.T.);
#21856=EDGE_CURVE('',#921,#535,#21859,.F.);
#21857=EDGE_CURVE('',#535,#533,#21860,.T.);
#21858=EDGE_CURVE('',#533,#921,#21861,.T.);
#21859=LINE('',#920,#21862);
#21860=LINE('',#534,#21863);
#21861=LINE('',#532,#21864);
#21862=VECTOR('',#21865,1.0);
#21863=VECTOR('',#21866,1.0);
#21864=VECTOR('',#21867,1.0);
#21865=DIRECTION('',(-0.014442581495229626,-0.999895700480682,0));
#21866=DIRECTION('',(1,0,0));
#21867=DIRECTION('',(-0.08295329996277287,0.9965534356095945,0));
#21868=FACE_SURFACE('',(#21873),#21869,.T.);
#21869=PLANE('',#21870);
#21870=AXIS2_PLACEMENT_3D('',#920,#21871,#21872);
#21871=DIRECTION('',(0,0,1));
#21872=DIRECTION('',(0.08295329996277287,-0.9965534356095945,0));
#21873=FACE_BOUND('',#21874,.T.);
#21874=EDGE_LOOP('',(#21875,#21876,#21877));
#21875=ORIENTED_EDGE('',*,*,#21878,.T.);
#21876=ORIENTED_EDGE('',*,*,#21879,.T.);
#21877=ORIENTED_EDGE('',*,*,#21880,.T.);
#21878=EDGE_CURVE('',#921,#533,#21881,.F.);
#21879=EDGE_CURVE('',#533,#727,#21882,.T.);
#21880=EDGE_CURVE('',#727,#921,#21883,.T.);
#21881=LINE('',#920,#21884);
#21882=LINE('',#532,#21885);
#21883=LINE('',#726,#21886);
#21884=VECTOR('',#21887,1.0);
#21885=VECTOR('',#21888,1.0);
#21886=VECTOR('',#21889,1.0);
#21887=DIRECTION('',(0.08295329996277287,-0.9965534356095945,0));
#21888=DIRECTION('',(0,1,0));
#21889=DIRECTION('',(-0.184954378512227,0.982747107789769,0));
#21890=FACE_SURFACE('',(#21895),#21891,.T.);
#21891=PLANE('',#21892);
#21892=AXIS2_PLACEMENT_3D('',#604,#21893,#21894);
#21893=DIRECTION('',(0,0,1));
#21894=DIRECTION('',(1,0,0));
#21895=FACE_BOUND('',#21896,.T.);
#21896=EDGE_LOOP('',(#21897,#21898,#21899));
#21897=ORIENTED_EDGE('',*,*,#21900,.T.);
#21898=ORIENTED_EDGE('',*,*,#21901,.T.);
#21899=ORIENTED_EDGE('',*,*,#21902,.T.);
#21900=EDGE_CURVE('',#605,#603,#21903,.F.);
#21901=EDGE_CURVE('',#603,#917,#21904,.T.);
#21902=EDGE_CURVE('',#917,#605,#21905,.T.);
#21903=LINE('',#604,#21906);
#21904=LINE('',#602,#21907);
#21905=LINE('',#916,#21908);
#21906=VECTOR('',#21909,1.0);
#21907=VECTOR('',#21910,1.0);
#21908=VECTOR('',#21911,1.0);
#21909=DIRECTION('',(1,0,0));
#21910=DIRECTION('',(-0.012760380062548031,0.9999185830359686,0));
#21911=DIRECTION('',(-0.07195072099432787,-0.997408188129813,0));
#21912=FACE_SURFACE('',(#21917),#21913,.T.);
#21913=PLANE('',#21914);
#21914=AXIS2_PLACEMENT_3D('',#896,#21915,#21916);
#21915=DIRECTION('',(-0,0,1));
#21916=DIRECTION('',(0.09801401690337913,-0.9951850342978757,0));
#21917=FACE_BOUND('',#21918,.T.);
#21918=EDGE_LOOP('',(#21919,#21920,#21921));
#21919=ORIENTED_EDGE('',*,*,#21922,.T.);
#21920=ORIENTED_EDGE('',*,*,#21923,.T.);
#21921=ORIENTED_EDGE('',*,*,#21924,.T.);
#21922=EDGE_CURVE('',#897,#605,#21925,.F.);
#21923=EDGE_CURVE('',#605,#917,#21926,.T.);
#21924=EDGE_CURVE('',#917,#897,#21927,.T.);
#21925=LINE('',#896,#21928);
#21926=LINE('',#604,#21929);
#21927=LINE('',#916,#21930);
#21928=VECTOR('',#21931,1.0);
#21929=VECTOR('',#21932,1.0);
#21930=VECTOR('',#21933,1.0);
#21931=DIRECTION('',(0.09801401690337913,-0.9951850342978757,0));
#21932=DIRECTION('',(0.07195072099432787,0.997408188129813,0));
#21933=DIRECTION('',(-0.07871483754265898,-0.9968971734088892,0));
#21934=FACE_SURFACE('',(#21939),#21935,.T.);
#21935=PLANE('',#21936);
#21936=AXIS2_PLACEMENT_3D('',#916,#21937,#21938);
#21937=DIRECTION('',(0,0,1));
#21938=DIRECTION('',(-1,0,0));
#21939=FACE_BOUND('',#21940,.T.);
#21940=EDGE_LOOP('',(#21941,#21942,#21943));
#21941=ORIENTED_EDGE('',*,*,#21944,.T.);
#21942=ORIENTED_EDGE('',*,*,#21945,.T.);
#21943=ORIENTED_EDGE('',*,*,#21946,.T.);
#21944=EDGE_CURVE('',#917,#921,#21947,.F.);
#21945=EDGE_CURVE('',#921,#727,#21948,.T.);
#21946=EDGE_CURVE('',#727,#917,#21949,.T.);
#21947=LINE('',#916,#21950);
#21948=LINE('',#920,#21951);
#21949=LINE('',#726,#21952);
#21950=VECTOR('',#21953,1.0);
#21951=VECTOR('',#21954,1.0);
#21952=VECTOR('',#21955,1.0);
#21953=DIRECTION('',(-1,0,0));
#21954=DIRECTION('',(0.184954378512227,-0.982747107789769,0));
#21955=DIRECTION('',(0.9964146059144591,0.08460456914572248,0));
#21956=FACE_SURFACE('',(#21961),#21957,.T.);
#21957=PLANE('',#21958);
#21958=AXIS2_PLACEMENT_3D('',#916,#21959,#21960);
#21959=DIRECTION('',(0,0,1));
#21960=DIRECTION('',(-0.9964146059144591,-0.08460456914572248,0));
#21961=FACE_BOUND('',#21962,.T.);
#21962=EDGE_LOOP('',(#21963,#21964,#21965));
#21963=ORIENTED_EDGE('',*,*,#21966,.T.);
#21964=ORIENTED_EDGE('',*,*,#21967,.T.);
#21965=ORIENTED_EDGE('',*,*,#21968,.T.);
#21966=EDGE_CURVE('',#917,#727,#21969,.F.);
#21967=EDGE_CURVE('',#727,#529,#21970,.T.);
#21968=EDGE_CURVE('',#529,#917,#21971,.T.);
#21969=LINE('',#916,#21972);
#21970=LINE('',#726,#21973);
#21971=LINE('',#528,#21974);
#21972=VECTOR('',#21975,1.0);
#21973=VECTOR('',#21976,1.0);
#21974=VECTOR('',#21977,1.0);
#21975=DIRECTION('',(-0.9964146059144591,-0.08460456914572248,0));
#21976=DIRECTION('',(1,0,0));
#21977=DIRECTION('',(0.9955093921651836,0.09466282327770838,0));
#21978=FACE_SURFACE('',(#21983),#21979,.T.);
#21979=PLANE('',#21980);
#21980=AXIS2_PLACEMENT_3D('',#894,#21981,#21982);
#21981=DIRECTION('',(-0,0,1));
#21982=DIRECTION('',(0.2902840604787315,-0.9569405228288643,0));
#21983=FACE_BOUND('',#21984,.T.);
#21984=EDGE_LOOP('',(#21985,#21986,#21987));
#21985=ORIENTED_EDGE('',*,*,#21988,.T.);
#21986=ORIENTED_EDGE('',*,*,#21989,.T.);
#21987=ORIENTED_EDGE('',*,*,#21990,.T.);
#21988=EDGE_CURVE('',#895,#897,#21991,.F.);
#21989=EDGE_CURVE('',#897,#917,#21992,.T.);
#21990=EDGE_CURVE('',#917,#895,#21993,.T.);
#21991=LINE('',#894,#21994);
#21992=LINE('',#896,#21995);
#21993=LINE('',#916,#21996);
#21994=VECTOR('',#21997,1.0);
#21995=VECTOR('',#21998,1.0);
#21996=VECTOR('',#21999,1.0);
#21997=DIRECTION('',(0.2902840604787315,-0.9569405228288643,0));
#21998=DIRECTION('',(0.07871483754265898,0.9968971734088892,0));
#21999=DIRECTION('',(-0.09383005031169087,-0.9955882289674309,0));
#22000=FACE_SURFACE('',(#22005),#22001,.T.);
#22001=PLANE('',#22002);
#22002=AXIS2_PLACEMENT_3D('',#892,#22003,#22004);
#22003=DIRECTION('',(-0,0,1));
#22004=DIRECTION('',(0.4713933014282789,-0.8819231005980894,0));
#22005=FACE_BOUND('',#22006,.T.);
#22006=EDGE_LOOP('',(#22007,#22008,#22009));
#22007=ORIENTED_EDGE('',*,*,#22010,.T.);
#22008=ORIENTED_EDGE('',*,*,#22011,.T.);
#22009=ORIENTED_EDGE('',*,*,#22012,.T.);
#22010=EDGE_CURVE('',#893,#895,#22013,.F.);
#22011=EDGE_CURVE('',#895,#917,#22014,.T.);
#22012=EDGE_CURVE('',#917,#893,#22015,.T.);
#22013=LINE('',#892,#22016);
#22014=LINE('',#894,#22017);
#22015=LINE('',#916,#22018);
#22016=VECTOR('',#22019,1.0);
#22017=VECTOR('',#22020,1.0);
#22018=VECTOR('',#22021,1.0);
#22019=DIRECTION('',(0.4713933014282789,-0.8819231005980894,0));
#22020=DIRECTION('',(0.09383005031169087,0.9955882289674309,0));
#22021=DIRECTION('',(-0.11748204559237549,-0.9930750067157218,0));
#22022=FACE_SURFACE('',(#22027),#22023,.T.);
#22023=PLANE('',#22024);
#22024=AXIS2_PLACEMENT_3D('',#916,#22025,#22026);
#22025=DIRECTION('',(0,0,1));
#22026=DIRECTION('',(-0.9955093921651836,-0.09466282327770838,0));
#22027=FACE_BOUND('',#22028,.T.);
#22028=EDGE_LOOP('',(#22029,#22030,#22031));
#22029=ORIENTED_EDGE('',*,*,#22032,.T.);
#22030=ORIENTED_EDGE('',*,*,#22033,.T.);
#22031=ORIENTED_EDGE('',*,*,#22034,.T.);
#22032=EDGE_CURVE('',#917,#529,#22035,.F.);
#22033=EDGE_CURVE('',#529,#527,#22036,.T.);
#22034=EDGE_CURVE('',#527,#917,#22037,.T.);
#22035=LINE('',#916,#22038);
#22036=LINE('',#528,#22039);
#22037=LINE('',#526,#22040);
#22038=VECTOR('',#22041,1.0);
#22039=VECTOR('',#22042,1.0);
#22040=VECTOR('',#22043,1.0);
#22041=DIRECTION('',(-0.9955093921651836,-0.09466282327770838,0));
#22042=DIRECTION('',(1,0,0));
#22043=DIRECTION('',(0.995097260352125,0.09890117511786799,0));
#22044=FACE_SURFACE('',(#22049),#22045,.T.);
#22045=PLANE('',#22046);
#22046=AXIS2_PLACEMENT_3D('',#740,#22047,#22048);
#22047=DIRECTION('',(0,0,1));
#22048=DIRECTION('',(0,-1,0));
#22049=FACE_BOUND('',#22050,.T.);
#22050=EDGE_LOOP('',(#22051,#22052,#22053));
#22051=ORIENTED_EDGE('',*,*,#22054,.T.);
#22052=ORIENTED_EDGE('',*,*,#22055,.T.);
#22053=ORIENTED_EDGE('',*,*,#22056,.T.);
#22054=EDGE_CURVE('',#741,#547,#22057,.F.);
#22055=EDGE_CURVE('',#547,#559,#22058,.T.);
#22056=EDGE_CURVE('',#559,#741,#22059,.T.);
#22057=LINE('',#740,#22060);
#22058=LINE('',#546,#22061);
#22059=LINE('',#558,#22062);
#22060=VECTOR('',#22063,1.0);
#22061=VECTOR('',#22064,1.0);
#22062=VECTOR('',#22065,1.0);
#22063=DIRECTION('',(0,-1,0));
#22064=DIRECTION('',(1,0,0));
#22065=DIRECTION('',(-0.33931394902143946,0.9406731866059944,0));
#22066=FACE_SURFACE('',(#22071),#22067,.T.);
#22067=PLANE('',#22068);
#22068=AXIS2_PLACEMENT_3D('',#916,#22069,#22070);
#22069=DIRECTION('',(0,0,1));
#22070=DIRECTION('',(-0.995097260352125,-0.09890117511786799,0));
#22071=FACE_BOUND('',#22072,.T.);
#22072=EDGE_LOOP('',(#22073,#22074,#22075));
#22073=ORIENTED_EDGE('',*,*,#22076,.T.);
#22074=ORIENTED_EDGE('',*,*,#22077,.T.);
#22075=ORIENTED_EDGE('',*,*,#22078,.T.);
#22076=EDGE_CURVE('',#917,#527,#22079,.F.);
#22077=EDGE_CURVE('',#527,#741,#22080,.T.);
#22078=EDGE_CURVE('',#741,#917,#22081,.T.);
#22079=LINE('',#916,#22082);
#22080=LINE('',#526,#22083);
#22081=LINE('',#740,#22084);
#22082=VECTOR('',#22085,1.0);
#22083=VECTOR('',#22086,1.0);
#22084=VECTOR('',#22087,1.0);
#22085=DIRECTION('',(-0.995097260352125,-0.09890117511786799,0));
#22086=DIRECTION('',(1,0,0));
#22087=DIRECTION('',(0.993606099271127,0.11290225636016035,0));
#22088=FACE_SURFACE('',(#22093),#22089,.T.);
#22089=PLANE('',#22090);
#22090=AXIS2_PLACEMENT_3D('',#890,#22091,#22092);
#22091=DIRECTION('',(-0,0,1));
#22092=DIRECTION('',(0.6343803393128503,-0.7730210767458497,0));
#22093=FACE_BOUND('',#22094,.T.);
#22094=EDGE_LOOP('',(#22095,#22096,#22097));
#22095=ORIENTED_EDGE('',*,*,#22098,.T.);
#22096=ORIENTED_EDGE('',*,*,#22099,.T.);
#22097=ORIENTED_EDGE('',*,*,#22100,.T.);
#22098=EDGE_CURVE('',#891,#893,#22101,.F.);
#22099=EDGE_CURVE('',#893,#917,#22102,.T.);
#22100=EDGE_CURVE('',#917,#891,#22103,.T.);
#22101=LINE('',#890,#22104);
#22102=LINE('',#892,#22105);
#22103=LINE('',#916,#22106);
#22104=VECTOR('',#22107,1.0);
#22105=VECTOR('',#22108,1.0);
#22106=VECTOR('',#22109,1.0);
#22107=DIRECTION('',(0.6343803393128503,-0.7730210767458497,0));
#22108=DIRECTION('',(0.11748204559237549,0.9930750067157218,0));
#22109=DIRECTION('',(-0.14919251745939283,-0.9888081678132158,0));
#22110=FACE_SURFACE('',(#22115),#22111,.T.);
#22111=PLANE('',#22112);
#22112=AXIS2_PLACEMENT_3D('',#888,#22113,#22114);
#22113=DIRECTION('',(-0,0,1));
#22114=DIRECTION('',(0.7730184910576299,-0.6343834900775595,0));
#22115=FACE_BOUND('',#22116,.T.);
#22116=EDGE_LOOP('',(#22117,#22118,#22119));
#22117=ORIENTED_EDGE('',*,*,#22120,.T.);
#22118=ORIENTED_EDGE('',*,*,#22121,.T.);
#22119=ORIENTED_EDGE('',*,*,#22122,.T.);
#22120=EDGE_CURVE('',#889,#891,#22123,.F.);
#22121=EDGE_CURVE('',#891,#917,#22124,.T.);
#22122=EDGE_CURVE('',#917,#889,#22125,.T.);
#22123=LINE('',#888,#22126);
#22124=LINE('',#890,#22127);
#22125=LINE('',#916,#22128);
#22126=VECTOR('',#22129,1.0);
#22127=VECTOR('',#22130,1.0);
#22128=VECTOR('',#22131,1.0);
#22129=DIRECTION('',(0.7730184910576299,-0.6343834900775595,0));
#22130=DIRECTION('',(0.14919251745939283,0.9888081678132158,0));
#22131=DIRECTION('',(-0.18762689398767088,-0.9822403721353238,0));
#22132=FACE_SURFACE('',(#22137),#22133,.T.);
#22133=PLANE('',#22134);
#22134=AXIS2_PLACEMENT_3D('',#740,#22135,#22136);
#22135=DIRECTION('',(-0,0,1));
#22136=DIRECTION('',(0.33931394902143946,-0.9406731866059944,0));
#22137=FACE_BOUND('',#22138,.T.);
#22138=EDGE_LOOP('',(#22139,#22140,#22141));
#22139=ORIENTED_EDGE('',*,*,#22142,.T.);
#22140=ORIENTED_EDGE('',*,*,#22143,.T.);
#22141=ORIENTED_EDGE('',*,*,#22144,.T.);
#22142=EDGE_CURVE('',#741,#559,#22145,.F.);
#22143=EDGE_CURVE('',#559,#735,#22146,.T.);
#22144=EDGE_CURVE('',#735,#741,#22147,.T.);
#22145=LINE('',#740,#22148);
#22146=LINE('',#558,#22149);
#22147=LINE('',#734,#22150);
#22148=VECTOR('',#22151,1.0);
#22149=VECTOR('',#22152,1.0);
#22150=VECTOR('',#22153,1.0);
#22151=DIRECTION('',(0.33931394902143946,-0.9406731866059944,0));
#22152=DIRECTION('',(0,1,0));
#22153=DIRECTION('',(-1,0,0));
#22154=FACE_SURFACE('',(#22159),#22155,.T.);
#22155=PLANE('',#22156);
#22156=AXIS2_PLACEMENT_3D('',#562,#22157,#22158);
#22157=DIRECTION('',(0,0,1));
#22158=DIRECTION('',(0.993814907644318,-0.11104922036608585,0));
#22159=FACE_BOUND('',#22160,.T.);
#22160=EDGE_LOOP('',(#22161,#22162,#22163));
#22161=ORIENTED_EDGE('',*,*,#22164,.T.);
#22162=ORIENTED_EDGE('',*,*,#22165,.T.);
#22163=ORIENTED_EDGE('',*,*,#22166,.T.);
#22164=EDGE_CURVE('',#563,#561,#22167,.F.);
#22165=EDGE_CURVE('',#561,#915,#22168,.T.);
#22166=EDGE_CURVE('',#915,#563,#22169,.T.);
#22167=LINE('',#562,#22170);
#22168=LINE('',#560,#22171);
#22169=LINE('',#914,#22172);
#22170=VECTOR('',#22173,1.0);
#22171=VECTOR('',#22174,1.0);
#22172=VECTOR('',#22175,1.0);
#22173=DIRECTION('',(0.993814907644318,-0.11104922036608585,0));
#22174=DIRECTION('',(1,0,0));
#22175=DIRECTION('',(-0.9989299149365459,0.046249595077850134,0));
#22176=FACE_SURFACE('',(#22181),#22177,.T.);
#22177=PLANE('',#22178);
#22178=AXIS2_PLACEMENT_3D('',#916,#22179,#22180);
#22179=DIRECTION('',(0,0,1));
#22180=DIRECTION('',(-0.993606099271127,-0.11290225636016035,0));
#22181=FACE_BOUND('',#22182,.T.);
#22182=EDGE_LOOP('',(#22183,#22184,#22185));
#22183=ORIENTED_EDGE('',*,*,#22186,.T.);
#22184=ORIENTED_EDGE('',*,*,#22187,.T.);
#22185=ORIENTED_EDGE('',*,*,#22188,.T.);
#22186=EDGE_CURVE('',#917,#741,#22189,.F.);
#22187=EDGE_CURVE('',#741,#735,#22190,.T.);
#22188=EDGE_CURVE('',#735,#917,#22191,.T.);
#22189=LINE('',#916,#22192);
#22190=LINE('',#740,#22193);
#22191=LINE('',#734,#22194);
#22192=VECTOR('',#22195,1.0);
#22193=VECTOR('',#22196,1.0);
#22194=VECTOR('',#22197,1.0);
#22195=DIRECTION('',(-0.993606099271127,-0.11290225636016035,0));
#22196=DIRECTION('',(1,0,0));
#22197=DIRECTION('',(0.992897787511004,0.11897051548914579,0));
#22198=FACE_SURFACE('',(#22203),#22199,.T.);
#22199=PLANE('',#22200);
#22200=AXIS2_PLACEMENT_3D('',#916,#22201,#22202);
#22201=DIRECTION('',(0,0,1));
#22202=DIRECTION('',(-0.992897787511004,-0.11897051548914579,0));
#22203=FACE_BOUND('',#22204,.T.);
#22204=EDGE_LOOP('',(#22205,#22206,#22207));
#22205=ORIENTED_EDGE('',*,*,#22208,.T.);
#22206=ORIENTED_EDGE('',*,*,#22209,.T.);
#22207=ORIENTED_EDGE('',*,*,#22210,.T.);
#22208=EDGE_CURVE('',#917,#735,#22211,.F.);
#22209=EDGE_CURVE('',#735,#563,#22212,.T.);
#22210=EDGE_CURVE('',#563,#917,#22213,.T.);
#22211=LINE('',#916,#22214);
#22212=LINE('',#734,#22215);
#22213=LINE('',#562,#22216);
#22214=VECTOR('',#22217,1.0);
#22215=VECTOR('',#22218,1.0);
#22216=VECTOR('',#22219,1.0);
#22217=DIRECTION('',(-0.992897787511004,-0.11897051548914579,0));
#22218=DIRECTION('',(1,0,0));
#22219=DIRECTION('',(0.9901851463212632,0.13976185461254695,0));
#22220=FACE_SURFACE('',(#22225),#22221,.T.);
#22221=PLANE('',#22222);
#22222=AXIS2_PLACEMENT_3D('',#886,#22223,#22224);
#22223=DIRECTION('',(-0,0,1));
#22224=DIRECTION('',(0.8819221044228117,-0.47139516515386465,0));
#22225=FACE_BOUND('',#22226,.T.);
#22226=EDGE_LOOP('',(#22227,#22228,#22229));
#22227=ORIENTED_EDGE('',*,*,#22230,.T.);
#22228=ORIENTED_EDGE('',*,*,#22231,.T.);
#22229=ORIENTED_EDGE('',*,*,#22232,.T.);
#22230=EDGE_CURVE('',#887,#889,#22233,.F.);
#22231=EDGE_CURVE('',#889,#917,#22234,.T.);
#22232=EDGE_CURVE('',#917,#887,#22235,.T.);
#22233=LINE('',#886,#22236);
#22234=LINE('',#888,#22237);
#22235=LINE('',#916,#22238);
#22236=VECTOR('',#22239,1.0);
#22237=VECTOR('',#22240,1.0);
#22238=VECTOR('',#22241,1.0);
#22239=DIRECTION('',(0.8819221044228117,-0.47139516515386465,0));
#22240=DIRECTION('',(0.18762689398767088,0.9822403721353238,0));
#22241=DIRECTION('',(-0.2305445203598187,-0.9730617781683037,0));
#22242=FACE_SURFACE('',(#22247),#22243,.T.);
#22243=PLANE('',#22244);
#22244=AXIS2_PLACEMENT_3D('',#884,#22245,#22246);
#22245=DIRECTION('',(-0,0,1));
#22246=DIRECTION('',(0.9569398200737503,-0.2902863771471516,0));
#22247=FACE_BOUND('',#22248,.T.);
#22248=EDGE_LOOP('',(#22249,#22250,#22251));
#22249=ORIENTED_EDGE('',*,*,#22252,.T.);
#22250=ORIENTED_EDGE('',*,*,#22253,.T.);
#22251=ORIENTED_EDGE('',*,*,#22254,.T.);
#22252=EDGE_CURVE('',#885,#887,#22255,.F.);
#22253=EDGE_CURVE('',#887,#917,#22256,.T.);
#22254=EDGE_CURVE('',#917,#885,#22257,.T.);
#22255=LINE('',#884,#22258);
#22256=LINE('',#886,#22259);
#22257=LINE('',#916,#22260);
#22258=VECTOR('',#22261,1.0);
#22259=VECTOR('',#22262,1.0);
#22260=VECTOR('',#22263,1.0);
#22261=DIRECTION('',(0.9569398200737503,-0.2902863771471516,0));
#22262=DIRECTION('',(0.2305445203598187,0.9730617781683037,0));
#22263=DIRECTION('',(-0.27501560555236987,-0.9614397623890242,0));
#22264=FACE_SURFACE('',(#22269),#22265,.T.);
#22265=PLANE('',#22266);
#22266=AXIS2_PLACEMENT_3D('',#916,#22267,#22268);
#22267=DIRECTION('',(0,0,1));
#22268=DIRECTION('',(-0.9901851463212632,-0.13976185461254695,0));
#22269=FACE_BOUND('',#22270,.T.);
#22270=EDGE_LOOP('',(#22271,#22272,#22273));
#22271=ORIENTED_EDGE('',*,*,#22274,.T.);
#22272=ORIENTED_EDGE('',*,*,#22275,.T.);
#22273=ORIENTED_EDGE('',*,*,#22276,.T.);
#22274=EDGE_CURVE('',#917,#563,#22277,.F.);
#22275=EDGE_CURVE('',#563,#915,#22278,.T.);
#22276=EDGE_CURVE('',#915,#917,#22279,.T.);
#22277=LINE('',#916,#22280);
#22278=LINE('',#562,#22281);
#22279=LINE('',#914,#22282);
#22280=VECTOR('',#22283,1.0);
#22281=VECTOR('',#22284,1.0);
#22282=VECTOR('',#22285,1.0);
#22283=DIRECTION('',(-0.9901851463212632,-0.13976185461254695,0));
#22284=DIRECTION('',(0.9989299149365459,-0.046249595077850134,0));
#22285=DIRECTION('',(0.9345668531938113,0.3557875727332497,0));
#22286=FACE_SURFACE('',(#22291),#22287,.T.);
#22287=PLANE('',#22288);
#22288=AXIS2_PLACEMENT_3D('',#914,#22289,#22290);
#22289=DIRECTION('',(0,0,1));
#22290=DIRECTION('',(0,-1,0));
#22291=FACE_BOUND('',#22292,.T.);
#22292=EDGE_LOOP('',(#22293,#22294,#22295));
#22293=ORIENTED_EDGE('',*,*,#22296,.T.);
#22294=ORIENTED_EDGE('',*,*,#22297,.T.);
#22295=ORIENTED_EDGE('',*,*,#22298,.T.);
#22296=EDGE_CURVE('',#915,#573,#22299,.F.);
#22297=EDGE_CURVE('',#573,#571,#22300,.T.);
#22298=EDGE_CURVE('',#571,#915,#22301,.T.);
#22299=LINE('',#914,#22302);
#22300=LINE('',#572,#22303);
#22301=LINE('',#570,#22304);
#22302=VECTOR('',#22305,1.0);
#22303=VECTOR('',#22306,1.0);
#22304=VECTOR('',#22307,1.0);
#22305=DIRECTION('',(0,-1,0));
#22306=DIRECTION('',(0.9999393888400452,0.011009933977856011,0));
#22307=DIRECTION('',(-0.9827369121256169,0.18500854452107762,0));
#22308=FACE_SURFACE('',(#22313),#22309,.T.);
#22309=PLANE('',#22310);
#22310=AXIS2_PLACEMENT_3D('',#914,#22311,#22312);
#22311=DIRECTION('',(0,0,1));
#22312=DIRECTION('',(0.9827369121256169,-0.18500854452107762,0));
#22313=FACE_BOUND('',#22314,.T.);
#22314=EDGE_LOOP('',(#22315,#22316,#22317));
#22315=ORIENTED_EDGE('',*,*,#22318,.T.);
#22316=ORIENTED_EDGE('',*,*,#22319,.T.);
#22317=ORIENTED_EDGE('',*,*,#22320,.T.);
#22318=EDGE_CURVE('',#915,#571,#22321,.F.);
#22319=EDGE_CURVE('',#571,#899,#22322,.T.);
#22320=EDGE_CURVE('',#899,#915,#22323,.T.);
#22321=LINE('',#914,#22324);
#22322=LINE('',#570,#22325);
#22323=LINE('',#898,#22326);
#22324=VECTOR('',#22327,1.0);
#22325=VECTOR('',#22328,1.0);
#22326=VECTOR('',#22329,1.0);
#22327=DIRECTION('',(0.9827369121256169,-0.18500854452107762,0));
#22328=DIRECTION('',(-0.09802835844237623,0.9951836217206818,0));
#22329=DIRECTION('',(-0.9848982701867659,0.17313404455252682,0));
#22330=FACE_SURFACE('',(#22335),#22331,.T.);
#22331=PLANE('',#22332);
#22332=AXIS2_PLACEMENT_3D('',#882,#22333,#22334);
#22333=DIRECTION('',(-0,0,1));
#22334=DIRECTION('',(0.9951850610036447,-0.09801374574605232,0));
#22335=FACE_BOUND('',#22336,.T.);
#22336=EDGE_LOOP('',(#22337,#22338,#22339));
#22337=ORIENTED_EDGE('',*,*,#22340,.T.);
#22338=ORIENTED_EDGE('',*,*,#22341,.T.);
#22339=ORIENTED_EDGE('',*,*,#22342,.T.);
#22340=EDGE_CURVE('',#883,#885,#22343,.F.);
#22341=EDGE_CURVE('',#885,#917,#22344,.T.);
#22342=EDGE_CURVE('',#917,#883,#22345,.T.);
#22343=LINE('',#882,#22346);
#22344=LINE('',#884,#22347);
#22345=LINE('',#916,#22348);
#22346=VECTOR('',#22349,1.0);
#22347=VECTOR('',#22350,1.0);
#22348=VECTOR('',#22351,1.0);
#22349=DIRECTION('',(0.9951850610036447,-0.09801374574605232,0));
#22350=DIRECTION('',(0.27501560555236987,0.9614397623890242,0));
#22351=DIRECTION('',(-0.3178853920433351,-0.9481291460162246,0));
#22352=FACE_SURFACE('',(#22357),#22353,.T.);
#22353=PLANE('',#22354);
#22354=AXIS2_PLACEMENT_3D('',#912,#22355,#22356);
#22355=DIRECTION('',(0,0,1));
#22356=DIRECTION('',(0.9951850610036447,0.09801374574605232,0));
#22357=FACE_BOUND('',#22358,.T.);
#22358=EDGE_LOOP('',(#22359,#22360,#22361));
#22359=ORIENTED_EDGE('',*,*,#22362,.T.);
#22360=ORIENTED_EDGE('',*,*,#22363,.T.);
#22361=ORIENTED_EDGE('',*,*,#22364,.T.);
#22362=EDGE_CURVE('',#913,#883,#22365,.F.);
#22363=EDGE_CURVE('',#883,#917,#22366,.T.);
#22364=EDGE_CURVE('',#917,#913,#22367,.T.);
#22365=LINE('',#912,#22368);
#22366=LINE('',#882,#22369);
#22367=LINE('',#916,#22370);
#22368=VECTOR('',#22371,1.0);
#22369=VECTOR('',#22372,1.0);
#22370=VECTOR('',#22373,1.0);
#22371=DIRECTION('',(0.9951850610036447,0.09801374574605232,0));
#22372=DIRECTION('',(0.3178853920433351,0.9481291460162246,0));
#22373=DIRECTION('',(-0.35632789899994527,-0.9343609732829624,0));
#22374=FACE_SURFACE('',(#22379),#22375,.T.);
#22375=PLANE('',#22376);
#22376=AXIS2_PLACEMENT_3D('',#914,#22377,#22378);
#22377=DIRECTION('',(0,0,1));
#22378=DIRECTION('',(0.9848982701867659,-0.17313404455252682,0));
#22379=FACE_BOUND('',#22380,.T.);
#22380=EDGE_LOOP('',(#22381,#22382,#22383));
#22381=ORIENTED_EDGE('',*,*,#22384,.T.);
#22382=ORIENTED_EDGE('',*,*,#22385,.T.);
#22383=ORIENTED_EDGE('',*,*,#22386,.T.);
#22384=EDGE_CURVE('',#915,#899,#22387,.F.);
#22385=EDGE_CURVE('',#899,#901,#22388,.T.);
#22386=EDGE_CURVE('',#901,#915,#22389,.T.);
#22387=LINE('',#914,#22390);
#22388=LINE('',#898,#22391);
#22389=LINE('',#900,#22392);
#22390=VECTOR('',#22393,1.0);
#22391=VECTOR('',#22394,1.0);
#22392=VECTOR('',#22395,1.0);
#22393=DIRECTION('',(0.9848982701867659,-0.17313404455252682,0));
#22394=DIRECTION('',(0.09802778288877419,0.9951836784141465,0));
#22395=DIRECTION('',(-0.9890241024035007,0.14775427190084764,0));
#22396=FACE_SURFACE('',(#22401),#22397,.T.);
#22397=PLANE('',#22398);
#22398=AXIS2_PLACEMENT_3D('',#914,#22399,#22400);
#22399=DIRECTION('',(0,0,1));
#22400=DIRECTION('',(0.9890241024035007,-0.14775427190084764,0));
#22401=FACE_BOUND('',#22402,.T.);
#22402=EDGE_LOOP('',(#22403,#22404,#22405));
#22403=ORIENTED_EDGE('',*,*,#22406,.T.);
#22404=ORIENTED_EDGE('',*,*,#22407,.T.);
#22405=ORIENTED_EDGE('',*,*,#22408,.T.);
#22406=EDGE_CURVE('',#915,#901,#22409,.F.);
#22407=EDGE_CURVE('',#901,#903,#22410,.T.);
#22408=EDGE_CURVE('',#903,#915,#22411,.T.);
#22409=LINE('',#914,#22412);
#22410=LINE('',#900,#22413);
#22411=LINE('',#902,#22414);
#22412=VECTOR('',#22415,1.0);
#22413=VECTOR('',#22416,1.0);
#22414=VECTOR('',#22417,1.0);
#22415=DIRECTION('',(0.9890241024035007,-0.14775427190084764,0));
#22416=DIRECTION('',(0.2902866061396079,0.9569397506091741,0));
#22417=DIRECTION('',(-0.9924587031274547,0.12257945417797673,0));
#22418=FACE_SURFACE('',(#22423),#22419,.T.);
#22419=PLANE('',#22420);
#22420=AXIS2_PLACEMENT_3D('',#912,#22421,#22422);
#22421=DIRECTION('',(0,-0,1));
#22422=DIRECTION('',(0.35632789899994527,0.9343609732829624,0));
#22423=FACE_BOUND('',#22424,.T.);
#22424=EDGE_LOOP('',(#22425,#22426,#22427));
#22425=ORIENTED_EDGE('',*,*,#22428,.T.);
#22426=ORIENTED_EDGE('',*,*,#22429,.T.);
#22427=ORIENTED_EDGE('',*,*,#22430,.T.);
#22428=EDGE_CURVE('',#913,#917,#22431,.F.);
#22429=EDGE_CURVE('',#917,#915,#22432,.T.);
#22430=EDGE_CURVE('',#915,#913,#22433,.T.);
#22431=LINE('',#912,#22434);
#22432=LINE('',#916,#22435);
#22433=LINE('',#914,#22436);
#22434=VECTOR('',#22437,1.0);
#22435=VECTOR('',#22438,1.0);
#22436=VECTOR('',#22439,1.0);
#22437=DIRECTION('',(0.35632789899994527,0.9343609732829624,0));
#22438=DIRECTION('',(-0.9345668531938113,-0.3557875727332497,0));
#22439=DIRECTION('',(0.9991746247002444,-0.04062104571679201,0));
#22440=FACE_SURFACE('',(#22445),#22441,.T.);
#22441=PLANE('',#22442);
#22442=AXIS2_PLACEMENT_3D('',#910,#22443,#22444);
#22443=DIRECTION('',(0,-0,1));
#22444=DIRECTION('',(0.9569400543273244,0.2902856049204254,0));
#22445=FACE_BOUND('',#22446,.T.);
#22446=EDGE_LOOP('',(#22447,#22448,#22449));
#22447=ORIENTED_EDGE('',*,*,#22450,.T.);
#22448=ORIENTED_EDGE('',*,*,#22451,.T.);
#22449=ORIENTED_EDGE('',*,*,#22452,.T.);
#22450=EDGE_CURVE('',#911,#913,#22453,.F.);
#22451=EDGE_CURVE('',#913,#915,#22454,.T.);
#22452=EDGE_CURVE('',#915,#911,#22455,.T.);
#22453=LINE('',#910,#22456);
#22454=LINE('',#912,#22457);
#22455=LINE('',#914,#22458);
#22456=VECTOR('',#22459,1.0);
#22457=VECTOR('',#22460,1.0);
#22458=VECTOR('',#22461,1.0);
#22459=DIRECTION('',(0.9569400543273244,0.2902856049204254,0));
#22460=DIRECTION('',(-0.9991746247002444,0.04062104571679201,0));
#22461=DIRECTION('',(0.9988208902972139,-0.04854718432495339,0));
#22462=FACE_SURFACE('',(#22467),#22463,.T.);
#22463=PLANE('',#22464);
#22464=AXIS2_PLACEMENT_3D('',#914,#22465,#22466);
#22465=DIRECTION('',(0,0,1));
#22466=DIRECTION('',(0.9924587031274547,-0.12257945417797673,0));
#22467=FACE_BOUND('',#22468,.T.);
#22468=EDGE_LOOP('',(#22469,#22470,#22471));
#22469=ORIENTED_EDGE('',*,*,#22472,.T.);
#22470=ORIENTED_EDGE('',*,*,#22473,.T.);
#22471=ORIENTED_EDGE('',*,*,#22474,.T.);
#22472=EDGE_CURVE('',#915,#903,#22475,.F.);
#22473=EDGE_CURVE('',#903,#905,#22476,.T.);
#22474=EDGE_CURVE('',#905,#915,#22477,.T.);
#22475=LINE('',#914,#22478);
#22476=LINE('',#902,#22479);
#22477=LINE('',#904,#22480);
#22478=VECTOR('',#22481,1.0);
#22479=VECTOR('',#22482,1.0);
#22480=VECTOR('',#22483,1.0);
#22481=DIRECTION('',(0.9924587031274547,-0.12257945417797673,0));
#22482=DIRECTION('',(0.4713933014282789,0.8819231005980894,0));
#22483=DIRECTION('',(-0.9950885203945858,0.09898907302785415,0));
#22484=FACE_SURFACE('',(#22489),#22485,.T.);
#22485=PLANE('',#22486);
#22486=AXIS2_PLACEMENT_3D('',#914,#22487,#22488);
#22487=DIRECTION('',(0,0,1));
#22488=DIRECTION('',(0.9950885203945858,-0.09898907302785415,0));
#22489=FACE_BOUND('',#22490,.T.);
#22490=EDGE_LOOP('',(#22491,#22492,#22493));
#22491=ORIENTED_EDGE('',*,*,#22494,.T.);
#22492=ORIENTED_EDGE('',*,*,#22495,.T.);
#22493=ORIENTED_EDGE('',*,*,#22496,.T.);
#22494=EDGE_CURVE('',#915,#905,#22497,.F.);
#22495=EDGE_CURVE('',#905,#907,#22498,.T.);
#22496=EDGE_CURVE('',#907,#915,#22499,.T.);
#22497=LINE('',#914,#22500);
#22498=LINE('',#904,#22501);
#22499=LINE('',#906,#22502);
#22500=VECTOR('',#22503,1.0);
#22501=VECTOR('',#22504,1.0);
#22502=VECTOR('',#22505,1.0);
#22503=DIRECTION('',(0.9950885203945858,-0.09898907302785415,0));
#22504=DIRECTION('',(0.6343886451039815,0.7730142605173171,0));
#22505=DIRECTION('',(-0.9969373475219401,0.07820438041387807,0));
#22506=FACE_SURFACE('',(#22511),#22507,.T.);
#22507=PLANE('',#22508);
#22508=AXIS2_PLACEMENT_3D('',#908,#22509,#22510);
#22509=DIRECTION('',(0,-0,1));
#22510=DIRECTION('',(0.8819183979831026,0.47140209937898864,0));
#22511=FACE_BOUND('',#22512,.T.);
#22512=EDGE_LOOP('',(#22513,#22514,#22515));
#22513=ORIENTED_EDGE('',*,*,#22516,.T.);
#22514=ORIENTED_EDGE('',*,*,#22517,.T.);
#22515=ORIENTED_EDGE('',*,*,#22518,.T.);
#22516=EDGE_CURVE('',#909,#911,#22519,.F.);
#22517=EDGE_CURVE('',#911,#915,#22520,.T.);
#22518=EDGE_CURVE('',#915,#909,#22521,.T.);
#22519=LINE('',#908,#22522);
#22520=LINE('',#910,#22523);
#22521=LINE('',#914,#22524);
#22522=VECTOR('',#22525,1.0);
#22523=VECTOR('',#22526,1.0);
#22524=VECTOR('',#22527,1.0);
#22525=DIRECTION('',(0.8819183979831026,0.47140209937898864,0));
#22526=DIRECTION('',(-0.9988208902972139,0.04854718432495339,0));
#22527=DIRECTION('',(0.9981267809857765,-0.061179482500032425,0));
#22528=FACE_SURFACE('',(#22533),#22529,.T.);
#22529=PLANE('',#22530);
#22530=AXIS2_PLACEMENT_3D('',#914,#22531,#22532);
#22531=DIRECTION('',(0,0,1));
#22532=DIRECTION('',(0.9969373475219401,-0.07820438041387807,0));
#22533=FACE_BOUND('',#22534,.T.);
#22534=EDGE_LOOP('',(#22535,#22536,#22537));
#22535=ORIENTED_EDGE('',*,*,#22538,.T.);
#22536=ORIENTED_EDGE('',*,*,#22539,.T.);
#22537=ORIENTED_EDGE('',*,*,#22540,.T.);
#22538=EDGE_CURVE('',#915,#907,#22541,.F.);
#22539=EDGE_CURVE('',#907,#909,#22542,.T.);
#22540=EDGE_CURVE('',#909,#915,#22543,.T.);
#22541=LINE('',#914,#22544);
#22542=LINE('',#906,#22545);
#22543=LINE('',#908,#22546);
#22544=VECTOR('',#22547,1.0);
#22545=VECTOR('',#22548,1.0);
#22546=VECTOR('',#22549,1.0);
#22547=DIRECTION('',(0.9969373475219401,-0.07820438041387807,0));
#22548=DIRECTION('',(0.7730184910576299,0.6343834900775595,0));
#22549=DIRECTION('',(-0.9981267809857765,0.061179482500032425,0));
#22550=FACE_SURFACE('',(#22555),#22551,.T.);
#22551=PLANE('',#22552);
#22552=AXIS2_PLACEMENT_3D('',#922,#22553,#22554);
#22553=DIRECTION('',(0,-1,0));
#22554=DIRECTION('',(-0.9998966742991485,0,-0.014375003495745437));
#22555=FACE_BOUND('',#22556,.T.);
#22556=EDGE_LOOP('',(#22557,#22558,#22559));
#22557=ORIENTED_EDGE('',*,*,#22560,.T.);
#22558=ORIENTED_EDGE('',*,*,#22561,.T.);
#22559=ORIENTED_EDGE('',*,*,#22562,.T.);
#22560=EDGE_CURVE('',#923,#919,#22563,.F.);
#22561=EDGE_CURVE('',#919,#429,#22564,.T.);
#22562=EDGE_CURVE('',#429,#923,#22565,.T.);
#22563=LINE('',#922,#22566);
#22564=LINE('',#918,#22567);
#22565=LINE('',#428,#22568);
#22566=VECTOR('',#22569,1.0);
#22567=VECTOR('',#22570,1.0);
#22568=VECTOR('',#22571,1.0);
#22569=DIRECTION('',(-0.9998966742991485,0,-0.014375003495745437));
#22570=DIRECTION('',(0,0,-1));
#22571=DIRECTION('',(0.9967405770422862,0,0.08067355252751858));
#22572=FACE_SURFACE('',(#22577),#22573,.T.);
#22573=PLANE('',#22574);
#22574=AXIS2_PLACEMENT_3D('',#428,#22575,#22576);
#22575=DIRECTION('',(0,-1,0));
#22576=DIRECTION('',(1,0,0));
#22577=FACE_BOUND('',#22578,.T.);
#22578=EDGE_LOOP('',(#22579,#22580,#22581));
#22579=ORIENTED_EDGE('',*,*,#22582,.T.);
#22580=ORIENTED_EDGE('',*,*,#22583,.T.);
#22581=ORIENTED_EDGE('',*,*,#22584,.T.);
#22582=EDGE_CURVE('',#429,#427,#22585,.F.);
#22583=EDGE_CURVE('',#427,#117,#22586,.T.);
#22584=EDGE_CURVE('',#117,#429,#22587,.T.);
#22585=LINE('',#428,#22588);
#22586=LINE('',#426,#22589);
#22587=LINE('',#116,#22590);
#22588=VECTOR('',#22591,1.0);
#22589=VECTOR('',#22592,1.0);
#22590=VECTOR('',#22593,1.0);
#22591=DIRECTION('',(1,0,0));
#22592=DIRECTION('',(0,0,1));
#22593=DIRECTION('',(-0.9986119457478388,0,-0.05267050227324027));
#22594=FACE_SURFACE('',(#22599),#22595,.T.);
#22595=PLANE('',#22596);
#22596=AXIS2_PLACEMENT_3D('',#116,#22597,#22598);
#22597=DIRECTION('',(-0,-1,0));
#22598=DIRECTION('',(-1,0,0));
#22599=FACE_BOUND('',#22600,.T.);
#22600=EDGE_LOOP('',(#22601,#22602,#22603));
#22601=ORIENTED_EDGE('',*,*,#22604,.T.);
#22602=ORIENTED_EDGE('',*,*,#22605,.T.);
#22603=ORIENTED_EDGE('',*,*,#22606,.T.);
#22604=EDGE_CURVE('',#117,#115,#22607,.F.);
#22605=EDGE_CURVE('',#115,#923,#22608,.T.);
#22606=EDGE_CURVE('',#923,#117,#22609,.T.);
#22607=LINE('',#116,#22610);
#22608=LINE('',#114,#22611);
#22609=LINE('',#922,#22612);
#22610=VECTOR('',#22613,1.0);
#22611=VECTOR('',#22614,1.0);
#22612=VECTOR('',#22615,1.0);
#22613=DIRECTION('',(-1,0,0));
#22614=DIRECTION('',(0.9986119455504757,0,-0.05267050601516575));
#22615=DIRECTION('',(0.9994098394658508,0,0.03435073185308425));
#22616=FACE_SURFACE('',(#22621),#22617,.T.);
#22617=PLANE('',#22618);
#22618=AXIS2_PLACEMENT_3D('',#428,#22619,#22620);
#22619=DIRECTION('',(0,-1,0));
#22620=DIRECTION('',(0.9986119457478388,0,0.05267050227324027));
#22621=FACE_BOUND('',#22622,.T.);
#22622=EDGE_LOOP('',(#22623,#22624,#22625));
#22623=ORIENTED_EDGE('',*,*,#22626,.T.);
#22624=ORIENTED_EDGE('',*,*,#22627,.T.);
#22625=ORIENTED_EDGE('',*,*,#22628,.T.);
#22626=EDGE_CURVE('',#429,#117,#22629,.F.);
#22627=EDGE_CURVE('',#117,#923,#22630,.T.);
#22628=EDGE_CURVE('',#923,#429,#22631,.T.);
#22629=LINE('',#428,#22632);
#22630=LINE('',#116,#22633);
#22631=LINE('',#922,#22634);
#22632=VECTOR('',#22635,1.0);
#22633=VECTOR('',#22636,1.0);
#22634=VECTOR('',#22637,1.0);
#22635=DIRECTION('',(0.9986119457478388,0,0.05267050227324027));
#22636=DIRECTION('',(-0.9994098394658508,0,-0.03435073185308425));
#22637=DIRECTION('',(-0.9967405770422862,0,-0.08067355252751858));
#22638=FACE_SURFACE('',(#22643),#22639,.T.);
#22639=PLANE('',#22640);
#22640=AXIS2_PLACEMENT_3D('',#114,#22641,#22642);
#22641=DIRECTION('',(0,-1,0));
#22642=DIRECTION('',(0,0,-1));
#22643=FACE_BOUND('',#22644,.T.);
#22644=EDGE_LOOP('',(#22645,#22646,#22647));
#22645=ORIENTED_EDGE('',*,*,#22648,.T.);
#22646=ORIENTED_EDGE('',*,*,#22649,.T.);
#22647=ORIENTED_EDGE('',*,*,#22650,.T.);
#22648=EDGE_CURVE('',#115,#919,#22651,.F.);
#22649=EDGE_CURVE('',#919,#923,#22652,.T.);
#22650=EDGE_CURVE('',#923,#115,#22653,.T.);
#22651=LINE('',#114,#22654);
#22652=LINE('',#918,#22655);
#22653=LINE('',#922,#22656);
#22654=VECTOR('',#22657,1.0);
#22655=VECTOR('',#22658,1.0);
#22656=VECTOR('',#22659,1.0);
#22657=DIRECTION('',(0,0,-1));
#22658=DIRECTION('',(0.9998966742991485,0,0.014375003495745437));
#22659=DIRECTION('',(-0.9986119455504757,0,0.05267050601516575));
#22660=FACE_SURFACE('',(#22665),#22661,.T.);
#22661=PLANE('',#22662);
#22662=AXIS2_PLACEMENT_3D('',#840,#22663,#22664);
#22663=DIRECTION('',(0,1,0));
#22664=DIRECTION('',(-1,0,0));
#22665=FACE_BOUND('',#22666,.T.);
#22666=EDGE_LOOP('',(#22667,#22668,#22669));
#22667=ORIENTED_EDGE('',*,*,#22670,.T.);
#22668=ORIENTED_EDGE('',*,*,#22671,.T.);
#22669=ORIENTED_EDGE('',*,*,#22672,.T.);
#22670=EDGE_CURVE('',#841,#845,#22673,.F.);
#22671=EDGE_CURVE('',#845,#921,#22674,.T.);
#22672=EDGE_CURVE('',#921,#841,#22675,.T.);
#22673=LINE('',#840,#22676);
#22674=LINE('',#844,#22677);
#22675=LINE('',#920,#22678);
#22676=VECTOR('',#22679,1.0);
#22677=VECTOR('',#22680,1.0);
#22678=VECTOR('',#22681,1.0);
#22679=DIRECTION('',(-1,0,0));
#22680=DIRECTION('',(0,0,1));
#22681=DIRECTION('',(0.9997451299991967,0,-0.022575983763490463));
#22682=FACE_SURFACE('',(#22687),#22683,.T.);
#22683=PLANE('',#22684);
#22684=AXIS2_PLACEMENT_3D('',#840,#22685,#22686);
#22685=DIRECTION('',(0,1,-0));
#22686=DIRECTION('',(-0.9997451299991967,0,0.022575983763490463));
#22687=FACE_BOUND('',#22688,.T.);
#22688=EDGE_LOOP('',(#22689,#22690,#22691));
#22689=ORIENTED_EDGE('',*,*,#22692,.T.);
#22690=ORIENTED_EDGE('',*,*,#22693,.T.);
#22691=ORIENTED_EDGE('',*,*,#22694,.T.);
#22692=EDGE_CURVE('',#841,#921,#22695,.F.);
#22693=EDGE_CURVE('',#921,#917,#22696,.T.);
#22694=EDGE_CURVE('',#917,#841,#22697,.T.);
#22695=LINE('',#840,#22698);
#22696=LINE('',#920,#22699);
#22697=LINE('',#916,#22700);
#22698=VECTOR('',#22701,1.0);
#22699=VECTOR('',#22702,1.0);
#22700=VECTOR('',#22703,1.0);
#22701=DIRECTION('',(-0.9997451299991967,0,0.022575983763490463));
#22702=DIRECTION('',(1,0,0));
#22703=DIRECTION('',(0,0,-1));
ENDSEC;
END-ISO-10303-21;
