ISO-10303-21;
HEADER;
FILE_DESCRIPTION((''),'2;1');
FILE_NAME('Case_2', '2026-09-16T23:28:42', (''), (''), 'ImageToStl.com STEP Converter','', '');
FILE_SCHEMA(('AUTOMOTIVE_DESIGN_CC2'));
ENDSEC;
DATA;
#1=PRODUCT_DEFINITION_CONTEXT('',#4,'design');
#2=APPLICATION_PROTOCOL_DEFINITION('INTERNATIONAL STANDARD','automotive_design',1994,#4);
#3=(GEOMETRIC_REPRESENTATION_CONTEXT(3)GLOBAL_UNCERTAINTY_ASSIGNED_CONTEXT((#5))GLOBAL_UNIT_ASSIGNED_CONTEXT((#6,#7,#8))REPRESENTATION_CONTEXT('NONE','WORKSPACE'));
#4=APPLICATION_CONTEXT(' ');
#5=UNCERTAINTY_MEASURE_WITH_UNIT(LENGTH_MEASURE(1.0E-006),#6,'','');
#6=(CONVERSION_BASED_UNIT('METRE',#10)LENGTH_UNIT()NAMED_UNIT(#11));
#7=(NAMED_UNIT(#12)PLANE_ANGLE_UNIT()SI_UNIT($,.RADIAN.));
#8=(NAMED_UNIT(#12)SOLID_ANGLE_UNIT()SI_UNIT($,.STERADIAN.));
#9=AXIS2_PLACEMENT_3D('',#14,#15,#16);
#10=LENGTH_MEASURE_WITH_UNIT(LENGTH_MEASURE(1.0),#17);
#11=DIMENSIONAL_EXPONENTS(1.0,0.0,0.0,0.0,0.0,0.0,0.0);
#12=DIMENSIONAL_EXPONENTS(0.0,0.0,0.0,0.0,0.0,0.0,0.0);
#13=PRODUCT_CONTEXT('',#4,'mechanical');
#14=CARTESIAN_POINT('',(0.0,0.0,0.0));
#15=DIRECTION('',(0.0,0.0,1.0));
#16=DIRECTION('',(1.0,0.0,0.0));
#17=(NAMED_UNIT(#11)LENGTH_UNIT()SI_UNIT(.MILLI.,.METRE.));
#18=PRESENTATION_STYLE_ASSIGNMENT((#19));
#19=SURFACE_STYLE_USAGE(.BOTH.,#20);
#20=SURFACE_SIDE_STYLE('',(#21));
#21=SURFACE_STYLE_FILL_AREA(#22);
#22=FILL_AREA_STYLE('',(#23));
#23=FILL_AREA_STYLE_COLOUR('',#24);
#24=COLOUR_RGB('',0.9,0.9,0.9);
#25=SHAPE_DEFINITION_REPRESENTATION(#26,#27);
#26=PRODUCT_DEFINITION_SHAPE('productshape0','',#30);
#27=MANIFOLD_SURFACE_SHAPE_REPRESENTATION('',(#28,#9),#3);
#28=SHELL_BASED_SURFACE_MODEL('shell0',(#33));
#29=PRODUCT('product0','','',(#13));
#30=PRODUCT_DEFINITION('mesh0','',#31,#2);
#31=PRODUCT_DEFINITION_FORMATION_WITH_SPECIFIED_SOURCE('prodsource0','',#29,.NOT_KNOWN.);
#32=STYLED_ITEM('',(#18),#33);
#33=CLOSED_SHELL('',(#382,#404,#426,#448,#470,#492,#514,#536,#558,#580,#602,#624,#646,#668,#690,#712,#734,#756,#778,#800,#822,#844,#866,#888,#910,#932,#954,#976,#998,#1020,#1042,#1064,#1086,#1108,#1130,#1152,#1174,#1196,#1218,#1240,#1262,#1284,#1306,#1328,#1350,#1372,#1394,#1416,#1438,#1460,#1482,#1504,#1526,#1548,#1570,#1592,#1614,#1636,#1658,#1680,#1702,#1724,#1746,#1768,#1790,#1812,#1834,#1856,#1878,#1900,#1922,#1944,#1966,#1988,#2010,#2032,#2054,#2076,#2098,#2120,#2142,#2164,#2186,#2208,#2230,#2252,#2274,#2296,#2318,#2340,#2362,#2384,#2406,#2428,#2450,#2472,#2494,#2516,#2538,#2560,#2582,#2604,#2626,#2648,#2670,#2692,#2714,#2736,#2758,#2780,#2802,#2824,#2846,#2868,#2890,#2912,#2934,#2956,#2978,#3000,#3022,#3044,#3066,#3088,#3110,#3132,#3154,#3176,#3198,#3220,#3242,#3264,#3286,#3308,#3330,#3352,#3374,#3396,#3418,#3440,#3462,#3484,#3506,#3528,#3550,#3572,#3594,#3616,#3638,#3660,#3682,#3704,#3726,#3748,#3770,#3792,#3814,#3836,#3858,#3880,#3902,#3924,#3946,#3968,#3990,#4012,#4034,#4056,#4078,#4100,#4122,#4144,#4166,#4188,#4210,#4232,#4254,#4276,#4298,#4320,#4342,#4364,#4386,#4408,#4430,#4452,#4474,#4496,#4518,#4540,#4562,#4584,#4606,#4628,#4650,#4672,#4694,#4716,#4738,#4760,#4782,#4804,#4826,#4848,#4870,#4892,#4914,#4936,#4958,#4980,#5002,#5024,#5046,#5068,#5090,#5112,#5134,#5156,#5178,#5200,#5222,#5244,#5266,#5288,#5310,#5332,#5354,#5376,#5398,#5420,#5442,#5464,#5486,#5508,#5530,#5552,#5574,#5596,#5618,#5640,#5662,#5684,#5706,#5728,#5750,#5772,#5794,#5816,#5838,#5860,#5882,#5904,#5926,#5948,#5970,#5992,#6014,#6036,#6058,#6080,#6102,#6124,#6146,#6168,#6190,#6212,#6234,#6256,#6278,#6300,#6322,#6344,#6366,#6388,#6410,#6432,#6454,#6476,#6498,#6520,#6542,#6564,#6586,#6608,#6630,#6652,#6674,#6696,#6718,#6740,#6762,#6784,#6806,#6828,#6850,#6872,#6894,#6916,#6938,#6960,#6982,#7004,#7026,#7048,#7070,#7092,#7114,#7136,#7158,#7180,#7202,#7224,#7246,#7268,#7290,#7312,#7334,#7356,#7378,#7400,#7422,#7444,#7466,#7488,#7510,#7532,#7554,#7576,#7598,#7620,#7642,#7664,#7686,#7708,#7730,#7752,#7774,#7796,#7818,#7840,#7862,#7884,#7906,#7928));
#34=CARTESIAN_POINT('',(-181.20326232910156,68.56816101074219,-10.26986312866211));
#35=VERTEX_POINT('',#34);
#36=CARTESIAN_POINT('',(0,68.56816101074219,-10.26986312866211));
#37=VERTEX_POINT('',#36);
#38=CARTESIAN_POINT('',(0,68.56816101074219,5.943490982055664));
#39=VERTEX_POINT('',#38);
#40=CARTESIAN_POINT('',(-181.20326232910156,68.56816101074219,5.943490982055664));
#41=VERTEX_POINT('',#40);
#42=CARTESIAN_POINT('',(-181.20326232910156,-70.70890808105469,5.3084564208984375));
#43=VERTEX_POINT('',#42);
#44=CARTESIAN_POINT('',(-181.20326232910156,-70.70890808105469,5.943489074707031));
#45=VERTEX_POINT('',#44);
#46=CARTESIAN_POINT('',(-181.20326232910156,-70.86920928955078,5.943489074707031));
#47=VERTEX_POINT('',#46);
#48=CARTESIAN_POINT('',(-181.20326232910156,68.51549530029297,5.943490982055664));
#49=VERTEX_POINT('',#48);
#50=CARTESIAN_POINT('',(-181.20326232910156,68.51549530029297,5.3084564208984375));
#51=VERTEX_POINT('',#50);
#52=CARTESIAN_POINT('',(-181.20326232910156,-70.86920928955078,-10.26986312866211));
#53=VERTEX_POINT('',#52);
#54=CARTESIAN_POINT('',(-181.20326232910156,-69.64973449707031,5.3084564208984375));
#55=VERTEX_POINT('',#54);
#56=CARTESIAN_POINT('',(-181.20326232910156,67.5409164428711,5.3084564208984375));
#57=VERTEX_POINT('',#56);
#58=CARTESIAN_POINT('',(-182.84344482421875,68.51549530029297,5.3084564208984375));
#59=VERTEX_POINT('',#58);
#60=CARTESIAN_POINT('',(-182.84344482421875,-70.70890808105469,5.3084564208984375));
#61=VERTEX_POINT('',#60);
#62=CARTESIAN_POINT('',(-182.84344482421875,-70.70890808105469,5.943490982055664));
#63=VERTEX_POINT('',#62);
#64=CARTESIAN_POINT('',(-182.84344482421875,68.51549530029297,5.943490982055664));
#65=VERTEX_POINT('',#64);
#66=CARTESIAN_POINT('',(-182.20614624023438,-70.70890808105469,5.943490982055664));
#67=VERTEX_POINT('',#66);
#68=CARTESIAN_POINT('',(-183.8297882080078,-73.52293395996094,-10.26986312866211));
#69=VERTEX_POINT('',#68);
#70=CARTESIAN_POINT('',(-183.8297882080078,-73.52293395996094,5.985849380493164));
#71=VERTEX_POINT('',#70);
#72=CARTESIAN_POINT('',(-187.48269653320312,-70.91883087158203,5.985849380493164));
#73=VERTEX_POINT('',#72);
#74=CARTESIAN_POINT('',(-187.48269653320312,-70.91883087158203,-10.26986312866211));
#75=VERTEX_POINT('',#74);
#76=CARTESIAN_POINT('',(7.62939453125E-06,-73.52293395996094,-10.26986312866211));
#77=VERTEX_POINT('',#76);
#78=CARTESIAN_POINT('',(7.62939453125E-06,-73.52293395996094,5.985849380493164));
#79=VERTEX_POINT('',#78);
#80=CARTESIAN_POINT('',(-187.48269653320312,68.61778259277344,-10.26986312866211));
#81=VERTEX_POINT('',#80);
#82=CARTESIAN_POINT('',(-187.48269653320312,68.61778259277344,5.985851287841797));
#83=VERTEX_POINT('',#82);
#84=CARTESIAN_POINT('',(-183.8297882080078,71.22188568115234,5.985851287841797));
#85=VERTEX_POINT('',#84);
#86=CARTESIAN_POINT('',(-183.8297882080078,71.22188568115234,-10.26986312866211));
#87=VERTEX_POINT('',#86);
#88=CARTESIAN_POINT('',(-184.86038208007812,-70.27641296386719,-13.26986312866211));
#89=VERTEX_POINT('',#88);
#90=CARTESIAN_POINT('',(-183.2011260986328,-71.97197723388672,-13.26986312866211));
#91=VERTEX_POINT('',#90);
#92=CARTESIAN_POINT('',(-183.8297882080078,-73.52293395996094,-11.780913352966309));
#93=VERTEX_POINT('',#92);
#94=CARTESIAN_POINT('',(-187.48269653320312,-70.91883087158203,-11.780913352966309));
#95=VERTEX_POINT('',#94);
#96=CARTESIAN_POINT('',(-183.20114135742188,69.67092895507812,-13.26986312866211));
#97=VERTEX_POINT('',#96);
#98=CARTESIAN_POINT('',(-184.86038208007812,67.9753646850586,-13.26986312866211));
#99=VERTEX_POINT('',#98);
#100=CARTESIAN_POINT('',(-187.48269653320312,68.61778259277344,-11.780913352966309));
#101=VERTEX_POINT('',#100);
#102=CARTESIAN_POINT('',(-183.8297882080078,71.22188568115234,-11.780913352966309));
#103=VERTEX_POINT('',#102);
#104=CARTESIAN_POINT('',(7.62939453125E-06,-73.52293395996094,-11.780913352966309));
#105=VERTEX_POINT('',#104);
#106=CARTESIAN_POINT('',(-2.288818359375E-05,-70.86920928955078,5.943489074707031));
#107=VERTEX_POINT('',#106);
#108=CARTESIAN_POINT('',(-183.77761840820312,-66.01793670654297,5.985849380493164));
#109=VERTEX_POINT('',#108);
#110=CARTESIAN_POINT('',(-183.90501403808594,-66.12248992919922,5.985849380493164));
#111=VERTEX_POINT('',#110);
#112=CARTESIAN_POINT('',(-184.91842651367188,-66.32405853271484,5.985849380493164));
#113=VERTEX_POINT('',#112);
#114=CARTESIAN_POINT('',(-185.1716766357422,-66.24723815917969,5.985849380493164));
#115=VERTEX_POINT('',#114);
#116=CARTESIAN_POINT('',(-184.65504455566406,-66.3499984741211,5.985849380493164));
#117=VERTEX_POINT('',#116);
#118=CARTESIAN_POINT('',(-184.13841247558594,-66.24723815917969,5.985849380493164));
#119=VERTEX_POINT('',#118);
#120=CARTESIAN_POINT('',(-184.3916473388672,-66.32405853271484,5.985849380493164));
#121=VERTEX_POINT('',#120);
#122=CARTESIAN_POINT('',(-185.51271057128906,66.03412628173828,5.985851287841797));
#123=VERTEX_POINT('',#122);
#124=CARTESIAN_POINT('',(-185.40504455566406,66.12248229980469,5.985851287841797));
#125=VERTEX_POINT('',#124);
#126=CARTESIAN_POINT('',(-185.1716766357422,66.24723815917969,5.985851287841797));
#127=VERTEX_POINT('',#126);
#128=CARTESIAN_POINT('',(-184.13841247558594,66.24723815917969,5.985851287841797));
#129=VERTEX_POINT('',#128);
#130=CARTESIAN_POINT('',(-184.02784729003906,66.18814086914062,5.985851287841797));
#131=VERTEX_POINT('',#130);
#132=CARTESIAN_POINT('',(-184.3916473388672,66.32405090332031,5.985851287841797));
#133=VERTEX_POINT('',#132);
#134=CARTESIAN_POINT('',(-184.91842651367188,66.32405090332031,5.985851287841797));
#135=VERTEX_POINT('',#134);
#136=CARTESIAN_POINT('',(-184.65504455566406,66.35000610351562,5.985851287841797));
#137=VERTEX_POINT('',#136);
#138=CARTESIAN_POINT('',(-185.60960388183594,65.95459747314453,5.985851287841797));
#139=VERTEX_POINT('',#138);
#140=CARTESIAN_POINT('',(-185.40504455566406,-66.12248992919922,5.985849380493164));
#141=VERTEX_POINT('',#140);
#142=CARTESIAN_POINT('',(-185.60960388183594,-65.95459747314453,5.985849380493164));
#143=VERTEX_POINT('',#142);
#144=CARTESIAN_POINT('',(-185.77752685546875,65.75003051757812,5.985851287841797));
#145=VERTEX_POINT('',#144);
#146=CARTESIAN_POINT('',(-185.9022674560547,65.5166244506836,5.985851287841797));
#147=VERTEX_POINT('',#146);
#148=CARTESIAN_POINT('',(-185.77752685546875,-65.7500228881836,5.985849380493164));
#149=VERTEX_POINT('',#148);
#150=CARTESIAN_POINT('',(-185.9022674560547,-65.5166244506836,5.985849380493164));
#151=VERTEX_POINT('',#150);
#152=CARTESIAN_POINT('',(-185.97906494140625,65.26337432861328,5.985851287841797));
#153=VERTEX_POINT('',#152);
#154=CARTESIAN_POINT('',(-186.00502014160156,65.00000762939453,5.985851287841797));
#155=VERTEX_POINT('',#154);
#156=CARTESIAN_POINT('',(-185.97906494140625,-65.26337432861328,5.985849380493164));
#157=VERTEX_POINT('',#156);
#158=CARTESIAN_POINT('',(-186.00502014160156,-65,5.985849380493164));
#159=VERTEX_POINT('',#158);
#160=CARTESIAN_POINT('',(-185.97906494140625,64.73662567138672,5.985851287841797));
#161=VERTEX_POINT('',#160);
#162=CARTESIAN_POINT('',(-185.97906494140625,-64.73663330078125,5.985849380493164));
#163=VERTEX_POINT('',#162);
#164=CARTESIAN_POINT('',(-185.9022674560547,64.4833755493164,5.985851287841797));
#165=VERTEX_POINT('',#164);
#166=CARTESIAN_POINT('',(-185.9022674560547,-64.48338317871094,5.985849380493164));
#167=VERTEX_POINT('',#166);
#168=CARTESIAN_POINT('',(-185.77752685546875,64.24998474121094,5.985851287841797));
#169=VERTEX_POINT('',#168);
#170=CARTESIAN_POINT('',(-185.77752685546875,-64.24998474121094,5.985849380493164));
#171=VERTEX_POINT('',#170);
#172=CARTESIAN_POINT('',(-185.60960388183594,64.04541015625,5.985851287841797));
#173=VERTEX_POINT('',#172);
#174=CARTESIAN_POINT('',(-185.60960388183594,-64.04541015625,5.985849380493164));
#175=VERTEX_POINT('',#174);
#176=CARTESIAN_POINT('',(-185.40504455566406,63.877525329589844,5.985851287841797));
#177=VERTEX_POINT('',#176);
#178=CARTESIAN_POINT('',(-185.40504455566406,-63.87751770019531,5.985849380493164));
#179=VERTEX_POINT('',#178);
#180=CARTESIAN_POINT('',(-185.1716766357422,63.75275802612305,5.985851287841797));
#181=VERTEX_POINT('',#180);
#182=CARTESIAN_POINT('',(-185.1716766357422,-63.75276565551758,5.985849380493164));
#183=VERTEX_POINT('',#182);
#184=CARTESIAN_POINT('',(-184.91842651367188,63.675941467285156,5.985851287841797));
#185=VERTEX_POINT('',#184);
#186=CARTESIAN_POINT('',(-184.91842651367188,-63.675941467285156,5.985849380493164));
#187=VERTEX_POINT('',#186);
#188=CARTESIAN_POINT('',(-184.65504455566406,63.65000915527344,5.985851287841797));
#189=VERTEX_POINT('',#188);
#190=CARTESIAN_POINT('',(-184.65504455566406,-63.650001525878906,5.985849380493164));
#191=VERTEX_POINT('',#190);
#192=CARTESIAN_POINT('',(-184.3916473388672,63.675941467285156,5.985851287841797));
#193=VERTEX_POINT('',#192);
#194=CARTESIAN_POINT('',(-184.3916473388672,-63.675941467285156,5.985849380493164));
#195=VERTEX_POINT('',#194);
#196=CARTESIAN_POINT('',(-184.13841247558594,63.75275802612305,5.985851287841797));
#197=VERTEX_POINT('',#196);
#198=CARTESIAN_POINT('',(-184.13841247558594,-63.75276565551758,5.985849380493164));
#199=VERTEX_POINT('',#198);
#200=CARTESIAN_POINT('',(-183.90501403808594,63.877525329589844,5.985851287841797));
#201=VERTEX_POINT('',#200);
#202=CARTESIAN_POINT('',(-183.90501403808594,-63.87751770019531,5.985849380493164));
#203=VERTEX_POINT('',#202);
#204=CARTESIAN_POINT('',(-183.700439453125,64.04541015625,5.985851287841797));
#205=VERTEX_POINT('',#204);
#206=CARTESIAN_POINT('',(-183.700439453125,-64.04541015625,5.985849380493164));
#207=VERTEX_POINT('',#206);
#208=CARTESIAN_POINT('',(-183.53253173828125,64.24998474121094,5.985851287841797));
#209=VERTEX_POINT('',#208);
#210=CARTESIAN_POINT('',(-183.53253173828125,-64.24998474121094,5.985849380493164));
#211=VERTEX_POINT('',#210);
#212=CARTESIAN_POINT('',(-183.4077911376953,64.4833755493164,5.985851287841797));
#213=VERTEX_POINT('',#212);
#214=CARTESIAN_POINT('',(-183.4077911376953,-64.48338317871094,5.985849380493164));
#215=VERTEX_POINT('',#214);
#216=CARTESIAN_POINT('',(-183.3309783935547,64.73662567138672,5.985851287841797));
#217=VERTEX_POINT('',#216);
#218=CARTESIAN_POINT('',(-183.3309783935547,-64.73663330078125,5.985851287841797));
#219=VERTEX_POINT('',#218);
#220=CARTESIAN_POINT('',(-183.30503845214844,65.00000762939453,5.985851287841797));
#221=VERTEX_POINT('',#220);
#222=CARTESIAN_POINT('',(-183.30503845214844,-65,5.985851287841797));
#223=VERTEX_POINT('',#222);
#224=CARTESIAN_POINT('',(-183.700439453125,-65.95459747314453,5.985849380493164));
#225=VERTEX_POINT('',#224);
#226=CARTESIAN_POINT('',(-183.90501403808594,66.12248229980469,5.985851287841797));
#227=VERTEX_POINT('',#226);
#228=CARTESIAN_POINT('',(-183.700439453125,65.95459747314453,5.985851287841797));
#229=VERTEX_POINT('',#228);
#230=CARTESIAN_POINT('',(-183.53253173828125,-65.7500228881836,5.985849380493164));
#231=VERTEX_POINT('',#230);
#232=CARTESIAN_POINT('',(-183.4077911376953,-65.5166244506836,5.985849380493164));
#233=VERTEX_POINT('',#232);
#234=CARTESIAN_POINT('',(-183.53253173828125,65.75003051757812,5.985851287841797));
#235=VERTEX_POINT('',#234);
#236=CARTESIAN_POINT('',(-183.4077911376953,65.5166244506836,5.985851287841797));
#237=VERTEX_POINT('',#236);
#238=CARTESIAN_POINT('',(-183.3309783935547,-65.26337432861328,5.985851287841797));
#239=VERTEX_POINT('',#238);
#240=CARTESIAN_POINT('',(-183.3309783935547,65.26337432861328,5.985851287841797));
#241=VERTEX_POINT('',#240);
#242=CARTESIAN_POINT('',(-184.65504455566406,-63.650001525878906,1.7224903106689453));
#243=VERTEX_POINT('',#242);
#244=CARTESIAN_POINT('',(-184.3916473388672,-63.675941467285156,1.7224903106689453));
#245=VERTEX_POINT('',#244);
#246=CARTESIAN_POINT('',(-184.13841247558594,-63.75276565551758,1.7224903106689453));
#247=VERTEX_POINT('',#246);
#248=CARTESIAN_POINT('',(-183.90501403808594,-63.87751770019531,1.7224903106689453));
#249=VERTEX_POINT('',#248);
#250=CARTESIAN_POINT('',(-183.700439453125,-64.04541015625,1.7224903106689453));
#251=VERTEX_POINT('',#250);
#252=CARTESIAN_POINT('',(-183.53253173828125,-64.24998474121094,1.7224903106689453));
#253=VERTEX_POINT('',#252);
#254=CARTESIAN_POINT('',(-183.4077911376953,-64.48338317871094,1.7224903106689453));
#255=VERTEX_POINT('',#254);
#256=CARTESIAN_POINT('',(-183.3309783935547,-64.73663330078125,1.7224903106689453));
#257=VERTEX_POINT('',#256);
#258=CARTESIAN_POINT('',(-183.30503845214844,-65,1.7224903106689453));
#259=VERTEX_POINT('',#258);
#260=CARTESIAN_POINT('',(-183.3309783935547,-65.26337432861328,1.7224903106689453));
#261=VERTEX_POINT('',#260);
#262=CARTESIAN_POINT('',(-183.4077911376953,-65.5166244506836,1.7224903106689453));
#263=VERTEX_POINT('',#262);
#264=CARTESIAN_POINT('',(-183.53253173828125,-65.7500228881836,1.7224903106689453));
#265=VERTEX_POINT('',#264);
#266=CARTESIAN_POINT('',(-183.700439453125,-65.95459747314453,1.7224903106689453));
#267=VERTEX_POINT('',#266);
#268=CARTESIAN_POINT('',(-183.90501403808594,-66.12248992919922,1.7224903106689453));
#269=VERTEX_POINT('',#268);
#270=CARTESIAN_POINT('',(-184.13841247558594,-66.24723815917969,1.7224903106689453));
#271=VERTEX_POINT('',#270);
#272=CARTESIAN_POINT('',(-184.3916473388672,-66.32405853271484,1.7224903106689453));
#273=VERTEX_POINT('',#272);
#274=CARTESIAN_POINT('',(-184.65504455566406,-66.3499984741211,1.7224903106689453));
#275=VERTEX_POINT('',#274);
#276=CARTESIAN_POINT('',(-184.91842651367188,-66.32405853271484,1.7224903106689453));
#277=VERTEX_POINT('',#276);
#278=CARTESIAN_POINT('',(-185.1716766357422,-66.24723815917969,1.7224903106689453));
#279=VERTEX_POINT('',#278);
#280=CARTESIAN_POINT('',(-185.40504455566406,-66.12248992919922,1.7224903106689453));
#281=VERTEX_POINT('',#280);
#282=CARTESIAN_POINT('',(-185.60960388183594,-65.95459747314453,1.7224903106689453));
#283=VERTEX_POINT('',#282);
#284=CARTESIAN_POINT('',(-185.77752685546875,-65.7500228881836,1.7224903106689453));
#285=VERTEX_POINT('',#284);
#286=CARTESIAN_POINT('',(-185.9022674560547,-65.5166244506836,1.7224903106689453));
#287=VERTEX_POINT('',#286);
#288=CARTESIAN_POINT('',(-185.97906494140625,-65.26337432861328,1.7224903106689453));
#289=VERTEX_POINT('',#288);
#290=CARTESIAN_POINT('',(-186.00502014160156,-65,1.7224903106689453));
#291=VERTEX_POINT('',#290);
#292=CARTESIAN_POINT('',(-185.97906494140625,-64.73663330078125,1.7224903106689453));
#293=VERTEX_POINT('',#292);
#294=CARTESIAN_POINT('',(-185.9022674560547,-64.48338317871094,1.7224903106689453));
#295=VERTEX_POINT('',#294);
#296=CARTESIAN_POINT('',(-185.77752685546875,-64.24998474121094,1.7224903106689453));
#297=VERTEX_POINT('',#296);
#298=CARTESIAN_POINT('',(-185.60960388183594,-64.04541015625,1.7224903106689453));
#299=VERTEX_POINT('',#298);
#300=CARTESIAN_POINT('',(-185.40504455566406,-63.87751770019531,1.7224903106689453));
#301=VERTEX_POINT('',#300);
#302=CARTESIAN_POINT('',(-185.1716766357422,-63.75276565551758,1.7224903106689453));
#303=VERTEX_POINT('',#302);
#304=CARTESIAN_POINT('',(-184.91842651367188,-63.675941467285156,1.7224903106689453));
#305=VERTEX_POINT('',#304);
#306=CARTESIAN_POINT('',(-184.65504455566406,66.35000610351562,1.7224903106689453));
#307=VERTEX_POINT('',#306);
#308=CARTESIAN_POINT('',(-184.3916473388672,66.32405090332031,1.7224903106689453));
#309=VERTEX_POINT('',#308);
#310=CARTESIAN_POINT('',(-184.13841247558594,66.24723815917969,1.7224903106689453));
#311=VERTEX_POINT('',#310);
#312=CARTESIAN_POINT('',(-183.90501403808594,66.12248229980469,1.7224903106689453));
#313=VERTEX_POINT('',#312);
#314=CARTESIAN_POINT('',(-183.700439453125,65.95459747314453,1.7224903106689453));
#315=VERTEX_POINT('',#314);
#316=CARTESIAN_POINT('',(-183.53253173828125,65.75003051757812,1.7224903106689453));
#317=VERTEX_POINT('',#316);
#318=CARTESIAN_POINT('',(-183.4077911376953,65.5166244506836,1.7224903106689453));
#319=VERTEX_POINT('',#318);
#320=CARTESIAN_POINT('',(-183.3309783935547,65.26337432861328,1.7224903106689453));
#321=VERTEX_POINT('',#320);
#322=CARTESIAN_POINT('',(-183.30503845214844,65.00000762939453,1.7224903106689453));
#323=VERTEX_POINT('',#322);
#324=CARTESIAN_POINT('',(-183.3309783935547,64.73662567138672,1.7224903106689453));
#325=VERTEX_POINT('',#324);
#326=CARTESIAN_POINT('',(-183.4077911376953,64.4833755493164,1.7224903106689453));
#327=VERTEX_POINT('',#326);
#328=CARTESIAN_POINT('',(-183.53253173828125,64.24998474121094,1.7224903106689453));
#329=VERTEX_POINT('',#328);
#330=CARTESIAN_POINT('',(-183.700439453125,64.04541015625,1.7224903106689453));
#331=VERTEX_POINT('',#330);
#332=CARTESIAN_POINT('',(-183.90501403808594,63.877525329589844,1.7224903106689453));
#333=VERTEX_POINT('',#332);
#334=CARTESIAN_POINT('',(-184.13841247558594,63.75275802612305,1.7224903106689453));
#335=VERTEX_POINT('',#334);
#336=CARTESIAN_POINT('',(-184.3916473388672,63.675941467285156,1.7224903106689453));
#337=VERTEX_POINT('',#336);
#338=CARTESIAN_POINT('',(-184.65504455566406,63.65000915527344,1.7224903106689453));
#339=VERTEX_POINT('',#338);
#340=CARTESIAN_POINT('',(-184.91842651367188,63.675941467285156,1.7224903106689453));
#341=VERTEX_POINT('',#340);
#342=CARTESIAN_POINT('',(-185.1716766357422,63.75275802612305,1.7224903106689453));
#343=VERTEX_POINT('',#342);
#344=CARTESIAN_POINT('',(-185.40504455566406,63.877525329589844,1.7224903106689453));
#345=VERTEX_POINT('',#344);
#346=CARTESIAN_POINT('',(-185.60960388183594,64.04541015625,1.7224903106689453));
#347=VERTEX_POINT('',#346);
#348=CARTESIAN_POINT('',(-185.77752685546875,64.24998474121094,1.7224903106689453));
#349=VERTEX_POINT('',#348);
#350=CARTESIAN_POINT('',(-185.9022674560547,64.4833755493164,1.7224903106689453));
#351=VERTEX_POINT('',#350);
#352=CARTESIAN_POINT('',(-185.97906494140625,64.73662567138672,1.7224903106689453));
#353=VERTEX_POINT('',#352);
#354=CARTESIAN_POINT('',(-186.00502014160156,65.00000762939453,1.7224903106689453));
#355=VERTEX_POINT('',#354);
#356=CARTESIAN_POINT('',(-185.97906494140625,65.26337432861328,1.7224903106689453));
#357=VERTEX_POINT('',#356);
#358=CARTESIAN_POINT('',(-185.9022674560547,65.5166244506836,1.7224903106689453));
#359=VERTEX_POINT('',#358);
#360=CARTESIAN_POINT('',(-185.77752685546875,65.75003051757812,1.7224903106689453));
#361=VERTEX_POINT('',#360);
#362=CARTESIAN_POINT('',(-185.60960388183594,65.95459747314453,1.7224903106689453));
#363=VERTEX_POINT('',#362);
#364=CARTESIAN_POINT('',(-185.40504455566406,66.12248229980469,1.7224903106689453));
#365=VERTEX_POINT('',#364);
#366=CARTESIAN_POINT('',(-185.1716766357422,66.24723815917969,1.7224903106689453));
#367=VERTEX_POINT('',#366);
#368=CARTESIAN_POINT('',(-184.91842651367188,66.32405090332031,1.7224903106689453));
#369=VERTEX_POINT('',#368);
#370=CARTESIAN_POINT('',(-2.288818359375E-05,-70.86920928955078,-10.26986312866211));
#371=VERTEX_POINT('',#370);
#372=CARTESIAN_POINT('',(7.62939453125E-06,71.22188568115234,5.985851287841797));
#373=VERTEX_POINT('',#372);
#374=CARTESIAN_POINT('',(7.62939453125E-06,71.22188568115234,-10.26986312866211));
#375=VERTEX_POINT('',#374);
#376=CARTESIAN_POINT('',(2.288818359375E-05,69.67092895507812,-13.26986312866211));
#377=VERTEX_POINT('',#376);
#378=CARTESIAN_POINT('',(-7.62939453125E-06,-71.97197723388672,-13.26986312866211));
#379=VERTEX_POINT('',#378);
#380=CARTESIAN_POINT('',(7.62939453125E-06,71.22188568115234,-11.780913352966309));
#381=VERTEX_POINT('',#380);
#382=FACE_SURFACE('',(#387),#383,.T.);
#383=PLANE('',#384);
#384=AXIS2_PLACEMENT_3D('',#34,#385,#386);
#385=DIRECTION('',(0,-1,0));
#386=DIRECTION('',(1,0,0));
#387=FACE_BOUND('',#388,.T.);
#388=EDGE_LOOP('',(#389,#390,#391));
#389=ORIENTED_EDGE('',*,*,#392,.T.);
#390=ORIENTED_EDGE('',*,*,#393,.T.);
#391=ORIENTED_EDGE('',*,*,#394,.T.);
#392=EDGE_CURVE('',#35,#37,#395,.F.);
#393=EDGE_CURVE('',#37,#39,#396,.T.);
#394=EDGE_CURVE('',#39,#35,#397,.T.);
#395=LINE('',#34,#398);
#396=LINE('',#36,#399);
#397=LINE('',#38,#400);
#398=VECTOR('',#401,1.0);
#399=VECTOR('',#402,1.0);
#400=VECTOR('',#403,1.0);
#401=DIRECTION('',(1,0,0));
#402=DIRECTION('',(0,0,1));
#403=DIRECTION('',(-0.996020893838275,0,-0.0891200260188696));
#404=FACE_SURFACE('',(#409),#405,.T.);
#405=PLANE('',#406);
#406=AXIS2_PLACEMENT_3D('',#34,#407,#408);
#407=DIRECTION('',(0,-1,0));
#408=DIRECTION('',(0.996020893838275,0,0.0891200260188696));
#409=FACE_BOUND('',#410,.T.);
#410=EDGE_LOOP('',(#411,#412,#413));
#411=ORIENTED_EDGE('',*,*,#414,.T.);
#412=ORIENTED_EDGE('',*,*,#415,.T.);
#413=ORIENTED_EDGE('',*,*,#416,.T.);
#414=EDGE_CURVE('',#35,#39,#417,.F.);
#415=EDGE_CURVE('',#39,#41,#418,.T.);
#416=EDGE_CURVE('',#41,#35,#419,.T.);
#417=LINE('',#34,#420);
#418=LINE('',#38,#421);
#419=LINE('',#40,#422);
#420=VECTOR('',#423,1.0);
#421=VECTOR('',#424,1.0);
#422=VECTOR('',#425,1.0);
#423=DIRECTION('',(0.996020893838275,0,0.0891200260188696));
#424=DIRECTION('',(-1,0,0));
#425=DIRECTION('',(0,0,-1));
#426=FACE_SURFACE('',(#431),#427,.T.);
#427=PLANE('',#428);
#428=AXIS2_PLACEMENT_3D('',#42,#429,#430);
#429=DIRECTION('',(1,0,-0));
#430=DIRECTION('',(0,0,1));
#431=FACE_BOUND('',#432,.T.);
#432=EDGE_LOOP('',(#433,#434,#435));
#433=ORIENTED_EDGE('',*,*,#436,.T.);
#434=ORIENTED_EDGE('',*,*,#437,.T.);
#435=ORIENTED_EDGE('',*,*,#438,.T.);
#436=EDGE_CURVE('',#43,#45,#439,.F.);
#437=EDGE_CURVE('',#45,#47,#440,.T.);
#438=EDGE_CURVE('',#47,#43,#441,.T.);
#439=LINE('',#42,#442);
#440=LINE('',#44,#443);
#441=LINE('',#46,#444);
#442=VECTOR('',#445,1.0);
#443=VECTOR('',#446,1.0);
#444=VECTOR('',#447,1.0);
#445=DIRECTION('',(0,0,1));
#446=DIRECTION('',(0,-1,0));
#447=DIRECTION('',(0,0.24475236972838332,-0.9695856215478552));
#448=FACE_SURFACE('',(#453),#449,.T.);
#449=PLANE('',#450);
#450=AXIS2_PLACEMENT_3D('',#34,#451,#452);
#451=DIRECTION('',(1,0,-0));
#452=DIRECTION('',(0,0,1));
#453=FACE_BOUND('',#454,.T.);
#454=EDGE_LOOP('',(#455,#456,#457));
#455=ORIENTED_EDGE('',*,*,#458,.T.);
#456=ORIENTED_EDGE('',*,*,#459,.T.);
#457=ORIENTED_EDGE('',*,*,#460,.T.);
#458=EDGE_CURVE('',#35,#41,#461,.F.);
#459=EDGE_CURVE('',#41,#49,#462,.T.);
#460=EDGE_CURVE('',#49,#35,#463,.T.);
#461=LINE('',#34,#464);
#462=LINE('',#40,#465);
#463=LINE('',#48,#466);
#464=VECTOR('',#467,1.0);
#465=VECTOR('',#468,1.0);
#466=VECTOR('',#469,1.0);
#467=DIRECTION('',(0,0,1));
#468=DIRECTION('',(0,-1,0));
#469=DIRECTION('',(0,0.003248274986362591,-0.9999947243408901));
#470=FACE_SURFACE('',(#475),#471,.T.);
#471=PLANE('',#472);
#472=AXIS2_PLACEMENT_3D('',#34,#473,#474);
#473=DIRECTION('',(1,0,0));
#474=DIRECTION('',(0,-0.003248274986362591,0.9999947243408901));
#475=FACE_BOUND('',#476,.T.);
#476=EDGE_LOOP('',(#477,#478,#479));
#477=ORIENTED_EDGE('',*,*,#480,.T.);
#478=ORIENTED_EDGE('',*,*,#481,.T.);
#479=ORIENTED_EDGE('',*,*,#482,.T.);
#480=EDGE_CURVE('',#35,#49,#483,.F.);
#481=EDGE_CURVE('',#49,#51,#484,.T.);
#482=EDGE_CURVE('',#51,#35,#485,.T.);
#483=LINE('',#34,#486);
#484=LINE('',#48,#487);
#485=LINE('',#50,#488);
#486=VECTOR('',#489,1.0);
#487=VECTOR('',#490,1.0);
#488=VECTOR('',#491,1.0);
#489=DIRECTION('',(0,-0.003248274986362591,0.9999947243408901));
#490=DIRECTION('',(0,0,-1));
#491=DIRECTION('',(0,0.003380686172316657,-0.9999942854641742));
#492=FACE_SURFACE('',(#497),#493,.T.);
#493=PLANE('',#494);
#494=AXIS2_PLACEMENT_3D('',#42,#495,#496);
#495=DIRECTION('',(1,0,0));
#496=DIRECTION('',(0,-0.24475236972838332,0.9695856215478552));
#497=FACE_BOUND('',#498,.T.);
#498=EDGE_LOOP('',(#499,#500,#501));
#499=ORIENTED_EDGE('',*,*,#502,.T.);
#500=ORIENTED_EDGE('',*,*,#503,.T.);
#501=ORIENTED_EDGE('',*,*,#504,.T.);
#502=EDGE_CURVE('',#43,#47,#505,.F.);
#503=EDGE_CURVE('',#47,#53,#506,.T.);
#504=EDGE_CURVE('',#53,#43,#507,.T.);
#505=LINE('',#42,#508);
#506=LINE('',#46,#509);
#507=LINE('',#52,#510);
#508=VECTOR('',#511,1.0);
#509=VECTOR('',#512,1.0);
#510=VECTOR('',#513,1.0);
#511=DIRECTION('',(0,-0.24475236972838332,0.9695856215478552));
#512=DIRECTION('',(0,0,-1));
#513=DIRECTION('',(0,0.010289474545289987,0.9999470619555727));
#514=FACE_SURFACE('',(#519),#515,.T.);
#515=PLANE('',#516);
#516=AXIS2_PLACEMENT_3D('',#54,#517,#518);
#517=DIRECTION('',(1,0,0));
#518=DIRECTION('',(0,-1,0));
#519=FACE_BOUND('',#520,.T.);
#520=EDGE_LOOP('',(#521,#522,#523));
#521=ORIENTED_EDGE('',*,*,#524,.T.);
#522=ORIENTED_EDGE('',*,*,#525,.T.);
#523=ORIENTED_EDGE('',*,*,#526,.T.);
#524=EDGE_CURVE('',#55,#43,#527,.F.);
#525=EDGE_CURVE('',#43,#53,#528,.T.);
#526=EDGE_CURVE('',#53,#55,#529,.T.);
#527=LINE('',#54,#530);
#528=LINE('',#42,#531);
#529=LINE('',#52,#532);
#530=VECTOR('',#533,1.0);
#531=VECTOR('',#534,1.0);
#532=VECTOR('',#535,1.0);
#533=DIRECTION('',(0,-1,0));
#534=DIRECTION('',(0,-0.010289474545289987,-0.9999470619555727));
#535=DIRECTION('',(0,0.07804150669119087,0.9969501107043264));
#536=FACE_SURFACE('',(#541),#537,.T.);
#537=PLANE('',#538);
#538=AXIS2_PLACEMENT_3D('',#52,#539,#540);
#539=DIRECTION('',(1,0,0));
#540=DIRECTION('',(0,1,0));
#541=FACE_BOUND('',#542,.T.);
#542=EDGE_LOOP('',(#543,#544,#545));
#543=ORIENTED_EDGE('',*,*,#546,.T.);
#544=ORIENTED_EDGE('',*,*,#547,.T.);
#545=ORIENTED_EDGE('',*,*,#548,.T.);
#546=EDGE_CURVE('',#53,#35,#549,.F.);
#547=EDGE_CURVE('',#35,#51,#550,.T.);
#548=EDGE_CURVE('',#51,#53,#551,.T.);
#549=LINE('',#52,#552);
#550=LINE('',#34,#553);
#551=LINE('',#50,#554);
#552=VECTOR('',#555,1.0);
#553=VECTOR('',#556,1.0);
#554=VECTOR('',#557,1.0);
#555=DIRECTION('',(0,1,0));
#556=DIRECTION('',(0,-0.003380686172316657,0.9999942854641742));
#557=DIRECTION('',(0,-0.9938122125836801,-0.11107333667235433));
#558=FACE_SURFACE('',(#563),#559,.T.);
#559=PLANE('',#560);
#560=AXIS2_PLACEMENT_3D('',#56,#561,#562);
#561=DIRECTION('',(1,0,0));
#562=DIRECTION('',(0,-1,0));
#563=FACE_BOUND('',#564,.T.);
#564=EDGE_LOOP('',(#565,#566,#567));
#565=ORIENTED_EDGE('',*,*,#568,.T.);
#566=ORIENTED_EDGE('',*,*,#569,.T.);
#567=ORIENTED_EDGE('',*,*,#570,.T.);
#568=EDGE_CURVE('',#57,#55,#571,.F.);
#569=EDGE_CURVE('',#55,#53,#572,.T.);
#570=EDGE_CURVE('',#53,#57,#573,.T.);
#571=LINE('',#56,#574);
#572=LINE('',#54,#575);
#573=LINE('',#52,#576);
#574=VECTOR('',#577,1.0);
#575=VECTOR('',#578,1.0);
#576=VECTOR('',#579,1.0);
#577=DIRECTION('',(0,-1,0));
#578=DIRECTION('',(0,-0.07804150669119087,-0.9969501107043264));
#579=DIRECTION('',(0,0.9937255877121118,0.11184568085633846));
#580=FACE_SURFACE('',(#585),#581,.T.);
#581=PLANE('',#582);
#582=AXIS2_PLACEMENT_3D('',#52,#583,#584);
#583=DIRECTION('',(1,0,0));
#584=DIRECTION('',(0,0.9938122125836801,0.11107333667235433));
#585=FACE_BOUND('',#586,.T.);
#586=EDGE_LOOP('',(#587,#588,#589));
#587=ORIENTED_EDGE('',*,*,#590,.T.);
#588=ORIENTED_EDGE('',*,*,#591,.T.);
#589=ORIENTED_EDGE('',*,*,#592,.T.);
#590=EDGE_CURVE('',#53,#51,#593,.F.);
#591=EDGE_CURVE('',#51,#57,#594,.T.);
#592=EDGE_CURVE('',#57,#53,#595,.T.);
#593=LINE('',#52,#596);
#594=LINE('',#50,#597);
#595=LINE('',#56,#598);
#596=VECTOR('',#599,1.0);
#597=VECTOR('',#600,1.0);
#598=VECTOR('',#601,1.0);
#599=DIRECTION('',(0,0.9938122125836801,0.11107333667235433));
#600=DIRECTION('',(0,-1,0));
#601=DIRECTION('',(0,-0.9937255877121118,-0.11184568085633846));
#602=FACE_SURFACE('',(#607),#603,.T.);
#603=PLANE('',#604);
#604=AXIS2_PLACEMENT_3D('',#58,#605,#606);
#605=DIRECTION('',(-0,0,1));
#606=DIRECTION('',(0.8596889164538442,-0.5108179391196196,0));
#607=FACE_BOUND('',#608,.T.);
#608=EDGE_LOOP('',(#609,#610,#611));
#609=ORIENTED_EDGE('',*,*,#612,.T.);
#610=ORIENTED_EDGE('',*,*,#613,.T.);
#611=ORIENTED_EDGE('',*,*,#614,.T.);
#612=EDGE_CURVE('',#59,#57,#615,.F.);
#613=EDGE_CURVE('',#57,#51,#616,.T.);
#614=EDGE_CURVE('',#51,#59,#617,.T.);
#615=LINE('',#58,#618);
#616=LINE('',#56,#619);
#617=LINE('',#50,#620);
#618=VECTOR('',#621,1.0);
#619=VECTOR('',#622,1.0);
#620=VECTOR('',#623,1.0);
#621=DIRECTION('',(0.8596889164538442,-0.5108179391196196,0));
#622=DIRECTION('',(0,1,0));
#623=DIRECTION('',(-1,0,0));
#624=FACE_SURFACE('',(#629),#625,.T.);
#625=PLANE('',#626);
#626=AXIS2_PLACEMENT_3D('',#60,#627,#628);
#627=DIRECTION('',(0,0,1));
#628=DIRECTION('',(1,0,0));
#629=FACE_BOUND('',#630,.T.);
#630=EDGE_LOOP('',(#631,#632,#633));
#631=ORIENTED_EDGE('',*,*,#634,.T.);
#632=ORIENTED_EDGE('',*,*,#635,.T.);
#633=ORIENTED_EDGE('',*,*,#636,.T.);
#634=EDGE_CURVE('',#61,#43,#637,.F.);
#635=EDGE_CURVE('',#43,#55,#638,.T.);
#636=EDGE_CURVE('',#55,#61,#639,.T.);
#637=LINE('',#60,#640);
#638=LINE('',#42,#641);
#639=LINE('',#54,#642);
#640=VECTOR('',#643,1.0);
#641=VECTOR('',#644,1.0);
#642=VECTOR('',#645,1.0);
#643=DIRECTION('',(1,0,0));
#644=DIRECTION('',(0,1,0));
#645=DIRECTION('',(-0.8400652735379054,-0.5424853327009719,0));
#646=FACE_SURFACE('',(#651),#647,.T.);
#647=PLANE('',#648);
#648=AXIS2_PLACEMENT_3D('',#56,#649,#650);
#649=DIRECTION('',(0,0,1));
#650=DIRECTION('',(-0.8596889164538442,0.5108179391196196,0));
#651=FACE_BOUND('',#652,.T.);
#652=EDGE_LOOP('',(#653,#654,#655));
#653=ORIENTED_EDGE('',*,*,#656,.T.);
#654=ORIENTED_EDGE('',*,*,#657,.T.);
#655=ORIENTED_EDGE('',*,*,#658,.T.);
#656=EDGE_CURVE('',#57,#59,#659,.F.);
#657=EDGE_CURVE('',#59,#61,#660,.T.);
#658=EDGE_CURVE('',#61,#57,#661,.T.);
#659=LINE('',#56,#662);
#660=LINE('',#58,#663);
#661=LINE('',#60,#664);
#662=VECTOR('',#665,1.0);
#663=VECTOR('',#666,1.0);
#664=VECTOR('',#667,1.0);
#665=DIRECTION('',(-0.8596889164538442,0.5108179391196196,0));
#666=DIRECTION('',(0,-1,0));
#667=DIRECTION('',(0.011863068060359538,0.9999296313322229,0));
#668=FACE_SURFACE('',(#673),#669,.T.);
#669=PLANE('',#670);
#670=AXIS2_PLACEMENT_3D('',#56,#671,#672);
#671=DIRECTION('',(0,0,1));
#672=DIRECTION('',(-0.011863068060359538,-0.9999296313322229,0));
#673=FACE_BOUND('',#674,.T.);
#674=EDGE_LOOP('',(#675,#676,#677));
#675=ORIENTED_EDGE('',*,*,#678,.T.);
#676=ORIENTED_EDGE('',*,*,#679,.T.);
#677=ORIENTED_EDGE('',*,*,#680,.T.);
#678=EDGE_CURVE('',#57,#61,#681,.F.);
#679=EDGE_CURVE('',#61,#55,#682,.T.);
#680=EDGE_CURVE('',#55,#57,#683,.T.);
#681=LINE('',#56,#684);
#682=LINE('',#60,#685);
#683=LINE('',#54,#686);
#684=VECTOR('',#687,1.0);
#685=VECTOR('',#688,1.0);
#686=VECTOR('',#689,1.0);
#687=DIRECTION('',(-0.011863068060359538,-0.9999296313322229,0));
#688=DIRECTION('',(0.8400652735379054,0.5424853327009719,0));
#689=DIRECTION('',(0,1,0));
#690=FACE_SURFACE('',(#695),#691,.T.);
#691=PLANE('',#692);
#692=AXIS2_PLACEMENT_3D('',#62,#693,#694);
#693=DIRECTION('',(1,0,0));
#694=DIRECTION('',(0,0,-1));
#695=FACE_BOUND('',#696,.T.);
#696=EDGE_LOOP('',(#697,#698,#699));
#697=ORIENTED_EDGE('',*,*,#700,.T.);
#698=ORIENTED_EDGE('',*,*,#701,.T.);
#699=ORIENTED_EDGE('',*,*,#702,.T.);
#700=EDGE_CURVE('',#63,#61,#703,.F.);
#701=EDGE_CURVE('',#61,#59,#704,.T.);
#702=EDGE_CURVE('',#59,#63,#705,.T.);
#703=LINE('',#62,#706);
#704=LINE('',#60,#707);
#705=LINE('',#58,#708);
#706=VECTOR('',#709,1.0);
#707=VECTOR('',#710,1.0);
#708=VECTOR('',#711,1.0);
#709=DIRECTION('',(0,0,-1));
#710=DIRECTION('',(0,1,0));
#711=DIRECTION('',(0,-0.9999895977515856,0.004561182809529256));
#712=FACE_SURFACE('',(#717),#713,.T.);
#713=PLANE('',#714);
#714=AXIS2_PLACEMENT_3D('',#62,#715,#716);
#715=DIRECTION('',(1,-0,0));
#716=DIRECTION('',(0,0.9999895977515856,-0.004561182809529256));
#717=FACE_BOUND('',#718,.T.);
#718=EDGE_LOOP('',(#719,#720,#721));
#719=ORIENTED_EDGE('',*,*,#722,.T.);
#720=ORIENTED_EDGE('',*,*,#723,.T.);
#721=ORIENTED_EDGE('',*,*,#724,.T.);
#722=EDGE_CURVE('',#63,#59,#725,.F.);
#723=EDGE_CURVE('',#59,#65,#726,.T.);
#724=EDGE_CURVE('',#65,#63,#727,.T.);
#725=LINE('',#62,#728);
#726=LINE('',#58,#729);
#727=LINE('',#64,#730);
#728=VECTOR('',#731,1.0);
#729=VECTOR('',#732,1.0);
#730=VECTOR('',#733,1.0);
#731=DIRECTION('',(0,0.9999895977515856,-0.004561182809529256));
#732=DIRECTION('',(0,0,1));
#733=DIRECTION('',(0,-1,0));
#734=FACE_SURFACE('',(#739),#735,.T.);
#735=PLANE('',#736);
#736=AXIS2_PLACEMENT_3D('',#64,#737,#738);
#737=DIRECTION('',(0,-1,0));
#738=DIRECTION('',(0,0,-1));
#739=FACE_BOUND('',#740,.T.);
#740=EDGE_LOOP('',(#741,#742,#743));
#741=ORIENTED_EDGE('',*,*,#744,.T.);
#742=ORIENTED_EDGE('',*,*,#745,.T.);
#743=ORIENTED_EDGE('',*,*,#746,.T.);
#744=EDGE_CURVE('',#65,#59,#747,.F.);
#745=EDGE_CURVE('',#59,#51,#748,.T.);
#746=EDGE_CURVE('',#51,#65,#749,.T.);
#747=LINE('',#64,#750);
#748=LINE('',#58,#751);
#749=LINE('',#50,#752);
#750=VECTOR('',#753,1.0);
#751=VECTOR('',#754,1.0);
#752=VECTOR('',#755,1.0);
#753=DIRECTION('',(0,0,-1));
#754=DIRECTION('',(1,0,0));
#755=DIRECTION('',(-0.9325441304877737,0,0.3610560132345148));
#756=FACE_SURFACE('',(#761),#757,.T.);
#757=PLANE('',#758);
#758=AXIS2_PLACEMENT_3D('',#64,#759,#760);
#759=DIRECTION('',(0,-1,0));
#760=DIRECTION('',(0.9325441304877737,0,-0.3610560132345148));
#761=FACE_BOUND('',#762,.T.);
#762=EDGE_LOOP('',(#763,#764,#765));
#763=ORIENTED_EDGE('',*,*,#766,.T.);
#764=ORIENTED_EDGE('',*,*,#767,.T.);
#765=ORIENTED_EDGE('',*,*,#768,.T.);
#766=EDGE_CURVE('',#65,#51,#769,.F.);
#767=EDGE_CURVE('',#51,#49,#770,.T.);
#768=EDGE_CURVE('',#49,#65,#771,.T.);
#769=LINE('',#64,#772);
#770=LINE('',#50,#773);
#771=LINE('',#48,#774);
#772=VECTOR('',#775,1.0);
#773=VECTOR('',#776,1.0);
#774=VECTOR('',#777,1.0);
#775=DIRECTION('',(0.9325441304877737,0,-0.3610560132345148));
#776=DIRECTION('',(0,0,1));
#777=DIRECTION('',(-1,0,0));
#778=FACE_SURFACE('',(#783),#779,.T.);
#779=PLANE('',#780);
#780=AXIS2_PLACEMENT_3D('',#62,#781,#782);
#781=DIRECTION('',(-0,1,0));
#782=DIRECTION('',(1,0,0));
#783=FACE_BOUND('',#784,.T.);
#784=EDGE_LOOP('',(#785,#786,#787));
#785=ORIENTED_EDGE('',*,*,#788,.T.);
#786=ORIENTED_EDGE('',*,*,#789,.T.);
#787=ORIENTED_EDGE('',*,*,#790,.T.);
#788=EDGE_CURVE('',#63,#67,#791,.F.);
#789=EDGE_CURVE('',#67,#45,#792,.T.);
#790=EDGE_CURVE('',#45,#63,#793,.T.);
#791=LINE('',#62,#794);
#792=LINE('',#66,#795);
#793=LINE('',#44,#796);
#794=VECTOR('',#797,1.0);
#795=VECTOR('',#798,1.0);
#796=VECTOR('',#799,1.0);
#797=DIRECTION('',(1,0,0));
#798=DIRECTION('',(0.9999999999981916,0,-1.9018638265465796E-06));
#799=DIRECTION('',(-0.9999999999993238,0,1.1628880557434155E-06));
#800=FACE_SURFACE('',(#805),#801,.T.);
#801=PLANE('',#802);
#802=AXIS2_PLACEMENT_3D('',#44,#803,#804);
#803=DIRECTION('',(0,1,0));
#804=DIRECTION('',(0,0,-1));
#805=FACE_BOUND('',#806,.T.);
#806=EDGE_LOOP('',(#807,#808,#809));
#807=ORIENTED_EDGE('',*,*,#810,.T.);
#808=ORIENTED_EDGE('',*,*,#811,.T.);
#809=ORIENTED_EDGE('',*,*,#812,.T.);
#810=EDGE_CURVE('',#45,#43,#813,.F.);
#811=EDGE_CURVE('',#43,#61,#814,.T.);
#812=EDGE_CURVE('',#61,#45,#815,.T.);
#813=LINE('',#44,#816);
#814=LINE('',#42,#817);
#815=LINE('',#60,#818);
#816=VECTOR('',#819,1.0);
#817=VECTOR('',#820,1.0);
#818=VECTOR('',#821,1.0);
#819=DIRECTION('',(0,0,-1));
#820=DIRECTION('',(-1,0,0));
#821=DIRECTION('',(0.9325444956206017,0,0.3610550701592728));
#822=FACE_SURFACE('',(#827),#823,.T.);
#823=PLANE('',#824);
#824=AXIS2_PLACEMENT_3D('',#44,#825,#826);
#825=DIRECTION('',(0,1,0));
#826=DIRECTION('',(-0.9325444956206017,0,-0.3610550701592728));
#827=FACE_BOUND('',#828,.T.);
#828=EDGE_LOOP('',(#829,#830,#831));
#829=ORIENTED_EDGE('',*,*,#832,.T.);
#830=ORIENTED_EDGE('',*,*,#833,.T.);
#831=ORIENTED_EDGE('',*,*,#834,.T.);
#832=EDGE_CURVE('',#45,#61,#835,.F.);
#833=EDGE_CURVE('',#61,#63,#836,.T.);
#834=EDGE_CURVE('',#63,#45,#837,.T.);
#835=LINE('',#44,#838);
#836=LINE('',#60,#839);
#837=LINE('',#62,#840);
#838=VECTOR('',#841,1.0);
#839=VECTOR('',#842,1.0);
#840=VECTOR('',#843,1.0);
#841=DIRECTION('',(-0.9325444956206017,0,-0.3610550701592728));
#842=DIRECTION('',(0,0,1));
#843=DIRECTION('',(0.9999999999993238,0,-1.1628880557434155E-06));
#844=FACE_SURFACE('',(#849),#845,.T.);
#845=PLANE('',#846);
#846=AXIS2_PLACEMENT_3D('',#68,#847,#848);
#847=DIRECTION('',(-0.5804826371313011,-0.814272625101133,0));
#848=DIRECTION('',(0,0,1));
#849=FACE_BOUND('',#850,.T.);
#850=EDGE_LOOP('',(#851,#852,#853));
#851=ORIENTED_EDGE('',*,*,#854,.T.);
#852=ORIENTED_EDGE('',*,*,#855,.T.);
#853=ORIENTED_EDGE('',*,*,#856,.T.);
#854=EDGE_CURVE('',#69,#71,#857,.F.);
#855=EDGE_CURVE('',#71,#73,#858,.T.);
#856=EDGE_CURVE('',#73,#69,#859,.T.);
#857=LINE('',#68,#860);
#858=LINE('',#70,#861);
#859=LINE('',#72,#862);
#860=VECTOR('',#863,1.0);
#861=VECTOR('',#864,1.0);
#862=VECTOR('',#865,1.0);
#863=DIRECTION('',(0,0,1));
#864=DIRECTION('',(-0.8142726251011329,0.5804826371313011,0));
#865=DIRECTION('',(0.21661791858381482,-0.1544236374320075,-0.9639657761303995));
#866=FACE_SURFACE('',(#871),#867,.T.);
#867=PLANE('',#868);
#868=AXIS2_PLACEMENT_3D('',#68,#869,#870);
#869=DIRECTION('',(-0.5804826371313011,-0.814272625101133,0));
#870=DIRECTION('',(-0.21661791858381482,0.1544236374320075,0.9639657761303995));
#871=FACE_BOUND('',#872,.T.);
#872=EDGE_LOOP('',(#873,#874,#875));
#873=ORIENTED_EDGE('',*,*,#876,.T.);
#874=ORIENTED_EDGE('',*,*,#877,.T.);
#875=ORIENTED_EDGE('',*,*,#878,.T.);
#876=EDGE_CURVE('',#69,#73,#879,.F.);
#877=EDGE_CURVE('',#73,#75,#880,.T.);
#878=EDGE_CURVE('',#75,#69,#881,.T.);
#879=LINE('',#68,#882);
#880=LINE('',#72,#883);
#881=LINE('',#74,#884);
#882=VECTOR('',#885,1.0);
#883=VECTOR('',#886,1.0);
#884=VECTOR('',#887,1.0);
#885=DIRECTION('',(-0.21661791858381482,0.1544236374320075,0.9639657761303995));
#886=DIRECTION('',(0,0,-1));
#887=DIRECTION('',(0.8142726251011329,-0.5804826371313011,0));
#888=FACE_SURFACE('',(#893),#889,.T.);
#889=PLANE('',#890);
#890=AXIS2_PLACEMENT_3D('',#68,#891,#892);
#891=DIRECTION('',(0,-1,0));
#892=DIRECTION('',(1,0,0));
#893=FACE_BOUND('',#894,.T.);
#894=EDGE_LOOP('',(#895,#896,#897));
#895=ORIENTED_EDGE('',*,*,#898,.T.);
#896=ORIENTED_EDGE('',*,*,#899,.T.);
#897=ORIENTED_EDGE('',*,*,#900,.T.);
#898=EDGE_CURVE('',#69,#77,#901,.F.);
#899=EDGE_CURVE('',#77,#79,#902,.T.);
#900=EDGE_CURVE('',#79,#69,#903,.T.);
#901=LINE('',#68,#904);
#902=LINE('',#76,#905);
#903=LINE('',#78,#906);
#904=VECTOR('',#907,1.0);
#905=VECTOR('',#908,1.0);
#906=VECTOR('',#909,1.0);
#907=DIRECTION('',(1,0,0));
#908=DIRECTION('',(0,0,1));
#909=DIRECTION('',(-0.9961130199097954,0,-0.08808434347934763));
#910=FACE_SURFACE('',(#915),#911,.T.);
#911=PLANE('',#912);
#912=AXIS2_PLACEMENT_3D('',#68,#913,#914);
#913=DIRECTION('',(0,-1,0));
#914=DIRECTION('',(0.9961130199097954,0,0.08808434347934763));
#915=FACE_BOUND('',#916,.T.);
#916=EDGE_LOOP('',(#917,#918,#919));
#917=ORIENTED_EDGE('',*,*,#920,.T.);
#918=ORIENTED_EDGE('',*,*,#921,.T.);
#919=ORIENTED_EDGE('',*,*,#922,.T.);
#920=EDGE_CURVE('',#69,#79,#923,.F.);
#921=EDGE_CURVE('',#79,#71,#924,.T.);
#922=EDGE_CURVE('',#71,#69,#925,.T.);
#923=LINE('',#68,#926);
#924=LINE('',#78,#927);
#925=LINE('',#70,#928);
#926=VECTOR('',#929,1.0);
#927=VECTOR('',#930,1.0);
#928=VECTOR('',#931,1.0);
#929=DIRECTION('',(0.9961130199097954,0,0.08808434347934763));
#930=DIRECTION('',(-1,0,0));
#931=DIRECTION('',(0,0,-1));
#932=FACE_SURFACE('',(#937),#933,.T.);
#933=PLANE('',#934);
#934=AXIS2_PLACEMENT_3D('',#80,#935,#936);
#935=DIRECTION('',(-0.5804826371313012,0.814272625101133,0));
#936=DIRECTION('',(0,0,1));
#937=FACE_BOUND('',#938,.T.);
#938=EDGE_LOOP('',(#939,#940,#941));
#939=ORIENTED_EDGE('',*,*,#942,.T.);
#940=ORIENTED_EDGE('',*,*,#943,.T.);
#941=ORIENTED_EDGE('',*,*,#944,.T.);
#942=EDGE_CURVE('',#81,#83,#945,.F.);
#943=EDGE_CURVE('',#83,#85,#946,.T.);
#944=EDGE_CURVE('',#85,#81,#947,.T.);
#945=LINE('',#80,#948);
#946=LINE('',#82,#949);
#947=LINE('',#84,#950);
#948=VECTOR('',#951,1.0);
#949=VECTOR('',#952,1.0);
#950=VECTOR('',#953,1.0);
#951=DIRECTION('',(0,0,1));
#952=DIRECTION('',(0.8142726251011329,0.5804826371313011,0));
#953=DIRECTION('',(-0.21661789496589545,-0.15442362059515002,-0.9639657841349087));
#954=FACE_SURFACE('',(#959),#955,.T.);
#955=PLANE('',#956);
#956=AXIS2_PLACEMENT_3D('',#80,#957,#958);
#957=DIRECTION('',(-0.5804826371313012,0.814272625101133,0));
#958=DIRECTION('',(0.21661789496589545,0.15442362059515002,0.9639657841349087));
#959=FACE_BOUND('',#960,.T.);
#960=EDGE_LOOP('',(#961,#962,#963));
#961=ORIENTED_EDGE('',*,*,#964,.T.);
#962=ORIENTED_EDGE('',*,*,#965,.T.);
#963=ORIENTED_EDGE('',*,*,#966,.T.);
#964=EDGE_CURVE('',#81,#85,#967,.F.);
#965=EDGE_CURVE('',#85,#87,#968,.T.);
#966=EDGE_CURVE('',#87,#81,#969,.T.);
#967=LINE('',#80,#970);
#968=LINE('',#84,#971);
#969=LINE('',#86,#972);
#970=VECTOR('',#973,1.0);
#971=VECTOR('',#974,1.0);
#972=VECTOR('',#975,1.0);
#973=DIRECTION('',(0.21661789496589545,0.15442362059515002,0.9639657841349087));
#974=DIRECTION('',(0,0,-1));
#975=DIRECTION('',(-0.8142726251011329,-0.5804826371313011,0));
#976=FACE_SURFACE('',(#981),#977,.T.);
#977=PLANE('',#978);
#978=AXIS2_PLACEMENT_3D('',#74,#979,#980);
#979=DIRECTION('',(-1,0,0));
#980=DIRECTION('',(0,0,1));
#981=FACE_BOUND('',#982,.T.);
#982=EDGE_LOOP('',(#983,#984,#985));
#983=ORIENTED_EDGE('',*,*,#986,.T.);
#984=ORIENTED_EDGE('',*,*,#987,.T.);
#985=ORIENTED_EDGE('',*,*,#988,.T.);
#986=EDGE_CURVE('',#75,#73,#989,.F.);
#987=EDGE_CURVE('',#73,#83,#990,.T.);
#988=EDGE_CURVE('',#83,#75,#991,.T.);
#989=LINE('',#74,#992);
#990=LINE('',#72,#993);
#991=LINE('',#82,#994);
#992=VECTOR('',#995,1.0);
#993=VECTOR('',#996,1.0);
#994=VECTOR('',#997,1.0);
#995=DIRECTION('',(0,0,1));
#996=DIRECTION('',(0,1,1.3669162418792189E-08));
#997=DIRECTION('',(0,-0.9932824264435886,-0.11571525966067421));
#998=FACE_SURFACE('',(#1003),#999,.T.);
#999=PLANE('',#1000);
#1000=AXIS2_PLACEMENT_3D('',#74,#1001,#1002);
#1001=DIRECTION('',(-1,0,0));
#1002=DIRECTION('',(0,0.9932824264435886,0.11571525966067421));
#1003=FACE_BOUND('',#1004,.T.);
#1004=EDGE_LOOP('',(#1005,#1006,#1007));
#1005=ORIENTED_EDGE('',*,*,#1008,.T.);
#1006=ORIENTED_EDGE('',*,*,#1009,.T.);
#1007=ORIENTED_EDGE('',*,*,#1010,.T.);
#1008=EDGE_CURVE('',#75,#83,#1011,.F.);
#1009=EDGE_CURVE('',#83,#81,#1012,.T.);
#1010=EDGE_CURVE('',#81,#75,#1013,.T.);
#1011=LINE('',#74,#1014);
#1012=LINE('',#82,#1015);
#1013=LINE('',#80,#1016);
#1014=VECTOR('',#1017,1.0);
#1015=VECTOR('',#1018,1.0);
#1016=VECTOR('',#1019,1.0);
#1017=DIRECTION('',(0,0.9932824264435886,0.11571525966067421));
#1018=DIRECTION('',(0,0,-1));
#1019=DIRECTION('',(0,-1,0));
#1020=FACE_SURFACE('',(#1025),#1021,.T.);
#1021=PLANE('',#1022);
#1022=AXIS2_PLACEMENT_3D('',#88,#1023,#1024);
#1023=DIRECTION('',(-0.497782342487716,-0.4871229854478402,-0.7175820068506634));
#1024=DIRECTION('',(0.6994130003400486,-0.7147177449562389,0));
#1025=FACE_BOUND('',#1026,.T.);
#1026=EDGE_LOOP('',(#1027,#1028,#1029));
#1027=ORIENTED_EDGE('',*,*,#1030,.T.);
#1028=ORIENTED_EDGE('',*,*,#1031,.T.);
#1029=ORIENTED_EDGE('',*,*,#1032,.T.);
#1030=EDGE_CURVE('',#89,#91,#1033,.F.);
#1031=EDGE_CURVE('',#91,#93,#1034,.T.);
#1032=EDGE_CURVE('',#93,#89,#1035,.T.);
#1033=LINE('',#88,#1036);
#1034=LINE('',#90,#1037);
#1035=LINE('',#92,#1038);
#1036=VECTOR('',#1039,1.0);
#1037=VECTOR('',#1040,1.0);
#1038=VECTOR('',#1041,1.0);
#1039=DIRECTION('',(0.6994130003400486,-0.7147177449562389,0));
#1040=DIRECTION('',(-0.2806512102543331,-0.6923876526574345,0.6647061280222305));
#1041=DIRECTION('',(-0.2772358222656236,0.8733332714724854,-0.4005362602709891));
#1042=FACE_SURFACE('',(#1047),#1043,.T.);
#1043=PLANE('',#1044);
#1044=AXIS2_PLACEMENT_3D('',#88,#1045,#1046);
#1045=DIRECTION('',(-0.34164112243107564,-0.4792374410701367,-0.8084632450152462));
#1046=DIRECTION('',(0.2772358222656236,-0.8733332714724854,0.4005362602709891));
#1047=FACE_BOUND('',#1048,.T.);
#1048=EDGE_LOOP('',(#1049,#1050,#1051));
#1049=ORIENTED_EDGE('',*,*,#1052,.T.);
#1050=ORIENTED_EDGE('',*,*,#1053,.T.);
#1051=ORIENTED_EDGE('',*,*,#1054,.T.);
#1052=EDGE_CURVE('',#89,#93,#1055,.F.);
#1053=EDGE_CURVE('',#93,#95,#1056,.T.);
#1054=EDGE_CURVE('',#95,#89,#1057,.T.);
#1055=LINE('',#88,#1058);
#1056=LINE('',#92,#1059);
#1057=LINE('',#94,#1060);
#1058=VECTOR('',#1061,1.0);
#1059=VECTOR('',#1062,1.0);
#1060=VECTOR('',#1063,1.0);
#1061=DIRECTION('',(0.2772358222656236,-0.8733332714724854,0.4005362602709891));
#1062=DIRECTION('',(-0.8142726251011329,0.5804826371313011,0));
#1063=DIRECTION('',(0.8505134268903283,0.20835985384405056,-0.4829214035278995));
#1064=FACE_SURFACE('',(#1069),#1065,.T.);
#1065=PLANE('',#1066);
#1066=AXIS2_PLACEMENT_3D('',#96,#1067,#1068);
#1067=DIRECTION('',(-0.3856195134736565,0.3773585062623495,-0.8419608949231483));
#1068=DIRECTION('',(-0.6994097147570827,-0.714720960167964,0));
#1069=FACE_BOUND('',#1070,.T.);
#1070=EDGE_LOOP('',(#1071,#1072,#1073));
#1071=ORIENTED_EDGE('',*,*,#1074,.T.);
#1072=ORIENTED_EDGE('',*,*,#1075,.T.);
#1073=ORIENTED_EDGE('',*,*,#1076,.T.);
#1074=EDGE_CURVE('',#97,#99,#1077,.F.);
#1075=EDGE_CURVE('',#99,#101,#1078,.T.);
#1076=EDGE_CURVE('',#101,#97,#1079,.T.);
#1077=LINE('',#96,#1080);
#1078=LINE('',#98,#1081);
#1079=LINE('',#100,#1082);
#1080=VECTOR('',#1083,1.0);
#1081=VECTOR('',#1084,1.0);
#1082=VECTOR('',#1085,1.0);
#1083=DIRECTION('',(-0.6994097147570827,-0.714720960167964,0));
#1084=DIRECTION('',(-0.8505134268903283,0.20835985384405056,0.4829214035278995));
#1085=DIRECTION('',(0.9200137992720999,0.22629842339862674,-0.3199431710729453));
#1086=FACE_SURFACE('',(#1091),#1087,.T.);
#1087=PLANE('',#1088);
#1088=AXIS2_PLACEMENT_3D('',#96,#1089,#1090);
#1089=DIRECTION('',(-0.391785962910725,0.5495781683904715,-0.7378804754800675));
#1090=DIRECTION('',(-0.9200137992720999,-0.22629842339862674,0.3199431710729453));
#1091=FACE_BOUND('',#1092,.T.);
#1092=EDGE_LOOP('',(#1093,#1094,#1095));
#1093=ORIENTED_EDGE('',*,*,#1096,.T.);
#1094=ORIENTED_EDGE('',*,*,#1097,.T.);
#1095=ORIENTED_EDGE('',*,*,#1098,.T.);
#1096=EDGE_CURVE('',#97,#101,#1099,.F.);
#1097=EDGE_CURVE('',#101,#103,#1100,.T.);
#1098=EDGE_CURVE('',#103,#97,#1101,.T.);
#1099=LINE('',#96,#1102);
#1100=LINE('',#100,#1103);
#1101=LINE('',#102,#1104);
#1102=VECTOR('',#1105,1.0);
#1103=VECTOR('',#1106,1.0);
#1104=VECTOR('',#1107,1.0);
#1105=DIRECTION('',(-0.9200137992720999,-0.22629842339862674,0.3199431710729453));
#1106=DIRECTION('',(0.8142726251011329,0.5804826371313011,0));
#1107=DIRECTION('',(0.280644934855534,-0.6923889763340971,-0.6647073987785558));
#1108=FACE_SURFACE('',(#1113),#1109,.T.);
#1109=PLANE('',#1110);
#1110=AXIS2_PLACEMENT_3D('',#94,#1111,#1112);
#1111=DIRECTION('',(-0.4937582953388565,0,-0.8695991868579838));
#1112=DIRECTION('',(0,1,0));
#1113=FACE_BOUND('',#1114,.T.);
#1114=EDGE_LOOP('',(#1115,#1116,#1117));
#1115=ORIENTED_EDGE('',*,*,#1118,.T.);
#1116=ORIENTED_EDGE('',*,*,#1119,.T.);
#1117=ORIENTED_EDGE('',*,*,#1120,.T.);
#1118=EDGE_CURVE('',#95,#101,#1121,.F.);
#1119=EDGE_CURVE('',#101,#99,#1122,.T.);
#1120=EDGE_CURVE('',#99,#95,#1123,.T.);
#1121=LINE('',#94,#1124);
#1122=LINE('',#100,#1125);
#1123=LINE('',#98,#1126);
#1124=VECTOR('',#1127,1.0);
#1125=VECTOR('',#1128,1.0);
#1126=VECTOR('',#1129,1.0);
#1127=DIRECTION('',(0,1,0));
#1128=DIRECTION('',(0.8505134268903283,-0.20835985384405056,-0.4829214035278995));
#1129=DIRECTION('',(-0.018875494538862073,-0.9997643976620527,0.010717503130219108));
#1130=FACE_SURFACE('',(#1135),#1131,.T.);
#1131=PLANE('',#1132);
#1132=AXIS2_PLACEMENT_3D('',#94,#1133,#1134);
#1133=DIRECTION('',(-0.49375829533885646,0,-0.8695991868579838));
#1134=DIRECTION('',(0.018875494538862073,0.9997643976620527,-0.010717503130219108));
#1135=FACE_BOUND('',#1136,.T.);
#1136=EDGE_LOOP('',(#1137,#1138,#1139));
#1137=ORIENTED_EDGE('',*,*,#1140,.T.);
#1138=ORIENTED_EDGE('',*,*,#1141,.T.);
#1139=ORIENTED_EDGE('',*,*,#1142,.T.);
#1140=EDGE_CURVE('',#95,#99,#1143,.F.);
#1141=EDGE_CURVE('',#99,#89,#1144,.T.);
#1142=EDGE_CURVE('',#89,#95,#1145,.T.);
#1143=LINE('',#94,#1146);
#1144=LINE('',#98,#1147);
#1145=LINE('',#88,#1148);
#1146=VECTOR('',#1149,1.0);
#1147=VECTOR('',#1150,1.0);
#1148=VECTOR('',#1151,1.0);
#1149=DIRECTION('',(0.018875494538862073,0.9997643976620527,-0.010717503130219108));
#1150=DIRECTION('',(0,-1,0));
#1151=DIRECTION('',(-0.8505134268903283,-0.20835985384405056,0.4829214035278995));
#1152=FACE_SURFACE('',(#1157),#1153,.T.);
#1153=PLANE('',#1154);
#1154=AXIS2_PLACEMENT_3D('',#92,#1155,#1156);
#1155=DIRECTION('',(0,-1,0));
#1156=DIRECTION('',(1,0,0));
#1157=FACE_BOUND('',#1158,.T.);
#1158=EDGE_LOOP('',(#1159,#1160,#1161));
#1159=ORIENTED_EDGE('',*,*,#1162,.T.);
#1160=ORIENTED_EDGE('',*,*,#1163,.T.);
#1161=ORIENTED_EDGE('',*,*,#1164,.T.);
#1162=EDGE_CURVE('',#93,#105,#1165,.F.);
#1163=EDGE_CURVE('',#105,#77,#1166,.T.);
#1164=EDGE_CURVE('',#77,#93,#1167,.T.);
#1165=LINE('',#92,#1168);
#1166=LINE('',#104,#1169);
#1167=LINE('',#76,#1170);
#1168=VECTOR('',#1171,1.0);
#1169=VECTOR('',#1172,1.0);
#1170=VECTOR('',#1173,1.0);
#1171=DIRECTION('',(1,0,0));
#1172=DIRECTION('',(0,0,1));
#1173=DIRECTION('',(-0.999966218884455,0,-0.008219555336276706));
#1174=FACE_SURFACE('',(#1179),#1175,.T.);
#1175=PLANE('',#1176);
#1176=AXIS2_PLACEMENT_3D('',#92,#1177,#1178);
#1177=DIRECTION('',(0,-1,0));
#1178=DIRECTION('',(0.999966218884455,0,0.008219555336276706));
#1179=FACE_BOUND('',#1180,.T.);
#1180=EDGE_LOOP('',(#1181,#1182,#1183));
#1181=ORIENTED_EDGE('',*,*,#1184,.T.);
#1182=ORIENTED_EDGE('',*,*,#1185,.T.);
#1183=ORIENTED_EDGE('',*,*,#1186,.T.);
#1184=EDGE_CURVE('',#93,#77,#1187,.F.);
#1185=EDGE_CURVE('',#77,#69,#1188,.T.);
#1186=EDGE_CURVE('',#69,#93,#1189,.T.);
#1187=LINE('',#92,#1190);
#1188=LINE('',#76,#1191);
#1189=LINE('',#68,#1192);
#1190=VECTOR('',#1193,1.0);
#1191=VECTOR('',#1194,1.0);
#1192=VECTOR('',#1195,1.0);
#1193=DIRECTION('',(0.999966218884455,0,0.008219555336276706));
#1194=DIRECTION('',(-1,0,0));
#1195=DIRECTION('',(0,0,-1));
#1196=FACE_SURFACE('',(#1201),#1197,.T.);
#1197=PLANE('',#1198);
#1198=AXIS2_PLACEMENT_3D('',#92,#1199,#1200);
#1199=DIRECTION('',(-0.5804826371313011,-0.8142726251011329,0));
#1200=DIRECTION('',(0,0,1));
#1201=FACE_BOUND('',#1202,.T.);
#1202=EDGE_LOOP('',(#1203,#1204,#1205));
#1203=ORIENTED_EDGE('',*,*,#1206,.T.);
#1204=ORIENTED_EDGE('',*,*,#1207,.T.);
#1205=ORIENTED_EDGE('',*,*,#1208,.T.);
#1206=EDGE_CURVE('',#93,#69,#1209,.F.);
#1207=EDGE_CURVE('',#69,#75,#1210,.T.);
#1208=EDGE_CURVE('',#75,#93,#1211,.T.);
#1209=LINE('',#92,#1212);
#1210=LINE('',#68,#1213);
#1211=LINE('',#74,#1214);
#1212=VECTOR('',#1215,1.0);
#1213=VECTOR('',#1216,1.0);
#1214=VECTOR('',#1217,1.0);
#1215=DIRECTION('',(0,0,1));
#1216=DIRECTION('',(-0.8142726251011329,0.5804826371313011,0));
#1217=DIRECTION('',(0.7716736823889341,-0.5501144952555858,-0.3192080356413272));
#1218=FACE_SURFACE('',(#1223),#1219,.T.);
#1219=PLANE('',#1220);
#1220=AXIS2_PLACEMENT_3D('',#92,#1221,#1222);
#1221=DIRECTION('',(-0.5804826371313011,-0.8142726251011329,0));
#1222=DIRECTION('',(-0.7716736823889341,0.5501144952555858,0.3192080356413272));
#1223=FACE_BOUND('',#1224,.T.);
#1224=EDGE_LOOP('',(#1225,#1226,#1227));
#1225=ORIENTED_EDGE('',*,*,#1228,.T.);
#1226=ORIENTED_EDGE('',*,*,#1229,.T.);
#1227=ORIENTED_EDGE('',*,*,#1230,.T.);
#1228=EDGE_CURVE('',#93,#75,#1231,.F.);
#1229=EDGE_CURVE('',#75,#95,#1232,.T.);
#1230=EDGE_CURVE('',#95,#93,#1233,.T.);
#1231=LINE('',#92,#1234);
#1232=LINE('',#74,#1235);
#1233=LINE('',#94,#1236);
#1234=VECTOR('',#1237,1.0);
#1235=VECTOR('',#1238,1.0);
#1236=VECTOR('',#1239,1.0);
#1237=DIRECTION('',(-0.7716736823889341,0.5501144952555858,0.3192080356413272));
#1238=DIRECTION('',(0,0,-1));
#1239=DIRECTION('',(0.8142726251011329,-0.5804826371313011,0));
#1240=FACE_SURFACE('',(#1245),#1241,.T.);
#1241=PLANE('',#1242);
#1242=AXIS2_PLACEMENT_3D('',#100,#1243,#1244);
#1243=DIRECTION('',(-1,0,0));
#1244=DIRECTION('',(0,-1,0));
#1245=FACE_BOUND('',#1246,.T.);
#1246=EDGE_LOOP('',(#1247,#1248,#1249));
#1247=ORIENTED_EDGE('',*,*,#1250,.T.);
#1248=ORIENTED_EDGE('',*,*,#1251,.T.);
#1249=ORIENTED_EDGE('',*,*,#1252,.T.);
#1250=EDGE_CURVE('',#101,#95,#1253,.F.);
#1251=EDGE_CURVE('',#95,#75,#1254,.T.);
#1252=EDGE_CURVE('',#75,#101,#1255,.T.);
#1253=LINE('',#100,#1256);
#1254=LINE('',#94,#1257);
#1255=LINE('',#74,#1258);
#1256=VECTOR('',#1259,1.0);
#1257=VECTOR('',#1260,1.0);
#1258=VECTOR('',#1261,1.0);
#1259=DIRECTION('',(0,-1,0));
#1260=DIRECTION('',(0,0,1));
#1261=DIRECTION('',(0,0.9999413708967035,-0.010828424133788272));
#1262=FACE_SURFACE('',(#1267),#1263,.T.);
#1263=PLANE('',#1264);
#1264=AXIS2_PLACEMENT_3D('',#100,#1265,#1266);
#1265=DIRECTION('',(-1,0,0));
#1266=DIRECTION('',(0,-0.9999413708967035,0.010828424133788272));
#1267=FACE_BOUND('',#1268,.T.);
#1268=EDGE_LOOP('',(#1269,#1270,#1271));
#1269=ORIENTED_EDGE('',*,*,#1272,.T.);
#1270=ORIENTED_EDGE('',*,*,#1273,.T.);
#1271=ORIENTED_EDGE('',*,*,#1274,.T.);
#1272=EDGE_CURVE('',#101,#75,#1275,.F.);
#1273=EDGE_CURVE('',#75,#81,#1276,.T.);
#1274=EDGE_CURVE('',#81,#101,#1277,.T.);
#1275=LINE('',#100,#1278);
#1276=LINE('',#74,#1279);
#1277=LINE('',#80,#1280);
#1278=VECTOR('',#1281,1.0);
#1279=VECTOR('',#1282,1.0);
#1280=VECTOR('',#1283,1.0);
#1281=DIRECTION('',(0,-0.9999413708967035,0.010828424133788272));
#1282=DIRECTION('',(0,1,0));
#1283=DIRECTION('',(0,0,-1));
#1284=FACE_SURFACE('',(#1289),#1285,.T.);
#1285=PLANE('',#1286);
#1286=AXIS2_PLACEMENT_3D('',#100,#1287,#1288);
#1287=DIRECTION('',(-0.5804826371313011,0.8142726251011329,0));
#1288=DIRECTION('',(0,0,1));
#1289=FACE_BOUND('',#1290,.T.);
#1290=EDGE_LOOP('',(#1291,#1292,#1293));
#1291=ORIENTED_EDGE('',*,*,#1294,.T.);
#1292=ORIENTED_EDGE('',*,*,#1295,.T.);
#1293=ORIENTED_EDGE('',*,*,#1296,.T.);
#1294=EDGE_CURVE('',#101,#81,#1297,.F.);
#1295=EDGE_CURVE('',#81,#87,#1298,.T.);
#1296=EDGE_CURVE('',#87,#101,#1299,.T.);
#1297=LINE('',#100,#1300);
#1298=LINE('',#80,#1301);
#1299=LINE('',#86,#1302);
#1300=VECTOR('',#1303,1.0);
#1301=VECTOR('',#1304,1.0);
#1302=VECTOR('',#1305,1.0);
#1303=DIRECTION('',(0,0,1));
#1304=DIRECTION('',(0.8142726251011329,0.5804826371313011,0));
#1305=DIRECTION('',(-0.7716736823889341,-0.5501144952555858,-0.3192080356413272));
#1306=FACE_SURFACE('',(#1311),#1307,.T.);
#1307=PLANE('',#1308);
#1308=AXIS2_PLACEMENT_3D('',#100,#1309,#1310);
#1309=DIRECTION('',(-0.5804826371313011,0.8142726251011329,0));
#1310=DIRECTION('',(0.7716736823889341,0.5501144952555858,0.3192080356413272));
#1311=FACE_BOUND('',#1312,.T.);
#1312=EDGE_LOOP('',(#1313,#1314,#1315));
#1313=ORIENTED_EDGE('',*,*,#1316,.T.);
#1314=ORIENTED_EDGE('',*,*,#1317,.T.);
#1315=ORIENTED_EDGE('',*,*,#1318,.T.);
#1316=EDGE_CURVE('',#101,#87,#1319,.F.);
#1317=EDGE_CURVE('',#87,#103,#1320,.T.);
#1318=EDGE_CURVE('',#103,#101,#1321,.T.);
#1319=LINE('',#100,#1322);
#1320=LINE('',#86,#1323);
#1321=LINE('',#102,#1324);
#1322=VECTOR('',#1325,1.0);
#1323=VECTOR('',#1326,1.0);
#1324=VECTOR('',#1327,1.0);
#1325=DIRECTION('',(0.7716736823889341,0.5501144952555858,0.3192080356413272));
#1326=DIRECTION('',(0,0,-1));
#1327=DIRECTION('',(-0.8142726251011329,-0.5804826371313011,0));
#1328=FACE_SURFACE('',(#1333),#1329,.T.);
#1329=PLANE('',#1330);
#1330=AXIS2_PLACEMENT_3D('',#46,#1331,#1332);
#1331=DIRECTION('',(0,0.015960551785672294,0.9998726222808066));
#1332=DIRECTION('',(-0.7034098440864147,-0.7106939519053214,0.011344512661297133));
#1333=FACE_BOUND('',#1334,.T.);
#1334=EDGE_LOOP('',(#1335,#1336,#1337));
#1335=ORIENTED_EDGE('',*,*,#1338,.T.);
#1336=ORIENTED_EDGE('',*,*,#1339,.T.);
#1337=ORIENTED_EDGE('',*,*,#1340,.T.);
#1338=EDGE_CURVE('',#47,#71,#1341,.F.);
#1339=EDGE_CURVE('',#71,#79,#1342,.T.);
#1340=EDGE_CURVE('',#79,#47,#1343,.T.);
#1341=LINE('',#46,#1344);
#1342=LINE('',#70,#1345);
#1343=LINE('',#78,#1346);
#1344=VECTOR('',#1347,1.0);
#1345=VECTOR('',#1348,1.0);
#1346=VECTOR('',#1349,1.0);
#1347=DIRECTION('',(-0.7034098440864147,-0.7106939519053214,0.011344512661297133));
#1348=DIRECTION('',(1,0,0));
#1349=DIRECTION('',(-0.9998927516936885,0.014643444699102824,-0.00023374723162989189));
#1350=FACE_SURFACE('',(#1355),#1351,.T.);
#1351=PLANE('',#1352);
#1352=AXIS2_PLACEMENT_3D('',#46,#1353,#1354);
#1353=DIRECTION('',(-0,0.015960551785672298,0.9998726222808068));
#1354=DIRECTION('',(0.9998927516936885,-0.014643444699102824,0.00023374723162989189));
#1355=FACE_BOUND('',#1356,.T.);
#1356=EDGE_LOOP('',(#1357,#1358,#1359));
#1357=ORIENTED_EDGE('',*,*,#1360,.T.);
#1358=ORIENTED_EDGE('',*,*,#1361,.T.);
#1359=ORIENTED_EDGE('',*,*,#1362,.T.);
#1360=EDGE_CURVE('',#47,#79,#1363,.F.);
#1361=EDGE_CURVE('',#79,#107,#1364,.T.);
#1362=EDGE_CURVE('',#107,#47,#1365,.T.);
#1363=LINE('',#46,#1366);
#1364=LINE('',#78,#1367);
#1365=LINE('',#106,#1368);
#1366=VECTOR('',#1369,1.0);
#1367=VECTOR('',#1370,1.0);
#1368=VECTOR('',#1371,1.0);
#1369=DIRECTION('',(0.9998927516936885,-0.014643444699102824,0.00023374723162989189));
#1370=DIRECTION('',(-1.1498438856043723E-05,0.9998726222147081,-0.01596055178461719));
#1371=DIRECTION('',(-1,0,0));
#1372=FACE_SURFACE('',(#1377),#1373,.T.);
#1373=PLANE('',#1374);
#1374=AXIS2_PLACEMENT_3D('',#72,#1375,#1376);
#1375=DIRECTION('',(0.006671481330585467,0.009358427399681646,0.999933953405654));
#1376=DIRECTION('',(0.8142726251011329,-0.5804826371313011,0));
#1377=FACE_BOUND('',#1378,.T.);
#1378=EDGE_LOOP('',(#1379,#1380,#1381));
#1379=ORIENTED_EDGE('',*,*,#1382,.T.);
#1380=ORIENTED_EDGE('',*,*,#1383,.T.);
#1381=ORIENTED_EDGE('',*,*,#1384,.T.);
#1382=EDGE_CURVE('',#73,#71,#1385,.F.);
#1383=EDGE_CURVE('',#71,#47,#1386,.T.);
#1384=EDGE_CURVE('',#47,#73,#1387,.T.);
#1385=LINE('',#72,#1388);
#1386=LINE('',#70,#1389);
#1387=LINE('',#46,#1390);
#1388=VECTOR('',#1391,1.0);
#1389=VECTOR('',#1392,1.0);
#1390=VECTOR('',#1393,1.0);
#1391=DIRECTION('',(0.8142726251011329,-0.5804826371313011,0));
#1392=DIRECTION('',(0.7034098440864147,0.7106939519053214,-0.011344512661297133));
#1393=DIRECTION('',(-0.9999460282446118,-0.00790181125473898,0.006745515304293435));
#1394=FACE_SURFACE('',(#1399),#1395,.T.);
#1395=PLANE('',#1396);
#1396=AXIS2_PLACEMENT_3D('',#46,#1397,#1398);
#1397=DIRECTION('',(1.9018638265465796E-06,-0,0.9999999999981916));
#1398=DIRECTION('',(0,1,0));
#1399=FACE_BOUND('',#1400,.T.);
#1400=EDGE_LOOP('',(#1401,#1402,#1403));
#1401=ORIENTED_EDGE('',*,*,#1404,.T.);
#1402=ORIENTED_EDGE('',*,*,#1405,.T.);
#1403=ORIENTED_EDGE('',*,*,#1406,.T.);
#1404=EDGE_CURVE('',#47,#45,#1407,.F.);
#1405=EDGE_CURVE('',#45,#67,#1408,.T.);
#1406=EDGE_CURVE('',#67,#47,#1409,.T.);
#1407=LINE('',#46,#1410);
#1408=LINE('',#44,#1411);
#1409=LINE('',#66,#1412);
#1410=VECTOR('',#1413,1.0);
#1411=VECTOR('',#1414,1.0);
#1412=VECTOR('',#1415,1.0);
#1413=DIRECTION('',(0,1,0));
#1414=DIRECTION('',(-0.9999999999981916,0,1.9018638265465796E-06));
#1415=DIRECTION('',(0.9874652305509533,-0.1578366828383878,-1.8780244019607327E-06));
#1416=FACE_SURFACE('',(#1421),#1417,.T.);
#1417=PLANE('',#1418);
#1418=AXIS2_PLACEMENT_3D('',#62,#1419,#1420);
#1419=DIRECTION('',(0.006369352114763274,-0.007760904962953675,0.9999495985837457));
#1420=DIRECTION('',(-0.1953001349462378,0.9807035418017138,0.008855528643473852));
#1421=FACE_BOUND('',#1422,.T.);
#1422=EDGE_LOOP('',(#1423,#1424,#1425));
#1423=ORIENTED_EDGE('',*,*,#1426,.T.);
#1424=ORIENTED_EDGE('',*,*,#1427,.T.);
#1425=ORIENTED_EDGE('',*,*,#1428,.T.);
#1426=EDGE_CURVE('',#63,#109,#1429,.F.);
#1427=EDGE_CURVE('',#109,#111,#1430,.T.);
#1428=EDGE_CURVE('',#111,#63,#1431,.T.);
#1429=LINE('',#62,#1432);
#1430=LINE('',#108,#1433);
#1431=LINE('',#110,#1434);
#1432=VECTOR('',#1435,1.0);
#1433=VECTOR('',#1436,1.0);
#1434=VECTOR('',#1437,1.0);
#1435=DIRECTION('',(-0.1953001349462378,0.9807035418017138,0.008855528643473852));
#1436=DIRECTION('',(-0.7730035167540737,-0.6344017363515287,0));
#1437=DIRECTION('',(0.22548864996166787,-0.9742042475536258,-0.00899737666978468));
#1438=FACE_SURFACE('',(#1443),#1439,.T.);
#1439=PLANE('',#1440);
#1440=AXIS2_PLACEMENT_3D('',#46,#1441,#1442);
#1441=DIRECTION('',(0,-1.1898529340931089E-05,0.9999999999292125));
#1442=DIRECTION('',(-0.9874652305509533,0.1578366828383878,1.8780244019607327E-06));
#1443=FACE_BOUND('',#1444,.T.);
#1444=EDGE_LOOP('',(#1445,#1446,#1447));
#1445=ORIENTED_EDGE('',*,*,#1448,.T.);
#1446=ORIENTED_EDGE('',*,*,#1449,.T.);
#1447=ORIENTED_EDGE('',*,*,#1450,.T.);
#1448=EDGE_CURVE('',#47,#67,#1451,.F.);
#1449=EDGE_CURVE('',#67,#63,#1452,.T.);
#1450=EDGE_CURVE('',#63,#47,#1453,.T.);
#1451=LINE('',#46,#1454);
#1452=LINE('',#66,#1455);
#1453=LINE('',#62,#1456);
#1454=VECTOR('',#1457,1.0);
#1455=VECTOR('',#1458,1.0);
#1456=VECTOR('',#1459,1.0);
#1457=DIRECTION('',(-0.9874652305509533,0.1578366828383878,1.8780244019607327E-06));
#1458=DIRECTION('',(-1,0,0));
#1459=DIRECTION('',(0.995258000088916,-0.09727031025792025,-1.157373640687262E-06));
#1460=FACE_SURFACE('',(#1465),#1461,.T.);
#1461=PLANE('',#1462);
#1462=AXIS2_PLACEMENT_3D('',#112,#1463,#1464);
#1463=DIRECTION('',(0,0,1));
#1464=DIRECTION('',(-0.9569426566054738,0.29027702625054275,0));
#1465=FACE_BOUND('',#1466,.T.);
#1466=EDGE_LOOP('',(#1467,#1468,#1469));
#1467=ORIENTED_EDGE('',*,*,#1470,.T.);
#1468=ORIENTED_EDGE('',*,*,#1471,.T.);
#1469=ORIENTED_EDGE('',*,*,#1472,.T.);
#1470=EDGE_CURVE('',#113,#115,#1473,.F.);
#1471=EDGE_CURVE('',#115,#73,#1474,.T.);
#1472=EDGE_CURVE('',#73,#113,#1475,.T.);
#1473=LINE('',#112,#1476);
#1474=LINE('',#114,#1477);
#1475=LINE('',#72,#1478);
#1476=VECTOR('',#1479,1.0);
#1477=VECTOR('',#1480,1.0);
#1478=VECTOR('',#1481,1.0);
#1479=DIRECTION('',(-0.9569426566054738,0.29027702625054275,0));
#1480=DIRECTION('',(-0.44340654154057496,-0.8963206116781128,0));
#1481=DIRECTION('',(0.4873293418128875,0.8732182502720713,0));
#1482=FACE_SURFACE('',(#1487),#1483,.T.);
#1483=PLANE('',#1484);
#1484=AXIS2_PLACEMENT_3D('',#116,#1485,#1486);
#1485=DIRECTION('',(0,0,1));
#1486=DIRECTION('',(-0.9951850647424347,0.09801370778414571,0));
#1487=FACE_BOUND('',#1488,.T.);
#1488=EDGE_LOOP('',(#1489,#1490,#1491));
#1489=ORIENTED_EDGE('',*,*,#1492,.T.);
#1490=ORIENTED_EDGE('',*,*,#1493,.T.);
#1491=ORIENTED_EDGE('',*,*,#1494,.T.);
#1492=EDGE_CURVE('',#117,#113,#1495,.F.);
#1493=EDGE_CURVE('',#113,#73,#1496,.T.);
#1494=EDGE_CURVE('',#73,#117,#1497,.T.);
#1495=LINE('',#116,#1498);
#1496=LINE('',#112,#1499);
#1497=LINE('',#72,#1500);
#1498=VECTOR('',#1501,1.0);
#1499=VECTOR('',#1502,1.0);
#1500=VECTOR('',#1503,1.0);
#1501=DIRECTION('',(-0.9951850647424347,0.09801370778414571,0));
#1502=DIRECTION('',(-0.4873293418128875,-0.8732182502720713,0));
#1503=DIRECTION('',(0.5262640804303718,0.8503211849935147,0));
#1504=FACE_SURFACE('',(#1509),#1505,.T.);
#1505=PLANE('',#1506);
#1506=AXIS2_PLACEMENT_3D('',#72,#1507,#1508);
#1507=DIRECTION('',(0.006228528227695561,0.06371767018773603,0.9979485277016864));
#1508=DIRECTION('',(0.9999460282446118,0.00790181125473898,-0.006745515304293435));
#1509=FACE_BOUND('',#1510,.T.);
#1510=EDGE_LOOP('',(#1511,#1512,#1513));
#1511=ORIENTED_EDGE('',*,*,#1514,.T.);
#1512=ORIENTED_EDGE('',*,*,#1515,.T.);
#1513=ORIENTED_EDGE('',*,*,#1516,.T.);
#1514=EDGE_CURVE('',#73,#47,#1517,.F.);
#1515=EDGE_CURVE('',#47,#63,#1518,.T.);
#1516=EDGE_CURVE('',#63,#73,#1519,.T.);
#1517=LINE('',#72,#1520);
#1518=LINE('',#46,#1521);
#1519=LINE('',#62,#1522);
#1520=VECTOR('',#1523,1.0);
#1521=VECTOR('',#1524,1.0);
#1522=VECTOR('',#1525,1.0);
#1523=DIRECTION('',(0.9999460282446118,0.00790181125473898,-0.006745515304293435));
#1524=DIRECTION('',(-0.995258000088916,0.09727031025792025,1.157373640687262E-06));
#1525=DIRECTION('',(-0.9989362686691658,-0.045201144976009744,0.00912072531007836));
#1526=FACE_SURFACE('',(#1531),#1527,.T.);
#1527=PLANE('',#1528);
#1528=AXIS2_PLACEMENT_3D('',#62,#1529,#1530);
#1529=DIRECTION('',(0.004392669550050286,-0.008218491032667013,0.9999565794870146));
#1530=DIRECTION('',(-0.22548864996166787,0.9742042475536258,0.00899737666978468));
#1531=FACE_BOUND('',#1532,.T.);
#1532=EDGE_LOOP('',(#1533,#1534,#1535));
#1533=ORIENTED_EDGE('',*,*,#1536,.T.);
#1534=ORIENTED_EDGE('',*,*,#1537,.T.);
#1535=ORIENTED_EDGE('',*,*,#1538,.T.);
#1536=EDGE_CURVE('',#63,#111,#1539,.F.);
#1537=EDGE_CURVE('',#111,#119,#1540,.T.);
#1538=EDGE_CURVE('',#119,#63,#1541,.T.);
#1539=LINE('',#62,#1542);
#1540=LINE('',#110,#1543);
#1541=LINE('',#118,#1544);
#1542=VECTOR('',#1545,1.0);
#1543=VECTOR('',#1546,1.0);
#1544=VECTOR('',#1547,1.0);
#1545=DIRECTION('',(-0.22548864996166787,0.9742042475536258,0.00899737666978468));
#1546=DIRECTION('',(-0.8819304288650777,-0.47137959082024333,0));
#1547=DIRECTION('',(0.2787279622844415,-0.96032681928159,-0.009117193058569405));
#1548=FACE_SURFACE('',(#1553),#1549,.T.);
#1549=PLANE('',#1550);
#1550=AXIS2_PLACEMENT_3D('',#120,#1551,#1552);
#1551=DIRECTION('',(0,0,1));
#1552=DIRECTION('',(-0.9951856185694766,-0.09800808432210116,0));
#1553=FACE_BOUND('',#1554,.T.);
#1554=EDGE_LOOP('',(#1555,#1556,#1557));
#1555=ORIENTED_EDGE('',*,*,#1558,.T.);
#1556=ORIENTED_EDGE('',*,*,#1559,.T.);
#1557=ORIENTED_EDGE('',*,*,#1560,.T.);
#1558=EDGE_CURVE('',#121,#117,#1561,.F.);
#1559=EDGE_CURVE('',#117,#73,#1562,.T.);
#1560=EDGE_CURVE('',#73,#121,#1563,.T.);
#1561=LINE('',#120,#1564);
#1562=LINE('',#116,#1565);
#1563=LINE('',#72,#1566);
#1564=VECTOR('',#1567,1.0);
#1565=VECTOR('',#1568,1.0);
#1566=VECTOR('',#1569,1.0);
#1567=DIRECTION('',(-0.9951856185694766,-0.09800808432210116,0));
#1568=DIRECTION('',(-0.5262640804303718,-0.8503211849935147,0));
#1569=DIRECTION('',(0.5581792445577358,0.8297203932319343,0));
#1570=FACE_SURFACE('',(#1575),#1571,.T.);
#1571=PLANE('',#1572);
#1572=AXIS2_PLACEMENT_3D('',#62,#1573,#1574);
#1573=DIRECTION('',(0.0026468499171400754,-0.008725220225415968,0.9999584314947968));
#1574=DIRECTION('',(-0.2787279622844415,0.96032681928159,0.009117193058569405));
#1575=FACE_BOUND('',#1576,.T.);
#1576=EDGE_LOOP('',(#1577,#1578,#1579));
#1577=ORIENTED_EDGE('',*,*,#1580,.T.);
#1578=ORIENTED_EDGE('',*,*,#1581,.T.);
#1579=ORIENTED_EDGE('',*,*,#1582,.T.);
#1580=EDGE_CURVE('',#63,#119,#1583,.F.);
#1581=EDGE_CURVE('',#119,#121,#1584,.T.);
#1582=EDGE_CURVE('',#121,#63,#1585,.T.);
#1583=LINE('',#62,#1586);
#1584=LINE('',#118,#1587);
#1585=LINE('',#120,#1588);
#1586=VECTOR('',#1589,1.0);
#1587=VECTOR('',#1590,1.0);
#1588=VECTOR('',#1591,1.0);
#1589=DIRECTION('',(-0.2787279622844415,0.96032681928159,0.009117193058569405));
#1590=DIRECTION('',(-0.9569377979333233,-0.29029304312456716,0));
#1591=DIRECTION('',(0.3329226755085871,-0.9429101358018479,-0.009108673577676965));
#1592=FACE_SURFACE('',(#1597),#1593,.T.);
#1593=PLANE('',#1594);
#1594=AXIS2_PLACEMENT_3D('',#62,#1595,#1596);
#1595=DIRECTION('',(0.009416493580347528,-0.006334774119010838,0.9999355980689518));
#1596=DIRECTION('',(-0.3329226755085871,0.9429101358018479,0.009108673577676965));
#1597=FACE_BOUND('',#1598,.T.);
#1598=EDGE_LOOP('',(#1599,#1600,#1601));
#1599=ORIENTED_EDGE('',*,*,#1602,.T.);
#1600=ORIENTED_EDGE('',*,*,#1603,.T.);
#1601=ORIENTED_EDGE('',*,*,#1604,.T.);
#1602=EDGE_CURVE('',#63,#121,#1605,.F.);
#1603=EDGE_CURVE('',#121,#73,#1606,.T.);
#1604=EDGE_CURVE('',#73,#63,#1607,.T.);
#1605=LINE('',#62,#1608);
#1606=LINE('',#120,#1609);
#1607=LINE('',#72,#1610);
#1608=VECTOR('',#1611,1.0);
#1609=VECTOR('',#1612,1.0);
#1610=VECTOR('',#1613,1.0);
#1611=DIRECTION('',(-0.3329226755085871,0.9429101358018479,0.009108673577676965));
#1612=DIRECTION('',(-0.5581792445577358,-0.8297203932319343,0));
#1613=DIRECTION('',(0.9989362686691658,0.045201144976009744,-0.00912072531007836));
#1614=FACE_SURFACE('',(#1619),#1615,.T.);
#1615=PLANE('',#1616);
#1616=AXIS2_PLACEMENT_3D('',#64,#1617,#1618);
#1617=DIRECTION('',(0,0,1));
#1618=DIRECTION('',(1,0,0));
#1619=FACE_BOUND('',#1620,.T.);
#1620=EDGE_LOOP('',(#1621,#1622,#1623));
#1621=ORIENTED_EDGE('',*,*,#1624,.T.);
#1622=ORIENTED_EDGE('',*,*,#1625,.T.);
#1623=ORIENTED_EDGE('',*,*,#1626,.T.);
#1624=EDGE_CURVE('',#65,#49,#1627,.F.);
#1625=EDGE_CURVE('',#49,#41,#1628,.T.);
#1626=EDGE_CURVE('',#41,#65,#1629,.T.);
#1627=LINE('',#64,#1630);
#1628=LINE('',#48,#1631);
#1629=LINE('',#40,#1632);
#1630=VECTOR('',#1633,1.0);
#1631=VECTOR('',#1634,1.0);
#1632=VECTOR('',#1635,1.0);
#1633=DIRECTION('',(1,0,0));
#1634=DIRECTION('',(0,1,0));
#1635=DIRECTION('',(-0.9994848829987794,-0.03209312476086637,0));
#1636=FACE_SURFACE('',(#1641),#1637,.T.);
#1637=PLANE('',#1638);
#1638=AXIS2_PLACEMENT_3D('',#40,#1639,#1640);
#1639=DIRECTION('',(0.006671481330585467,-0.009358427399681646,0.999933953405654));
#1640=DIRECTION('',(-0.7034098440864147,0.7106939519053214,0.011344512661297133));
#1641=FACE_BOUND('',#1642,.T.);
#1642=EDGE_LOOP('',(#1643,#1644,#1645));
#1643=ORIENTED_EDGE('',*,*,#1646,.T.);
#1644=ORIENTED_EDGE('',*,*,#1647,.T.);
#1645=ORIENTED_EDGE('',*,*,#1648,.T.);
#1646=EDGE_CURVE('',#41,#85,#1649,.F.);
#1647=EDGE_CURVE('',#85,#83,#1650,.T.);
#1648=EDGE_CURVE('',#83,#41,#1651,.T.);
#1649=LINE('',#40,#1652);
#1650=LINE('',#84,#1653);
#1651=LINE('',#82,#1654);
#1652=VECTOR('',#1655,1.0);
#1653=VECTOR('',#1656,1.0);
#1654=VECTOR('',#1657,1.0);
#1655=DIRECTION('',(-0.7034098440864147,0.7106939519053214,0.011344512661297133));
#1656=DIRECTION('',(-0.8142726251011329,-0.5804826371313011,0));
#1657=DIRECTION('',(0.9999460282446118,-0.00790181125473898,-0.006745515304293435));
#1658=FACE_SURFACE('',(#1663),#1659,.T.);
#1659=PLANE('',#1660);
#1660=AXIS2_PLACEMENT_3D('',#82,#1661,#1662);
#1661=DIRECTION('',(0,0,1));
#1662=DIRECTION('',(0.6063325412564264,-0.7952111979930387,0));
#1663=FACE_BOUND('',#1664,.T.);
#1664=EDGE_LOOP('',(#1665,#1666,#1667));
#1665=ORIENTED_EDGE('',*,*,#1668,.T.);
#1666=ORIENTED_EDGE('',*,*,#1669,.T.);
#1667=ORIENTED_EDGE('',*,*,#1670,.T.);
#1668=EDGE_CURVE('',#83,#123,#1671,.F.);
#1669=EDGE_CURVE('',#123,#125,#1672,.T.);
#1670=EDGE_CURVE('',#125,#83,#1673,.T.);
#1671=LINE('',#82,#1674);
#1672=LINE('',#122,#1675);
#1673=LINE('',#124,#1676);
#1674=VECTOR('',#1677,1.0);
#1675=VECTOR('',#1678,1.0);
#1676=VECTOR('',#1679,1.0);
#1677=DIRECTION('',(0.6063325412564264,-0.7952111979930387,0));
#1678=DIRECTION('',(0.7730217112285617,0.6343795661662395,0));
#1679=DIRECTION('',(-0.6398635577603125,0.768488534364902,0));
#1680=FACE_SURFACE('',(#1685),#1681,.T.);
#1681=PLANE('',#1682);
#1682=AXIS2_PLACEMENT_3D('',#82,#1683,#1684);
#1683=DIRECTION('',(0,0,1));
#1684=DIRECTION('',(0.6398635577603125,-0.768488534364902,0));
#1685=FACE_BOUND('',#1686,.T.);
#1686=EDGE_LOOP('',(#1687,#1688,#1689));
#1687=ORIENTED_EDGE('',*,*,#1690,.T.);
#1688=ORIENTED_EDGE('',*,*,#1691,.T.);
#1689=ORIENTED_EDGE('',*,*,#1692,.T.);
#1690=EDGE_CURVE('',#83,#125,#1693,.F.);
#1691=EDGE_CURVE('',#125,#127,#1694,.T.);
#1692=EDGE_CURVE('',#127,#83,#1695,.T.);
#1693=LINE('',#82,#1696);
#1694=LINE('',#124,#1697);
#1695=LINE('',#126,#1698);
#1696=VECTOR('',#1699,1.0);
#1697=VECTOR('',#1700,1.0);
#1698=VECTOR('',#1701,1.0);
#1699=DIRECTION('',(0.6398635577603125,-0.768488534364902,0));
#1700=DIRECTION('',(0.8818928150394856,0.4714499578764767,0));
#1701=DIRECTION('',(-0.6980597303731059,0.7160395330087764,0));
#1702=FACE_SURFACE('',(#1707),#1703,.T.);
#1703=PLANE('',#1704);
#1704=AXIS2_PLACEMENT_3D('',#64,#1705,#1706);
#1705=DIRECTION('',(0.005338173261507855,-0.16624817675003356,0.9860694943225451));
#1706=DIRECTION('',(0.9994848829987794,0.03209312476086637,0));
#1707=FACE_BOUND('',#1708,.T.);
#1708=EDGE_LOOP('',(#1709,#1710,#1711));
#1709=ORIENTED_EDGE('',*,*,#1712,.T.);
#1710=ORIENTED_EDGE('',*,*,#1713,.T.);
#1711=ORIENTED_EDGE('',*,*,#1714,.T.);
#1712=EDGE_CURVE('',#65,#41,#1715,.F.);
#1713=EDGE_CURVE('',#41,#83,#1716,.T.);
#1714=EDGE_CURVE('',#83,#65,#1717,.T.);
#1715=LINE('',#64,#1718);
#1716=LINE('',#40,#1719);
#1717=LINE('',#82,#1720);
#1718=VECTOR('',#1721,1.0);
#1719=VECTOR('',#1722,1.0);
#1720=VECTOR('',#1723,1.0);
#1721=DIRECTION('',(0.9994848829987794,0.03209312476086637,0));
#1722=DIRECTION('',(-0.9999460282446118,0.00790181125473898,0.006745515304293435));
#1723=DIRECTION('',(0.999715373124143,-0.02204195529419906,-0.009128249890521125));
#1724=FACE_SURFACE('',(#1729),#1725,.T.);
#1725=PLANE('',#1726);
#1726=AXIS2_PLACEMENT_3D('',#128,#1727,#1728);
#1727=DIRECTION('',(0.007647118465957918,0.0143070024281774,0.9998684069719813));
#1728=DIRECTION('',(0.8819246894871375,-0.47139032878604525,0));
#1729=FACE_BOUND('',#1730,.T.);
#1730=EDGE_LOOP('',(#1731,#1732,#1733));
#1731=ORIENTED_EDGE('',*,*,#1734,.T.);
#1732=ORIENTED_EDGE('',*,*,#1735,.T.);
#1733=ORIENTED_EDGE('',*,*,#1736,.T.);
#1734=EDGE_CURVE('',#129,#131,#1737,.F.);
#1735=EDGE_CURVE('',#131,#65,#1738,.T.);
#1736=EDGE_CURVE('',#65,#129,#1739,.T.);
#1737=LINE('',#128,#1740);
#1738=LINE('',#130,#1741);
#1739=LINE('',#64,#1742);
#1740=VECTOR('',#1743,1.0);
#1741=VECTOR('',#1744,1.0);
#1742=VECTOR('',#1745,1.0);
#1743=DIRECTION('',(0.8819246894871375,-0.47139032878604525,0));
#1744=DIRECTION('',(0.4534918394924009,0.8911128375632651,-0.01621919368355009));
#1745=DIRECTION('',(-0.49573333962511373,-0.8683233797426824,0.016216170213001153));
#1746=FACE_SURFACE('',(#1751),#1747,.T.);
#1747=PLANE('',#1748);
#1748=AXIS2_PLACEMENT_3D('',#132,#1749,#1750);
#1749=DIRECTION('',(0.00482786370124954,0.01591641358481076,0.9998616701877713));
#1750=DIRECTION('',(0.956945806494727,-0.2902666419555589,0));
#1751=FACE_BOUND('',#1752,.T.);
#1752=EDGE_LOOP('',(#1753,#1754,#1755));
#1753=ORIENTED_EDGE('',*,*,#1756,.T.);
#1754=ORIENTED_EDGE('',*,*,#1757,.T.);
#1755=ORIENTED_EDGE('',*,*,#1758,.T.);
#1756=EDGE_CURVE('',#133,#129,#1759,.F.);
#1757=EDGE_CURVE('',#129,#65,#1760,.T.);
#1758=EDGE_CURVE('',#65,#133,#1761,.T.);
#1759=LINE('',#132,#1762);
#1760=LINE('',#128,#1763);
#1761=LINE('',#64,#1764);
#1762=VECTOR('',#1765,1.0);
#1763=VECTOR('',#1766,1.0);
#1764=VECTOR('',#1767,1.0);
#1765=DIRECTION('',(0.956945806494727,-0.2902666419555589,0));
#1766=DIRECTION('',(0.49573333962511373,0.8683233797426824,-0.016216170213001153));
#1767=DIRECTION('',(-0.5769347792149552,-0.8166376668212357,0.015785488936342483));
#1768=FACE_SURFACE('',(#1773),#1769,.T.);
#1769=PLANE('',#1770);
#1770=AXIS2_PLACEMENT_3D('',#64,#1771,#1772);
#1771=DIRECTION('',(0.009330631694142427,0.009096338881255574,0.9999150943610889));
#1772=DIRECTION('',(-0.999715373124143,0.02204195529419906,0.009128249890521125));
#1773=FACE_BOUND('',#1774,.T.);
#1774=EDGE_LOOP('',(#1775,#1776,#1777));
#1775=ORIENTED_EDGE('',*,*,#1778,.T.);
#1776=ORIENTED_EDGE('',*,*,#1779,.T.);
#1777=ORIENTED_EDGE('',*,*,#1780,.T.);
#1778=EDGE_CURVE('',#65,#83,#1781,.F.);
#1779=EDGE_CURVE('',#83,#127,#1782,.T.);
#1780=EDGE_CURVE('',#127,#65,#1783,.T.);
#1781=LINE('',#64,#1784);
#1782=LINE('',#82,#1785);
#1783=LINE('',#126,#1786);
#1784=VECTOR('',#1787,1.0);
#1785=VECTOR('',#1788,1.0);
#1786=VECTOR('',#1789,1.0);
#1787=DIRECTION('',(-0.999715373124143,0.02204195529419906,0.009128249890521125));
#1788=DIRECTION('',(0.6980597303731059,-0.7160395330087764,0));
#1789=DIRECTION('',(0.7162112765698421,0.6977618528295972,-0.013030888304512643));
#1790=FACE_SURFACE('',(#1795),#1791,.T.);
#1791=PLANE('',#1792);
#1792=AXIS2_PLACEMENT_3D('',#64,#1793,#1794);
#1793=DIRECTION('',(-0.008221733595387559,0.027106895606405907,0.9995987291444851));
#1794=DIRECTION('',(-0.7162112765698421,-0.6977618528295972,0.013030888304512643));
#1795=FACE_BOUND('',#1796,.T.);
#1796=EDGE_LOOP('',(#1797,#1798,#1799));
#1797=ORIENTED_EDGE('',*,*,#1800,.T.);
#1798=ORIENTED_EDGE('',*,*,#1801,.T.);
#1799=ORIENTED_EDGE('',*,*,#1802,.T.);
#1800=EDGE_CURVE('',#65,#127,#1803,.F.);
#1801=EDGE_CURVE('',#127,#135,#1804,.T.);
#1802=EDGE_CURVE('',#135,#65,#1805,.T.);
#1803=LINE('',#64,#1806);
#1804=LINE('',#126,#1807);
#1805=LINE('',#134,#1808);
#1806=VECTOR('',#1809,1.0);
#1807=VECTOR('',#1810,1.0);
#1808=VECTOR('',#1811,1.0);
#1809=DIRECTION('',(-0.7162112765698421,-0.6977618528295972,0.013030888304512643));
#1810=DIRECTION('',(0.9569506643238057,0.2902506262701716,0));
#1811=DIRECTION('',(0.6874807087431666,0.7260670081378264,-0.014034771098198515));
#1812=FACE_SURFACE('',(#1817),#1813,.T.);
#1813=PLANE('',#1814);
#1814=AXIS2_PLACEMENT_3D('',#136,#1815,#1816);
#1815=DIRECTION('',(0.001780501124403649,0.018068789188392585,0.9998351607505166));
#1816=DIRECTION('',(0.9951799938223309,-0.09806518187300341,0));
#1817=FACE_BOUND('',#1818,.T.);
#1818=EDGE_LOOP('',(#1819,#1820,#1821));
#1819=ORIENTED_EDGE('',*,*,#1822,.T.);
#1820=ORIENTED_EDGE('',*,*,#1823,.T.);
#1821=ORIENTED_EDGE('',*,*,#1824,.T.);
#1822=EDGE_CURVE('',#137,#133,#1825,.F.);
#1823=EDGE_CURVE('',#133,#65,#1826,.T.);
#1824=EDGE_CURVE('',#65,#137,#1827,.T.);
#1825=LINE('',#136,#1828);
#1826=LINE('',#132,#1829);
#1827=LINE('',#64,#1830);
#1828=VECTOR('',#1831,1.0);
#1829=VECTOR('',#1832,1.0);
#1830=VECTOR('',#1833,1.0);
#1831=DIRECTION('',(0.9951799938223309,-0.09806518187300341,0));
#1832=DIRECTION('',(0.5769347792149552,0.8166376668212357,-0.015785488936342483));
#1833=DIRECTION('',(-0.6415795449867349,-0.7669097921722884,0.015001937370615281));
#1834=FACE_SURFACE('',(#1839),#1835,.T.);
#1835=PLANE('',#1836);
#1836=AXIS2_PLACEMENT_3D('',#64,#1837,#1838);
#1837=DIRECTION('',(-0.0021004285689077955,0.021314225472026722,0.9997706196885134));
#1838=DIRECTION('',(-0.6874807087431666,-0.7260670081378264,0.014034771098198515));
#1839=FACE_BOUND('',#1840,.T.);
#1840=EDGE_LOOP('',(#1841,#1842,#1843));
#1841=ORIENTED_EDGE('',*,*,#1844,.T.);
#1842=ORIENTED_EDGE('',*,*,#1845,.T.);
#1843=ORIENTED_EDGE('',*,*,#1846,.T.);
#1844=EDGE_CURVE('',#65,#135,#1847,.F.);
#1845=EDGE_CURVE('',#135,#137,#1848,.T.);
#1846=EDGE_CURVE('',#137,#65,#1849,.T.);
#1847=LINE('',#64,#1850);
#1848=LINE('',#134,#1851);
#1849=LINE('',#136,#1852);
#1850=VECTOR('',#1853,1.0);
#1851=VECTOR('',#1854,1.0);
#1852=VECTOR('',#1855,1.0);
#1853=DIRECTION('',(-0.6874807087431666,-0.7260670081378264,0.014034771098198515));
#1854=DIRECTION('',(0.9951794393529383,0.09807080854755507,0));
#1855=DIRECTION('',(0.6415795449867349,0.7669097921722884,-0.015001937370615281));
#1856=FACE_SURFACE('',(#1861),#1857,.T.);
#1857=PLANE('',#1858);
#1858=AXIS2_PLACEMENT_3D('',#138,#1859,#1860);
#1859=DIRECTION('',(0,-0,1));
#1860=DIRECTION('',(0.7729692819142,0.6344434483994977,0));
#1861=FACE_BOUND('',#1862,.T.);
#1862=EDGE_LOOP('',(#1863,#1864,#1865));
#1863=ORIENTED_EDGE('',*,*,#1866,.T.);
#1864=ORIENTED_EDGE('',*,*,#1867,.T.);
#1865=ORIENTED_EDGE('',*,*,#1868,.T.);
#1866=EDGE_CURVE('',#139,#123,#1869,.F.);
#1867=EDGE_CURVE('',#123,#83,#1870,.T.);
#1868=EDGE_CURVE('',#83,#139,#1871,.T.);
#1869=LINE('',#138,#1872);
#1870=LINE('',#122,#1873);
#1871=LINE('',#82,#1874);
#1872=VECTOR('',#1875,1.0);
#1873=VECTOR('',#1876,1.0);
#1874=VECTOR('',#1877,1.0);
#1875=DIRECTION('',(0.7729692819142,0.6344434483994977,0));
#1876=DIRECTION('',(-0.6063325412564264,0.7952111979930387,0));
#1877=DIRECTION('',(0.5752878561111737,-0.8179510270248516,0));
#1878=FACE_SURFACE('',(#1883),#1879,.T.);
#1879=PLANE('',#1880);
#1880=AXIS2_PLACEMENT_3D('',#72,#1881,#1882);
#1881=DIRECTION('',(0,0,1));
#1882=DIRECTION('',(0.44340654154057496,0.8963206116781128,0));
#1883=FACE_BOUND('',#1884,.T.);
#1884=EDGE_LOOP('',(#1885,#1886,#1887));
#1885=ORIENTED_EDGE('',*,*,#1888,.T.);
#1886=ORIENTED_EDGE('',*,*,#1889,.T.);
#1887=ORIENTED_EDGE('',*,*,#1890,.T.);
#1888=EDGE_CURVE('',#73,#115,#1891,.F.);
#1889=EDGE_CURVE('',#115,#141,#1892,.T.);
#1890=EDGE_CURVE('',#141,#73,#1893,.T.);
#1891=LINE('',#72,#1894);
#1892=LINE('',#114,#1895);
#1893=LINE('',#140,#1896);
#1894=VECTOR('',#1897,1.0);
#1895=VECTOR('',#1898,1.0);
#1896=VECTOR('',#1899,1.0);
#1897=DIRECTION('',(0.44340654154057496,0.8963206116781128,0));
#1898=DIRECTION('',(-0.8819048020725494,0.47142753428430284,0));
#1899=DIRECTION('',(-0.39748462999486256,-0.9176088321925892,0));
#1900=FACE_SURFACE('',(#1905),#1901,.T.);
#1901=PLANE('',#1902);
#1902=AXIS2_PLACEMENT_3D('',#72,#1903,#1904);
#1903=DIRECTION('',(0,0,1));
#1904=DIRECTION('',(0.39748462999486256,0.9176088321925892,0));
#1905=FACE_BOUND('',#1906,.T.);
#1906=EDGE_LOOP('',(#1907,#1908,#1909));
#1907=ORIENTED_EDGE('',*,*,#1910,.T.);
#1908=ORIENTED_EDGE('',*,*,#1911,.T.);
#1909=ORIENTED_EDGE('',*,*,#1912,.T.);
#1910=EDGE_CURVE('',#73,#141,#1913,.F.);
#1911=EDGE_CURVE('',#141,#143,#1914,.T.);
#1912=EDGE_CURVE('',#143,#73,#1915,.T.);
#1913=LINE('',#72,#1916);
#1914=LINE('',#140,#1917);
#1915=LINE('',#142,#1918);
#1916=VECTOR('',#1919,1.0);
#1917=VECTOR('',#1920,1.0);
#1918=VECTOR('',#1921,1.0);
#1919=DIRECTION('',(0.39748462999486256,0.9176088321925892,0));
#1920=DIRECTION('',(-0.7729827386850253,0.6344270530919986,0));
#1921=DIRECTION('',(-0.3530237664586923,-0.9356143544833623,0));
#1922=FACE_SURFACE('',(#1927),#1923,.T.);
#1923=PLANE('',#1924);
#1924=AXIS2_PLACEMENT_3D('',#144,#1925,#1926);
#1925=DIRECTION('',(0,-0,1));
#1926=DIRECTION('',(0.6344818114630308,0.772937792401556,0));
#1927=FACE_BOUND('',#1928,.T.);
#1928=EDGE_LOOP('',(#1929,#1930,#1931));
#1929=ORIENTED_EDGE('',*,*,#1932,.T.);
#1930=ORIENTED_EDGE('',*,*,#1933,.T.);
#1931=ORIENTED_EDGE('',*,*,#1934,.T.);
#1932=EDGE_CURVE('',#145,#139,#1935,.F.);
#1933=EDGE_CURVE('',#139,#83,#1936,.T.);
#1934=EDGE_CURVE('',#83,#145,#1937,.T.);
#1935=LINE('',#144,#1938);
#1936=LINE('',#138,#1939);
#1937=LINE('',#82,#1940);
#1938=VECTOR('',#1941,1.0);
#1939=VECTOR('',#1942,1.0);
#1940=VECTOR('',#1943,1.0);
#1941=DIRECTION('',(0.6344818114630308,0.772937792401556,0));
#1942=DIRECTION('',(-0.5752878561111737,0.8179510270248516,0));
#1943=DIRECTION('',(0.5110797762463111,-0.8595332816779234,0));
#1944=FACE_SURFACE('',(#1949),#1945,.T.);
#1945=PLANE('',#1946);
#1946=AXIS2_PLACEMENT_3D('',#146,#1947,#1948);
#1947=DIRECTION('',(0,-0,1));
#1948=DIRECTION('',(0.4713451829756127,0.8819488185182213,0));
#1949=FACE_BOUND('',#1950,.T.);
#1950=EDGE_LOOP('',(#1951,#1952,#1953));
#1951=ORIENTED_EDGE('',*,*,#1954,.T.);
#1952=ORIENTED_EDGE('',*,*,#1955,.T.);
#1953=ORIENTED_EDGE('',*,*,#1956,.T.);
#1954=EDGE_CURVE('',#147,#145,#1957,.F.);
#1955=EDGE_CURVE('',#145,#83,#1958,.T.);
#1956=EDGE_CURVE('',#83,#147,#1959,.T.);
#1957=LINE('',#146,#1960);
#1958=LINE('',#144,#1961);
#1959=LINE('',#82,#1962);
#1960=VECTOR('',#1963,1.0);
#1961=VECTOR('',#1964,1.0);
#1962=VECTOR('',#1965,1.0);
#1963=DIRECTION('',(0.4713451829756127,0.8819488185182213,0));
#1964=DIRECTION('',(-0.5110797762463111,0.8595332816779234,0));
#1965=DIRECTION('',(0.45406122382349984,-0.8909704849319677,0));
#1966=FACE_SURFACE('',(#1971),#1967,.T.);
#1967=PLANE('',#1968);
#1968=AXIS2_PLACEMENT_3D('',#72,#1969,#1970);
#1969=DIRECTION('',(0,0,1));
#1970=DIRECTION('',(0.3530237664586923,0.9356143544833623,0));
#1971=FACE_BOUND('',#1972,.T.);
#1972=EDGE_LOOP('',(#1973,#1974,#1975));
#1973=ORIENTED_EDGE('',*,*,#1976,.T.);
#1974=ORIENTED_EDGE('',*,*,#1977,.T.);
#1975=ORIENTED_EDGE('',*,*,#1978,.T.);
#1976=EDGE_CURVE('',#73,#143,#1979,.F.);
#1977=EDGE_CURVE('',#143,#149,#1980,.T.);
#1978=EDGE_CURVE('',#149,#73,#1981,.T.);
#1979=LINE('',#72,#1982);
#1980=LINE('',#142,#1983);
#1981=LINE('',#148,#1984);
#1982=VECTOR('',#1985,1.0);
#1983=VECTOR('',#1986,1.0);
#1984=VECTOR('',#1987,1.0);
#1985=DIRECTION('',(0.3530237664586923,0.9356143544833623,0));
#1986=DIRECTION('',(-0.6344676744897584,0.7729493968091041,0));
#1987=DIRECTION('',(-0.313288486885604,-0.9496580036965563,0));
#1988=FACE_SURFACE('',(#1993),#1989,.T.);
#1989=PLANE('',#1990);
#1990=AXIS2_PLACEMENT_3D('',#72,#1991,#1992);
#1991=DIRECTION('',(0,0,1));
#1992=DIRECTION('',(0.313288486885604,0.9496580036965563,0));
#1993=FACE_BOUND('',#1994,.T.);
#1994=EDGE_LOOP('',(#1995,#1996,#1997));
#1995=ORIENTED_EDGE('',*,*,#1998,.T.);
#1996=ORIENTED_EDGE('',*,*,#1999,.T.);
#1997=ORIENTED_EDGE('',*,*,#2000,.T.);
#1998=EDGE_CURVE('',#73,#149,#2001,.F.);
#1999=EDGE_CURVE('',#149,#151,#2002,.T.);
#2000=EDGE_CURVE('',#151,#73,#2003,.T.);
#2001=LINE('',#72,#2004);
#2002=LINE('',#148,#2005);
#2003=LINE('',#150,#2006);
#2004=VECTOR('',#2007,1.0);
#2005=VECTOR('',#2008,1.0);
#2006=VECTOR('',#2009,1.0);
#2007=DIRECTION('',(0.313288486885604,0.9496580036965563,0));
#2008=DIRECTION('',(-0.4713571672912036,0.8819424135640673,0));
#2009=DIRECTION('',(-0.2807834621610559,-0.9597711432299113,0));
#2010=FACE_SURFACE('',(#2015),#2011,.T.);
#2011=PLANE('',#2012);
#2012=AXIS2_PLACEMENT_3D('',#152,#2013,#2014);
#2013=DIRECTION('',(0,-0,1));
#2014=DIRECTION('',(0.2901978243212921,0.9569666779774458,0));
#2015=FACE_BOUND('',#2016,.T.);
#2016=EDGE_LOOP('',(#2017,#2018,#2019));
#2017=ORIENTED_EDGE('',*,*,#2020,.T.);
#2018=ORIENTED_EDGE('',*,*,#2021,.T.);
#2019=ORIENTED_EDGE('',*,*,#2022,.T.);
#2020=EDGE_CURVE('',#153,#147,#2023,.F.);
#2021=EDGE_CURVE('',#147,#83,#2024,.T.);
#2022=EDGE_CURVE('',#83,#153,#2025,.T.);
#2023=LINE('',#152,#2026);
#2024=LINE('',#146,#2027);
#2025=LINE('',#82,#2028);
#2026=VECTOR('',#2029,1.0);
#2027=VECTOR('',#2030,1.0);
#2028=VECTOR('',#2031,1.0);
#2029=DIRECTION('',(0.2901978243212921,0.9569666779774458,0));
#2030=DIRECTION('',(-0.45406122382349984,0.8909704849319677,0));
#2031=DIRECTION('',(0.4090403503980568,-0.9125162967017273,0));
#2032=FACE_SURFACE('',(#2037),#2033,.T.);
#2033=PLANE('',#2034);
#2034=AXIS2_PLACEMENT_3D('',#154,#2035,#2036);
#2035=DIRECTION('',(0,-0,1));
#2036=DIRECTION('',(0.09807643586469016,0.9951788847880965,0));
#2037=FACE_BOUND('',#2038,.T.);
#2038=EDGE_LOOP('',(#2039,#2040,#2041));
#2039=ORIENTED_EDGE('',*,*,#2042,.T.);
#2040=ORIENTED_EDGE('',*,*,#2043,.T.);
#2041=ORIENTED_EDGE('',*,*,#2044,.T.);
#2042=EDGE_CURVE('',#155,#153,#2045,.F.);
#2043=EDGE_CURVE('',#153,#83,#2046,.T.);
#2044=EDGE_CURVE('',#83,#155,#2047,.T.);
#2045=LINE('',#154,#2048);
#2046=LINE('',#152,#2049);
#2047=LINE('',#82,#2050);
#2048=VECTOR('',#2051,1.0);
#2049=VECTOR('',#2052,1.0);
#2050=VECTOR('',#2053,1.0);
#2051=DIRECTION('',(0.09807643586469016,0.9951788847880965,0));
#2052=DIRECTION('',(-0.4090403503980568,0.9125162967017273,0));
#2053=DIRECTION('',(0.37812369305533083,-0.9257550824868304,0));
#2054=FACE_SURFACE('',(#2059),#2055,.T.);
#2055=PLANE('',#2056);
#2056=AXIS2_PLACEMENT_3D('',#72,#2057,#2058);
#2057=DIRECTION('',(0,0,1));
#2058=DIRECTION('',(0.2807834621610559,0.9597711432299113,0));
#2059=FACE_BOUND('',#2060,.T.);
#2060=EDGE_LOOP('',(#2061,#2062,#2063));
#2061=ORIENTED_EDGE('',*,*,#2064,.T.);
#2062=ORIENTED_EDGE('',*,*,#2065,.T.);
#2063=ORIENTED_EDGE('',*,*,#2066,.T.);
#2064=EDGE_CURVE('',#73,#151,#2067,.F.);
#2065=EDGE_CURVE('',#151,#157,#2068,.T.);
#2066=EDGE_CURVE('',#157,#73,#2069,.T.);
#2067=LINE('',#72,#2070);
#2068=LINE('',#150,#2071);
#2069=LINE('',#156,#2072);
#2070=VECTOR('',#2073,1.0);
#2071=VECTOR('',#2074,1.0);
#2072=VECTOR('',#2075,1.0);
#2073=DIRECTION('',(0.2807834621610559,0.9597711432299113,0));
#2074=DIRECTION('',(-0.2901978243212921,0.9569666779774458,0));
#2075=DIRECTION('',(-0.2569462261993867,-0.9664257016666588,0));
#2076=FACE_SURFACE('',(#2081),#2077,.T.);
#2077=PLANE('',#2078);
#2078=AXIS2_PLACEMENT_3D('',#72,#2079,#2080);
#2079=DIRECTION('',(0,0,1));
#2080=DIRECTION('',(0.2569462261993867,0.9664257016666588,0));
#2081=FACE_BOUND('',#2082,.T.);
#2082=EDGE_LOOP('',(#2083,#2084,#2085));
#2083=ORIENTED_EDGE('',*,*,#2086,.T.);
#2084=ORIENTED_EDGE('',*,*,#2087,.T.);
#2085=ORIENTED_EDGE('',*,*,#2088,.T.);
#2086=EDGE_CURVE('',#73,#157,#2089,.F.);
#2087=EDGE_CURVE('',#157,#159,#2090,.T.);
#2088=EDGE_CURVE('',#159,#73,#2091,.T.);
#2089=LINE('',#72,#2092);
#2090=LINE('',#156,#2093);
#2091=LINE('',#158,#2094);
#2092=VECTOR('',#2095,1.0);
#2093=VECTOR('',#2096,1.0);
#2094=VECTOR('',#2097,1.0);
#2095=DIRECTION('',(0.2569462261993867,0.9664257016666588,0));
#2096=DIRECTION('',(-0.09807362212579283,0.9951791620824499,0));
#2097=DIRECTION('',(-0.2422222221896146,-0.9702207970753487,0));
#2098=FACE_SURFACE('',(#2103),#2099,.T.);
#2099=PLANE('',#2100);
#2100=AXIS2_PLACEMENT_3D('',#154,#2101,#2102);
#2101=DIRECTION('',(-3.346602398883038E-08,-1.366916241879218E-08,0.9999999999999993));
#2102=DIRECTION('',(-0.37812369305533083,0.9257550824868304,0));
#2103=FACE_BOUND('',#2104,.T.);
#2104=EDGE_LOOP('',(#2105,#2106,#2107));
#2105=ORIENTED_EDGE('',*,*,#2108,.T.);
#2106=ORIENTED_EDGE('',*,*,#2109,.T.);
#2107=ORIENTED_EDGE('',*,*,#2110,.T.);
#2108=EDGE_CURVE('',#155,#83,#2111,.F.);
#2109=EDGE_CURVE('',#83,#73,#2112,.T.);
#2110=EDGE_CURVE('',#73,#155,#2113,.T.);
#2111=LINE('',#154,#2114);
#2112=LINE('',#82,#2115);
#2113=LINE('',#72,#2116);
#2114=VECTOR('',#2117,1.0);
#2115=VECTOR('',#2118,1.0);
#2116=VECTOR('',#2119,1.0);
#2117=DIRECTION('',(-0.37812369305533083,0.9257550824868304,0));
#2118=DIRECTION('',(0,-1,-1.3669162418792189E-08));
#2119=DIRECTION('',(0.010871113148156409,0.9999409077035101,1.4032167609995262E-08));
#2120=FACE_SURFACE('',(#2125),#2121,.T.);
#2121=PLANE('',#2122);
#2122=AXIS2_PLACEMENT_3D('',#160,#2123,#2124);
#2123=DIRECTION('',(-1.282517210931585E-07,-1.2638675486904734E-08,0.9999999999999917));
#2124=DIRECTION('',(-0.09807080854755507,0.9951794393529383,0));
#2125=FACE_BOUND('',#2126,.T.);
#2126=EDGE_LOOP('',(#2127,#2128,#2129));
#2127=ORIENTED_EDGE('',*,*,#2130,.T.);
#2128=ORIENTED_EDGE('',*,*,#2131,.T.);
#2129=ORIENTED_EDGE('',*,*,#2132,.T.);
#2130=EDGE_CURVE('',#161,#155,#2133,.F.);
#2131=EDGE_CURVE('',#155,#73,#2134,.T.);
#2132=EDGE_CURVE('',#73,#161,#2135,.T.);
#2133=LINE('',#160,#2136);
#2134=LINE('',#154,#2137);
#2135=LINE('',#72,#2138);
#2136=VECTOR('',#2139,1.0);
#2137=VECTOR('',#2140,1.0);
#2138=VECTOR('',#2141,1.0);
#2139=DIRECTION('',(-0.09807080854755507,0.9951794393529383,0));
#2140=DIRECTION('',(-0.010871113148156409,-0.9999409077035101,-1.4032167609995262E-08));
#2141=DIRECTION('',(0.011083514596422223,0.9999385759656394,1.4059378991219763E-08));
#2142=FACE_SURFACE('',(#2147),#2143,.T.);
#2143=PLANE('',#2144);
#2144=AXIS2_PLACEMENT_3D('',#72,#2145,#2146);
#2145=DIRECTION('',(0,0,1));
#2146=DIRECTION('',(0.2422222221896146,0.9702207970753487,0));
#2147=FACE_BOUND('',#2148,.T.);
#2148=EDGE_LOOP('',(#2149,#2150,#2151));
#2149=ORIENTED_EDGE('',*,*,#2152,.T.);
#2150=ORIENTED_EDGE('',*,*,#2153,.T.);
#2151=ORIENTED_EDGE('',*,*,#2154,.T.);
#2152=EDGE_CURVE('',#73,#159,#2155,.F.);
#2153=EDGE_CURVE('',#159,#163,#2156,.T.);
#2154=EDGE_CURVE('',#163,#73,#2157,.T.);
#2155=LINE('',#72,#2158);
#2156=LINE('',#158,#2159);
#2157=LINE('',#162,#2160);
#2158=VECTOR('',#2161,1.0);
#2159=VECTOR('',#2162,1.0);
#2160=VECTOR('',#2163,1.0);
#2161=DIRECTION('',(0.2422222221896146,0.9702207970753487,0));
#2162=DIRECTION('',(0.09807643586469016,0.9951788847880965,0));
#2163=DIRECTION('',(-0.23632988470913988,-0.97167287993098,0));
#2164=FACE_SURFACE('',(#2169),#2165,.T.);
#2165=PLANE('',#2166);
#2166=AXIS2_PLACEMENT_3D('',#160,#2167,#2168);
#2167=DIRECTION('',(6.056914469124508E-08,-1.4731602864978526E-08,0.9999999999999981));
#2168=DIRECTION('',(-0.011083514596422223,-0.9999385759656394,-1.4059378991219763E-08));
#2169=FACE_BOUND('',#2170,.T.);
#2170=EDGE_LOOP('',(#2171,#2172,#2173));
#2171=ORIENTED_EDGE('',*,*,#2174,.T.);
#2172=ORIENTED_EDGE('',*,*,#2175,.T.);
#2173=ORIENTED_EDGE('',*,*,#2176,.T.);
#2174=EDGE_CURVE('',#161,#73,#2177,.F.);
#2175=EDGE_CURVE('',#73,#163,#2178,.T.);
#2176=EDGE_CURVE('',#163,#161,#2179,.T.);
#2177=LINE('',#160,#2180);
#2178=LINE('',#72,#2181);
#2179=LINE('',#162,#2182);
#2180=VECTOR('',#2183,1.0);
#2181=VECTOR('',#2184,1.0);
#2182=VECTOR('',#2185,1.0);
#2183=DIRECTION('',(-0.011083514596422223,-0.9999385759656394,-1.4059378991219763E-08));
#2184=DIRECTION('',(0.23632988470913988,0.97167287993098,0));
#2185=DIRECTION('',(0,1,1.4731602864978554E-08));
#2186=FACE_SURFACE('',(#2191),#2187,.T.);
#2187=PLANE('',#2188);
#2188=AXIS2_PLACEMENT_3D('',#164,#2189,#2190);
#2189=DIRECTION('',(-4.8579458126375676E-08,-1.4731602864978536E-08,0.9999999999999988));
#2190=DIRECTION('',(-0.2901978243212921,0.9569666779774458,0));
#2191=FACE_BOUND('',#2192,.T.);
#2192=EDGE_LOOP('',(#2193,#2194,#2195));
#2193=ORIENTED_EDGE('',*,*,#2196,.T.);
#2194=ORIENTED_EDGE('',*,*,#2197,.T.);
#2195=ORIENTED_EDGE('',*,*,#2198,.T.);
#2196=EDGE_CURVE('',#165,#161,#2199,.F.);
#2197=EDGE_CURVE('',#161,#163,#2200,.T.);
#2198=EDGE_CURVE('',#163,#165,#2201,.T.);
#2199=LINE('',#164,#2202);
#2200=LINE('',#160,#2203);
#2201=LINE('',#162,#2204);
#2202=VECTOR('',#2205,1.0);
#2203=VECTOR('',#2206,1.0);
#2204=VECTOR('',#2207,1.0);
#2205=DIRECTION('',(-0.2901978243212921,0.9569666779774458,0));
#2206=DIRECTION('',(0,-1,-1.4731602864978554E-08));
#2207=DIRECTION('',(0.0005943156363484652,0.9999998233944466,1.4760471794865519E-08));
#2208=FACE_SURFACE('',(#2213),#2209,.T.);
#2209=PLANE('',#2210);
#2210=AXIS2_PLACEMENT_3D('',#164,#2211,#2212);
#2211=DIRECTION('',(4.877024765728975E-08,-1.4789459327537463E-08,0.9999999999999988));
#2212=DIRECTION('',(-0.0005943156363484652,-0.9999998233944466,-1.4760471794865519E-08));
#2213=FACE_BOUND('',#2214,.T.);
#2214=EDGE_LOOP('',(#2215,#2216,#2217));
#2215=ORIENTED_EDGE('',*,*,#2218,.T.);
#2216=ORIENTED_EDGE('',*,*,#2219,.T.);
#2217=ORIENTED_EDGE('',*,*,#2220,.T.);
#2218=EDGE_CURVE('',#165,#163,#2221,.F.);
#2219=EDGE_CURVE('',#163,#167,#2222,.T.);
#2220=EDGE_CURVE('',#167,#165,#2223,.T.);
#2221=LINE('',#164,#2224);
#2222=LINE('',#162,#2225);
#2223=LINE('',#166,#2226);
#2224=VECTOR('',#2227,1.0);
#2225=VECTOR('',#2228,1.0);
#2226=VECTOR('',#2229,1.0);
#2227=DIRECTION('',(-0.0005943156363484652,-0.9999998233944466,-1.4760471794865519E-08));
#2228=DIRECTION('',(0.2901978243212921,0.9569666779774458,0));
#2229=DIRECTION('',(0,1,1.4789459327537483E-08));
#2230=FACE_SURFACE('',(#2235),#2231,.T.);
#2231=PLANE('',#2232);
#2232=AXIS2_PLACEMENT_3D('',#168,#2233,#2234);
#2233=DIRECTION('',(-2.7671214084935715E-08,-1.4789459327537476E-08,0.9999999999999996));
#2234=DIRECTION('',(-0.4713691521291874,0.8819360081213439,0));
#2235=FACE_BOUND('',#2236,.T.);
#2236=EDGE_LOOP('',(#2237,#2238,#2239));
#2237=ORIENTED_EDGE('',*,*,#2240,.T.);
#2238=ORIENTED_EDGE('',*,*,#2241,.T.);
#2239=ORIENTED_EDGE('',*,*,#2242,.T.);
#2240=EDGE_CURVE('',#169,#165,#2243,.F.);
#2241=EDGE_CURVE('',#165,#167,#2244,.T.);
#2242=EDGE_CURVE('',#167,#169,#2245,.T.);
#2243=LINE('',#168,#2246);
#2244=LINE('',#164,#2247);
#2245=LINE('',#166,#2248);
#2246=VECTOR('',#2249,1.0);
#2247=VECTOR('',#2250,1.0);
#2248=VECTOR('',#2251,1.0);
#2249=DIRECTION('',(-0.4713691521291874,0.8819360081213439,0));
#2250=DIRECTION('',(0,-1,-1.4789459327537483E-08));
#2251=DIRECTION('',(0.0009689837533202922,0.9999995305351327,1.4816265341288871E-08));
#2252=FACE_SURFACE('',(#2257),#2253,.T.);
#2253=PLANE('',#2254);
#2254=AXIS2_PLACEMENT_3D('',#168,#2255,#2256);
#2255=DIRECTION('',(2.7772640432419883E-08,-1.484318354700788E-08,0.9999999999999996));
#2256=DIRECTION('',(-0.0009689837533202922,-0.9999995305351327,-1.4816265341288871E-08));
#2257=FACE_BOUND('',#2258,.T.);
#2258=EDGE_LOOP('',(#2259,#2260,#2261));
#2259=ORIENTED_EDGE('',*,*,#2262,.T.);
#2260=ORIENTED_EDGE('',*,*,#2263,.T.);
#2261=ORIENTED_EDGE('',*,*,#2264,.T.);
#2262=EDGE_CURVE('',#169,#167,#2265,.F.);
#2263=EDGE_CURVE('',#167,#171,#2266,.T.);
#2264=EDGE_CURVE('',#171,#169,#2267,.T.);
#2265=LINE('',#168,#2268);
#2266=LINE('',#166,#2269);
#2267=LINE('',#170,#2270);
#2268=VECTOR('',#2271,1.0);
#2269=VECTOR('',#2272,1.0);
#2270=VECTOR('',#2273,1.0);
#2271=DIRECTION('',(-0.0009689837533202922,-0.9999995305351327,-1.4816265341288871E-08));
#2272=DIRECTION('',(0.4713571672912036,0.8819424135640673,0));
#2273=DIRECTION('',(0,1,1.4843183547007887E-08));
#2274=FACE_SURFACE('',(#2279),#2275,.T.);
#2275=PLANE('',#2276);
#2276=AXIS2_PLACEMENT_3D('',#172,#2277,#2278);
#2277=DIRECTION('',(-1.8082922472942724E-08,-1.4843183547007882E-08,0.9999999999999997));
#2278=DIRECTION('',(-0.6344676744897584,0.7729493968091041,0));
#2279=FACE_BOUND('',#2280,.T.);
#2280=EDGE_LOOP('',(#2281,#2282,#2283));
#2281=ORIENTED_EDGE('',*,*,#2284,.T.);
#2282=ORIENTED_EDGE('',*,*,#2285,.T.);
#2283=ORIENTED_EDGE('',*,*,#2286,.T.);
#2284=EDGE_CURVE('',#173,#169,#2287,.F.);
#2285=EDGE_CURVE('',#169,#171,#2288,.T.);
#2286=EDGE_CURVE('',#171,#173,#2289,.T.);
#2287=LINE('',#172,#2290);
#2288=LINE('',#168,#2291);
#2289=LINE('',#170,#2292);
#2290=VECTOR('',#2293,1.0);
#2291=VECTOR('',#2294,1.0);
#2292=VECTOR('',#2295,1.0);
#2293=DIRECTION('',(-0.6344676744897584,0.7729493968091041,0));
#2294=DIRECTION('',(0,-1,-1.4843183547007887E-08));
#2295=DIRECTION('',(0.0013088765183480735,0.999999143420763,1.4866839145252993E-08));
#2296=FACE_SURFACE('',(#2301),#2297,.T.);
#2297=PLANE('',#2298);
#2298=AXIS2_PLACEMENT_3D('',#172,#2299,#2300);
#2299=DIRECTION('',(1.8140683151666743E-08,-1.4890595814432202E-08,0.9999999999999999));
#2300=DIRECTION('',(-0.0013088765183480735,-0.999999143420763,-1.4866839145252993E-08));
#2301=FACE_BOUND('',#2302,.T.);
#2302=EDGE_LOOP('',(#2303,#2304,#2305));
#2303=ORIENTED_EDGE('',*,*,#2306,.T.);
#2304=ORIENTED_EDGE('',*,*,#2307,.T.);
#2305=ORIENTED_EDGE('',*,*,#2308,.T.);
#2306=EDGE_CURVE('',#173,#171,#2309,.F.);
#2307=EDGE_CURVE('',#171,#175,#2310,.T.);
#2308=EDGE_CURVE('',#175,#173,#2311,.T.);
#2309=LINE('',#172,#2312);
#2310=LINE('',#170,#2313);
#2311=LINE('',#174,#2314);
#2312=VECTOR('',#2315,1.0);
#2313=VECTOR('',#2316,1.0);
#2314=VECTOR('',#2317,1.0);
#2315=DIRECTION('',(-0.0013088765183480735,-0.999999143420763,-1.4866839145252993E-08));
#2316=DIRECTION('',(0.6344676744897584,0.7729493968091041,0));
#2317=DIRECTION('',(0,1,1.4890595814432203E-08));
#2318=FACE_SURFACE('',(#2323),#2319,.T.);
#2319=PLANE('',#2320);
#2320=AXIS2_PLACEMENT_3D('',#176,#2321,#2322);
#2321=DIRECTION('',(-1.2220929468021058E-08,-1.4890595814432202E-08,0.9999999999999999));
#2322=DIRECTION('',(-0.7729968768850644,0.6344098267885963,0));
#2323=FACE_BOUND('',#2324,.T.);
#2324=EDGE_LOOP('',(#2325,#2326,#2327));
#2325=ORIENTED_EDGE('',*,*,#2328,.T.);
#2326=ORIENTED_EDGE('',*,*,#2329,.T.);
#2327=ORIENTED_EDGE('',*,*,#2330,.T.);
#2328=EDGE_CURVE('',#177,#173,#2331,.F.);
#2329=EDGE_CURVE('',#173,#175,#2332,.T.);
#2330=EDGE_CURVE('',#175,#177,#2333,.T.);
#2331=LINE('',#176,#2334);
#2332=LINE('',#172,#2335);
#2333=LINE('',#174,#2336);
#2334=VECTOR('',#2337,1.0);
#2335=VECTOR('',#2338,1.0);
#2336=VECTOR('',#2339,1.0);
#2337=DIRECTION('',(-0.7729968768850644,0.6344098267885963,0));
#2338=DIRECTION('',(0,-1,-1.4890595814432203E-08));
#2339=DIRECTION('',(0.0015990804452677106,0.9999987214700473,1.4910119025694752E-08));
#2340=FACE_SURFACE('',(#2345),#2341,.T.);
#2341=PLANE('',#2342);
#2342=AXIS2_PLACEMENT_3D('',#176,#2343,#2344);
#2343=DIRECTION('',(1.2253606443131739E-08,-1.4929732616252302E-08,0.9999999999999999));
#2344=DIRECTION('',(-0.0015990804452677106,-0.9999987214700473,-1.4910119025694752E-08));
#2345=FACE_BOUND('',#2346,.T.);
#2346=EDGE_LOOP('',(#2347,#2348,#2349));
#2347=ORIENTED_EDGE('',*,*,#2350,.T.);
#2348=ORIENTED_EDGE('',*,*,#2351,.T.);
#2349=ORIENTED_EDGE('',*,*,#2352,.T.);
#2350=EDGE_CURVE('',#177,#175,#2353,.F.);
#2351=EDGE_CURVE('',#175,#179,#2354,.T.);
#2352=EDGE_CURVE('',#179,#177,#2355,.T.);
#2353=LINE('',#176,#2356);
#2354=LINE('',#174,#2357);
#2355=LINE('',#178,#2358);
#2356=VECTOR('',#2359,1.0);
#2357=VECTOR('',#2360,1.0);
#2358=VECTOR('',#2361,1.0);
#2359=DIRECTION('',(-0.0015990804452677106,-0.9999987214700473,-1.4910119025694752E-08));
#2360=DIRECTION('',(0.7729827386850253,0.6344270530919986,0));
#2361=DIRECTION('',(0,0.9999999999999999,1.4929732616252302E-08));
#2362=FACE_SURFACE('',(#2367),#2363,.T.);
#2363=PLANE('',#2364);
#2364=AXIS2_PLACEMENT_3D('',#180,#2365,#2366);
#2365=DIRECTION('',(-7.981998899564601E-09,-1.4929732616252302E-08,0.9999999999999999));
#2366=DIRECTION('',(-0.8818748340319156,0.4714835915503116,0));
#2367=FACE_BOUND('',#2368,.T.);
#2368=EDGE_LOOP('',(#2369,#2370,#2371));
#2369=ORIENTED_EDGE('',*,*,#2372,.T.);
#2370=ORIENTED_EDGE('',*,*,#2373,.T.);
#2371=ORIENTED_EDGE('',*,*,#2374,.T.);
#2372=EDGE_CURVE('',#181,#177,#2375,.F.);
#2373=EDGE_CURVE('',#177,#179,#2376,.T.);
#2374=EDGE_CURVE('',#179,#181,#2377,.T.);
#2375=LINE('',#180,#2378);
#2376=LINE('',#176,#2379);
#2377=LINE('',#178,#2380);
#2378=VECTOR('',#2381,1.0);
#2379=VECTOR('',#2382,1.0);
#2380=VECTOR('',#2383,1.0);
#2381=DIRECTION('',(-0.8818748340319156,0.4714835915503116,0));
#2382=DIRECTION('',(0,-0.9999999999999999,-1.4929732616252302E-08));
#2383=DIRECTION('',(0.0018284652954459954,0.9999983283559343,1.4944302467029517E-08));
#2384=FACE_SURFACE('',(#2389),#2385,.T.);
#2385=PLANE('',#2386);
#2386=AXIS2_PLACEMENT_3D('',#180,#2387,#2388);
#2387=DIRECTION('',(7.99664101774362E-09,-1.495894905364901E-08,0.9999999999999999));
#2388=DIRECTION('',(-0.0018284652954459954,-0.9999983283559343,-1.4944302467029517E-08));
#2389=FACE_BOUND('',#2390,.T.);
#2390=EDGE_LOOP('',(#2391,#2392,#2393));
#2391=ORIENTED_EDGE('',*,*,#2394,.T.);
#2392=ORIENTED_EDGE('',*,*,#2395,.T.);
#2393=ORIENTED_EDGE('',*,*,#2396,.T.);
#2394=EDGE_CURVE('',#181,#179,#2397,.F.);
#2395=EDGE_CURVE('',#179,#183,#2398,.T.);
#2396=EDGE_CURVE('',#183,#181,#2399,.T.);
#2397=LINE('',#180,#2400);
#2398=LINE('',#178,#2401);
#2399=LINE('',#182,#2402);
#2400=VECTOR('',#2403,1.0);
#2401=VECTOR('',#2404,1.0);
#2402=VECTOR('',#2405,1.0);
#2403=DIRECTION('',(-0.0018284652954459954,-0.9999983283559343,-1.4944302467029517E-08));
#2404=DIRECTION('',(0.8818988085865538,0.4714387461946853,0));
#2405=DIRECTION('',(0,0.9999999999999999,1.495894905364901E-08));
#2406=FACE_SURFACE('',(#2411),#2407,.T.);
#2407=PLANE('',#2408);
#2408=AXIS2_PLACEMENT_3D('',#184,#2409,#2410);
#2409=DIRECTION('',(-4.537391653511632E-09,-1.4958949053649014E-08,1));
#2410=DIRECTION('',(-0.9569466605389272,0.2902638263432002,0));
#2411=FACE_BOUND('',#2412,.T.);
#2412=EDGE_LOOP('',(#2413,#2414,#2415));
#2413=ORIENTED_EDGE('',*,*,#2416,.T.);
#2414=ORIENTED_EDGE('',*,*,#2417,.T.);
#2415=ORIENTED_EDGE('',*,*,#2418,.T.);
#2416=EDGE_CURVE('',#185,#181,#2419,.F.);
#2417=EDGE_CURVE('',#181,#183,#2420,.T.);
#2418=EDGE_CURVE('',#183,#185,#2421,.T.);
#2419=LINE('',#184,#2422);
#2420=LINE('',#180,#2423);
#2421=LINE('',#182,#2424);
#2422=VECTOR('',#2425,1.0);
#2423=VECTOR('',#2426,1.0);
#2424=VECTOR('',#2427,1.0);
#2425=DIRECTION('',(-0.9569466605389272,0.2902638263432002,0));
#2426=DIRECTION('',(0,-0.9999999999999999,-1.495894905364901E-08));
#2427=DIRECTION('',(0.0019873828092438445,0.9999980251528346,1.4967937046181876E-08));
#2428=FACE_SURFACE('',(#2433),#2429,.T.);
#2429=PLANE('',#2430);
#2430=AXIS2_PLACEMENT_3D('',#184,#2431,#2432);
#2431=DIRECTION('',(4.543316881081781E-09,-1.497699593332625E-08,1));
#2432=DIRECTION('',(-0.0019873828092438445,-0.9999980251528346,-1.4967937046181876E-08));
#2433=FACE_BOUND('',#2434,.T.);
#2434=EDGE_LOOP('',(#2435,#2436,#2437));
#2435=ORIENTED_EDGE('',*,*,#2438,.T.);
#2436=ORIENTED_EDGE('',*,*,#2439,.T.);
#2437=ORIENTED_EDGE('',*,*,#2440,.T.);
#2438=EDGE_CURVE('',#185,#183,#2441,.F.);
#2439=EDGE_CURVE('',#183,#187,#2442,.T.);
#2440=EDGE_CURVE('',#187,#185,#2443,.T.);
#2441=LINE('',#184,#2444);
#2442=LINE('',#182,#2445);
#2443=LINE('',#186,#2446);
#2444=VECTOR('',#2447,1.0);
#2445=VECTOR('',#2448,1.0);
#2446=VECTOR('',#2449,1.0);
#2447=DIRECTION('',(-0.0019873828092438445,-0.9999980251528346,-1.4967937046181876E-08));
#2448=DIRECTION('',(0.9569386525234524,0.2902902259921945,0));
#2449=DIRECTION('',(0,0.9999999999999999,1.4976995933326246E-08));
#2450=FACE_SURFACE('',(#2455),#2451,.T.);
#2451=PLANE('',#2452);
#2452=AXIS2_PLACEMENT_3D('',#188,#2453,#2454);
#2453=DIRECTION('',(-1.47461934932437E-09,-1.4976995933326246E-08,0.9999999999999998));
#2454=DIRECTION('',(-0.9951878762324052,0.09798515703939359,0));
#2455=FACE_BOUND('',#2456,.T.);
#2456=EDGE_LOOP('',(#2457,#2458,#2459));
#2457=ORIENTED_EDGE('',*,*,#2460,.T.);
#2458=ORIENTED_EDGE('',*,*,#2461,.T.);
#2459=ORIENTED_EDGE('',*,*,#2462,.T.);
#2460=EDGE_CURVE('',#189,#185,#2463,.F.);
#2461=EDGE_CURVE('',#185,#187,#2464,.T.);
#2462=EDGE_CURVE('',#187,#189,#2465,.T.);
#2463=LINE('',#188,#2466);
#2464=LINE('',#184,#2467);
#2465=LINE('',#186,#2468);
#2466=VECTOR('',#2469,1.0);
#2467=VECTOR('',#2470,1.0);
#2468=VECTOR('',#2471,1.0);
#2469=DIRECTION('',(-0.9951878762324052,0.09798515703939359,0));
#2470=DIRECTION('',(0,-0.9999999999999999,-1.4976995933326246E-08));
#2471=DIRECTION('',(0.002068560204902756,0.9999978605270506,1.4980014229351978E-08));
#2472=FACE_SURFACE('',(#2477),#2473,.T.);
#2473=PLANE('',#2474);
#2474=AXIS2_PLACEMENT_3D('',#188,#2475,#2476);
#2475=DIRECTION('',(1.475654243692892E-09,-1.4983098764931183E-08,1));
#2476=DIRECTION('',(-0.002068560204902756,-0.9999978605270506,-1.4980014229351978E-08));
#2477=FACE_BOUND('',#2478,.T.);
#2478=EDGE_LOOP('',(#2479,#2480,#2481));
#2479=ORIENTED_EDGE('',*,*,#2482,.T.);
#2480=ORIENTED_EDGE('',*,*,#2483,.T.);
#2481=ORIENTED_EDGE('',*,*,#2484,.T.);
#2482=EDGE_CURVE('',#189,#187,#2485,.F.);
#2483=EDGE_CURVE('',#187,#191,#2486,.T.);
#2484=EDGE_CURVE('',#191,#189,#2487,.T.);
#2485=LINE('',#188,#2488);
#2486=LINE('',#186,#2489);
#2487=LINE('',#190,#2490);
#2488=VECTOR('',#2491,1.0);
#2489=VECTOR('',#2492,1.0);
#2490=VECTOR('',#2493,1.0);
#2491=DIRECTION('',(-0.002068560204902756,-0.9999978605270506,-1.4980014229351978E-08));
#2492=DIRECTION('',(0.9951850647424347,0.09801370778414571,0));
#2493=DIRECTION('',(0,0.9999999999999999,1.498309876493118E-08));
#2494=FACE_SURFACE('',(#2499),#2495,.T.);
#2495=PLANE('',#2496);
#2496=AXIS2_PLACEMENT_3D('',#192,#2497,#2498);
#2497=DIRECTION('',(1.4751347671764883E-09,-1.498309876493118E-08,0.9999999999999998));
#2498=DIRECTION('',(-0.9951884297384054,-0.09797953518366469,0));
#2499=FACE_BOUND('',#2500,.T.);
#2500=EDGE_LOOP('',(#2501,#2502,#2503));
#2501=ORIENTED_EDGE('',*,*,#2504,.T.);
#2502=ORIENTED_EDGE('',*,*,#2505,.T.);
#2503=ORIENTED_EDGE('',*,*,#2506,.T.);
#2504=EDGE_CURVE('',#193,#189,#2507,.F.);
#2505=EDGE_CURVE('',#189,#191,#2508,.T.);
#2506=EDGE_CURVE('',#191,#193,#2509,.T.);
#2507=LINE('',#192,#2510);
#2508=LINE('',#188,#2511);
#2509=LINE('',#190,#2512);
#2510=VECTOR('',#2513,1.0);
#2511=VECTOR('',#2514,1.0);
#2512=VECTOR('',#2515,1.0);
#2513=DIRECTION('',(-0.9951884297384054,-0.09797953518366469,0));
#2514=DIRECTION('',(0,-0.9999999999999999,-1.498309876493118E-08));
#2515=DIRECTION('',(0.0020686801684589255,0.999997860278891,1.4980015123239814E-08));
#2516=FACE_SURFACE('',(#2521),#2517,.T.);
#2517=PLANE('',#2518);
#2518=AXIS2_PLACEMENT_3D('',#192,#2519,#2520);
#2519=DIRECTION('',(-1.474967737611784E-09,-1.4976995933326246E-08,0.9999999999999998));
#2520=DIRECTION('',(-0.0020686801684589255,-0.999997860278891,-1.4980015123239814E-08));
#2521=FACE_BOUND('',#2522,.T.);
#2522=EDGE_LOOP('',(#2523,#2524,#2525));
#2523=ORIENTED_EDGE('',*,*,#2526,.T.);
#2524=ORIENTED_EDGE('',*,*,#2527,.T.);
#2525=ORIENTED_EDGE('',*,*,#2528,.T.);
#2526=EDGE_CURVE('',#193,#191,#2529,.F.);
#2527=EDGE_CURVE('',#191,#195,#2530,.T.);
#2528=EDGE_CURVE('',#195,#193,#2531,.T.);
#2529=LINE('',#192,#2532);
#2530=LINE('',#190,#2533);
#2531=LINE('',#194,#2534);
#2532=VECTOR('',#2535,1.0);
#2533=VECTOR('',#2536,1.0);
#2534=VECTOR('',#2537,1.0);
#2535=DIRECTION('',(-0.0020686801684589255,-0.999997860278891,-1.4980015123239814E-08));
#2536=DIRECTION('',(0.9951856185694766,-0.09800808432210116,0));
#2537=DIRECTION('',(0,0.9999999999999999,1.4976995933326246E-08));
#2538=FACE_SURFACE('',(#2543),#2539,.T.);
#2539=PLANE('',#2540);
#2540=AXIS2_PLACEMENT_3D('',#196,#2541,#2542);
#2541=DIRECTION('',(4.543139417772213E-09,-1.4976995933326246E-08,0.9999999999999998));
#2542=DIRECTION('',(-0.9569418022883175,-0.29027984262291895,0));
#2543=FACE_BOUND('',#2544,.T.);
#2544=EDGE_LOOP('',(#2545,#2546,#2547));
#2545=ORIENTED_EDGE('',*,*,#2548,.T.);
#2546=ORIENTED_EDGE('',*,*,#2549,.T.);
#2547=ORIENTED_EDGE('',*,*,#2550,.T.);
#2548=EDGE_CURVE('',#197,#193,#2551,.F.);
#2549=EDGE_CURVE('',#193,#195,#2552,.T.);
#2550=EDGE_CURVE('',#195,#197,#2553,.T.);
#2551=LINE('',#196,#2554);
#2552=LINE('',#192,#2555);
#2553=LINE('',#194,#2556);
#2554=VECTOR('',#2557,1.0);
#2555=VECTOR('',#2558,1.0);
#2556=VECTOR('',#2559,1.0);
#2557=DIRECTION('',(-0.9569418022883175,-0.29027984262291895,0));
#2558=DIRECTION('',(0,-0.9999999999999999,-1.4976995933326246E-08));
#2559=DIRECTION('',(0.001987263185201068,0.9999980253905667,1.496793794589862E-08));
#2560=FACE_SURFACE('',(#2565),#2561,.T.);
#2561=PLANE('',#2562);
#2562=AXIS2_PLACEMENT_3D('',#196,#2563,#2564);
#2563=DIRECTION('',(-4.538115735590466E-09,-1.4958949053649014E-08,1));
#2564=DIRECTION('',(-0.001987263185201068,-0.9999980253905667,-1.496793794589862E-08));
#2565=FACE_BOUND('',#2566,.T.);
#2566=EDGE_LOOP('',(#2567,#2568,#2569));
#2567=ORIENTED_EDGE('',*,*,#2570,.T.);
#2568=ORIENTED_EDGE('',*,*,#2571,.T.);
#2569=ORIENTED_EDGE('',*,*,#2572,.T.);
#2570=EDGE_CURVE('',#197,#195,#2573,.F.);
#2571=EDGE_CURVE('',#195,#199,#2574,.T.);
#2572=EDGE_CURVE('',#199,#197,#2575,.T.);
#2573=LINE('',#196,#2576);
#2574=LINE('',#194,#2577);
#2575=LINE('',#198,#2578);
#2576=VECTOR('',#2579,1.0);
#2577=VECTOR('',#2580,1.0);
#2578=VECTOR('',#2581,1.0);
#2579=DIRECTION('',(-0.001987263185201068,-0.9999980253905667,-1.496793794589862E-08));
#2580=DIRECTION('',(0.9569337934297512,-0.2903062434604989,0));
#2581=DIRECTION('',(0,0.9999999999999999,1.495894905364901E-08));
#2582=FACE_SURFACE('',(#2587),#2583,.T.);
#2583=PLANE('',#2584);
#2584=AXIS2_PLACEMENT_3D('',#200,#2585,#2586);
#2585=DIRECTION('',(7.996573396602025E-09,-1.495894905364901E-08,0.9999999999999999));
#2586=DIRECTION('',(-0.8819004660485841,-0.4714356456434859,0));
#2587=FACE_BOUND('',#2588,.T.);
#2588=EDGE_LOOP('',(#2589,#2590,#2591));
#2589=ORIENTED_EDGE('',*,*,#2592,.T.);
#2590=ORIENTED_EDGE('',*,*,#2593,.T.);
#2591=ORIENTED_EDGE('',*,*,#2594,.T.);
#2592=EDGE_CURVE('',#201,#197,#2595,.F.);
#2593=EDGE_CURVE('',#197,#199,#2596,.T.);
#2594=EDGE_CURVE('',#199,#201,#2597,.T.);
#2595=LINE('',#200,#2598);
#2596=LINE('',#196,#2599);
#2597=LINE('',#198,#2600);
#2598=VECTOR('',#2601,1.0);
#2599=VECTOR('',#2602,1.0);
#2600=VECTOR('',#2603,1.0);
#2601=DIRECTION('',(-0.8819004660485841,-0.4714356456434859,0));
#2602=DIRECTION('',(0,-0.9999999999999999,-1.495894905364901E-08));
#2603=DIRECTION('',(0.0018287041848566,0.9999983279191041,1.49443006738412E-08));
#2604=FACE_SURFACE('',(#2609),#2605,.T.);
#2605=PLANE('',#2606);
#2606=AXIS2_PLACEMENT_3D('',#200,#2607,#2608);
#2607=DIRECTION('',(-7.97997917346527E-09,-1.4929732616252302E-08,0.9999999999999999));
#2608=DIRECTION('',(-0.0018287041848566,-0.9999983279191041,-1.49443006738412E-08));
#2609=FACE_BOUND('',#2610,.T.);
#2610=EDGE_LOOP('',(#2611,#2612,#2613));
#2611=ORIENTED_EDGE('',*,*,#2614,.T.);
#2612=ORIENTED_EDGE('',*,*,#2615,.T.);
#2613=ORIENTED_EDGE('',*,*,#2616,.T.);
#2614=EDGE_CURVE('',#201,#199,#2617,.F.);
#2615=EDGE_CURVE('',#199,#203,#2618,.T.);
#2616=EDGE_CURVE('',#203,#201,#2619,.T.);
#2617=LINE('',#200,#2620);
#2618=LINE('',#198,#2621);
#2619=LINE('',#202,#2622);
#2620=VECTOR('',#2623,1.0);
#2621=VECTOR('',#2624,1.0);
#2622=VECTOR('',#2625,1.0);
#2623=DIRECTION('',(-0.0018287041848566,-0.9999983279191041,-1.49443006738412E-08));
#2624=DIRECTION('',(0.8819244364239385,-0.47139080224195967,0));
#2625=DIRECTION('',(0,0.9999999999999999,1.4929732616252302E-08));
#2626=FACE_SURFACE('',(#2631),#2627,.T.);
#2627=PLANE('',#2628);
#2628=AXIS2_PLACEMENT_3D('',#204,#2629,#2630);
#2629=DIRECTION('',(1.2252135683621686E-08,-1.4929732616252302E-08,0.9999999999999999));
#2630=DIRECTION('',(-0.7730200822975113,-0.6343815510910993,0));
#2631=FACE_BOUND('',#2632,.T.);
#2632=EDGE_LOOP('',(#2633,#2634,#2635));
#2633=ORIENTED_EDGE('',*,*,#2636,.T.);
#2634=ORIENTED_EDGE('',*,*,#2637,.T.);
#2635=ORIENTED_EDGE('',*,*,#2638,.T.);
#2636=EDGE_CURVE('',#205,#201,#2639,.F.);
#2637=EDGE_CURVE('',#201,#203,#2640,.T.);
#2638=EDGE_CURVE('',#203,#205,#2641,.T.);
#2639=LINE('',#204,#2642);
#2640=LINE('',#200,#2643);
#2641=LINE('',#202,#2644);
#2642=VECTOR('',#2645,1.0);
#2643=VECTOR('',#2646,1.0);
#2644=VECTOR('',#2647,1.0);
#2645=DIRECTION('',(-0.7730200822975113,-0.6343815510910993,0));
#2646=DIRECTION('',(0,-0.9999999999999999,-1.4929732616252302E-08));
#2647=DIRECTION('',(0.0015991998212917904,0.9999987212791481,1.4910119912096206E-08));
#2648=FACE_SURFACE('',(#2653),#2649,.T.);
#2649=PLANE('',#2650);
#2650=AXIS2_PLACEMENT_3D('',#204,#2651,#2652);
#2651=DIRECTION('',(-1.2220573263682963E-08,-1.48905958144322E-08,0.9999999999999998));
#2652=DIRECTION('',(-0.0015991998212917904,-0.9999987212791481,-1.4910119912096206E-08));
#2653=FACE_BOUND('',#2654,.T.);
#2654=EDGE_LOOP('',(#2655,#2656,#2657));
#2655=ORIENTED_EDGE('',*,*,#2658,.T.);
#2656=ORIENTED_EDGE('',*,*,#2659,.T.);
#2657=ORIENTED_EDGE('',*,*,#2660,.T.);
#2658=EDGE_CURVE('',#205,#203,#2661,.F.);
#2659=EDGE_CURVE('',#203,#207,#2662,.T.);
#2660=EDGE_CURVE('',#207,#205,#2663,.T.);
#2661=LINE('',#204,#2664);
#2662=LINE('',#202,#2665);
#2663=LINE('',#206,#2666);
#2664=VECTOR('',#2667,1.0);
#2665=VECTOR('',#2668,1.0);
#2666=VECTOR('',#2669,1.0);
#2667=DIRECTION('',(-0.0015991998212917904,-0.9999987212791481,-1.4910119912096206E-08));
#2668=DIRECTION('',(0.7730059449332992,-0.6343987776610048,0));
#2669=DIRECTION('',(0,1,1.4890595814432203E-08));
#2670=FACE_SURFACE('',(#2675),#2671,.T.);
#2671=PLANE('',#2672);
#2672=AXIS2_PLACEMENT_3D('',#208,#2673,#2674);
#2673=DIRECTION('',(1.8142331705206516E-08,-1.4890595814432198E-08,0.9999999999999997));
#2674=DIRECTION('',(-0.6344332279654685,-0.7729776706046017,0));
#2675=FACE_BOUND('',#2676,.T.);
#2676=EDGE_LOOP('',(#2677,#2678,#2679));
#2677=ORIENTED_EDGE('',*,*,#2680,.T.);
#2678=ORIENTED_EDGE('',*,*,#2681,.T.);
#2679=ORIENTED_EDGE('',*,*,#2682,.T.);
#2680=EDGE_CURVE('',#209,#205,#2683,.F.);
#2681=EDGE_CURVE('',#205,#207,#2684,.T.);
#2682=EDGE_CURVE('',#207,#209,#2685,.T.);
#2683=LINE('',#208,#2686);
#2684=LINE('',#204,#2687);
#2685=LINE('',#206,#2688);
#2686=VECTOR('',#2689,1.0);
#2687=VECTOR('',#2690,1.0);
#2688=VECTOR('',#2691,1.0);
#2689=DIRECTION('',(-0.6344332279654685,-0.7729776706046017,0));
#2690=DIRECTION('',(0,-1,-1.4890595814432203E-08));
#2691=DIRECTION('',(0.0013087575838386374,0.9999991435764265,1.4866839147567218E-08));
#2692=FACE_SURFACE('',(#2697),#2693,.T.);
#2693=PLANE('',#2694);
#2694=AXIS2_PLACEMENT_3D('',#208,#2695,#2696);
#2695=DIRECTION('',(-1.8084565777420454E-08,-1.4843183547007882E-08,0.9999999999999997));
#2696=DIRECTION('',(-0.0013087575838386374,-0.9999991435764265,-1.4866839147567218E-08));
#2697=FACE_BOUND('',#2698,.T.);
#2698=EDGE_LOOP('',(#2699,#2700,#2701));
#2699=ORIENTED_EDGE('',*,*,#2702,.T.);
#2700=ORIENTED_EDGE('',*,*,#2703,.T.);
#2701=ORIENTED_EDGE('',*,*,#2704,.T.);
#2702=EDGE_CURVE('',#209,#207,#2705,.F.);
#2703=EDGE_CURVE('',#207,#211,#2706,.T.);
#2704=EDGE_CURVE('',#211,#209,#2707,.T.);
#2705=LINE('',#208,#2708);
#2706=LINE('',#206,#2709);
#2707=LINE('',#210,#2710);
#2708=VECTOR('',#2711,1.0);
#2709=VECTOR('',#2712,1.0);
#2710=VECTOR('',#2713,1.0);
#2711=DIRECTION('',(-0.0013087575838386374,-0.9999991435764265,-1.4866839147567218E-08));
#2712=DIRECTION('',(0.6344332279654685,-0.7729776706046017,0));
#2713=DIRECTION('',(0,1,1.4843183547007887E-08));
#2714=FACE_SURFACE('',(#2719),#2715,.T.);
#2715=PLANE('',#2716);
#2716=AXIS2_PLACEMENT_3D('',#212,#2717,#2718);
#2717=DIRECTION('',(2.777173259244759E-08,-1.484318354700788E-08,0.9999999999999996));
#2718=DIRECTION('',(-0.4713691521291874,-0.8819360081213439,0));
#2719=FACE_BOUND('',#2720,.T.);
#2720=EDGE_LOOP('',(#2721,#2722,#2723));
#2721=ORIENTED_EDGE('',*,*,#2724,.T.);
#2722=ORIENTED_EDGE('',*,*,#2725,.T.);
#2723=ORIENTED_EDGE('',*,*,#2726,.T.);
#2724=EDGE_CURVE('',#213,#209,#2727,.F.);
#2725=EDGE_CURVE('',#209,#211,#2728,.T.);
#2726=EDGE_CURVE('',#211,#213,#2729,.T.);
#2727=LINE('',#212,#2730);
#2728=LINE('',#208,#2731);
#2729=LINE('',#210,#2732);
#2730=VECTOR('',#2733,1.0);
#2731=VECTOR('',#2734,1.0);
#2732=VECTOR('',#2735,1.0);
#2733=DIRECTION('',(-0.4713691521291874,-0.8819360081213439,0));
#2734=DIRECTION('',(0,-1,-1.4843183547007887E-08));
#2735=DIRECTION('',(0.0009689838107471503,0.9999995305350771,1.4816266219375386E-08));
#2736=FACE_SURFACE('',(#2741),#2737,.T.);
#2737=PLANE('',#2738);
#2738=AXIS2_PLACEMENT_3D('',#212,#2739,#2740);
#2739=DIRECTION('',(-2.7672118639023026E-08,-1.4789459327537476E-08,0.9999999999999996));
#2740=DIRECTION('',(-0.0009689838107471503,-0.9999995305350771,-1.4816266219375386E-08));
#2741=FACE_BOUND('',#2742,.T.);
#2742=EDGE_LOOP('',(#2743,#2744,#2745));
#2743=ORIENTED_EDGE('',*,*,#2746,.T.);
#2744=ORIENTED_EDGE('',*,*,#2747,.T.);
#2745=ORIENTED_EDGE('',*,*,#2748,.T.);
#2746=EDGE_CURVE('',#213,#211,#2749,.F.);
#2747=EDGE_CURVE('',#211,#215,#2750,.T.);
#2748=EDGE_CURVE('',#215,#213,#2751,.T.);
#2749=LINE('',#212,#2752);
#2750=LINE('',#210,#2753);
#2751=LINE('',#214,#2754);
#2752=VECTOR('',#2755,1.0);
#2753=VECTOR('',#2756,1.0);
#2754=VECTOR('',#2757,1.0);
#2755=DIRECTION('',(-0.0009689838107471503,-0.9999995305350771,-1.4816266219375386E-08));
#2756=DIRECTION('',(0.4713571672912036,-0.8819424135640673,0));
#2757=DIRECTION('',(0,1,1.4789459327537483E-08));
#2758=FACE_SURFACE('',(#2763),#2759,.T.);
#2759=PLANE('',#2760);
#2760=AXIS2_PLACEMENT_3D('',#216,#2761,#2762);
#2761=DIRECTION('',(4.876055948731412E-08,-1.4789459327537463E-08,0.9999999999999988));
#2762=DIRECTION('',(-0.2902506262701716,-0.9569506643238057,0));
#2763=FACE_BOUND('',#2764,.T.);
#2764=EDGE_LOOP('',(#2765,#2766,#2767));
#2765=ORIENTED_EDGE('',*,*,#2768,.T.);
#2766=ORIENTED_EDGE('',*,*,#2769,.T.);
#2767=ORIENTED_EDGE('',*,*,#2770,.T.);
#2768=EDGE_CURVE('',#217,#213,#2771,.F.);
#2769=EDGE_CURVE('',#213,#215,#2772,.T.);
#2770=EDGE_CURVE('',#215,#217,#2773,.T.);
#2771=LINE('',#216,#2774);
#2772=LINE('',#212,#2775);
#2773=LINE('',#214,#2776);
#2774=VECTOR('',#2777,1.0);
#2775=VECTOR('',#2778,1.0);
#2776=VECTOR('',#2779,1.0);
#2777=DIRECTION('',(-0.2902506262701716,-0.9569506643238057,0));
#2778=DIRECTION('',(0,-1,-1.4789459327537483E-08));
#2779=DIRECTION('',(0.0005944337200811031,0.9999998233242605,1.4760471793829538E-08));
#2780=FACE_SURFACE('',(#2785),#2781,.T.);
#2781=PLANE('',#2782);
#2782=AXIS2_PLACEMENT_3D('',#216,#2783,#2784);
#2783=DIRECTION('',(-2.483114818463714E-05,0,0.9999999996917069));
#2784=DIRECTION('',(-0.0005944337200811031,-0.9999998233242605,-1.4760471793829538E-08));
#2785=FACE_BOUND('',#2786,.T.);
#2786=EDGE_LOOP('',(#2787,#2788,#2789));
#2787=ORIENTED_EDGE('',*,*,#2790,.T.);
#2788=ORIENTED_EDGE('',*,*,#2791,.T.);
#2789=ORIENTED_EDGE('',*,*,#2792,.T.);
#2790=EDGE_CURVE('',#217,#215,#2793,.F.);
#2791=EDGE_CURVE('',#215,#219,#2794,.T.);
#2792=EDGE_CURVE('',#219,#217,#2795,.T.);
#2793=LINE('',#216,#2796);
#2794=LINE('',#214,#2797);
#2795=LINE('',#218,#2798);
#2796=VECTOR('',#2799,1.0);
#2797=VECTOR('',#2800,1.0);
#2798=VECTOR('',#2801,1.0);
#2799=DIRECTION('',(-0.0005944337200811031,-0.9999998233242605,-1.4760471793829538E-08));
#2800=DIRECTION('',(0.2902506262626331,-0.9569506642989515,7.207256313633122E-06));
#2801=DIRECTION('',(0,1,0));
#2802=FACE_SURFACE('',(#2807),#2803,.T.);
#2803=PLANE('',#2804);
#2804=AXIS2_PLACEMENT_3D('',#220,#2805,#2806);
#2805=DIRECTION('',(0,0,1));
#2806=DIRECTION('',(-0.09801370778414571,-0.9951850647424347,0));
#2807=FACE_BOUND('',#2808,.T.);
#2808=EDGE_LOOP('',(#2809,#2810,#2811));
#2809=ORIENTED_EDGE('',*,*,#2812,.T.);
#2810=ORIENTED_EDGE('',*,*,#2813,.T.);
#2811=ORIENTED_EDGE('',*,*,#2814,.T.);
#2812=EDGE_CURVE('',#221,#217,#2815,.F.);
#2813=EDGE_CURVE('',#217,#219,#2816,.T.);
#2814=EDGE_CURVE('',#219,#221,#2817,.T.);
#2815=LINE('',#220,#2818);
#2816=LINE('',#216,#2819);
#2817=LINE('',#218,#2820);
#2818=VECTOR('',#2821,1.0);
#2819=VECTOR('',#2822,1.0);
#2820=VECTOR('',#2823,1.0);
#2821=DIRECTION('',(-0.09801370778414571,-0.9951850647424347,0));
#2822=DIRECTION('',(0,-1,0));
#2823=DIRECTION('',(0.00019994305927580937,0.9999999800113862,0));
#2824=FACE_SURFACE('',(#2829),#2825,.T.);
#2825=PLANE('',#2826);
#2826=AXIS2_PLACEMENT_3D('',#220,#2827,#2828);
#2827=DIRECTION('',(0,0,1));
#2828=DIRECTION('',(-0.00019994305927580937,-0.9999999800113862,0));
#2829=FACE_BOUND('',#2830,.T.);
#2830=EDGE_LOOP('',(#2831,#2832,#2833));
#2831=ORIENTED_EDGE('',*,*,#2834,.T.);
#2832=ORIENTED_EDGE('',*,*,#2835,.T.);
#2833=ORIENTED_EDGE('',*,*,#2836,.T.);
#2834=EDGE_CURVE('',#221,#219,#2837,.F.);
#2835=EDGE_CURVE('',#219,#223,#2838,.T.);
#2836=EDGE_CURVE('',#223,#221,#2839,.T.);
#2837=LINE('',#220,#2840);
#2838=LINE('',#218,#2841);
#2839=LINE('',#222,#2842);
#2840=VECTOR('',#2843,1.0);
#2841=VECTOR('',#2844,1.0);
#2842=VECTOR('',#2845,1.0);
#2843=DIRECTION('',(-0.00019994305927580937,-0.9999999800113862,0));
#2844=DIRECTION('',(0.09801933188841773,-0.995184510820053,0));
#2845=DIRECTION('',(0,1,0));
#2846=FACE_SURFACE('',(#2851),#2847,.T.);
#2847=PLANE('',#2848);
#2848=AXIS2_PLACEMENT_3D('',#224,#2849,#2850);
#2849=DIRECTION('',(0.006369238858126671,-0.007760927522140376,0.9999495991300582));
#2850=DIRECTION('',(-0.7730099530218411,-0.634393893830301,0));
#2851=FACE_BOUND('',#2852,.T.);
#2852=EDGE_LOOP('',(#2853,#2854,#2855));
#2853=ORIENTED_EDGE('',*,*,#2856,.T.);
#2854=ORIENTED_EDGE('',*,*,#2857,.T.);
#2855=ORIENTED_EDGE('',*,*,#2858,.T.);
#2856=EDGE_CURVE('',#225,#109,#2859,.F.);
#2857=EDGE_CURVE('',#109,#63,#2860,.T.);
#2858=EDGE_CURVE('',#63,#225,#2861,.T.);
#2859=LINE('',#224,#2862);
#2860=LINE('',#108,#2863);
#2861=LINE('',#62,#2864);
#2862=VECTOR('',#2865,1.0);
#2863=VECTOR('',#2866,1.0);
#2864=VECTOR('',#2867,1.0);
#2865=DIRECTION('',(-0.7730099530218411,-0.634393893830301,0));
#2866=DIRECTION('',(0.1953001349462378,-0.9807035418017138,-0.008855528643473852));
#2867=DIRECTION('',(-0.17739053103574476,0.9841014809187522,0.008767824837177328));
#2868=FACE_SURFACE('',(#2873),#2869,.T.);
#2869=PLANE('',#2870);
#2870=AXIS2_PLACEMENT_3D('',#64,#2871,#2872);
#2871=DIRECTION('',(0.0076474825141132855,0.014306817159798268,0.9998684068385962));
#2872=DIRECTION('',(-0.4534918394924009,-0.8911128375632651,0.01621919368355009));
#2873=FACE_BOUND('',#2874,.T.);
#2874=EDGE_LOOP('',(#2875,#2876,#2877));
#2875=ORIENTED_EDGE('',*,*,#2878,.T.);
#2876=ORIENTED_EDGE('',*,*,#2879,.T.);
#2877=ORIENTED_EDGE('',*,*,#2880,.T.);
#2878=EDGE_CURVE('',#65,#131,#2881,.F.);
#2879=EDGE_CURVE('',#131,#227,#2882,.T.);
#2880=EDGE_CURVE('',#227,#65,#2883,.T.);
#2881=LINE('',#64,#2884);
#2882=LINE('',#130,#2885);
#2883=LINE('',#226,#2886);
#2884=VECTOR('',#2887,1.0);
#2885=VECTOR('',#2888,1.0);
#2886=VECTOR('',#2889,1.0);
#2887=DIRECTION('',(-0.4534918394924009,-0.8911128375632651,0.01621919368355009));
#2888=DIRECTION('',(0.8819128220802445,-0.4714125308585456,0));
#2889=DIRECTION('',(0.4054498533064851,0.9139741029922827,-0.01617886007115703));
#2890=FACE_SURFACE('',(#2895),#2891,.T.);
#2891=PLANE('',#2892);
#2892=AXIS2_PLACEMENT_3D('',#64,#2893,#2894);
#2893=DIRECTION('',(0.010648336961833172,0.01297543773208792,0.999859115543589));
#2894=DIRECTION('',(-0.4054498533064851,-0.9139741029922827,0.01617886007115703));
#2895=FACE_BOUND('',#2896,.T.);
#2896=EDGE_LOOP('',(#2897,#2898,#2899));
#2897=ORIENTED_EDGE('',*,*,#2900,.T.);
#2898=ORIENTED_EDGE('',*,*,#2901,.T.);
#2899=ORIENTED_EDGE('',*,*,#2902,.T.);
#2900=EDGE_CURVE('',#65,#227,#2903,.F.);
#2901=EDGE_CURVE('',#227,#229,#2904,.T.);
#2902=EDGE_CURVE('',#229,#65,#2905,.T.);
#2903=LINE('',#64,#2906);
#2904=LINE('',#226,#2907);
#2905=LINE('',#228,#2908);
#2906=VECTOR('',#2909,1.0);
#2907=VECTOR('',#2910,1.0);
#2908=VECTOR('',#2911,1.0);
#2909=DIRECTION('',(-0.4054498533064851,-0.9139741029922827,0.01617886007115703));
#2910=DIRECTION('',(0.7730200822975113,-0.6343815510910993,0));
#2911=DIRECTION('',(0.3173089806190975,0.9481924992216322,-0.015684235343301618));
#2912=FACE_SURFACE('',(#2917),#2913,.T.);
#2913=PLANE('',#2914);
#2914=AXIS2_PLACEMENT_3D('',#230,#2915,#2916);
#2915=DIRECTION('',(0.008899789564840612,-0.007304638201798022,0.9999337158064241));
#2916=DIRECTION('',(-0.6344332279654685,-0.7729776706046017,0));
#2917=FACE_BOUND('',#2918,.T.);
#2918=EDGE_LOOP('',(#2919,#2920,#2921));
#2919=ORIENTED_EDGE('',*,*,#2922,.T.);
#2920=ORIENTED_EDGE('',*,*,#2923,.T.);
#2921=ORIENTED_EDGE('',*,*,#2924,.T.);
#2922=EDGE_CURVE('',#231,#225,#2925,.F.);
#2923=EDGE_CURVE('',#225,#63,#2926,.T.);
#2924=EDGE_CURVE('',#63,#231,#2927,.T.);
#2925=LINE('',#230,#2928);
#2926=LINE('',#224,#2929);
#2927=LINE('',#62,#2930);
#2928=VECTOR('',#2931,1.0);
#2929=VECTOR('',#2932,1.0);
#2930=VECTOR('',#2933,1.0);
#2931=DIRECTION('',(-0.6344332279654685,-0.7729776706046017,0));
#2932=DIRECTION('',(0.17739053103574476,-0.9841014809187522,-0.008767824837177328));
#2933=DIRECTION('',(-0.13763259097116934,0.9904472186240245,0.008460320472452747));
#2934=FACE_SURFACE('',(#2939),#2935,.T.);
#2935=PLANE('',#2936);
#2936=AXIS2_PLACEMENT_3D('',#232,#2937,#2938);
#2937=DIRECTION('',(0.012683197257712771,-0.006778578555295627,0.9998965883430604));
#2938=DIRECTION('',(-0.4713571672912036,-0.8819424135640673,0));
#2939=FACE_BOUND('',#2940,.T.);
#2940=EDGE_LOOP('',(#2941,#2942,#2943));
#2941=ORIENTED_EDGE('',*,*,#2944,.T.);
#2942=ORIENTED_EDGE('',*,*,#2945,.T.);
#2943=ORIENTED_EDGE('',*,*,#2946,.T.);
#2944=EDGE_CURVE('',#233,#231,#2947,.F.);
#2945=EDGE_CURVE('',#231,#63,#2948,.T.);
#2946=EDGE_CURVE('',#63,#233,#2949,.T.);
#2947=LINE('',#232,#2950);
#2948=LINE('',#230,#2951);
#2949=LINE('',#62,#2952);
#2950=VECTOR('',#2953,1.0);
#2951=VECTOR('',#2954,1.0);
#2952=VECTOR('',#2955,1.0);
#2953=DIRECTION('',(-0.4713571672912036,-0.8819424135640673,0));
#2954=DIRECTION('',(0.13763259097116934,-0.9904472186240245,-0.008460320472452747));
#2955=DIRECTION('',(-0.10804950725687464,0.9941124348690059,0.008109921107072704));
#2956=FACE_SURFACE('',(#2961),#2957,.T.);
#2957=PLANE('',#2958);
#2958=AXIS2_PLACEMENT_3D('',#64,#2959,#2960);
#2959=DIRECTION('',(0.014313445725563296,0.011748417317278822,0.9998285352809253));
#2960=DIRECTION('',(-0.3173089806190975,-0.9481924992216322,0.015684235343301618));
#2961=FACE_BOUND('',#2962,.T.);
#2962=EDGE_LOOP('',(#2963,#2964,#2965));
#2963=ORIENTED_EDGE('',*,*,#2966,.T.);
#2964=ORIENTED_EDGE('',*,*,#2967,.T.);
#2965=ORIENTED_EDGE('',*,*,#2968,.T.);
#2966=EDGE_CURVE('',#65,#229,#2969,.F.);
#2967=EDGE_CURVE('',#229,#235,#2970,.T.);
#2968=EDGE_CURVE('',#235,#65,#2971,.T.);
#2969=LINE('',#64,#2972);
#2970=LINE('',#228,#2973);
#2971=LINE('',#234,#2974);
#2972=VECTOR('',#2975,1.0);
#2973=VECTOR('',#2976,1.0);
#2974=VECTOR('',#2977,1.0);
#2975=DIRECTION('',(-0.3173089806190975,-0.9481924992216322,0.015684235343301618));
#2976=DIRECTION('',(0.6344473652054492,-0.7729660670326113,0));
#2977=DIRECTION('',(0.241756152353385,0.9702232210395618,-0.01486149907998319));
#2978=FACE_SURFACE('',(#2983),#2979,.T.);
#2979=PLANE('',#2980);
#2980=AXIS2_PLACEMENT_3D('',#64,#2981,#2982);
#2981=DIRECTION('',(0.01954264527129563,0.010444292818150673,0.9997544707393555));
#2982=DIRECTION('',(-0.241756152353385,-0.9702232210395618,0.01486149907998319));
#2983=FACE_BOUND('',#2984,.T.);
#2984=EDGE_LOOP('',(#2985,#2986,#2987));
#2985=ORIENTED_EDGE('',*,*,#2988,.T.);
#2986=ORIENTED_EDGE('',*,*,#2989,.T.);
#2987=ORIENTED_EDGE('',*,*,#2990,.T.);
#2988=EDGE_CURVE('',#65,#235,#2991,.F.);
#2989=EDGE_CURVE('',#235,#237,#2992,.T.);
#2990=EDGE_CURVE('',#237,#65,#2993,.T.);
#2991=LINE('',#64,#2994);
#2992=LINE('',#234,#2995);
#2993=LINE('',#236,#2996);
#2994=VECTOR('',#2997,1.0);
#2995=VECTOR('',#2998,1.0);
#2996=VECTOR('',#2999,1.0);
#2997=DIRECTION('',(-0.241756152353385,-0.9702232210395618,0.01486149907998319));
#2998=DIRECTION('',(0.4713451829756127,-0.8819488185182213,0));
#2999=DIRECTION('',(0.18492220249261815,0.9826551343702641,-0.013880415016758674));
#3000=FACE_SURFACE('',(#3005),#3001,.T.);
#3001=PLANE('',#3002);
#3002=AXIS2_PLACEMENT_3D('',#238,#3003,#3004);
#3003=DIRECTION('',(0.019778478401266217,-0.006006497172078242,0.9997863440674976));
#3004=DIRECTION('',(-0.2902506262626331,-0.9569506642989515,-7.207256313633122E-06));
#3005=FACE_BOUND('',#3006,.T.);
#3006=EDGE_LOOP('',(#3007,#3008,#3009));
#3007=ORIENTED_EDGE('',*,*,#3010,.T.);
#3008=ORIENTED_EDGE('',*,*,#3011,.T.);
#3009=ORIENTED_EDGE('',*,*,#3012,.T.);
#3010=EDGE_CURVE('',#239,#233,#3013,.F.);
#3011=EDGE_CURVE('',#233,#63,#3014,.T.);
#3012=EDGE_CURVE('',#63,#239,#3015,.T.);
#3013=LINE('',#238,#3016);
#3014=LINE('',#232,#3017);
#3015=LINE('',#62,#3018);
#3016=VECTOR('',#3019,1.0);
#3017=VECTOR('',#3020,1.0);
#3018=VECTOR('',#3021,1.0);
#3019=DIRECTION('',(-0.2902506262626331,-0.9569506642989515,-7.207256313633122E-06));
#3020=DIRECTION('',(0.10804950725687464,-0.9941124348690059,-0.008109921107072704));
#3021=DIRECTION('',(-0.08916972763622277,0.9959863116717389,0.007747685835626707));
#3022=FACE_SURFACE('',(#3027),#3023,.T.);
#3023=PLANE('',#3024);
#3024=AXIS2_PLACEMENT_3D('',#222,#3025,#3026);
#3025=DIRECTION('',(0.041337096787467685,-0.0040713226464294235,0.9991369619632197));
#3026=DIRECTION('',(-0.09801651975599646,-0.9951847877931628,0));
#3027=FACE_BOUND('',#3028,.T.);
#3028=EDGE_LOOP('',(#3029,#3030,#3031));
#3029=ORIENTED_EDGE('',*,*,#3032,.T.);
#3030=ORIENTED_EDGE('',*,*,#3033,.T.);
#3031=ORIENTED_EDGE('',*,*,#3034,.T.);
#3032=EDGE_CURVE('',#223,#239,#3035,.F.);
#3033=EDGE_CURVE('',#239,#63,#3036,.T.);
#3034=EDGE_CURVE('',#63,#223,#3037,.T.);
#3035=LINE('',#222,#3038);
#3036=LINE('',#238,#3039);
#3037=LINE('',#62,#3040);
#3038=VECTOR('',#3041,1.0);
#3039=VECTOR('',#3042,1.0);
#3040=VECTOR('',#3043,1.0);
#3041=DIRECTION('',(-0.09801651975599646,-0.9951847877931628,0));
#3042=DIRECTION('',(0.08916972763622277,-0.9959863116717389,-0.007747685835626707));
#3043=DIRECTION('',(-0.08058976534297409,0.9967199172144716,0.007395698069907241));
#3044=FACE_SURFACE('',(#3049),#3045,.T.);
#3045=PLANE('',#3046);
#3046=AXIS2_PLACEMENT_3D('',#64,#3047,#3048);
#3047=DIRECTION('',(0.028726799942217916,0.008713063258969993,0.9995493251929716));
#3048=DIRECTION('',(-0.18492220249261815,-0.9826551343702641,0.013880415016758674));
#3049=FACE_BOUND('',#3050,.T.);
#3050=EDGE_LOOP('',(#3051,#3052,#3053));
#3051=ORIENTED_EDGE('',*,*,#3054,.T.);
#3052=ORIENTED_EDGE('',*,*,#3055,.T.);
#3053=ORIENTED_EDGE('',*,*,#3056,.T.);
#3054=EDGE_CURVE('',#65,#237,#3057,.F.);
#3055=EDGE_CURVE('',#237,#241,#3058,.T.);
#3056=EDGE_CURVE('',#241,#65,#3059,.T.);
#3057=LINE('',#64,#3060);
#3058=LINE('',#236,#3061);
#3059=LINE('',#240,#3062);
#3060=VECTOR('',#3063,1.0);
#3061=VECTOR('',#3064,1.0);
#3062=VECTOR('',#3065,1.0);
#3063=DIRECTION('',(-0.18492220249261815,-0.9826551343702641,0.013880415016758674));
#3064=DIRECTION('',(0.2902506262701716,-0.9569506643238057,0));
#3065=DIRECTION('',(0.14824352005582875,0.9888670048830658,-0.012880427595849507));
#3066=FACE_SURFACE('',(#3071),#3067,.T.);
#3067=PLANE('',#3068);
#3068=AXIS2_PLACEMENT_3D('',#220,#3069,#3070);
#3069=DIRECTION('',(0.091385689991171,0,0.9958155731182544));
#3070=DIRECTION('',(0,-1,0));
#3071=FACE_BOUND('',#3072,.T.);
#3072=EDGE_LOOP('',(#3073,#3074,#3075));
#3073=ORIENTED_EDGE('',*,*,#3076,.T.);
#3074=ORIENTED_EDGE('',*,*,#3077,.T.);
#3075=ORIENTED_EDGE('',*,*,#3078,.T.);
#3076=EDGE_CURVE('',#221,#223,#3079,.F.);
#3077=EDGE_CURVE('',#223,#63,#3080,.T.);
#3078=EDGE_CURVE('',#63,#221,#3081,.T.);
#3079=LINE('',#220,#3082);
#3080=LINE('',#222,#3083);
#3081=LINE('',#62,#3084);
#3082=VECTOR('',#3085,1.0);
#3083=VECTOR('',#3086,1.0);
#3084=VECTOR('',#3087,1.0);
#3085=DIRECTION('',(0,-1,0));
#3086=DIRECTION('',(0.08058976534297409,-0.9967199172144716,-0.007395698069907241));
#3087=DIRECTION('',(-0.0034013309510155755,0.9999941667414588,0.00031213909908393486));
#3088=FACE_SURFACE('',(#3093),#3089,.T.);
#3089=PLANE('',#3090);
#3090=AXIS2_PLACEMENT_3D('',#64,#3091,#3092);
#3091=DIRECTION('',(0.0523634301024942,0.005157464146827355,0.998614776453601));
#3092=DIRECTION('',(-0.14824352005582875,-0.9888670048830658,0.012880427595849507));
#3093=FACE_BOUND('',#3094,.T.);
#3094=EDGE_LOOP('',(#3095,#3096,#3097));
#3095=ORIENTED_EDGE('',*,*,#3098,.T.);
#3096=ORIENTED_EDGE('',*,*,#3099,.T.);
#3097=ORIENTED_EDGE('',*,*,#3100,.T.);
#3098=EDGE_CURVE('',#65,#241,#3101,.F.);
#3099=EDGE_CURVE('',#241,#221,#3102,.T.);
#3100=EDGE_CURVE('',#221,#65,#3103,.T.);
#3101=LINE('',#64,#3104);
#3102=LINE('',#240,#3105);
#3103=LINE('',#220,#3106);
#3104=VECTOR('',#3107,1.0);
#3105=VECTOR('',#3108,1.0);
#3106=VECTOR('',#3109,1.0);
#3107=DIRECTION('',(-0.14824352005582875,-0.9888670048830658,0.012880427595849507));
#3108=DIRECTION('',(0.09801933188841773,-0.995184510820053,0));
#3109=DIRECTION('',(0.13017615047306014,0.9914189112306635,-0.011946225438234244));
#3110=FACE_SURFACE('',(#3115),#3111,.T.);
#3111=PLANE('',#3112);
#3112=AXIS2_PLACEMENT_3D('',#62,#3113,#3114);
#3113=DIRECTION('',(0.09138568999117101,-0,0.9958155731182545));
#3114=DIRECTION('',(0,1,0));
#3115=FACE_BOUND('',#3116,.T.);
#3116=EDGE_LOOP('',(#3117,#3118,#3119));
#3117=ORIENTED_EDGE('',*,*,#3120,.T.);
#3118=ORIENTED_EDGE('',*,*,#3121,.T.);
#3119=ORIENTED_EDGE('',*,*,#3122,.T.);
#3120=EDGE_CURVE('',#63,#65,#3123,.F.);
#3121=EDGE_CURVE('',#65,#221,#3124,.T.);
#3122=EDGE_CURVE('',#221,#63,#3125,.T.);
#3123=LINE('',#62,#3126);
#3124=LINE('',#64,#3127);
#3125=LINE('',#220,#3128);
#3126=VECTOR('',#3129,1.0);
#3127=VECTOR('',#3130,1.0);
#3128=VECTOR('',#3131,1.0);
#3129=DIRECTION('',(0,1,0));
#3130=DIRECTION('',(-0.13017615047306014,-0.9914189112306635,0.011946225438234244));
#3131=DIRECTION('',(0.0034013309510155755,-0.9999941667414588,-0.00031213909908393486));
#3132=FACE_SURFACE('',(#3137),#3133,.T.);
#3133=PLANE('',#3134);
#3134=AXIS2_PLACEMENT_3D('',#190,#3135,#3136);
#3135=DIRECTION('',(-0.09800808432210116,-0.9951856185694766,-0));
#3136=DIRECTION('',(0,0,-1));
#3137=FACE_BOUND('',#3138,.T.);
#3138=EDGE_LOOP('',(#3139,#3140,#3141));
#3139=ORIENTED_EDGE('',*,*,#3142,.T.);
#3140=ORIENTED_EDGE('',*,*,#3143,.T.);
#3141=ORIENTED_EDGE('',*,*,#3144,.T.);
#3142=EDGE_CURVE('',#191,#243,#3145,.F.);
#3143=EDGE_CURVE('',#243,#245,#3146,.T.);
#3144=EDGE_CURVE('',#245,#191,#3147,.T.);
#3145=LINE('',#190,#3148);
#3146=LINE('',#242,#3149);
#3147=LINE('',#244,#3150);
#3148=VECTOR('',#3151,1.0);
#3149=VECTOR('',#3152,1.0);
#3150=VECTOR('',#3153,1.0);
#3151=DIRECTION('',(0,0,-1));
#3152=DIRECTION('',(0.9951856185694766,-0.09800808432210116,0));
#3153=DIRECTION('',(-0.06166290712349803,0.0060726996935434275,0.99807855813233));
#3154=FACE_SURFACE('',(#3159),#3155,.T.);
#3155=PLANE('',#3156);
#3156=AXIS2_PLACEMENT_3D('',#190,#3157,#3158);
#3157=DIRECTION('',(-0.09800808432210116,-0.9951856185694766,0));
#3158=DIRECTION('',(0.06166290712349803,-0.0060726996935434275,-0.99807855813233));
#3159=FACE_BOUND('',#3160,.T.);
#3160=EDGE_LOOP('',(#3161,#3162,#3163));
#3161=ORIENTED_EDGE('',*,*,#3164,.T.);
#3162=ORIENTED_EDGE('',*,*,#3165,.T.);
#3163=ORIENTED_EDGE('',*,*,#3166,.T.);
#3164=EDGE_CURVE('',#191,#245,#3167,.F.);
#3165=EDGE_CURVE('',#245,#195,#3168,.T.);
#3166=EDGE_CURVE('',#195,#191,#3169,.T.);
#3167=LINE('',#190,#3170);
#3168=LINE('',#244,#3171);
#3169=LINE('',#194,#3172);
#3170=VECTOR('',#3173,1.0);
#3171=VECTOR('',#3174,1.0);
#3172=VECTOR('',#3175,1.0);
#3173=DIRECTION('',(0.06166290712349803,-0.0060726996935434275,-0.99807855813233));
#3174=DIRECTION('',(0,0,1));
#3175=DIRECTION('',(-0.9951856185694766,0.09800808432210116,0));
#3176=FACE_SURFACE('',(#3181),#3177,.T.);
#3177=PLANE('',#3178);
#3178=AXIS2_PLACEMENT_3D('',#194,#3179,#3180);
#3179=DIRECTION('',(-0.2903062434604989,-0.956933793429751,-0));
#3180=DIRECTION('',(0,0,-1));
#3181=FACE_BOUND('',#3182,.T.);
#3182=EDGE_LOOP('',(#3183,#3184,#3185));
#3183=ORIENTED_EDGE('',*,*,#3186,.T.);
#3184=ORIENTED_EDGE('',*,*,#3187,.T.);
#3185=ORIENTED_EDGE('',*,*,#3188,.T.);
#3186=EDGE_CURVE('',#195,#245,#3189,.F.);
#3187=EDGE_CURVE('',#245,#247,#3190,.T.);
#3188=EDGE_CURVE('',#247,#195,#3191,.T.);
#3189=LINE('',#194,#3192);
#3190=LINE('',#244,#3193);
#3191=LINE('',#246,#3194);
#3192=VECTOR('',#3195,1.0);
#3193=VECTOR('',#3196,1.0);
#3194=VECTOR('',#3197,1.0);
#3195=DIRECTION('',(0,0,-1));
#3196=DIRECTION('',(0.9569337934297512,-0.2903062434604989,0));
#3197=DIRECTION('',(-0.059283872028638745,0.017985024987719266,0.9980791358371756));
#3198=FACE_SURFACE('',(#3203),#3199,.T.);
#3199=PLANE('',#3200);
#3200=AXIS2_PLACEMENT_3D('',#194,#3201,#3202);
#3201=DIRECTION('',(-0.2903062434604989,-0.956933793429751,0));
#3202=DIRECTION('',(0.059283872028638745,-0.017985024987719266,-0.9980791358371756));
#3203=FACE_BOUND('',#3204,.T.);
#3204=EDGE_LOOP('',(#3205,#3206,#3207));
#3205=ORIENTED_EDGE('',*,*,#3208,.T.);
#3206=ORIENTED_EDGE('',*,*,#3209,.T.);
#3207=ORIENTED_EDGE('',*,*,#3210,.T.);
#3208=EDGE_CURVE('',#195,#247,#3211,.F.);
#3209=EDGE_CURVE('',#247,#199,#3212,.T.);
#3210=EDGE_CURVE('',#199,#195,#3213,.T.);
#3211=LINE('',#194,#3214);
#3212=LINE('',#246,#3215);
#3213=LINE('',#198,#3216);
#3214=VECTOR('',#3217,1.0);
#3215=VECTOR('',#3218,1.0);
#3216=VECTOR('',#3219,1.0);
#3217=DIRECTION('',(0.059283872028638745,-0.017985024987719266,-0.9980791358371756));
#3218=DIRECTION('',(0,0,1));
#3219=DIRECTION('',(-0.9569337934297512,0.2903062434604989,0));
#3220=FACE_SURFACE('',(#3225),#3221,.T.);
#3221=PLANE('',#3222);
#3222=AXIS2_PLACEMENT_3D('',#198,#3223,#3224);
#3223=DIRECTION('',(-0.4713908022419598,-0.8819244364239387,-0));
#3224=DIRECTION('',(0,0,-1));
#3225=FACE_BOUND('',#3226,.T.);
#3226=EDGE_LOOP('',(#3227,#3228,#3229));
#3227=ORIENTED_EDGE('',*,*,#3230,.T.);
#3228=ORIENTED_EDGE('',*,*,#3231,.T.);
#3229=ORIENTED_EDGE('',*,*,#3232,.T.);
#3230=EDGE_CURVE('',#199,#247,#3233,.F.);
#3231=EDGE_CURVE('',#247,#249,#3234,.T.);
#3232=EDGE_CURVE('',#249,#199,#3235,.T.);
#3233=LINE('',#198,#3236);
#3234=LINE('',#246,#3237);
#3235=LINE('',#248,#3238);
#3236=VECTOR('',#3239,1.0);
#3237=VECTOR('',#3240,1.0);
#3238=VECTOR('',#3241,1.0);
#3239=DIRECTION('',(0,0,-1));
#3240=DIRECTION('',(0.8819244364239385,-0.47139080224195967,0));
#3241=DIRECTION('',(-0.05464002810798514,0.029205230766465713,0.9980789156295389));
#3242=FACE_SURFACE('',(#3247),#3243,.T.);
#3243=PLANE('',#3244);
#3244=AXIS2_PLACEMENT_3D('',#198,#3245,#3246);
#3245=DIRECTION('',(-0.4713908022419598,-0.8819244364239387,0));
#3246=DIRECTION('',(0.05464002810798514,-0.029205230766465713,-0.9980789156295389));
#3247=FACE_BOUND('',#3248,.T.);
#3248=EDGE_LOOP('',(#3249,#3250,#3251));
#3249=ORIENTED_EDGE('',*,*,#3252,.T.);
#3250=ORIENTED_EDGE('',*,*,#3253,.T.);
#3251=ORIENTED_EDGE('',*,*,#3254,.T.);
#3252=EDGE_CURVE('',#199,#249,#3255,.F.);
#3253=EDGE_CURVE('',#249,#203,#3256,.T.);
#3254=EDGE_CURVE('',#203,#199,#3257,.T.);
#3255=LINE('',#198,#3258);
#3256=LINE('',#248,#3259);
#3257=LINE('',#202,#3260);
#3258=VECTOR('',#3261,1.0);
#3259=VECTOR('',#3262,1.0);
#3260=VECTOR('',#3263,1.0);
#3261=DIRECTION('',(0.05464002810798514,-0.029205230766465713,-0.9980789156295389));
#3262=DIRECTION('',(0,0,1));
#3263=DIRECTION('',(-0.8819244364239385,0.47139080224195967,0));
#3264=FACE_SURFACE('',(#3269),#3265,.T.);
#3265=PLANE('',#3266);
#3266=AXIS2_PLACEMENT_3D('',#202,#3267,#3268);
#3267=DIRECTION('',(-0.6343987776610048,-0.7730059449332992,-0));
#3268=DIRECTION('',(0,0,-1));
#3269=FACE_BOUND('',#3270,.T.);
#3270=EDGE_LOOP('',(#3271,#3272,#3273));
#3271=ORIENTED_EDGE('',*,*,#3274,.T.);
#3272=ORIENTED_EDGE('',*,*,#3275,.T.);
#3273=ORIENTED_EDGE('',*,*,#3276,.T.);
#3274=EDGE_CURVE('',#203,#249,#3277,.F.);
#3275=EDGE_CURVE('',#249,#251,#3278,.T.);
#3276=EDGE_CURVE('',#251,#203,#3279,.T.);
#3277=LINE('',#202,#3280);
#3278=LINE('',#248,#3281);
#3279=LINE('',#250,#3282);
#3280=VECTOR('',#3283,1.0);
#3281=VECTOR('',#3284,1.0);
#3282=VECTOR('',#3285,1.0);
#3283=DIRECTION('',(0,0,-1));
#3284=DIRECTION('',(0.7730059449332992,-0.6343987776610048,0));
#3285=DIRECTION('',(-0.047892183714866386,0.03930466900982135,0.9980788955453622));
#3286=FACE_SURFACE('',(#3291),#3287,.T.);
#3287=PLANE('',#3288);
#3288=AXIS2_PLACEMENT_3D('',#202,#3289,#3290);
#3289=DIRECTION('',(-0.6343987776610048,-0.7730059449332992,0));
#3290=DIRECTION('',(0.047892183714866386,-0.03930466900982135,-0.9980788955453622));
#3291=FACE_BOUND('',#3292,.T.);
#3292=EDGE_LOOP('',(#3293,#3294,#3295));
#3293=ORIENTED_EDGE('',*,*,#3296,.T.);
#3294=ORIENTED_EDGE('',*,*,#3297,.T.);
#3295=ORIENTED_EDGE('',*,*,#3298,.T.);
#3296=EDGE_CURVE('',#203,#251,#3299,.F.);
#3297=EDGE_CURVE('',#251,#207,#3300,.T.);
#3298=EDGE_CURVE('',#207,#203,#3301,.T.);
#3299=LINE('',#202,#3302);
#3300=LINE('',#250,#3303);
#3301=LINE('',#206,#3304);
#3302=VECTOR('',#3305,1.0);
#3303=VECTOR('',#3306,1.0);
#3304=VECTOR('',#3307,1.0);
#3305=DIRECTION('',(0.047892183714866386,-0.03930466900982135,-0.9980788955453622));
#3306=DIRECTION('',(0,0,1));
#3307=DIRECTION('',(-0.7730059449332992,0.6343987776610048,0));
#3308=FACE_SURFACE('',(#3313),#3309,.T.);
#3309=PLANE('',#3310);
#3310=AXIS2_PLACEMENT_3D('',#250,#3311,#3312);
#3311=DIRECTION('',(-0.7729776706046017,-0.6344332279654685,0));
#3312=DIRECTION('',(0.6344332279654685,-0.7729776706046017,0));
#3313=FACE_BOUND('',#3314,.T.);
#3314=EDGE_LOOP('',(#3315,#3316,#3317));
#3315=ORIENTED_EDGE('',*,*,#3318,.T.);
#3316=ORIENTED_EDGE('',*,*,#3319,.T.);
#3317=ORIENTED_EDGE('',*,*,#3320,.T.);
#3318=EDGE_CURVE('',#251,#253,#3321,.F.);
#3319=EDGE_CURVE('',#253,#211,#3322,.T.);
#3320=EDGE_CURVE('',#211,#251,#3323,.T.);
#3321=LINE('',#250,#3324);
#3322=LINE('',#252,#3325);
#3323=LINE('',#210,#3326);
#3324=VECTOR('',#3327,1.0);
#3325=VECTOR('',#3328,1.0);
#3326=VECTOR('',#3329,1.0);
#3327=DIRECTION('',(0.6344332279654685,-0.7729776706046017,0));
#3328=DIRECTION('',(0,0,1));
#3329=DIRECTION('',(-0.03930823566806468,0.04789217699034379,-0.9980787554054987));
#3330=FACE_SURFACE('',(#3335),#3331,.T.);
#3331=PLANE('',#3332);
#3332=AXIS2_PLACEMENT_3D('',#250,#3333,#3334);
#3333=DIRECTION('',(-0.7729776706046017,-0.6344332279654685,0));
#3334=DIRECTION('',(0.03930823566806468,-0.04789217699034379,0.9980787554054987));
#3335=FACE_BOUND('',#3336,.T.);
#3336=EDGE_LOOP('',(#3337,#3338,#3339));
#3337=ORIENTED_EDGE('',*,*,#3340,.T.);
#3338=ORIENTED_EDGE('',*,*,#3341,.T.);
#3339=ORIENTED_EDGE('',*,*,#3342,.T.);
#3340=EDGE_CURVE('',#251,#211,#3343,.F.);
#3341=EDGE_CURVE('',#211,#207,#3344,.T.);
#3342=EDGE_CURVE('',#207,#251,#3345,.T.);
#3343=LINE('',#250,#3346);
#3344=LINE('',#210,#3347);
#3345=LINE('',#206,#3348);
#3346=VECTOR('',#3349,1.0);
#3347=VECTOR('',#3350,1.0);
#3348=VECTOR('',#3351,1.0);
#3349=DIRECTION('',(0.03930823566806468,-0.04789217699034379,0.9980787554054987));
#3350=DIRECTION('',(-0.6344332279654685,0.7729776706046017,0));
#3351=DIRECTION('',(0,0,-1));
#3352=FACE_SURFACE('',(#3357),#3353,.T.);
#3353=PLANE('',#3354);
#3354=AXIS2_PLACEMENT_3D('',#252,#3355,#3356);
#3355=DIRECTION('',(-0.8819424135640673,-0.4713571672912036,0));
#3356=DIRECTION('',(0.4713571672912036,-0.8819424135640673,0));
#3357=FACE_BOUND('',#3358,.T.);
#3358=EDGE_LOOP('',(#3359,#3360,#3361));
#3359=ORIENTED_EDGE('',*,*,#3362,.T.);
#3360=ORIENTED_EDGE('',*,*,#3363,.T.);
#3361=ORIENTED_EDGE('',*,*,#3364,.T.);
#3362=EDGE_CURVE('',#253,#255,#3365,.F.);
#3363=EDGE_CURVE('',#255,#215,#3366,.T.);
#3364=EDGE_CURVE('',#215,#253,#3367,.T.);
#3365=LINE('',#252,#3368);
#3366=LINE('',#254,#3369);
#3367=LINE('',#214,#3370);
#3368=VECTOR('',#3371,1.0);
#3369=VECTOR('',#3372,1.0);
#3370=VECTOR('',#3373,1.0);
#3371=DIRECTION('',(0.4713571672912036,-0.8819424135640673,0));
#3372=DIRECTION('',(0,0,1));
#3373=DIRECTION('',(-0.029202553918128777,0.0546400323830823,-0.998078993720354));
#3374=FACE_SURFACE('',(#3379),#3375,.T.);
#3375=PLANE('',#3376);
#3376=AXIS2_PLACEMENT_3D('',#252,#3377,#3378);
#3377=DIRECTION('',(-0.8819424135640673,-0.4713571672912036,0));
#3378=DIRECTION('',(0.029202553918128777,-0.0546400323830823,0.998078993720354));
#3379=FACE_BOUND('',#3380,.T.);
#3380=EDGE_LOOP('',(#3381,#3382,#3383));
#3381=ORIENTED_EDGE('',*,*,#3384,.T.);
#3382=ORIENTED_EDGE('',*,*,#3385,.T.);
#3383=ORIENTED_EDGE('',*,*,#3386,.T.);
#3384=EDGE_CURVE('',#253,#215,#3387,.F.);
#3385=EDGE_CURVE('',#215,#211,#3388,.T.);
#3386=EDGE_CURVE('',#211,#253,#3389,.T.);
#3387=LINE('',#252,#3390);
#3388=LINE('',#214,#3391);
#3389=LINE('',#210,#3392);
#3390=VECTOR('',#3393,1.0);
#3391=VECTOR('',#3394,1.0);
#3392=VECTOR('',#3395,1.0);
#3393=DIRECTION('',(0.029202553918128777,-0.0546400323830823,0.998078993720354));
#3394=DIRECTION('',(-0.4713571672912036,0.8819424135640673,0));
#3395=DIRECTION('',(0,0,-1));
#3396=FACE_SURFACE('',(#3401),#3397,.T.);
#3397=PLANE('',#3398);
#3398=AXIS2_PLACEMENT_3D('',#254,#3399,#3400);
#3399=DIRECTION('',(-0.9569506643238057,-0.2902506262701716,0));
#3400=DIRECTION('',(0.2902506262701716,-0.9569506643238057,0));
#3401=FACE_BOUND('',#3402,.T.);
#3402=EDGE_LOOP('',(#3403,#3404,#3405));
#3403=ORIENTED_EDGE('',*,*,#3406,.T.);
#3404=ORIENTED_EDGE('',*,*,#3407,.T.);
#3405=ORIENTED_EDGE('',*,*,#3408,.T.);
#3406=EDGE_CURVE('',#255,#257,#3409,.F.);
#3407=EDGE_CURVE('',#257,#219,#3410,.T.);
#3408=EDGE_CURVE('',#219,#255,#3411,.T.);
#3409=LINE('',#254,#3412);
#3410=LINE('',#256,#3413);
#3411=LINE('',#218,#3414);
#3412=VECTOR('',#3415,1.0);
#3413=VECTOR('',#3416,1.0);
#3414=VECTOR('',#3417,1.0);
#3415=DIRECTION('',(0.2902506262701716,-0.9569506643238057,0));
#3416=DIRECTION('',(0,0,1));
#3417=DIRECTION('',(-0.017982334897984054,0.059287408085387634,-0.9980789742671334));
#3418=FACE_SURFACE('',(#3423),#3419,.T.);
#3419=PLANE('',#3420);
#3420=AXIS2_PLACEMENT_3D('',#254,#3421,#3422);
#3421=DIRECTION('',(-0.9569506643238057,-0.2902506262701716,0));
#3422=DIRECTION('',(0.017982334897984054,-0.059287408085387634,0.9980789742671334));
#3423=FACE_BOUND('',#3424,.T.);
#3424=EDGE_LOOP('',(#3425,#3426,#3427));
#3425=ORIENTED_EDGE('',*,*,#3428,.T.);
#3426=ORIENTED_EDGE('',*,*,#3429,.T.);
#3427=ORIENTED_EDGE('',*,*,#3430,.T.);
#3428=EDGE_CURVE('',#255,#219,#3431,.F.);
#3429=EDGE_CURVE('',#219,#215,#3432,.T.);
#3430=EDGE_CURVE('',#215,#255,#3433,.T.);
#3431=LINE('',#254,#3434);
#3432=LINE('',#218,#3435);
#3433=LINE('',#214,#3436);
#3434=VECTOR('',#3437,1.0);
#3435=VECTOR('',#3438,1.0);
#3436=VECTOR('',#3439,1.0);
#3437=DIRECTION('',(0.017982334897984054,-0.059287408085387634,0.9980789742671334));
#3438=DIRECTION('',(-0.2902506262626331,0.9569506642989515,-7.207256313633122E-06));
#3439=DIRECTION('',(0,0,-1));
#3440=FACE_SURFACE('',(#3445),#3441,.T.);
#3441=PLANE('',#3442);
#3442=AXIS2_PLACEMENT_3D('',#256,#3443,#3444);
#3443=DIRECTION('',(-0.995184510820053,-0.09801933188841774,0));
#3444=DIRECTION('',(0.09801933188841773,-0.995184510820053,0));
#3445=FACE_BOUND('',#3446,.T.);
#3446=EDGE_LOOP('',(#3447,#3448,#3449));
#3447=ORIENTED_EDGE('',*,*,#3450,.T.);
#3448=ORIENTED_EDGE('',*,*,#3451,.T.);
#3449=ORIENTED_EDGE('',*,*,#3452,.T.);
#3450=EDGE_CURVE('',#257,#259,#3453,.F.);
#3451=EDGE_CURVE('',#259,#223,#3454,.T.);
#3452=EDGE_CURVE('',#223,#257,#3455,.T.);
#3453=LINE('',#256,#3456);
#3454=LINE('',#258,#3457);
#3455=LINE('',#222,#3458);
#3456=VECTOR('',#3459,1.0);
#3457=VECTOR('',#3460,1.0);
#3458=VECTOR('',#3461,1.0);
#3459=DIRECTION('',(0.09801933188841773,-0.995184510820053,0));
#3460=DIRECTION('',(0,0,1));
#3461=DIRECTION('',(-0.006072699662280312,0.06165576245350482,-0.9980789995161148));
#3462=FACE_SURFACE('',(#3467),#3463,.T.);
#3463=PLANE('',#3464);
#3464=AXIS2_PLACEMENT_3D('',#256,#3465,#3466);
#3465=DIRECTION('',(-0.995184510820053,-0.09801933188841774,0));
#3466=DIRECTION('',(0.006072699662280312,-0.06165576245350482,0.9980789995161148));
#3467=FACE_BOUND('',#3468,.T.);
#3468=EDGE_LOOP('',(#3469,#3470,#3471));
#3469=ORIENTED_EDGE('',*,*,#3472,.T.);
#3470=ORIENTED_EDGE('',*,*,#3473,.T.);
#3471=ORIENTED_EDGE('',*,*,#3474,.T.);
#3472=EDGE_CURVE('',#257,#223,#3475,.F.);
#3473=EDGE_CURVE('',#223,#219,#3476,.T.);
#3474=EDGE_CURVE('',#219,#257,#3477,.T.);
#3475=LINE('',#256,#3478);
#3476=LINE('',#222,#3479);
#3477=LINE('',#218,#3480);
#3478=VECTOR('',#3481,1.0);
#3479=VECTOR('',#3482,1.0);
#3480=VECTOR('',#3483,1.0);
#3481=DIRECTION('',(0.006072699662280312,-0.06165576245350482,0.9980789995161148));
#3482=DIRECTION('',(-0.09801933188841773,0.995184510820053,0));
#3483=DIRECTION('',(0,0,-1));
#3484=FACE_SURFACE('',(#3489),#3485,.T.);
#3485=PLANE('',#3486);
#3486=AXIS2_PLACEMENT_3D('',#258,#3487,#3488);
#3487=DIRECTION('',(-0.9951847877931628,0.09801651975599646,0));
#3488=DIRECTION('',(-0.09801651975599646,-0.9951847877931628,0));
#3489=FACE_BOUND('',#3490,.T.);
#3490=EDGE_LOOP('',(#3491,#3492,#3493));
#3491=ORIENTED_EDGE('',*,*,#3494,.T.);
#3492=ORIENTED_EDGE('',*,*,#3495,.T.);
#3493=ORIENTED_EDGE('',*,*,#3496,.T.);
#3494=EDGE_CURVE('',#259,#261,#3497,.F.);
#3495=EDGE_CURVE('',#261,#239,#3498,.T.);
#3496=EDGE_CURVE('',#239,#259,#3499,.T.);
#3497=LINE('',#258,#3500);
#3498=LINE('',#260,#3501);
#3499=LINE('',#238,#3502);
#3500=VECTOR('',#3503,1.0);
#3501=VECTOR('',#3504,1.0);
#3502=VECTOR('',#3505,1.0);
#3503=DIRECTION('',(-0.09801651975599646,-0.9951847877931628,0));
#3504=DIRECTION('',(0,0,1));
#3505=DIRECTION('',(0.006072698993529105,0.06165754175165242,-0.9980788896034608));
#3506=FACE_SURFACE('',(#3511),#3507,.T.);
#3507=PLANE('',#3508);
#3508=AXIS2_PLACEMENT_3D('',#258,#3509,#3510);
#3509=DIRECTION('',(-0.9951847877931628,0.09801651975599646,0));
#3510=DIRECTION('',(-0.006072698993529105,-0.06165754175165242,0.9980788896034608));
#3511=FACE_BOUND('',#3512,.T.);
#3512=EDGE_LOOP('',(#3513,#3514,#3515));
#3513=ORIENTED_EDGE('',*,*,#3516,.T.);
#3514=ORIENTED_EDGE('',*,*,#3517,.T.);
#3515=ORIENTED_EDGE('',*,*,#3518,.T.);
#3516=EDGE_CURVE('',#259,#239,#3519,.F.);
#3517=EDGE_CURVE('',#239,#223,#3520,.T.);
#3518=EDGE_CURVE('',#223,#259,#3521,.T.);
#3519=LINE('',#258,#3522);
#3520=LINE('',#238,#3523);
#3521=LINE('',#222,#3524);
#3522=VECTOR('',#3525,1.0);
#3523=VECTOR('',#3526,1.0);
#3524=VECTOR('',#3527,1.0);
#3525=DIRECTION('',(-0.006072698993529105,-0.06165754175165242,0.9980788896034608));
#3526=DIRECTION('',(0.09801651975599646,0.9951847877931628,0));
#3527=DIRECTION('',(0,0,-1));
#3528=FACE_SURFACE('',(#3533),#3529,.T.);
#3529=PLANE('',#3530);
#3530=AXIS2_PLACEMENT_3D('',#260,#3531,#3532);
#3531=DIRECTION('',(-0.9569506643238057,0.2902506262701716,0));
#3532=DIRECTION('',(-0.2902506262701716,-0.9569506643238057,0));
#3533=FACE_BOUND('',#3534,.T.);
#3534=EDGE_LOOP('',(#3535,#3536,#3537));
#3535=ORIENTED_EDGE('',*,*,#3538,.T.);
#3536=ORIENTED_EDGE('',*,*,#3539,.T.);
#3537=ORIENTED_EDGE('',*,*,#3540,.T.);
#3538=EDGE_CURVE('',#261,#263,#3541,.F.);
#3539=EDGE_CURVE('',#263,#233,#3542,.T.);
#3540=EDGE_CURVE('',#233,#261,#3543,.T.);
#3541=LINE('',#260,#3544);
#3542=LINE('',#262,#3545);
#3543=LINE('',#232,#3546);
#3544=VECTOR('',#3547,1.0);
#3545=VECTOR('',#3548,1.0);
#3546=VECTOR('',#3549,1.0);
#3547=DIRECTION('',(-0.2902506262701716,-0.9569506643238057,0));
#3548=DIRECTION('',(0,0,1));
#3549=DIRECTION('',(0.017982342912071278,0.0592874345076772,-0.9980789725532195));
#3550=FACE_SURFACE('',(#3555),#3551,.T.);
#3551=PLANE('',#3552);
#3552=AXIS2_PLACEMENT_3D('',#260,#3553,#3554);
#3553=DIRECTION('',(-0.9569506643238057,0.2902506262701716,0));
#3554=DIRECTION('',(-0.017982342912071278,-0.0592874345076772,0.9980789725532195));
#3555=FACE_BOUND('',#3556,.T.);
#3556=EDGE_LOOP('',(#3557,#3558,#3559));
#3557=ORIENTED_EDGE('',*,*,#3560,.T.);
#3558=ORIENTED_EDGE('',*,*,#3561,.T.);
#3559=ORIENTED_EDGE('',*,*,#3562,.T.);
#3560=EDGE_CURVE('',#261,#233,#3563,.F.);
#3561=EDGE_CURVE('',#233,#239,#3564,.T.);
#3562=EDGE_CURVE('',#239,#261,#3565,.T.);
#3563=LINE('',#260,#3566);
#3564=LINE('',#232,#3567);
#3565=LINE('',#238,#3568);
#3566=VECTOR('',#3569,1.0);
#3567=VECTOR('',#3570,1.0);
#3568=VECTOR('',#3571,1.0);
#3569=DIRECTION('',(-0.017982342912071278,-0.0592874345076772,0.9980789725532195));
#3570=DIRECTION('',(0.2902506262626331,0.9569506642989515,7.207256313633122E-06));
#3571=DIRECTION('',(0,0,-1));
#3572=FACE_SURFACE('',(#3577),#3573,.T.);
#3573=PLANE('',#3574);
#3574=AXIS2_PLACEMENT_3D('',#262,#3575,#3576);
#3575=DIRECTION('',(-0.8819424135640673,0.4713571672912036,0));
#3576=DIRECTION('',(-0.4713571672912036,-0.8819424135640673,0));
#3577=FACE_BOUND('',#3578,.T.);
#3578=EDGE_LOOP('',(#3579,#3580,#3581));
#3579=ORIENTED_EDGE('',*,*,#3582,.T.);
#3580=ORIENTED_EDGE('',*,*,#3583,.T.);
#3581=ORIENTED_EDGE('',*,*,#3584,.T.);
#3582=EDGE_CURVE('',#263,#265,#3585,.F.);
#3583=EDGE_CURVE('',#265,#231,#3586,.T.);
#3584=EDGE_CURVE('',#231,#263,#3587,.T.);
#3585=LINE('',#262,#3588);
#3586=LINE('',#264,#3589);
#3587=LINE('',#230,#3590);
#3588=VECTOR('',#3591,1.0);
#3589=VECTOR('',#3592,1.0);
#3590=VECTOR('',#3593,1.0);
#3591=DIRECTION('',(-0.4713571672912036,-0.8819424135640673,0));
#3592=DIRECTION('',(0,0,1));
#3593=DIRECTION('',(0.029202553918128777,0.0546400323830823,-0.998078993720354));
#3594=FACE_SURFACE('',(#3599),#3595,.T.);
#3595=PLANE('',#3596);
#3596=AXIS2_PLACEMENT_3D('',#262,#3597,#3598);
#3597=DIRECTION('',(-0.8819424135640673,0.4713571672912036,0));
#3598=DIRECTION('',(-0.029202553918128777,-0.0546400323830823,0.998078993720354));
#3599=FACE_BOUND('',#3600,.T.);
#3600=EDGE_LOOP('',(#3601,#3602,#3603));
#3601=ORIENTED_EDGE('',*,*,#3604,.T.);
#3602=ORIENTED_EDGE('',*,*,#3605,.T.);
#3603=ORIENTED_EDGE('',*,*,#3606,.T.);
#3604=EDGE_CURVE('',#263,#231,#3607,.F.);
#3605=EDGE_CURVE('',#231,#233,#3608,.T.);
#3606=EDGE_CURVE('',#233,#263,#3609,.T.);
#3607=LINE('',#262,#3610);
#3608=LINE('',#230,#3611);
#3609=LINE('',#232,#3612);
#3610=VECTOR('',#3613,1.0);
#3611=VECTOR('',#3614,1.0);
#3612=VECTOR('',#3615,1.0);
#3613=DIRECTION('',(-0.029202553918128777,-0.0546400323830823,0.998078993720354));
#3614=DIRECTION('',(0.4713571672912036,0.8819424135640673,0));
#3615=DIRECTION('',(0,0,-1));
#3616=FACE_SURFACE('',(#3621),#3617,.T.);
#3617=PLANE('',#3618);
#3618=AXIS2_PLACEMENT_3D('',#264,#3619,#3620);
#3619=DIRECTION('',(-0.7729776706046017,0.6344332279654685,0));
#3620=DIRECTION('',(-0.6344332279654685,-0.7729776706046017,0));
#3621=FACE_BOUND('',#3622,.T.);
#3622=EDGE_LOOP('',(#3623,#3624,#3625));
#3623=ORIENTED_EDGE('',*,*,#3626,.T.);
#3624=ORIENTED_EDGE('',*,*,#3627,.T.);
#3625=ORIENTED_EDGE('',*,*,#3628,.T.);
#3626=EDGE_CURVE('',#265,#267,#3629,.F.);
#3627=EDGE_CURVE('',#267,#225,#3630,.T.);
#3628=EDGE_CURVE('',#225,#265,#3631,.T.);
#3629=LINE('',#264,#3632);
#3630=LINE('',#266,#3633);
#3631=LINE('',#224,#3634);
#3632=VECTOR('',#3635,1.0);
#3633=VECTOR('',#3636,1.0);
#3634=VECTOR('',#3637,1.0);
#3635=DIRECTION('',(-0.6344332279654685,-0.7729776706046017,0));
#3636=DIRECTION('',(0,0,1));
#3637=DIRECTION('',(0.03930823566806468,0.04789217699034379,-0.9980787554054987));
#3638=FACE_SURFACE('',(#3643),#3639,.T.);
#3639=PLANE('',#3640);
#3640=AXIS2_PLACEMENT_3D('',#264,#3641,#3642);
#3641=DIRECTION('',(-0.7729776706046017,0.6344332279654685,0));
#3642=DIRECTION('',(-0.03930823566806468,-0.04789217699034379,0.9980787554054987));
#3643=FACE_BOUND('',#3644,.T.);
#3644=EDGE_LOOP('',(#3645,#3646,#3647));
#3645=ORIENTED_EDGE('',*,*,#3648,.T.);
#3646=ORIENTED_EDGE('',*,*,#3649,.T.);
#3647=ORIENTED_EDGE('',*,*,#3650,.T.);
#3648=EDGE_CURVE('',#265,#225,#3651,.F.);
#3649=EDGE_CURVE('',#225,#231,#3652,.T.);
#3650=EDGE_CURVE('',#231,#265,#3653,.T.);
#3651=LINE('',#264,#3654);
#3652=LINE('',#224,#3655);
#3653=LINE('',#230,#3656);
#3654=VECTOR('',#3657,1.0);
#3655=VECTOR('',#3658,1.0);
#3656=VECTOR('',#3659,1.0);
#3657=DIRECTION('',(-0.03930823566806468,-0.04789217699034379,0.9980787554054987));
#3658=DIRECTION('',(0.6344332279654685,0.7729776706046017,0));
#3659=DIRECTION('',(0,0,-1));
#3660=FACE_SURFACE('',(#3665),#3661,.T.);
#3661=PLANE('',#3662);
#3662=AXIS2_PLACEMENT_3D('',#224,#3663,#3664);
#3663=DIRECTION('',(-0.6343987776610048,0.7730059449332992,0));
#3664=DIRECTION('',(0,0,-1));
#3665=FACE_BOUND('',#3666,.T.);
#3666=EDGE_LOOP('',(#3667,#3668,#3669));
#3667=ORIENTED_EDGE('',*,*,#3670,.T.);
#3668=ORIENTED_EDGE('',*,*,#3671,.T.);
#3669=ORIENTED_EDGE('',*,*,#3672,.T.);
#3670=EDGE_CURVE('',#225,#267,#3673,.F.);
#3671=EDGE_CURVE('',#267,#269,#3674,.T.);
#3672=EDGE_CURVE('',#269,#225,#3675,.T.);
#3673=LINE('',#224,#3676);
#3674=LINE('',#266,#3677);
#3675=LINE('',#268,#3678);
#3676=VECTOR('',#3679,1.0);
#3677=VECTOR('',#3680,1.0);
#3678=VECTOR('',#3681,1.0);
#3679=DIRECTION('',(0,0,-1));
#3680=DIRECTION('',(-0.7730059449332992,-0.6343987776610048,0));
#3681=DIRECTION('',(0.047892183714866386,0.03930466900982135,0.9980788955453622));
#3682=FACE_SURFACE('',(#3687),#3683,.T.);
#3683=PLANE('',#3684);
#3684=AXIS2_PLACEMENT_3D('',#268,#3685,#3686);
#3685=DIRECTION('',(-0.6344017363515286,0.7730035167540736,0));
#3686=DIRECTION('',(0,0,1));
#3687=FACE_BOUND('',#3688,.T.);
#3688=EDGE_LOOP('',(#3689,#3690,#3691));
#3689=ORIENTED_EDGE('',*,*,#3692,.T.);
#3690=ORIENTED_EDGE('',*,*,#3693,.T.);
#3691=ORIENTED_EDGE('',*,*,#3694,.T.);
#3692=EDGE_CURVE('',#269,#111,#3695,.F.);
#3693=EDGE_CURVE('',#111,#109,#3696,.T.);
#3694=EDGE_CURVE('',#109,#269,#3697,.T.);
#3695=LINE('',#268,#3698);
#3696=LINE('',#110,#3699);
#3697=LINE('',#108,#3700);
#3698=VECTOR('',#3701,1.0);
#3699=VECTOR('',#3702,1.0);
#3700=VECTOR('',#3703,1.0);
#3701=DIRECTION('',(0,0,1));
#3702=DIRECTION('',(0.7730035167540737,0.6344017363515287,0));
#3703=DIRECTION('',(-0.029859214227696208,-0.024505370210585027,-0.9992536785804428));
#3704=FACE_SURFACE('',(#3709),#3705,.T.);
#3705=PLANE('',#3706);
#3706=AXIS2_PLACEMENT_3D('',#268,#3707,#3708);
#3707=DIRECTION('',(-0.6343938938302521,0.7730099530217817,-3.9218734365262223E-07));
#3708=DIRECTION('',(0.029859214227696208,0.024505370210585027,0.9992536785804428));
#3709=FACE_BOUND('',#3710,.T.);
#3710=EDGE_LOOP('',(#3711,#3712,#3713));
#3711=ORIENTED_EDGE('',*,*,#3714,.T.);
#3712=ORIENTED_EDGE('',*,*,#3715,.T.);
#3713=ORIENTED_EDGE('',*,*,#3716,.T.);
#3714=EDGE_CURVE('',#269,#109,#3717,.F.);
#3715=EDGE_CURVE('',#109,#225,#3718,.T.);
#3716=EDGE_CURVE('',#225,#269,#3719,.T.);
#3717=LINE('',#268,#3720);
#3718=LINE('',#108,#3721);
#3719=LINE('',#224,#3722);
#3720=VECTOR('',#3723,1.0);
#3721=VECTOR('',#3724,1.0);
#3722=VECTOR('',#3725,1.0);
#3723=DIRECTION('',(0.029859214227696208,0.024505370210585027,0.9992536785804428));
#3724=DIRECTION('',(0.7730099530218411,0.634393893830301,0));
#3725=DIRECTION('',(-0.047892183714866386,-0.03930466900982135,-0.9980788955453622));
#3726=FACE_SURFACE('',(#3731),#3727,.T.);
#3727=PLANE('',#3728);
#3728=AXIS2_PLACEMENT_3D('',#268,#3729,#3730);
#3729=DIRECTION('',(-0.47137959082024344,0.8819304288650778,0));
#3730=DIRECTION('',(-0.8819304288650777,-0.47137959082024333,0));
#3731=FACE_BOUND('',#3732,.T.);
#3732=EDGE_LOOP('',(#3733,#3734,#3735));
#3733=ORIENTED_EDGE('',*,*,#3736,.T.);
#3734=ORIENTED_EDGE('',*,*,#3737,.T.);
#3735=ORIENTED_EDGE('',*,*,#3738,.T.);
#3736=EDGE_CURVE('',#269,#271,#3739,.F.);
#3737=EDGE_CURVE('',#271,#119,#3740,.T.);
#3738=EDGE_CURVE('',#119,#269,#3741,.T.);
#3739=LINE('',#268,#3742);
#3740=LINE('',#270,#3743);
#3741=LINE('',#118,#3744);
#3742=VECTOR('',#3745,1.0);
#3743=VECTOR('',#3746,1.0);
#3744=VECTOR('',#3747,1.0);
#3745=DIRECTION('',(-0.8819304288650777,-0.47137959082024333,0));
#3746=DIRECTION('',(0,0,1));
#3747=DIRECTION('',(0.054640029533061,0.02920433848375655,-0.9980789416606046));
#3748=FACE_SURFACE('',(#3753),#3749,.T.);
#3749=PLANE('',#3750);
#3750=AXIS2_PLACEMENT_3D('',#268,#3751,#3752);
#3751=DIRECTION('',(-0.47137959082024344,0.8819304288650778,0));
#3752=DIRECTION('',(-0.054640029533061,-0.02920433848375655,0.9980789416606046));
#3753=FACE_BOUND('',#3754,.T.);
#3754=EDGE_LOOP('',(#3755,#3756,#3757));
#3755=ORIENTED_EDGE('',*,*,#3758,.T.);
#3756=ORIENTED_EDGE('',*,*,#3759,.T.);
#3757=ORIENTED_EDGE('',*,*,#3760,.T.);
#3758=EDGE_CURVE('',#269,#119,#3761,.F.);
#3759=EDGE_CURVE('',#119,#111,#3762,.T.);
#3760=EDGE_CURVE('',#111,#269,#3763,.T.);
#3761=LINE('',#268,#3764);
#3762=LINE('',#118,#3765);
#3763=LINE('',#110,#3766);
#3764=VECTOR('',#3767,1.0);
#3765=VECTOR('',#3768,1.0);
#3766=VECTOR('',#3769,1.0);
#3767=DIRECTION('',(-0.054640029533061,-0.02920433848375655,0.9980789416606046));
#3768=DIRECTION('',(0.8819304288650777,0.47137959082024333,0));
#3769=DIRECTION('',(0,0,-1));
#3770=FACE_SURFACE('',(#3775),#3771,.T.);
#3771=PLANE('',#3772);
#3772=AXIS2_PLACEMENT_3D('',#270,#3773,#3774);
#3773=DIRECTION('',(-0.29029304312456716,0.9569377979333235,0));
#3774=DIRECTION('',(-0.9569377979333233,-0.29029304312456716,0));
#3775=FACE_BOUND('',#3776,.T.);
#3776=EDGE_LOOP('',(#3777,#3778,#3779));
#3777=ORIENTED_EDGE('',*,*,#3780,.T.);
#3778=ORIENTED_EDGE('',*,*,#3781,.T.);
#3779=ORIENTED_EDGE('',*,*,#3782,.T.);
#3780=EDGE_CURVE('',#271,#273,#3783,.F.);
#3781=EDGE_CURVE('',#273,#121,#3784,.T.);
#3782=EDGE_CURVE('',#121,#271,#3785,.T.);
#3783=LINE('',#270,#3786);
#3784=LINE('',#272,#3787);
#3785=LINE('',#120,#3788);
#3786=VECTOR('',#3789,1.0);
#3787=VECTOR('',#3790,1.0);
#3788=VECTOR('',#3791,1.0);
#3789=DIRECTION('',(-0.9569377979333233,-0.29029304312456716,0));
#3790=DIRECTION('',(0,0,1));
#3791=DIRECTION('',(0.059283872980798846,0.017984132231973475,-0.9980791518673554));
#3792=FACE_SURFACE('',(#3797),#3793,.T.);
#3793=PLANE('',#3794);
#3794=AXIS2_PLACEMENT_3D('',#270,#3795,#3796);
#3795=DIRECTION('',(-0.29029304312456716,0.9569377979333235,0));
#3796=DIRECTION('',(-0.059283872980798846,-0.017984132231973475,0.9980791518673554));
#3797=FACE_BOUND('',#3798,.T.);
#3798=EDGE_LOOP('',(#3799,#3800,#3801));
#3799=ORIENTED_EDGE('',*,*,#3802,.T.);
#3800=ORIENTED_EDGE('',*,*,#3803,.T.);
#3801=ORIENTED_EDGE('',*,*,#3804,.T.);
#3802=EDGE_CURVE('',#271,#121,#3805,.F.);
#3803=EDGE_CURVE('',#121,#119,#3806,.T.);
#3804=EDGE_CURVE('',#119,#271,#3807,.T.);
#3805=LINE('',#270,#3808);
#3806=LINE('',#120,#3809);
#3807=LINE('',#118,#3810);
#3808=VECTOR('',#3811,1.0);
#3809=VECTOR('',#3812,1.0);
#3810=VECTOR('',#3813,1.0);
#3811=DIRECTION('',(-0.059283872980798846,-0.017984132231973475,0.9980791518673554));
#3812=DIRECTION('',(0.9569377979333233,0.29029304312456716,0));
#3813=DIRECTION('',(0,0,-1));
#3814=FACE_SURFACE('',(#3819),#3815,.T.);
#3815=PLANE('',#3816);
#3816=AXIS2_PLACEMENT_3D('',#272,#3817,#3818);
#3817=DIRECTION('',(-0.09800808432210116,0.9951856185694766,0));
#3818=DIRECTION('',(-0.9951856185694766,-0.09800808432210116,0));
#3819=FACE_BOUND('',#3820,.T.);
#3820=EDGE_LOOP('',(#3821,#3822,#3823));
#3821=ORIENTED_EDGE('',*,*,#3824,.T.);
#3822=ORIENTED_EDGE('',*,*,#3825,.T.);
#3823=ORIENTED_EDGE('',*,*,#3826,.T.);
#3824=EDGE_CURVE('',#273,#275,#3827,.F.);
#3825=EDGE_CURVE('',#275,#117,#3828,.T.);
#3826=EDGE_CURVE('',#117,#273,#3829,.T.);
#3827=LINE('',#272,#3830);
#3828=LINE('',#274,#3831);
#3829=LINE('',#116,#3832);
#3830=VECTOR('',#3833,1.0);
#3831=VECTOR('',#3834,1.0);
#3832=VECTOR('',#3835,1.0);
#3833=DIRECTION('',(-0.9951856185694766,-0.09800808432210116,0));
#3834=DIRECTION('',(0,0,1));
#3835=DIRECTION('',(0.06166290712349803,0.0060726996935434275,-0.99807855813233));
#3836=FACE_SURFACE('',(#3841),#3837,.T.);
#3837=PLANE('',#3838);
#3838=AXIS2_PLACEMENT_3D('',#272,#3839,#3840);
#3839=DIRECTION('',(-0.09800808432210116,0.9951856185694766,0));
#3840=DIRECTION('',(-0.06166290712349803,-0.0060726996935434275,0.99807855813233));
#3841=FACE_BOUND('',#3842,.T.);
#3842=EDGE_LOOP('',(#3843,#3844,#3845));
#3843=ORIENTED_EDGE('',*,*,#3846,.T.);
#3844=ORIENTED_EDGE('',*,*,#3847,.T.);
#3845=ORIENTED_EDGE('',*,*,#3848,.T.);
#3846=EDGE_CURVE('',#273,#117,#3849,.F.);
#3847=EDGE_CURVE('',#117,#121,#3850,.T.);
#3848=EDGE_CURVE('',#121,#273,#3851,.T.);
#3849=LINE('',#272,#3852);
#3850=LINE('',#116,#3853);
#3851=LINE('',#120,#3854);
#3852=VECTOR('',#3855,1.0);
#3853=VECTOR('',#3856,1.0);
#3854=VECTOR('',#3857,1.0);
#3855=DIRECTION('',(-0.06166290712349803,-0.0060726996935434275,0.99807855813233));
#3856=DIRECTION('',(0.9951856185694766,0.09800808432210116,0));
#3857=DIRECTION('',(0,0,-1));
#3858=FACE_SURFACE('',(#3863),#3859,.T.);
#3859=PLANE('',#3860);
#3860=AXIS2_PLACEMENT_3D('',#274,#3861,#3862);
#3861=DIRECTION('',(0.09801370778414571,0.9951850647424347,0));
#3862=DIRECTION('',(-0.9951850647424347,0.09801370778414571,0));
#3863=FACE_BOUND('',#3864,.T.);
#3864=EDGE_LOOP('',(#3865,#3866,#3867));
#3865=ORIENTED_EDGE('',*,*,#3868,.T.);
#3866=ORIENTED_EDGE('',*,*,#3869,.T.);
#3867=ORIENTED_EDGE('',*,*,#3870,.T.);
#3868=EDGE_CURVE('',#275,#277,#3871,.F.);
#3869=EDGE_CURVE('',#277,#113,#3872,.T.);
#3870=EDGE_CURVE('',#113,#275,#3873,.T.);
#3871=LINE('',#274,#3874);
#3872=LINE('',#276,#3875);
#3873=LINE('',#112,#3876);
#3874=VECTOR('',#3877,1.0);
#3875=VECTOR('',#3878,1.0);
#3876=VECTOR('',#3879,1.0);
#3877=DIRECTION('',(-0.9951850647424347,0.09801370778414571,0));
#3878=DIRECTION('',(0,0,1));
#3879=DIRECTION('',(0.06165934852856828,-0.0060727010311433915,-0.998078777973572));
#3880=FACE_SURFACE('',(#3885),#3881,.T.);
#3881=PLANE('',#3882);
#3882=AXIS2_PLACEMENT_3D('',#274,#3883,#3884);
#3883=DIRECTION('',(0.09801370778414571,0.9951850647424347,-0));
#3884=DIRECTION('',(-0.06165934852856828,0.0060727010311433915,0.998078777973572));
#3885=FACE_BOUND('',#3886,.T.);
#3886=EDGE_LOOP('',(#3887,#3888,#3889));
#3887=ORIENTED_EDGE('',*,*,#3890,.T.);
#3888=ORIENTED_EDGE('',*,*,#3891,.T.);
#3889=ORIENTED_EDGE('',*,*,#3892,.T.);
#3890=EDGE_CURVE('',#275,#113,#3893,.F.);
#3891=EDGE_CURVE('',#113,#117,#3894,.T.);
#3892=EDGE_CURVE('',#117,#275,#3895,.T.);
#3893=LINE('',#274,#3896);
#3894=LINE('',#112,#3897);
#3895=LINE('',#116,#3898);
#3896=VECTOR('',#3899,1.0);
#3897=VECTOR('',#3900,1.0);
#3898=VECTOR('',#3901,1.0);
#3899=DIRECTION('',(-0.06165934852856828,0.0060727010311433915,0.998078777973572));
#3900=DIRECTION('',(0.9951850647424347,-0.09801370778414571,0));
#3901=DIRECTION('',(0,0,-1));
#3902=FACE_SURFACE('',(#3907),#3903,.T.);
#3903=PLANE('',#3904);
#3904=AXIS2_PLACEMENT_3D('',#276,#3905,#3906);
#3905=DIRECTION('',(0.29027702625054275,0.9569426566054737,0));
#3906=DIRECTION('',(-0.9569426566054738,0.29027702625054275,0));
#3907=FACE_BOUND('',#3908,.T.);
#3908=EDGE_LOOP('',(#3909,#3910,#3911));
#3909=ORIENTED_EDGE('',*,*,#3912,.T.);
#3910=ORIENTED_EDGE('',*,*,#3913,.T.);
#3911=ORIENTED_EDGE('',*,*,#3914,.T.);
#3912=EDGE_CURVE('',#277,#279,#3915,.F.);
#3913=EDGE_CURVE('',#279,#115,#3916,.T.);
#3914=EDGE_CURVE('',#115,#277,#3917,.T.);
#3915=LINE('',#276,#3918);
#3916=LINE('',#278,#3919);
#3917=LINE('',#114,#3920);
#3918=VECTOR('',#3921,1.0);
#3919=VECTOR('',#3922,1.0);
#3920=VECTOR('',#3923,1.0);
#3921=DIRECTION('',(-0.9569426566054738,0.29027702625054275,0));
#3922=DIRECTION('',(0,0,1));
#3923=DIRECTION('',(0.059287432603385176,-0.017984128423314014,-0.998078940495266));
#3924=FACE_SURFACE('',(#3929),#3925,.T.);
#3925=PLANE('',#3926);
#3926=AXIS2_PLACEMENT_3D('',#276,#3927,#3928);
#3927=DIRECTION('',(0.29027702625054275,0.9569426566054737,-0));
#3928=DIRECTION('',(-0.059287432603385176,0.017984128423314014,0.998078940495266));
#3929=FACE_BOUND('',#3930,.T.);
#3930=EDGE_LOOP('',(#3931,#3932,#3933));
#3931=ORIENTED_EDGE('',*,*,#3934,.T.);
#3932=ORIENTED_EDGE('',*,*,#3935,.T.);
#3933=ORIENTED_EDGE('',*,*,#3936,.T.);
#3934=EDGE_CURVE('',#277,#115,#3937,.F.);
#3935=EDGE_CURVE('',#115,#113,#3938,.T.);
#3936=EDGE_CURVE('',#113,#277,#3939,.T.);
#3937=LINE('',#276,#3940);
#3938=LINE('',#114,#3941);
#3939=LINE('',#112,#3942);
#3940=VECTOR('',#3943,1.0);
#3941=VECTOR('',#3944,1.0);
#3942=VECTOR('',#3945,1.0);
#3943=DIRECTION('',(-0.059287432603385176,0.017984128423314014,0.998078940495266));
#3944=DIRECTION('',(0.9569426566054738,-0.29027702625054275,0));
#3945=DIRECTION('',(0,0,-1));
#3946=FACE_SURFACE('',(#3951),#3947,.T.);
#3947=PLANE('',#3948);
#3948=AXIS2_PLACEMENT_3D('',#278,#3949,#3950);
#3949=DIRECTION('',(0.47142753428430284,0.8819048020725494,0));
#3950=DIRECTION('',(-0.8819048020725494,0.47142753428430284,0));
#3951=FACE_BOUND('',#3952,.T.);
#3952=EDGE_LOOP('',(#3953,#3954,#3955));
#3953=ORIENTED_EDGE('',*,*,#3956,.T.);
#3954=ORIENTED_EDGE('',*,*,#3957,.T.);
#3955=ORIENTED_EDGE('',*,*,#3958,.T.);
#3956=EDGE_CURVE('',#279,#281,#3959,.F.);
#3957=EDGE_CURVE('',#281,#141,#3960,.T.);
#3958=EDGE_CURVE('',#141,#279,#3961,.T.);
#3959=LINE('',#278,#3962);
#3960=LINE('',#280,#3963);
#3961=LINE('',#140,#3964);
#3962=VECTOR('',#3965,1.0);
#3963=VECTOR('',#3966,1.0);
#3964=VECTOR('',#3967,1.0);
#3965=DIRECTION('',(-0.8819048020725494,0.47142753428430284,0));
#3966=DIRECTION('',(0,0,1));
#3967=DIRECTION('',(0.05463290650327165,-0.029204349883450855,-0.9980793312532275));
#3968=FACE_SURFACE('',(#3973),#3969,.T.);
#3969=PLANE('',#3970);
#3970=AXIS2_PLACEMENT_3D('',#278,#3971,#3972);
#3971=DIRECTION('',(0.47142753428430284,0.8819048020725494,-0));
#3972=DIRECTION('',(-0.05463290650327165,0.029204349883450855,0.9980793312532275));
#3973=FACE_BOUND('',#3974,.T.);
#3974=EDGE_LOOP('',(#3975,#3976,#3977));
#3975=ORIENTED_EDGE('',*,*,#3978,.T.);
#3976=ORIENTED_EDGE('',*,*,#3979,.T.);
#3977=ORIENTED_EDGE('',*,*,#3980,.T.);
#3978=EDGE_CURVE('',#279,#141,#3981,.F.);
#3979=EDGE_CURVE('',#141,#115,#3982,.T.);
#3980=EDGE_CURVE('',#115,#279,#3983,.T.);
#3981=LINE('',#278,#3984);
#3982=LINE('',#140,#3985);
#3983=LINE('',#114,#3986);
#3984=VECTOR('',#3987,1.0);
#3985=VECTOR('',#3988,1.0);
#3986=VECTOR('',#3989,1.0);
#3987=DIRECTION('',(-0.05463290650327165,0.029204349883450855,0.9980793312532275));
#3988=DIRECTION('',(0.8819048020725494,-0.47142753428430284,0));
#3989=DIRECTION('',(0,0,-1));
#3990=FACE_SURFACE('',(#3995),#3991,.T.);
#3991=PLANE('',#3992);
#3992=AXIS2_PLACEMENT_3D('',#280,#3993,#3994);
#3993=DIRECTION('',(0.6344270530919988,0.7729827386850254,0));
#3994=DIRECTION('',(-0.7729827386850253,0.6344270530919986,0));
#3995=FACE_BOUND('',#3996,.T.);
#3996=EDGE_LOOP('',(#3997,#3998,#3999));
#3997=ORIENTED_EDGE('',*,*,#4000,.T.);
#3998=ORIENTED_EDGE('',*,*,#4001,.T.);
#3999=ORIENTED_EDGE('',*,*,#4002,.T.);
#4000=EDGE_CURVE('',#281,#283,#4003,.F.);
#4001=EDGE_CURVE('',#283,#143,#4004,.T.);
#4002=EDGE_CURVE('',#143,#281,#4005,.T.);
#4003=LINE('',#280,#4006);
#4004=LINE('',#282,#4007);
#4005=LINE('',#142,#4008);
#4006=VECTOR('',#4009,1.0);
#4007=VECTOR('',#4010,1.0);
#4008=VECTOR('',#4011,1.0);
#4009=DIRECTION('',(-0.7729827386850253,0.6344270530919986,0));
#4010=DIRECTION('',(0,0,1));
#4011=DIRECTION('',(0.047888619729819025,-0.03930467573379074,-0.9980790662897575));
#4012=FACE_SURFACE('',(#4017),#4013,.T.);
#4013=PLANE('',#4014);
#4014=AXIS2_PLACEMENT_3D('',#280,#4015,#4016);
#4015=DIRECTION('',(0.6344270530919988,0.7729827386850254,-0));
#4016=DIRECTION('',(-0.047888619729819025,0.03930467573379074,0.9980790662897575));
#4017=FACE_BOUND('',#4018,.T.);
#4018=EDGE_LOOP('',(#4019,#4020,#4021));
#4019=ORIENTED_EDGE('',*,*,#4022,.T.);
#4020=ORIENTED_EDGE('',*,*,#4023,.T.);
#4021=ORIENTED_EDGE('',*,*,#4024,.T.);
#4022=EDGE_CURVE('',#281,#143,#4025,.F.);
#4023=EDGE_CURVE('',#143,#141,#4026,.T.);
#4024=EDGE_CURVE('',#141,#281,#4027,.T.);
#4025=LINE('',#280,#4028);
#4026=LINE('',#142,#4029);
#4027=LINE('',#140,#4030);
#4028=VECTOR('',#4031,1.0);
#4029=VECTOR('',#4032,1.0);
#4030=VECTOR('',#4033,1.0);
#4031=DIRECTION('',(-0.047888619729819025,0.03930467573379074,0.9980790662897575));
#4032=DIRECTION('',(0.7729827386850253,-0.6344270530919986,0));
#4033=DIRECTION('',(0,0,-1));
#4034=FACE_SURFACE('',(#4039),#4035,.T.);
#4035=PLANE('',#4036);
#4036=AXIS2_PLACEMENT_3D('',#142,#4037,#4038);
#4037=DIRECTION('',(0.7729493968091042,0.6344676744897585,0));
#4038=DIRECTION('',(0,0,-1));
#4039=FACE_BOUND('',#4040,.T.);
#4040=EDGE_LOOP('',(#4041,#4042,#4043));
#4041=ORIENTED_EDGE('',*,*,#4044,.T.);
#4042=ORIENTED_EDGE('',*,*,#4045,.T.);
#4043=ORIENTED_EDGE('',*,*,#4046,.T.);
#4044=EDGE_CURVE('',#143,#283,#4047,.F.);
#4045=EDGE_CURVE('',#283,#285,#4048,.T.);
#4046=EDGE_CURVE('',#285,#143,#4049,.T.);
#4047=LINE('',#142,#4050);
#4048=LINE('',#282,#4051);
#4049=LINE('',#284,#4052);
#4050=VECTOR('',#4053,1.0);
#4051=VECTOR('',#4054,1.0);
#4052=VECTOR('',#4055,1.0);
#4053=DIRECTION('',(0,0,-1));
#4054=DIRECTION('',(-0.6344676744897584,0.7729493968091041,0));
#4055=DIRECTION('',(0.03931180232480555,-0.047892170265212905,0.9980786152529585));
#4056=FACE_SURFACE('',(#4061),#4057,.T.);
#4057=PLANE('',#4058);
#4058=AXIS2_PLACEMENT_3D('',#142,#4059,#4060);
#4059=DIRECTION('',(0.7729493968091042,0.6344676744897585,0));
#4060=DIRECTION('',(-0.03931180232480555,0.047892170265212905,-0.9980786152529585));
#4061=FACE_BOUND('',#4062,.T.);
#4062=EDGE_LOOP('',(#4063,#4064,#4065));
#4063=ORIENTED_EDGE('',*,*,#4066,.T.);
#4064=ORIENTED_EDGE('',*,*,#4067,.T.);
#4065=ORIENTED_EDGE('',*,*,#4068,.T.);
#4066=EDGE_CURVE('',#143,#285,#4069,.F.);
#4067=EDGE_CURVE('',#285,#149,#4070,.T.);
#4068=EDGE_CURVE('',#149,#143,#4071,.T.);
#4069=LINE('',#142,#4072);
#4070=LINE('',#284,#4073);
#4071=LINE('',#148,#4074);
#4072=VECTOR('',#4075,1.0);
#4073=VECTOR('',#4076,1.0);
#4074=VECTOR('',#4077,1.0);
#4075=DIRECTION('',(-0.03931180232480555,0.047892170265212905,-0.9980786152529585));
#4076=DIRECTION('',(0,0,1));
#4077=DIRECTION('',(0.6344676744897584,-0.7729493968091041,0));
#4078=FACE_SURFACE('',(#4083),#4079,.T.);
#4079=PLANE('',#4080);
#4080=AXIS2_PLACEMENT_3D('',#148,#4081,#4082);
#4081=DIRECTION('',(0.8819424135640673,0.4713571672912036,0));
#4082=DIRECTION('',(0,0,-1));
#4083=FACE_BOUND('',#4084,.T.);
#4084=EDGE_LOOP('',(#4085,#4086,#4087));
#4085=ORIENTED_EDGE('',*,*,#4088,.T.);
#4086=ORIENTED_EDGE('',*,*,#4089,.T.);
#4087=ORIENTED_EDGE('',*,*,#4090,.T.);
#4088=EDGE_CURVE('',#149,#285,#4091,.F.);
#4089=EDGE_CURVE('',#285,#287,#4092,.T.);
#4090=EDGE_CURVE('',#287,#149,#4093,.T.);
#4091=LINE('',#148,#4094);
#4092=LINE('',#284,#4095);
#4093=LINE('',#286,#4096);
#4094=VECTOR('',#4097,1.0);
#4095=VECTOR('',#4098,1.0);
#4096=VECTOR('',#4099,1.0);
#4097=DIRECTION('',(0,0,-1));
#4098=DIRECTION('',(-0.4713571672912036,0.8819424135640673,0));
#4099=DIRECTION('',(0.029202553918128777,-0.0546400323830823,0.998078993720354));
#4100=FACE_SURFACE('',(#4105),#4101,.T.);
#4101=PLANE('',#4102);
#4102=AXIS2_PLACEMENT_3D('',#148,#4103,#4104);
#4103=DIRECTION('',(0.8819424135640673,0.4713571672912036,0));
#4104=DIRECTION('',(-0.029202553918128777,0.0546400323830823,-0.998078993720354));
#4105=FACE_BOUND('',#4106,.T.);
#4106=EDGE_LOOP('',(#4107,#4108,#4109));
#4107=ORIENTED_EDGE('',*,*,#4110,.T.);
#4108=ORIENTED_EDGE('',*,*,#4111,.T.);
#4109=ORIENTED_EDGE('',*,*,#4112,.T.);
#4110=EDGE_CURVE('',#149,#287,#4113,.F.);
#4111=EDGE_CURVE('',#287,#151,#4114,.T.);
#4112=EDGE_CURVE('',#151,#149,#4115,.T.);
#4113=LINE('',#148,#4116);
#4114=LINE('',#286,#4117);
#4115=LINE('',#150,#4118);
#4116=VECTOR('',#4119,1.0);
#4117=VECTOR('',#4120,1.0);
#4118=VECTOR('',#4121,1.0);
#4119=DIRECTION('',(-0.029202553918128777,0.0546400323830823,-0.998078993720354));
#4120=DIRECTION('',(0,0,1));
#4121=DIRECTION('',(0.4713571672912036,-0.8819424135640673,0));
#4122=FACE_SURFACE('',(#4127),#4123,.T.);
#4123=PLANE('',#4124);
#4124=AXIS2_PLACEMENT_3D('',#150,#4125,#4126);
#4125=DIRECTION('',(0.9569666779774458,0.2901978243212921,0));
#4126=DIRECTION('',(0,0,-1));
#4127=FACE_BOUND('',#4128,.T.);
#4128=EDGE_LOOP('',(#4129,#4130,#4131));
#4129=ORIENTED_EDGE('',*,*,#4132,.T.);
#4130=ORIENTED_EDGE('',*,*,#4133,.T.);
#4131=ORIENTED_EDGE('',*,*,#4134,.T.);
#4132=EDGE_CURVE('',#151,#287,#4135,.F.);
#4133=EDGE_CURVE('',#287,#289,#4136,.T.);
#4134=EDGE_CURVE('',#289,#151,#4137,.T.);
#4135=LINE('',#150,#4138);
#4136=LINE('',#286,#4139);
#4137=LINE('',#288,#4140);
#4138=VECTOR('',#4141,1.0);
#4139=VECTOR('',#4142,1.0);
#4140=VECTOR('',#4143,1.0);
#4141=DIRECTION('',(0,0,-1));
#4142=DIRECTION('',(-0.2901978243212921,0.9569666779774458,0));
#4143=DIRECTION('',(0.017978771889069704,-0.05928743831569439,0.9980790366595841));
#4144=FACE_SURFACE('',(#4149),#4145,.T.);
#4145=PLANE('',#4146);
#4146=AXIS2_PLACEMENT_3D('',#150,#4147,#4148);
#4147=DIRECTION('',(0.9569666779774458,0.2901978243212921,0));
#4148=DIRECTION('',(-0.017978771889069704,0.05928743831569439,-0.9980790366595841));
#4149=FACE_BOUND('',#4150,.T.);
#4150=EDGE_LOOP('',(#4151,#4152,#4153));
#4151=ORIENTED_EDGE('',*,*,#4154,.T.);
#4152=ORIENTED_EDGE('',*,*,#4155,.T.);
#4153=ORIENTED_EDGE('',*,*,#4156,.T.);
#4154=EDGE_CURVE('',#151,#289,#4157,.F.);
#4155=EDGE_CURVE('',#289,#157,#4158,.T.);
#4156=EDGE_CURVE('',#157,#151,#4159,.T.);
#4157=LINE('',#150,#4160);
#4158=LINE('',#288,#4161);
#4159=LINE('',#156,#4162);
#4160=VECTOR('',#4163,1.0);
#4161=VECTOR('',#4164,1.0);
#4162=VECTOR('',#4165,1.0);
#4163=DIRECTION('',(-0.017978771889069704,0.05928743831569439,-0.9980790366595841));
#4164=DIRECTION('',(0,0,1));
#4165=DIRECTION('',(0.2901978243212921,-0.9569666779774458,0));
#4166=FACE_SURFACE('',(#4171),#4167,.T.);
#4167=PLANE('',#4168);
#4168=AXIS2_PLACEMENT_3D('',#156,#4169,#4170);
#4169=DIRECTION('',(0.9951791620824499,0.09807362212579285,0));
#4170=DIRECTION('',(0,0,-1));
#4171=FACE_BOUND('',#4172,.T.);
#4172=EDGE_LOOP('',(#4173,#4174,#4175));
#4173=ORIENTED_EDGE('',*,*,#4176,.T.);
#4174=ORIENTED_EDGE('',*,*,#4177,.T.);
#4175=ORIENTED_EDGE('',*,*,#4178,.T.);
#4176=EDGE_CURVE('',#157,#289,#4179,.F.);
#4177=EDGE_CURVE('',#289,#291,#4180,.T.);
#4178=EDGE_CURVE('',#291,#157,#4181,.T.);
#4179=LINE('',#156,#4182);
#4180=LINE('',#288,#4183);
#4181=LINE('',#290,#4184);
#4182=VECTOR('',#4185,1.0);
#4183=VECTOR('',#4186,1.0);
#4184=VECTOR('',#4187,1.0);
#4185=DIRECTION('',(0,0,-1));
#4186=DIRECTION('',(-0.09807362212579283,0.9951791620824499,0));
#4187=DIRECTION('',(0.006076273745535219,-0.0616575678923049,0.9980788662320103));
#4188=FACE_SURFACE('',(#4193),#4189,.T.);
#4189=PLANE('',#4190);
#4190=AXIS2_PLACEMENT_3D('',#156,#4191,#4192);
#4191=DIRECTION('',(0.9951791620824499,0.09807362212579285,0));
#4192=DIRECTION('',(-0.006076273745535219,0.0616575678923049,-0.9980788662320103));
#4193=FACE_BOUND('',#4194,.T.);
#4194=EDGE_LOOP('',(#4195,#4196,#4197));
#4195=ORIENTED_EDGE('',*,*,#4198,.T.);
#4196=ORIENTED_EDGE('',*,*,#4199,.T.);
#4197=ORIENTED_EDGE('',*,*,#4200,.T.);
#4198=EDGE_CURVE('',#157,#291,#4201,.F.);
#4199=EDGE_CURVE('',#291,#159,#4202,.T.);
#4200=EDGE_CURVE('',#159,#157,#4203,.T.);
#4201=LINE('',#156,#4204);
#4202=LINE('',#290,#4205);
#4203=LINE('',#158,#4206);
#4204=VECTOR('',#4207,1.0);
#4205=VECTOR('',#4208,1.0);
#4206=VECTOR('',#4209,1.0);
#4207=DIRECTION('',(-0.006076273745535219,0.0616575678923049,-0.9980788662320103));
#4208=DIRECTION('',(0,0,1));
#4209=DIRECTION('',(0.09807362212579283,-0.9951791620824499,0));
#4210=FACE_SURFACE('',(#4215),#4211,.T.);
#4211=PLANE('',#4212);
#4212=AXIS2_PLACEMENT_3D('',#158,#4213,#4214);
#4213=DIRECTION('',(0.9951788847880965,-0.09807643586469016,0));
#4214=DIRECTION('',(0,0,-1));
#4215=FACE_BOUND('',#4216,.T.);
#4216=EDGE_LOOP('',(#4217,#4218,#4219));
#4217=ORIENTED_EDGE('',*,*,#4220,.T.);
#4218=ORIENTED_EDGE('',*,*,#4221,.T.);
#4219=ORIENTED_EDGE('',*,*,#4222,.T.);
#4220=EDGE_CURVE('',#159,#291,#4223,.F.);
#4221=EDGE_CURVE('',#291,#293,#4224,.T.);
#4222=EDGE_CURVE('',#293,#159,#4225,.T.);
#4223=LINE('',#158,#4226);
#4224=LINE('',#290,#4227);
#4225=LINE('',#292,#4228);
#4226=VECTOR('',#4229,1.0);
#4227=VECTOR('',#4230,1.0);
#4228=VECTOR('',#4231,1.0);
#4229=DIRECTION('',(0,0,-1));
#4230=DIRECTION('',(0.09807643586469016,0.9951788847880965,0));
#4231=DIRECTION('',(-0.006076274414680662,-0.06165578859340872,0.998078976144755));
#4232=FACE_SURFACE('',(#4237),#4233,.T.);
#4233=PLANE('',#4234);
#4234=AXIS2_PLACEMENT_3D('',#158,#4235,#4236);
#4235=DIRECTION('',(0.9951788847880965,-0.09807643586469016,0));
#4236=DIRECTION('',(0.006076274414680662,0.06165578859340872,-0.998078976144755));
#4237=FACE_BOUND('',#4238,.T.);
#4238=EDGE_LOOP('',(#4239,#4240,#4241));
#4239=ORIENTED_EDGE('',*,*,#4242,.T.);
#4240=ORIENTED_EDGE('',*,*,#4243,.T.);
#4241=ORIENTED_EDGE('',*,*,#4244,.T.);
#4242=EDGE_CURVE('',#159,#293,#4245,.F.);
#4243=EDGE_CURVE('',#293,#163,#4246,.T.);
#4244=EDGE_CURVE('',#163,#159,#4247,.T.);
#4245=LINE('',#158,#4248);
#4246=LINE('',#292,#4249);
#4247=LINE('',#162,#4250);
#4248=VECTOR('',#4251,1.0);
#4249=VECTOR('',#4252,1.0);
#4250=VECTOR('',#4253,1.0);
#4251=DIRECTION('',(0.006076274414680662,0.06165578859340872,-0.998078976144755));
#4252=DIRECTION('',(0,0,1));
#4253=DIRECTION('',(-0.09807643586469016,-0.9951788847880965,0));
#4254=FACE_SURFACE('',(#4259),#4255,.T.);
#4255=PLANE('',#4256);
#4256=AXIS2_PLACEMENT_3D('',#162,#4257,#4258);
#4257=DIRECTION('',(0.9569666779774458,-0.2901978243212921,0));
#4258=DIRECTION('',(0,0,-1));
#4259=FACE_BOUND('',#4260,.T.);
#4260=EDGE_LOOP('',(#4261,#4262,#4263));
#4261=ORIENTED_EDGE('',*,*,#4264,.T.);
#4262=ORIENTED_EDGE('',*,*,#4265,.T.);
#4263=ORIENTED_EDGE('',*,*,#4266,.T.);
#4264=EDGE_CURVE('',#163,#293,#4267,.F.);
#4265=EDGE_CURVE('',#293,#295,#4268,.T.);
#4266=EDGE_CURVE('',#295,#163,#4269,.T.);
#4267=LINE('',#162,#4270);
#4268=LINE('',#292,#4271);
#4269=LINE('',#294,#4272);
#4270=VECTOR('',#4273,1.0);
#4271=VECTOR('',#4274,1.0);
#4272=VECTOR('',#4275,1.0);
#4273=DIRECTION('',(0,0,-1));
#4274=DIRECTION('',(0.2901978243212921,0.9569666779774458,0));
#4275=DIRECTION('',(-0.017978771889069704,-0.05928743831569439,0.9980790366595841));
#4276=FACE_SURFACE('',(#4281),#4277,.T.);
#4277=PLANE('',#4278);
#4278=AXIS2_PLACEMENT_3D('',#162,#4279,#4280);
#4279=DIRECTION('',(0.9569666779774458,-0.2901978243212921,0));
#4280=DIRECTION('',(0.017978771889069704,0.05928743831569439,-0.9980790366595841));
#4281=FACE_BOUND('',#4282,.T.);
#4282=EDGE_LOOP('',(#4283,#4284,#4285));
#4283=ORIENTED_EDGE('',*,*,#4286,.T.);
#4284=ORIENTED_EDGE('',*,*,#4287,.T.);
#4285=ORIENTED_EDGE('',*,*,#4288,.T.);
#4286=EDGE_CURVE('',#163,#295,#4289,.F.);
#4287=EDGE_CURVE('',#295,#167,#4290,.T.);
#4288=EDGE_CURVE('',#167,#163,#4291,.T.);
#4289=LINE('',#162,#4292);
#4290=LINE('',#294,#4293);
#4291=LINE('',#166,#4294);
#4292=VECTOR('',#4295,1.0);
#4293=VECTOR('',#4296,1.0);
#4294=VECTOR('',#4297,1.0);
#4295=DIRECTION('',(0.017978771889069704,0.05928743831569439,-0.9980790366595841));
#4296=DIRECTION('',(0,0,1));
#4297=DIRECTION('',(-0.2901978243212921,-0.9569666779774458,0));
#4298=FACE_SURFACE('',(#4303),#4299,.T.);
#4299=PLANE('',#4300);
#4300=AXIS2_PLACEMENT_3D('',#166,#4301,#4302);
#4301=DIRECTION('',(0.8819424135640673,-0.4713571672912036,0));
#4302=DIRECTION('',(0,0,-1));
#4303=FACE_BOUND('',#4304,.T.);
#4304=EDGE_LOOP('',(#4305,#4306,#4307));
#4305=ORIENTED_EDGE('',*,*,#4308,.T.);
#4306=ORIENTED_EDGE('',*,*,#4309,.T.);
#4307=ORIENTED_EDGE('',*,*,#4310,.T.);
#4308=EDGE_CURVE('',#167,#295,#4311,.F.);
#4309=EDGE_CURVE('',#295,#297,#4312,.T.);
#4310=EDGE_CURVE('',#297,#167,#4313,.T.);
#4311=LINE('',#166,#4314);
#4312=LINE('',#294,#4315);
#4313=LINE('',#296,#4316);
#4314=VECTOR('',#4317,1.0);
#4315=VECTOR('',#4318,1.0);
#4316=VECTOR('',#4319,1.0);
#4317=DIRECTION('',(0,0,-1));
#4318=DIRECTION('',(0.4713571672912036,0.8819424135640673,0));
#4319=DIRECTION('',(-0.029202553918128777,-0.0546400323830823,0.998078993720354));
#4320=FACE_SURFACE('',(#4325),#4321,.T.);
#4321=PLANE('',#4322);
#4322=AXIS2_PLACEMENT_3D('',#166,#4323,#4324);
#4323=DIRECTION('',(0.8819424135640673,-0.4713571672912036,0));
#4324=DIRECTION('',(0.029202553918128777,0.0546400323830823,-0.998078993720354));
#4325=FACE_BOUND('',#4326,.T.);
#4326=EDGE_LOOP('',(#4327,#4328,#4329));
#4327=ORIENTED_EDGE('',*,*,#4330,.T.);
#4328=ORIENTED_EDGE('',*,*,#4331,.T.);
#4329=ORIENTED_EDGE('',*,*,#4332,.T.);
#4330=EDGE_CURVE('',#167,#297,#4333,.F.);
#4331=EDGE_CURVE('',#297,#171,#4334,.T.);
#4332=EDGE_CURVE('',#171,#167,#4335,.T.);
#4333=LINE('',#166,#4336);
#4334=LINE('',#296,#4337);
#4335=LINE('',#170,#4338);
#4336=VECTOR('',#4339,1.0);
#4337=VECTOR('',#4340,1.0);
#4338=VECTOR('',#4341,1.0);
#4339=DIRECTION('',(0.029202553918128777,0.0546400323830823,-0.998078993720354));
#4340=DIRECTION('',(0,0,1));
#4341=DIRECTION('',(-0.4713571672912036,-0.8819424135640673,0));
#4342=FACE_SURFACE('',(#4347),#4343,.T.);
#4343=PLANE('',#4344);
#4344=AXIS2_PLACEMENT_3D('',#170,#4345,#4346);
#4345=DIRECTION('',(0.7729493968091042,-0.6344676744897585,0));
#4346=DIRECTION('',(0,0,-1));
#4347=FACE_BOUND('',#4348,.T.);
#4348=EDGE_LOOP('',(#4349,#4350,#4351));
#4349=ORIENTED_EDGE('',*,*,#4352,.T.);
#4350=ORIENTED_EDGE('',*,*,#4353,.T.);
#4351=ORIENTED_EDGE('',*,*,#4354,.T.);
#4352=EDGE_CURVE('',#171,#297,#4355,.F.);
#4353=EDGE_CURVE('',#297,#299,#4356,.T.);
#4354=EDGE_CURVE('',#299,#171,#4357,.T.);
#4355=LINE('',#170,#4358);
#4356=LINE('',#296,#4359);
#4357=LINE('',#298,#4360);
#4358=VECTOR('',#4361,1.0);
#4359=VECTOR('',#4362,1.0);
#4360=VECTOR('',#4363,1.0);
#4361=DIRECTION('',(0,0,-1));
#4362=DIRECTION('',(0.6344676744897584,0.7729493968091041,0));
#4363=DIRECTION('',(-0.03931180232480555,-0.047892170265212905,0.9980786152529585));
#4364=FACE_SURFACE('',(#4369),#4365,.T.);
#4365=PLANE('',#4366);
#4366=AXIS2_PLACEMENT_3D('',#170,#4367,#4368);
#4367=DIRECTION('',(0.7729493968091042,-0.6344676744897585,0));
#4368=DIRECTION('',(0.03931180232480555,0.047892170265212905,-0.9980786152529585));
#4369=FACE_BOUND('',#4370,.T.);
#4370=EDGE_LOOP('',(#4371,#4372,#4373));
#4371=ORIENTED_EDGE('',*,*,#4374,.T.);
#4372=ORIENTED_EDGE('',*,*,#4375,.T.);
#4373=ORIENTED_EDGE('',*,*,#4376,.T.);
#4374=EDGE_CURVE('',#171,#299,#4377,.F.);
#4375=EDGE_CURVE('',#299,#175,#4378,.T.);
#4376=EDGE_CURVE('',#175,#171,#4379,.T.);
#4377=LINE('',#170,#4380);
#4378=LINE('',#298,#4381);
#4379=LINE('',#174,#4382);
#4380=VECTOR('',#4383,1.0);
#4381=VECTOR('',#4384,1.0);
#4382=VECTOR('',#4385,1.0);
#4383=DIRECTION('',(0.03931180232480555,0.047892170265212905,-0.9980786152529585));
#4384=DIRECTION('',(0,0,1));
#4385=DIRECTION('',(-0.6344676744897584,-0.7729493968091041,0));
#4386=FACE_SURFACE('',(#4391),#4387,.T.);
#4387=PLANE('',#4388);
#4388=AXIS2_PLACEMENT_3D('',#174,#4389,#4390);
#4389=DIRECTION('',(0.6344270530919988,-0.7729827386850254,0));
#4390=DIRECTION('',(0,0,-1));
#4391=FACE_BOUND('',#4392,.T.);
#4392=EDGE_LOOP('',(#4393,#4394,#4395));
#4393=ORIENTED_EDGE('',*,*,#4396,.T.);
#4394=ORIENTED_EDGE('',*,*,#4397,.T.);
#4395=ORIENTED_EDGE('',*,*,#4398,.T.);
#4396=EDGE_CURVE('',#175,#299,#4399,.F.);
#4397=EDGE_CURVE('',#299,#301,#4400,.T.);
#4398=EDGE_CURVE('',#301,#175,#4401,.T.);
#4399=LINE('',#174,#4402);
#4400=LINE('',#298,#4403);
#4401=LINE('',#300,#4404);
#4402=VECTOR('',#4405,1.0);
#4403=VECTOR('',#4406,1.0);
#4404=VECTOR('',#4407,1.0);
#4405=DIRECTION('',(0,0,-1));
#4406=DIRECTION('',(0.7729827386850253,0.6344270530919986,0));
#4407=DIRECTION('',(-0.047888619729819025,-0.03930467573379074,0.9980790662897575));
#4408=FACE_SURFACE('',(#4413),#4409,.T.);
#4409=PLANE('',#4410);
#4410=AXIS2_PLACEMENT_3D('',#174,#4411,#4412);
#4411=DIRECTION('',(0.6344270530919988,-0.7729827386850254,0));
#4412=DIRECTION('',(0.047888619729819025,0.03930467573379074,-0.9980790662897575));
#4413=FACE_BOUND('',#4414,.T.);
#4414=EDGE_LOOP('',(#4415,#4416,#4417));
#4415=ORIENTED_EDGE('',*,*,#4418,.T.);
#4416=ORIENTED_EDGE('',*,*,#4419,.T.);
#4417=ORIENTED_EDGE('',*,*,#4420,.T.);
#4418=EDGE_CURVE('',#175,#301,#4421,.F.);
#4419=EDGE_CURVE('',#301,#179,#4422,.T.);
#4420=EDGE_CURVE('',#179,#175,#4423,.T.);
#4421=LINE('',#174,#4424);
#4422=LINE('',#300,#4425);
#4423=LINE('',#178,#4426);
#4424=VECTOR('',#4427,1.0);
#4425=VECTOR('',#4428,1.0);
#4426=VECTOR('',#4429,1.0);
#4427=DIRECTION('',(0.047888619729819025,0.03930467573379074,-0.9980790662897575));
#4428=DIRECTION('',(0,0,1));
#4429=DIRECTION('',(-0.7729827386850253,-0.6344270530919986,0));
#4430=FACE_SURFACE('',(#4435),#4431,.T.);
#4431=PLANE('',#4432);
#4432=AXIS2_PLACEMENT_3D('',#178,#4433,#4434);
#4433=DIRECTION('',(0.47143874619468534,-0.8818988085865539,0));
#4434=DIRECTION('',(0,0,-1));
#4435=FACE_BOUND('',#4436,.T.);
#4436=EDGE_LOOP('',(#4437,#4438,#4439));
#4437=ORIENTED_EDGE('',*,*,#4440,.T.);
#4438=ORIENTED_EDGE('',*,*,#4441,.T.);
#4439=ORIENTED_EDGE('',*,*,#4442,.T.);
#4440=EDGE_CURVE('',#179,#301,#4443,.F.);
#4441=EDGE_CURVE('',#301,#303,#4444,.T.);
#4442=EDGE_CURVE('',#303,#179,#4445,.T.);
#4443=LINE('',#178,#4446);
#4444=LINE('',#300,#4447);
#4445=LINE('',#302,#4448);
#4446=VECTOR('',#4449,1.0);
#4447=VECTOR('',#4450,1.0);
#4448=VECTOR('',#4451,1.0);
#4449=DIRECTION('',(0,0,-1));
#4450=DIRECTION('',(0.8818988085865538,0.4714387461946853,0));
#4451=DIRECTION('',(-0.054632905078380464,-0.02920524216650772,0.9980793052221313));
#4452=FACE_SURFACE('',(#4457),#4453,.T.);
#4453=PLANE('',#4454);
#4454=AXIS2_PLACEMENT_3D('',#178,#4455,#4456);
#4455=DIRECTION('',(0.47143874619468534,-0.8818988085865539,0));
#4456=DIRECTION('',(0.054632905078380464,0.02920524216650772,-0.9980793052221313));
#4457=FACE_BOUND('',#4458,.T.);
#4458=EDGE_LOOP('',(#4459,#4460,#4461));
#4459=ORIENTED_EDGE('',*,*,#4462,.T.);
#4460=ORIENTED_EDGE('',*,*,#4463,.T.);
#4461=ORIENTED_EDGE('',*,*,#4464,.T.);
#4462=EDGE_CURVE('',#179,#303,#4465,.F.);
#4463=EDGE_CURVE('',#303,#183,#4466,.T.);
#4464=EDGE_CURVE('',#183,#179,#4467,.T.);
#4465=LINE('',#178,#4468);
#4466=LINE('',#302,#4469);
#4467=LINE('',#182,#4470);
#4468=VECTOR('',#4471,1.0);
#4469=VECTOR('',#4472,1.0);
#4470=VECTOR('',#4473,1.0);
#4471=DIRECTION('',(0.054632905078380464,0.02920524216650772,-0.9980793052221313));
#4472=DIRECTION('',(0,0,1));
#4473=DIRECTION('',(-0.8818988085865538,-0.4714387461946853,0));
#4474=FACE_SURFACE('',(#4479),#4475,.T.);
#4475=PLANE('',#4476);
#4476=AXIS2_PLACEMENT_3D('',#182,#4477,#4478);
#4477=DIRECTION('',(0.29029022599219445,-0.9569386525234523,0));
#4478=DIRECTION('',(0,0,-1));
#4479=FACE_BOUND('',#4480,.T.);
#4480=EDGE_LOOP('',(#4481,#4482,#4483));
#4481=ORIENTED_EDGE('',*,*,#4484,.T.);
#4482=ORIENTED_EDGE('',*,*,#4485,.T.);
#4483=ORIENTED_EDGE('',*,*,#4486,.T.);
#4484=EDGE_CURVE('',#183,#303,#4487,.F.);
#4485=EDGE_CURVE('',#303,#305,#4488,.T.);
#4486=EDGE_CURVE('',#305,#183,#4489,.T.);
#4487=LINE('',#182,#4490);
#4488=LINE('',#302,#4491);
#4489=LINE('',#304,#4492);
#4490=VECTOR('',#4493,1.0);
#4491=VECTOR('',#4494,1.0);
#4492=VECTOR('',#4495,1.0);
#4493=DIRECTION('',(0,0,-1));
#4494=DIRECTION('',(0.9569386525234524,0.2902902259921945,0));
#4495=DIRECTION('',(-0.059287431651168315,-0.01798502117887086,0.9980789244650965));
#4496=FACE_SURFACE('',(#4501),#4497,.T.);
#4497=PLANE('',#4498);
#4498=AXIS2_PLACEMENT_3D('',#182,#4499,#4500);
#4499=DIRECTION('',(0.29029022599219445,-0.9569386525234523,0));
#4500=DIRECTION('',(0.059287431651168315,0.01798502117887086,-0.9980789244650965));
#4501=FACE_BOUND('',#4502,.T.);
#4502=EDGE_LOOP('',(#4503,#4504,#4505));
#4503=ORIENTED_EDGE('',*,*,#4506,.T.);
#4504=ORIENTED_EDGE('',*,*,#4507,.T.);
#4505=ORIENTED_EDGE('',*,*,#4508,.T.);
#4506=EDGE_CURVE('',#183,#305,#4509,.F.);
#4507=EDGE_CURVE('',#305,#187,#4510,.T.);
#4508=EDGE_CURVE('',#187,#183,#4511,.T.);
#4509=LINE('',#182,#4512);
#4510=LINE('',#304,#4513);
#4511=LINE('',#186,#4514);
#4512=VECTOR('',#4515,1.0);
#4513=VECTOR('',#4516,1.0);
#4514=VECTOR('',#4517,1.0);
#4515=DIRECTION('',(0.059287431651168315,0.01798502117887086,-0.9980789244650965));
#4516=DIRECTION('',(0,0,1));
#4517=DIRECTION('',(-0.9569386525234524,-0.2902902259921945,0));
#4518=FACE_SURFACE('',(#4523),#4519,.T.);
#4519=PLANE('',#4520);
#4520=AXIS2_PLACEMENT_3D('',#186,#4521,#4522);
#4521=DIRECTION('',(0.09801370778414571,-0.9951850647424347,0));
#4522=DIRECTION('',(0,0,-1));
#4523=FACE_BOUND('',#4524,.T.);
#4524=EDGE_LOOP('',(#4525,#4526,#4527));
#4525=ORIENTED_EDGE('',*,*,#4528,.T.);
#4526=ORIENTED_EDGE('',*,*,#4529,.T.);
#4527=ORIENTED_EDGE('',*,*,#4530,.T.);
#4528=EDGE_CURVE('',#187,#305,#4531,.F.);
#4529=EDGE_CURVE('',#305,#243,#4532,.T.);
#4530=EDGE_CURVE('',#243,#187,#4533,.T.);
#4531=LINE('',#186,#4534);
#4532=LINE('',#304,#4535);
#4533=LINE('',#242,#4536);
#4534=VECTOR('',#4537,1.0);
#4535=VECTOR('',#4538,1.0);
#4536=VECTOR('',#4539,1.0);
#4537=DIRECTION('',(0,0,-1));
#4538=DIRECTION('',(0.9951850647424347,0.09801370778414571,0));
#4539=DIRECTION('',(-0.06165934852856828,-0.0060727010311433915,0.998078777973572));
#4540=FACE_SURFACE('',(#4545),#4541,.T.);
#4541=PLANE('',#4542);
#4542=AXIS2_PLACEMENT_3D('',#186,#4543,#4544);
#4543=DIRECTION('',(0.09801370778414571,-0.9951850647424347,0));
#4544=DIRECTION('',(0.06165934852856828,0.0060727010311433915,-0.998078777973572));
#4545=FACE_BOUND('',#4546,.T.);
#4546=EDGE_LOOP('',(#4547,#4548,#4549));
#4547=ORIENTED_EDGE('',*,*,#4550,.T.);
#4548=ORIENTED_EDGE('',*,*,#4551,.T.);
#4549=ORIENTED_EDGE('',*,*,#4552,.T.);
#4550=EDGE_CURVE('',#187,#243,#4553,.F.);
#4551=EDGE_CURVE('',#243,#191,#4554,.T.);
#4552=EDGE_CURVE('',#191,#187,#4555,.T.);
#4553=LINE('',#186,#4556);
#4554=LINE('',#242,#4557);
#4555=LINE('',#190,#4558);
#4556=VECTOR('',#4559,1.0);
#4557=VECTOR('',#4560,1.0);
#4558=VECTOR('',#4561,1.0);
#4559=DIRECTION('',(0.06165934852856828,0.0060727010311433915,-0.998078777973572));
#4560=DIRECTION('',(0,0,1));
#4561=DIRECTION('',(-0.9951850647424347,-0.09801370778414571,0));
#4562=FACE_SURFACE('',(#4567),#4563,.T.);
#4563=PLANE('',#4564);
#4564=AXIS2_PLACEMENT_3D('',#290,#4565,#4566);
#4565=DIRECTION('',(0,0,1));
#4566=DIRECTION('',(0.09807362212579283,-0.9951791620824499,0));
#4567=FACE_BOUND('',#4568,.T.);
#4568=EDGE_LOOP('',(#4569,#4570,#4571));
#4569=ORIENTED_EDGE('',*,*,#4572,.T.);
#4570=ORIENTED_EDGE('',*,*,#4573,.T.);
#4571=ORIENTED_EDGE('',*,*,#4574,.T.);
#4572=EDGE_CURVE('',#291,#289,#4575,.F.);
#4573=EDGE_CURVE('',#289,#287,#4576,.T.);
#4574=EDGE_CURVE('',#287,#291,#4577,.T.);
#4575=LINE('',#290,#4578);
#4576=LINE('',#288,#4579);
#4577=LINE('',#286,#4580);
#4578=VECTOR('',#4581,1.0);
#4579=VECTOR('',#4582,1.0);
#4580=VECTOR('',#4583,1.0);
#4581=DIRECTION('',(0.09807362212579283,-0.9951791620824499,0));
#4582=DIRECTION('',(0.2901978243212921,-0.9569666779774458,0));
#4583=DIRECTION('',(-0.19507149935669518,0.9807890242752163,0));
#4584=FACE_SURFACE('',(#4589),#4585,.T.);
#4585=PLANE('',#4586);
#4586=AXIS2_PLACEMENT_3D('',#286,#4587,#4588);
#4587=DIRECTION('',(0,0,1));
#4588=DIRECTION('',(0.4713571672912036,-0.8819424135640673,0));
#4589=FACE_BOUND('',#4590,.T.);
#4590=EDGE_LOOP('',(#4591,#4592,#4593));
#4591=ORIENTED_EDGE('',*,*,#4594,.T.);
#4592=ORIENTED_EDGE('',*,*,#4595,.T.);
#4593=ORIENTED_EDGE('',*,*,#4596,.T.);
#4594=EDGE_CURVE('',#287,#285,#4597,.F.);
#4595=EDGE_CURVE('',#285,#283,#4598,.T.);
#4596=EDGE_CURVE('',#283,#287,#4599,.T.);
#4597=LINE('',#286,#4600);
#4598=LINE('',#284,#4601);
#4599=LINE('',#282,#4602);
#4600=VECTOR('',#4603,1.0);
#4601=VECTOR('',#4604,1.0);
#4602=VECTOR('',#4605,1.0);
#4603=DIRECTION('',(0.4713571672912036,-0.8819424135640673,0));
#4604=DIRECTION('',(0.6344676744897584,-0.7729493968091041,0));
#4605=DIRECTION('',(-0.5555956373721153,0.831452637095507,0));
#4606=FACE_SURFACE('',(#4611),#4607,.T.);
#4607=PLANE('',#4608);
#4608=AXIS2_PLACEMENT_3D('',#282,#4609,#4610);
#4609=DIRECTION('',(0,0,1));
#4610=DIRECTION('',(0.7729827386850253,-0.6344270530919986,0));
#4611=FACE_BOUND('',#4612,.T.);
#4612=EDGE_LOOP('',(#4613,#4614,#4615));
#4613=ORIENTED_EDGE('',*,*,#4616,.T.);
#4614=ORIENTED_EDGE('',*,*,#4617,.T.);
#4615=ORIENTED_EDGE('',*,*,#4618,.T.);
#4616=EDGE_CURVE('',#283,#281,#4619,.F.);
#4617=EDGE_CURVE('',#281,#279,#4620,.T.);
#4618=EDGE_CURVE('',#279,#283,#4621,.T.);
#4619=LINE('',#282,#4622);
#4620=LINE('',#280,#4623);
#4621=LINE('',#278,#4624);
#4622=VECTOR('',#4625,1.0);
#4623=VECTOR('',#4626,1.0);
#4624=VECTOR('',#4627,1.0);
#4625=DIRECTION('',(0.7729827386850253,-0.6344270530919986,0));
#4626=DIRECTION('',(0.8819048020725494,-0.47142753428430284,0));
#4627=DIRECTION('',(-0.831445883133982,0.5556057445883301,0));
#4628=FACE_SURFACE('',(#4633),#4629,.T.);
#4629=PLANE('',#4630);
#4630=AXIS2_PLACEMENT_3D('',#278,#4631,#4632);
#4631=DIRECTION('',(0,0,1));
#4632=DIRECTION('',(0.9569426566054738,-0.29027702625054275,0));
#4633=FACE_BOUND('',#4634,.T.);
#4634=EDGE_LOOP('',(#4635,#4636,#4637));
#4635=ORIENTED_EDGE('',*,*,#4638,.T.);
#4636=ORIENTED_EDGE('',*,*,#4639,.T.);
#4637=ORIENTED_EDGE('',*,*,#4640,.T.);
#4638=EDGE_CURVE('',#279,#277,#4641,.F.);
#4639=EDGE_CURVE('',#277,#275,#4642,.T.);
#4640=EDGE_CURVE('',#275,#279,#4643,.T.);
#4641=LINE('',#278,#4644);
#4642=LINE('',#276,#4645);
#4643=LINE('',#274,#4646);
#4644=VECTOR('',#4647,1.0);
#4645=VECTOR('',#4648,1.0);
#4646=VECTOR('',#4649,1.0);
#4647=DIRECTION('',(0.9569426566054738,-0.29027702625054275,0));
#4648=DIRECTION('',(0.9951850647424347,-0.09801370778414571,0));
#4649=DIRECTION('',(-0.9807868042597286,0.1950826609157996,0));
#4650=FACE_SURFACE('',(#4655),#4651,.T.);
#4651=PLANE('',#4652);
#4652=AXIS2_PLACEMENT_3D('',#274,#4653,#4654);
#4653=DIRECTION('',(0,0,1));
#4654=DIRECTION('',(0.9951856185694766,0.09800808432210116,0));
#4655=FACE_BOUND('',#4656,.T.);
#4656=EDGE_LOOP('',(#4657,#4658,#4659));
#4657=ORIENTED_EDGE('',*,*,#4660,.T.);
#4658=ORIENTED_EDGE('',*,*,#4661,.T.);
#4659=ORIENTED_EDGE('',*,*,#4662,.T.);
#4660=EDGE_CURVE('',#275,#273,#4663,.F.);
#4661=EDGE_CURVE('',#273,#271,#4664,.T.);
#4662=EDGE_CURVE('',#271,#275,#4665,.T.);
#4663=LINE('',#274,#4666);
#4664=LINE('',#272,#4667);
#4665=LINE('',#270,#4668);
#4666=VECTOR('',#4669,1.0);
#4667=VECTOR('',#4670,1.0);
#4668=VECTOR('',#4671,1.0);
#4669=DIRECTION('',(0.9951856185694766,0.09800808432210116,0));
#4670=DIRECTION('',(0.9569377979333233,0.29029304312456716,0));
#4671=DIRECTION('',(-0.9807868042597286,-0.1950826609157996,0));
#4672=FACE_SURFACE('',(#4677),#4673,.T.);
#4673=PLANE('',#4674);
#4674=AXIS2_PLACEMENT_3D('',#270,#4675,#4676);
#4675=DIRECTION('',(0,0,1));
#4676=DIRECTION('',(0.8819304288650777,0.47137959082024333,0));
#4677=FACE_BOUND('',#4678,.T.);
#4678=EDGE_LOOP('',(#4679,#4680,#4681));
#4679=ORIENTED_EDGE('',*,*,#4682,.T.);
#4680=ORIENTED_EDGE('',*,*,#4683,.T.);
#4681=ORIENTED_EDGE('',*,*,#4684,.T.);
#4682=EDGE_CURVE('',#271,#269,#4685,.F.);
#4683=EDGE_CURVE('',#269,#267,#4686,.T.);
#4684=EDGE_CURVE('',#267,#271,#4687,.T.);
#4685=LINE('',#270,#4688);
#4686=LINE('',#268,#4689);
#4687=LINE('',#266,#4690);
#4688=VECTOR('',#4691,1.0);
#4689=VECTOR('',#4692,1.0);
#4690=VECTOR('',#4693,1.0);
#4691=DIRECTION('',(0.8819304288650777,0.47137959082024333,0));
#4692=DIRECTION('',(0.7730059449332992,0.6343987776610048,0));
#4693=DIRECTION('',(-0.8314727093691433,-0.5555655979039165,0));
#4694=FACE_SURFACE('',(#4699),#4695,.T.);
#4695=PLANE('',#4696);
#4696=AXIS2_PLACEMENT_3D('',#266,#4697,#4698);
#4697=DIRECTION('',(0,0,1));
#4698=DIRECTION('',(0.6344332279654685,0.7729776706046017,0));
#4699=FACE_BOUND('',#4700,.T.);
#4700=EDGE_LOOP('',(#4701,#4702,#4703));
#4701=ORIENTED_EDGE('',*,*,#4704,.T.);
#4702=ORIENTED_EDGE('',*,*,#4705,.T.);
#4703=ORIENTED_EDGE('',*,*,#4706,.T.);
#4704=EDGE_CURVE('',#267,#265,#4707,.F.);
#4705=EDGE_CURVE('',#265,#263,#4708,.T.);
#4706=EDGE_CURVE('',#263,#267,#4709,.T.);
#4707=LINE('',#266,#4710);
#4708=LINE('',#264,#4711);
#4709=LINE('',#262,#4712);
#4710=VECTOR('',#4713,1.0);
#4711=VECTOR('',#4714,1.0);
#4712=VECTOR('',#4715,1.0);
#4713=DIRECTION('',(0.6344332279654685,0.7729776706046017,0));
#4714=DIRECTION('',(0.4713571672912036,0.8819424135640673,0));
#4715=DIRECTION('',(-0.5555756113017101,-0.8314660186241715,0));
#4716=FACE_SURFACE('',(#4721),#4717,.T.);
#4717=PLANE('',#4718);
#4718=AXIS2_PLACEMENT_3D('',#262,#4719,#4720);
#4719=DIRECTION('',(0,0,1));
#4720=DIRECTION('',(0.2902506262701716,0.9569506643238057,0));
#4721=FACE_BOUND('',#4722,.T.);
#4722=EDGE_LOOP('',(#4723,#4724,#4725));
#4723=ORIENTED_EDGE('',*,*,#4726,.T.);
#4724=ORIENTED_EDGE('',*,*,#4727,.T.);
#4725=ORIENTED_EDGE('',*,*,#4728,.T.);
#4726=EDGE_CURVE('',#263,#261,#4729,.F.);
#4727=EDGE_CURVE('',#261,#259,#4730,.T.);
#4728=EDGE_CURVE('',#259,#263,#4731,.T.);
#4729=LINE('',#262,#4732);
#4730=LINE('',#260,#4733);
#4731=LINE('',#258,#4734);
#4732=VECTOR('',#4735,1.0);
#4733=VECTOR('',#4736,1.0);
#4734=VECTOR('',#4737,1.0);
#4735=DIRECTION('',(0.2902506262701716,0.9569506643238057,0));
#4736=DIRECTION('',(0.09801651975599646,0.9951847877931628,0));
#4737=DIRECTION('',(-0.19507149935669518,-0.9807890242752163,0));
#4738=FACE_SURFACE('',(#4743),#4739,.T.);
#4739=PLANE('',#4740);
#4740=AXIS2_PLACEMENT_3D('',#258,#4741,#4742);
#4741=DIRECTION('',(0,0,1));
#4742=DIRECTION('',(-0.09801933188841773,0.995184510820053,0));
#4743=FACE_BOUND('',#4744,.T.);
#4744=EDGE_LOOP('',(#4745,#4746,#4747));
#4745=ORIENTED_EDGE('',*,*,#4748,.T.);
#4746=ORIENTED_EDGE('',*,*,#4749,.T.);
#4747=ORIENTED_EDGE('',*,*,#4750,.T.);
#4748=EDGE_CURVE('',#259,#257,#4751,.F.);
#4749=EDGE_CURVE('',#257,#255,#4752,.T.);
#4750=EDGE_CURVE('',#255,#259,#4753,.T.);
#4751=LINE('',#258,#4754);
#4752=LINE('',#256,#4755);
#4753=LINE('',#254,#4756);
#4754=VECTOR('',#4757,1.0);
#4755=VECTOR('',#4758,1.0);
#4756=VECTOR('',#4759,1.0);
#4757=DIRECTION('',(-0.09801933188841773,0.995184510820053,0));
#4758=DIRECTION('',(-0.2902506262701716,0.9569506643238057,0));
#4759=DIRECTION('',(0.195074270545916,-0.9807884731026252,0));
#4760=FACE_SURFACE('',(#4765),#4761,.T.);
#4761=PLANE('',#4762);
#4762=AXIS2_PLACEMENT_3D('',#254,#4763,#4764);
#4763=DIRECTION('',(0,0,1));
#4764=DIRECTION('',(-0.4713571672912036,0.8819424135640673,0));
#4765=FACE_BOUND('',#4766,.T.);
#4766=EDGE_LOOP('',(#4767,#4768,#4769));
#4767=ORIENTED_EDGE('',*,*,#4770,.T.);
#4768=ORIENTED_EDGE('',*,*,#4771,.T.);
#4769=ORIENTED_EDGE('',*,*,#4772,.T.);
#4770=EDGE_CURVE('',#255,#253,#4773,.F.);
#4771=EDGE_CURVE('',#253,#251,#4774,.T.);
#4772=EDGE_CURVE('',#251,#255,#4775,.T.);
#4773=LINE('',#254,#4776);
#4774=LINE('',#252,#4777);
#4775=LINE('',#250,#4778);
#4776=VECTOR('',#4779,1.0);
#4777=VECTOR('',#4780,1.0);
#4778=VECTOR('',#4781,1.0);
#4779=DIRECTION('',(-0.4713571672912036,0.8819424135640673,0));
#4780=DIRECTION('',(-0.6344332279654685,0.7729776706046017,0));
#4781=DIRECTION('',(0.5555756113017101,-0.8314660186241715,0));
#4782=FACE_SURFACE('',(#4787),#4783,.T.);
#4783=PLANE('',#4784);
#4784=AXIS2_PLACEMENT_3D('',#250,#4785,#4786);
#4785=DIRECTION('',(0,0,1));
#4786=DIRECTION('',(-0.7730059449332992,0.6343987776610048,0));
#4787=FACE_BOUND('',#4788,.T.);
#4788=EDGE_LOOP('',(#4789,#4790,#4791));
#4789=ORIENTED_EDGE('',*,*,#4792,.T.);
#4790=ORIENTED_EDGE('',*,*,#4793,.T.);
#4791=ORIENTED_EDGE('',*,*,#4794,.T.);
#4792=EDGE_CURVE('',#251,#249,#4795,.F.);
#4793=EDGE_CURVE('',#249,#247,#4796,.T.);
#4794=EDGE_CURVE('',#247,#251,#4797,.T.);
#4795=LINE('',#250,#4798);
#4796=LINE('',#248,#4799);
#4797=LINE('',#246,#4800);
#4798=VECTOR('',#4801,1.0);
#4799=VECTOR('',#4802,1.0);
#4800=VECTOR('',#4803,1.0);
#4801=DIRECTION('',(-0.7730059449332992,0.6343987776610048,0));
#4802=DIRECTION('',(-0.8819244364239385,0.47139080224195967,0));
#4803=DIRECTION('',(0.8314693639982714,-0.5555706046330297,0));
#4804=FACE_SURFACE('',(#4809),#4805,.T.);
#4805=PLANE('',#4806);
#4806=AXIS2_PLACEMENT_3D('',#246,#4807,#4808);
#4807=DIRECTION('',(0,0,1));
#4808=DIRECTION('',(-0.9569337934297512,0.2903062434604989,0));
#4809=FACE_BOUND('',#4810,.T.);
#4810=EDGE_LOOP('',(#4811,#4812,#4813));
#4811=ORIENTED_EDGE('',*,*,#4814,.T.);
#4812=ORIENTED_EDGE('',*,*,#4815,.T.);
#4813=ORIENTED_EDGE('',*,*,#4816,.T.);
#4814=EDGE_CURVE('',#247,#245,#4817,.F.);
#4815=EDGE_CURVE('',#245,#243,#4818,.T.);
#4816=EDGE_CURVE('',#243,#247,#4819,.T.);
#4817=LINE('',#246,#4820);
#4818=LINE('',#244,#4821);
#4819=LINE('',#242,#4822);
#4820=VECTOR('',#4823,1.0);
#4821=VECTOR('',#4824,1.0);
#4822=VECTOR('',#4825,1.0);
#4823=DIRECTION('',(-0.9569337934297512,0.2903062434604989,0));
#4824=DIRECTION('',(-0.9951856185694766,0.09800808432210116,0));
#4825=DIRECTION('',(0.9807854186090859,-0.19508962720708667,0));
#4826=FACE_SURFACE('',(#4831),#4827,.T.);
#4827=PLANE('',#4828);
#4828=AXIS2_PLACEMENT_3D('',#242,#4829,#4830);
#4829=DIRECTION('',(0,0,1));
#4830=DIRECTION('',(-0.9951850647424347,-0.09801370778414571,0));
#4831=FACE_BOUND('',#4832,.T.);
#4832=EDGE_LOOP('',(#4833,#4834,#4835));
#4833=ORIENTED_EDGE('',*,*,#4836,.T.);
#4834=ORIENTED_EDGE('',*,*,#4837,.T.);
#4835=ORIENTED_EDGE('',*,*,#4838,.T.);
#4836=EDGE_CURVE('',#243,#305,#4839,.F.);
#4837=EDGE_CURVE('',#305,#303,#4840,.T.);
#4838=EDGE_CURVE('',#303,#243,#4841,.T.);
#4839=LINE('',#242,#4842);
#4840=LINE('',#304,#4843);
#4841=LINE('',#302,#4844);
#4842=VECTOR('',#4845,1.0);
#4843=VECTOR('',#4846,1.0);
#4844=VECTOR('',#4847,1.0);
#4845=DIRECTION('',(-0.9951850647424347,-0.09801370778414571,0));
#4846=DIRECTION('',(-0.9569386525234524,-0.2902902259921945,0));
#4847=DIRECTION('',(0.9807854186090859,0.19508962720708667,0));
#4848=FACE_SURFACE('',(#4853),#4849,.T.);
#4849=PLANE('',#4850);
#4850=AXIS2_PLACEMENT_3D('',#302,#4851,#4852);
#4851=DIRECTION('',(0,0,1));
#4852=DIRECTION('',(-0.8818988085865538,-0.4714387461946853,0));
#4853=FACE_BOUND('',#4854,.T.);
#4854=EDGE_LOOP('',(#4855,#4856,#4857));
#4855=ORIENTED_EDGE('',*,*,#4858,.T.);
#4856=ORIENTED_EDGE('',*,*,#4859,.T.);
#4857=ORIENTED_EDGE('',*,*,#4860,.T.);
#4858=EDGE_CURVE('',#303,#301,#4861,.F.);
#4859=EDGE_CURVE('',#301,#299,#4862,.T.);
#4860=EDGE_CURVE('',#299,#303,#4863,.T.);
#4861=LINE('',#302,#4864);
#4862=LINE('',#300,#4865);
#4863=LINE('',#298,#4866);
#4864=VECTOR('',#4867,1.0);
#4865=VECTOR('',#4868,1.0);
#4866=VECTOR('',#4869,1.0);
#4867=DIRECTION('',(-0.8818988085865538,-0.4714387461946853,0));
#4868=DIRECTION('',(-0.7729827386850253,-0.6344270530919986,0));
#4869=DIRECTION('',(0.8314425373875534,0.5556107513561511,0));
#4870=FACE_SURFACE('',(#4875),#4871,.T.);
#4871=PLANE('',#4872);
#4872=AXIS2_PLACEMENT_3D('',#298,#4873,#4874);
#4873=DIRECTION('',(0,0,1));
#4874=DIRECTION('',(-0.6344676744897584,-0.7729493968091041,0));
#4875=FACE_BOUND('',#4876,.T.);
#4876=EDGE_LOOP('',(#4877,#4878,#4879));
#4877=ORIENTED_EDGE('',*,*,#4880,.T.);
#4878=ORIENTED_EDGE('',*,*,#4881,.T.);
#4879=ORIENTED_EDGE('',*,*,#4882,.T.);
#4880=EDGE_CURVE('',#299,#297,#4883,.F.);
#4881=EDGE_CURVE('',#297,#295,#4884,.T.);
#4882=EDGE_CURVE('',#295,#299,#4885,.T.);
#4883=LINE('',#298,#4886);
#4884=LINE('',#296,#4887);
#4885=LINE('',#294,#4888);
#4886=VECTOR('',#4889,1.0);
#4887=VECTOR('',#4890,1.0);
#4888=VECTOR('',#4891,1.0);
#4889=DIRECTION('',(-0.6344676744897584,-0.7729493968091041,0));
#4890=DIRECTION('',(-0.4713571672912036,-0.8819424135640673,0));
#4891=DIRECTION('',(0.5555956373721153,0.831452637095507,0));
#4892=FACE_SURFACE('',(#4897),#4893,.T.);
#4893=PLANE('',#4894);
#4894=AXIS2_PLACEMENT_3D('',#294,#4895,#4896);
#4895=DIRECTION('',(0,0,1));
#4896=DIRECTION('',(-0.2901978243212921,-0.9569666779774458,0));
#4897=FACE_BOUND('',#4898,.T.);
#4898=EDGE_LOOP('',(#4899,#4900,#4901));
#4899=ORIENTED_EDGE('',*,*,#4902,.T.);
#4900=ORIENTED_EDGE('',*,*,#4903,.T.);
#4901=ORIENTED_EDGE('',*,*,#4904,.T.);
#4902=EDGE_CURVE('',#295,#293,#4905,.F.);
#4903=EDGE_CURVE('',#293,#291,#4906,.T.);
#4904=EDGE_CURVE('',#291,#295,#4907,.T.);
#4905=LINE('',#294,#4908);
#4906=LINE('',#292,#4909);
#4907=LINE('',#290,#4910);
#4908=VECTOR('',#4911,1.0);
#4909=VECTOR('',#4912,1.0);
#4910=VECTOR('',#4913,1.0);
#4911=DIRECTION('',(-0.2901978243212921,-0.9569666779774458,0));
#4912=DIRECTION('',(-0.09807643586469016,-0.9951788847880965,0));
#4913=DIRECTION('',(0.195074270545916,0.9807884731026252,0));
#4914=FACE_SURFACE('',(#4919),#4915,.T.);
#4915=PLANE('',#4916);
#4916=AXIS2_PLACEMENT_3D('',#290,#4917,#4918);
#4917=DIRECTION('',(0,0,1));
#4918=DIRECTION('',(0.19507149935669518,-0.9807890242752163,0));
#4919=FACE_BOUND('',#4920,.T.);
#4920=EDGE_LOOP('',(#4921,#4922,#4923));
#4921=ORIENTED_EDGE('',*,*,#4924,.T.);
#4922=ORIENTED_EDGE('',*,*,#4925,.T.);
#4923=ORIENTED_EDGE('',*,*,#4926,.T.);
#4924=EDGE_CURVE('',#291,#287,#4927,.F.);
#4925=EDGE_CURVE('',#287,#283,#4928,.T.);
#4926=EDGE_CURVE('',#283,#291,#4929,.T.);
#4927=LINE('',#290,#4930);
#4928=LINE('',#286,#4931);
#4929=LINE('',#282,#4932);
#4930=VECTOR('',#4933,1.0);
#4931=VECTOR('',#4934,1.0);
#4932=VECTOR('',#4935,1.0);
#4933=DIRECTION('',(0.19507149935669518,-0.9807890242752163,0));
#4934=DIRECTION('',(0.5555956373721153,-0.831452637095507,0));
#4935=DIRECTION('',(-0.3826908999735167,0.9238764392912399,0));
#4936=FACE_SURFACE('',(#4941),#4937,.T.);
#4937=PLANE('',#4938);
#4938=AXIS2_PLACEMENT_3D('',#282,#4939,#4940);
#4939=DIRECTION('',(0,0,1));
#4940=DIRECTION('',(0.831445883133982,-0.5556057445883301,0));
#4941=FACE_BOUND('',#4942,.T.);
#4942=EDGE_LOOP('',(#4943,#4944,#4945));
#4943=ORIENTED_EDGE('',*,*,#4946,.T.);
#4944=ORIENTED_EDGE('',*,*,#4947,.T.);
#4945=ORIENTED_EDGE('',*,*,#4948,.T.);
#4946=EDGE_CURVE('',#283,#279,#4949,.F.);
#4947=EDGE_CURVE('',#279,#275,#4950,.T.);
#4948=EDGE_CURVE('',#275,#283,#4951,.T.);
#4949=LINE('',#282,#4952);
#4950=LINE('',#278,#4953);
#4951=LINE('',#274,#4954);
#4952=VECTOR('',#4955,1.0);
#4953=VECTOR('',#4956,1.0);
#4954=VECTOR('',#4957,1.0);
#4955=DIRECTION('',(0.831445883133982,-0.5556057445883301,0));
#4956=DIRECTION('',(0.9807868042597286,-0.1950826609157996,0));
#4957=DIRECTION('',(-0.9238762536282118,0.38269134819316236,0));
#4958=FACE_SURFACE('',(#4963),#4959,.T.);
#4959=PLANE('',#4960);
#4960=AXIS2_PLACEMENT_3D('',#274,#4961,#4962);
#4961=DIRECTION('',(0,0,1));
#4962=DIRECTION('',(0.9807868042597286,0.1950826609157996,0));
#4963=FACE_BOUND('',#4964,.T.);
#4964=EDGE_LOOP('',(#4965,#4966,#4967));
#4965=ORIENTED_EDGE('',*,*,#4968,.T.);
#4966=ORIENTED_EDGE('',*,*,#4969,.T.);
#4967=ORIENTED_EDGE('',*,*,#4970,.T.);
#4968=EDGE_CURVE('',#275,#271,#4971,.F.);
#4969=EDGE_CURVE('',#271,#267,#4972,.T.);
#4970=EDGE_CURVE('',#267,#275,#4973,.T.);
#4971=LINE('',#274,#4974);
#4972=LINE('',#270,#4975);
#4973=LINE('',#266,#4976);
#4974=VECTOR('',#4977,1.0);
#4975=VECTOR('',#4978,1.0);
#4976=VECTOR('',#4979,1.0);
#4977=DIRECTION('',(0.9807868042597286,0.1950826609157996,0));
#4978=DIRECTION('',(0.8314727093691433,0.5555655979039165,0));
#4979=DIRECTION('',(-0.9238827418072711,-0.3826756843473061,0));
#4980=FACE_SURFACE('',(#4985),#4981,.T.);
#4981=PLANE('',#4982);
#4982=AXIS2_PLACEMENT_3D('',#266,#4983,#4984);
#4983=DIRECTION('',(0,0,1));
#4984=DIRECTION('',(0.5555756113017101,0.8314660186241715,0));
#4985=FACE_BOUND('',#4986,.T.);
#4986=EDGE_LOOP('',(#4987,#4988,#4989));
#4987=ORIENTED_EDGE('',*,*,#4990,.T.);
#4988=ORIENTED_EDGE('',*,*,#4991,.T.);
#4989=ORIENTED_EDGE('',*,*,#4992,.T.);
#4990=EDGE_CURVE('',#267,#263,#4993,.F.);
#4991=EDGE_CURVE('',#263,#259,#4994,.T.);
#4992=EDGE_CURVE('',#259,#267,#4995,.T.);
#4993=LINE('',#266,#4996);
#4994=LINE('',#262,#4997);
#4995=LINE('',#258,#4998);
#4996=VECTOR('',#4999,1.0);
#4997=VECTOR('',#5000,1.0);
#4998=VECTOR('',#5001,1.0);
#4999=DIRECTION('',(0.5555756113017101,0.8314660186241715,0));
#5000=DIRECTION('',(0.19507149935669518,0.9807890242752163,0));
#5001=DIRECTION('',(-0.3826782949068741,-0.9238816604994211,0));
#5002=FACE_SURFACE('',(#5007),#5003,.T.);
#5003=PLANE('',#5004);
#5004=AXIS2_PLACEMENT_3D('',#258,#5005,#5006);
#5005=DIRECTION('',(0,0,1));
#5006=DIRECTION('',(-0.195074270545916,0.9807884731026252,0));
#5007=FACE_BOUND('',#5008,.T.);
#5008=EDGE_LOOP('',(#5009,#5010,#5011));
#5009=ORIENTED_EDGE('',*,*,#5012,.T.);
#5010=ORIENTED_EDGE('',*,*,#5013,.T.);
#5011=ORIENTED_EDGE('',*,*,#5014,.T.);
#5012=EDGE_CURVE('',#259,#255,#5015,.F.);
#5013=EDGE_CURVE('',#255,#251,#5016,.T.);
#5014=EDGE_CURVE('',#251,#259,#5017,.T.);
#5015=LINE('',#258,#5018);
#5016=LINE('',#254,#5019);
#5017=LINE('',#250,#5020);
#5018=VECTOR('',#5021,1.0);
#5019=VECTOR('',#5022,1.0);
#5020=VECTOR('',#5023,1.0);
#5021=DIRECTION('',(-0.195074270545916,0.9807884731026252,0));
#5022=DIRECTION('',(-0.5555756113017101,0.8314660186241715,0));
#5023=DIRECTION('',(0.38268090549900463,-0.9238805791694412,0));
#5024=FACE_SURFACE('',(#5029),#5025,.T.);
#5025=PLANE('',#5026);
#5026=AXIS2_PLACEMENT_3D('',#250,#5027,#5028);
#5027=DIRECTION('',(0,0,1));
#5028=DIRECTION('',(-0.8314693639982714,0.5555706046330297,0));
#5029=FACE_BOUND('',#5030,.T.);
#5030=EDGE_LOOP('',(#5031,#5032,#5033));
#5031=ORIENTED_EDGE('',*,*,#5034,.T.);
#5032=ORIENTED_EDGE('',*,*,#5035,.T.);
#5033=ORIENTED_EDGE('',*,*,#5036,.T.);
#5034=EDGE_CURVE('',#251,#247,#5037,.F.);
#5035=EDGE_CURVE('',#247,#243,#5038,.T.);
#5036=EDGE_CURVE('',#243,#251,#5039,.T.);
#5037=LINE('',#250,#5040);
#5038=LINE('',#246,#5041);
#5039=LINE('',#242,#5042);
#5040=VECTOR('',#5043,1.0);
#5041=VECTOR('',#5044,1.0);
#5042=VECTOR('',#5045,1.0);
#5043=DIRECTION('',(-0.8314693639982714,0.5555706046330297,0));
#5044=DIRECTION('',(-0.9807854186090859,0.19508962720708667,0));
#5045=DIRECTION('',(0.9238801312498635,-0.3826819868790994,0));
#5046=FACE_SURFACE('',(#5051),#5047,.T.);
#5047=PLANE('',#5048);
#5048=AXIS2_PLACEMENT_3D('',#242,#5049,#5050);
#5049=DIRECTION('',(0,0,1));
#5050=DIRECTION('',(-0.9807854186090859,-0.19508962720708667,0));
#5051=FACE_BOUND('',#5052,.T.);
#5052=EDGE_LOOP('',(#5053,#5054,#5055));
#5053=ORIENTED_EDGE('',*,*,#5056,.T.);
#5054=ORIENTED_EDGE('',*,*,#5057,.T.);
#5055=ORIENTED_EDGE('',*,*,#5058,.T.);
#5056=EDGE_CURVE('',#243,#303,#5059,.F.);
#5057=EDGE_CURVE('',#303,#299,#5060,.T.);
#5058=EDGE_CURVE('',#299,#243,#5061,.T.);
#5059=LINE('',#242,#5062);
#5060=LINE('',#302,#5063);
#5061=LINE('',#298,#5064);
#5062=VECTOR('',#5065,1.0);
#5063=VECTOR('',#5066,1.0);
#5064=VECTOR('',#5067,1.0);
#5065=DIRECTION('',(-0.9807854186090859,-0.19508962720708667,0));
#5066=DIRECTION('',(-0.8314425373875534,-0.5556107513561511,0));
#5067=DIRECTION('',(0.9238736428754222,0.38269765089440605,0));
#5068=FACE_SURFACE('',(#5073),#5069,.T.);
#5069=PLANE('',#5070);
#5070=AXIS2_PLACEMENT_3D('',#298,#5071,#5072);
#5071=DIRECTION('',(0,0,1));
#5072=DIRECTION('',(-0.5555956373721153,-0.831452637095507,0));
#5073=FACE_BOUND('',#5074,.T.);
#5074=EDGE_LOOP('',(#5075,#5076,#5077));
#5075=ORIENTED_EDGE('',*,*,#5078,.T.);
#5076=ORIENTED_EDGE('',*,*,#5079,.T.);
#5077=ORIENTED_EDGE('',*,*,#5080,.T.);
#5078=EDGE_CURVE('',#299,#295,#5081,.F.);
#5079=EDGE_CURVE('',#295,#291,#5082,.T.);
#5080=EDGE_CURVE('',#291,#299,#5083,.T.);
#5081=LINE('',#298,#5084);
#5082=LINE('',#294,#5085);
#5083=LINE('',#290,#5086);
#5084=VECTOR('',#5087,1.0);
#5085=VECTOR('',#5088,1.0);
#5086=VECTOR('',#5089,1.0);
#5087=DIRECTION('',(-0.5555956373721153,-0.831452637095507,0));
#5088=DIRECTION('',(-0.195074270545916,-0.9807884731026252,0));
#5089=DIRECTION('',(0.38269351062212953,0.9238753578961342,0));
#5090=FACE_SURFACE('',(#5095),#5091,.T.);
#5091=PLANE('',#5092);
#5092=AXIS2_PLACEMENT_3D('',#290,#5093,#5094);
#5093=DIRECTION('',(0,0,1));
#5094=DIRECTION('',(0.3826908999735167,-0.9238764392912399,0));
#5095=FACE_BOUND('',#5096,.T.);
#5096=EDGE_LOOP('',(#5097,#5098,#5099));
#5097=ORIENTED_EDGE('',*,*,#5100,.T.);
#5098=ORIENTED_EDGE('',*,*,#5101,.T.);
#5099=ORIENTED_EDGE('',*,*,#5102,.T.);
#5100=EDGE_CURVE('',#291,#283,#5103,.F.);
#5101=EDGE_CURVE('',#283,#275,#5104,.T.);
#5102=EDGE_CURVE('',#275,#291,#5105,.T.);
#5103=LINE('',#290,#5106);
#5104=LINE('',#282,#5107);
#5105=LINE('',#274,#5108);
#5106=VECTOR('',#5109,1.0);
#5107=VECTOR('',#5110,1.0);
#5108=VECTOR('',#5111,1.0);
#5109=DIRECTION('',(0.3826908999735167,-0.9238764392912399,0));
#5110=DIRECTION('',(0.9238762536282118,-0.38269134819316236,0));
#5111=DIRECTION('',(-0.7071007868850963,0.7071127754371842,0));
#5112=FACE_SURFACE('',(#5117),#5113,.T.);
#5113=PLANE('',#5114);
#5114=AXIS2_PLACEMENT_3D('',#274,#5115,#5116);
#5115=DIRECTION('',(0,0,1));
#5116=DIRECTION('',(0.9238827418072711,0.3826756843473061,0));
#5117=FACE_BOUND('',#5118,.T.);
#5118=EDGE_LOOP('',(#5119,#5120,#5121));
#5119=ORIENTED_EDGE('',*,*,#5122,.T.);
#5120=ORIENTED_EDGE('',*,*,#5123,.T.);
#5121=ORIENTED_EDGE('',*,*,#5124,.T.);
#5122=EDGE_CURVE('',#275,#267,#5125,.F.);
#5123=EDGE_CURVE('',#267,#259,#5126,.T.);
#5124=EDGE_CURVE('',#259,#275,#5127,.T.);
#5125=LINE('',#274,#5128);
#5126=LINE('',#266,#5129);
#5127=LINE('',#258,#5130);
#5128=VECTOR('',#5131,1.0);
#5129=VECTOR('',#5132,1.0);
#5130=VECTOR('',#5133,1.0);
#5131=DIRECTION('',(0.9238827418072711,0.3826756843473061,0));
#5132=DIRECTION('',(0.3826782949068741,0.9238816604994211,0));
#5133=DIRECTION('',(-0.7071087792531553,-0.7071047831142939,0));
#5134=FACE_SURFACE('',(#5139),#5135,.T.);
#5135=PLANE('',#5136);
#5136=AXIS2_PLACEMENT_3D('',#258,#5137,#5138);
#5137=DIRECTION('',(0,0,1));
#5138=DIRECTION('',(-0.38268090549900463,0.9238805791694412,0));
#5139=FACE_BOUND('',#5140,.T.);
#5140=EDGE_LOOP('',(#5141,#5142,#5143));
#5141=ORIENTED_EDGE('',*,*,#5144,.T.);
#5142=ORIENTED_EDGE('',*,*,#5145,.T.);
#5143=ORIENTED_EDGE('',*,*,#5146,.T.);
#5144=EDGE_CURVE('',#259,#251,#5147,.F.);
#5145=EDGE_CURVE('',#251,#243,#5148,.T.);
#5146=EDGE_CURVE('',#243,#259,#5149,.T.);
#5147=LINE('',#258,#5150);
#5148=LINE('',#250,#5151);
#5149=LINE('',#242,#5152);
#5150=VECTOR('',#5153,1.0);
#5151=VECTOR('',#5154,1.0);
#5152=VECTOR('',#5155,1.0);
#5153=DIRECTION('',(-0.38268090549900463,0.9238805791694412,0));
#5154=DIRECTION('',(-0.9238801312498635,0.3826819868790994,0));
#5155=DIRECTION('',(0.7071087792531553,-0.7071047831142939,0));
#5156=FACE_SURFACE('',(#5161),#5157,.T.);
#5157=PLANE('',#5158);
#5158=AXIS2_PLACEMENT_3D('',#242,#5159,#5160);
#5159=DIRECTION('',(0,0,1));
#5160=DIRECTION('',(-0.9238736428754222,-0.38269765089440605,0));
#5161=FACE_BOUND('',#5162,.T.);
#5162=EDGE_LOOP('',(#5163,#5164,#5165));
#5163=ORIENTED_EDGE('',*,*,#5166,.T.);
#5164=ORIENTED_EDGE('',*,*,#5167,.T.);
#5165=ORIENTED_EDGE('',*,*,#5168,.T.);
#5166=EDGE_CURVE('',#243,#299,#5169,.F.);
#5167=EDGE_CURVE('',#299,#291,#5170,.T.);
#5168=EDGE_CURVE('',#291,#243,#5171,.T.);
#5169=LINE('',#242,#5172);
#5170=LINE('',#298,#5173);
#5171=LINE('',#290,#5174);
#5172=VECTOR('',#5175,1.0);
#5173=VECTOR('',#5176,1.0);
#5174=VECTOR('',#5177,1.0);
#5175=DIRECTION('',(-0.9238736428754222,-0.38269765089440605,0));
#5176=DIRECTION('',(-0.38269351062212953,-0.9238753578961342,0));
#5177=DIRECTION('',(0.7071007868850963,0.7071127754371842,0));
#5178=FACE_SURFACE('',(#5183),#5179,.T.);
#5179=PLANE('',#5180);
#5180=AXIS2_PLACEMENT_3D('',#290,#5181,#5182);
#5181=DIRECTION('',(-0,0,1));
#5182=DIRECTION('',(0.7071007868850963,-0.7071127754371842,0));
#5183=FACE_BOUND('',#5184,.T.);
#5184=EDGE_LOOP('',(#5185,#5186,#5187));
#5185=ORIENTED_EDGE('',*,*,#5188,.T.);
#5186=ORIENTED_EDGE('',*,*,#5189,.T.);
#5187=ORIENTED_EDGE('',*,*,#5190,.T.);
#5188=EDGE_CURVE('',#291,#275,#5191,.F.);
#5189=EDGE_CURVE('',#275,#259,#5192,.T.);
#5190=EDGE_CURVE('',#259,#291,#5193,.T.);
#5191=LINE('',#290,#5194);
#5192=LINE('',#274,#5195);
#5193=LINE('',#258,#5196);
#5194=VECTOR('',#5197,1.0);
#5195=VECTOR('',#5198,1.0);
#5196=VECTOR('',#5199,1.0);
#5197=DIRECTION('',(0.7071007868850963,-0.7071127754371842,0));
#5198=DIRECTION('',(0.7071087792531553,0.7071047831142939,0));
#5199=DIRECTION('',(-1,0,0));
#5200=FACE_SURFACE('',(#5205),#5201,.T.);
#5201=PLANE('',#5202);
#5202=AXIS2_PLACEMENT_3D('',#258,#5203,#5204);
#5203=DIRECTION('',(0,0,1));
#5204=DIRECTION('',(-0.7071087792531553,0.7071047831142939,0));
#5205=FACE_BOUND('',#5206,.T.);
#5206=EDGE_LOOP('',(#5207,#5208,#5209));
#5207=ORIENTED_EDGE('',*,*,#5210,.T.);
#5208=ORIENTED_EDGE('',*,*,#5211,.T.);
#5209=ORIENTED_EDGE('',*,*,#5212,.T.);
#5210=EDGE_CURVE('',#259,#243,#5213,.F.);
#5211=EDGE_CURVE('',#243,#291,#5214,.T.);
#5212=EDGE_CURVE('',#291,#259,#5215,.T.);
#5213=LINE('',#258,#5216);
#5214=LINE('',#242,#5217);
#5215=LINE('',#290,#5218);
#5216=VECTOR('',#5219,1.0);
#5217=VECTOR('',#5220,1.0);
#5218=VECTOR('',#5221,1.0);
#5219=DIRECTION('',(-0.7071087792531553,0.7071047831142939,0));
#5220=DIRECTION('',(-0.7071007868850963,-0.7071127754371842,0));
#5221=DIRECTION('',(1,0,0));
#5222=FACE_SURFACE('',(#5227),#5223,.T.);
#5223=PLANE('',#5224);
#5224=AXIS2_PLACEMENT_3D('',#136,#5225,#5226);
#5225=DIRECTION('',(-0.09806518187300341,-0.9951799938223309,-0));
#5226=DIRECTION('',(0,0,-1));
#5227=FACE_BOUND('',#5228,.T.);
#5228=EDGE_LOOP('',(#5229,#5230,#5231));
#5229=ORIENTED_EDGE('',*,*,#5232,.T.);
#5230=ORIENTED_EDGE('',*,*,#5233,.T.);
#5231=ORIENTED_EDGE('',*,*,#5234,.T.);
#5232=EDGE_CURVE('',#137,#307,#5235,.F.);
#5233=EDGE_CURVE('',#307,#309,#5236,.T.);
#5234=EDGE_CURVE('',#309,#137,#5237,.T.);
#5235=LINE('',#136,#5238);
#5236=LINE('',#306,#5239);
#5237=LINE('',#308,#5240);
#5238=VECTOR('',#5241,1.0);
#5239=VECTOR('',#5242,1.0);
#5240=VECTOR('',#5243,1.0);
#5241=DIRECTION('',(0,0,-1));
#5242=DIRECTION('',(0.9951799938223309,-0.09806518187300341,0));
#5243=DIRECTION('',(-0.06166287830453823,0.006076269030009241,0.9980785381891922));
#5244=FACE_SURFACE('',(#5249),#5245,.T.);
#5245=PLANE('',#5246);
#5246=AXIS2_PLACEMENT_3D('',#136,#5247,#5248);
#5247=DIRECTION('',(-0.09806518187300341,-0.9951799938223309,0));
#5248=DIRECTION('',(0.06166287830453823,-0.006076269030009241,-0.9980785381891922));
#5249=FACE_BOUND('',#5250,.T.);
#5250=EDGE_LOOP('',(#5251,#5252,#5253));
#5251=ORIENTED_EDGE('',*,*,#5254,.T.);
#5252=ORIENTED_EDGE('',*,*,#5255,.T.);
#5253=ORIENTED_EDGE('',*,*,#5256,.T.);
#5254=EDGE_CURVE('',#137,#309,#5257,.F.);
#5255=EDGE_CURVE('',#309,#133,#5258,.T.);
#5256=EDGE_CURVE('',#133,#137,#5259,.T.);
#5257=LINE('',#136,#5260);
#5258=LINE('',#308,#5261);
#5259=LINE('',#132,#5262);
#5260=VECTOR('',#5263,1.0);
#5261=VECTOR('',#5264,1.0);
#5262=VECTOR('',#5265,1.0);
#5263=DIRECTION('',(0.06166287830453823,-0.006076269030009241,-0.9980785381891922));
#5264=DIRECTION('',(0,0,1));
#5265=DIRECTION('',(-0.9951799938223309,0.09806518187300341,0));
#5266=FACE_SURFACE('',(#5271),#5267,.T.);
#5267=PLANE('',#5268);
#5268=AXIS2_PLACEMENT_3D('',#132,#5269,#5270);
#5269=DIRECTION('',(-0.2902666419555589,-0.9569458064947268,-0));
#5270=DIRECTION('',(0,0,-1));
#5271=FACE_BOUND('',#5272,.T.);
#5272=EDGE_LOOP('',(#5273,#5274,#5275));
#5273=ORIENTED_EDGE('',*,*,#5276,.T.);
#5274=ORIENTED_EDGE('',*,*,#5277,.T.);
#5275=ORIENTED_EDGE('',*,*,#5278,.T.);
#5276=EDGE_CURVE('',#133,#309,#5279,.F.);
#5277=EDGE_CURVE('',#309,#311,#5280,.T.);
#5278=EDGE_CURVE('',#311,#133,#5281,.T.);
#5279=LINE('',#132,#5282);
#5280=LINE('',#308,#5283);
#5281=LINE('',#310,#5284);
#5282=VECTOR('',#5285,1.0);
#5283=VECTOR('',#5286,1.0);
#5284=VECTOR('',#5287,1.0);
#5285=DIRECTION('',(0,0,-1));
#5286=DIRECTION('',(0.956945806494727,-0.2902666419555589,0));
#5287=DIRECTION('',(-0.05928384846426298,0.017982338706260537,0.9980791856390553));
#5288=FACE_SURFACE('',(#5293),#5289,.T.);
#5289=PLANE('',#5290);
#5290=AXIS2_PLACEMENT_3D('',#132,#5291,#5292);
#5291=DIRECTION('',(-0.2902666419555589,-0.9569458064947268,0));
#5292=DIRECTION('',(0.05928384846426298,-0.017982338706260537,-0.9980791856390553));
#5293=FACE_BOUND('',#5294,.T.);
#5294=EDGE_LOOP('',(#5295,#5296,#5297));
#5295=ORIENTED_EDGE('',*,*,#5298,.T.);
#5296=ORIENTED_EDGE('',*,*,#5299,.T.);
#5297=ORIENTED_EDGE('',*,*,#5300,.T.);
#5298=EDGE_CURVE('',#133,#311,#5301,.F.);
#5299=EDGE_CURVE('',#311,#129,#5302,.T.);
#5300=EDGE_CURVE('',#129,#133,#5303,.T.);
#5301=LINE('',#132,#5304);
#5302=LINE('',#310,#5305);
#5303=LINE('',#128,#5306);
#5304=VECTOR('',#5307,1.0);
#5305=VECTOR('',#5308,1.0);
#5306=VECTOR('',#5309,1.0);
#5307=DIRECTION('',(0.05928384846426298,-0.017982338706260537,-0.9980791856390553));
#5308=DIRECTION('',(0,0,1));
#5309=DIRECTION('',(-0.956945806494727,0.2902666419555589,0));
#5310=FACE_SURFACE('',(#5315),#5311,.T.);
#5311=PLANE('',#5312);
#5312=AXIS2_PLACEMENT_3D('',#130,#5313,#5314);
#5313=DIRECTION('',(-0.4713903287860453,-0.8819246894871376,0));
#5314=DIRECTION('',(-0.8819246894871375,0.47139032878604525,0));
#5315=FACE_BOUND('',#5316,.T.);
#5316=EDGE_LOOP('',(#5317,#5318,#5319));
#5317=ORIENTED_EDGE('',*,*,#5320,.T.);
#5318=ORIENTED_EDGE('',*,*,#5321,.T.);
#5319=ORIENTED_EDGE('',*,*,#5322,.T.);
#5320=EDGE_CURVE('',#131,#129,#5323,.F.);
#5321=EDGE_CURVE('',#129,#311,#5324,.T.);
#5322=EDGE_CURVE('',#311,#131,#5325,.T.);
#5323=LINE('',#130,#5326);
#5324=LINE('',#128,#5327);
#5325=LINE('',#310,#5328);
#5326=VECTOR('',#5329,1.0);
#5327=VECTOR('',#5330,1.0);
#5328=VECTOR('',#5331,1.0);
#5329=DIRECTION('',(-0.8819246894871375,0.47139032878604525,0));
#5330=DIRECTION('',(0,0,-1));
#5331=DIRECTION('',(0.025922602802368813,-0.013855677705433951,0.9995679260857031));
#5332=FACE_SURFACE('',(#5337),#5333,.T.);
#5333=PLANE('',#5334);
#5334=AXIS2_PLACEMENT_3D('',#310,#5335,#5336);
#5335=DIRECTION('',(-0.4714020134351414,-0.8819184439217127,0));
#5336=DIRECTION('',(0.8819184439217125,-0.4714020134351413,0));
#5337=FACE_BOUND('',#5338,.T.);
#5338=EDGE_LOOP('',(#5339,#5340,#5341));
#5339=ORIENTED_EDGE('',*,*,#5342,.T.);
#5340=ORIENTED_EDGE('',*,*,#5343,.T.);
#5341=ORIENTED_EDGE('',*,*,#5344,.T.);
#5342=EDGE_CURVE('',#311,#313,#5345,.F.);
#5343=EDGE_CURVE('',#313,#227,#5346,.T.);
#5344=EDGE_CURVE('',#227,#311,#5347,.T.);
#5345=LINE('',#310,#5348);
#5346=LINE('',#312,#5349);
#5347=LINE('',#226,#5350);
#5348=VECTOR('',#5351,1.0);
#5349=VECTOR('',#5352,1.0);
#5350=VECTOR('',#5353,1.0);
#5351=DIRECTION('',(0.8819184439217125,-0.4714020134351413,0));
#5352=DIRECTION('',(0,0,1));
#5353=DIRECTION('',(-0.0546400023317638,0.02920611003298253,-0.9980788913116669));
#5354=FACE_SURFACE('',(#5359),#5355,.T.);
#5355=PLANE('',#5356);
#5356=AXIS2_PLACEMENT_3D('',#310,#5357,#5358);
#5357=DIRECTION('',(-0.47141253085841633,-0.8819128220800027,7.402863303381105E-07));
#5358=DIRECTION('',(0.0546400023317638,-0.02920611003298253,0.9980788913116669));
#5359=FACE_BOUND('',#5360,.T.);
#5360=EDGE_LOOP('',(#5361,#5362,#5363));
#5361=ORIENTED_EDGE('',*,*,#5364,.T.);
#5362=ORIENTED_EDGE('',*,*,#5365,.T.);
#5363=ORIENTED_EDGE('',*,*,#5366,.T.);
#5364=EDGE_CURVE('',#311,#227,#5367,.F.);
#5365=EDGE_CURVE('',#227,#131,#5368,.T.);
#5366=EDGE_CURVE('',#131,#311,#5369,.T.);
#5367=LINE('',#310,#5370);
#5368=LINE('',#226,#5371);
#5369=LINE('',#130,#5372);
#5370=VECTOR('',#5373,1.0);
#5371=VECTOR('',#5374,1.0);
#5372=VECTOR('',#5375,1.0);
#5373=DIRECTION('',(0.0546400023317638,-0.02920611003298253,0.9980788913116669));
#5374=DIRECTION('',(-0.8819128220802445,0.4714125308585456,0));
#5375=DIRECTION('',(-0.025922602802368813,0.013855677705433951,-0.9995679260857031));
#5376=FACE_SURFACE('',(#5381),#5377,.T.);
#5377=PLANE('',#5378);
#5378=AXIS2_PLACEMENT_3D('',#226,#5379,#5380);
#5379=DIRECTION('',(-0.6343815510910992,-0.7730200822975112,-0));
#5380=DIRECTION('',(0,0,-1));
#5381=FACE_BOUND('',#5382,.T.);
#5382=EDGE_LOOP('',(#5383,#5384,#5385));
#5383=ORIENTED_EDGE('',*,*,#5386,.T.);
#5384=ORIENTED_EDGE('',*,*,#5387,.T.);
#5385=ORIENTED_EDGE('',*,*,#5388,.T.);
#5386=EDGE_CURVE('',#227,#313,#5389,.F.);
#5387=EDGE_CURVE('',#313,#315,#5390,.T.);
#5388=EDGE_CURVE('',#315,#227,#5391,.T.);
#5389=LINE('',#226,#5392);
#5390=LINE('',#312,#5393);
#5391=LINE('',#314,#5394);
#5392=VECTOR('',#5395,1.0);
#5393=VECTOR('',#5396,1.0);
#5394=VECTOR('',#5397,1.0);
#5395=DIRECTION('',(0,0,-1));
#5396=DIRECTION('',(0.7730200822975113,-0.6343815510910993,0));
#5397=DIRECTION('',(-0.04789216573306461,0.039302868164245795,0.99807896732446));
#5398=FACE_SURFACE('',(#5403),#5399,.T.);
#5399=PLANE('',#5400);
#5400=AXIS2_PLACEMENT_3D('',#226,#5401,#5402);
#5401=DIRECTION('',(-0.6343815510910992,-0.7730200822975112,0));
#5402=DIRECTION('',(0.04789216573306461,-0.039302868164245795,-0.99807896732446));
#5403=FACE_BOUND('',#5404,.T.);
#5404=EDGE_LOOP('',(#5405,#5406,#5407));
#5405=ORIENTED_EDGE('',*,*,#5408,.T.);
#5406=ORIENTED_EDGE('',*,*,#5409,.T.);
#5407=ORIENTED_EDGE('',*,*,#5410,.T.);
#5408=EDGE_CURVE('',#227,#315,#5411,.F.);
#5409=EDGE_CURVE('',#315,#229,#5412,.T.);
#5410=EDGE_CURVE('',#229,#227,#5413,.T.);
#5411=LINE('',#226,#5414);
#5412=LINE('',#314,#5415);
#5413=LINE('',#228,#5416);
#5414=VECTOR('',#5417,1.0);
#5415=VECTOR('',#5418,1.0);
#5416=VECTOR('',#5419,1.0);
#5417=DIRECTION('',(0.04789216573306461,-0.039302868164245795,-0.99807896732446));
#5418=DIRECTION('',(0,0,1));
#5419=DIRECTION('',(-0.7730200822975113,0.6343815510910993,0));
#5420=FACE_SURFACE('',(#5425),#5421,.T.);
#5421=PLANE('',#5422);
#5422=AXIS2_PLACEMENT_3D('',#314,#5423,#5424);
#5423=DIRECTION('',(-0.7729660670326113,-0.6344473652054492,0));
#5424=DIRECTION('',(0.6344473652054492,-0.7729660670326113,0));
#5425=FACE_BOUND('',#5426,.T.);
#5426=EDGE_LOOP('',(#5427,#5428,#5429));
#5427=ORIENTED_EDGE('',*,*,#5430,.T.);
#5428=ORIENTED_EDGE('',*,*,#5431,.T.);
#5429=ORIENTED_EDGE('',*,*,#5432,.T.);
#5430=EDGE_CURVE('',#315,#317,#5433,.F.);
#5431=EDGE_CURVE('',#317,#235,#5434,.T.);
#5432=EDGE_CURVE('',#235,#315,#5435,.T.);
#5433=LINE('',#314,#5436);
#5434=LINE('',#316,#5437);
#5435=LINE('',#234,#5438);
#5436=VECTOR('',#5439,1.0);
#5437=VECTOR('',#5440,1.0);
#5438=VECTOR('',#5441,1.0);
#5439=DIRECTION('',(0.6344473652054492,-0.7729660670326113,0));
#5440=DIRECTION('',(0,0,1));
#5441=DIRECTION('',(-0.03930822151214385,0.04789037365526686,-0.9980788424932728));
#5442=FACE_SURFACE('',(#5447),#5443,.T.);
#5443=PLANE('',#5444);
#5444=AXIS2_PLACEMENT_3D('',#314,#5445,#5446);
#5445=DIRECTION('',(-0.7729660670326113,-0.6344473652054492,0));
#5446=DIRECTION('',(0.03930822151214385,-0.04789037365526686,0.9980788424932728));
#5447=FACE_BOUND('',#5448,.T.);
#5448=EDGE_LOOP('',(#5449,#5450,#5451));
#5449=ORIENTED_EDGE('',*,*,#5452,.T.);
#5450=ORIENTED_EDGE('',*,*,#5453,.T.);
#5451=ORIENTED_EDGE('',*,*,#5454,.T.);
#5452=EDGE_CURVE('',#315,#235,#5455,.F.);
#5453=EDGE_CURVE('',#235,#229,#5456,.T.);
#5454=EDGE_CURVE('',#229,#315,#5457,.T.);
#5455=LINE('',#314,#5458);
#5456=LINE('',#234,#5459);
#5457=LINE('',#228,#5460);
#5458=VECTOR('',#5461,1.0);
#5459=VECTOR('',#5462,1.0);
#5460=VECTOR('',#5463,1.0);
#5461=DIRECTION('',(0.03930822151214385,-0.04789037365526686,0.9980788424932728));
#5462=DIRECTION('',(-0.6344473652054492,0.7729660670326113,0));
#5463=DIRECTION('',(0,0,-1));
#5464=FACE_SURFACE('',(#5469),#5465,.T.);
#5465=PLANE('',#5466);
#5466=AXIS2_PLACEMENT_3D('',#316,#5467,#5468);
#5467=DIRECTION('',(-0.8819488185182213,-0.4713451829756127,0));
#5468=DIRECTION('',(0.4713451829756127,-0.8819488185182213,0));
#5469=FACE_BOUND('',#5470,.T.);
#5470=EDGE_LOOP('',(#5471,#5472,#5473));
#5471=ORIENTED_EDGE('',*,*,#5474,.T.);
#5472=ORIENTED_EDGE('',*,*,#5475,.T.);
#5473=ORIENTED_EDGE('',*,*,#5476,.T.);
#5474=EDGE_CURVE('',#317,#319,#5477,.F.);
#5475=EDGE_CURVE('',#319,#237,#5478,.T.);
#5476=EDGE_CURVE('',#237,#317,#5479,.T.);
#5477=LINE('',#316,#5480);
#5478=LINE('',#318,#5481);
#5479=LINE('',#236,#5482);
#5480=VECTOR('',#5483,1.0);
#5481=VECTOR('',#5484,1.0);
#5482=VECTOR('',#5485,1.0);
#5483=DIRECTION('',(0.4713451829756127,-0.8819488185182213,0));
#5484=DIRECTION('',(0,0,1));
#5485=DIRECTION('',(-0.029202538053617444,0.05464178878742009,-0.9980788980282762));
#5486=FACE_SURFACE('',(#5491),#5487,.T.);
#5487=PLANE('',#5488);
#5488=AXIS2_PLACEMENT_3D('',#316,#5489,#5490);
#5489=DIRECTION('',(-0.8819488185182213,-0.4713451829756127,0));
#5490=DIRECTION('',(0.029202538053617444,-0.05464178878742009,0.9980788980282762));
#5491=FACE_BOUND('',#5492,.T.);
#5492=EDGE_LOOP('',(#5493,#5494,#5495));
#5493=ORIENTED_EDGE('',*,*,#5496,.T.);
#5494=ORIENTED_EDGE('',*,*,#5497,.T.);
#5495=ORIENTED_EDGE('',*,*,#5498,.T.);
#5496=EDGE_CURVE('',#317,#237,#5499,.F.);
#5497=EDGE_CURVE('',#237,#235,#5500,.T.);
#5498=EDGE_CURVE('',#235,#317,#5501,.T.);
#5499=LINE('',#316,#5502);
#5500=LINE('',#236,#5503);
#5501=LINE('',#234,#5504);
#5502=VECTOR('',#5505,1.0);
#5503=VECTOR('',#5506,1.0);
#5504=VECTOR('',#5507,1.0);
#5505=DIRECTION('',(0.029202538053617444,-0.05464178878742009,0.9980788980282762));
#5506=DIRECTION('',(-0.4713451829756127,0.8819488185182213,0));
#5507=DIRECTION('',(0,0,-1));
#5508=FACE_SURFACE('',(#5513),#5509,.T.);
#5509=PLANE('',#5510);
#5510=AXIS2_PLACEMENT_3D('',#318,#5511,#5512);
#5511=DIRECTION('',(-0.9569506643238057,-0.2902506262701716,0));
#5512=DIRECTION('',(0.2902506262701716,-0.9569506643238057,0));
#5513=FACE_BOUND('',#5514,.T.);
#5514=EDGE_LOOP('',(#5515,#5516,#5517));
#5515=ORIENTED_EDGE('',*,*,#5518,.T.);
#5516=ORIENTED_EDGE('',*,*,#5519,.T.);
#5517=ORIENTED_EDGE('',*,*,#5520,.T.);
#5518=EDGE_CURVE('',#319,#321,#5521,.F.);
#5519=EDGE_CURVE('',#321,#241,#5522,.T.);
#5520=EDGE_CURVE('',#241,#319,#5523,.T.);
#5521=LINE('',#318,#5524);
#5522=LINE('',#320,#5525);
#5523=LINE('',#240,#5526);
#5524=VECTOR('',#5527,1.0);
#5525=VECTOR('',#5528,1.0);
#5526=VECTOR('',#5529,1.0);
#5527=DIRECTION('',(0.2902506262701716,-0.9569506643238057,0));
#5528=DIRECTION('',(0,0,1));
#5529=DIRECTION('',(-0.017982334897984054,0.059287408085387634,-0.9980789742671334));
#5530=FACE_SURFACE('',(#5535),#5531,.T.);
#5531=PLANE('',#5532);
#5532=AXIS2_PLACEMENT_3D('',#318,#5533,#5534);
#5533=DIRECTION('',(-0.9569506643238057,-0.2902506262701716,0));
#5534=DIRECTION('',(0.017982334897984054,-0.059287408085387634,0.9980789742671334));
#5535=FACE_BOUND('',#5536,.T.);
#5536=EDGE_LOOP('',(#5537,#5538,#5539));
#5537=ORIENTED_EDGE('',*,*,#5540,.T.);
#5538=ORIENTED_EDGE('',*,*,#5541,.T.);
#5539=ORIENTED_EDGE('',*,*,#5542,.T.);
#5540=EDGE_CURVE('',#319,#241,#5543,.F.);
#5541=EDGE_CURVE('',#241,#237,#5544,.T.);
#5542=EDGE_CURVE('',#237,#319,#5545,.T.);
#5543=LINE('',#318,#5546);
#5544=LINE('',#240,#5547);
#5545=LINE('',#236,#5548);
#5546=VECTOR('',#5549,1.0);
#5547=VECTOR('',#5550,1.0);
#5548=VECTOR('',#5551,1.0);
#5549=DIRECTION('',(0.017982334897984054,-0.059287408085387634,0.9980789742671334));
#5550=DIRECTION('',(-0.2902506262701716,0.9569506643238057,0));
#5551=DIRECTION('',(0,0,-1));
#5552=FACE_SURFACE('',(#5557),#5553,.T.);
#5553=PLANE('',#5554);
#5554=AXIS2_PLACEMENT_3D('',#320,#5555,#5556);
#5555=DIRECTION('',(-0.995184510820053,-0.09801933188841774,0));
#5556=DIRECTION('',(0.09801933188841773,-0.995184510820053,0));
#5557=FACE_BOUND('',#5558,.T.);
#5558=EDGE_LOOP('',(#5559,#5560,#5561));
#5559=ORIENTED_EDGE('',*,*,#5562,.T.);
#5560=ORIENTED_EDGE('',*,*,#5563,.T.);
#5561=ORIENTED_EDGE('',*,*,#5564,.T.);
#5562=EDGE_CURVE('',#321,#323,#5565,.F.);
#5563=EDGE_CURVE('',#323,#221,#5566,.T.);
#5564=EDGE_CURVE('',#221,#321,#5567,.T.);
#5565=LINE('',#320,#5568);
#5566=LINE('',#322,#5569);
#5567=LINE('',#220,#5570);
#5568=VECTOR('',#5571,1.0);
#5569=VECTOR('',#5572,1.0);
#5570=VECTOR('',#5573,1.0);
#5571=DIRECTION('',(0.09801933188841773,-0.995184510820053,0));
#5572=DIRECTION('',(0,0,1));
#5573=DIRECTION('',(-0.006072699662280312,0.06165576245350482,-0.9980789995161148));
#5574=FACE_SURFACE('',(#5579),#5575,.T.);
#5575=PLANE('',#5576);
#5576=AXIS2_PLACEMENT_3D('',#320,#5577,#5578);
#5577=DIRECTION('',(-0.995184510820053,-0.09801933188841774,0));
#5578=DIRECTION('',(0.006072699662280312,-0.06165576245350482,0.9980789995161148));
#5579=FACE_BOUND('',#5580,.T.);
#5580=EDGE_LOOP('',(#5581,#5582,#5583));
#5581=ORIENTED_EDGE('',*,*,#5584,.T.);
#5582=ORIENTED_EDGE('',*,*,#5585,.T.);
#5583=ORIENTED_EDGE('',*,*,#5586,.T.);
#5584=EDGE_CURVE('',#321,#221,#5587,.F.);
#5585=EDGE_CURVE('',#221,#241,#5588,.T.);
#5586=EDGE_CURVE('',#241,#321,#5589,.T.);
#5587=LINE('',#320,#5590);
#5588=LINE('',#220,#5591);
#5589=LINE('',#240,#5592);
#5590=VECTOR('',#5593,1.0);
#5591=VECTOR('',#5594,1.0);
#5592=VECTOR('',#5595,1.0);
#5593=DIRECTION('',(0.006072699662280312,-0.06165576245350482,0.9980789995161148));
#5594=DIRECTION('',(-0.09801933188841773,0.995184510820053,0));
#5595=DIRECTION('',(0,0,-1));
#5596=FACE_SURFACE('',(#5601),#5597,.T.);
#5597=PLANE('',#5598);
#5598=AXIS2_PLACEMENT_3D('',#322,#5599,#5600);
#5599=DIRECTION('',(-0.9951850647424348,0.09801370778414571,0));
#5600=DIRECTION('',(-0.09801370778414571,-0.9951850647424347,0));
#5601=FACE_BOUND('',#5602,.T.);
#5602=EDGE_LOOP('',(#5603,#5604,#5605));
#5603=ORIENTED_EDGE('',*,*,#5606,.T.);
#5604=ORIENTED_EDGE('',*,*,#5607,.T.);
#5605=ORIENTED_EDGE('',*,*,#5608,.T.);
#5606=EDGE_CURVE('',#323,#325,#5609,.F.);
#5607=EDGE_CURVE('',#325,#217,#5610,.T.);
#5608=EDGE_CURVE('',#217,#323,#5611,.T.);
#5609=LINE('',#322,#5612);
#5610=LINE('',#324,#5613);
#5611=LINE('',#216,#5614);
#5612=VECTOR('',#5615,1.0);
#5613=VECTOR('',#5616,1.0);
#5614=VECTOR('',#5617,1.0);
#5615=DIRECTION('',(-0.09801370778414571,-0.9951850647424347,0));
#5616=DIRECTION('',(0,0,1));
#5617=DIRECTION('',(0.006072698324758745,0.061659321049212165,-0.998078779687659));
#5618=FACE_SURFACE('',(#5623),#5619,.T.);
#5619=PLANE('',#5620);
#5620=AXIS2_PLACEMENT_3D('',#322,#5621,#5622);
#5621=DIRECTION('',(-0.9951850647424348,0.09801370778414571,0));
#5622=DIRECTION('',(-0.006072698324758745,-0.061659321049212165,0.998078779687659));
#5623=FACE_BOUND('',#5624,.T.);
#5624=EDGE_LOOP('',(#5625,#5626,#5627));
#5625=ORIENTED_EDGE('',*,*,#5628,.T.);
#5626=ORIENTED_EDGE('',*,*,#5629,.T.);
#5627=ORIENTED_EDGE('',*,*,#5630,.T.);
#5628=EDGE_CURVE('',#323,#217,#5631,.F.);
#5629=EDGE_CURVE('',#217,#221,#5632,.T.);
#5630=EDGE_CURVE('',#221,#323,#5633,.T.);
#5631=LINE('',#322,#5634);
#5632=LINE('',#216,#5635);
#5633=LINE('',#220,#5636);
#5634=VECTOR('',#5637,1.0);
#5635=VECTOR('',#5638,1.0);
#5636=VECTOR('',#5639,1.0);
#5637=DIRECTION('',(-0.006072698324758745,-0.061659321049212165,0.998078779687659));
#5638=DIRECTION('',(0.09801370778414571,0.9951850647424347,0));
#5639=DIRECTION('',(0,0,-1));
#5640=FACE_SURFACE('',(#5645),#5641,.T.);
#5641=PLANE('',#5642);
#5642=AXIS2_PLACEMENT_3D('',#324,#5643,#5644);
#5643=DIRECTION('',(-0.9569506643238057,0.2902506262701716,0));
#5644=DIRECTION('',(-0.2902506262701716,-0.9569506643238057,0));
#5645=FACE_BOUND('',#5646,.T.);
#5646=EDGE_LOOP('',(#5647,#5648,#5649));
#5647=ORIENTED_EDGE('',*,*,#5650,.T.);
#5648=ORIENTED_EDGE('',*,*,#5651,.T.);
#5649=ORIENTED_EDGE('',*,*,#5652,.T.);
#5650=EDGE_CURVE('',#325,#327,#5653,.F.);
#5651=EDGE_CURVE('',#327,#213,#5654,.T.);
#5652=EDGE_CURVE('',#213,#325,#5655,.T.);
#5653=LINE('',#324,#5656);
#5654=LINE('',#326,#5657);
#5655=LINE('',#212,#5658);
#5656=VECTOR('',#5659,1.0);
#5657=VECTOR('',#5660,1.0);
#5658=VECTOR('',#5661,1.0);
#5659=DIRECTION('',(-0.2902506262701716,-0.9569506643238057,0));
#5660=DIRECTION('',(0,0,1));
#5661=DIRECTION('',(0.017982334897984054,0.059287408085387634,-0.9980789742671334));
#5662=FACE_SURFACE('',(#5667),#5663,.T.);
#5663=PLANE('',#5664);
#5664=AXIS2_PLACEMENT_3D('',#324,#5665,#5666);
#5665=DIRECTION('',(-0.9569506643238057,0.2902506262701716,0));
#5666=DIRECTION('',(-0.017982334897984054,-0.059287408085387634,0.9980789742671334));
#5667=FACE_BOUND('',#5668,.T.);
#5668=EDGE_LOOP('',(#5669,#5670,#5671));
#5669=ORIENTED_EDGE('',*,*,#5672,.T.);
#5670=ORIENTED_EDGE('',*,*,#5673,.T.);
#5671=ORIENTED_EDGE('',*,*,#5674,.T.);
#5672=EDGE_CURVE('',#325,#213,#5675,.F.);
#5673=EDGE_CURVE('',#213,#217,#5676,.T.);
#5674=EDGE_CURVE('',#217,#325,#5677,.T.);
#5675=LINE('',#324,#5678);
#5676=LINE('',#212,#5679);
#5677=LINE('',#216,#5680);
#5678=VECTOR('',#5681,1.0);
#5679=VECTOR('',#5682,1.0);
#5680=VECTOR('',#5683,1.0);
#5681=DIRECTION('',(-0.017982334897984054,-0.059287408085387634,0.9980789742671334));
#5682=DIRECTION('',(0.2902506262701716,0.9569506643238057,0));
#5683=DIRECTION('',(0,0,-1));
#5684=FACE_SURFACE('',(#5689),#5685,.T.);
#5685=PLANE('',#5686);
#5686=AXIS2_PLACEMENT_3D('',#326,#5687,#5688);
#5687=DIRECTION('',(-0.8819360081213438,0.47136915212918734,0));
#5688=DIRECTION('',(-0.4713691521291874,-0.8819360081213439,0));
#5689=FACE_BOUND('',#5690,.T.);
#5690=EDGE_LOOP('',(#5691,#5692,#5693));
#5691=ORIENTED_EDGE('',*,*,#5694,.T.);
#5692=ORIENTED_EDGE('',*,*,#5695,.T.);
#5693=ORIENTED_EDGE('',*,*,#5696,.T.);
#5694=EDGE_CURVE('',#327,#329,#5697,.F.);
#5695=EDGE_CURVE('',#329,#209,#5698,.T.);
#5696=EDGE_CURVE('',#209,#327,#5699,.T.);
#5697=LINE('',#326,#5700);
#5698=LINE('',#328,#5701);
#5699=LINE('',#208,#5702);
#5700=VECTOR('',#5703,1.0);
#5701=VECTOR('',#5704,1.0);
#5702=VECTOR('',#5705,1.0);
#5703=DIRECTION('',(-0.4713691521291874,-0.8819360081213439,0));
#5704=DIRECTION('',(0,0,1));
#5705=DIRECTION('',(0.029202543753478576,0.054638227276003856,-0.9980790928370668));
#5706=FACE_SURFACE('',(#5711),#5707,.T.);
#5707=PLANE('',#5708);
#5708=AXIS2_PLACEMENT_3D('',#326,#5709,#5710);
#5709=DIRECTION('',(-0.8819360081213438,0.47136915212918734,0));
#5710=DIRECTION('',(-0.029202543753478576,-0.054638227276003856,0.9980790928370668));
#5711=FACE_BOUND('',#5712,.T.);
#5712=EDGE_LOOP('',(#5713,#5714,#5715));
#5713=ORIENTED_EDGE('',*,*,#5716,.T.);
#5714=ORIENTED_EDGE('',*,*,#5717,.T.);
#5715=ORIENTED_EDGE('',*,*,#5718,.T.);
#5716=EDGE_CURVE('',#327,#209,#5719,.F.);
#5717=EDGE_CURVE('',#209,#213,#5720,.T.);
#5718=EDGE_CURVE('',#213,#327,#5721,.T.);
#5719=LINE('',#326,#5722);
#5720=LINE('',#208,#5723);
#5721=LINE('',#212,#5724);
#5722=VECTOR('',#5725,1.0);
#5723=VECTOR('',#5726,1.0);
#5724=VECTOR('',#5727,1.0);
#5725=DIRECTION('',(-0.029202543753478576,-0.054638227276003856,0.9980790928370668));
#5726=DIRECTION('',(0.4713691521291874,0.8819360081213439,0));
#5727=DIRECTION('',(0,0,-1));
#5728=FACE_SURFACE('',(#5733),#5729,.T.);
#5729=PLANE('',#5730);
#5730=AXIS2_PLACEMENT_3D('',#328,#5731,#5732);
#5731=DIRECTION('',(-0.7729776706046015,0.6344332279654684,0));
#5732=DIRECTION('',(-0.6344332279654685,-0.7729776706046017,0));
#5733=FACE_BOUND('',#5734,.T.);
#5734=EDGE_LOOP('',(#5735,#5736,#5737));
#5735=ORIENTED_EDGE('',*,*,#5738,.T.);
#5736=ORIENTED_EDGE('',*,*,#5739,.T.);
#5737=ORIENTED_EDGE('',*,*,#5740,.T.);
#5738=EDGE_CURVE('',#329,#331,#5741,.F.);
#5739=EDGE_CURVE('',#331,#205,#5742,.T.);
#5740=EDGE_CURVE('',#205,#329,#5743,.T.);
#5741=LINE('',#328,#5744);
#5742=LINE('',#330,#5745);
#5743=LINE('',#204,#5746);
#5744=VECTOR('',#5747,1.0);
#5745=VECTOR('',#5748,1.0);
#5746=VECTOR('',#5749,1.0);
#5747=DIRECTION('',(-0.6344332279654685,-0.7729776706046017,0));
#5748=DIRECTION('',(0,0,1));
#5749=DIRECTION('',(0.03930821814979724,0.04789215564652233,-0.9980787571196059));
#5750=FACE_SURFACE('',(#5755),#5751,.T.);
#5751=PLANE('',#5752);
#5752=AXIS2_PLACEMENT_3D('',#328,#5753,#5754);
#5753=DIRECTION('',(-0.7729776706046015,0.6344332279654684,0));
#5754=DIRECTION('',(-0.03930821814979724,-0.04789215564652233,0.9980787571196059));
#5755=FACE_BOUND('',#5756,.T.);
#5756=EDGE_LOOP('',(#5757,#5758,#5759));
#5757=ORIENTED_EDGE('',*,*,#5760,.T.);
#5758=ORIENTED_EDGE('',*,*,#5761,.T.);
#5759=ORIENTED_EDGE('',*,*,#5762,.T.);
#5760=EDGE_CURVE('',#329,#205,#5763,.F.);
#5761=EDGE_CURVE('',#205,#209,#5764,.T.);
#5762=EDGE_CURVE('',#209,#329,#5765,.T.);
#5763=LINE('',#328,#5766);
#5764=LINE('',#204,#5767);
#5765=LINE('',#208,#5768);
#5766=VECTOR('',#5769,1.0);
#5767=VECTOR('',#5770,1.0);
#5768=VECTOR('',#5771,1.0);
#5769=DIRECTION('',(-0.03930821814979724,-0.04789215564652233,0.9980787571196059));
#5770=DIRECTION('',(0.6344332279654685,0.7729776706046017,0));
#5771=DIRECTION('',(0,0,-1));
#5772=FACE_SURFACE('',(#5777),#5773,.T.);
#5773=PLANE('',#5774);
#5774=AXIS2_PLACEMENT_3D('',#330,#5775,#5776);
#5775=DIRECTION('',(-0.6343815510910992,0.7730200822975112,0));
#5776=DIRECTION('',(-0.7730200822975113,-0.6343815510910993,0));
#5777=FACE_BOUND('',#5778,.T.);
#5778=EDGE_LOOP('',(#5779,#5780,#5781));
#5779=ORIENTED_EDGE('',*,*,#5782,.T.);
#5780=ORIENTED_EDGE('',*,*,#5783,.T.);
#5781=ORIENTED_EDGE('',*,*,#5784,.T.);
#5782=EDGE_CURVE('',#331,#333,#5785,.F.);
#5783=EDGE_CURVE('',#333,#201,#5786,.T.);
#5784=EDGE_CURVE('',#201,#331,#5787,.T.);
#5785=LINE('',#330,#5788);
#5786=LINE('',#332,#5789);
#5787=LINE('',#200,#5790);
#5788=VECTOR('',#5791,1.0);
#5789=VECTOR('',#5792,1.0);
#5790=VECTOR('',#5793,1.0);
#5791=DIRECTION('',(-0.7730200822975113,-0.6343815510910993,0));
#5792=DIRECTION('',(0,0,1));
#5793=DIRECTION('',(0.04789216573306461,0.039302868164245795,-0.99807896732446));
#5794=FACE_SURFACE('',(#5799),#5795,.T.);
#5795=PLANE('',#5796);
#5796=AXIS2_PLACEMENT_3D('',#330,#5797,#5798);
#5797=DIRECTION('',(-0.6343815510910992,0.7730200822975112,0));
#5798=DIRECTION('',(-0.04789216573306461,-0.039302868164245795,0.99807896732446));
#5799=FACE_BOUND('',#5800,.T.);
#5800=EDGE_LOOP('',(#5801,#5802,#5803));
#5801=ORIENTED_EDGE('',*,*,#5804,.T.);
#5802=ORIENTED_EDGE('',*,*,#5805,.T.);
#5803=ORIENTED_EDGE('',*,*,#5806,.T.);
#5804=EDGE_CURVE('',#331,#201,#5807,.F.);
#5805=EDGE_CURVE('',#201,#205,#5808,.T.);
#5806=EDGE_CURVE('',#205,#331,#5809,.T.);
#5807=LINE('',#330,#5810);
#5808=LINE('',#200,#5811);
#5809=LINE('',#204,#5812);
#5810=VECTOR('',#5813,1.0);
#5811=VECTOR('',#5814,1.0);
#5812=VECTOR('',#5815,1.0);
#5813=DIRECTION('',(-0.04789216573306461,-0.039302868164245795,0.99807896732446));
#5814=DIRECTION('',(0.7730200822975113,0.6343815510910993,0));
#5815=DIRECTION('',(0,0,-1));
#5816=FACE_SURFACE('',(#5821),#5817,.T.);
#5817=PLANE('',#5818);
#5818=AXIS2_PLACEMENT_3D('',#332,#5819,#5820);
#5819=DIRECTION('',(-0.4714356456434858,0.881900466048584,0));
#5820=DIRECTION('',(-0.8819004660485841,-0.4714356456434859,0));
#5821=FACE_BOUND('',#5822,.T.);
#5822=EDGE_LOOP('',(#5823,#5824,#5825));
#5823=ORIENTED_EDGE('',*,*,#5826,.T.);
#5824=ORIENTED_EDGE('',*,*,#5827,.T.);
#5825=ORIENTED_EDGE('',*,*,#5828,.T.);
#5826=EDGE_CURVE('',#333,#335,#5829,.F.);
#5827=EDGE_CURVE('',#335,#197,#5830,.T.);
#5828=EDGE_CURVE('',#197,#333,#5831,.T.);
#5829=LINE('',#332,#5832);
#5830=LINE('',#334,#5833);
#5831=LINE('',#196,#5834);
#5832=VECTOR('',#5835,1.0);
#5833=VECTOR('',#5836,1.0);
#5834=VECTOR('',#5837,1.0);
#5835=DIRECTION('',(-0.8819004660485841,-0.4714356456434859,0));
#5836=DIRECTION('',(0,0,1));
#5837=DIRECTION('',(0.05463999805615077,0.029208786879290714,-0.9980788132113937));
#5838=FACE_SURFACE('',(#5843),#5839,.T.);
#5839=PLANE('',#5840);
#5840=AXIS2_PLACEMENT_3D('',#332,#5841,#5842);
#5841=DIRECTION('',(-0.4714356456434858,0.881900466048584,0));
#5842=DIRECTION('',(-0.05463999805615077,-0.029208786879290714,0.9980788132113937));
#5843=FACE_BOUND('',#5844,.T.);
#5844=EDGE_LOOP('',(#5845,#5846,#5847));
#5845=ORIENTED_EDGE('',*,*,#5848,.T.);
#5846=ORIENTED_EDGE('',*,*,#5849,.T.);
#5847=ORIENTED_EDGE('',*,*,#5850,.T.);
#5848=EDGE_CURVE('',#333,#197,#5851,.F.);
#5849=EDGE_CURVE('',#197,#201,#5852,.T.);
#5850=EDGE_CURVE('',#201,#333,#5853,.T.);
#5851=LINE('',#332,#5854);
#5852=LINE('',#196,#5855);
#5853=LINE('',#200,#5856);
#5854=VECTOR('',#5857,1.0);
#5855=VECTOR('',#5858,1.0);
#5856=VECTOR('',#5859,1.0);
#5857=DIRECTION('',(-0.05463999805615077,-0.029208786879290714,0.9980788132113937));
#5858=DIRECTION('',(0.8819004660485841,0.4714356456434859,0));
#5859=DIRECTION('',(0,0,-1));
#5860=FACE_SURFACE('',(#5865),#5861,.T.);
#5861=PLANE('',#5862);
#5862=AXIS2_PLACEMENT_3D('',#334,#5863,#5864);
#5863=DIRECTION('',(-0.29027984262291895,0.9569418022883176,0));
#5864=DIRECTION('',(-0.9569418022883175,-0.29027984262291895,0));
#5865=FACE_BOUND('',#5866,.T.);
#5866=EDGE_LOOP('',(#5867,#5868,#5869));
#5867=ORIENTED_EDGE('',*,*,#5870,.T.);
#5868=ORIENTED_EDGE('',*,*,#5871,.T.);
#5869=ORIENTED_EDGE('',*,*,#5872,.T.);
#5870=EDGE_CURVE('',#335,#337,#5873,.F.);
#5871=EDGE_CURVE('',#337,#193,#5874,.T.);
#5872=EDGE_CURVE('',#193,#335,#5875,.T.);
#5873=LINE('',#334,#5876);
#5874=LINE('',#336,#5877);
#5875=LINE('',#192,#5878);
#5876=VECTOR('',#5879,1.0);
#5877=VECTOR('',#5880,1.0);
#5878=VECTOR('',#5881,1.0);
#5879=DIRECTION('',(-0.9569418022883175,-0.29027984262291895,0));
#5880=DIRECTION('',(0,0,1));
#5881=DIRECTION('',(0.059283847512198624,0.01798323146169474,-0.9980791696104802));
#5882=FACE_SURFACE('',(#5887),#5883,.T.);
#5883=PLANE('',#5884);
#5884=AXIS2_PLACEMENT_3D('',#334,#5885,#5886);
#5885=DIRECTION('',(-0.29027984262291895,0.9569418022883176,0));
#5886=DIRECTION('',(-0.059283847512198624,-0.01798323146169474,0.9980791696104802));
#5887=FACE_BOUND('',#5888,.T.);
#5888=EDGE_LOOP('',(#5889,#5890,#5891));
#5889=ORIENTED_EDGE('',*,*,#5892,.T.);
#5890=ORIENTED_EDGE('',*,*,#5893,.T.);
#5891=ORIENTED_EDGE('',*,*,#5894,.T.);
#5892=EDGE_CURVE('',#335,#193,#5895,.F.);
#5893=EDGE_CURVE('',#193,#197,#5896,.T.);
#5894=EDGE_CURVE('',#197,#335,#5897,.T.);
#5895=LINE('',#334,#5898);
#5896=LINE('',#192,#5899);
#5897=LINE('',#196,#5900);
#5898=VECTOR('',#5901,1.0);
#5899=VECTOR('',#5902,1.0);
#5900=VECTOR('',#5903,1.0);
#5901=DIRECTION('',(-0.059283847512198624,-0.01798323146169474,0.9980791696104802));
#5902=DIRECTION('',(0.9569418022883175,0.29027984262291895,0));
#5903=DIRECTION('',(0,0,-1));
#5904=FACE_SURFACE('',(#5909),#5905,.T.);
#5905=PLANE('',#5906);
#5906=AXIS2_PLACEMENT_3D('',#336,#5907,#5908);
#5907=DIRECTION('',(-0.09797953518366469,0.9951884297384054,0));
#5908=DIRECTION('',(-0.9951884297384054,-0.09797953518366469,0));
#5909=FACE_BOUND('',#5910,.T.);
#5910=EDGE_LOOP('',(#5911,#5912,#5913));
#5911=ORIENTED_EDGE('',*,*,#5914,.T.);
#5912=ORIENTED_EDGE('',*,*,#5915,.T.);
#5913=ORIENTED_EDGE('',*,*,#5916,.T.);
#5914=EDGE_CURVE('',#337,#339,#5917,.F.);
#5915=EDGE_CURVE('',#339,#189,#5918,.T.);
#5916=EDGE_CURVE('',#189,#337,#5919,.T.);
#5917=LINE('',#336,#5920);
#5918=LINE('',#338,#5921);
#5919=LINE('',#188,#5922);
#5920=VECTOR('',#5923,1.0);
#5921=VECTOR('',#5924,1.0);
#5922=VECTOR('',#5925,1.0);
#5923=DIRECTION('',(-0.9951884297384054,-0.09797953518366469,0));
#5924=DIRECTION('',(0,0,1));
#5925=DIRECTION('',(0.06166288031128798,0.006070910965649051,-0.9980785706705474));
#5926=FACE_SURFACE('',(#5931),#5927,.T.);
#5927=PLANE('',#5928);
#5928=AXIS2_PLACEMENT_3D('',#336,#5929,#5930);
#5929=DIRECTION('',(-0.09797953518366469,0.9951884297384054,0));
#5930=DIRECTION('',(-0.06166288031128798,-0.006070910965649051,0.9980785706705474));
#5931=FACE_BOUND('',#5932,.T.);
#5932=EDGE_LOOP('',(#5933,#5934,#5935));
#5933=ORIENTED_EDGE('',*,*,#5936,.T.);
#5934=ORIENTED_EDGE('',*,*,#5937,.T.);
#5935=ORIENTED_EDGE('',*,*,#5938,.T.);
#5936=EDGE_CURVE('',#337,#189,#5939,.F.);
#5937=EDGE_CURVE('',#189,#193,#5940,.T.);
#5938=EDGE_CURVE('',#193,#337,#5941,.T.);
#5939=LINE('',#336,#5942);
#5940=LINE('',#188,#5943);
#5941=LINE('',#192,#5944);
#5942=VECTOR('',#5945,1.0);
#5943=VECTOR('',#5946,1.0);
#5944=VECTOR('',#5947,1.0);
#5945=DIRECTION('',(-0.06166288031128798,-0.006070910965649051,0.9980785706705474));
#5946=DIRECTION('',(0.9951884297384054,0.09797953518366469,0));
#5947=DIRECTION('',(0,0,-1));
#5948=FACE_SURFACE('',(#5953),#5949,.T.);
#5949=PLANE('',#5950);
#5950=AXIS2_PLACEMENT_3D('',#338,#5951,#5952);
#5951=DIRECTION('',(0.0979851570393936,0.9951878762324053,0));
#5952=DIRECTION('',(-0.9951878762324052,0.09798515703939359,0));
#5953=FACE_BOUND('',#5954,.T.);
#5954=EDGE_LOOP('',(#5955,#5956,#5957));
#5955=ORIENTED_EDGE('',*,*,#5958,.T.);
#5956=ORIENTED_EDGE('',*,*,#5959,.T.);
#5957=ORIENTED_EDGE('',*,*,#5960,.T.);
#5958=EDGE_CURVE('',#339,#341,#5961,.F.);
#5959=EDGE_CURVE('',#341,#185,#5962,.T.);
#5960=EDGE_CURVE('',#185,#339,#5963,.T.);
#5961=LINE('',#338,#5964);
#5962=LINE('',#340,#5965);
#5963=LINE('',#184,#5966);
#5964=VECTOR('',#5967,1.0);
#5965=VECTOR('',#5968,1.0);
#5966=VECTOR('',#5969,1.0);
#5967=DIRECTION('',(-0.9951878762324052,0.09798515703939359,0));
#5968=DIRECTION('',(0,0,1));
#5969=DIRECTION('',(0.06165932171789376,-0.006070912302853858,-0.9980787905116009));
#5970=FACE_SURFACE('',(#5975),#5971,.T.);
#5971=PLANE('',#5972);
#5972=AXIS2_PLACEMENT_3D('',#338,#5973,#5974);
#5973=DIRECTION('',(0.0979851570393936,0.9951878762324053,-0));
#5974=DIRECTION('',(-0.06165932171789376,0.006070912302853858,0.9980787905116009));
#5975=FACE_BOUND('',#5976,.T.);
#5976=EDGE_LOOP('',(#5977,#5978,#5979));
#5977=ORIENTED_EDGE('',*,*,#5980,.T.);
#5978=ORIENTED_EDGE('',*,*,#5981,.T.);
#5979=ORIENTED_EDGE('',*,*,#5982,.T.);
#5980=EDGE_CURVE('',#339,#185,#5983,.F.);
#5981=EDGE_CURVE('',#185,#189,#5984,.T.);
#5982=EDGE_CURVE('',#189,#339,#5985,.T.);
#5983=LINE('',#338,#5986);
#5984=LINE('',#184,#5987);
#5985=LINE('',#188,#5988);
#5986=VECTOR('',#5989,1.0);
#5987=VECTOR('',#5990,1.0);
#5988=VECTOR('',#5991,1.0);
#5989=DIRECTION('',(-0.06165932171789376,0.006070912302853858,0.9980787905116009));
#5990=DIRECTION('',(0.9951878762324052,-0.09798515703939359,0));
#5991=DIRECTION('',(0,0,-1));
#5992=FACE_SURFACE('',(#5997),#5993,.T.);
#5993=PLANE('',#5994);
#5994=AXIS2_PLACEMENT_3D('',#340,#5995,#5996);
#5995=DIRECTION('',(0.2902638263432002,0.9569466605389271,0));
#5996=DIRECTION('',(-0.9569466605389272,0.2902638263432002,0));
#5997=FACE_BOUND('',#5998,.T.);
#5998=EDGE_LOOP('',(#5999,#6000,#6001));
#5999=ORIENTED_EDGE('',*,*,#6002,.T.);
#6000=ORIENTED_EDGE('',*,*,#6003,.T.);
#6001=ORIENTED_EDGE('',*,*,#6004,.T.);
#6002=EDGE_CURVE('',#341,#343,#6005,.F.);
#6003=EDGE_CURVE('',#343,#181,#6006,.T.);
#6004=EDGE_CURVE('',#181,#341,#6007,.T.);
#6005=LINE('',#340,#6008);
#6006=LINE('',#342,#6009);
#6007=LINE('',#180,#6010);
#6008=VECTOR('',#6011,1.0);
#6009=VECTOR('',#6012,1.0);
#6010=VECTOR('',#6013,1.0);
#6011=DIRECTION('',(-0.9569466605389272,0.2902638263432002,0));
#6012=DIRECTION('',(0,0,1));
#6013=DIRECTION('',(0.059287407133266516,-0.017983227653229315,-0.9980789582385686));
#6014=FACE_SURFACE('',(#6019),#6015,.T.);
#6015=PLANE('',#6016);
#6016=AXIS2_PLACEMENT_3D('',#340,#6017,#6018);
#6017=DIRECTION('',(0.2902638263432002,0.9569466605389271,-0));
#6018=DIRECTION('',(-0.059287407133266516,0.017983227653229315,0.9980789582385686));
#6019=FACE_BOUND('',#6020,.T.);
#6020=EDGE_LOOP('',(#6021,#6022,#6023));
#6021=ORIENTED_EDGE('',*,*,#6024,.T.);
#6022=ORIENTED_EDGE('',*,*,#6025,.T.);
#6023=ORIENTED_EDGE('',*,*,#6026,.T.);
#6024=EDGE_CURVE('',#341,#181,#6027,.F.);
#6025=EDGE_CURVE('',#181,#185,#6028,.T.);
#6026=EDGE_CURVE('',#185,#341,#6029,.T.);
#6027=LINE('',#340,#6030);
#6028=LINE('',#180,#6031);
#6029=LINE('',#184,#6032);
#6030=VECTOR('',#6033,1.0);
#6031=VECTOR('',#6034,1.0);
#6032=VECTOR('',#6035,1.0);
#6033=DIRECTION('',(-0.059287407133266516,0.017983227653229315,0.9980789582385686));
#6034=DIRECTION('',(0.9569466605389272,-0.2902638263432002,0));
#6035=DIRECTION('',(0,0,-1));
#6036=FACE_SURFACE('',(#6041),#6037,.T.);
#6037=PLANE('',#6038);
#6038=AXIS2_PLACEMENT_3D('',#342,#6039,#6040);
#6039=DIRECTION('',(0.47148359155031166,0.8818748340319157,0));
#6040=DIRECTION('',(-0.8818748340319156,0.4714835915503116,0));
#6041=FACE_BOUND('',#6042,.T.);
#6042=EDGE_LOOP('',(#6043,#6044,#6045));
#6043=ORIENTED_EDGE('',*,*,#6046,.T.);
#6044=ORIENTED_EDGE('',*,*,#6047,.T.);
#6045=ORIENTED_EDGE('',*,*,#6048,.T.);
#6046=EDGE_CURVE('',#343,#345,#6049,.F.);
#6047=EDGE_CURVE('',#345,#177,#6050,.T.);
#6048=EDGE_CURVE('',#177,#343,#6051,.T.);
#6049=LINE('',#342,#6052);
#6050=LINE('',#344,#6053);
#6051=LINE('',#176,#6054);
#6052=VECTOR('',#6055,1.0);
#6053=VECTOR('',#6056,1.0);
#6054=VECTOR('',#6057,1.0);
#6055=DIRECTION('',(-0.8818748340319156,0.4714835915503116,0));
#6056=DIRECTION('',(0,0,1));
#6057=DIRECTION('',(0.05463287503044027,-0.029208798280708284,-0.9980792028035176));
#6058=FACE_SURFACE('',(#6063),#6059,.T.);
#6059=PLANE('',#6060);
#6060=AXIS2_PLACEMENT_3D('',#342,#6061,#6062);
#6061=DIRECTION('',(0.47148359155031166,0.8818748340319157,-0));
#6062=DIRECTION('',(-0.05463287503044027,0.029208798280708284,0.9980792028035176));
#6063=FACE_BOUND('',#6064,.T.);
#6064=EDGE_LOOP('',(#6065,#6066,#6067));
#6065=ORIENTED_EDGE('',*,*,#6068,.T.);
#6066=ORIENTED_EDGE('',*,*,#6069,.T.);
#6067=ORIENTED_EDGE('',*,*,#6070,.T.);
#6068=EDGE_CURVE('',#343,#177,#6071,.F.);
#6069=EDGE_CURVE('',#177,#181,#6072,.T.);
#6070=EDGE_CURVE('',#181,#343,#6073,.T.);
#6071=LINE('',#342,#6074);
#6072=LINE('',#176,#6075);
#6073=LINE('',#180,#6076);
#6074=VECTOR('',#6077,1.0);
#6075=VECTOR('',#6078,1.0);
#6076=VECTOR('',#6079,1.0);
#6077=DIRECTION('',(-0.05463287503044027,0.029208798280708284,0.9980792028035176));
#6078=DIRECTION('',(0.8818748340319156,-0.4714835915503116,0));
#6079=DIRECTION('',(0,0,-1));
#6080=FACE_SURFACE('',(#6085),#6081,.T.);
#6081=PLANE('',#6082);
#6082=AXIS2_PLACEMENT_3D('',#344,#6083,#6084);
#6083=DIRECTION('',(0.6344098267885961,0.7729968768850644,0));
#6084=DIRECTION('',(-0.7729968768850644,0.6344098267885963,0));
#6085=FACE_BOUND('',#6086,.T.);
#6086=EDGE_LOOP('',(#6087,#6088,#6089));
#6087=ORIENTED_EDGE('',*,*,#6090,.T.);
#6088=ORIENTED_EDGE('',*,*,#6091,.T.);
#6089=ORIENTED_EDGE('',*,*,#6092,.T.);
#6090=EDGE_CURVE('',#345,#347,#6093,.F.);
#6091=EDGE_CURVE('',#347,#173,#6094,.T.);
#6092=EDGE_CURVE('',#173,#345,#6095,.T.);
#6093=LINE('',#344,#6096);
#6094=LINE('',#346,#6097);
#6095=LINE('',#172,#6098);
#6096=VECTOR('',#6099,1.0);
#6097=VECTOR('',#6100,1.0);
#6098=VECTOR('',#6101,1.0);
#6099=DIRECTION('',(-0.7729968768850644,0.6344098267885963,0));
#6100=DIRECTION('',(0,0,1));
#6101=DIRECTION('',(0.04788860174934925,-0.03930287488790207,-0.9980791380687396));
#6102=FACE_SURFACE('',(#6107),#6103,.T.);
#6103=PLANE('',#6104);
#6104=AXIS2_PLACEMENT_3D('',#344,#6105,#6106);
#6105=DIRECTION('',(0.6344098267885961,0.7729968768850644,-0));
#6106=DIRECTION('',(-0.04788860174934925,0.03930287488790207,0.9980791380687396));
#6107=FACE_BOUND('',#6108,.T.);
#6108=EDGE_LOOP('',(#6109,#6110,#6111));
#6109=ORIENTED_EDGE('',*,*,#6112,.T.);
#6110=ORIENTED_EDGE('',*,*,#6113,.T.);
#6111=ORIENTED_EDGE('',*,*,#6114,.T.);
#6112=EDGE_CURVE('',#345,#173,#6115,.F.);
#6113=EDGE_CURVE('',#173,#177,#6116,.T.);
#6114=EDGE_CURVE('',#177,#345,#6117,.T.);
#6115=LINE('',#344,#6118);
#6116=LINE('',#172,#6119);
#6117=LINE('',#176,#6120);
#6118=VECTOR('',#6121,1.0);
#6119=VECTOR('',#6122,1.0);
#6120=VECTOR('',#6123,1.0);
#6121=DIRECTION('',(-0.04788860174934925,0.03930287488790207,0.9980791380687396));
#6122=DIRECTION('',(0.7729968768850644,-0.6344098267885963,0));
#6123=DIRECTION('',(0,0,-1));
#6124=FACE_SURFACE('',(#6129),#6125,.T.);
#6125=PLANE('',#6126);
#6126=AXIS2_PLACEMENT_3D('',#172,#6127,#6128);
#6127=DIRECTION('',(0.7729493968091041,0.6344676744897585,0));
#6128=DIRECTION('',(0,0,-1));
#6129=FACE_BOUND('',#6130,.T.);
#6130=EDGE_LOOP('',(#6131,#6132,#6133));
#6131=ORIENTED_EDGE('',*,*,#6134,.T.);
#6132=ORIENTED_EDGE('',*,*,#6135,.T.);
#6133=ORIENTED_EDGE('',*,*,#6136,.T.);
#6134=EDGE_CURVE('',#173,#347,#6137,.F.);
#6135=EDGE_CURVE('',#347,#349,#6138,.T.);
#6136=EDGE_CURVE('',#349,#173,#6139,.T.);
#6137=LINE('',#172,#6140);
#6138=LINE('',#346,#6141);
#6139=LINE('',#348,#6142);
#6140=VECTOR('',#6143,1.0);
#6141=VECTOR('',#6144,1.0);
#6142=VECTOR('',#6145,1.0);
#6143=DIRECTION('',(0,0,-1));
#6144=DIRECTION('',(-0.6344676744897584,0.7729493968091041,0));
#6145=DIRECTION('',(0.039311784804953516,-0.04789214892140043,0.9980786169671904));
#6146=FACE_SURFACE('',(#6151),#6147,.T.);
#6147=PLANE('',#6148);
#6148=AXIS2_PLACEMENT_3D('',#172,#6149,#6150);
#6149=DIRECTION('',(0.7729493968091041,0.6344676744897585,0));
#6150=DIRECTION('',(-0.039311784804953516,0.04789214892140043,-0.9980786169671904));
#6151=FACE_BOUND('',#6152,.T.);
#6152=EDGE_LOOP('',(#6153,#6154,#6155));
#6153=ORIENTED_EDGE('',*,*,#6156,.T.);
#6154=ORIENTED_EDGE('',*,*,#6157,.T.);
#6155=ORIENTED_EDGE('',*,*,#6158,.T.);
#6156=EDGE_CURVE('',#173,#349,#6159,.F.);
#6157=EDGE_CURVE('',#349,#169,#6160,.T.);
#6158=EDGE_CURVE('',#169,#173,#6161,.T.);
#6159=LINE('',#172,#6162);
#6160=LINE('',#348,#6163);
#6161=LINE('',#168,#6164);
#6162=VECTOR('',#6165,1.0);
#6163=VECTOR('',#6166,1.0);
#6164=VECTOR('',#6167,1.0);
#6165=DIRECTION('',(-0.039311784804953516,0.04789214892140043,-0.9980786169671904));
#6166=DIRECTION('',(0,0,1));
#6167=DIRECTION('',(0.6344676744897584,-0.7729493968091041,0));
#6168=FACE_SURFACE('',(#6173),#6169,.T.);
#6169=PLANE('',#6170);
#6170=AXIS2_PLACEMENT_3D('',#168,#6171,#6172);
#6171=DIRECTION('',(0.8819360081213438,0.47136915212918734,0));
#6172=DIRECTION('',(0,0,-1));
#6173=FACE_BOUND('',#6174,.T.);
#6174=EDGE_LOOP('',(#6175,#6176,#6177));
#6175=ORIENTED_EDGE('',*,*,#6178,.T.);
#6176=ORIENTED_EDGE('',*,*,#6179,.T.);
#6177=ORIENTED_EDGE('',*,*,#6180,.T.);
#6178=EDGE_CURVE('',#169,#349,#6181,.F.);
#6179=EDGE_CURVE('',#349,#351,#6182,.T.);
#6180=EDGE_CURVE('',#351,#169,#6183,.T.);
#6181=LINE('',#168,#6184);
#6182=LINE('',#348,#6185);
#6183=LINE('',#350,#6186);
#6184=VECTOR('',#6187,1.0);
#6185=VECTOR('',#6188,1.0);
#6186=VECTOR('',#6189,1.0);
#6187=DIRECTION('',(0,0,-1));
#6188=DIRECTION('',(-0.4713691521291874,0.8819360081213439,0));
#6189=DIRECTION('',(0.029202543753478576,-0.054638227276003856,0.9980790928370668));
#6190=FACE_SURFACE('',(#6195),#6191,.T.);
#6191=PLANE('',#6192);
#6192=AXIS2_PLACEMENT_3D('',#168,#6193,#6194);
#6193=DIRECTION('',(0.8819360081213438,0.47136915212918734,0));
#6194=DIRECTION('',(-0.029202543753478576,0.054638227276003856,-0.9980790928370668));
#6195=FACE_BOUND('',#6196,.T.);
#6196=EDGE_LOOP('',(#6197,#6198,#6199));
#6197=ORIENTED_EDGE('',*,*,#6200,.T.);
#6198=ORIENTED_EDGE('',*,*,#6201,.T.);
#6199=ORIENTED_EDGE('',*,*,#6202,.T.);
#6200=EDGE_CURVE('',#169,#351,#6203,.F.);
#6201=EDGE_CURVE('',#351,#165,#6204,.T.);
#6202=EDGE_CURVE('',#165,#169,#6205,.T.);
#6203=LINE('',#168,#6206);
#6204=LINE('',#350,#6207);
#6205=LINE('',#164,#6208);
#6206=VECTOR('',#6209,1.0);
#6207=VECTOR('',#6210,1.0);
#6208=VECTOR('',#6211,1.0);
#6209=DIRECTION('',(-0.029202543753478576,0.054638227276003856,-0.9980790928370668));
#6210=DIRECTION('',(0,0,1));
#6211=DIRECTION('',(0.4713691521291874,-0.8819360081213439,0));
#6212=FACE_SURFACE('',(#6217),#6213,.T.);
#6213=PLANE('',#6214);
#6214=AXIS2_PLACEMENT_3D('',#164,#6215,#6216);
#6215=DIRECTION('',(0.9569666779774458,0.2901978243212921,0));
#6216=DIRECTION('',(0,0,-1));
#6217=FACE_BOUND('',#6218,.T.);
#6218=EDGE_LOOP('',(#6219,#6220,#6221));
#6219=ORIENTED_EDGE('',*,*,#6222,.T.);
#6220=ORIENTED_EDGE('',*,*,#6223,.T.);
#6221=ORIENTED_EDGE('',*,*,#6224,.T.);
#6222=EDGE_CURVE('',#165,#351,#6225,.F.);
#6223=EDGE_CURVE('',#351,#353,#6226,.T.);
#6224=EDGE_CURVE('',#353,#165,#6227,.T.);
#6225=LINE('',#164,#6228);
#6226=LINE('',#350,#6229);
#6227=LINE('',#352,#6230);
#6228=VECTOR('',#6231,1.0);
#6229=VECTOR('',#6232,1.0);
#6230=VECTOR('',#6233,1.0);
#6231=DIRECTION('',(0,0,-1));
#6232=DIRECTION('',(-0.2901978243212921,0.9569666779774458,0));
#6233=DIRECTION('',(0.01797876387657293,-0.05928741189339974,0.998079038373441));
#6234=FACE_SURFACE('',(#6239),#6235,.T.);
#6235=PLANE('',#6236);
#6236=AXIS2_PLACEMENT_3D('',#164,#6237,#6238);
#6237=DIRECTION('',(0.9569666779774458,0.2901978243212921,0));
#6238=DIRECTION('',(-0.01797876387657293,0.05928741189339974,-0.998079038373441));
#6239=FACE_BOUND('',#6240,.T.);
#6240=EDGE_LOOP('',(#6241,#6242,#6243));
#6241=ORIENTED_EDGE('',*,*,#6244,.T.);
#6242=ORIENTED_EDGE('',*,*,#6245,.T.);
#6243=ORIENTED_EDGE('',*,*,#6246,.T.);
#6244=EDGE_CURVE('',#165,#353,#6247,.F.);
#6245=EDGE_CURVE('',#353,#161,#6248,.T.);
#6246=EDGE_CURVE('',#161,#165,#6249,.T.);
#6247=LINE('',#164,#6250);
#6248=LINE('',#352,#6251);
#6249=LINE('',#160,#6252);
#6250=VECTOR('',#6253,1.0);
#6251=VECTOR('',#6254,1.0);
#6252=VECTOR('',#6255,1.0);
#6253=DIRECTION('',(-0.01797876387657293,0.05928741189339974,-0.998079038373441));
#6254=DIRECTION('',(0,0,1));
#6255=DIRECTION('',(0.2901978243212921,-0.9569666779774458,0));
#6256=FACE_SURFACE('',(#6261),#6257,.T.);
#6257=PLANE('',#6258);
#6258=AXIS2_PLACEMENT_3D('',#160,#6259,#6260);
#6259=DIRECTION('',(0.9951794393529384,0.09807080854755508,0));
#6260=DIRECTION('',(0,0,-1));
#6261=FACE_BOUND('',#6262,.T.);
#6262=EDGE_LOOP('',(#6263,#6264,#6265));
#6263=ORIENTED_EDGE('',*,*,#6266,.T.);
#6264=ORIENTED_EDGE('',*,*,#6267,.T.);
#6265=ORIENTED_EDGE('',*,*,#6268,.T.);
#6266=EDGE_CURVE('',#161,#353,#6269,.F.);
#6267=EDGE_CURVE('',#353,#355,#6270,.T.);
#6268=EDGE_CURVE('',#355,#161,#6271,.T.);
#6269=LINE('',#160,#6272);
#6270=LINE('',#352,#6273);
#6271=LINE('',#354,#6274);
#6272=VECTOR('',#6275,1.0);
#6273=VECTOR('',#6276,1.0);
#6274=VECTOR('',#6277,1.0);
#6275=DIRECTION('',(0,0,-1));
#6276=DIRECTION('',(-0.09807080854755507,0.9951794393529383,0));
#6277=DIRECTION('',(0.006076270368394151,-0.06165931971125893,0.9980787580302242));
#6278=FACE_SURFACE('',(#6283),#6279,.T.);
#6279=PLANE('',#6280);
#6280=AXIS2_PLACEMENT_3D('',#160,#6281,#6282);
#6281=DIRECTION('',(0.9951794393529384,0.09807080854755508,0));
#6282=DIRECTION('',(-0.006076270368394151,0.06165931971125893,-0.9980787580302242));
#6283=FACE_BOUND('',#6284,.T.);
#6284=EDGE_LOOP('',(#6285,#6286,#6287));
#6285=ORIENTED_EDGE('',*,*,#6288,.T.);
#6286=ORIENTED_EDGE('',*,*,#6289,.T.);
#6287=ORIENTED_EDGE('',*,*,#6290,.T.);
#6288=EDGE_CURVE('',#161,#355,#6291,.F.);
#6289=EDGE_CURVE('',#355,#155,#6292,.T.);
#6290=EDGE_CURVE('',#155,#161,#6293,.T.);
#6291=LINE('',#160,#6294);
#6292=LINE('',#354,#6295);
#6293=LINE('',#154,#6296);
#6294=VECTOR('',#6297,1.0);
#6295=VECTOR('',#6298,1.0);
#6296=VECTOR('',#6299,1.0);
#6297=DIRECTION('',(-0.006076270368394151,0.06165931971125893,-0.9980787580302242));
#6298=DIRECTION('',(0,0,1));
#6299=DIRECTION('',(0.09807080854755507,-0.9951794393529383,0));
#6300=FACE_SURFACE('',(#6305),#6301,.T.);
#6301=PLANE('',#6302);
#6302=AXIS2_PLACEMENT_3D('',#154,#6303,#6304);
#6303=DIRECTION('',(0.9951788847880965,-0.09807643586469016,0));
#6304=DIRECTION('',(0,0,-1));
#6305=FACE_BOUND('',#6306,.T.);
#6306=EDGE_LOOP('',(#6307,#6308,#6309));
#6307=ORIENTED_EDGE('',*,*,#6310,.T.);
#6308=ORIENTED_EDGE('',*,*,#6311,.T.);
#6309=ORIENTED_EDGE('',*,*,#6312,.T.);
#6310=EDGE_CURVE('',#155,#355,#6313,.F.);
#6311=EDGE_CURVE('',#355,#357,#6314,.T.);
#6312=EDGE_CURVE('',#357,#155,#6315,.T.);
#6313=LINE('',#154,#6316);
#6314=LINE('',#354,#6317);
#6315=LINE('',#356,#6318);
#6316=VECTOR('',#6319,1.0);
#6317=VECTOR('',#6320,1.0);
#6318=VECTOR('',#6321,1.0);
#6319=DIRECTION('',(0,0,-1));
#6320=DIRECTION('',(0.09807643586469016,0.9951788847880965,0));
#6321=DIRECTION('',(-0.00607627170670241,-0.061655761115628226,0.9980789778586657));
#6322=FACE_SURFACE('',(#6327),#6323,.T.);
#6323=PLANE('',#6324);
#6324=AXIS2_PLACEMENT_3D('',#154,#6325,#6326);
#6325=DIRECTION('',(0.9951788847880965,-0.09807643586469016,0));
#6326=DIRECTION('',(0.00607627170670241,0.061655761115628226,-0.9980789778586657));
#6327=FACE_BOUND('',#6328,.T.);
#6328=EDGE_LOOP('',(#6329,#6330,#6331));
#6329=ORIENTED_EDGE('',*,*,#6332,.T.);
#6330=ORIENTED_EDGE('',*,*,#6333,.T.);
#6331=ORIENTED_EDGE('',*,*,#6334,.T.);
#6332=EDGE_CURVE('',#155,#357,#6335,.F.);
#6333=EDGE_CURVE('',#357,#153,#6336,.T.);
#6334=EDGE_CURVE('',#153,#155,#6337,.T.);
#6335=LINE('',#154,#6338);
#6336=LINE('',#356,#6339);
#6337=LINE('',#152,#6340);
#6338=VECTOR('',#6341,1.0);
#6339=VECTOR('',#6342,1.0);
#6340=VECTOR('',#6343,1.0);
#6341=DIRECTION('',(0.00607627170670241,0.061655761115628226,-0.9980789778586657));
#6342=DIRECTION('',(0,0,1));
#6343=DIRECTION('',(-0.09807643586469016,-0.9951788847880965,0));
#6344=FACE_SURFACE('',(#6349),#6345,.T.);
#6345=PLANE('',#6346);
#6346=AXIS2_PLACEMENT_3D('',#152,#6347,#6348);
#6347=DIRECTION('',(0.9569666779774458,-0.2901978243212921,0));
#6348=DIRECTION('',(0,0,-1));
#6349=FACE_BOUND('',#6350,.T.);
#6350=EDGE_LOOP('',(#6351,#6352,#6353));
#6351=ORIENTED_EDGE('',*,*,#6354,.T.);
#6352=ORIENTED_EDGE('',*,*,#6355,.T.);
#6353=ORIENTED_EDGE('',*,*,#6356,.T.);
#6354=EDGE_CURVE('',#153,#357,#6357,.F.);
#6355=EDGE_CURVE('',#357,#359,#6358,.T.);
#6356=EDGE_CURVE('',#359,#153,#6359,.T.);
#6357=LINE('',#152,#6360);
#6358=LINE('',#356,#6361);
#6359=LINE('',#358,#6362);
#6360=VECTOR('',#6363,1.0);
#6361=VECTOR('',#6364,1.0);
#6362=VECTOR('',#6365,1.0);
#6363=DIRECTION('',(0,0,-1));
#6364=DIRECTION('',(0.2901978243212921,0.9569666779774458,0));
#6365=DIRECTION('',(-0.01797876387657293,-0.05928741189339974,0.998079038373441));
#6366=FACE_SURFACE('',(#6371),#6367,.T.);
#6367=PLANE('',#6368);
#6368=AXIS2_PLACEMENT_3D('',#152,#6369,#6370);
#6369=DIRECTION('',(0.9569666779774458,-0.2901978243212921,0));
#6370=DIRECTION('',(0.01797876387657293,0.05928741189339974,-0.998079038373441));
#6371=FACE_BOUND('',#6372,.T.);
#6372=EDGE_LOOP('',(#6373,#6374,#6375));
#6373=ORIENTED_EDGE('',*,*,#6376,.T.);
#6374=ORIENTED_EDGE('',*,*,#6377,.T.);
#6375=ORIENTED_EDGE('',*,*,#6378,.T.);
#6376=EDGE_CURVE('',#153,#359,#6379,.F.);
#6377=EDGE_CURVE('',#359,#147,#6380,.T.);
#6378=EDGE_CURVE('',#147,#153,#6381,.T.);
#6379=LINE('',#152,#6382);
#6380=LINE('',#358,#6383);
#6381=LINE('',#146,#6384);
#6382=VECTOR('',#6385,1.0);
#6383=VECTOR('',#6386,1.0);
#6384=VECTOR('',#6387,1.0);
#6385=DIRECTION('',(0.01797876387657293,0.05928741189339974,-0.998079038373441));
#6386=DIRECTION('',(0,0,1));
#6387=DIRECTION('',(-0.2901978243212921,-0.9569666779774458,0));
#6388=FACE_SURFACE('',(#6393),#6389,.T.);
#6389=PLANE('',#6390);
#6390=AXIS2_PLACEMENT_3D('',#146,#6391,#6392);
#6391=DIRECTION('',(0.8819488185182213,-0.4713451829756127,0));
#6392=DIRECTION('',(0,0,-1));
#6393=FACE_BOUND('',#6394,.T.);
#6394=EDGE_LOOP('',(#6395,#6396,#6397));
#6395=ORIENTED_EDGE('',*,*,#6398,.T.);
#6396=ORIENTED_EDGE('',*,*,#6399,.T.);
#6397=ORIENTED_EDGE('',*,*,#6400,.T.);
#6398=EDGE_CURVE('',#147,#359,#6401,.F.);
#6399=EDGE_CURVE('',#359,#361,#6402,.T.);
#6400=EDGE_CURVE('',#361,#147,#6403,.T.);
#6401=LINE('',#146,#6404);
#6402=LINE('',#358,#6405);
#6403=LINE('',#360,#6406);
#6404=VECTOR('',#6407,1.0);
#6405=VECTOR('',#6408,1.0);
#6406=VECTOR('',#6409,1.0);
#6407=DIRECTION('',(0,0,-1));
#6408=DIRECTION('',(0.4713451829756127,0.8819488185182213,0));
#6409=DIRECTION('',(-0.029202538053617444,-0.05464178878742009,0.9980788980282762));
#6410=FACE_SURFACE('',(#6415),#6411,.T.);
#6411=PLANE('',#6412);
#6412=AXIS2_PLACEMENT_3D('',#146,#6413,#6414);
#6413=DIRECTION('',(0.8819488185182213,-0.4713451829756127,0));
#6414=DIRECTION('',(0.029202538053617444,0.05464178878742009,-0.9980788980282762));
#6415=FACE_BOUND('',#6416,.T.);
#6416=EDGE_LOOP('',(#6417,#6418,#6419));
#6417=ORIENTED_EDGE('',*,*,#6420,.T.);
#6418=ORIENTED_EDGE('',*,*,#6421,.T.);
#6419=ORIENTED_EDGE('',*,*,#6422,.T.);
#6420=EDGE_CURVE('',#147,#361,#6423,.F.);
#6421=EDGE_CURVE('',#361,#145,#6424,.T.);
#6422=EDGE_CURVE('',#145,#147,#6425,.T.);
#6423=LINE('',#146,#6426);
#6424=LINE('',#360,#6427);
#6425=LINE('',#144,#6428);
#6426=VECTOR('',#6429,1.0);
#6427=VECTOR('',#6430,1.0);
#6428=VECTOR('',#6431,1.0);
#6429=DIRECTION('',(0.029202538053617444,0.05464178878742009,-0.9980788980282762));
#6430=DIRECTION('',(0,0,1));
#6431=DIRECTION('',(-0.4713451829756127,-0.8819488185182213,0));
#6432=FACE_SURFACE('',(#6437),#6433,.T.);
#6433=PLANE('',#6434);
#6434=AXIS2_PLACEMENT_3D('',#144,#6435,#6436);
#6435=DIRECTION('',(0.772937792401556,-0.634481811463031,0));
#6436=DIRECTION('',(0,0,-1));
#6437=FACE_BOUND('',#6438,.T.);
#6438=EDGE_LOOP('',(#6439,#6440,#6441));
#6439=ORIENTED_EDGE('',*,*,#6442,.T.);
#6440=ORIENTED_EDGE('',*,*,#6443,.T.);
#6441=ORIENTED_EDGE('',*,*,#6444,.T.);
#6442=EDGE_CURVE('',#145,#361,#6445,.F.);
#6443=EDGE_CURVE('',#361,#363,#6446,.T.);
#6444=EDGE_CURVE('',#363,#145,#6447,.T.);
#6445=LINE('',#144,#6448);
#6446=LINE('',#360,#6449);
#6447=LINE('',#362,#6450);
#6448=VECTOR('',#6451,1.0);
#6449=VECTOR('',#6452,1.0);
#6450=VECTOR('',#6453,1.0);
#6451=DIRECTION('',(0,0,-1));
#6452=DIRECTION('',(0.6344818114630308,0.772937792401556,0));
#6453=DIRECTION('',(-0.03931178816760426,-0.04789036693039405,0.9980787023408213));
#6454=FACE_SURFACE('',(#6459),#6455,.T.);
#6455=PLANE('',#6456);
#6456=AXIS2_PLACEMENT_3D('',#144,#6457,#6458);
#6457=DIRECTION('',(0.772937792401556,-0.634481811463031,0));
#6458=DIRECTION('',(0.03931178816760426,0.04789036693039405,-0.9980787023408213));
#6459=FACE_BOUND('',#6460,.T.);
#6460=EDGE_LOOP('',(#6461,#6462,#6463));
#6461=ORIENTED_EDGE('',*,*,#6464,.T.);
#6462=ORIENTED_EDGE('',*,*,#6465,.T.);
#6463=ORIENTED_EDGE('',*,*,#6466,.T.);
#6464=EDGE_CURVE('',#145,#363,#6467,.F.);
#6465=EDGE_CURVE('',#363,#139,#6468,.T.);
#6466=EDGE_CURVE('',#139,#145,#6469,.T.);
#6467=LINE('',#144,#6470);
#6468=LINE('',#362,#6471);
#6469=LINE('',#138,#6472);
#6470=VECTOR('',#6473,1.0);
#6471=VECTOR('',#6474,1.0);
#6472=VECTOR('',#6475,1.0);
#6473=DIRECTION('',(0.03931178816760426,0.04789036693039405,-0.9980787023408213));
#6474=DIRECTION('',(0,0,1));
#6475=DIRECTION('',(-0.6344818114630308,-0.772937792401556,0));
#6476=FACE_SURFACE('',(#6481),#6477,.T.);
#6477=PLANE('',#6478);
#6478=AXIS2_PLACEMENT_3D('',#122,#6479,#6480);
#6479=DIRECTION('',(0.6344434483994977,-0.7729692819142,0));
#6480=DIRECTION('',(-0.7729692819142,-0.6344434483994977,0));
#6481=FACE_BOUND('',#6482,.T.);
#6482=EDGE_LOOP('',(#6483,#6484,#6485));
#6483=ORIENTED_EDGE('',*,*,#6486,.T.);
#6484=ORIENTED_EDGE('',*,*,#6487,.T.);
#6485=ORIENTED_EDGE('',*,*,#6488,.T.);
#6486=EDGE_CURVE('',#123,#139,#6489,.F.);
#6487=EDGE_CURVE('',#139,#363,#6490,.T.);
#6488=EDGE_CURVE('',#363,#123,#6491,.T.);
#6489=LINE('',#122,#6492);
#6490=LINE('',#138,#6493);
#6491=LINE('',#362,#6494);
#6492=VECTOR('',#6495,1.0);
#6493=VECTOR('',#6496,1.0);
#6494=VECTOR('',#6497,1.0);
#6495=DIRECTION('',(-0.7729692819142,-0.6344434483994977,0));
#6496=DIRECTION('',(0,0,-1));
#6497=DIRECTION('',(0.02271716062850446,0.018645959243427598,0.9995680361120354));
#6498=FACE_SURFACE('',(#6503),#6499,.T.);
#6499=PLANE('',#6500);
#6500=AXIS2_PLACEMENT_3D('',#362,#6501,#6502);
#6501=DIRECTION('',(0.6344098267885961,-0.7729968768850644,0));
#6502=DIRECTION('',(0.7729968768850644,0.6344098267885963,0));
#6503=FACE_BOUND('',#6504,.T.);
#6504=EDGE_LOOP('',(#6505,#6506,#6507));
#6505=ORIENTED_EDGE('',*,*,#6508,.T.);
#6506=ORIENTED_EDGE('',*,*,#6509,.T.);
#6507=ORIENTED_EDGE('',*,*,#6510,.T.);
#6508=EDGE_CURVE('',#363,#365,#6511,.F.);
#6509=EDGE_CURVE('',#365,#125,#6512,.T.);
#6510=EDGE_CURVE('',#125,#363,#6513,.T.);
#6511=LINE('',#362,#6514);
#6512=LINE('',#364,#6515);
#6513=LINE('',#124,#6516);
#6514=VECTOR('',#6517,1.0);
#6515=VECTOR('',#6518,1.0);
#6516=VECTOR('',#6519,1.0);
#6517=DIRECTION('',(0.7729968768850644,0.6344098267885963,0));
#6518=DIRECTION('',(0,0,1));
#6519=DIRECTION('',(-0.04788860174934925,-0.03930287488790207,-0.9980791380687396));
#6520=FACE_SURFACE('',(#6525),#6521,.T.);
#6521=PLANE('',#6522);
#6522=AXIS2_PLACEMENT_3D('',#362,#6523,#6524);
#6523=DIRECTION('',(0.6343795661643667,-0.7730217112262796,2.4298674279555268E-06));
#6524=DIRECTION('',(0.04788860174934925,0.03930287488790207,0.9980791380687396));
#6525=FACE_BOUND('',#6526,.T.);
#6526=EDGE_LOOP('',(#6527,#6528,#6529));
#6527=ORIENTED_EDGE('',*,*,#6530,.T.);
#6528=ORIENTED_EDGE('',*,*,#6531,.T.);
#6529=ORIENTED_EDGE('',*,*,#6532,.T.);
#6530=EDGE_CURVE('',#363,#125,#6533,.F.);
#6531=EDGE_CURVE('',#125,#123,#6534,.T.);
#6532=EDGE_CURVE('',#123,#363,#6535,.T.);
#6533=LINE('',#362,#6536);
#6534=LINE('',#124,#6537);
#6535=LINE('',#122,#6538);
#6536=VECTOR('',#6539,1.0);
#6537=VECTOR('',#6540,1.0);
#6538=VECTOR('',#6541,1.0);
#6539=DIRECTION('',(0.04788860174934925,0.03930287488790207,0.9980791380687396));
#6540=DIRECTION('',(-0.7730217112285617,-0.6343795661662395,0));
#6541=DIRECTION('',(-0.02271716062850446,-0.018645959243427598,-0.9995680361120354));
#6542=FACE_SURFACE('',(#6547),#6543,.T.);
#6543=PLANE('',#6544);
#6544=AXIS2_PLACEMENT_3D('',#124,#6545,#6546);
#6545=DIRECTION('',(0.4714499578764767,-0.8818928150394857,0));
#6546=DIRECTION('',(0,0,-1));
#6547=FACE_BOUND('',#6548,.T.);
#6548=EDGE_LOOP('',(#6549,#6550,#6551));
#6549=ORIENTED_EDGE('',*,*,#6552,.T.);
#6550=ORIENTED_EDGE('',*,*,#6553,.T.);
#6551=ORIENTED_EDGE('',*,*,#6554,.T.);
#6552=EDGE_CURVE('',#125,#365,#6555,.F.);
#6553=EDGE_CURVE('',#365,#367,#6556,.T.);
#6554=EDGE_CURVE('',#367,#125,#6557,.T.);
#6555=LINE('',#124,#6558);
#6556=LINE('',#364,#6559);
#6557=LINE('',#366,#6560);
#6558=VECTOR('',#6561,1.0);
#6559=VECTOR('',#6562,1.0);
#6560=VECTOR('',#6563,1.0);
#6561=DIRECTION('',(0,0,-1));
#6562=DIRECTION('',(0.8818928150394856,0.4714499578764767,0));
#6563=DIRECTION('',(-0.05463287930549926,-0.029206121433357,0.9980792809038823));
#6564=FACE_SURFACE('',(#6569),#6565,.T.);
#6565=PLANE('',#6566);
#6566=AXIS2_PLACEMENT_3D('',#124,#6567,#6568);
#6567=DIRECTION('',(0.4714499578764767,-0.8818928150394857,0));
#6568=DIRECTION('',(0.05463287930549926,0.029206121433357,-0.9980792809038823));
#6569=FACE_BOUND('',#6570,.T.);
#6570=EDGE_LOOP('',(#6571,#6572,#6573));
#6571=ORIENTED_EDGE('',*,*,#6574,.T.);
#6572=ORIENTED_EDGE('',*,*,#6575,.T.);
#6573=ORIENTED_EDGE('',*,*,#6576,.T.);
#6574=EDGE_CURVE('',#125,#367,#6577,.F.);
#6575=EDGE_CURVE('',#367,#127,#6578,.T.);
#6576=EDGE_CURVE('',#127,#125,#6579,.T.);
#6577=LINE('',#124,#6580);
#6578=LINE('',#366,#6581);
#6579=LINE('',#126,#6582);
#6580=VECTOR('',#6583,1.0);
#6581=VECTOR('',#6584,1.0);
#6582=VECTOR('',#6585,1.0);
#6583=DIRECTION('',(0.05463287930549926,0.029206121433357,-0.9980792809038823));
#6584=DIRECTION('',(0,0,1));
#6585=DIRECTION('',(-0.8818928150394856,-0.4714499578764767,0));
#6586=FACE_SURFACE('',(#6591),#6587,.T.);
#6587=PLANE('',#6588);
#6588=AXIS2_PLACEMENT_3D('',#126,#6589,#6590);
#6589=DIRECTION('',(0.2902506262701716,-0.9569506643238057,0));
#6590=DIRECTION('',(0,0,-1));
#6591=FACE_BOUND('',#6592,.T.);
#6592=EDGE_LOOP('',(#6593,#6594,#6595));
#6593=ORIENTED_EDGE('',*,*,#6596,.T.);
#6594=ORIENTED_EDGE('',*,*,#6597,.T.);
#6595=ORIENTED_EDGE('',*,*,#6598,.T.);
#6596=EDGE_CURVE('',#127,#367,#6599,.F.);
#6597=EDGE_CURVE('',#367,#369,#6600,.T.);
#6598=EDGE_CURVE('',#369,#127,#6601,.T.);
#6599=LINE('',#126,#6602);
#6600=LINE('',#366,#6603);
#6601=LINE('',#368,#6604);
#6602=VECTOR('',#6605,1.0);
#6603=VECTOR('',#6606,1.0);
#6604=VECTOR('',#6607,1.0);
#6605=DIRECTION('',(0,0,-1));
#6606=DIRECTION('',(0.9569506643238057,0.2902506262701716,0));
#6607=DIRECTION('',(-0.059287408085387634,-0.017982334897984054,0.9980789742671334));
#6608=FACE_SURFACE('',(#6613),#6609,.T.);
#6609=PLANE('',#6610);
#6610=AXIS2_PLACEMENT_3D('',#126,#6611,#6612);
#6611=DIRECTION('',(0.2902506262701716,-0.9569506643238057,0));
#6612=DIRECTION('',(0.059287408085387634,0.017982334897984054,-0.9980789742671334));
#6613=FACE_BOUND('',#6614,.T.);
#6614=EDGE_LOOP('',(#6615,#6616,#6617));
#6615=ORIENTED_EDGE('',*,*,#6618,.T.);
#6616=ORIENTED_EDGE('',*,*,#6619,.T.);
#6617=ORIENTED_EDGE('',*,*,#6620,.T.);
#6618=EDGE_CURVE('',#127,#369,#6621,.F.);
#6619=EDGE_CURVE('',#369,#135,#6622,.T.);
#6620=EDGE_CURVE('',#135,#127,#6623,.T.);
#6621=LINE('',#126,#6624);
#6622=LINE('',#368,#6625);
#6623=LINE('',#134,#6626);
#6624=VECTOR('',#6627,1.0);
#6625=VECTOR('',#6628,1.0);
#6626=VECTOR('',#6629,1.0);
#6627=DIRECTION('',(0.059287408085387634,0.017982334897984054,-0.9980789742671334));
#6628=DIRECTION('',(0,0,1));
#6629=DIRECTION('',(-0.9569506643238057,-0.2902506262701716,0));
#6630=FACE_SURFACE('',(#6635),#6631,.T.);
#6631=PLANE('',#6632);
#6632=AXIS2_PLACEMENT_3D('',#134,#6633,#6634);
#6633=DIRECTION('',(0.09807080854755508,-0.9951794393529384,0));
#6634=DIRECTION('',(0,0,-1));
#6635=FACE_BOUND('',#6636,.T.);
#6636=EDGE_LOOP('',(#6637,#6638,#6639));
#6637=ORIENTED_EDGE('',*,*,#6640,.T.);
#6638=ORIENTED_EDGE('',*,*,#6641,.T.);
#6639=ORIENTED_EDGE('',*,*,#6642,.T.);
#6640=EDGE_CURVE('',#135,#369,#6643,.F.);
#6641=EDGE_CURVE('',#369,#307,#6644,.T.);
#6642=EDGE_CURVE('',#307,#135,#6645,.T.);
#6643=LINE('',#134,#6646);
#6644=LINE('',#368,#6647);
#6645=LINE('',#306,#6648);
#6646=VECTOR('',#6649,1.0);
#6647=VECTOR('',#6650,1.0);
#6648=VECTOR('',#6651,1.0);
#6649=DIRECTION('',(0,0,-1));
#6650=DIRECTION('',(0.9951794393529383,0.09807080854755507,0));
#6651=DIRECTION('',(-0.06165931971125893,-0.006076270368394151,0.9980787580302242));
#6652=FACE_SURFACE('',(#6657),#6653,.T.);
#6653=PLANE('',#6654);
#6654=AXIS2_PLACEMENT_3D('',#134,#6655,#6656);
#6655=DIRECTION('',(0.09807080854755508,-0.9951794393529384,0));
#6656=DIRECTION('',(0.06165931971125893,0.006076270368394151,-0.9980787580302242));
#6657=FACE_BOUND('',#6658,.T.);
#6658=EDGE_LOOP('',(#6659,#6660,#6661));
#6659=ORIENTED_EDGE('',*,*,#6662,.T.);
#6660=ORIENTED_EDGE('',*,*,#6663,.T.);
#6661=ORIENTED_EDGE('',*,*,#6664,.T.);
#6662=EDGE_CURVE('',#135,#307,#6665,.F.);
#6663=EDGE_CURVE('',#307,#137,#6666,.T.);
#6664=EDGE_CURVE('',#137,#135,#6667,.T.);
#6665=LINE('',#134,#6668);
#6666=LINE('',#306,#6669);
#6667=LINE('',#136,#6670);
#6668=VECTOR('',#6671,1.0);
#6669=VECTOR('',#6672,1.0);
#6670=VECTOR('',#6673,1.0);
#6671=DIRECTION('',(0.06165931971125893,0.006076270368394151,-0.9980787580302242));
#6672=DIRECTION('',(0,0,1));
#6673=DIRECTION('',(-0.9951794393529383,-0.09807080854755507,0));
#6674=FACE_SURFACE('',(#6679),#6675,.T.);
#6675=PLANE('',#6676);
#6676=AXIS2_PLACEMENT_3D('',#354,#6677,#6678);
#6677=DIRECTION('',(0,0,1));
#6678=DIRECTION('',(0.09807080854755507,-0.9951794393529383,0));
#6679=FACE_BOUND('',#6680,.T.);
#6680=EDGE_LOOP('',(#6681,#6682,#6683));
#6681=ORIENTED_EDGE('',*,*,#6684,.T.);
#6682=ORIENTED_EDGE('',*,*,#6685,.T.);
#6683=ORIENTED_EDGE('',*,*,#6686,.T.);
#6684=EDGE_CURVE('',#355,#353,#6687,.F.);
#6685=EDGE_CURVE('',#353,#351,#6688,.T.);
#6686=EDGE_CURVE('',#351,#355,#6689,.T.);
#6687=LINE('',#354,#6690);
#6688=LINE('',#352,#6691);
#6689=LINE('',#350,#6692);
#6690=VECTOR('',#6693,1.0);
#6691=VECTOR('',#6694,1.0);
#6692=VECTOR('',#6695,1.0);
#6693=DIRECTION('',(0.09807080854755507,-0.9951794393529383,0));
#6694=DIRECTION('',(0.2901978243212921,-0.9569666779774458,0));
#6695=DIRECTION('',(-0.19506872824465002,0.9807895754243184,0));
#6696=FACE_SURFACE('',(#6701),#6697,.T.);
#6697=PLANE('',#6698);
#6698=AXIS2_PLACEMENT_3D('',#350,#6699,#6700);
#6699=DIRECTION('',(0,0,1));
#6700=DIRECTION('',(0.4713691521291874,-0.8819360081213439,0));
#6701=FACE_BOUND('',#6702,.T.);
#6702=EDGE_LOOP('',(#6703,#6704,#6705));
#6703=ORIENTED_EDGE('',*,*,#6706,.T.);
#6704=ORIENTED_EDGE('',*,*,#6707,.T.);
#6705=ORIENTED_EDGE('',*,*,#6708,.T.);
#6706=EDGE_CURVE('',#351,#349,#6709,.F.);
#6707=EDGE_CURVE('',#349,#347,#6710,.T.);
#6708=EDGE_CURVE('',#347,#351,#6711,.T.);
#6709=LINE('',#350,#6712);
#6710=LINE('',#348,#6713);
#6711=LINE('',#346,#6714);
#6712=VECTOR('',#6715,1.0);
#6713=VECTOR('',#6716,1.0);
#6714=VECTOR('',#6717,1.0);
#6715=DIRECTION('',(0.4713691521291874,-0.8819360081213439,0));
#6716=DIRECTION('',(0.6344676744897584,-0.7729493968091041,0));
#6717=DIRECTION('',(-0.5556023282119336,0.8314481660846207,0));
#6718=FACE_SURFACE('',(#6723),#6719,.T.);
#6719=PLANE('',#6720);
#6720=AXIS2_PLACEMENT_3D('',#346,#6721,#6722);
#6721=DIRECTION('',(0,0,1));
#6722=DIRECTION('',(0.7729968768850644,-0.6344098267885963,0));
#6723=FACE_BOUND('',#6724,.T.);
#6724=EDGE_LOOP('',(#6725,#6726,#6727));
#6725=ORIENTED_EDGE('',*,*,#6728,.T.);
#6726=ORIENTED_EDGE('',*,*,#6729,.T.);
#6727=ORIENTED_EDGE('',*,*,#6730,.T.);
#6728=EDGE_CURVE('',#347,#345,#6731,.F.);
#6729=EDGE_CURVE('',#345,#343,#6732,.T.);
#6730=EDGE_CURVE('',#343,#347,#6733,.T.);
#6731=LINE('',#346,#6734);
#6732=LINE('',#344,#6735);
#6733=LINE('',#342,#6736);
#6734=VECTOR('',#6737,1.0);
#6735=VECTOR('',#6738,1.0);
#6736=VECTOR('',#6739,1.0);
#6737=DIRECTION('',(0.7729968768850644,-0.6344098267885963,0));
#6738=DIRECTION('',(0.8818748340319156,-0.4714835915503116,0));
#6739=DIRECTION('',(-0.8314358458850293,0.5556207647104686,0));
#6740=FACE_SURFACE('',(#6745),#6741,.T.);
#6741=PLANE('',#6742);
#6742=AXIS2_PLACEMENT_3D('',#342,#6743,#6744);
#6743=DIRECTION('',(0,0,1));
#6744=DIRECTION('',(0.9569466605389272,-0.2902638263432002,0));
#6745=FACE_BOUND('',#6746,.T.);
#6746=EDGE_LOOP('',(#6747,#6748,#6749));
#6747=ORIENTED_EDGE('',*,*,#6750,.T.);
#6748=ORIENTED_EDGE('',*,*,#6751,.T.);
#6749=ORIENTED_EDGE('',*,*,#6752,.T.);
#6750=EDGE_CURVE('',#343,#341,#6753,.F.);
#6751=EDGE_CURVE('',#341,#339,#6754,.T.);
#6752=EDGE_CURVE('',#339,#343,#6755,.T.);
#6753=LINE('',#342,#6756);
#6754=LINE('',#340,#6757);
#6755=LINE('',#338,#6758);
#6756=VECTOR('',#6759,1.0);
#6757=VECTOR('',#6760,1.0);
#6758=VECTOR('',#6761,1.0);
#6759=DIRECTION('',(0.9569466605389272,-0.2902638263432002,0));
#6760=DIRECTION('',(0.9951878762324052,-0.09798515703939359,0));
#6761=DIRECTION('',(-0.9807909609382646,0.19506176186478938,0));
#6762=FACE_SURFACE('',(#6767),#6763,.T.);
#6763=PLANE('',#6764);
#6764=AXIS2_PLACEMENT_3D('',#338,#6765,#6766);
#6765=DIRECTION('',(0,0,1));
#6766=DIRECTION('',(0.9951884297384054,0.09797953518366469,0));
#6767=FACE_BOUND('',#6768,.T.);
#6768=EDGE_LOOP('',(#6769,#6770,#6771));
#6769=ORIENTED_EDGE('',*,*,#6772,.T.);
#6770=ORIENTED_EDGE('',*,*,#6773,.T.);
#6771=ORIENTED_EDGE('',*,*,#6774,.T.);
#6772=EDGE_CURVE('',#339,#337,#6775,.F.);
#6773=EDGE_CURVE('',#337,#335,#6776,.T.);
#6774=EDGE_CURVE('',#335,#339,#6777,.T.);
#6775=LINE('',#338,#6778);
#6776=LINE('',#336,#6779);
#6777=LINE('',#334,#6780);
#6778=VECTOR('',#6781,1.0);
#6779=VECTOR('',#6782,1.0);
#6780=VECTOR('',#6783,1.0);
#6781=DIRECTION('',(0.9951884297384054,0.09797953518366469,0));
#6782=DIRECTION('',(0.9569418022883175,0.29027984262291895,0));
#6783=DIRECTION('',(-0.9807909609382646,-0.19506176186478938,0));
#6784=FACE_SURFACE('',(#6789),#6785,.T.);
#6785=PLANE('',#6786);
#6786=AXIS2_PLACEMENT_3D('',#334,#6787,#6788);
#6787=DIRECTION('',(0,0,1));
#6788=DIRECTION('',(0.8819004660485841,0.4714356456434859,0));
#6789=FACE_BOUND('',#6790,.T.);
#6790=EDGE_LOOP('',(#6791,#6792,#6793));
#6791=ORIENTED_EDGE('',*,*,#6794,.T.);
#6792=ORIENTED_EDGE('',*,*,#6795,.T.);
#6793=ORIENTED_EDGE('',*,*,#6796,.T.);
#6794=EDGE_CURVE('',#335,#333,#6797,.F.);
#6795=EDGE_CURVE('',#333,#331,#6798,.T.);
#6796=EDGE_CURVE('',#331,#335,#6799,.T.);
#6797=LINE('',#334,#6800);
#6798=LINE('',#332,#6801);
#6799=LINE('',#330,#6802);
#6800=VECTOR('',#6803,1.0);
#6801=VECTOR('',#6804,1.0);
#6802=VECTOR('',#6805,1.0);
#6803=DIRECTION('',(0.8819004660485841,0.4714356456434859,0));
#6804=DIRECTION('',(0.7730200822975113,0.6343815510910993,0));
#6805=DIRECTION('',(-0.8314626732468443,-0.5555806179099585,0));
#6806=FACE_SURFACE('',(#6811),#6807,.T.);
#6807=PLANE('',#6808);
#6808=AXIS2_PLACEMENT_3D('',#330,#6809,#6810);
#6809=DIRECTION('',(0,0,1));
#6810=DIRECTION('',(0.6344332279654685,0.7729776706046017,0));
#6811=FACE_BOUND('',#6812,.T.);
#6812=EDGE_LOOP('',(#6813,#6814,#6815));
#6813=ORIENTED_EDGE('',*,*,#6816,.T.);
#6814=ORIENTED_EDGE('',*,*,#6817,.T.);
#6815=ORIENTED_EDGE('',*,*,#6818,.T.);
#6816=EDGE_CURVE('',#331,#329,#6819,.F.);
#6817=EDGE_CURVE('',#329,#327,#6820,.T.);
#6818=EDGE_CURVE('',#327,#331,#6821,.T.);
#6819=LINE('',#330,#6822);
#6820=LINE('',#328,#6823);
#6821=LINE('',#326,#6824);
#6822=VECTOR('',#6825,1.0);
#6823=VECTOR('',#6826,1.0);
#6824=VECTOR('',#6827,1.0);
#6825=DIRECTION('',(0.6344332279654685,0.7729776706046017,0));
#6826=DIRECTION('',(0.4713691521291874,0.8819360081213439,0));
#6827=DIRECTION('',(-0.5555823021157262,-0.8314615478636339,0));
#6828=FACE_SURFACE('',(#6833),#6829,.T.);
#6829=PLANE('',#6830);
#6830=AXIS2_PLACEMENT_3D('',#326,#6831,#6832);
#6831=DIRECTION('',(0,0,1));
#6832=DIRECTION('',(0.2902506262701716,0.9569506643238057,0));
#6833=FACE_BOUND('',#6834,.T.);
#6834=EDGE_LOOP('',(#6835,#6836,#6837));
#6835=ORIENTED_EDGE('',*,*,#6838,.T.);
#6836=ORIENTED_EDGE('',*,*,#6839,.T.);
#6837=ORIENTED_EDGE('',*,*,#6840,.T.);
#6838=EDGE_CURVE('',#327,#325,#6841,.F.);
#6839=EDGE_CURVE('',#325,#323,#6842,.T.);
#6840=EDGE_CURVE('',#323,#327,#6843,.T.);
#6841=LINE('',#326,#6844);
#6842=LINE('',#324,#6845);
#6843=LINE('',#322,#6846);
#6844=VECTOR('',#6847,1.0);
#6845=VECTOR('',#6848,1.0);
#6846=VECTOR('',#6849,1.0);
#6847=DIRECTION('',(0.2902506262701716,0.9569506643238057,0));
#6848=DIRECTION('',(0.09801370778414571,0.9951850647424347,0));
#6849=DIRECTION('',(-0.19506872824465002,-0.9807895754243184,0));
#6850=FACE_SURFACE('',(#6855),#6851,.T.);
#6851=PLANE('',#6852);
#6852=AXIS2_PLACEMENT_3D('',#322,#6853,#6854);
#6853=DIRECTION('',(0,0,1));
#6854=DIRECTION('',(-0.09801933188841773,0.995184510820053,0));
#6855=FACE_BOUND('',#6856,.T.);
#6856=EDGE_LOOP('',(#6857,#6858,#6859));
#6857=ORIENTED_EDGE('',*,*,#6860,.T.);
#6858=ORIENTED_EDGE('',*,*,#6861,.T.);
#6859=ORIENTED_EDGE('',*,*,#6862,.T.);
#6860=EDGE_CURVE('',#323,#321,#6863,.F.);
#6861=EDGE_CURVE('',#321,#319,#6864,.T.);
#6862=EDGE_CURVE('',#319,#323,#6865,.T.);
#6863=LINE('',#322,#6866);
#6864=LINE('',#320,#6867);
#6865=LINE('',#318,#6868);
#6866=VECTOR('',#6869,1.0);
#6867=VECTOR('',#6870,1.0);
#6868=VECTOR('',#6871,1.0);
#6869=DIRECTION('',(-0.09801933188841773,0.995184510820053,0));
#6870=DIRECTION('',(-0.2902506262701716,0.9569506643238057,0));
#6871=DIRECTION('',(0.195074270545916,-0.9807884731026252,0));
#6872=FACE_SURFACE('',(#6877),#6873,.T.);
#6873=PLANE('',#6874);
#6874=AXIS2_PLACEMENT_3D('',#318,#6875,#6876);
#6875=DIRECTION('',(0,0,1));
#6876=DIRECTION('',(-0.4713451829756127,0.8819488185182213,0));
#6877=FACE_BOUND('',#6878,.T.);
#6878=EDGE_LOOP('',(#6879,#6880,#6881));
#6879=ORIENTED_EDGE('',*,*,#6882,.T.);
#6880=ORIENTED_EDGE('',*,*,#6883,.T.);
#6881=ORIENTED_EDGE('',*,*,#6884,.T.);
#6882=EDGE_CURVE('',#319,#317,#6885,.F.);
#6883=EDGE_CURVE('',#317,#315,#6886,.T.);
#6884=EDGE_CURVE('',#315,#319,#6887,.T.);
#6885=LINE('',#318,#6888);
#6886=LINE('',#316,#6889);
#6887=LINE('',#314,#6890);
#6888=VECTOR('',#6891,1.0);
#6889=VECTOR('',#6892,1.0);
#6890=VECTOR('',#6893,1.0);
#6891=DIRECTION('',(-0.4713451829756127,0.8819488185182213,0));
#6892=DIRECTION('',(-0.6344473652054492,0.7729660670326113,0));
#6893=DIRECTION('',(0.5555756113017101,-0.8314660186241715,0));
#6894=FACE_SURFACE('',(#6899),#6895,.T.);
#6895=PLANE('',#6896);
#6896=AXIS2_PLACEMENT_3D('',#314,#6897,#6898);
#6897=DIRECTION('',(0,0,1));
#6898=DIRECTION('',(-0.7730200822975113,0.6343815510910993,0));
#6899=FACE_BOUND('',#6900,.T.);
#6900=EDGE_LOOP('',(#6901,#6902,#6903));
#6901=ORIENTED_EDGE('',*,*,#6904,.T.);
#6902=ORIENTED_EDGE('',*,*,#6905,.T.);
#6903=ORIENTED_EDGE('',*,*,#6906,.T.);
#6904=EDGE_CURVE('',#315,#313,#6907,.F.);
#6905=EDGE_CURVE('',#313,#311,#6908,.T.);
#6906=EDGE_CURVE('',#311,#315,#6909,.T.);
#6907=LINE('',#314,#6910);
#6908=LINE('',#312,#6911);
#6909=LINE('',#310,#6912);
#6910=VECTOR('',#6913,1.0);
#6911=VECTOR('',#6914,1.0);
#6912=VECTOR('',#6915,1.0);
#6913=DIRECTION('',(-0.7730200822975113,0.6343815510910993,0));
#6914=DIRECTION('',(-0.8819184439217125,0.4714020134351413,0));
#6915=DIRECTION('',(0.8314727093691433,-0.5555655979039165,0));
#6916=FACE_SURFACE('',(#6921),#6917,.T.);
#6917=PLANE('',#6918);
#6918=AXIS2_PLACEMENT_3D('',#310,#6919,#6920);
#6919=DIRECTION('',(0,0,1));
#6920=DIRECTION('',(-0.956945806494727,0.2902666419555589,0));
#6921=FACE_BOUND('',#6922,.T.);
#6922=EDGE_LOOP('',(#6923,#6924,#6925));
#6923=ORIENTED_EDGE('',*,*,#6926,.T.);
#6924=ORIENTED_EDGE('',*,*,#6927,.T.);
#6925=ORIENTED_EDGE('',*,*,#6928,.T.);
#6926=EDGE_CURVE('',#311,#309,#6929,.F.);
#6927=EDGE_CURVE('',#309,#307,#6930,.T.);
#6928=EDGE_CURVE('',#307,#311,#6931,.T.);
#6929=LINE('',#310,#6932);
#6930=LINE('',#308,#6933);
#6931=LINE('',#306,#6934);
#6932=VECTOR('',#6935,1.0);
#6933=VECTOR('',#6936,1.0);
#6934=VECTOR('',#6937,1.0);
#6935=DIRECTION('',(-0.956945806494727,0.2902666419555589,0));
#6936=DIRECTION('',(-0.9951799938223309,0.09806518187300341,0));
#6937=DIRECTION('',(0.980784032912879,-0.19509659346884753,0));
#6938=FACE_SURFACE('',(#6943),#6939,.T.);
#6939=PLANE('',#6940);
#6940=AXIS2_PLACEMENT_3D('',#306,#6941,#6942);
#6941=DIRECTION('',(0,0,1));
#6942=DIRECTION('',(-0.9951794393529383,-0.09807080854755507,0));
#6943=FACE_BOUND('',#6944,.T.);
#6944=EDGE_LOOP('',(#6945,#6946,#6947));
#6945=ORIENTED_EDGE('',*,*,#6948,.T.);
#6946=ORIENTED_EDGE('',*,*,#6949,.T.);
#6947=ORIENTED_EDGE('',*,*,#6950,.T.);
#6948=EDGE_CURVE('',#307,#369,#6951,.F.);
#6949=EDGE_CURVE('',#369,#367,#6952,.T.);
#6950=EDGE_CURVE('',#367,#307,#6953,.T.);
#6951=LINE('',#306,#6954);
#6952=LINE('',#368,#6955);
#6953=LINE('',#366,#6956);
#6954=VECTOR('',#6957,1.0);
#6955=VECTOR('',#6958,1.0);
#6956=VECTOR('',#6959,1.0);
#6957=DIRECTION('',(-0.9951794393529383,-0.09807080854755507,0));
#6958=DIRECTION('',(-0.9569506643238057,-0.2902506262701716,0));
#6959=DIRECTION('',(0.980784032912879,0.19509659346884753,0));
#6960=FACE_SURFACE('',(#6965),#6961,.T.);
#6961=PLANE('',#6962);
#6962=AXIS2_PLACEMENT_3D('',#366,#6963,#6964);
#6963=DIRECTION('',(0,0,1));
#6964=DIRECTION('',(-0.8818928150394856,-0.4714499578764767,0));
#6965=FACE_BOUND('',#6966,.T.);
#6966=EDGE_LOOP('',(#6967,#6968,#6969));
#6967=ORIENTED_EDGE('',*,*,#6970,.T.);
#6968=ORIENTED_EDGE('',*,*,#6971,.T.);
#6969=ORIENTED_EDGE('',*,*,#6972,.T.);
#6970=EDGE_CURVE('',#367,#365,#6973,.F.);
#6971=EDGE_CURVE('',#365,#363,#6974,.T.);
#6972=EDGE_CURVE('',#363,#367,#6975,.T.);
#6973=LINE('',#366,#6976);
#6974=LINE('',#364,#6977);
#6975=LINE('',#362,#6978);
#6976=VECTOR('',#6979,1.0);
#6977=VECTOR('',#6980,1.0);
#6978=VECTOR('',#6981,1.0);
#6979=DIRECTION('',(-0.8818928150394856,-0.4714499578764767,0));
#6980=DIRECTION('',(-0.7729968768850644,-0.6344098267885963,0));
#6981=DIRECTION('',(0.831445883133982,0.5556057445883301,0));
#6982=FACE_SURFACE('',(#6987),#6983,.T.);
#6983=PLANE('',#6984);
#6984=AXIS2_PLACEMENT_3D('',#362,#6985,#6986);
#6985=DIRECTION('',(0,0,1));
#6986=DIRECTION('',(-0.6344818114630308,-0.772937792401556,0));
#6987=FACE_BOUND('',#6988,.T.);
#6988=EDGE_LOOP('',(#6989,#6990,#6991));
#6989=ORIENTED_EDGE('',*,*,#6992,.T.);
#6990=ORIENTED_EDGE('',*,*,#6993,.T.);
#6991=ORIENTED_EDGE('',*,*,#6994,.T.);
#6992=EDGE_CURVE('',#363,#361,#6995,.F.);
#6993=EDGE_CURVE('',#361,#359,#6996,.T.);
#6994=EDGE_CURVE('',#359,#363,#6997,.T.);
#6995=LINE('',#362,#6998);
#6996=LINE('',#360,#6999);
#6997=LINE('',#358,#7000);
#6998=VECTOR('',#7001,1.0);
#6999=VECTOR('',#7002,1.0);
#7000=VECTOR('',#7003,1.0);
#7001=DIRECTION('',(-0.6344818114630308,-0.772937792401556,0));
#7002=DIRECTION('',(-0.4713451829756127,-0.8819488185182213,0));
#7003=DIRECTION('',(0.5555956373721153,0.831452637095507,0));
#7004=FACE_SURFACE('',(#7009),#7005,.T.);
#7005=PLANE('',#7006);
#7006=AXIS2_PLACEMENT_3D('',#358,#7007,#7008);
#7007=DIRECTION('',(0,0,1));
#7008=DIRECTION('',(-0.2901978243212921,-0.9569666779774458,0));
#7009=FACE_BOUND('',#7010,.T.);
#7010=EDGE_LOOP('',(#7011,#7012,#7013));
#7011=ORIENTED_EDGE('',*,*,#7014,.T.);
#7012=ORIENTED_EDGE('',*,*,#7015,.T.);
#7013=ORIENTED_EDGE('',*,*,#7016,.T.);
#7014=EDGE_CURVE('',#359,#357,#7017,.F.);
#7015=EDGE_CURVE('',#357,#355,#7018,.T.);
#7016=EDGE_CURVE('',#355,#359,#7019,.T.);
#7017=LINE('',#358,#7020);
#7018=LINE('',#356,#7021);
#7019=LINE('',#354,#7022);
#7020=VECTOR('',#7023,1.0);
#7021=VECTOR('',#7024,1.0);
#7022=VECTOR('',#7025,1.0);
#7023=DIRECTION('',(-0.2901978243212921,-0.9569666779774458,0));
#7024=DIRECTION('',(-0.09807643586469016,-0.9951788847880965,0));
#7025=DIRECTION('',(0.195074270545916,0.9807884731026252,0));
#7026=FACE_SURFACE('',(#7031),#7027,.T.);
#7027=PLANE('',#7028);
#7028=AXIS2_PLACEMENT_3D('',#354,#7029,#7030);
#7029=DIRECTION('',(0,0,1));
#7030=DIRECTION('',(0.19506872824465002,-0.9807895754243184,0));
#7031=FACE_BOUND('',#7032,.T.);
#7032=EDGE_LOOP('',(#7033,#7034,#7035));
#7033=ORIENTED_EDGE('',*,*,#7036,.T.);
#7034=ORIENTED_EDGE('',*,*,#7037,.T.);
#7035=ORIENTED_EDGE('',*,*,#7038,.T.);
#7036=EDGE_CURVE('',#355,#351,#7039,.F.);
#7037=EDGE_CURVE('',#351,#347,#7040,.T.);
#7038=EDGE_CURVE('',#347,#355,#7041,.T.);
#7039=LINE('',#354,#7042);
#7040=LINE('',#350,#7043);
#7041=LINE('',#346,#7044);
#7042=VECTOR('',#7045,1.0);
#7043=VECTOR('',#7046,1.0);
#7044=VECTOR('',#7047,1.0);
#7045=DIRECTION('',(0.19506872824465002,-0.9807895754243184,0));
#7046=DIRECTION('',(0.5556023282119336,-0.8314481660846207,0));
#7047=DIRECTION('',(-0.3826908999735167,0.9238764392912399,0));
#7048=FACE_SURFACE('',(#7053),#7049,.T.);
#7049=PLANE('',#7050);
#7050=AXIS2_PLACEMENT_3D('',#346,#7051,#7052);
#7051=DIRECTION('',(0,0,1));
#7052=DIRECTION('',(0.8314358458850293,-0.5556207647104686,0));
#7053=FACE_BOUND('',#7054,.T.);
#7054=EDGE_LOOP('',(#7055,#7056,#7057));
#7055=ORIENTED_EDGE('',*,*,#7058,.T.);
#7056=ORIENTED_EDGE('',*,*,#7059,.T.);
#7057=ORIENTED_EDGE('',*,*,#7060,.T.);
#7058=EDGE_CURVE('',#347,#343,#7061,.F.);
#7059=EDGE_CURVE('',#343,#339,#7062,.T.);
#7060=EDGE_CURVE('',#339,#347,#7063,.T.);
#7061=LINE('',#346,#7064);
#7062=LINE('',#342,#7065);
#7063=LINE('',#338,#7066);
#7064=VECTOR('',#7067,1.0);
#7065=VECTOR('',#7068,1.0);
#7066=VECTOR('',#7069,1.0);
#7067=DIRECTION('',(0.8314358458850293,-0.5556207647104686,0));
#7068=DIRECTION('',(0.9807909609382646,-0.19506176186478938,0));
#7069=DIRECTION('',(-0.9238762536282118,0.38269134819316236,0));
#7070=FACE_SURFACE('',(#7075),#7071,.T.);
#7071=PLANE('',#7072);
#7072=AXIS2_PLACEMENT_3D('',#338,#7073,#7074);
#7073=DIRECTION('',(0,0,1));
#7074=DIRECTION('',(0.9807909609382646,0.19506176186478938,0));
#7075=FACE_BOUND('',#7076,.T.);
#7076=EDGE_LOOP('',(#7077,#7078,#7079));
#7077=ORIENTED_EDGE('',*,*,#7080,.T.);
#7078=ORIENTED_EDGE('',*,*,#7081,.T.);
#7079=ORIENTED_EDGE('',*,*,#7082,.T.);
#7080=EDGE_CURVE('',#339,#335,#7083,.F.);
#7081=EDGE_CURVE('',#335,#331,#7084,.T.);
#7082=EDGE_CURVE('',#331,#339,#7085,.T.);
#7083=LINE('',#338,#7086);
#7084=LINE('',#334,#7087);
#7085=LINE('',#330,#7088);
#7086=VECTOR('',#7089,1.0);
#7087=VECTOR('',#7090,1.0);
#7088=VECTOR('',#7091,1.0);
#7089=DIRECTION('',(0.9807909609382646,0.19506176186478938,0));
#7090=DIRECTION('',(0.8314626732468443,0.5555806179099585,0));
#7091=DIRECTION('',(-0.9238827418072711,-0.3826756843473061,0));
#7092=FACE_SURFACE('',(#7097),#7093,.T.);
#7093=PLANE('',#7094);
#7094=AXIS2_PLACEMENT_3D('',#330,#7095,#7096);
#7095=DIRECTION('',(0,0,1));
#7096=DIRECTION('',(0.5555823021157262,0.8314615478636339,0));
#7097=FACE_BOUND('',#7098,.T.);
#7098=EDGE_LOOP('',(#7099,#7100,#7101));
#7099=ORIENTED_EDGE('',*,*,#7102,.T.);
#7100=ORIENTED_EDGE('',*,*,#7103,.T.);
#7101=ORIENTED_EDGE('',*,*,#7104,.T.);
#7102=EDGE_CURVE('',#331,#327,#7105,.F.);
#7103=EDGE_CURVE('',#327,#323,#7106,.T.);
#7104=EDGE_CURVE('',#323,#331,#7107,.T.);
#7105=LINE('',#330,#7108);
#7106=LINE('',#326,#7109);
#7107=LINE('',#322,#7110);
#7108=VECTOR('',#7111,1.0);
#7109=VECTOR('',#7112,1.0);
#7110=VECTOR('',#7113,1.0);
#7111=DIRECTION('',(0.5555823021157262,0.8314615478636339,0));
#7112=DIRECTION('',(0.19506872824465002,0.9807895754243184,0));
#7113=DIRECTION('',(-0.3826782949068741,-0.9238816604994211,0));
#7114=FACE_SURFACE('',(#7119),#7115,.T.);
#7115=PLANE('',#7116);
#7116=AXIS2_PLACEMENT_3D('',#322,#7117,#7118);
#7117=DIRECTION('',(0,0,1));
#7118=DIRECTION('',(-0.195074270545916,0.9807884731026252,0));
#7119=FACE_BOUND('',#7120,.T.);
#7120=EDGE_LOOP('',(#7121,#7122,#7123));
#7121=ORIENTED_EDGE('',*,*,#7124,.T.);
#7122=ORIENTED_EDGE('',*,*,#7125,.T.);
#7123=ORIENTED_EDGE('',*,*,#7126,.T.);
#7124=EDGE_CURVE('',#323,#319,#7127,.F.);
#7125=EDGE_CURVE('',#319,#315,#7128,.T.);
#7126=EDGE_CURVE('',#315,#323,#7129,.T.);
#7127=LINE('',#322,#7130);
#7128=LINE('',#318,#7131);
#7129=LINE('',#314,#7132);
#7130=VECTOR('',#7133,1.0);
#7131=VECTOR('',#7134,1.0);
#7132=VECTOR('',#7135,1.0);
#7133=DIRECTION('',(-0.195074270545916,0.9807884731026252,0));
#7134=DIRECTION('',(-0.5555756113017101,0.8314660186241715,0));
#7135=DIRECTION('',(0.38268090549900463,-0.9238805791694412,0));
#7136=FACE_SURFACE('',(#7141),#7137,.T.);
#7137=PLANE('',#7138);
#7138=AXIS2_PLACEMENT_3D('',#314,#7139,#7140);
#7139=DIRECTION('',(0,0,1));
#7140=DIRECTION('',(-0.8314727093691433,0.5555655979039165,0));
#7141=FACE_BOUND('',#7142,.T.);
#7142=EDGE_LOOP('',(#7143,#7144,#7145));
#7143=ORIENTED_EDGE('',*,*,#7146,.T.);
#7144=ORIENTED_EDGE('',*,*,#7147,.T.);
#7145=ORIENTED_EDGE('',*,*,#7148,.T.);
#7146=EDGE_CURVE('',#315,#311,#7149,.F.);
#7147=EDGE_CURVE('',#311,#307,#7150,.T.);
#7148=EDGE_CURVE('',#307,#315,#7151,.T.);
#7149=LINE('',#314,#7152);
#7150=LINE('',#310,#7153);
#7151=LINE('',#306,#7154);
#7152=VECTOR('',#7155,1.0);
#7153=VECTOR('',#7156,1.0);
#7154=VECTOR('',#7157,1.0);
#7155=DIRECTION('',(-0.8314727093691433,0.5555655979039165,0));
#7156=DIRECTION('',(-0.980784032912879,0.19509659346884753,0));
#7157=DIRECTION('',(0.9238801312498635,-0.3826819868790994,0));
#7158=FACE_SURFACE('',(#7163),#7159,.T.);
#7159=PLANE('',#7160);
#7160=AXIS2_PLACEMENT_3D('',#306,#7161,#7162);
#7161=DIRECTION('',(0,0,1));
#7162=DIRECTION('',(-0.980784032912879,-0.19509659346884753,0));
#7163=FACE_BOUND('',#7164,.T.);
#7164=EDGE_LOOP('',(#7165,#7166,#7167));
#7165=ORIENTED_EDGE('',*,*,#7168,.T.);
#7166=ORIENTED_EDGE('',*,*,#7169,.T.);
#7167=ORIENTED_EDGE('',*,*,#7170,.T.);
#7168=EDGE_CURVE('',#307,#367,#7171,.F.);
#7169=EDGE_CURVE('',#367,#363,#7172,.T.);
#7170=EDGE_CURVE('',#363,#307,#7173,.T.);
#7171=LINE('',#306,#7174);
#7172=LINE('',#366,#7175);
#7173=LINE('',#362,#7176);
#7174=VECTOR('',#7177,1.0);
#7175=VECTOR('',#7178,1.0);
#7176=VECTOR('',#7179,1.0);
#7177=DIRECTION('',(-0.980784032912879,-0.19509659346884753,0));
#7178=DIRECTION('',(-0.831445883133982,-0.5556057445883301,0));
#7179=DIRECTION('',(0.9238736428754222,0.38269765089440605,0));
#7180=FACE_SURFACE('',(#7185),#7181,.T.);
#7181=PLANE('',#7182);
#7182=AXIS2_PLACEMENT_3D('',#362,#7183,#7184);
#7183=DIRECTION('',(0,0,1));
#7184=DIRECTION('',(-0.5555956373721153,-0.831452637095507,0));
#7185=FACE_BOUND('',#7186,.T.);
#7186=EDGE_LOOP('',(#7187,#7188,#7189));
#7187=ORIENTED_EDGE('',*,*,#7190,.T.);
#7188=ORIENTED_EDGE('',*,*,#7191,.T.);
#7189=ORIENTED_EDGE('',*,*,#7192,.T.);
#7190=EDGE_CURVE('',#363,#359,#7193,.F.);
#7191=EDGE_CURVE('',#359,#355,#7194,.T.);
#7192=EDGE_CURVE('',#355,#363,#7195,.T.);
#7193=LINE('',#362,#7196);
#7194=LINE('',#358,#7197);
#7195=LINE('',#354,#7198);
#7196=VECTOR('',#7199,1.0);
#7197=VECTOR('',#7200,1.0);
#7198=VECTOR('',#7201,1.0);
#7199=DIRECTION('',(-0.5555956373721153,-0.831452637095507,0));
#7200=DIRECTION('',(-0.195074270545916,-0.9807884731026252,0));
#7201=DIRECTION('',(0.38269351062212953,0.9238753578961342,0));
#7202=FACE_SURFACE('',(#7207),#7203,.T.);
#7203=PLANE('',#7204);
#7204=AXIS2_PLACEMENT_3D('',#354,#7205,#7206);
#7205=DIRECTION('',(0,0,1));
#7206=DIRECTION('',(0.3826908999735167,-0.9238764392912399,0));
#7207=FACE_BOUND('',#7208,.T.);
#7208=EDGE_LOOP('',(#7209,#7210,#7211));
#7209=ORIENTED_EDGE('',*,*,#7212,.T.);
#7210=ORIENTED_EDGE('',*,*,#7213,.T.);
#7211=ORIENTED_EDGE('',*,*,#7214,.T.);
#7212=EDGE_CURVE('',#355,#347,#7215,.F.);
#7213=EDGE_CURVE('',#347,#339,#7216,.T.);
#7214=EDGE_CURVE('',#339,#355,#7217,.T.);
#7215=LINE('',#354,#7218);
#7216=LINE('',#346,#7219);
#7217=LINE('',#338,#7220);
#7218=VECTOR('',#7221,1.0);
#7219=VECTOR('',#7222,1.0);
#7220=VECTOR('',#7223,1.0);
#7221=DIRECTION('',(0.3826908999735167,-0.9238764392912399,0));
#7222=DIRECTION('',(0.9238762536282118,-0.38269134819316236,0));
#7223=DIRECTION('',(-0.7071007868850963,0.7071127754371842,0));
#7224=FACE_SURFACE('',(#7229),#7225,.T.);
#7225=PLANE('',#7226);
#7226=AXIS2_PLACEMENT_3D('',#338,#7227,#7228);
#7227=DIRECTION('',(0,0,1));
#7228=DIRECTION('',(0.9238827418072711,0.3826756843473061,0));
#7229=FACE_BOUND('',#7230,.T.);
#7230=EDGE_LOOP('',(#7231,#7232,#7233));
#7231=ORIENTED_EDGE('',*,*,#7234,.T.);
#7232=ORIENTED_EDGE('',*,*,#7235,.T.);
#7233=ORIENTED_EDGE('',*,*,#7236,.T.);
#7234=EDGE_CURVE('',#339,#331,#7237,.F.);
#7235=EDGE_CURVE('',#331,#323,#7238,.T.);
#7236=EDGE_CURVE('',#323,#339,#7239,.T.);
#7237=LINE('',#338,#7240);
#7238=LINE('',#330,#7241);
#7239=LINE('',#322,#7242);
#7240=VECTOR('',#7243,1.0);
#7241=VECTOR('',#7244,1.0);
#7242=VECTOR('',#7245,1.0);
#7243=DIRECTION('',(0.9238827418072711,0.3826756843473061,0));
#7244=DIRECTION('',(0.3826782949068741,0.9238816604994211,0));
#7245=DIRECTION('',(-0.7071087792531553,-0.7071047831142939,0));
#7246=FACE_SURFACE('',(#7251),#7247,.T.);
#7247=PLANE('',#7248);
#7248=AXIS2_PLACEMENT_3D('',#322,#7249,#7250);
#7249=DIRECTION('',(0,0,1));
#7250=DIRECTION('',(-0.38268090549900463,0.9238805791694412,0));
#7251=FACE_BOUND('',#7252,.T.);
#7252=EDGE_LOOP('',(#7253,#7254,#7255));
#7253=ORIENTED_EDGE('',*,*,#7256,.T.);
#7254=ORIENTED_EDGE('',*,*,#7257,.T.);
#7255=ORIENTED_EDGE('',*,*,#7258,.T.);
#7256=EDGE_CURVE('',#323,#315,#7259,.F.);
#7257=EDGE_CURVE('',#315,#307,#7260,.T.);
#7258=EDGE_CURVE('',#307,#323,#7261,.T.);
#7259=LINE('',#322,#7262);
#7260=LINE('',#314,#7263);
#7261=LINE('',#306,#7264);
#7262=VECTOR('',#7265,1.0);
#7263=VECTOR('',#7266,1.0);
#7264=VECTOR('',#7267,1.0);
#7265=DIRECTION('',(-0.38268090549900463,0.9238805791694412,0));
#7266=DIRECTION('',(-0.9238801312498635,0.3826819868790994,0));
#7267=DIRECTION('',(0.7071087792531553,-0.7071047831142939,0));
#7268=FACE_SURFACE('',(#7273),#7269,.T.);
#7269=PLANE('',#7270);
#7270=AXIS2_PLACEMENT_3D('',#306,#7271,#7272);
#7271=DIRECTION('',(0,0,1));
#7272=DIRECTION('',(-0.9238736428754222,-0.38269765089440605,0));
#7273=FACE_BOUND('',#7274,.T.);
#7274=EDGE_LOOP('',(#7275,#7276,#7277));
#7275=ORIENTED_EDGE('',*,*,#7278,.T.);
#7276=ORIENTED_EDGE('',*,*,#7279,.T.);
#7277=ORIENTED_EDGE('',*,*,#7280,.T.);
#7278=EDGE_CURVE('',#307,#363,#7281,.F.);
#7279=EDGE_CURVE('',#363,#355,#7282,.T.);
#7280=EDGE_CURVE('',#355,#307,#7283,.T.);
#7281=LINE('',#306,#7284);
#7282=LINE('',#362,#7285);
#7283=LINE('',#354,#7286);
#7284=VECTOR('',#7287,1.0);
#7285=VECTOR('',#7288,1.0);
#7286=VECTOR('',#7289,1.0);
#7287=DIRECTION('',(-0.9238736428754222,-0.38269765089440605,0));
#7288=DIRECTION('',(-0.38269351062212953,-0.9238753578961342,0));
#7289=DIRECTION('',(0.7071007868850963,0.7071127754371842,0));
#7290=FACE_SURFACE('',(#7295),#7291,.T.);
#7291=PLANE('',#7292);
#7292=AXIS2_PLACEMENT_3D('',#354,#7293,#7294);
#7293=DIRECTION('',(-0,0,1));
#7294=DIRECTION('',(0.7071007868850963,-0.7071127754371842,0));
#7295=FACE_BOUND('',#7296,.T.);
#7296=EDGE_LOOP('',(#7297,#7298,#7299));
#7297=ORIENTED_EDGE('',*,*,#7300,.T.);
#7298=ORIENTED_EDGE('',*,*,#7301,.T.);
#7299=ORIENTED_EDGE('',*,*,#7302,.T.);
#7300=EDGE_CURVE('',#355,#339,#7303,.F.);
#7301=EDGE_CURVE('',#339,#323,#7304,.T.);
#7302=EDGE_CURVE('',#323,#355,#7305,.T.);
#7303=LINE('',#354,#7306);
#7304=LINE('',#338,#7307);
#7305=LINE('',#322,#7308);
#7306=VECTOR('',#7309,1.0);
#7307=VECTOR('',#7310,1.0);
#7308=VECTOR('',#7311,1.0);
#7309=DIRECTION('',(0.7071007868850963,-0.7071127754371842,0));
#7310=DIRECTION('',(0.7071087792531553,0.7071047831142939,0));
#7311=DIRECTION('',(-1,0,0));
#7312=FACE_SURFACE('',(#7317),#7313,.T.);
#7313=PLANE('',#7314);
#7314=AXIS2_PLACEMENT_3D('',#322,#7315,#7316);
#7315=DIRECTION('',(0,0,1));
#7316=DIRECTION('',(-0.7071087792531553,0.7071047831142939,0));
#7317=FACE_BOUND('',#7318,.T.);
#7318=EDGE_LOOP('',(#7319,#7320,#7321));
#7319=ORIENTED_EDGE('',*,*,#7322,.T.);
#7320=ORIENTED_EDGE('',*,*,#7323,.T.);
#7321=ORIENTED_EDGE('',*,*,#7324,.T.);
#7322=EDGE_CURVE('',#323,#307,#7325,.F.);
#7323=EDGE_CURVE('',#307,#355,#7326,.T.);
#7324=EDGE_CURVE('',#355,#323,#7327,.T.);
#7325=LINE('',#322,#7328);
#7326=LINE('',#306,#7329);
#7327=LINE('',#354,#7330);
#7328=VECTOR('',#7331,1.0);
#7329=VECTOR('',#7332,1.0);
#7330=VECTOR('',#7333,1.0);
#7331=DIRECTION('',(-0.7071087792531553,0.7071047831142939,0));
#7332=DIRECTION('',(-0.7071007868850963,-0.7071127754371842,0));
#7333=DIRECTION('',(1,0,0));
#7334=FACE_SURFACE('',(#7339),#7335,.T.);
#7335=PLANE('',#7336);
#7336=AXIS2_PLACEMENT_3D('',#370,#7337,#7338);
#7337=DIRECTION('',(0,-0,1));
#7338=DIRECTION('',(1.641466957133342E-07,0.9999999999999866,0));
#7339=FACE_BOUND('',#7340,.T.);
#7340=EDGE_LOOP('',(#7341,#7342,#7343));
#7341=ORIENTED_EDGE('',*,*,#7344,.T.);
#7342=ORIENTED_EDGE('',*,*,#7345,.T.);
#7343=ORIENTED_EDGE('',*,*,#7346,.T.);
#7344=EDGE_CURVE('',#371,#37,#7347,.F.);
#7345=EDGE_CURVE('',#37,#35,#7348,.T.);
#7346=EDGE_CURVE('',#35,#371,#7349,.T.);
#7347=LINE('',#370,#7350);
#7348=LINE('',#36,#7351);
#7349=LINE('',#34,#7352);
#7350=VECTOR('',#7353,1.0);
#7351=VECTOR('',#7354,1.0);
#7352=VECTOR('',#7355,1.0);
#7353=DIRECTION('',(1.641466957133342E-07,0.9999999999999866,0));
#7354=DIRECTION('',(-1,0,0));
#7355=DIRECTION('',(0.7925177383492037,-0.6098488619337279,0));
#7356=FACE_SURFACE('',(#7361),#7357,.T.);
#7357=PLANE('',#7358);
#7358=AXIS2_PLACEMENT_3D('',#370,#7359,#7360);
#7359=DIRECTION('',(0,0,1));
#7360=DIRECTION('',(-0.7925177383492037,0.6098488619337279,0));
#7361=FACE_BOUND('',#7362,.T.);
#7362=EDGE_LOOP('',(#7363,#7364,#7365));
#7363=ORIENTED_EDGE('',*,*,#7366,.T.);
#7364=ORIENTED_EDGE('',*,*,#7367,.T.);
#7365=ORIENTED_EDGE('',*,*,#7368,.T.);
#7366=EDGE_CURVE('',#371,#35,#7369,.F.);
#7367=EDGE_CURVE('',#35,#53,#7370,.T.);
#7368=EDGE_CURVE('',#53,#371,#7371,.T.);
#7369=LINE('',#370,#7372);
#7370=LINE('',#34,#7373);
#7371=LINE('',#52,#7374);
#7372=VECTOR('',#7375,1.0);
#7373=VECTOR('',#7376,1.0);
#7374=VECTOR('',#7377,1.0);
#7375=DIRECTION('',(-0.7925177383492037,0.6098488619337279,0));
#7376=DIRECTION('',(0,-1,0));
#7377=DIRECTION('',(1,0,0));
#7378=FACE_SURFACE('',(#7383),#7379,.T.);
#7379=PLANE('',#7380);
#7380=AXIS2_PLACEMENT_3D('',#372,#7381,#7382);
#7381=DIRECTION('',(0,1,0));
#7382=DIRECTION('',(0,0,-1));
#7383=FACE_BOUND('',#7384,.T.);
#7384=EDGE_LOOP('',(#7385,#7386,#7387));
#7385=ORIENTED_EDGE('',*,*,#7388,.T.);
#7386=ORIENTED_EDGE('',*,*,#7389,.T.);
#7387=ORIENTED_EDGE('',*,*,#7390,.T.);
#7388=EDGE_CURVE('',#373,#375,#7391,.F.);
#7389=EDGE_CURVE('',#375,#87,#7392,.T.);
#7390=EDGE_CURVE('',#87,#373,#7393,.T.);
#7391=LINE('',#372,#7394);
#7392=LINE('',#374,#7395);
#7393=LINE('',#86,#7396);
#7394=VECTOR('',#7397,1.0);
#7395=VECTOR('',#7398,1.0);
#7396=VECTOR('',#7399,1.0);
#7397=DIRECTION('',(0,0,-1));
#7398=DIRECTION('',(-1,0,0));
#7399=DIRECTION('',(0.9961130190029565,0,0.08808435373445063));
#7400=FACE_SURFACE('',(#7405),#7401,.T.);
#7401=PLANE('',#7402);
#7402=AXIS2_PLACEMENT_3D('',#372,#7403,#7404);
#7403=DIRECTION('',(0,1,0));
#7404=DIRECTION('',(-0.9961130190029565,0,-0.08808435373445063));
#7405=FACE_BOUND('',#7406,.T.);
#7406=EDGE_LOOP('',(#7407,#7408,#7409));
#7407=ORIENTED_EDGE('',*,*,#7410,.T.);
#7408=ORIENTED_EDGE('',*,*,#7411,.T.);
#7409=ORIENTED_EDGE('',*,*,#7412,.T.);
#7410=EDGE_CURVE('',#373,#87,#7413,.F.);
#7411=EDGE_CURVE('',#87,#85,#7414,.T.);
#7412=EDGE_CURVE('',#85,#373,#7415,.T.);
#7413=LINE('',#372,#7416);
#7414=LINE('',#86,#7417);
#7415=LINE('',#84,#7418);
#7416=VECTOR('',#7419,1.0);
#7417=VECTOR('',#7420,1.0);
#7418=VECTOR('',#7421,1.0);
#7419=DIRECTION('',(-0.9961130190029565,0,-0.08808435373445063));
#7420=DIRECTION('',(0,0,1));
#7421=DIRECTION('',(1,0,0));
#7422=FACE_SURFACE('',(#7427),#7423,.T.);
#7423=PLANE('',#7424);
#7424=AXIS2_PLACEMENT_3D('',#38,#7425,#7426);
#7425=DIRECTION('',(0,-0.015960551785672294,0.9998726222808066));
#7426=DIRECTION('',(2.874609714189086E-06,0.9998726222766756,0.015960551785606354));
#7427=FACE_BOUND('',#7428,.T.);
#7428=EDGE_LOOP('',(#7429,#7430,#7431));
#7429=ORIENTED_EDGE('',*,*,#7432,.T.);
#7430=ORIENTED_EDGE('',*,*,#7433,.T.);
#7431=ORIENTED_EDGE('',*,*,#7434,.T.);
#7432=EDGE_CURVE('',#39,#373,#7435,.F.);
#7433=EDGE_CURVE('',#373,#85,#7436,.T.);
#7434=EDGE_CURVE('',#85,#39,#7437,.T.);
#7435=LINE('',#38,#7438);
#7436=LINE('',#372,#7439);
#7437=LINE('',#84,#7440);
#7438=VECTOR('',#7441,1.0);
#7439=VECTOR('',#7442,1.0);
#7440=VECTOR('',#7443,1.0);
#7441=DIRECTION('',(2.874609714189086E-06,0.9998726222766756,0.015960551785606354));
#7442=DIRECTION('',(-1,0,0));
#7443=DIRECTION('',(0.9998957940032424,-0.0144342664061785,-0.00023040820533568097));
#7444=FACE_SURFACE('',(#7449),#7445,.T.);
#7445=PLANE('',#7446);
#7446=AXIS2_PLACEMENT_3D('',#38,#7447,#7448);
#7447=DIRECTION('',(0,-0.015960551785672298,0.9998726222808068));
#7448=DIRECTION('',(-0.9998957940032424,0.0144342664061785,0.00023040820533568097));
#7449=FACE_BOUND('',#7450,.T.);
#7450=EDGE_LOOP('',(#7451,#7452,#7453));
#7451=ORIENTED_EDGE('',*,*,#7454,.T.);
#7452=ORIENTED_EDGE('',*,*,#7455,.T.);
#7453=ORIENTED_EDGE('',*,*,#7456,.T.);
#7454=EDGE_CURVE('',#39,#85,#7457,.F.);
#7455=EDGE_CURVE('',#85,#41,#7458,.T.);
#7456=EDGE_CURVE('',#41,#39,#7459,.T.);
#7457=LINE('',#38,#7460);
#7458=LINE('',#84,#7461);
#7459=LINE('',#40,#7462);
#7460=VECTOR('',#7463,1.0);
#7461=VECTOR('',#7464,1.0);
#7462=VECTOR('',#7465,1.0);
#7463=DIRECTION('',(-0.9998957940032424,0.0144342664061785,0.00023040820533568097));
#7464=DIRECTION('',(0.7034098440864147,-0.7106939519053214,-0.011344512661297133));
#7465=DIRECTION('',(1,0,0));
#7466=FACE_SURFACE('',(#7471),#7467,.T.);
#7467=PLANE('',#7468);
#7468=AXIS2_PLACEMENT_3D('',#106,#7469,#7470);
#7469=DIRECTION('',(0,1,0));
#7470=DIRECTION('',(0,0,-1));
#7471=FACE_BOUND('',#7472,.T.);
#7472=EDGE_LOOP('',(#7473,#7474,#7475));
#7473=ORIENTED_EDGE('',*,*,#7476,.T.);
#7474=ORIENTED_EDGE('',*,*,#7477,.T.);
#7475=ORIENTED_EDGE('',*,*,#7478,.T.);
#7476=EDGE_CURVE('',#107,#371,#7479,.F.);
#7477=EDGE_CURVE('',#371,#53,#7480,.T.);
#7478=EDGE_CURVE('',#53,#107,#7481,.T.);
#7479=LINE('',#106,#7482);
#7480=LINE('',#370,#7483);
#7481=LINE('',#52,#7484);
#7482=VECTOR('',#7485,1.0);
#7483=VECTOR('',#7486,1.0);
#7484=VECTOR('',#7487,1.0);
#7485=DIRECTION('',(0,0,-1));
#7486=DIRECTION('',(-1,0,0));
#7487=DIRECTION('',(0.9960208937696757,0,0.08912002678554577));
#7488=FACE_SURFACE('',(#7493),#7489,.T.);
#7489=PLANE('',#7490);
#7490=AXIS2_PLACEMENT_3D('',#106,#7491,#7492);
#7491=DIRECTION('',(0,1,0));
#7492=DIRECTION('',(-0.9960208937696757,0,-0.08912002678554577));
#7493=FACE_BOUND('',#7494,.T.);
#7494=EDGE_LOOP('',(#7495,#7496,#7497));
#7495=ORIENTED_EDGE('',*,*,#7498,.T.);
#7496=ORIENTED_EDGE('',*,*,#7499,.T.);
#7497=ORIENTED_EDGE('',*,*,#7500,.T.);
#7498=EDGE_CURVE('',#107,#53,#7501,.F.);
#7499=EDGE_CURVE('',#53,#47,#7502,.T.);
#7500=EDGE_CURVE('',#47,#107,#7503,.T.);
#7501=LINE('',#106,#7504);
#7502=LINE('',#52,#7505);
#7503=LINE('',#46,#7506);
#7504=VECTOR('',#7507,1.0);
#7505=VECTOR('',#7508,1.0);
#7506=VECTOR('',#7509,1.0);
#7507=DIRECTION('',(-0.9960208937696757,0,-0.08912002678554577));
#7508=DIRECTION('',(0,0,1));
#7509=DIRECTION('',(1,0,0));
#7510=FACE_SURFACE('',(#7515),#7511,.T.);
#7511=PLANE('',#7512);
#7512=AXIS2_PLACEMENT_3D('',#96,#7513,#7514);
#7513=DIRECTION('',(0,0,-1));
#7514=DIRECTION('',(1,0,0));
#7515=FACE_BOUND('',#7516,.T.);
#7516=EDGE_LOOP('',(#7517,#7518,#7519));
#7517=ORIENTED_EDGE('',*,*,#7520,.T.);
#7518=ORIENTED_EDGE('',*,*,#7521,.T.);
#7519=ORIENTED_EDGE('',*,*,#7522,.T.);
#7520=EDGE_CURVE('',#97,#377,#7523,.F.);
#7521=EDGE_CURVE('',#377,#379,#7524,.T.);
#7522=EDGE_CURVE('',#379,#97,#7525,.T.);
#7523=LINE('',#96,#7526);
#7524=LINE('',#376,#7527);
#7525=LINE('',#378,#7528);
#7526=VECTOR('',#7529,1.0);
#7527=VECTOR('',#7530,1.0);
#7528=VECTOR('',#7531,1.0);
#7529=DIRECTION('',(1,0,0));
#7530=DIRECTION('',(-2.1545433474999443E-07,-0.9999999999999767,0));
#7531=DIRECTION('',(-0.7911211825906475,0.6116594432005243,0));
#7532=FACE_SURFACE('',(#7537),#7533,.T.);
#7533=PLANE('',#7534);
#7534=AXIS2_PLACEMENT_3D('',#378,#7535,#7536);
#7535=DIRECTION('',(0,0,-1));
#7536=DIRECTION('',(-1,0,0));
#7537=FACE_BOUND('',#7538,.T.);
#7538=EDGE_LOOP('',(#7539,#7540,#7541));
#7539=ORIENTED_EDGE('',*,*,#7542,.T.);
#7540=ORIENTED_EDGE('',*,*,#7543,.T.);
#7541=ORIENTED_EDGE('',*,*,#7544,.T.);
#7542=EDGE_CURVE('',#379,#91,#7545,.F.);
#7543=EDGE_CURVE('',#91,#89,#7546,.T.);
#7544=EDGE_CURVE('',#89,#379,#7547,.T.);
#7545=LINE('',#378,#7548);
#7546=LINE('',#90,#7549);
#7547=LINE('',#88,#7550);
#7548=VECTOR('',#7551,1.0);
#7549=VECTOR('',#7552,1.0);
#7550=VECTOR('',#7553,1.0);
#7551=DIRECTION('',(-1,0,0));
#7552=DIRECTION('',(-0.6994130003400486,0.7147177449562389,0));
#7553=DIRECTION('',(0.9999579386256726,-0.009171748987819948,0));
#7554=FACE_SURFACE('',(#7559),#7555,.T.);
#7555=PLANE('',#7556);
#7556=AXIS2_PLACEMENT_3D('',#88,#7557,#7558);
#7557=DIRECTION('',(0,0,-1));
#7558=DIRECTION('',(0,1,0));
#7559=FACE_BOUND('',#7560,.T.);
#7560=EDGE_LOOP('',(#7561,#7562,#7563));
#7561=ORIENTED_EDGE('',*,*,#7564,.T.);
#7562=ORIENTED_EDGE('',*,*,#7565,.T.);
#7563=ORIENTED_EDGE('',*,*,#7566,.T.);
#7564=EDGE_CURVE('',#89,#99,#7567,.F.);
#7565=EDGE_CURVE('',#99,#97,#7568,.T.);
#7566=EDGE_CURVE('',#97,#89,#7569,.T.);
#7567=LINE('',#88,#7570);
#7568=LINE('',#98,#7571);
#7569=LINE('',#96,#7572);
#7570=VECTOR('',#7573,1.0);
#7571=VECTOR('',#7574,1.0);
#7572=VECTOR('',#7575,1.0);
#7573=DIRECTION('',(0,1,0));
#7574=DIRECTION('',(0.6994097147570827,0.714720960167964,0));
#7575=DIRECTION('',(-0.011855345684407778,-0.9999297229199177,0));
#7576=FACE_SURFACE('',(#7581),#7577,.T.);
#7577=PLANE('',#7578);
#7578=AXIS2_PLACEMENT_3D('',#378,#7579,#7580);
#7579=DIRECTION('',(0,0,-1));
#7580=DIRECTION('',(-0.9999579386256726,0.009171748987819948,0));
#7581=FACE_BOUND('',#7582,.T.);
#7582=EDGE_LOOP('',(#7583,#7584,#7585));
#7583=ORIENTED_EDGE('',*,*,#7586,.T.);
#7584=ORIENTED_EDGE('',*,*,#7587,.T.);
#7585=ORIENTED_EDGE('',*,*,#7588,.T.);
#7586=EDGE_CURVE('',#379,#89,#7589,.F.);
#7587=EDGE_CURVE('',#89,#97,#7590,.T.);
#7588=EDGE_CURVE('',#97,#379,#7591,.T.);
#7589=LINE('',#378,#7592);
#7590=LINE('',#88,#7593);
#7591=LINE('',#96,#7594);
#7592=VECTOR('',#7595,1.0);
#7593=VECTOR('',#7596,1.0);
#7594=VECTOR('',#7597,1.0);
#7595=DIRECTION('',(-0.9999579386256726,0.009171748987819948,0));
#7596=DIRECTION('',(0.011855345684407778,0.9999297229199177,0));
#7597=DIRECTION('',(0.7911211825906475,-0.6116594432005243,0));
#7598=FACE_SURFACE('',(#7603),#7599,.T.);
#7599=PLANE('',#7600);
#7600=AXIS2_PLACEMENT_3D('',#106,#7601,#7602);
#7601=DIRECTION('',(0.9999999999338761,1.149990368754619E-05,0));
#7602=DIRECTION('',(1.1498438856043723E-05,-0.9998726222147081,0.01596055178461719));
#7603=FACE_BOUND('',#7604,.T.);
#7604=EDGE_LOOP('',(#7605,#7606,#7607));
#7605=ORIENTED_EDGE('',*,*,#7608,.T.);
#7606=ORIENTED_EDGE('',*,*,#7609,.T.);
#7607=ORIENTED_EDGE('',*,*,#7610,.T.);
#7608=EDGE_CURVE('',#107,#79,#7611,.F.);
#7609=EDGE_CURVE('',#79,#77,#7612,.T.);
#7610=EDGE_CURVE('',#77,#107,#7613,.T.);
#7611=LINE('',#106,#7614);
#7612=LINE('',#78,#7615);
#7613=LINE('',#76,#7616);
#7614=VECTOR('',#7617,1.0);
#7615=VECTOR('',#7618,1.0);
#7616=VECTOR('',#7619,1.0);
#7617=DIRECTION('',(1.1498438856043723E-05,-0.9998726222147081,0.01596055178461719));
#7618=DIRECTION('',(0,0,-1));
#7619=DIRECTION('',(-1.8575329199972456E-06,0.16152595450743049,0.9868684643948317));
#7620=FACE_SURFACE('',(#7625),#7621,.T.);
#7621=PLANE('',#7622);
#7622=AXIS2_PLACEMENT_3D('',#76,#7623,#7624);
#7623=DIRECTION('',(0.9999999999516038,9.838307417115742E-06,0));
#7624=DIRECTION('',(0,0,-1));
#7625=FACE_BOUND('',#7626,.T.);
#7626=EDGE_LOOP('',(#7627,#7628,#7629));
#7627=ORIENTED_EDGE('',*,*,#7630,.T.);
#7628=ORIENTED_EDGE('',*,*,#7631,.T.);
#7629=ORIENTED_EDGE('',*,*,#7632,.T.);
#7630=EDGE_CURVE('',#77,#105,#7633,.F.);
#7631=EDGE_CURVE('',#105,#379,#7634,.T.);
#7632=EDGE_CURVE('',#379,#77,#7635,.T.);
#7633=LINE('',#76,#7636);
#7634=LINE('',#104,#7637);
#7635=LINE('',#378,#7638);
#7636=VECTOR('',#7639,1.0);
#7637=VECTOR('',#7640,1.0);
#7638=VECTOR('',#7641,1.0);
#7639=DIRECTION('',(0,0,-1));
#7640=DIRECTION('',(-7.097158633640136E-06,0.7213800435784011,-0.6925394087533606));
#7641=DIRECTION('',(4.518180092311741E-06,-0.45924363821288844,0.8883103515892268));
#7642=FACE_SURFACE('',(#7647),#7643,.T.);
#7643=PLANE('',#7644);
#7644=AXIS2_PLACEMENT_3D('',#378,#7645,#7646);
#7645=DIRECTION('',(0.9999999999451407,-2.1545433473817975E-07,1.0472448208671243E-05));
#7646=DIRECTION('',(2.1545433474999443E-07,0.9999999999999767,0));
#7647=FACE_BOUND('',#7648,.T.);
#7648=EDGE_LOOP('',(#7649,#7650,#7651));
#7649=ORIENTED_EDGE('',*,*,#7652,.T.);
#7650=ORIENTED_EDGE('',*,*,#7653,.T.);
#7651=ORIENTED_EDGE('',*,*,#7654,.T.);
#7652=EDGE_CURVE('',#379,#377,#7655,.F.);
#7653=EDGE_CURVE('',#377,#381,#7656,.T.);
#7654=EDGE_CURVE('',#381,#379,#7657,.T.);
#7655=LINE('',#378,#7658);
#7656=LINE('',#376,#7659);
#7657=LINE('',#380,#7660);
#7658=VECTOR('',#7661,1.0);
#7659=VECTOR('',#7662,1.0);
#7660=VECTOR('',#7663,1.0);
#7661=DIRECTION('',(2.1545433474999443E-07,0.9999999999999767,0));
#7662=DIRECTION('',(-7.097158633640136E-06,0.7213800435784011,0.6925394087533606));
#7663=DIRECTION('',(-1.0655459611652665E-07,-0.9999459437299152,-0.010397577510063899));
#7664=FACE_SURFACE('',(#7669),#7665,.T.);
#7665=PLANE('',#7666);
#7666=AXIS2_PLACEMENT_3D('',#374,#7667,#7668);
#7667=DIRECTION('',(0.9999999999958672,-2.874975922064771E-06,0));
#7668=DIRECTION('',(0,0,1));
#7669=FACE_BOUND('',#7670,.T.);
#7670=EDGE_LOOP('',(#7671,#7672,#7673));
#7671=ORIENTED_EDGE('',*,*,#7674,.T.);
#7672=ORIENTED_EDGE('',*,*,#7675,.T.);
#7673=ORIENTED_EDGE('',*,*,#7676,.T.);
#7674=EDGE_CURVE('',#375,#373,#7677,.F.);
#7675=EDGE_CURVE('',#373,#39,#7678,.T.);
#7676=EDGE_CURVE('',#39,#375,#7679,.T.);
#7677=LINE('',#374,#7680);
#7678=LINE('',#372,#7681);
#7679=LINE('',#38,#7682);
#7680=VECTOR('',#7683,1.0);
#7681=VECTOR('',#7684,1.0);
#7682=VECTOR('',#7685,1.0);
#7683=DIRECTION('',(0,0,1));
#7684=DIRECTION('',(-2.874609714189086E-06,-0.9998726222766756,-0.015960551785606354));
#7685=DIRECTION('',(4.6438317679508215E-07,0.16152593600145665,-0.9868684674254404));
#7686=FACE_SURFACE('',(#7691),#7687,.T.);
#7687=PLANE('',#7688);
#7688=AXIS2_PLACEMENT_3D('',#378,#7689,#7690);
#7689=DIRECTION('',(0.9999999999999943,-1.0656035637193042E-07,0));
#7690=DIRECTION('',(1.0655459611652665E-07,0.9999459437299152,0.010397577510063899));
#7691=FACE_BOUND('',#7692,.T.);
#7692=EDGE_LOOP('',(#7693,#7694,#7695));
#7693=ORIENTED_EDGE('',*,*,#7696,.T.);
#7694=ORIENTED_EDGE('',*,*,#7697,.T.);
#7695=ORIENTED_EDGE('',*,*,#7698,.T.);
#7696=EDGE_CURVE('',#379,#381,#7699,.F.);
#7697=EDGE_CURVE('',#381,#375,#7700,.T.);
#7698=EDGE_CURVE('',#375,#379,#7701,.T.);
#7699=LINE('',#378,#7702);
#7700=LINE('',#380,#7703);
#7701=LINE('',#374,#7704);
#7702=VECTOR('',#7705,1.0);
#7703=VECTOR('',#7706,1.0);
#7704=VECTOR('',#7707,1.0);
#7705=DIRECTION('',(1.0655459611652665E-07,0.9999459437299152,0.010397577510063899));
#7706=DIRECTION('',(0,0,1));
#7707=DIRECTION('',(-1.0653697788346899E-07,-0.9997806080116659,-0.020946022147713073));
#7708=FACE_SURFACE('',(#7713),#7709,.T.);
#7709=PLANE('',#7710);
#7710=AXIS2_PLACEMENT_3D('',#106,#7711,#7712);
#7711=DIRECTION('',(0.9999999999475717,1.023786353967816E-05,2.0656475193128106E-07));
#7712=DIRECTION('',(1.8575329199972456E-06,-0.16152595450743049,-0.9868684643948317));
#7713=FACE_BOUND('',#7714,.T.);
#7714=EDGE_LOOP('',(#7715,#7716,#7717));
#7715=ORIENTED_EDGE('',*,*,#7718,.T.);
#7716=ORIENTED_EDGE('',*,*,#7719,.T.);
#7717=ORIENTED_EDGE('',*,*,#7720,.T.);
#7718=EDGE_CURVE('',#107,#77,#7721,.F.);
#7719=EDGE_CURVE('',#77,#379,#7722,.T.);
#7720=EDGE_CURVE('',#379,#107,#7723,.T.);
#7721=LINE('',#106,#7724);
#7722=LINE('',#76,#7725);
#7723=LINE('',#378,#7726);
#7724=VECTOR('',#7727,1.0);
#7725=VECTOR('',#7728,1.0);
#7726=VECTOR('',#7729,1.0);
#7727=DIRECTION('',(1.8575329199972456E-06,-0.16152595450743049,-0.9868684643948317));
#7728=DIRECTION('',(-4.518180092311741E-06,0.45924363821288844,-0.8883103515892268));
#7729=DIRECTION('',(-7.928714043281344E-07,0.0573016092621986,0.9983569129200908));
#7730=FACE_SURFACE('',(#7735),#7731,.T.);
#7731=PLANE('',#7732);
#7732=AXIS2_PLACEMENT_3D('',#370,#7733,#7734);
#7733=DIRECTION('',(0.9999999999042714,1.3836808677121824E-05,-0));
#7734=DIRECTION('',(0,0,1));
#7735=FACE_BOUND('',#7736,.T.);
#7736=EDGE_LOOP('',(#7737,#7738,#7739));
#7737=ORIENTED_EDGE('',*,*,#7740,.T.);
#7738=ORIENTED_EDGE('',*,*,#7741,.T.);
#7739=ORIENTED_EDGE('',*,*,#7742,.T.);
#7740=EDGE_CURVE('',#371,#107,#7743,.F.);
#7741=EDGE_CURVE('',#107,#379,#7744,.T.);
#7742=EDGE_CURVE('',#379,#371,#7745,.T.);
#7743=LINE('',#370,#7746);
#7744=LINE('',#106,#7747);
#7745=LINE('',#378,#7748);
#7746=VECTOR('',#7749,1.0);
#7747=VECTOR('',#7750,1.0);
#7748=VECTOR('',#7751,1.0);
#7749=DIRECTION('',(0,0,1));
#7750=DIRECTION('',(7.928714043281344E-07,-0.0573016092621986,-0.9983569129200908));
#7751=DIRECTION('',(-4.7739466626582854E-06,0.34501789925697696,0.9385961054519202));
#7752=FACE_SURFACE('',(#7757),#7753,.T.);
#7753=PLANE('',#7754);
#7754=AXIS2_PLACEMENT_3D('',#374,#7755,#7756);
#7755=DIRECTION('',(0.9999999999958673,-2.874975922064771E-06,0));
#7756=DIRECTION('',(-4.6438317679508215E-07,-0.16152593600145665,0.9868684674254404));
#7757=FACE_BOUND('',#7758,.T.);
#7758=EDGE_LOOP('',(#7759,#7760,#7761));
#7759=ORIENTED_EDGE('',*,*,#7762,.T.);
#7760=ORIENTED_EDGE('',*,*,#7763,.T.);
#7761=ORIENTED_EDGE('',*,*,#7764,.T.);
#7762=EDGE_CURVE('',#375,#39,#7765,.F.);
#7763=EDGE_CURVE('',#39,#37,#7766,.T.);
#7764=EDGE_CURVE('',#37,#375,#7767,.T.);
#7765=LINE('',#374,#7768);
#7766=LINE('',#38,#7769);
#7767=LINE('',#36,#7770);
#7768=VECTOR('',#7771,1.0);
#7769=VECTOR('',#7772,1.0);
#7770=VECTOR('',#7773,1.0);
#7771=DIRECTION('',(-4.6438317679508215E-07,-0.16152593600145665,0.9868684674254404));
#7772=DIRECTION('',(0,0,-1));
#7773=DIRECTION('',(2.874975922064771E-06,0.9999999999958672,0));
#7774=FACE_SURFACE('',(#7779),#7775,.T.);
#7775=PLANE('',#7776);
#7776=AXIS2_PLACEMENT_3D('',#36,#7777,#7778);
#7777=DIRECTION('',(0.9999999999867427,-1.6414669571116026E-07,5.146601592165547E-06));
#7778=DIRECTION('',(-1.641466957133342E-07,-0.9999999999999866,0));
#7779=FACE_BOUND('',#7780,.T.);
#7780=EDGE_LOOP('',(#7781,#7782,#7783));
#7781=ORIENTED_EDGE('',*,*,#7784,.T.);
#7782=ORIENTED_EDGE('',*,*,#7785,.T.);
#7783=ORIENTED_EDGE('',*,*,#7786,.T.);
#7784=EDGE_CURVE('',#37,#371,#7787,.F.);
#7785=EDGE_CURVE('',#371,#379,#7788,.T.);
#7786=EDGE_CURVE('',#379,#37,#7789,.T.);
#7787=LINE('',#36,#7790);
#7788=LINE('',#370,#7791);
#7789=LINE('',#378,#7792);
#7790=VECTOR('',#7793,1.0);
#7791=VECTOR('',#7794,1.0);
#7792=VECTOR('',#7795,1.0);
#7793=DIRECTION('',(-1.641466957133342E-07,-0.9999999999999866,0));
#7794=DIRECTION('',(4.7739466626582854E-06,-0.34501789925697696,-0.9385961054519202));
#7795=DIRECTION('',(5.427386803484867E-08,0.999772247384179,0.021341353293191055));
#7796=FACE_SURFACE('',(#7801),#7797,.T.);
#7797=PLANE('',#7798);
#7798=AXIS2_PLACEMENT_3D('',#378,#7799,#7800);
#7799=DIRECTION('',(0.9999999912653723,-2.874975896964808E-06,0.00013214003851493334));
#7800=DIRECTION('',(1.0653697788346899E-07,0.9997806080116659,0.020946022147713073));
#7801=FACE_BOUND('',#7802,.T.);
#7802=EDGE_LOOP('',(#7803,#7804,#7805));
#7803=ORIENTED_EDGE('',*,*,#7806,.T.);
#7804=ORIENTED_EDGE('',*,*,#7807,.T.);
#7805=ORIENTED_EDGE('',*,*,#7808,.T.);
#7806=EDGE_CURVE('',#379,#375,#7809,.F.);
#7807=EDGE_CURVE('',#375,#37,#7810,.T.);
#7808=EDGE_CURVE('',#37,#379,#7811,.T.);
#7809=LINE('',#378,#7812);
#7810=LINE('',#374,#7813);
#7811=LINE('',#36,#7814);
#7812=VECTOR('',#7815,1.0);
#7813=VECTOR('',#7816,1.0);
#7814=VECTOR('',#7817,1.0);
#7815=DIRECTION('',(1.0653697788346899E-07,0.9997806080116659,0.020946022147713073));
#7816=DIRECTION('',(-2.874975922064771E-06,-0.9999999999958672,0));
#7817=DIRECTION('',(-5.427386803484867E-08,-0.999772247384179,-0.021341353293191055));
#7818=FACE_SURFACE('',(#7823),#7819,.T.);
#7819=PLANE('',#7820);
#7820=AXIS2_PLACEMENT_3D('',#380,#7821,#7822);
#7821=DIRECTION('',(0,0.6925394087708021,-0.7213800435965689));
#7822=DIRECTION('',(7.097158633640136E-06,-0.7213800435784011,-0.6925394087533606));
#7823=FACE_BOUND('',#7824,.T.);
#7824=EDGE_LOOP('',(#7825,#7826,#7827));
#7825=ORIENTED_EDGE('',*,*,#7828,.T.);
#7826=ORIENTED_EDGE('',*,*,#7829,.T.);
#7827=ORIENTED_EDGE('',*,*,#7830,.T.);
#7828=EDGE_CURVE('',#381,#377,#7831,.F.);
#7829=EDGE_CURVE('',#377,#97,#7832,.T.);
#7830=EDGE_CURVE('',#97,#381,#7833,.T.);
#7831=LINE('',#380,#7834);
#7832=LINE('',#376,#7835);
#7833=LINE('',#96,#7836);
#7834=VECTOR('',#7837,1.0);
#7835=VECTOR('',#7838,1.0);
#7836=VECTOR('',#7839,1.0);
#7837=DIRECTION('',(7.097158633640136E-06,-0.7213800435784011,-0.6925394087533606));
#7838=DIRECTION('',(-1,0,0));
#7839=DIRECTION('',(0.9999311443036989,0.008465284974716589,0.00812684451629383));
#7840=FACE_SURFACE('',(#7845),#7841,.T.);
#7841=PLANE('',#7842);
#7842=AXIS2_PLACEMENT_3D('',#380,#7843,#7844);
#7843=DIRECTION('',(0,0.6925394087708021,-0.7213800435965689));
#7844=DIRECTION('',(-0.9999311443036989,-0.008465284974716589,-0.00812684451629383));
#7845=FACE_BOUND('',#7846,.T.);
#7846=EDGE_LOOP('',(#7847,#7848,#7849));
#7847=ORIENTED_EDGE('',*,*,#7850,.T.);
#7848=ORIENTED_EDGE('',*,*,#7851,.T.);
#7849=ORIENTED_EDGE('',*,*,#7852,.T.);
#7850=EDGE_CURVE('',#381,#97,#7853,.F.);
#7851=EDGE_CURVE('',#97,#103,#7854,.T.);
#7852=EDGE_CURVE('',#103,#381,#7855,.T.);
#7853=LINE('',#380,#7856);
#7854=LINE('',#96,#7857);
#7855=LINE('',#102,#7858);
#7856=VECTOR('',#7859,1.0);
#7857=VECTOR('',#7860,1.0);
#7858=VECTOR('',#7861,1.0);
#7859=DIRECTION('',(-0.9999311443036989,-0.008465284974716589,-0.00812684451629383));
#7860=DIRECTION('',(-0.280644934855534,0.6923889763340971,0.6647073987785558));
#7861=DIRECTION('',(1,0,0));
#7862=FACE_SURFACE('',(#7867),#7863,.T.);
#7863=PLANE('',#7864);
#7864=AXIS2_PLACEMENT_3D('',#374,#7865,#7866);
#7865=DIRECTION('',(0,1,0));
#7866=DIRECTION('',(0,0,-1));
#7867=FACE_BOUND('',#7868,.T.);
#7868=EDGE_LOOP('',(#7869,#7870,#7871));
#7869=ORIENTED_EDGE('',*,*,#7872,.T.);
#7870=ORIENTED_EDGE('',*,*,#7873,.T.);
#7871=ORIENTED_EDGE('',*,*,#7874,.T.);
#7872=EDGE_CURVE('',#375,#381,#7875,.F.);
#7873=EDGE_CURVE('',#381,#103,#7876,.T.);
#7874=EDGE_CURVE('',#103,#375,#7877,.T.);
#7875=LINE('',#374,#7878);
#7876=LINE('',#380,#7879);
#7877=LINE('',#102,#7880);
#7878=VECTOR('',#7881,1.0);
#7879=VECTOR('',#7882,1.0);
#7880=VECTOR('',#7883,1.0);
#7881=DIRECTION('',(0,0,-1));
#7882=DIRECTION('',(-1,0,0));
#7883=DIRECTION('',(0.999966218884455,0,0.008219555336276706));
#7884=FACE_SURFACE('',(#7889),#7885,.T.);
#7885=PLANE('',#7886);
#7886=AXIS2_PLACEMENT_3D('',#374,#7887,#7888);
#7887=DIRECTION('',(0,1,0));
#7888=DIRECTION('',(-0.999966218884455,0,-0.008219555336276706));
#7889=FACE_BOUND('',#7890,.T.);
#7890=EDGE_LOOP('',(#7891,#7892,#7893));
#7891=ORIENTED_EDGE('',*,*,#7894,.T.);
#7892=ORIENTED_EDGE('',*,*,#7895,.T.);
#7893=ORIENTED_EDGE('',*,*,#7896,.T.);
#7894=EDGE_CURVE('',#375,#103,#7897,.F.);
#7895=EDGE_CURVE('',#103,#87,#7898,.T.);
#7896=EDGE_CURVE('',#87,#375,#7899,.T.);
#7897=LINE('',#374,#7900);
#7898=LINE('',#102,#7901);
#7899=LINE('',#86,#7902);
#7900=VECTOR('',#7903,1.0);
#7901=VECTOR('',#7904,1.0);
#7902=VECTOR('',#7905,1.0);
#7903=DIRECTION('',(-0.999966218884455,0,-0.008219555336276706));
#7904=DIRECTION('',(0,0,1));
#7905=DIRECTION('',(1,0,0));
#7906=FACE_SURFACE('',(#7911),#7907,.T.);
#7907=PLANE('',#7908);
#7908=AXIS2_PLACEMENT_3D('',#378,#7909,#7910);
#7909=DIRECTION('',(0,-0.6925394087708021,-0.7213800435965689));
#7910=DIRECTION('',(7.097158633640136E-06,-0.7213800435784011,0.6925394087533606));
#7911=FACE_BOUND('',#7912,.T.);
#7912=EDGE_LOOP('',(#7913,#7914,#7915));
#7913=ORIENTED_EDGE('',*,*,#7916,.T.);
#7914=ORIENTED_EDGE('',*,*,#7917,.T.);
#7915=ORIENTED_EDGE('',*,*,#7918,.T.);
#7916=EDGE_CURVE('',#379,#105,#7919,.F.);
#7917=EDGE_CURVE('',#105,#93,#7920,.T.);
#7918=EDGE_CURVE('',#93,#379,#7921,.T.);
#7919=LINE('',#378,#7922);
#7920=LINE('',#104,#7923);
#7921=LINE('',#92,#7924);
#7922=VECTOR('',#7925,1.0);
#7923=VECTOR('',#7926,1.0);
#7924=VECTOR('',#7927,1.0);
#7925=DIRECTION('',(7.097158633640136E-06,-0.7213800435784011,0.6925394087533606));
#7926=DIRECTION('',(-1,0,0));
#7927=DIRECTION('',(0.9999316143736094,0.008436340717187513,-0.00809905744459088));
#7928=FACE_SURFACE('',(#7933),#7929,.T.);
#7929=PLANE('',#7930);
#7930=AXIS2_PLACEMENT_3D('',#378,#7931,#7932);
#7931=DIRECTION('',(-0,-0.6925394087708021,-0.7213800435965689));
#7932=DIRECTION('',(-0.9999316143736094,-0.008436340717187513,0.00809905744459088));
#7933=FACE_BOUND('',#7934,.T.);
#7934=EDGE_LOOP('',(#7935,#7936,#7937));
#7935=ORIENTED_EDGE('',*,*,#7938,.T.);
#7936=ORIENTED_EDGE('',*,*,#7939,.T.);
#7937=ORIENTED_EDGE('',*,*,#7940,.T.);
#7938=EDGE_CURVE('',#379,#93,#7941,.F.);
#7939=EDGE_CURVE('',#93,#91,#7942,.T.);
#7940=EDGE_CURVE('',#91,#379,#7943,.T.);
#7941=LINE('',#378,#7944);
#7942=LINE('',#92,#7945);
#7943=LINE('',#90,#7946);
#7944=VECTOR('',#7947,1.0);
#7945=VECTOR('',#7948,1.0);
#7946=VECTOR('',#7949,1.0);
#7947=DIRECTION('',(-0.9999316143736094,-0.008436340717187513,0.00809905744459088));
#7948=DIRECTION('',(0.2806512102543331,0.6923876526574345,-0.6647061280222305));
#7949=DIRECTION('',(1,0,0));
ENDSEC;
END-ISO-10303-21;
