ISO-10303-21;
HEADER;
FILE_DESCRIPTION((''),'2;1');
FILE_NAME('Plate_Half_3', '2026-09-16T23:28:44', (''), (''), 'ImageToStl.com STEP Converter','', '');
FILE_SCHEMA(('AUTOMOTIVE_DESIGN_CC2'));
ENDSEC;
DATA;
#1=PRODUCT_DEFINITION_CONTEXT('',#4,'design');
#2=APPLICATION_PROTOCOL_DEFINITION('INTERNATIONAL STANDARD','automotive_design',1994,#4);
#3=(GEOMETRIC_REPRESENTATION_CONTEXT(3)GLOBAL_UNCERTAINTY_ASSIGNED_CONTEXT((#5))GLOBAL_UNIT_ASSIGNED_CONTEXT((#6,#7,#8))REPRESENTATION_CONTEXT('NONE','WORKSPACE'));
#4=APPLICATION_CONTEXT(' ');
#5=UNCERTAINTY_MEASURE_WITH_UNIT(LENGTH_MEASURE(1.0E-006),#6,'','');
#6=(CONVERSION_BASED_UNIT('METRE',#10)LENGTH_UNIT()NAMED_UNIT(#11));
#7=(NAMED_UNIT(#12)PLANE_ANGLE_UNIT()SI_UNIT($,.RADIAN.));
#8=(NAMED_UNIT(#12)SOLID_ANGLE_UNIT()SI_UNIT($,.STERADIAN.));
#9=AXIS2_PLACEMENT_3D('',#14,#15,#16);
#10=LENGTH_MEASURE_WITH_UNIT(LENGTH_MEASURE(1.0),#17);
#11=DIMENSIONAL_EXPONENTS(1.0,0.0,0.0,0.0,0.0,0.0,0.0);
#12=DIMENSIONAL_EXPONENTS(0.0,0.0,0.0,0.0,0.0,0.0,0.0);
#13=PRODUCT_CONTEXT('',#4,'mechanical');
#14=CARTESIAN_POINT('',(0.0,0.0,0.0));
#15=DIRECTION('',(0.0,0.0,1.0));
#16=DIRECTION('',(1.0,0.0,0.0));
#17=(NAMED_UNIT(#11)LENGTH_UNIT()SI_UNIT(.MILLI.,.METRE.));
#18=PRESENTATION_STYLE_ASSIGNMENT((#19));
#19=SURFACE_STYLE_USAGE(.BOTH.,#20);
#20=SURFACE_SIDE_STYLE('',(#21));
#21=SURFACE_STYLE_FILL_AREA(#22);
#22=FILL_AREA_STYLE('',(#23));
#23=FILL_AREA_STYLE_COLOUR('',#24);
#24=COLOUR_RGB('',0.9,0.9,0.9);
#25=SHAPE_DEFINITION_REPRESENTATION(#26,#27);
#26=PRODUCT_DEFINITION_SHAPE('productshape0','',#30);
#27=MANIFOLD_SURFACE_SHAPE_REPRESENTATION('',(#28,#9),#3);
#28=SHELL_BASED_SURFACE_MODEL('shell0',(#33));
#29=PRODUCT('product0','','',(#13));
#30=PRODUCT_DEFINITION('mesh0','',#31,#2);
#31=PRODUCT_DEFINITION_FORMATION_WITH_SPECIFIED_SOURCE('prodsource0','',#29,.NOT_KNOWN.);
#32=STYLED_ITEM('',(#18),#33);
#33=CLOSED_SHELL('',(#718,#740,#762,#784,#806,#828,#850,#872,#894,#916,#938,#960,#982,#1004,#1026,#1048,#1070,#1092,#1114,#1136,#1158,#1180,#1202,#1224,#1246,#1268,#1290,#1312,#1334,#1356,#1378,#1400,#1422,#1444,#1466,#1488,#1510,#1532,#1554,#1576,#1598,#1620,#1642,#1664,#1686,#1708,#1730,#1752,#1774,#1796,#1818,#1840,#1862,#1884,#1906,#1928,#1950,#1972,#1994,#2016,#2038,#2060,#2082,#2104,#2126,#2148,#2170,#2192,#2214,#2236,#2258,#2280,#2302,#2324,#2346,#2368,#2390,#2412,#2434,#2456,#2478,#2500,#2522,#2544,#2566,#2588,#2610,#2632,#2654,#2676,#2698,#2720,#2742,#2764,#2786,#2808,#2830,#2852,#2874,#2896,#2918,#2940,#2962,#2984,#3006,#3028,#3050,#3072,#3094,#3116,#3138,#3160,#3182,#3204,#3226,#3248,#3270,#3292,#3314,#3336,#3358,#3380,#3402,#3424,#3446,#3468,#3490,#3512,#3534,#3556,#3578,#3600,#3622,#3644,#3666,#3688,#3710,#3732,#3754,#3776,#3798,#3820,#3842,#3864,#3886,#3908,#3930,#3952,#3974,#3996,#4018,#4040,#4062,#4084,#4106,#4128,#4150,#4172,#4194,#4216,#4238,#4260,#4282,#4304,#4326,#4348,#4370,#4392,#4414,#4436,#4458,#4480,#4502,#4524,#4546,#4568,#4590,#4612,#4634,#4656,#4678,#4700,#4722,#4744,#4766,#4788,#4810,#4832,#4854,#4876,#4898,#4920,#4942,#4964,#4986,#5008,#5030,#5052,#5074,#5096,#5118,#5140,#5162,#5184,#5206,#5228,#5250,#5272,#5294,#5316,#5338,#5360,#5382,#5404,#5426,#5448,#5470,#5492,#5514,#5536,#5558,#5580,#5602,#5624,#5646,#5668,#5690,#5712,#5734,#5756,#5778,#5800,#5822,#5844,#5866,#5888,#5910,#5932,#5954,#5976,#5998,#6020,#6042,#6064,#6086,#6108,#6130,#6152,#6174,#6196,#6218,#6240,#6262,#6284,#6306,#6328,#6350,#6372,#6394,#6416,#6438,#6460,#6482,#6504,#6526,#6548,#6570,#6592,#6614,#6636,#6658,#6680,#6702,#6724,#6746,#6768,#6790,#6812,#6834,#6856,#6878,#6900,#6922,#6944,#6966,#6988,#7010,#7032,#7054,#7076,#7098,#7120,#7142,#7164,#7186,#7208,#7230,#7252,#7274,#7296,#7318,#7340,#7362,#7384,#7406,#7428,#7450,#7472,#7494,#7516,#7538,#7560,#7582,#7604,#7626,#7648,#7670,#7692,#7714,#7736,#7758,#7780,#7802,#7824,#7846,#7868,#7890,#7912,#7934,#7956,#7978,#8000,#8022,#8044,#8066,#8088,#8110,#8132,#8154,#8176,#8198,#8220,#8242,#8264,#8286,#8308,#8330,#8352,#8374,#8396,#8418,#8440,#8462,#8484,#8506,#8528,#8550,#8572,#8594,#8616,#8638,#8660,#8682,#8704,#8726,#8748,#8770,#8792,#8814,#8836,#8858,#8880,#8902,#8924,#8946,#8968,#8990,#9012,#9034,#9056,#9078,#9100,#9122,#9144,#9166,#9188,#9210,#9232,#9254,#9276,#9298,#9320,#9342,#9364,#9386,#9408,#9430,#9452,#9474,#9496,#9518,#9540,#9562,#9584,#9606,#9628,#9650,#9672,#9694,#9716,#9738,#9760,#9782,#9804,#9826,#9848,#9870,#9892,#9914,#9936,#9958,#9980,#10002,#10024,#10046,#10068,#10090,#10112,#10134,#10156,#10178,#10200,#10222,#10244,#10266,#10288,#10310,#10332,#10354,#10376,#10398,#10420,#10442,#10464,#10486,#10508,#10530,#10552,#10574,#10596,#10618,#10640,#10662,#10684,#10706,#10728,#10750,#10772,#10794,#10816,#10838,#10860,#10882,#10904,#10926,#10948,#10970,#10992,#11014,#11036,#11058,#11080,#11102,#11124,#11146,#11168,#11190,#11212,#11234,#11256,#11278,#11300,#11322,#11344,#11366,#11388,#11410,#11432,#11454,#11476,#11498,#11520,#11542,#11564,#11586,#11608,#11630,#11652,#11674,#11696,#11718,#11740,#11762,#11784,#11806,#11828,#11850,#11872,#11894,#11916,#11938,#11960,#11982,#12004,#12026,#12048,#12070,#12092,#12114,#12136,#12158,#12180,#12202,#12224,#12246,#12268,#12290,#12312,#12334,#12356,#12378,#12400,#12422,#12444,#12466,#12488,#12510,#12532,#12554,#12576,#12598,#12620,#12642,#12664,#12686,#12708,#12730,#12752,#12774,#12796,#12818,#12840,#12862,#12884,#12906,#12928,#12950,#12972,#12994,#13016,#13038,#13060,#13082,#13104,#13126,#13148,#13170,#13192,#13214,#13236,#13258,#13280,#13302,#13324,#13346,#13368,#13390,#13412,#13434,#13456,#13478,#13500,#13522,#13544,#13566,#13588,#13610,#13632,#13654,#13676,#13698,#13720,#13742,#13764,#13786,#13808,#13830,#13852,#13874,#13896,#13918,#13940,#13962,#13984,#14006,#14028,#14050,#14072,#14094,#14116,#14138,#14160,#14182,#14204,#14226,#14248,#14270,#14292,#14314,#14336,#14358,#14380,#14402,#14424,#14446,#14468,#14490,#14512,#14534,#14556,#14578,#14600,#14622,#14644,#14666,#14688,#14710,#14732,#14754,#14776,#14798,#14820,#14842,#14864,#14886,#14908,#14930,#14952,#14974,#14996,#15018,#15040,#15062,#15084,#15106,#15128,#15150,#15172,#15194,#15216,#15238,#15260,#15282,#15304,#15326,#15348,#15370,#15392,#15414,#15436,#15458,#15480,#15502,#15524,#15546,#15568,#15590,#15612,#15634,#15656,#15678,#15700,#15722,#15744,#15766,#15788,#15810,#15832,#15854,#15876,#15898,#15920,#15942,#15964,#15986,#16008,#16030,#16052,#16074,#16096,#16118,#16140,#16162,#16184,#16206,#16228,#16250,#16272,#16294,#16316,#16338,#16360,#16382,#16404,#16426,#16448,#16470,#16492,#16514,#16536,#16558,#16580,#16602,#16624,#16646,#16668,#16690,#16712,#16734,#16756,#16778,#16800,#16822,#16844,#16866,#16888,#16910,#16932,#16954,#16976,#16998,#17020,#17042,#17064,#17086,#17108,#17130,#17152,#17174,#17196,#17218,#17240,#17262,#17284,#17306,#17328));
#34=CARTESIAN_POINT('',(-88.66100311279297,-30.535886764526367,5.482316017150879));
#35=VERTEX_POINT('',#34);
#36=CARTESIAN_POINT('',(-88.66100311279297,-27.094343185424805,5.482316017150879));
#37=VERTEX_POINT('',#36);
#38=CARTESIAN_POINT('',(-83.61100769042969,-27.094343185424805,5.482316017150879));
#39=VERTEX_POINT('',#38);
#40=CARTESIAN_POINT('',(-83.61100769042969,-41.09434127807617,5.482316017150879));
#41=VERTEX_POINT('',#40);
#42=CARTESIAN_POINT('',(-88.66100311279297,-41.09434127807617,5.482316017150879));
#43=VERTEX_POINT('',#42);
#44=CARTESIAN_POINT('',(-67.10203552246094,-41.09434127807617,5.482316017150879));
#45=VERTEX_POINT('',#44);
#46=CARTESIAN_POINT('',(-69.61100769042969,-41.09434127807617,5.482316017150879));
#47=VERTEX_POINT('',#46);
#48=CARTESIAN_POINT('',(-69.61100769042969,-30.535886764526367,5.482316017150879));
#49=VERTEX_POINT('',#48);
#50=CARTESIAN_POINT('',(-69.61100769042969,-27.54099464416504,5.482316017150879));
#51=VERTEX_POINT('',#50);
#52=CARTESIAN_POINT('',(-67.10203552246094,-27.3190860748291,5.482316017150879));
#53=VERTEX_POINT('',#52);
#54=CARTESIAN_POINT('',(-143.41497802734375,-11.485895156860352,5.482316017150879));
#55=VERTEX_POINT('',#54);
#56=CARTESIAN_POINT('',(-143.41497802734375,-8.04434871673584,5.482316017150879));
#57=VERTEX_POINT('',#56);
#58=CARTESIAN_POINT('',(-131.26101684570312,-8.04434871673584,5.482316017150879));
#59=VERTEX_POINT('',#58);
#60=CARTESIAN_POINT('',(-131.26101684570312,-22.044353485107422,5.482316017150879));
#61=VERTEX_POINT('',#60);
#62=CARTESIAN_POINT('',(-143.41497802734375,-22.044353485107422,5.482316017150879));
#63=VERTEX_POINT('',#62);
#64=CARTESIAN_POINT('',(-150.5110321044922,26.614107131958008,5.482316017150879));
#65=VERTEX_POINT('',#64);
#66=CARTESIAN_POINT('',(-150.5110321044922,30.05565071105957,5.482316017150879));
#67=VERTEX_POINT('',#66);
#68=CARTESIAN_POINT('',(-145.4610137939453,30.05565071105957,5.482316017150879));
#69=VERTEX_POINT('',#68);
#70=CARTESIAN_POINT('',(-145.4610137939453,16.05565071105957,5.482316017150879));
#71=VERTEX_POINT('',#70);
#72=CARTESIAN_POINT('',(-150.5110321044922,16.05565071105957,5.482316017150879));
#73=VERTEX_POINT('',#72);
#74=CARTESIAN_POINT('',(-100.18199920654297,-5.498437881469727,5.482316017150879));
#75=VERTEX_POINT('',#74);
#76=CARTESIAN_POINT('',(-76.62721252441406,-5.498437881469727,5.482316017150879));
#77=VERTEX_POINT('',#76);
#78=CARTESIAN_POINT('',(-76.62721252441406,-8.04434871673584,5.482316017150879));
#79=VERTEX_POINT('',#78);
#80=CARTESIAN_POINT('',(-79.16100311279297,-8.04434871673584,5.482316017150879));
#81=VERTEX_POINT('',#80);
#82=CARTESIAN_POINT('',(-102.81101989746094,-2.994347095489502,5.482316017150879));
#83=VERTEX_POINT('',#82);
#84=CARTESIAN_POINT('',(-100.1772689819336,-2.994347095489502,5.482316017150879));
#85=VERTEX_POINT('',#84);
#86=CARTESIAN_POINT('',(-117.26100158691406,-8.04434871673584,5.482316017150879));
#87=VERTEX_POINT('',#86);
#88=CARTESIAN_POINT('',(-116.81101989746094,-2.994347095489502,5.482316017150879));
#89=VERTEX_POINT('',#88);
#90=CARTESIAN_POINT('',(-106.2525634765625,-2.994347095489502,5.482316017150879));
#91=VERTEX_POINT('',#90);
#92=CARTESIAN_POINT('',(-93.1610107421875,-8.04434871673584,5.482316017150879));
#93=VERTEX_POINT('',#92);
#94=CARTESIAN_POINT('',(-98.21102142333984,-8.04434871673584,5.482316017150879));
#95=VERTEX_POINT('',#94);
#96=CARTESIAN_POINT('',(-112.21101379394531,-22.044353485107422,5.482316017150879));
#97=VERTEX_POINT('',#96);
#98=CARTESIAN_POINT('',(-117.26100158691406,-22.044353485107422,5.482316017150879));
#99=VERTEX_POINT('',#98);
#100=CARTESIAN_POINT('',(-117.26100158691406,-11.485895156860352,5.482316017150879));
#101=VERTEX_POINT('',#100);
#102=CARTESIAN_POINT('',(-112.21101379394531,-8.04434871673584,5.482316017150879));
#103=VERTEX_POINT('',#102);
#104=CARTESIAN_POINT('',(-109.76710510253906,68.37468719482422,5.482316017150879));
#105=VERTEX_POINT('',#104);
#106=CARTESIAN_POINT('',(-109.76710510253906,44.92734909057617,5.482316017150879));
#107=VERTEX_POINT('',#106);
#108=CARTESIAN_POINT('',(-112.3649673461914,44.92734909057617,5.482316017150879));
#109=VERTEX_POINT('',#108);
#110=CARTESIAN_POINT('',(-112.3649673461914,55.48580551147461,5.482316017150879));
#111=VERTEX_POINT('',#110);
#112=CARTESIAN_POINT('',(-164.51101684570312,59.0556526184082,5.482316017150879));
#113=VERTEX_POINT('',#112);
#114=CARTESIAN_POINT('',(-182.84344482421875,68.37468719482422,5.482316017150879));
#115=VERTEX_POINT('',#114);
#116=CARTESIAN_POINT('',(-126.36495971679688,44.92734909057617,5.482316017150879));
#117=VERTEX_POINT('',#116);
#118=CARTESIAN_POINT('',(-150.51101684570312,45.0556526184082,5.482316017150879));
#119=VERTEX_POINT('',#118);
#120=CARTESIAN_POINT('',(-150.51101684570312,59.0556526184082,5.482316017150879));
#121=VERTEX_POINT('',#120);
#122=CARTESIAN_POINT('',(-112.3649673461914,58.92734909057617,5.482316017150879));
#123=VERTEX_POINT('',#122);
#124=CARTESIAN_POINT('',(-126.36495971679688,58.92734909057617,5.482316017150879));
#125=VERTEX_POINT('',#124);
#126=CARTESIAN_POINT('',(-126.36495971679688,48.368892669677734,5.482316017150879));
#127=VERTEX_POINT('',#126);
#128=CARTESIAN_POINT('',(-90.84962463378906,-61.88542175292969,5.482316017150879));
#129=VERTEX_POINT('',#128);
#130=CARTESIAN_POINT('',(-67.10203552246094,-61.88542175292969,5.482316017150879));
#131=VERTEX_POINT('',#130);
#132=CARTESIAN_POINT('',(-67.10203552246094,-70.58374786376953,5.482316017150879));
#133=VERTEX_POINT('',#132);
#134=CARTESIAN_POINT('',(-182.84344482421875,-70.58374786376953,5.482316017150879));
#135=VERTEX_POINT('',#134);
#136=CARTESIAN_POINT('',(-164.5110321044922,-60.14435577392578,5.482316017150879));
#137=VERTEX_POINT('',#136);
#138=CARTESIAN_POINT('',(-153.95257568359375,-60.14435577392578,5.482316017150879));
#139=VERTEX_POINT('',#138);
#140=CARTESIAN_POINT('',(-150.5110321044922,-60.14435577392578,5.482316017150879));
#141=VERTEX_POINT('',#140);
#142=CARTESIAN_POINT('',(-67.10203552246094,-44.95695495605469,5.482316017150879));
#143=VERTEX_POINT('',#142);
#144=CARTESIAN_POINT('',(-90.84962463378906,-44.95695495605469,5.482316017150879));
#145=VERTEX_POINT('',#144);
#146=CARTESIAN_POINT('',(-152.51498413085938,-41.09434127807617,5.482316017150879));
#147=VERTEX_POINT('',#146);
#148=CARTESIAN_POINT('',(-152.4921112060547,-41.09434127807617,5.482316017150879));
#149=VERTEX_POINT('',#148);
#150=CARTESIAN_POINT('',(-152.4921112060547,-41.101051330566406,5.482316017150879));
#151=VERTEX_POINT('',#150);
#152=CARTESIAN_POINT('',(-141.95660400390625,-41.101051330566406,5.482316017150879));
#153=VERTEX_POINT('',#152);
#154=CARTESIAN_POINT('',(-142.01947021484375,-46.14434814453125,5.482316017150879));
#155=VERTEX_POINT('',#154);
#156=CARTESIAN_POINT('',(-145.4610137939453,-46.14434814453125,5.482316017150879));
#157=VERTEX_POINT('',#156);
#158=CARTESIAN_POINT('',(-150.5110321044922,-46.14434814453125,5.482316017150879));
#159=VERTEX_POINT('',#158);
#160=CARTESIAN_POINT('',(-145.4610137939453,-60.14435577392578,5.482316017150879));
#161=VERTEX_POINT('',#160);
#162=CARTESIAN_POINT('',(-150.5110321044922,-49.58589553833008,5.482316017150879));
#163=VERTEX_POINT('',#162);
#164=CARTESIAN_POINT('',(-73.05255126953125,-41.09434127807617,5.482316017150879));
#165=VERTEX_POINT('',#164);
#166=CARTESIAN_POINT('',(-134.90255737304688,-60.14435577392578,5.482316017150879));
#167=VERTEX_POINT('',#166);
#168=CARTESIAN_POINT('',(-131.4610137939453,-60.14435577392578,5.482316017150879));
#169=VERTEX_POINT('',#168);
#170=CARTESIAN_POINT('',(-131.4610137939453,-49.58589553833008,5.482316017150879));
#171=VERTEX_POINT('',#170);
#172=CARTESIAN_POINT('',(-131.4610137939453,-46.14434814453125,5.482316017150879));
#173=VERTEX_POINT('',#172);
#174=CARTESIAN_POINT('',(-126.41100311279297,-46.14434814453125,5.482316017150879));
#175=VERTEX_POINT('',#174);
#176=CARTESIAN_POINT('',(-92.10255432128906,-41.09434127807617,5.482316017150879));
#177=VERTEX_POINT('',#176);
#178=CARTESIAN_POINT('',(-126.41100311279297,-60.14435577392578,5.482316017150879));
#179=VERTEX_POINT('',#178);
#180=CARTESIAN_POINT('',(-107.71102142333984,-27.094343185424805,5.482316017150879));
#181=VERTEX_POINT('',#180);
#182=CARTESIAN_POINT('',(-102.6610107421875,-27.094343185424805,5.482316017150879));
#183=VERTEX_POINT('',#182);
#184=CARTESIAN_POINT('',(-102.6610107421875,-41.09434127807617,5.482316017150879));
#185=VERTEX_POINT('',#184);
#186=CARTESIAN_POINT('',(-115.85254669189453,-60.14435577392578,5.482316017150879));
#187=VERTEX_POINT('',#186);
#188=CARTESIAN_POINT('',(-107.71102142333984,-30.535886764526367,5.482316017150879));
#189=VERTEX_POINT('',#188);
#190=CARTESIAN_POINT('',(-112.41100311279297,-60.14435577392578,5.482316017150879));
#191=VERTEX_POINT('',#190);
#192=CARTESIAN_POINT('',(-112.41100311279297,-49.58589553833008,5.482316017150879));
#193=VERTEX_POINT('',#192);
#194=CARTESIAN_POINT('',(-107.71102142333984,-41.09434127807617,5.482316017150879));
#195=VERTEX_POINT('',#194);
#196=CARTESIAN_POINT('',(-112.41100311279297,-46.14434814453125,5.482316017150879));
#197=VERTEX_POINT('',#196);
#198=CARTESIAN_POINT('',(-122.9694595336914,-46.14434814453125,5.482316017150879));
#199=VERTEX_POINT('',#198);
#200=CARTESIAN_POINT('',(-121.71101379394531,-41.09434127807617,5.482316017150879));
#201=VERTEX_POINT('',#200);
#202=CARTESIAN_POINT('',(-99.2194595336914,-27.094343185424805,5.482316017150879));
#203=VERTEX_POINT('',#202);
#204=CARTESIAN_POINT('',(-98.21102142333984,-22.044353485107422,5.482316017150879));
#205=VERTEX_POINT('',#204);
#206=CARTESIAN_POINT('',(-93.1610107421875,-22.044353485107422,5.482316017150879));
#207=VERTEX_POINT('',#206);
#208=CARTESIAN_POINT('',(-82.60255432128906,-22.044353485107422,5.482316017150879));
#209=VERTEX_POINT('',#208);
#210=CARTESIAN_POINT('',(-69.61100769042969,-27.094343185424805,5.482316017150879));
#211=VERTEX_POINT('',#210);
#212=CARTESIAN_POINT('',(-79.16100311279297,-22.044353485107422,5.482316017150879));
#213=VERTEX_POINT('',#212);
#214=CARTESIAN_POINT('',(-76.62721252441406,-22.044353485107422,5.482316017150879));
#215=VERTEX_POINT('',#214);
#216=CARTESIAN_POINT('',(-76.62721252441406,-24.512439727783203,5.482316017150879));
#217=VERTEX_POINT('',#216);
#218=CARTESIAN_POINT('',(-67.10203552246094,-24.512439727783203,5.482316017150879));
#219=VERTEX_POINT('',#218);
#220=CARTESIAN_POINT('',(-135.8610076904297,11.00565242767334,5.482316017150879));
#221=VERTEX_POINT('',#220);
#222=CARTESIAN_POINT('',(-135.8610076904297,-2.994347095489502,5.482316017150879));
#223=VERTEX_POINT('',#222);
#224=CARTESIAN_POINT('',(-145.864990234375,-2.994347095489502,5.482316017150879));
#225=VERTEX_POINT('',#224);
#226=CARTESIAN_POINT('',(-145.864990234375,7.564108848571777,5.482316017150879));
#227=VERTEX_POINT('',#226);
#228=CARTESIAN_POINT('',(-145.864990234375,11.00565242767334,5.482316017150879));
#229=VERTEX_POINT('',#228);
#230=CARTESIAN_POINT('',(-134.90255737304688,16.05565071105957,5.482316017150879));
#231=VERTEX_POINT('',#230);
#232=CARTESIAN_POINT('',(-121.86100006103516,11.00565242767334,5.482316017150879));
#233=VERTEX_POINT('',#232);
#234=CARTESIAN_POINT('',(-131.4610137939453,16.05565071105957,5.482316017150879));
#235=VERTEX_POINT('',#234);
#236=CARTESIAN_POINT('',(-116.81101989746094,11.00565242767334,5.482316017150879));
#237=VERTEX_POINT('',#236);
#238=CARTESIAN_POINT('',(-131.4610137939453,26.614107131958008,5.482316017150879));
#239=VERTEX_POINT('',#238);
#240=CARTESIAN_POINT('',(-131.4610137939453,30.05565071105957,5.482316017150879));
#241=VERTEX_POINT('',#240);
#242=CARTESIAN_POINT('',(-126.41100311279297,30.05565071105957,5.482316017150879));
#243=VERTEX_POINT('',#242);
#244=CARTESIAN_POINT('',(-102.81101989746094,11.00565242767334,5.482316017150879));
#245=VERTEX_POINT('',#244);
#246=CARTESIAN_POINT('',(-100.14610290527344,13.505026817321777,5.482316017150879));
#247=VERTEX_POINT('',#246);
#248=CARTESIAN_POINT('',(-100.15082550048828,11.00565242767334,5.482316017150879));
#249=VERTEX_POINT('',#248);
#250=CARTESIAN_POINT('',(-112.41100311279297,16.05565071105957,5.482316017150879));
#251=VERTEX_POINT('',#250);
#252=CARTESIAN_POINT('',(-109.76710510253906,16.05565071105957,5.482316017150879));
#253=VERTEX_POINT('',#252);
#254=CARTESIAN_POINT('',(-109.76710510253906,13.505026817321777,5.482316017150879));
#255=VERTEX_POINT('',#254);
#256=CARTESIAN_POINT('',(-126.41100311279297,16.05565071105957,5.482316017150879));
#257=VERTEX_POINT('',#256);
#258=CARTESIAN_POINT('',(-115.85254669189453,16.05565071105957,5.482316017150879));
#259=VERTEX_POINT('',#258);
#260=CARTESIAN_POINT('',(-138.4925994873047,-27.101654052734375,5.482316017150879));
#261=VERTEX_POINT('',#260);
#262=CARTESIAN_POINT('',(-138.51498413085938,-27.101654052734375,5.482316017150879));
#263=VERTEX_POINT('',#262);
#264=CARTESIAN_POINT('',(-138.51498413085938,-27.094343185424805,5.482316017150879));
#265=VERTEX_POINT('',#264);
#266=CARTESIAN_POINT('',(-152.51498413085938,-27.094343185424805,5.482316017150879));
#267=VERTEX_POINT('',#266);
#268=CARTESIAN_POINT('',(-152.51498413085938,-28.100650787353516,5.482316017150879));
#269=VERTEX_POINT('',#268);
#270=CARTESIAN_POINT('',(-153.29141235351562,-28.100650787353516,5.482316017150879));
#271=VERTEX_POINT('',#270);
#272=CARTESIAN_POINT('',(-153.29141235351562,-28.570552825927734,5.482316017150879));
#273=VERTEX_POINT('',#272);
#274=CARTESIAN_POINT('',(-155.74290466308594,-28.570552825927734,5.482316017150879));
#275=VERTEX_POINT('',#274);
#276=CARTESIAN_POINT('',(-155.74290466308594,-27.651451110839844,5.482316017150879));
#277=VERTEX_POINT('',#276);
#278=CARTESIAN_POINT('',(-159.0419158935547,-27.651451110839844,5.482316017150879));
#279=VERTEX_POINT('',#278);
#280=CARTESIAN_POINT('',(-159.0419158935547,-28.570552825927734,5.482316017150879));
#281=VERTEX_POINT('',#280);
#282=CARTESIAN_POINT('',(-161.59121704101562,-28.570552825927734,5.482316017150879));
#283=VERTEX_POINT('',#282);
#284=CARTESIAN_POINT('',(-161.59121704101562,-40.87095260620117,5.482316017150879));
#285=VERTEX_POINT('',#284);
#286=CARTESIAN_POINT('',(-159.0419158935547,-40.87095260620117,5.482316017150879));
#287=VERTEX_POINT('',#286);
#288=CARTESIAN_POINT('',(-159.0419158935547,-41.85075378417969,5.482316017150879));
#289=VERTEX_POINT('',#288);
#290=CARTESIAN_POINT('',(-155.74290466308594,-41.85075378417969,5.482316017150879));
#291=VERTEX_POINT('',#290);
#292=CARTESIAN_POINT('',(-155.74290466308594,-40.87095260620117,5.482316017150879));
#293=VERTEX_POINT('',#292);
#294=CARTESIAN_POINT('',(-152.51498413085938,-40.87095260620117,5.482316017150879));
#295=VERTEX_POINT('',#294);
#296=CARTESIAN_POINT('',(-164.5110321044922,-46.14434814453125,5.482316017150879));
#297=VERTEX_POINT('',#296);
#298=CARTESIAN_POINT('',(-164.51101684570312,45.0556526184082,5.482316017150879));
#299=VERTEX_POINT('',#298);
#300=CARTESIAN_POINT('',(-153.9525604248047,45.0556526184082,5.482316017150879));
#301=VERTEX_POINT('',#300);
#302=CARTESIAN_POINT('',(-112.41100311279297,26.614107131958008,5.482316017150879));
#303=VERTEX_POINT('',#302);
#304=CARTESIAN_POINT('',(-112.41100311279297,30.05565071105957,5.482316017150879));
#305=VERTEX_POINT('',#304);
#306=CARTESIAN_POINT('',(-115.8065185546875,44.92734909057617,5.482316017150879));
#307=VERTEX_POINT('',#306);
#308=CARTESIAN_POINT('',(-137.6934051513672,-28.100650787353516,5.482316017150879));
#309=VERTEX_POINT('',#308);
#310=CARTESIAN_POINT('',(-138.4925994873047,-28.100650787353516,5.482316017150879));
#311=VERTEX_POINT('',#310);
#312=CARTESIAN_POINT('',(-135.2432098388672,-28.570552825927734,5.482316017150879));
#313=VERTEX_POINT('',#312);
#314=CARTESIAN_POINT('',(-137.6934051513672,-28.570552825927734,5.482316017150879));
#315=VERTEX_POINT('',#314);
#316=CARTESIAN_POINT('',(-135.2432098388672,-27.651451110839844,5.482316017150879));
#317=VERTEX_POINT('',#316);
#318=CARTESIAN_POINT('',(-129.3922119140625,-28.570552825927734,5.482316017150879));
#319=VERTEX_POINT('',#318);
#320=CARTESIAN_POINT('',(-131.94281005859375,-28.570552825927734,5.482316017150879));
#321=VERTEX_POINT('',#320);
#322=CARTESIAN_POINT('',(-131.94281005859375,-27.651451110839844,5.482316017150879));
#323=VERTEX_POINT('',#322);
#324=CARTESIAN_POINT('',(-131.94281005859375,-41.85075378417969,5.482316017150879));
#325=VERTEX_POINT('',#324);
#326=CARTESIAN_POINT('',(-131.94281005859375,-40.87095260620117,5.482316017150879));
#327=VERTEX_POINT('',#326);
#328=CARTESIAN_POINT('',(-129.3922119140625,-40.87095260620117,5.482316017150879));
#329=VERTEX_POINT('',#328);
#330=CARTESIAN_POINT('',(-138.4925994873047,-40.87095260620117,5.482316017150879));
#331=VERTEX_POINT('',#330);
#332=CARTESIAN_POINT('',(-135.2432098388672,-40.87095260620117,5.482316017150879));
#333=VERTEX_POINT('',#332);
#334=CARTESIAN_POINT('',(-135.2432098388672,-41.85075378417969,5.482316017150879));
#335=VERTEX_POINT('',#334);
#336=CARTESIAN_POINT('',(-138.4925994873047,-41.101051330566406,5.482316017150879));
#337=VERTEX_POINT('',#336);
#338=CARTESIAN_POINT('',(-121.71101379394531,-27.094343185424805,5.482316017150879));
#339=VERTEX_POINT('',#338);
#340=CARTESIAN_POINT('',(-101.6525650024414,-22.044353485107422,5.482316017150879));
#341=VERTEX_POINT('',#340);
#342=CARTESIAN_POINT('',(-120.70254516601562,-22.044353485107422,5.482316017150879));
#343=VERTEX_POINT('',#342);
#344=CARTESIAN_POINT('',(-146.8565216064453,-22.044353485107422,5.482316017150879));
#345=VERTEX_POINT('',#344);
#346=CARTESIAN_POINT('',(-157.41497802734375,-22.044353485107422,5.482316017150879));
#347=VERTEX_POINT('',#346);
#348=CARTESIAN_POINT('',(-157.41497802734375,-8.04434871673584,5.482316017150879));
#349=VERTEX_POINT('',#348);
#350=CARTESIAN_POINT('',(-164.5110321044922,30.05565071105957,5.482316017150879));
#351=VERTEX_POINT('',#350);
#352=CARTESIAN_POINT('',(-164.5110321044922,16.05565071105957,5.482316017150879));
#353=VERTEX_POINT('',#352);
#354=CARTESIAN_POINT('',(-121.86100006103516,7.564108848571777,5.482316017150879));
#355=VERTEX_POINT('',#354);
#356=CARTESIAN_POINT('',(-121.86100006103516,-2.994347095489502,5.482316017150879));
#357=VERTEX_POINT('',#356);
#358=CARTESIAN_POINT('',(-159.86497497558594,11.00565242767334,5.482316017150879));
#359=VERTEX_POINT('',#358);
#360=CARTESIAN_POINT('',(-153.95257568359375,16.05565071105957,5.482316017150879));
#361=VERTEX_POINT('',#360);
#362=CARTESIAN_POINT('',(-125.30254364013672,-2.994347095489502,5.482316017150879));
#363=VERTEX_POINT('',#362);
#364=CARTESIAN_POINT('',(-159.86497497558594,-2.994347095489502,5.482316017150879));
#365=VERTEX_POINT('',#364);
#366=CARTESIAN_POINT('',(-149.30653381347656,-2.994347095489502,5.482316017150879));
#367=VERTEX_POINT('',#366);
#368=CARTESIAN_POINT('',(-98.21102142333984,-11.485895156860352,5.482316017150879));
#369=VERTEX_POINT('',#368);
#370=CARTESIAN_POINT('',(-102.81101989746094,7.564108848571777,5.482316017150879));
#371=VERTEX_POINT('',#370);
#372=CARTESIAN_POINT('',(-79.16100311279297,-11.485895156860352,5.482316017150879));
#373=VERTEX_POINT('',#372);
#374=CARTESIAN_POINT('',(-131.23092651367188,26.614107131958008,8.473478317260742));
#375=VERTEX_POINT('',#374);
#376=CARTESIAN_POINT('',(-131.23092651367188,30.05565071105957,8.473478317260742));
#377=VERTEX_POINT('',#376);
#378=CARTESIAN_POINT('',(-152.28489685058594,-41.09434127807617,8.473478317260742));
#379=VERTEX_POINT('',#378);
#380=CARTESIAN_POINT('',(-152.26202392578125,-41.09434127807617,8.473478317260742));
#381=VERTEX_POINT('',#380);
#382=CARTESIAN_POINT('',(-143.1848907470703,-22.044353485107422,8.473478317260742));
#383=VERTEX_POINT('',#382);
#384=CARTESIAN_POINT('',(-143.1848907470703,-11.485895156860352,8.473478317260742));
#385=VERTEX_POINT('',#384);
#386=CARTESIAN_POINT('',(-125.07245635986328,-2.994347095489502,8.473478317260742));
#387=VERTEX_POINT('',#386);
#388=CARTESIAN_POINT('',(-121.63091278076172,-2.994347095489502,8.473478317260742));
#389=VERTEX_POINT('',#388);
#390=CARTESIAN_POINT('',(-182.6133575439453,68.37468719482422,8.473478317260742));
#391=VERTEX_POINT('',#390);
#392=CARTESIAN_POINT('',(-109.53701782226562,68.37468719482422,8.473478317260742));
#393=VERTEX_POINT('',#392);
#394=CARTESIAN_POINT('',(-145.23092651367188,-46.14434814453125,8.473478317260742));
#395=VERTEX_POINT('',#394);
#396=CARTESIAN_POINT('',(-145.23092651367188,-60.14435577392578,8.473478317260742));
#397=VERTEX_POINT('',#396);
#398=CARTESIAN_POINT('',(-157.1848907470703,-22.044353485107422,8.473478317260742));
#399=VERTEX_POINT('',#398);
#400=CARTESIAN_POINT('',(-146.62643432617188,-22.044353485107422,8.473478317260742));
#401=VERTEX_POINT('',#400);
#402=CARTESIAN_POINT('',(-126.18091583251953,16.05565071105957,8.473478317260742));
#403=VERTEX_POINT('',#402);
#404=CARTESIAN_POINT('',(-115.6224594116211,16.05565071105957,8.473478317260742));
#405=VERTEX_POINT('',#404);
#406=CARTESIAN_POINT('',(-66.8719482421875,-27.3190860748291,8.473478317260742));
#407=VERTEX_POINT('',#406);
#408=CARTESIAN_POINT('',(-66.8719482421875,-41.09434127807617,8.473478317260742));
#409=VERTEX_POINT('',#408);
#410=CARTESIAN_POINT('',(-138.26251220703125,-41.101051330566406,8.473478317260742));
#411=VERTEX_POINT('',#410);
#412=CARTESIAN_POINT('',(-138.26251220703125,-40.87095260620117,8.473478317260742));
#413=VERTEX_POINT('',#412);
#414=CARTESIAN_POINT('',(-131.0309295654297,-8.04434871673584,8.473478317260742));
#415=VERTEX_POINT('',#414);
#416=CARTESIAN_POINT('',(-131.0309295654297,-22.044353485107422,8.473478317260742));
#417=VERTEX_POINT('',#416);
#418=CARTESIAN_POINT('',(-109.53701782226562,16.05565071105957,8.473478317260742));
#419=VERTEX_POINT('',#418);
#420=CARTESIAN_POINT('',(-109.53701782226562,13.505026817321777,8.473478317260742));
#421=VERTEX_POINT('',#420);
#422=CARTESIAN_POINT('',(-134.67247009277344,-60.14435577392578,8.473478317260742));
#423=VERTEX_POINT('',#422);
#424=CARTESIAN_POINT('',(-131.23092651367188,16.05565071105957,8.473478317260742));
#425=VERTEX_POINT('',#424);
#426=CARTESIAN_POINT('',(-161.3611297607422,-40.87095260620117,8.473478317260742));
#427=VERTEX_POINT('',#426);
#428=CARTESIAN_POINT('',(-158.81182861328125,-40.87095260620117,8.473478317260742));
#429=VERTEX_POINT('',#428);
#430=CARTESIAN_POINT('',(-99.916015625,13.505026817321777,8.473478317260742));
#431=VERTEX_POINT('',#430);
#432=CARTESIAN_POINT('',(-153.0613250732422,-28.570552825927734,8.473478317260742));
#433=VERTEX_POINT('',#432);
#434=CARTESIAN_POINT('',(-155.5128173828125,-28.570552825927734,8.473478317260742));
#435=VERTEX_POINT('',#434);
#436=CARTESIAN_POINT('',(-143.1848907470703,-8.04434871673584,8.473478317260742));
#437=VERTEX_POINT('',#436);
#438=CARTESIAN_POINT('',(-157.1848907470703,-8.04434871673584,8.473478317260742));
#439=VERTEX_POINT('',#438);
#440=CARTESIAN_POINT('',(-155.5128173828125,-27.651451110839844,8.473478317260742));
#441=VERTEX_POINT('',#440);
#442=CARTESIAN_POINT('',(-135.01312255859375,-41.85075378417969,8.473478317260742));
#443=VERTEX_POINT('',#442);
#444=CARTESIAN_POINT('',(-131.7127227783203,-41.85075378417969,8.473478317260742));
#445=VERTEX_POINT('',#444);
#446=CARTESIAN_POINT('',(-112.18091583251953,30.05565071105957,8.473478317260742));
#447=VERTEX_POINT('',#446);
#448=CARTESIAN_POINT('',(-126.18091583251953,30.05565071105957,8.473478317260742));
#449=VERTEX_POINT('',#448);
#450=CARTESIAN_POINT('',(-158.81182861328125,-41.85075378417969,8.473478317260742));
#451=VERTEX_POINT('',#450);
#452=CARTESIAN_POINT('',(-112.18091583251953,26.614107131958008,8.473478317260742));
#453=VERTEX_POINT('',#452);
#454=CARTESIAN_POINT('',(-66.8719482421875,-24.512439727783203,8.473478317260742));
#455=VERTEX_POINT('',#454);
#456=CARTESIAN_POINT('',(-92.93092346191406,-22.044353485107422,8.473478317260742));
#457=VERTEX_POINT('',#456);
#458=CARTESIAN_POINT('',(-82.37246704101562,-22.044353485107422,8.473478317260742));
#459=VERTEX_POINT('',#458);
#460=CARTESIAN_POINT('',(-129.16212463378906,-28.570552825927734,8.473478317260742));
#461=VERTEX_POINT('',#460);
#462=CARTESIAN_POINT('',(-131.7127227783203,-28.570552825927734,8.473478317260742));
#463=VERTEX_POINT('',#462);
#464=CARTESIAN_POINT('',(-78.93091583251953,-11.485895156860352,8.473478317260742));
#465=VERTEX_POINT('',#464);
#466=CARTESIAN_POINT('',(-78.93091583251953,-8.04434871673584,8.473478317260742));
#467=VERTEX_POINT('',#466);
#468=CARTESIAN_POINT('',(-158.81182861328125,-27.651451110839844,8.473478317260742));
#469=VERTEX_POINT('',#468);
#470=CARTESIAN_POINT('',(-135.63092041015625,-2.994347095489502,8.473478317260742));
#471=VERTEX_POINT('',#470);
#472=CARTESIAN_POINT('',(-150.28094482421875,-49.58589553833008,8.473478317260742));
#473=VERTEX_POINT('',#472);
#474=CARTESIAN_POINT('',(-150.28094482421875,-46.14434814453125,8.473478317260742));
#475=VERTEX_POINT('',#474);
#476=CARTESIAN_POINT('',(-83.38092041015625,-27.094343185424805,8.473478317260742));
#477=VERTEX_POINT('',#476);
#478=CARTESIAN_POINT('',(-83.38092041015625,-41.09434127807617,8.473478317260742));
#479=VERTEX_POINT('',#478);
#480=CARTESIAN_POINT('',(-90.61953735351562,-44.95695495605469,8.473478317260742));
#481=VERTEX_POINT('',#480);
#482=CARTESIAN_POINT('',(-90.61953735351562,-61.88542175292969,8.473478317260742));
#483=VERTEX_POINT('',#482);
#484=CARTESIAN_POINT('',(-149.07644653320312,-2.994347095489502,8.473478317260742));
#485=VERTEX_POINT('',#484);
#486=CARTESIAN_POINT('',(-145.63490295410156,-2.994347095489502,8.473478317260742));
#487=VERTEX_POINT('',#486);
#488=CARTESIAN_POINT('',(-117.03091430664062,-11.485895156860352,8.473478317260742));
#489=VERTEX_POINT('',#488);
#490=CARTESIAN_POINT('',(-117.03091430664062,-8.04434871673584,8.473478317260742));
#491=VERTEX_POINT('',#490);
#492=CARTESIAN_POINT('',(-134.67247009277344,16.05565071105957,8.473478317260742));
#493=VERTEX_POINT('',#492);
#494=CARTESIAN_POINT('',(-107.4809341430664,-30.535886764526367,8.473478317260742));
#495=VERTEX_POINT('',#494);
#496=CARTESIAN_POINT('',(-107.4809341430664,-27.094343185424805,8.473478317260742));
#497=VERTEX_POINT('',#496);
#498=CARTESIAN_POINT('',(-135.63092041015625,11.00565242767334,8.473478317260742));
#499=VERTEX_POINT('',#498);
#500=CARTESIAN_POINT('',(-66.8719482421875,-61.88542175292969,8.473478317260742));
#501=VERTEX_POINT('',#500);
#502=CARTESIAN_POINT('',(-66.8719482421875,-70.58374786376953,8.473478317260742));
#503=VERTEX_POINT('',#502);
#504=CARTESIAN_POINT('',(-164.28094482421875,16.05565071105957,8.473478317260742));
#505=VERTEX_POINT('',#504);
#506=CARTESIAN_POINT('',(-153.7224884033203,16.05565071105957,8.473478317260742));
#507=VERTEX_POINT('',#506);
#508=CARTESIAN_POINT('',(-126.13487243652344,58.92734909057617,8.473478317260742));
#509=VERTEX_POINT('',#508);
#510=CARTESIAN_POINT('',(-126.13487243652344,48.368892669677734,8.473478317260742));
#511=VERTEX_POINT('',#510);
#512=CARTESIAN_POINT('',(-155.5128173828125,-41.85075378417969,8.473478317260742));
#513=VERTEX_POINT('',#512);
#514=CARTESIAN_POINT('',(-150.28094482421875,16.05565071105957,8.473478317260742));
#515=VERTEX_POINT('',#514);
#516=CARTESIAN_POINT('',(-158.81182861328125,-28.570552825927734,8.473478317260742));
#517=VERTEX_POINT('',#516);
#518=CARTESIAN_POINT('',(-161.3611297607422,-28.570552825927734,8.473478317260742));
#519=VERTEX_POINT('',#518);
#520=CARTESIAN_POINT('',(-88.43091583251953,-41.09434127807617,8.473478317260742));
#521=VERTEX_POINT('',#520);
#522=CARTESIAN_POINT('',(-88.43091583251953,-30.535886764526367,8.473478317260742));
#523=VERTEX_POINT('',#522);
#524=CARTESIAN_POINT('',(-159.6348876953125,11.00565242767334,8.473478317260742));
#525=VERTEX_POINT('',#524);
#526=CARTESIAN_POINT('',(-159.6348876953125,-2.994347095489502,8.473478317260742));
#527=VERTEX_POINT('',#526);
#528=CARTESIAN_POINT('',(-182.6133575439453,-70.58374786376953,8.473478317260742));
#529=VERTEX_POINT('',#528);
#530=CARTESIAN_POINT('',(-145.63490295410156,11.00565242767334,8.473478317260742));
#531=VERTEX_POINT('',#530);
#532=CARTESIAN_POINT('',(-76.39712524414062,-8.04434871673584,8.473478317260742));
#533=VERTEX_POINT('',#532);
#534=CARTESIAN_POINT('',(-76.39712524414062,-22.044353485107422,8.473478317260742));
#535=VERTEX_POINT('',#534);
#536=CARTESIAN_POINT('',(-102.43092346191406,-41.09434127807617,8.473478317260742));
#537=VERTEX_POINT('',#536);
#538=CARTESIAN_POINT('',(-91.87246704101562,-41.09434127807617,8.473478317260742));
#539=VERTEX_POINT('',#538);
#540=CARTESIAN_POINT('',(-145.63490295410156,7.564108848571777,8.473478317260742));
#541=VERTEX_POINT('',#540);
#542=CARTESIAN_POINT('',(-141.7265167236328,-41.101051330566406,8.473478317260742));
#543=VERTEX_POINT('',#542);
#544=CARTESIAN_POINT('',(-102.5809326171875,-2.994347095489502,8.473478317260742));
#545=VERTEX_POINT('',#544);
#546=CARTESIAN_POINT('',(-102.5809326171875,7.564108848571777,8.473478317260742));
#547=VERTEX_POINT('',#546);
#548=CARTESIAN_POINT('',(-115.57643127441406,44.92734909057617,8.473478317260742));
#549=VERTEX_POINT('',#548);
#550=CARTESIAN_POINT('',(-112.13488006591797,44.92734909057617,8.473478317260742));
#551=VERTEX_POINT('',#550);
#552=CARTESIAN_POINT('',(-126.13487243652344,44.92734909057617,8.473478317260742));
#553=VERTEX_POINT('',#552);
#554=CARTESIAN_POINT('',(-78.93091583251953,-22.044353485107422,8.473478317260742));
#555=VERTEX_POINT('',#554);
#556=CARTESIAN_POINT('',(-112.13488006591797,55.48580551147461,8.473478317260742));
#557=VERTEX_POINT('',#556);
#558=CARTESIAN_POINT('',(-112.13488006591797,58.92734909057617,8.473478317260742));
#559=VERTEX_POINT('',#558);
#560=CARTESIAN_POINT('',(-131.7127227783203,-27.651451110839844,8.473478317260742));
#561=VERTEX_POINT('',#560);
#562=CARTESIAN_POINT('',(-112.18091583251953,-46.14434814453125,8.473478317260742));
#563=VERTEX_POINT('',#562);
#564=CARTESIAN_POINT('',(-122.73937225341797,-46.14434814453125,8.473478317260742));
#565=VERTEX_POINT('',#564);
#566=CARTESIAN_POINT('',(-131.23092651367188,-60.14435577392578,8.473478317260742));
#567=VERTEX_POINT('',#566);
#568=CARTESIAN_POINT('',(-120.47245788574219,-22.044353485107422,8.473478317260742));
#569=VERTEX_POINT('',#568);
#570=CARTESIAN_POINT('',(-152.26202392578125,-41.101051330566406,8.473478317260742));
#571=VERTEX_POINT('',#570);
#572=CARTESIAN_POINT('',(-116.5809326171875,11.00565242767334,8.473478317260742));
#573=VERTEX_POINT('',#572);
#574=CARTESIAN_POINT('',(-116.5809326171875,-2.994347095489502,8.473478317260742));
#575=VERTEX_POINT('',#574);
#576=CARTESIAN_POINT('',(-121.63091278076172,7.564108848571777,8.473478317260742));
#577=VERTEX_POINT('',#576);
#578=CARTESIAN_POINT('',(-121.63091278076172,11.00565242767334,8.473478317260742));
#579=VERTEX_POINT('',#578);
#580=CARTESIAN_POINT('',(-102.43092346191406,-27.094343185424805,8.473478317260742));
#581=VERTEX_POINT('',#580);
#582=CARTESIAN_POINT('',(-99.92073822021484,11.00565242767334,8.473478317260742));
#583=VERTEX_POINT('',#582);
#584=CARTESIAN_POINT('',(-164.28094482421875,-60.14435577392578,8.473478317260742));
#585=VERTEX_POINT('',#584);
#586=CARTESIAN_POINT('',(-153.7224884033203,-60.14435577392578,8.473478317260742));
#587=VERTEX_POINT('',#586);
#588=CARTESIAN_POINT('',(-88.43091583251953,-27.094343185424805,8.473478317260742));
#589=VERTEX_POINT('',#588);
#590=CARTESIAN_POINT('',(-145.23092651367188,30.05565071105957,8.473478317260742));
#591=VERTEX_POINT('',#590);
#592=CARTESIAN_POINT('',(-129.16212463378906,-40.87095260620117,8.473478317260742));
#593=VERTEX_POINT('',#592);
#594=CARTESIAN_POINT('',(-164.28094482421875,30.05565071105957,8.473478317260742));
#595=VERTEX_POINT('',#594);
#596=CARTESIAN_POINT('',(-135.01312255859375,-40.87095260620117,8.473478317260742));
#597=VERTEX_POINT('',#596);
#598=CARTESIAN_POINT('',(-76.39712524414062,-24.512439727783203,8.473478317260742));
#599=VERTEX_POINT('',#598);
#600=CARTESIAN_POINT('',(-150.2809295654297,45.0556526184082,8.473478317260742));
#601=VERTEX_POINT('',#600);
#602=CARTESIAN_POINT('',(-150.2809295654297,59.0556526184082,8.473478317260742));
#603=VERTEX_POINT('',#602);
#604=CARTESIAN_POINT('',(-102.5809326171875,11.00565242767334,8.473478317260742));
#605=VERTEX_POINT('',#604);
#606=CARTESIAN_POINT('',(-109.53701782226562,44.92734909057617,8.473478317260742));
#607=VERTEX_POINT('',#606);
#608=CARTESIAN_POINT('',(-164.2809295654297,45.0556526184082,8.473478317260742));
#609=VERTEX_POINT('',#608);
#610=CARTESIAN_POINT('',(-153.72247314453125,45.0556526184082,8.473478317260742));
#611=VERTEX_POINT('',#610);
#612=CARTESIAN_POINT('',(-106.02247619628906,-2.994347095489502,8.473478317260742));
#613=VERTEX_POINT('',#612);
#614=CARTESIAN_POINT('',(-99.94718170166016,-2.994347095489502,8.473478317260742));
#615=VERTEX_POINT('',#614);
#616=CARTESIAN_POINT('',(-111.98092651367188,-8.04434871673584,8.473478317260742));
#617=VERTEX_POINT('',#616);
#618=CARTESIAN_POINT('',(-111.98092651367188,-22.044353485107422,8.473478317260742));
#619=VERTEX_POINT('',#618);
#620=CARTESIAN_POINT('',(-137.46331787109375,-28.100650787353516,8.473478317260742));
#621=VERTEX_POINT('',#620);
#622=CARTESIAN_POINT('',(-138.26251220703125,-28.100650787353516,8.473478317260742));
#623=VERTEX_POINT('',#622);
#624=CARTESIAN_POINT('',(-164.2809295654297,59.0556526184082,8.473478317260742));
#625=VERTEX_POINT('',#624);
#626=CARTESIAN_POINT('',(-98.98937225341797,-27.094343185424805,8.473478317260742));
#627=VERTEX_POINT('',#626);
#628=CARTESIAN_POINT('',(-107.4809341430664,-41.09434127807617,8.473478317260742));
#629=VERTEX_POINT('',#628);
#630=CARTESIAN_POINT('',(-112.18091583251953,16.05565071105957,8.473478317260742));
#631=VERTEX_POINT('',#630);
#632=CARTESIAN_POINT('',(-141.7893829345703,-46.14434814453125,8.473478317260742));
#633=VERTEX_POINT('',#632);
#634=CARTESIAN_POINT('',(-69.38092041015625,-30.535886764526367,8.473478317260742));
#635=VERTEX_POINT('',#634);
#636=CARTESIAN_POINT('',(-69.38092041015625,-27.54099464416504,8.473478317260742));
#637=VERTEX_POINT('',#636);
#638=CARTESIAN_POINT('',(-138.51498413085938,-27.101654052734375,5.483882904052734));
#639=VERTEX_POINT('',#638);
#640=CARTESIAN_POINT('',(-150.28094482421875,30.05565071105957,8.473478317260742));
#641=VERTEX_POINT('',#640);
#642=CARTESIAN_POINT('',(-92.93092346191406,-8.04434871673584,8.473478317260742));
#643=VERTEX_POINT('',#642);
#644=CARTESIAN_POINT('',(-66.8719482421875,-44.95695495605469,8.473478317260742));
#645=VERTEX_POINT('',#644);
#646=CARTESIAN_POINT('',(-135.01312255859375,-27.651451110839844,8.473478317260742));
#647=VERTEX_POINT('',#646);
#648=CARTESIAN_POINT('',(-97.9809341430664,-11.485895156860352,8.473478317260742));
#649=VERTEX_POINT('',#648);
#650=CARTESIAN_POINT('',(-97.9809341430664,-8.04434871673584,8.473478317260742));
#651=VERTEX_POINT('',#650);
#652=CARTESIAN_POINT('',(-97.9809341430664,-22.044353485107422,8.473478317260742));
#653=VERTEX_POINT('',#652);
#654=CARTESIAN_POINT('',(-121.48092651367188,-41.09434127807617,8.473478317260742));
#655=VERTEX_POINT('',#654);
#656=CARTESIAN_POINT('',(-72.82246398925781,-41.09434127807617,8.473478317260742));
#657=VERTEX_POINT('',#656);
#658=CARTESIAN_POINT('',(-137.46331787109375,-28.570552825927734,8.473478317260742));
#659=VERTEX_POINT('',#658);
#660=CARTESIAN_POINT('',(-155.5128173828125,-40.87095260620117,8.473478317260742));
#661=VERTEX_POINT('',#660);
#662=CARTESIAN_POINT('',(-152.28489685058594,-40.87095260620117,8.473478317260742));
#663=VERTEX_POINT('',#662);
#664=CARTESIAN_POINT('',(-164.28094482421875,-46.14434814453125,8.473478317260742));
#665=VERTEX_POINT('',#664);
#666=CARTESIAN_POINT('',(-69.38092041015625,-27.094343185424805,8.473478317260742));
#667=VERTEX_POINT('',#666);
#668=CARTESIAN_POINT('',(-135.01312255859375,-28.570552825927734,8.473478317260742));
#669=VERTEX_POINT('',#668);
#670=CARTESIAN_POINT('',(-69.38092041015625,-41.09434127807617,8.473478317260742));
#671=VERTEX_POINT('',#670);
#672=CARTESIAN_POINT('',(-131.7127227783203,-40.87095260620117,8.473478317260742));
#673=VERTEX_POINT('',#672);
#674=CARTESIAN_POINT('',(-150.28094482421875,-60.14435577392578,8.473478317260742));
#675=VERTEX_POINT('',#674);
#676=CARTESIAN_POINT('',(-145.23092651367188,16.05565071105957,8.473478317260742));
#677=VERTEX_POINT('',#676);
#678=CARTESIAN_POINT('',(-117.03091430664062,-22.044353485107422,8.473478317260742));
#679=VERTEX_POINT('',#678);
#680=CARTESIAN_POINT('',(-99.95191192626953,-5.498437881469727,8.473478317260742));
#681=VERTEX_POINT('',#680);
#682=CARTESIAN_POINT('',(-138.26251220703125,-27.101654052734375,8.473478317260742));
#683=VERTEX_POINT('',#682);
#684=CARTESIAN_POINT('',(-138.28489685058594,-27.101654052734375,8.473478317260742));
#685=VERTEX_POINT('',#684);
#686=CARTESIAN_POINT('',(-126.18091583251953,-60.14435577392578,8.473478317260742));
#687=VERTEX_POINT('',#686);
#688=CARTESIAN_POINT('',(-115.6224594116211,-60.14435577392578,8.473478317260742));
#689=VERTEX_POINT('',#688);
#690=CARTESIAN_POINT('',(-121.48092651367188,-27.094343185424805,8.473478317260742));
#691=VERTEX_POINT('',#690);
#692=CARTESIAN_POINT('',(-138.28489685058594,-27.094343185424805,8.473478317260742));
#693=VERTEX_POINT('',#692);
#694=CARTESIAN_POINT('',(-152.28489685058594,-27.094343185424805,8.473478317260742));
#695=VERTEX_POINT('',#694);
#696=CARTESIAN_POINT('',(-112.18091583251953,-60.14435577392578,8.473478317260742));
#697=VERTEX_POINT('',#696);
#698=CARTESIAN_POINT('',(-101.42247772216797,-22.044353485107422,8.473478317260742));
#699=VERTEX_POINT('',#698);
#700=CARTESIAN_POINT('',(-131.23092651367188,-49.58589553833008,8.473478317260742));
#701=VERTEX_POINT('',#700);
#702=CARTESIAN_POINT('',(-138.28489685058594,-27.101654052734375,8.475046157836914));
#703=VERTEX_POINT('',#702);
#704=CARTESIAN_POINT('',(-112.18091583251953,-49.58589553833008,8.473478317260742));
#705=VERTEX_POINT('',#704);
#706=CARTESIAN_POINT('',(-126.18091583251953,-46.14434814453125,8.473478317260742));
#707=VERTEX_POINT('',#706);
#708=CARTESIAN_POINT('',(-153.0613250732422,-28.100650787353516,8.473478317260742));
#709=VERTEX_POINT('',#708);
#710=CARTESIAN_POINT('',(-76.39712524414062,-5.498437881469727,8.473478317260742));
#711=VERTEX_POINT('',#710);
#712=CARTESIAN_POINT('',(-152.28489685058594,-28.100650787353516,8.473478317260742));
#713=VERTEX_POINT('',#712);
#714=CARTESIAN_POINT('',(-131.23092651367188,-46.14434814453125,8.473478317260742));
#715=VERTEX_POINT('',#714);
#716=CARTESIAN_POINT('',(-150.28094482421875,26.614107131958008,8.473478317260742));
#717=VERTEX_POINT('',#716);
#718=FACE_SURFACE('',(#723),#719,.T.);
#719=PLANE('',#720);
#720=AXIS2_PLACEMENT_3D('',#34,#721,#722);
#721=DIRECTION('',(0,0,-1));
#722=DIRECTION('',(0,1,0));
#723=FACE_BOUND('',#724,.T.);
#724=EDGE_LOOP('',(#725,#726,#727));
#725=ORIENTED_EDGE('',*,*,#728,.T.);
#726=ORIENTED_EDGE('',*,*,#729,.T.);
#727=ORIENTED_EDGE('',*,*,#730,.T.);
#728=EDGE_CURVE('',#35,#37,#731,.F.);
#729=EDGE_CURVE('',#37,#39,#732,.T.);
#730=EDGE_CURVE('',#39,#35,#733,.T.);
#731=LINE('',#34,#734);
#732=LINE('',#36,#735);
#733=LINE('',#38,#736);
#734=VECTOR('',#737,1.0);
#735=VECTOR('',#738,1.0);
#736=VECTOR('',#739,1.0);
#737=DIRECTION('',(0,1,0));
#738=DIRECTION('',(1,0,0));
#739=DIRECTION('',(-0.8263518574444095,-0.5631541597983402,0));
#740=FACE_SURFACE('',(#745),#741,.T.);
#741=PLANE('',#742);
#742=AXIS2_PLACEMENT_3D('',#38,#743,#744);
#743=DIRECTION('',(0,-0,-1));
#744=DIRECTION('',(0,-1,0));
#745=FACE_BOUND('',#746,.T.);
#746=EDGE_LOOP('',(#747,#748,#749));
#747=ORIENTED_EDGE('',*,*,#750,.T.);
#748=ORIENTED_EDGE('',*,*,#751,.T.);
#749=ORIENTED_EDGE('',*,*,#752,.T.);
#750=EDGE_CURVE('',#39,#41,#753,.F.);
#751=EDGE_CURVE('',#41,#43,#754,.T.);
#752=EDGE_CURVE('',#43,#39,#755,.T.);
#753=LINE('',#38,#756);
#754=LINE('',#40,#757);
#755=LINE('',#42,#758);
#756=VECTOR('',#759,1.0);
#757=VECTOR('',#760,1.0);
#758=VECTOR('',#761,1.0);
#759=DIRECTION('',(0,-1,0));
#760=DIRECTION('',(-1,0,0));
#761=DIRECTION('',(0.3393139899269049,0.940673171850821,0));
#762=FACE_SURFACE('',(#767),#763,.T.);
#763=PLANE('',#764);
#764=AXIS2_PLACEMENT_3D('',#34,#765,#766);
#765=DIRECTION('',(0,0,-1));
#766=DIRECTION('',(0.8263518574444095,0.5631541597983402,0));
#767=FACE_BOUND('',#768,.T.);
#768=EDGE_LOOP('',(#769,#770,#771));
#769=ORIENTED_EDGE('',*,*,#772,.T.);
#770=ORIENTED_EDGE('',*,*,#773,.T.);
#771=ORIENTED_EDGE('',*,*,#774,.T.);
#772=EDGE_CURVE('',#35,#39,#775,.F.);
#773=EDGE_CURVE('',#39,#43,#776,.T.);
#774=EDGE_CURVE('',#43,#35,#777,.T.);
#775=LINE('',#34,#778);
#776=LINE('',#38,#779);
#777=LINE('',#42,#780);
#778=VECTOR('',#781,1.0);
#779=VECTOR('',#782,1.0);
#780=VECTOR('',#783,1.0);
#781=DIRECTION('',(0.8263518574444095,0.5631541597983402,0));
#782=DIRECTION('',(-0.3393139899269049,-0.940673171850821,0));
#783=DIRECTION('',(0,1,0));
#784=FACE_SURFACE('',(#789),#785,.T.);
#785=PLANE('',#786);
#786=AXIS2_PLACEMENT_3D('',#44,#787,#788);
#787=DIRECTION('',(0,0,-1));
#788=DIRECTION('',(-1,0,0));
#789=FACE_BOUND('',#790,.T.);
#790=EDGE_LOOP('',(#791,#792,#793));
#791=ORIENTED_EDGE('',*,*,#794,.T.);
#792=ORIENTED_EDGE('',*,*,#795,.T.);
#793=ORIENTED_EDGE('',*,*,#796,.T.);
#794=EDGE_CURVE('',#45,#47,#797,.F.);
#795=EDGE_CURVE('',#47,#49,#798,.T.);
#796=EDGE_CURVE('',#49,#45,#799,.T.);
#797=LINE('',#44,#800);
#798=LINE('',#46,#801);
#799=LINE('',#48,#802);
#800=VECTOR('',#803,1.0);
#801=VECTOR('',#804,1.0);
#802=VECTOR('',#805,1.0);
#803=DIRECTION('',(-1,0,0));
#804=DIRECTION('',(0,1,0));
#805=DIRECTION('',(0.23118924263876953,-0.9729088004988505,0));
#806=FACE_SURFACE('',(#811),#807,.T.);
#807=PLANE('',#808);
#808=AXIS2_PLACEMENT_3D('',#48,#809,#810);
#809=DIRECTION('',(0,0,-1));
#810=DIRECTION('',(0,1,0));
#811=FACE_BOUND('',#812,.T.);
#812=EDGE_LOOP('',(#813,#814,#815));
#813=ORIENTED_EDGE('',*,*,#816,.T.);
#814=ORIENTED_EDGE('',*,*,#817,.T.);
#815=ORIENTED_EDGE('',*,*,#818,.T.);
#816=EDGE_CURVE('',#49,#51,#819,.F.);
#817=EDGE_CURVE('',#51,#53,#820,.T.);
#818=EDGE_CURVE('',#53,#49,#821,.T.);
#819=LINE('',#48,#822);
#820=LINE('',#50,#823);
#821=LINE('',#52,#824);
#822=VECTOR('',#825,1.0);
#823=VECTOR('',#826,1.0);
#824=VECTOR('',#827,1.0);
#825=DIRECTION('',(0,1,0));
#826=DIRECTION('',(0.9961114513302829,0.08810208016089903,0));
#827=DIRECTION('',(-0.6150116249128316,-0.7885180411519311,0));
#828=FACE_SURFACE('',(#833),#829,.T.);
#829=PLANE('',#830);
#830=AXIS2_PLACEMENT_3D('',#48,#831,#832);
#831=DIRECTION('',(0,0,-1));
#832=DIRECTION('',(0.6150116249128316,0.7885180411519311,0));
#833=FACE_BOUND('',#834,.T.);
#834=EDGE_LOOP('',(#835,#836,#837));
#835=ORIENTED_EDGE('',*,*,#838,.T.);
#836=ORIENTED_EDGE('',*,*,#839,.T.);
#837=ORIENTED_EDGE('',*,*,#840,.T.);
#838=EDGE_CURVE('',#49,#53,#841,.F.);
#839=EDGE_CURVE('',#53,#45,#842,.T.);
#840=EDGE_CURVE('',#45,#49,#843,.T.);
#841=LINE('',#48,#844);
#842=LINE('',#52,#845);
#843=LINE('',#44,#846);
#844=VECTOR('',#847,1.0);
#845=VECTOR('',#848,1.0);
#846=VECTOR('',#849,1.0);
#847=DIRECTION('',(0.6150116249128316,0.7885180411519311,0));
#848=DIRECTION('',(0,-1,0));
#849=DIRECTION('',(-0.23118924263876953,0.9729088004988505,0));
#850=FACE_SURFACE('',(#855),#851,.T.);
#851=PLANE('',#852);
#852=AXIS2_PLACEMENT_3D('',#54,#853,#854);
#853=DIRECTION('',(0,0,-1));
#854=DIRECTION('',(0,1,0));
#855=FACE_BOUND('',#856,.T.);
#856=EDGE_LOOP('',(#857,#858,#859));
#857=ORIENTED_EDGE('',*,*,#860,.T.);
#858=ORIENTED_EDGE('',*,*,#861,.T.);
#859=ORIENTED_EDGE('',*,*,#862,.T.);
#860=EDGE_CURVE('',#55,#57,#863,.F.);
#861=EDGE_CURVE('',#57,#59,#864,.T.);
#862=EDGE_CURVE('',#59,#55,#865,.T.);
#863=LINE('',#54,#866);
#864=LINE('',#56,#867);
#865=LINE('',#58,#868);
#866=VECTOR('',#869,1.0);
#867=VECTOR('',#870,1.0);
#868=VECTOR('',#871,1.0);
#869=DIRECTION('',(0,1,0));
#870=DIRECTION('',(1,0,0));
#871=DIRECTION('',(-0.9621698166861652,-0.2724504429398331,0));
#872=FACE_SURFACE('',(#877),#873,.T.);
#873=PLANE('',#874);
#874=AXIS2_PLACEMENT_3D('',#58,#875,#876);
#875=DIRECTION('',(0,-0,-1));
#876=DIRECTION('',(0,-1,0));
#877=FACE_BOUND('',#878,.T.);
#878=EDGE_LOOP('',(#879,#880,#881));
#879=ORIENTED_EDGE('',*,*,#882,.T.);
#880=ORIENTED_EDGE('',*,*,#883,.T.);
#881=ORIENTED_EDGE('',*,*,#884,.T.);
#882=EDGE_CURVE('',#59,#61,#885,.F.);
#883=EDGE_CURVE('',#61,#63,#886,.T.);
#884=EDGE_CURVE('',#63,#59,#887,.T.);
#885=LINE('',#58,#888);
#886=LINE('',#60,#889);
#887=LINE('',#62,#890);
#888=VECTOR('',#891,1.0);
#889=VECTOR('',#892,1.0);
#890=VECTOR('',#893,1.0);
#891=DIRECTION('',(0,-1,0));
#892=DIRECTION('',(-1,0,0));
#893=DIRECTION('',(0.6555655669922533,0.7551382571252271,0));
#894=FACE_SURFACE('',(#899),#895,.T.);
#895=PLANE('',#896);
#896=AXIS2_PLACEMENT_3D('',#54,#897,#898);
#897=DIRECTION('',(0,0,-1));
#898=DIRECTION('',(0.9621698166861652,0.2724504429398331,0));
#899=FACE_BOUND('',#900,.T.);
#900=EDGE_LOOP('',(#901,#902,#903));
#901=ORIENTED_EDGE('',*,*,#904,.T.);
#902=ORIENTED_EDGE('',*,*,#905,.T.);
#903=ORIENTED_EDGE('',*,*,#906,.T.);
#904=EDGE_CURVE('',#55,#59,#907,.F.);
#905=EDGE_CURVE('',#59,#63,#908,.T.);
#906=EDGE_CURVE('',#63,#55,#909,.T.);
#907=LINE('',#54,#910);
#908=LINE('',#58,#911);
#909=LINE('',#62,#912);
#910=VECTOR('',#913,1.0);
#911=VECTOR('',#914,1.0);
#912=VECTOR('',#915,1.0);
#913=DIRECTION('',(0.9621698166861652,0.2724504429398331,0));
#914=DIRECTION('',(-0.6555655669922533,-0.7551382571252271,0));
#915=DIRECTION('',(0,1,0));
#916=FACE_SURFACE('',(#921),#917,.T.);
#917=PLANE('',#918);
#918=AXIS2_PLACEMENT_3D('',#64,#919,#920);
#919=DIRECTION('',(0,0,-1));
#920=DIRECTION('',(0,1,0));
#921=FACE_BOUND('',#922,.T.);
#922=EDGE_LOOP('',(#923,#924,#925));
#923=ORIENTED_EDGE('',*,*,#926,.T.);
#924=ORIENTED_EDGE('',*,*,#927,.T.);
#925=ORIENTED_EDGE('',*,*,#928,.T.);
#926=EDGE_CURVE('',#65,#67,#929,.F.);
#927=EDGE_CURVE('',#67,#69,#930,.T.);
#928=EDGE_CURVE('',#69,#65,#931,.T.);
#929=LINE('',#64,#932);
#930=LINE('',#66,#933);
#931=LINE('',#68,#934);
#932=VECTOR('',#935,1.0);
#933=VECTOR('',#936,1.0);
#934=VECTOR('',#937,1.0);
#935=DIRECTION('',(0,1,0));
#936=DIRECTION('',(1,0,0));
#937=DIRECTION('',(-0.8263530452296607,-0.5631524168816702,0));
#938=FACE_SURFACE('',(#943),#939,.T.);
#939=PLANE('',#940);
#940=AXIS2_PLACEMENT_3D('',#68,#941,#942);
#941=DIRECTION('',(0,-0,-1));
#942=DIRECTION('',(0,-1,0));
#943=FACE_BOUND('',#944,.T.);
#944=EDGE_LOOP('',(#945,#946,#947));
#945=ORIENTED_EDGE('',*,*,#948,.T.);
#946=ORIENTED_EDGE('',*,*,#949,.T.);
#947=ORIENTED_EDGE('',*,*,#950,.T.);
#948=EDGE_CURVE('',#69,#71,#951,.F.);
#949=EDGE_CURVE('',#71,#73,#952,.T.);
#950=EDGE_CURVE('',#73,#69,#953,.T.);
#951=LINE('',#68,#954);
#952=LINE('',#70,#955);
#953=LINE('',#72,#956);
#954=VECTOR('',#957,1.0);
#955=VECTOR('',#958,1.0);
#956=VECTOR('',#959,1.0);
#957=DIRECTION('',(0,-1,0));
#958=DIRECTION('',(-1,0,0));
#959=DIRECTION('',(0.3393153098369397,0.9406726957397359,0));
#960=FACE_SURFACE('',(#965),#961,.T.);
#961=PLANE('',#962);
#962=AXIS2_PLACEMENT_3D('',#64,#963,#964);
#963=DIRECTION('',(0,0,-1));
#964=DIRECTION('',(0.8263530452296607,0.5631524168816702,0));
#965=FACE_BOUND('',#966,.T.);
#966=EDGE_LOOP('',(#967,#968,#969));
#967=ORIENTED_EDGE('',*,*,#970,.T.);
#968=ORIENTED_EDGE('',*,*,#971,.T.);
#969=ORIENTED_EDGE('',*,*,#972,.T.);
#970=EDGE_CURVE('',#65,#69,#973,.F.);
#971=EDGE_CURVE('',#69,#73,#974,.T.);
#972=EDGE_CURVE('',#73,#65,#975,.T.);
#973=LINE('',#64,#976);
#974=LINE('',#68,#977);
#975=LINE('',#72,#978);
#976=VECTOR('',#979,1.0);
#977=VECTOR('',#980,1.0);
#978=VECTOR('',#981,1.0);
#979=DIRECTION('',(0.8263530452296607,0.5631524168816702,0));
#980=DIRECTION('',(-0.3393153098369397,-0.9406726957397359,0));
#981=DIRECTION('',(0,1,0));
#982=FACE_SURFACE('',(#987),#983,.T.);
#983=PLANE('',#984);
#984=AXIS2_PLACEMENT_3D('',#74,#985,#986);
#985=DIRECTION('',(0,0,-1));
#986=DIRECTION('',(1,0,0));
#987=FACE_BOUND('',#988,.T.);
#988=EDGE_LOOP('',(#989,#990,#991));
#989=ORIENTED_EDGE('',*,*,#992,.T.);
#990=ORIENTED_EDGE('',*,*,#993,.T.);
#991=ORIENTED_EDGE('',*,*,#994,.T.);
#992=EDGE_CURVE('',#75,#77,#995,.F.);
#993=EDGE_CURVE('',#77,#79,#996,.T.);
#994=EDGE_CURVE('',#79,#75,#997,.T.);
#995=LINE('',#74,#998);
#996=LINE('',#76,#999);
#997=LINE('',#78,#1000);
#998=VECTOR('',#1001,1.0);
#999=VECTOR('',#1002,1.0);
#1000=VECTOR('',#1003,1.0);
#1001=DIRECTION('',(1,0,0));
#1002=DIRECTION('',(0,-1,0));
#1003=DIRECTION('',(-0.9942095396746541,0.10745878847219799,0));
#1004=FACE_SURFACE('',(#1009),#1005,.T.);
#1005=PLANE('',#1006);
#1006=AXIS2_PLACEMENT_3D('',#74,#1007,#1008);
#1007=DIRECTION('',(0,0,-1));
#1008=DIRECTION('',(0.9942095396746541,-0.10745878847219799,0));
#1009=FACE_BOUND('',#1010,.T.);
#1010=EDGE_LOOP('',(#1011,#1012,#1013));
#1011=ORIENTED_EDGE('',*,*,#1014,.T.);
#1012=ORIENTED_EDGE('',*,*,#1015,.T.);
#1013=ORIENTED_EDGE('',*,*,#1016,.T.);
#1014=EDGE_CURVE('',#75,#79,#1017,.F.);
#1015=EDGE_CURVE('',#79,#81,#1018,.T.);
#1016=EDGE_CURVE('',#81,#75,#1019,.T.);
#1017=LINE('',#74,#1020);
#1018=LINE('',#78,#1021);
#1019=LINE('',#80,#1022);
#1020=VECTOR('',#1023,1.0);
#1021=VECTOR('',#1024,1.0);
#1022=VECTOR('',#1025,1.0);
#1023=DIRECTION('',(0.9942095396746541,-0.10745878847219799,0));
#1024=DIRECTION('',(-1,0,0));
#1025=DIRECTION('',(-0.9927455606723623,0.12023415390527395,0));
#1026=FACE_SURFACE('',(#1031),#1027,.T.);
#1027=PLANE('',#1028);
#1028=AXIS2_PLACEMENT_3D('',#82,#1029,#1030);
#1029=DIRECTION('',(0,0,-1));
#1030=DIRECTION('',(1,0,0));
#1031=FACE_BOUND('',#1032,.T.);
#1032=EDGE_LOOP('',(#1033,#1034,#1035));
#1033=ORIENTED_EDGE('',*,*,#1036,.T.);
#1034=ORIENTED_EDGE('',*,*,#1037,.T.);
#1035=ORIENTED_EDGE('',*,*,#1038,.T.);
#1036=EDGE_CURVE('',#83,#85,#1039,.F.);
#1037=EDGE_CURVE('',#85,#75,#1040,.T.);
#1038=EDGE_CURVE('',#75,#83,#1041,.T.);
#1039=LINE('',#82,#1042);
#1040=LINE('',#84,#1043);
#1041=LINE('',#74,#1044);
#1042=VECTOR('',#1045,1.0);
#1043=VECTOR('',#1046,1.0);
#1044=VECTOR('',#1047,1.0);
#1045=DIRECTION('',(1,0,0));
#1046=DIRECTION('',(-0.00188899547748479,-0.9999982158464514,0));
#1047=DIRECTION('',(-0.7241019530791692,0.68969294729389,0));
#1048=FACE_SURFACE('',(#1053),#1049,.T.);
#1049=PLANE('',#1050);
#1050=AXIS2_PLACEMENT_3D('',#86,#1051,#1052);
#1051=DIRECTION('',(0,0,-1));
#1052=DIRECTION('',(0.0887536124432052,0.9960536111466497,0));
#1053=FACE_BOUND('',#1054,.T.);
#1054=EDGE_LOOP('',(#1055,#1056,#1057));
#1055=ORIENTED_EDGE('',*,*,#1058,.T.);
#1056=ORIENTED_EDGE('',*,*,#1059,.T.);
#1057=ORIENTED_EDGE('',*,*,#1060,.T.);
#1058=EDGE_CURVE('',#87,#89,#1061,.F.);
#1059=EDGE_CURVE('',#89,#91,#1062,.T.);
#1060=EDGE_CURVE('',#91,#87,#1063,.T.);
#1061=LINE('',#86,#1064);
#1062=LINE('',#88,#1065);
#1063=LINE('',#90,#1066);
#1064=VECTOR('',#1067,1.0);
#1065=VECTOR('',#1068,1.0);
#1066=VECTOR('',#1069,1.0);
#1067=DIRECTION('',(0.0887536124432052,0.9960536111466497,0));
#1068=DIRECTION('',(1,0,0));
#1069=DIRECTION('',(-0.9089250587762042,-0.41695951545524623,0));
#1070=FACE_SURFACE('',(#1075),#1071,.T.);
#1071=PLANE('',#1072);
#1072=AXIS2_PLACEMENT_3D('',#90,#1073,#1074);
#1073=DIRECTION('',(0,0,-1));
#1074=DIRECTION('',(1,0,0));
#1075=FACE_BOUND('',#1076,.T.);
#1076=EDGE_LOOP('',(#1077,#1078,#1079));
#1077=ORIENTED_EDGE('',*,*,#1080,.T.);
#1078=ORIENTED_EDGE('',*,*,#1081,.T.);
#1079=ORIENTED_EDGE('',*,*,#1082,.T.);
#1080=EDGE_CURVE('',#91,#83,#1083,.F.);
#1081=EDGE_CURVE('',#83,#75,#1084,.T.);
#1082=EDGE_CURVE('',#75,#91,#1085,.T.);
#1083=LINE('',#90,#1086);
#1084=LINE('',#82,#1087);
#1085=LINE('',#74,#1088);
#1086=VECTOR('',#1089,1.0);
#1087=VECTOR('',#1090,1.0);
#1088=VECTOR('',#1091,1.0);
#1089=DIRECTION('',(1,0,0));
#1090=DIRECTION('',(0.7241019530791692,-0.68969294729389,0));
#1091=DIRECTION('',(-0.9244395123706399,0.3813287137994379,0));
#1092=FACE_SURFACE('',(#1097),#1093,.T.);
#1093=PLANE('',#1094);
#1094=AXIS2_PLACEMENT_3D('',#74,#1095,#1096);
#1095=DIRECTION('',(0,0,-1));
#1096=DIRECTION('',(0.9927455606723623,-0.12023415390527395,0));
#1097=FACE_BOUND('',#1098,.T.);
#1098=EDGE_LOOP('',(#1099,#1100,#1101));
#1099=ORIENTED_EDGE('',*,*,#1102,.T.);
#1100=ORIENTED_EDGE('',*,*,#1103,.T.);
#1101=ORIENTED_EDGE('',*,*,#1104,.T.);
#1102=EDGE_CURVE('',#75,#81,#1105,.F.);
#1103=EDGE_CURVE('',#81,#93,#1106,.T.);
#1104=EDGE_CURVE('',#93,#75,#1107,.T.);
#1105=LINE('',#74,#1108);
#1106=LINE('',#80,#1109);
#1107=LINE('',#92,#1110);
#1108=VECTOR('',#1111,1.0);
#1109=VECTOR('',#1112,1.0);
#1110=VECTOR('',#1113,1.0);
#1111=DIRECTION('',(0.9927455606723623,-0.12023415390527395,0));
#1112=DIRECTION('',(-1,0,0));
#1113=DIRECTION('',(-0.9401016316994316,0.34089429751180383,0));
#1114=FACE_SURFACE('',(#1119),#1115,.T.);
#1115=PLANE('',#1116);
#1116=AXIS2_PLACEMENT_3D('',#74,#1117,#1118);
#1117=DIRECTION('',(0,0,-1));
#1118=DIRECTION('',(0.9401016316994316,-0.34089429751180383,0));
#1119=FACE_BOUND('',#1120,.T.);
#1120=EDGE_LOOP('',(#1121,#1122,#1123));
#1121=ORIENTED_EDGE('',*,*,#1124,.T.);
#1122=ORIENTED_EDGE('',*,*,#1125,.T.);
#1123=ORIENTED_EDGE('',*,*,#1126,.T.);
#1124=EDGE_CURVE('',#75,#93,#1127,.F.);
#1125=EDGE_CURVE('',#93,#95,#1128,.T.);
#1126=EDGE_CURVE('',#95,#75,#1129,.T.);
#1127=LINE('',#74,#1130);
#1128=LINE('',#92,#1131);
#1129=LINE('',#94,#1132);
#1130=VECTOR('',#1133,1.0);
#1131=VECTOR('',#1134,1.0);
#1132=VECTOR('',#1135,1.0);
#1133=DIRECTION('',(0.9401016316994316,-0.34089429751180383,0));
#1134=DIRECTION('',(-1,0,0));
#1135=DIRECTION('',(-0.6121634909818906,0.7907312187518998,0));
#1136=FACE_SURFACE('',(#1141),#1137,.T.);
#1137=PLANE('',#1138);
#1138=AXIS2_PLACEMENT_3D('',#86,#1139,#1140);
#1139=DIRECTION('',(0,0,-1));
#1140=DIRECTION('',(0.9089250587762042,0.41695951545524623,0));
#1141=FACE_BOUND('',#1142,.T.);
#1142=EDGE_LOOP('',(#1143,#1144,#1145));
#1143=ORIENTED_EDGE('',*,*,#1146,.T.);
#1144=ORIENTED_EDGE('',*,*,#1147,.T.);
#1145=ORIENTED_EDGE('',*,*,#1148,.T.);
#1146=EDGE_CURVE('',#87,#91,#1149,.F.);
#1147=EDGE_CURVE('',#91,#75,#1150,.T.);
#1148=EDGE_CURVE('',#75,#87,#1151,.T.);
#1149=LINE('',#86,#1152);
#1150=LINE('',#90,#1153);
#1151=LINE('',#74,#1154);
#1152=VECTOR('',#1155,1.0);
#1153=VECTOR('',#1156,1.0);
#1154=VECTOR('',#1157,1.0);
#1155=DIRECTION('',(0.9089250587762042,0.41695951545524623,0));
#1156=DIRECTION('',(0.9244395123706399,-0.3813287137994379,0));
#1157=DIRECTION('',(-0.9890713563057864,-0.14743762116716438,0));
#1158=FACE_SURFACE('',(#1163),#1159,.T.);
#1159=PLANE('',#1160);
#1160=AXIS2_PLACEMENT_3D('',#96,#1161,#1162);
#1161=DIRECTION('',(0,0,-1));
#1162=DIRECTION('',(-1,0,0));
#1163=FACE_BOUND('',#1164,.T.);
#1164=EDGE_LOOP('',(#1165,#1166,#1167));
#1165=ORIENTED_EDGE('',*,*,#1168,.T.);
#1166=ORIENTED_EDGE('',*,*,#1169,.T.);
#1167=ORIENTED_EDGE('',*,*,#1170,.T.);
#1168=EDGE_CURVE('',#97,#99,#1171,.F.);
#1169=EDGE_CURVE('',#99,#101,#1172,.T.);
#1170=EDGE_CURVE('',#101,#97,#1173,.T.);
#1171=LINE('',#96,#1174);
#1172=LINE('',#98,#1175);
#1173=LINE('',#100,#1176);
#1174=VECTOR('',#1177,1.0);
#1175=VECTOR('',#1178,1.0);
#1176=VECTOR('',#1179,1.0);
#1177=DIRECTION('',(-1,0,0));
#1178=DIRECTION('',(0,1,0));
#1179=DIRECTION('',(0.4314756856317974,-0.9021245660708783,0));
#1180=FACE_SURFACE('',(#1185),#1181,.T.);
#1181=PLANE('',#1182);
#1182=AXIS2_PLACEMENT_3D('',#74,#1183,#1184);
#1183=DIRECTION('',(0,-0,-1));
#1184=DIRECTION('',(0.6121634909818906,-0.7907312187518998,0));
#1185=FACE_BOUND('',#1186,.T.);
#1186=EDGE_LOOP('',(#1187,#1188,#1189));
#1187=ORIENTED_EDGE('',*,*,#1190,.T.);
#1188=ORIENTED_EDGE('',*,*,#1191,.T.);
#1189=ORIENTED_EDGE('',*,*,#1192,.T.);
#1190=EDGE_CURVE('',#75,#95,#1193,.F.);
#1191=EDGE_CURVE('',#95,#103,#1194,.T.);
#1192=EDGE_CURVE('',#103,#75,#1195,.T.);
#1193=LINE('',#74,#1196);
#1194=LINE('',#94,#1197);
#1195=LINE('',#102,#1198);
#1196=VECTOR('',#1199,1.0);
#1197=VECTOR('',#1200,1.0);
#1198=VECTOR('',#1201,1.0);
#1199=DIRECTION('',(0.6121634909818906,-0.7907312187518998,0));
#1200=DIRECTION('',(-1,0,0));
#1201=DIRECTION('',(0.9783280988722106,0.20706069389694962,0));
#1202=FACE_SURFACE('',(#1207),#1203,.T.);
#1203=PLANE('',#1204);
#1204=AXIS2_PLACEMENT_3D('',#102,#1205,#1206);
#1205=DIRECTION('',(0,-0,-1));
#1206=DIRECTION('',(0,-1,0));
#1207=FACE_BOUND('',#1208,.T.);
#1208=EDGE_LOOP('',(#1209,#1210,#1211));
#1209=ORIENTED_EDGE('',*,*,#1212,.T.);
#1210=ORIENTED_EDGE('',*,*,#1213,.T.);
#1211=ORIENTED_EDGE('',*,*,#1214,.T.);
#1212=EDGE_CURVE('',#103,#97,#1215,.F.);
#1213=EDGE_CURVE('',#97,#101,#1216,.T.);
#1214=EDGE_CURVE('',#101,#103,#1217,.T.);
#1215=LINE('',#102,#1218);
#1216=LINE('',#96,#1219);
#1217=LINE('',#100,#1220);
#1218=VECTOR('',#1221,1.0);
#1219=VECTOR('',#1222,1.0);
#1220=VECTOR('',#1223,1.0);
#1221=DIRECTION('',(0,-1,0));
#1222=DIRECTION('',(-0.4314756856317974,0.9021245660708783,0));
#1223=DIRECTION('',(0.8263512436480908,0.5631550604595983,0));
#1224=FACE_SURFACE('',(#1229),#1225,.T.);
#1225=PLANE('',#1226);
#1226=AXIS2_PLACEMENT_3D('',#86,#1227,#1228);
#1227=DIRECTION('',(0,0,-1));
#1228=DIRECTION('',(0.9890713563057864,0.14743762116716438,0));
#1229=FACE_BOUND('',#1230,.T.);
#1230=EDGE_LOOP('',(#1231,#1232,#1233));
#1231=ORIENTED_EDGE('',*,*,#1234,.T.);
#1232=ORIENTED_EDGE('',*,*,#1235,.T.);
#1233=ORIENTED_EDGE('',*,*,#1236,.T.);
#1234=EDGE_CURVE('',#87,#75,#1237,.F.);
#1235=EDGE_CURVE('',#75,#103,#1238,.T.);
#1236=EDGE_CURVE('',#103,#87,#1239,.T.);
#1237=LINE('',#86,#1240);
#1238=LINE('',#74,#1241);
#1239=LINE('',#102,#1242);
#1240=VECTOR('',#1243,1.0);
#1241=VECTOR('',#1244,1.0);
#1242=VECTOR('',#1245,1.0);
#1243=DIRECTION('',(0.9890713563057864,0.14743762116716438,0));
#1244=DIRECTION('',(-0.9783280988722106,-0.20706069389694962,0));
#1245=DIRECTION('',(-1,0,0));
#1246=FACE_SURFACE('',(#1251),#1247,.T.);
#1247=PLANE('',#1248);
#1248=AXIS2_PLACEMENT_3D('',#102,#1249,#1250);
#1249=DIRECTION('',(-0,0,-1));
#1250=DIRECTION('',(-0.8263512436480908,-0.5631550604595983,0));
#1251=FACE_BOUND('',#1252,.T.);
#1252=EDGE_LOOP('',(#1253,#1254,#1255));
#1253=ORIENTED_EDGE('',*,*,#1256,.T.);
#1254=ORIENTED_EDGE('',*,*,#1257,.T.);
#1255=ORIENTED_EDGE('',*,*,#1258,.T.);
#1256=EDGE_CURVE('',#103,#101,#1259,.F.);
#1257=EDGE_CURVE('',#101,#87,#1260,.T.);
#1258=EDGE_CURVE('',#87,#103,#1261,.T.);
#1259=LINE('',#102,#1262);
#1260=LINE('',#100,#1263);
#1261=LINE('',#86,#1264);
#1262=VECTOR('',#1265,1.0);
#1263=VECTOR('',#1266,1.0);
#1264=VECTOR('',#1267,1.0);
#1265=DIRECTION('',(-0.8263512436480908,-0.5631550604595983,0));
#1266=DIRECTION('',(0,1,0));
#1267=DIRECTION('',(1,0,0));
#1268=FACE_SURFACE('',(#1273),#1269,.T.);
#1269=PLANE('',#1270);
#1270=AXIS2_PLACEMENT_3D('',#104,#1271,#1272);
#1271=DIRECTION('',(0,-0,-1));
#1272=DIRECTION('',(0,-1,0));
#1273=FACE_BOUND('',#1274,.T.);
#1274=EDGE_LOOP('',(#1275,#1276,#1277));
#1275=ORIENTED_EDGE('',*,*,#1278,.T.);
#1276=ORIENTED_EDGE('',*,*,#1279,.T.);
#1277=ORIENTED_EDGE('',*,*,#1280,.T.);
#1278=EDGE_CURVE('',#105,#107,#1281,.F.);
#1279=EDGE_CURVE('',#107,#109,#1282,.T.);
#1280=EDGE_CURVE('',#109,#105,#1283,.T.);
#1281=LINE('',#104,#1284);
#1282=LINE('',#106,#1285);
#1283=LINE('',#108,#1286);
#1284=VECTOR('',#1287,1.0);
#1285=VECTOR('',#1288,1.0);
#1286=VECTOR('',#1289,1.0);
#1287=DIRECTION('',(0,-1,0));
#1288=DIRECTION('',(-1,0,0));
#1289=DIRECTION('',(0.11012176745657287,0.9939181034331955,0));
#1290=FACE_SURFACE('',(#1295),#1291,.T.);
#1291=PLANE('',#1292);
#1292=AXIS2_PLACEMENT_3D('',#104,#1293,#1294);
#1293=DIRECTION('',(0,0,-1));
#1294=DIRECTION('',(-0.11012176745657287,-0.9939181034331955,0));
#1295=FACE_BOUND('',#1296,.T.);
#1296=EDGE_LOOP('',(#1297,#1298,#1299));
#1297=ORIENTED_EDGE('',*,*,#1300,.T.);
#1298=ORIENTED_EDGE('',*,*,#1301,.T.);
#1299=ORIENTED_EDGE('',*,*,#1302,.T.);
#1300=EDGE_CURVE('',#105,#109,#1303,.F.);
#1301=EDGE_CURVE('',#109,#111,#1304,.T.);
#1302=EDGE_CURVE('',#111,#105,#1305,.T.);
#1303=LINE('',#104,#1306);
#1304=LINE('',#108,#1307);
#1305=LINE('',#110,#1308);
#1306=VECTOR('',#1309,1.0);
#1307=VECTOR('',#1310,1.0);
#1308=VECTOR('',#1311,1.0);
#1309=DIRECTION('',(-0.11012176745657287,-0.9939181034331955,0));
#1310=DIRECTION('',(0,1,0));
#1311=DIRECTION('',(0.19758482642115294,0.9802857932093695,0));
#1312=FACE_SURFACE('',(#1317),#1313,.T.);
#1313=PLANE('',#1314);
#1314=AXIS2_PLACEMENT_3D('',#112,#1315,#1316);
#1315=DIRECTION('',(0,0,-1));
#1316=DIRECTION('',(-0.8914350049436962,0.4531485760333274,0));
#1317=FACE_BOUND('',#1318,.T.);
#1318=EDGE_LOOP('',(#1319,#1320,#1321));
#1319=ORIENTED_EDGE('',*,*,#1322,.T.);
#1320=ORIENTED_EDGE('',*,*,#1323,.T.);
#1321=ORIENTED_EDGE('',*,*,#1324,.T.);
#1322=EDGE_CURVE('',#113,#115,#1325,.F.);
#1323=EDGE_CURVE('',#115,#105,#1326,.T.);
#1324=EDGE_CURVE('',#105,#113,#1327,.T.);
#1325=LINE('',#112,#1328);
#1326=LINE('',#114,#1329);
#1327=LINE('',#104,#1330);
#1328=VECTOR('',#1331,1.0);
#1329=VECTOR('',#1332,1.0);
#1330=VECTOR('',#1333,1.0);
#1331=DIRECTION('',(-0.8914350049436962,0.4531485760333274,0));
#1332=DIRECTION('',(1,0,0));
#1333=DIRECTION('',(-0.9858184233277121,-0.1678154826816161,0));
#1334=FACE_SURFACE('',(#1339),#1335,.T.);
#1335=PLANE('',#1336);
#1336=AXIS2_PLACEMENT_3D('',#116,#1337,#1338);
#1337=DIRECTION('',(0,0,-1));
#1338=DIRECTION('',(-0.9999858828978926,0.005313568002969428,0));
#1339=FACE_BOUND('',#1340,.T.);
#1340=EDGE_LOOP('',(#1341,#1342,#1343));
#1341=ORIENTED_EDGE('',*,*,#1344,.T.);
#1342=ORIENTED_EDGE('',*,*,#1345,.T.);
#1343=ORIENTED_EDGE('',*,*,#1346,.T.);
#1344=EDGE_CURVE('',#117,#119,#1347,.F.);
#1345=EDGE_CURVE('',#119,#121,#1348,.T.);
#1346=EDGE_CURVE('',#121,#117,#1349,.T.);
#1347=LINE('',#116,#1350);
#1348=LINE('',#118,#1351);
#1349=LINE('',#120,#1352);
#1350=VECTOR('',#1353,1.0);
#1351=VECTOR('',#1354,1.0);
#1352=VECTOR('',#1355,1.0);
#1353=DIRECTION('',(-0.9999858828978926,0.005313568002969428,0));
#1354=DIRECTION('',(0,1,0));
#1355=DIRECTION('',(0.8631075513456311,-0.5050201528752579,0));
#1356=FACE_SURFACE('',(#1361),#1357,.T.);
#1357=PLANE('',#1358);
#1358=AXIS2_PLACEMENT_3D('',#120,#1359,#1360);
#1359=DIRECTION('',(0,0,-1));
#1360=DIRECTION('',(-1,0,0));
#1361=FACE_BOUND('',#1362,.T.);
#1362=EDGE_LOOP('',(#1363,#1364,#1365));
#1363=ORIENTED_EDGE('',*,*,#1366,.T.);
#1364=ORIENTED_EDGE('',*,*,#1367,.T.);
#1365=ORIENTED_EDGE('',*,*,#1368,.T.);
#1366=EDGE_CURVE('',#121,#113,#1369,.F.);
#1367=EDGE_CURVE('',#113,#105,#1370,.T.);
#1368=EDGE_CURVE('',#105,#121,#1371,.T.);
#1369=LINE('',#120,#1372);
#1370=LINE('',#112,#1373);
#1371=LINE('',#104,#1374);
#1372=VECTOR('',#1375,1.0);
#1373=VECTOR('',#1376,1.0);
#1374=VECTOR('',#1377,1.0);
#1375=DIRECTION('',(-1,0,0));
#1376=DIRECTION('',(0.9858184233277121,0.1678154826816161,0));
#1377=DIRECTION('',(-0.9748265833317332,-0.2229644196498163,0));
#1378=FACE_SURFACE('',(#1383),#1379,.T.);
#1379=PLANE('',#1380);
#1380=AXIS2_PLACEMENT_3D('',#104,#1381,#1382);
#1381=DIRECTION('',(0,0,-1));
#1382=DIRECTION('',(-0.19758482642115294,-0.9802857932093695,0));
#1383=FACE_BOUND('',#1384,.T.);
#1384=EDGE_LOOP('',(#1385,#1386,#1387));
#1385=ORIENTED_EDGE('',*,*,#1388,.T.);
#1386=ORIENTED_EDGE('',*,*,#1389,.T.);
#1387=ORIENTED_EDGE('',*,*,#1390,.T.);
#1388=EDGE_CURVE('',#105,#111,#1391,.F.);
#1389=EDGE_CURVE('',#111,#123,#1392,.T.);
#1390=EDGE_CURVE('',#123,#105,#1393,.T.);
#1391=LINE('',#104,#1394);
#1392=LINE('',#110,#1395);
#1393=LINE('',#122,#1396);
#1394=VECTOR('',#1397,1.0);
#1395=VECTOR('',#1398,1.0);
#1396=VECTOR('',#1399,1.0);
#1397=DIRECTION('',(-0.19758482642115294,-0.9802857932093695,0));
#1398=DIRECTION('',(0,1,0));
#1399=DIRECTION('',(0.2651417059545635,0.9642094563752752,0));
#1400=FACE_SURFACE('',(#1405),#1401,.T.);
#1401=PLANE('',#1402);
#1402=AXIS2_PLACEMENT_3D('',#104,#1403,#1404);
#1403=DIRECTION('',(0,0,-1));
#1404=DIRECTION('',(-0.2651417059545635,-0.9642094563752752,0));
#1405=FACE_BOUND('',#1406,.T.);
#1406=EDGE_LOOP('',(#1407,#1408,#1409));
#1407=ORIENTED_EDGE('',*,*,#1410,.T.);
#1408=ORIENTED_EDGE('',*,*,#1411,.T.);
#1409=ORIENTED_EDGE('',*,*,#1412,.T.);
#1410=EDGE_CURVE('',#105,#123,#1413,.F.);
#1411=EDGE_CURVE('',#123,#125,#1414,.T.);
#1412=EDGE_CURVE('',#125,#105,#1415,.T.);
#1413=LINE('',#104,#1416);
#1414=LINE('',#122,#1417);
#1415=LINE('',#124,#1418);
#1416=VECTOR('',#1419,1.0);
#1417=VECTOR('',#1420,1.0);
#1418=VECTOR('',#1421,1.0);
#1419=DIRECTION('',(-0.2651417059545635,-0.9642094563752752,0));
#1420=DIRECTION('',(-1,0,0));
#1421=DIRECTION('',(0.8690798460755549,0.49467183176858764,0));
#1422=FACE_SURFACE('',(#1427),#1423,.T.);
#1423=PLANE('',#1424);
#1424=AXIS2_PLACEMENT_3D('',#126,#1425,#1426);
#1425=DIRECTION('',(-0,-0,-1));
#1426=DIRECTION('',(0,-1,0));
#1427=FACE_BOUND('',#1428,.T.);
#1428=EDGE_LOOP('',(#1429,#1430,#1431));
#1429=ORIENTED_EDGE('',*,*,#1432,.T.);
#1430=ORIENTED_EDGE('',*,*,#1433,.T.);
#1431=ORIENTED_EDGE('',*,*,#1434,.T.);
#1432=EDGE_CURVE('',#127,#117,#1435,.F.);
#1433=EDGE_CURVE('',#117,#121,#1436,.T.);
#1434=EDGE_CURVE('',#121,#127,#1437,.T.);
#1435=LINE('',#126,#1438);
#1436=LINE('',#116,#1439);
#1437=LINE('',#120,#1440);
#1438=VECTOR('',#1441,1.0);
#1439=VECTOR('',#1442,1.0);
#1440=VECTOR('',#1443,1.0);
#1441=DIRECTION('',(0,-1,0));
#1442=DIRECTION('',(-0.8631075513456311,0.5050201528752579,0));
#1443=DIRECTION('',(0.9144404216373442,-0.4047205397255198,0));
#1444=FACE_SURFACE('',(#1449),#1445,.T.);
#1445=PLANE('',#1446);
#1446=AXIS2_PLACEMENT_3D('',#120,#1447,#1448);
#1447=DIRECTION('',(0,0,-1));
#1448=DIRECTION('',(0.9748265833317332,0.2229644196498163,0));
#1449=FACE_BOUND('',#1450,.T.);
#1450=EDGE_LOOP('',(#1451,#1452,#1453));
#1451=ORIENTED_EDGE('',*,*,#1454,.T.);
#1452=ORIENTED_EDGE('',*,*,#1455,.T.);
#1453=ORIENTED_EDGE('',*,*,#1456,.T.);
#1454=EDGE_CURVE('',#121,#105,#1457,.F.);
#1455=EDGE_CURVE('',#105,#125,#1458,.T.);
#1456=EDGE_CURVE('',#125,#121,#1459,.T.);
#1457=LINE('',#120,#1460);
#1458=LINE('',#104,#1461);
#1459=LINE('',#124,#1462);
#1460=VECTOR('',#1463,1.0);
#1461=VECTOR('',#1464,1.0);
#1462=VECTOR('',#1465,1.0);
#1463=DIRECTION('',(0.9748265833317332,0.2229644196498163,0));
#1464=DIRECTION('',(-0.8690798460755549,-0.49467183176858764,0));
#1465=DIRECTION('',(-0.9999858828978926,0.005313568002969428,0));
#1466=FACE_SURFACE('',(#1471),#1467,.T.);
#1467=PLANE('',#1468);
#1468=AXIS2_PLACEMENT_3D('',#124,#1469,#1470);
#1469=DIRECTION('',(-0,-0,-1));
#1470=DIRECTION('',(0,-1,0));
#1471=FACE_BOUND('',#1472,.T.);
#1472=EDGE_LOOP('',(#1473,#1474,#1475));
#1473=ORIENTED_EDGE('',*,*,#1476,.T.);
#1474=ORIENTED_EDGE('',*,*,#1477,.T.);
#1475=ORIENTED_EDGE('',*,*,#1478,.T.);
#1476=EDGE_CURVE('',#125,#127,#1479,.F.);
#1477=EDGE_CURVE('',#127,#121,#1480,.T.);
#1478=EDGE_CURVE('',#121,#125,#1481,.T.);
#1479=LINE('',#124,#1482);
#1480=LINE('',#126,#1483);
#1481=LINE('',#120,#1484);
#1482=VECTOR('',#1485,1.0);
#1483=VECTOR('',#1486,1.0);
#1484=VECTOR('',#1487,1.0);
#1485=DIRECTION('',(0,-1,0));
#1486=DIRECTION('',(-0.9144404216373442,0.4047205397255198,0));
#1487=DIRECTION('',(0.9999858828978926,-0.005313568002969428,0));
#1488=FACE_SURFACE('',(#1493),#1489,.T.);
#1489=PLANE('',#1490);
#1490=AXIS2_PLACEMENT_3D('',#128,#1491,#1492);
#1491=DIRECTION('',(0,0,-1));
#1492=DIRECTION('',(1,0,0));
#1493=FACE_BOUND('',#1494,.T.);
#1494=EDGE_LOOP('',(#1495,#1496,#1497));
#1495=ORIENTED_EDGE('',*,*,#1498,.T.);
#1496=ORIENTED_EDGE('',*,*,#1499,.T.);
#1497=ORIENTED_EDGE('',*,*,#1500,.T.);
#1498=EDGE_CURVE('',#129,#131,#1501,.F.);
#1499=EDGE_CURVE('',#131,#133,#1502,.T.);
#1500=EDGE_CURVE('',#133,#129,#1503,.T.);
#1501=LINE('',#128,#1504);
#1502=LINE('',#130,#1505);
#1503=LINE('',#132,#1506);
#1504=VECTOR('',#1507,1.0);
#1505=VECTOR('',#1508,1.0);
#1506=VECTOR('',#1509,1.0);
#1507=DIRECTION('',(1,0,0));
#1508=DIRECTION('',(0,-1,0));
#1509=DIRECTION('',(-0.9389928569453129,0.3439366433017556,0));
#1510=FACE_SURFACE('',(#1515),#1511,.T.);
#1511=PLANE('',#1512);
#1512=AXIS2_PLACEMENT_3D('',#132,#1513,#1514);
#1513=DIRECTION('',(0,0,-1));
#1514=DIRECTION('',(-1,0,0));
#1515=FACE_BOUND('',#1516,.T.);
#1516=EDGE_LOOP('',(#1517,#1518,#1519));
#1517=ORIENTED_EDGE('',*,*,#1520,.T.);
#1518=ORIENTED_EDGE('',*,*,#1521,.T.);
#1519=ORIENTED_EDGE('',*,*,#1522,.T.);
#1520=EDGE_CURVE('',#133,#135,#1523,.F.);
#1521=EDGE_CURVE('',#135,#137,#1524,.T.);
#1522=EDGE_CURVE('',#137,#133,#1525,.T.);
#1523=LINE('',#132,#1526);
#1524=LINE('',#134,#1527);
#1525=LINE('',#136,#1528);
#1526=VECTOR('',#1529,1.0);
#1527=VECTOR('',#1530,1.0);
#1528=VECTOR('',#1531,1.0);
#1529=DIRECTION('',(-1,0,0));
#1530=DIRECTION('',(0.8689828222269521,0.49484225231328144,0));
#1531=DIRECTION('',(0.9943062191476757,-0.1065605112799966,0));
#1532=FACE_SURFACE('',(#1537),#1533,.T.);
#1533=PLANE('',#1534);
#1534=AXIS2_PLACEMENT_3D('',#132,#1535,#1536);
#1535=DIRECTION('',(0,0,-1));
#1536=DIRECTION('',(-0.9943062191476757,0.1065605112799966,0));
#1537=FACE_BOUND('',#1538,.T.);
#1538=EDGE_LOOP('',(#1539,#1540,#1541));
#1539=ORIENTED_EDGE('',*,*,#1542,.T.);
#1540=ORIENTED_EDGE('',*,*,#1543,.T.);
#1541=ORIENTED_EDGE('',*,*,#1544,.T.);
#1542=EDGE_CURVE('',#133,#137,#1545,.F.);
#1543=EDGE_CURVE('',#137,#139,#1546,.T.);
#1544=EDGE_CURVE('',#139,#133,#1547,.T.);
#1545=LINE('',#132,#1548);
#1546=LINE('',#136,#1549);
#1547=LINE('',#138,#1550);
#1548=VECTOR('',#1551,1.0);
#1549=VECTOR('',#1552,1.0);
#1550=VECTOR('',#1553,1.0);
#1551=DIRECTION('',(-0.9943062191476757,0.1065605112799966,0));
#1552=DIRECTION('',(1,0,0));
#1553=DIRECTION('',(0.9928533869937707,-0.1193404874089174,0));
#1554=FACE_SURFACE('',(#1559),#1555,.T.);
#1555=PLANE('',#1556);
#1556=AXIS2_PLACEMENT_3D('',#128,#1557,#1558);
#1557=DIRECTION('',(-0,-0,-1));
#1558=DIRECTION('',(0.9389928569453129,-0.3439366433017556,0));
#1559=FACE_BOUND('',#1560,.T.);
#1560=EDGE_LOOP('',(#1561,#1562,#1563));
#1561=ORIENTED_EDGE('',*,*,#1564,.T.);
#1562=ORIENTED_EDGE('',*,*,#1565,.T.);
#1563=ORIENTED_EDGE('',*,*,#1566,.T.);
#1564=EDGE_CURVE('',#129,#133,#1567,.F.);
#1565=EDGE_CURVE('',#133,#139,#1568,.T.);
#1566=EDGE_CURVE('',#139,#129,#1569,.T.);
#1567=LINE('',#128,#1570);
#1568=LINE('',#132,#1571);
#1569=LINE('',#138,#1572);
#1570=VECTOR('',#1573,1.0);
#1571=VECTOR('',#1574,1.0);
#1572=VECTOR('',#1575,1.0);
#1573=DIRECTION('',(0.9389928569453129,-0.3439366433017556,0));
#1574=DIRECTION('',(-0.9928533869937707,0.1193404874089174,0));
#1575=DIRECTION('',(0.9996195888368905,-0.027580384579734638,0));
#1576=FACE_SURFACE('',(#1581),#1577,.T.);
#1577=PLANE('',#1578);
#1578=AXIS2_PLACEMENT_3D('',#128,#1579,#1580);
#1579=DIRECTION('',(0,0,-1));
#1580=DIRECTION('',(-0.9996195888368905,0.027580384579734638,0));
#1581=FACE_BOUND('',#1582,.T.);
#1582=EDGE_LOOP('',(#1583,#1584,#1585));
#1583=ORIENTED_EDGE('',*,*,#1586,.T.);
#1584=ORIENTED_EDGE('',*,*,#1587,.T.);
#1585=ORIENTED_EDGE('',*,*,#1588,.T.);
#1586=EDGE_CURVE('',#129,#139,#1589,.F.);
#1587=EDGE_CURVE('',#139,#141,#1590,.T.);
#1588=EDGE_CURVE('',#141,#129,#1591,.T.);
#1589=LINE('',#128,#1592);
#1590=LINE('',#138,#1593);
#1591=LINE('',#140,#1594);
#1592=VECTOR('',#1595,1.0);
#1593=VECTOR('',#1596,1.0);
#1594=VECTOR('',#1597,1.0);
#1595=DIRECTION('',(-0.9996195888368905,0.027580384579734638,0));
#1596=DIRECTION('',(1,0,0));
#1597=DIRECTION('',(0.9995744641114344,-0.029170030790843647,0));
#1598=FACE_SURFACE('',(#1603),#1599,.T.);
#1599=PLANE('',#1600);
#1600=AXIS2_PLACEMENT_3D('',#44,#1601,#1602);
#1601=DIRECTION('',(0,-0,-1));
#1602=DIRECTION('',(0,-1,0));
#1603=FACE_BOUND('',#1604,.T.);
#1604=EDGE_LOOP('',(#1605,#1606,#1607));
#1605=ORIENTED_EDGE('',*,*,#1608,.T.);
#1606=ORIENTED_EDGE('',*,*,#1609,.T.);
#1607=ORIENTED_EDGE('',*,*,#1610,.T.);
#1608=EDGE_CURVE('',#45,#143,#1611,.F.);
#1609=EDGE_CURVE('',#143,#145,#1612,.T.);
#1610=EDGE_CURVE('',#145,#45,#1613,.T.);
#1611=LINE('',#44,#1614);
#1612=LINE('',#142,#1615);
#1613=LINE('',#144,#1616);
#1614=VECTOR('',#1617,1.0);
#1615=VECTOR('',#1618,1.0);
#1616=VECTOR('',#1619,1.0);
#1617=DIRECTION('',(0,-1,0));
#1618=DIRECTION('',(-1,0,0));
#1619=DIRECTION('',(0.9870288343147097,0.16054307905152929,0));
#1620=FACE_SURFACE('',(#1625),#1621,.T.);
#1621=PLANE('',#1622);
#1622=AXIS2_PLACEMENT_3D('',#146,#1623,#1624);
#1623=DIRECTION('',(0,0,-1));
#1624=DIRECTION('',(1,0,0));
#1625=FACE_BOUND('',#1626,.T.);
#1626=EDGE_LOOP('',(#1627,#1628,#1629));
#1627=ORIENTED_EDGE('',*,*,#1630,.T.);
#1628=ORIENTED_EDGE('',*,*,#1631,.T.);
#1629=ORIENTED_EDGE('',*,*,#1632,.T.);
#1630=EDGE_CURVE('',#147,#149,#1633,.F.);
#1631=EDGE_CURVE('',#149,#151,#1634,.T.);
#1632=EDGE_CURVE('',#151,#147,#1635,.T.);
#1633=LINE('',#146,#1636);
#1634=LINE('',#148,#1637);
#1635=LINE('',#150,#1638);
#1636=VECTOR('',#1639,1.0);
#1637=VECTOR('',#1640,1.0);
#1638=VECTOR('',#1641,1.0);
#1639=DIRECTION('',(1,0,0));
#1640=DIRECTION('',(0,-1,0));
#1641=DIRECTION('',(-0.9595614891493541,0.2814991093084913,0));
#1642=FACE_SURFACE('',(#1647),#1643,.T.);
#1643=PLANE('',#1644);
#1644=AXIS2_PLACEMENT_3D('',#150,#1645,#1646);
#1645=DIRECTION('',(0,0,-1));
#1646=DIRECTION('',(1,0,0));
#1647=FACE_BOUND('',#1648,.T.);
#1648=EDGE_LOOP('',(#1649,#1650,#1651));
#1649=ORIENTED_EDGE('',*,*,#1652,.T.);
#1650=ORIENTED_EDGE('',*,*,#1653,.T.);
#1651=ORIENTED_EDGE('',*,*,#1654,.T.);
#1652=EDGE_CURVE('',#151,#153,#1655,.F.);
#1653=EDGE_CURVE('',#153,#155,#1656,.T.);
#1654=EDGE_CURVE('',#155,#151,#1657,.T.);
#1655=LINE('',#150,#1658);
#1656=LINE('',#152,#1659);
#1657=LINE('',#154,#1660);
#1658=VECTOR('',#1661,1.0);
#1659=VECTOR('',#1662,1.0);
#1660=VECTOR('',#1663,1.0);
#1661=DIRECTION('',(1,0,0));
#1662=DIRECTION('',(-0.012464332287504222,-0.9999223171930041,0));
#1663=DIRECTION('',(-0.9009709287661358,0.4338794596639561,0));
#1664=FACE_SURFACE('',(#1669),#1665,.T.);
#1665=PLANE('',#1666);
#1666=AXIS2_PLACEMENT_3D('',#150,#1667,#1668);
#1667=DIRECTION('',(0,0,-1));
#1668=DIRECTION('',(0.9009709287661358,-0.4338794596639561,0));
#1669=FACE_BOUND('',#1670,.T.);
#1670=EDGE_LOOP('',(#1671,#1672,#1673));
#1671=ORIENTED_EDGE('',*,*,#1674,.T.);
#1672=ORIENTED_EDGE('',*,*,#1675,.T.);
#1673=ORIENTED_EDGE('',*,*,#1676,.T.);
#1674=EDGE_CURVE('',#151,#155,#1677,.F.);
#1675=EDGE_CURVE('',#155,#157,#1678,.T.);
#1676=EDGE_CURVE('',#157,#151,#1679,.T.);
#1677=LINE('',#150,#1680);
#1678=LINE('',#154,#1681);
#1679=LINE('',#156,#1682);
#1680=VECTOR('',#1683,1.0);
#1681=VECTOR('',#1684,1.0);
#1682=VECTOR('',#1685,1.0);
#1683=DIRECTION('',(0.9009709287661358,-0.4338794596639561,0));
#1684=DIRECTION('',(-1,0,0));
#1685=DIRECTION('',(-0.8125793746443345,0.5828505467979097,0));
#1686=FACE_SURFACE('',(#1691),#1687,.T.);
#1687=PLANE('',#1688);
#1688=AXIS2_PLACEMENT_3D('',#158,#1689,#1690);
#1689=DIRECTION('',(0,0,-1));
#1690=DIRECTION('',(-0.36884250655073036,0.9294919070983751,0));
#1691=FACE_BOUND('',#1692,.T.);
#1692=EDGE_LOOP('',(#1693,#1694,#1695));
#1693=ORIENTED_EDGE('',*,*,#1696,.T.);
#1694=ORIENTED_EDGE('',*,*,#1697,.T.);
#1695=ORIENTED_EDGE('',*,*,#1698,.T.);
#1696=EDGE_CURVE('',#159,#147,#1699,.F.);
#1697=EDGE_CURVE('',#147,#151,#1700,.T.);
#1698=EDGE_CURVE('',#151,#159,#1701,.T.);
#1699=LINE('',#158,#1702);
#1700=LINE('',#146,#1703);
#1701=LINE('',#150,#1704);
#1702=VECTOR('',#1705,1.0);
#1703=VECTOR('',#1706,1.0);
#1704=VECTOR('',#1707,1.0);
#1705=DIRECTION('',(-0.36884250655073036,0.9294919070983751,0));
#1706=DIRECTION('',(0.9595614891493541,-0.2814991093084913,0));
#1707=DIRECTION('',(0.36561782613215305,-0.9307650644574057,0));
#1708=FACE_SURFACE('',(#1713),#1709,.T.);
#1709=PLANE('',#1710);
#1710=AXIS2_PLACEMENT_3D('',#158,#1711,#1712);
#1711=DIRECTION('',(0,0,-1));
#1712=DIRECTION('',(-0.36561782613215305,0.9307650644574057,0));
#1713=FACE_BOUND('',#1714,.T.);
#1714=EDGE_LOOP('',(#1715,#1716,#1717));
#1715=ORIENTED_EDGE('',*,*,#1718,.T.);
#1716=ORIENTED_EDGE('',*,*,#1719,.T.);
#1717=ORIENTED_EDGE('',*,*,#1720,.T.);
#1718=EDGE_CURVE('',#159,#151,#1721,.F.);
#1719=EDGE_CURVE('',#151,#157,#1722,.T.);
#1720=EDGE_CURVE('',#157,#159,#1723,.T.);
#1721=LINE('',#158,#1724);
#1722=LINE('',#150,#1725);
#1723=LINE('',#156,#1726);
#1724=VECTOR('',#1727,1.0);
#1725=VECTOR('',#1728,1.0);
#1726=VECTOR('',#1729,1.0);
#1727=DIRECTION('',(-0.36561782613215305,0.9307650644574057,0));
#1728=DIRECTION('',(0.8125793746443345,-0.5828505467979097,0));
#1729=DIRECTION('',(-1,0,0));
#1730=FACE_SURFACE('',(#1735),#1731,.T.);
#1731=PLANE('',#1732);
#1732=AXIS2_PLACEMENT_3D('',#158,#1733,#1734);
#1733=DIRECTION('',(0,0,-1));
#1734=DIRECTION('',(1,0,0));
#1735=FACE_BOUND('',#1736,.T.);
#1736=EDGE_LOOP('',(#1737,#1738,#1739));
#1737=ORIENTED_EDGE('',*,*,#1740,.T.);
#1738=ORIENTED_EDGE('',*,*,#1741,.T.);
#1739=ORIENTED_EDGE('',*,*,#1742,.T.);
#1740=EDGE_CURVE('',#159,#157,#1743,.F.);
#1741=EDGE_CURVE('',#157,#161,#1744,.T.);
#1742=EDGE_CURVE('',#161,#159,#1745,.T.);
#1743=LINE('',#158,#1746);
#1744=LINE('',#156,#1747);
#1745=LINE('',#160,#1748);
#1746=VECTOR('',#1749,1.0);
#1747=VECTOR('',#1750,1.0);
#1748=VECTOR('',#1751,1.0);
#1749=DIRECTION('',(1,0,0));
#1750=DIRECTION('',(0,-1,0));
#1751=DIRECTION('',(-0.3393151462146845,0.9406727547608186,0));
#1752=FACE_SURFACE('',(#1757),#1753,.T.);
#1753=PLANE('',#1754);
#1754=AXIS2_PLACEMENT_3D('',#162,#1755,#1756);
#1755=DIRECTION('',(0,0,-1));
#1756=DIRECTION('',(0,1,0));
#1757=FACE_BOUND('',#1758,.T.);
#1758=EDGE_LOOP('',(#1759,#1760,#1761));
#1759=ORIENTED_EDGE('',*,*,#1762,.T.);
#1760=ORIENTED_EDGE('',*,*,#1763,.T.);
#1761=ORIENTED_EDGE('',*,*,#1764,.T.);
#1762=EDGE_CURVE('',#163,#159,#1765,.F.);
#1763=EDGE_CURVE('',#159,#161,#1766,.T.);
#1764=EDGE_CURVE('',#161,#163,#1767,.T.);
#1765=LINE('',#162,#1768);
#1766=LINE('',#158,#1769);
#1767=LINE('',#160,#1770);
#1768=VECTOR('',#1771,1.0);
#1769=VECTOR('',#1772,1.0);
#1770=VECTOR('',#1773,1.0);
#1771=DIRECTION('',(0,1,0));
#1772=DIRECTION('',(0.3393151462146845,-0.9406727547608186,0));
#1773=DIRECTION('',(-0.43147774421261537,0.9021235814727342,0));
#1774=FACE_SURFACE('',(#1779),#1775,.T.);
#1775=PLANE('',#1776);
#1776=AXIS2_PLACEMENT_3D('',#140,#1777,#1778);
#1777=DIRECTION('',(0,0,-1));
#1778=DIRECTION('',(0,1,0));
#1779=FACE_BOUND('',#1780,.T.);
#1780=EDGE_LOOP('',(#1781,#1782,#1783));
#1781=ORIENTED_EDGE('',*,*,#1784,.T.);
#1782=ORIENTED_EDGE('',*,*,#1785,.T.);
#1783=ORIENTED_EDGE('',*,*,#1786,.T.);
#1784=EDGE_CURVE('',#141,#163,#1787,.F.);
#1785=EDGE_CURVE('',#163,#161,#1788,.T.);
#1786=EDGE_CURVE('',#161,#141,#1789,.T.);
#1787=LINE('',#140,#1790);
#1788=LINE('',#162,#1791);
#1789=LINE('',#160,#1792);
#1790=VECTOR('',#1793,1.0);
#1791=VECTOR('',#1794,1.0);
#1792=VECTOR('',#1795,1.0);
#1793=DIRECTION('',(0,1,0));
#1794=DIRECTION('',(0.43147774421261537,-0.9021235814727342,0));
#1795=DIRECTION('',(-1,0,0));
#1796=FACE_SURFACE('',(#1801),#1797,.T.);
#1797=PLANE('',#1798);
#1798=AXIS2_PLACEMENT_3D('',#46,#1799,#1800);
#1799=DIRECTION('',(0,-0,-1));
#1800=DIRECTION('',(1,0,0));
#1801=FACE_BOUND('',#1802,.T.);
#1802=EDGE_LOOP('',(#1803,#1804,#1805));
#1803=ORIENTED_EDGE('',*,*,#1806,.T.);
#1804=ORIENTED_EDGE('',*,*,#1807,.T.);
#1805=ORIENTED_EDGE('',*,*,#1808,.T.);
#1806=EDGE_CURVE('',#47,#45,#1809,.F.);
#1807=EDGE_CURVE('',#45,#145,#1810,.T.);
#1808=EDGE_CURVE('',#145,#47,#1811,.T.);
#1809=LINE('',#46,#1812);
#1810=LINE('',#44,#1813);
#1811=LINE('',#144,#1814);
#1812=VECTOR('',#1815,1.0);
#1813=VECTOR('',#1816,1.0);
#1814=VECTOR('',#1817,1.0);
#1815=DIRECTION('',(1,0,0));
#1816=DIRECTION('',(-0.9870288343147097,-0.16054307905152929,0));
#1817=DIRECTION('',(0.9838613730496646,0.1789323856120763,0));
#1818=FACE_SURFACE('',(#1823),#1819,.T.);
#1819=PLANE('',#1820);
#1820=AXIS2_PLACEMENT_3D('',#164,#1821,#1822);
#1821=DIRECTION('',(0,-0,-1));
#1822=DIRECTION('',(1,0,0));
#1823=FACE_BOUND('',#1824,.T.);
#1824=EDGE_LOOP('',(#1825,#1826,#1827));
#1825=ORIENTED_EDGE('',*,*,#1828,.T.);
#1826=ORIENTED_EDGE('',*,*,#1829,.T.);
#1827=ORIENTED_EDGE('',*,*,#1830,.T.);
#1828=EDGE_CURVE('',#165,#47,#1831,.F.);
#1829=EDGE_CURVE('',#47,#145,#1832,.T.);
#1830=EDGE_CURVE('',#145,#165,#1833,.T.);
#1831=LINE('',#164,#1834);
#1832=LINE('',#46,#1835);
#1833=LINE('',#144,#1836);
#1834=VECTOR('',#1837,1.0);
#1835=VECTOR('',#1838,1.0);
#1836=VECTOR('',#1839,1.0);
#1837=DIRECTION('',(1,0,0));
#1838=DIRECTION('',(-0.9838613730496646,-0.1789323856120763,0));
#1839=DIRECTION('',(0.9772482923818815,0.21209850314581877,0));
#1840=FACE_SURFACE('',(#1845),#1841,.T.);
#1841=PLANE('',#1842);
#1842=AXIS2_PLACEMENT_3D('',#128,#1843,#1844);
#1843=DIRECTION('',(0,0,-1));
#1844=DIRECTION('',(-0.9995744641114344,0.029170030790843647,0));
#1845=FACE_BOUND('',#1846,.T.);
#1846=EDGE_LOOP('',(#1847,#1848,#1849));
#1847=ORIENTED_EDGE('',*,*,#1850,.T.);
#1848=ORIENTED_EDGE('',*,*,#1851,.T.);
#1849=ORIENTED_EDGE('',*,*,#1852,.T.);
#1850=EDGE_CURVE('',#129,#141,#1853,.F.);
#1851=EDGE_CURVE('',#141,#161,#1854,.T.);
#1852=EDGE_CURVE('',#161,#129,#1855,.T.);
#1853=LINE('',#128,#1856);
#1854=LINE('',#140,#1857);
#1855=LINE('',#160,#1858);
#1856=VECTOR('',#1859,1.0);
#1857=VECTOR('',#1860,1.0);
#1858=VECTOR('',#1861,1.0);
#1859=DIRECTION('',(-0.9995744641114344,0.029170030790843647,0));
#1860=DIRECTION('',(1,0,0));
#1861=DIRECTION('',(0.9994921878272205,-0.03186481558641196,0));
#1862=FACE_SURFACE('',(#1867),#1863,.T.);
#1863=PLANE('',#1864);
#1864=AXIS2_PLACEMENT_3D('',#128,#1865,#1866);
#1865=DIRECTION('',(0,0,-1));
#1866=DIRECTION('',(-0.9994921878272205,0.03186481558641196,0));
#1867=FACE_BOUND('',#1868,.T.);
#1868=EDGE_LOOP('',(#1869,#1870,#1871));
#1869=ORIENTED_EDGE('',*,*,#1872,.T.);
#1870=ORIENTED_EDGE('',*,*,#1873,.T.);
#1871=ORIENTED_EDGE('',*,*,#1874,.T.);
#1872=EDGE_CURVE('',#129,#161,#1875,.F.);
#1873=EDGE_CURVE('',#161,#167,#1876,.T.);
#1874=EDGE_CURVE('',#167,#129,#1877,.T.);
#1875=LINE('',#128,#1878);
#1876=LINE('',#160,#1879);
#1877=LINE('',#166,#1880);
#1878=VECTOR('',#1881,1.0);
#1879=VECTOR('',#1882,1.0);
#1880=VECTOR('',#1883,1.0);
#1881=DIRECTION('',(-0.9994921878272205,0.03186481558641196,0));
#1882=DIRECTION('',(1,0,0));
#1883=DIRECTION('',(0.9992199141521055,-0.03949130488929044,0));
#1884=FACE_SURFACE('',(#1889),#1885,.T.);
#1885=PLANE('',#1886);
#1886=AXIS2_PLACEMENT_3D('',#40,#1887,#1888);
#1887=DIRECTION('',(0,-0,-1));
#1888=DIRECTION('',(1,0,0));
#1889=FACE_BOUND('',#1890,.T.);
#1890=EDGE_LOOP('',(#1891,#1892,#1893));
#1891=ORIENTED_EDGE('',*,*,#1894,.T.);
#1892=ORIENTED_EDGE('',*,*,#1895,.T.);
#1893=ORIENTED_EDGE('',*,*,#1896,.T.);
#1894=EDGE_CURVE('',#41,#165,#1897,.F.);
#1895=EDGE_CURVE('',#165,#145,#1898,.T.);
#1896=EDGE_CURVE('',#145,#41,#1899,.T.);
#1897=LINE('',#40,#1900);
#1898=LINE('',#164,#1901);
#1899=LINE('',#144,#1902);
#1900=VECTOR('',#1903,1.0);
#1901=VECTOR('',#1904,1.0);
#1902=VECTOR('',#1905,1.0);
#1903=DIRECTION('',(1,0,0));
#1904=DIRECTION('',(-0.9772482923818815,-0.21209850314581877,0));
#1905=DIRECTION('',(0.8822507945645025,0.47077971015147196,0));
#1906=FACE_SURFACE('',(#1911),#1907,.T.);
#1907=PLANE('',#1908);
#1908=AXIS2_PLACEMENT_3D('',#128,#1909,#1910);
#1909=DIRECTION('',(0,0,-1));
#1910=DIRECTION('',(-0.9992199141521055,0.03949130488929044,0));
#1911=FACE_BOUND('',#1912,.T.);
#1912=EDGE_LOOP('',(#1913,#1914,#1915));
#1913=ORIENTED_EDGE('',*,*,#1916,.T.);
#1914=ORIENTED_EDGE('',*,*,#1917,.T.);
#1915=ORIENTED_EDGE('',*,*,#1918,.T.);
#1916=EDGE_CURVE('',#129,#167,#1919,.F.);
#1917=EDGE_CURVE('',#167,#169,#1920,.T.);
#1918=EDGE_CURVE('',#169,#129,#1921,.T.);
#1919=LINE('',#128,#1922);
#1920=LINE('',#166,#1923);
#1921=LINE('',#168,#1924);
#1922=VECTOR('',#1925,1.0);
#1923=VECTOR('',#1926,1.0);
#1924=VECTOR('',#1927,1.0);
#1925=DIRECTION('',(-0.9992199141521055,0.03949130488929044,0));
#1926=DIRECTION('',(1,0,0));
#1927=DIRECTION('',(0.9990822875658842,-0.0428320285781543,0));
#1928=FACE_SURFACE('',(#1933),#1929,.T.);
#1929=PLANE('',#1930);
#1930=AXIS2_PLACEMENT_3D('',#170,#1931,#1932);
#1931=DIRECTION('',(0,0,-1));
#1932=DIRECTION('',(0,1,0));
#1933=FACE_BOUND('',#1934,.T.);
#1934=EDGE_LOOP('',(#1935,#1936,#1937));
#1935=ORIENTED_EDGE('',*,*,#1938,.T.);
#1936=ORIENTED_EDGE('',*,*,#1939,.T.);
#1937=ORIENTED_EDGE('',*,*,#1940,.T.);
#1938=EDGE_CURVE('',#171,#173,#1941,.F.);
#1939=EDGE_CURVE('',#173,#175,#1942,.T.);
#1940=EDGE_CURVE('',#175,#171,#1943,.T.);
#1941=LINE('',#170,#1944);
#1942=LINE('',#172,#1945);
#1943=LINE('',#174,#1946);
#1944=VECTOR('',#1947,1.0);
#1945=VECTOR('',#1948,1.0);
#1946=VECTOR('',#1949,1.0);
#1947=DIRECTION('',(0,1,0));
#1948=DIRECTION('',(1,0,0));
#1949=DIRECTION('',(-0.8263523588165795,-0.5631534241024154,0));
#1950=FACE_SURFACE('',(#1955),#1951,.T.);
#1951=PLANE('',#1952);
#1952=AXIS2_PLACEMENT_3D('',#42,#1953,#1954);
#1953=DIRECTION('',(0,-0,-1));
#1954=DIRECTION('',(1,0,0));
#1955=FACE_BOUND('',#1956,.T.);
#1956=EDGE_LOOP('',(#1957,#1958,#1959));
#1957=ORIENTED_EDGE('',*,*,#1960,.T.);
#1958=ORIENTED_EDGE('',*,*,#1961,.T.);
#1959=ORIENTED_EDGE('',*,*,#1962,.T.);
#1960=EDGE_CURVE('',#43,#41,#1963,.F.);
#1961=EDGE_CURVE('',#41,#145,#1964,.T.);
#1962=EDGE_CURVE('',#145,#43,#1965,.T.);
#1963=LINE('',#42,#1966);
#1964=LINE('',#40,#1967);
#1965=LINE('',#144,#1968);
#1966=VECTOR('',#1969,1.0);
#1967=VECTOR('',#1970,1.0);
#1968=VECTOR('',#1971,1.0);
#1969=DIRECTION('',(1,0,0));
#1970=DIRECTION('',(-0.8822507945645025,-0.47077971015147196,0));
#1971=DIRECTION('',(0.49297968317795876,0.8700408220157025,0));
#1972=FACE_SURFACE('',(#1977),#1973,.T.);
#1973=PLANE('',#1974);
#1974=AXIS2_PLACEMENT_3D('',#176,#1975,#1976);
#1975=DIRECTION('',(0,0,-1));
#1976=DIRECTION('',(1,0,0));
#1977=FACE_BOUND('',#1978,.T.);
#1978=EDGE_LOOP('',(#1979,#1980,#1981));
#1979=ORIENTED_EDGE('',*,*,#1982,.T.);
#1980=ORIENTED_EDGE('',*,*,#1983,.T.);
#1981=ORIENTED_EDGE('',*,*,#1984,.T.);
#1982=EDGE_CURVE('',#177,#43,#1985,.F.);
#1983=EDGE_CURVE('',#43,#145,#1986,.T.);
#1984=EDGE_CURVE('',#145,#177,#1987,.T.);
#1985=LINE('',#176,#1988);
#1986=LINE('',#42,#1989);
#1987=LINE('',#144,#1990);
#1988=VECTOR('',#1991,1.0);
#1989=VECTOR('',#1992,1.0);
#1990=VECTOR('',#1993,1.0);
#1991=DIRECTION('',(1,0,0));
#1992=DIRECTION('',(-0.49297968317795876,-0.8700408220157025,0));
#1993=DIRECTION('',(-0.30854705993123993,0.9512090789136675,0));
#1994=FACE_SURFACE('',(#1999),#1995,.T.);
#1995=PLANE('',#1996);
#1996=AXIS2_PLACEMENT_3D('',#168,#1997,#1998);
#1997=DIRECTION('',(0,0,-1));
#1998=DIRECTION('',(0,1,0));
#1999=FACE_BOUND('',#2000,.T.);
#2000=EDGE_LOOP('',(#2001,#2002,#2003));
#2001=ORIENTED_EDGE('',*,*,#2004,.T.);
#2002=ORIENTED_EDGE('',*,*,#2005,.T.);
#2003=ORIENTED_EDGE('',*,*,#2006,.T.);
#2004=EDGE_CURVE('',#169,#171,#2007,.F.);
#2005=EDGE_CURVE('',#171,#175,#2008,.T.);
#2006=EDGE_CURVE('',#175,#169,#2009,.T.);
#2007=LINE('',#168,#2010);
#2008=LINE('',#170,#2011);
#2009=LINE('',#174,#2012);
#2010=VECTOR('',#2013,1.0);
#2011=VECTOR('',#2014,1.0);
#2012=VECTOR('',#2015,1.0);
#2013=DIRECTION('',(0,1,0));
#2014=DIRECTION('',(0.8263523588165795,0.5631534241024154,0));
#2015=DIRECTION('',(-0.3393146926099163,-0.9406729183829191,0));
#2016=FACE_SURFACE('',(#2021),#2017,.T.);
#2017=PLANE('',#2018);
#2018=AXIS2_PLACEMENT_3D('',#168,#2019,#2020);
#2019=DIRECTION('',(0,0,-1));
#2020=DIRECTION('',(0.3393146926099163,0.9406729183829191,0));
#2021=FACE_BOUND('',#2022,.T.);
#2022=EDGE_LOOP('',(#2023,#2024,#2025));
#2023=ORIENTED_EDGE('',*,*,#2026,.T.);
#2024=ORIENTED_EDGE('',*,*,#2027,.T.);
#2025=ORIENTED_EDGE('',*,*,#2028,.T.);
#2026=EDGE_CURVE('',#169,#175,#2029,.F.);
#2027=EDGE_CURVE('',#175,#179,#2030,.T.);
#2028=EDGE_CURVE('',#179,#169,#2031,.T.);
#2029=LINE('',#168,#2032);
#2030=LINE('',#174,#2033);
#2031=LINE('',#178,#2034);
#2032=VECTOR('',#2035,1.0);
#2033=VECTOR('',#2036,1.0);
#2034=VECTOR('',#2037,1.0);
#2035=DIRECTION('',(0.3393146926099163,0.9406729183829191,0));
#2036=DIRECTION('',(0,-1,0));
#2037=DIRECTION('',(-1,0,0));
#2038=FACE_SURFACE('',(#2043),#2039,.T.);
#2039=PLANE('',#2040);
#2040=AXIS2_PLACEMENT_3D('',#176,#2041,#2042);
#2041=DIRECTION('',(0,0,-1));
#2042=DIRECTION('',(0.30854705993123993,-0.9512090789136675,0));
#2043=FACE_BOUND('',#2044,.T.);
#2044=EDGE_LOOP('',(#2045,#2046,#2047));
#2045=ORIENTED_EDGE('',*,*,#2048,.T.);
#2046=ORIENTED_EDGE('',*,*,#2049,.T.);
#2047=ORIENTED_EDGE('',*,*,#2050,.T.);
#2048=EDGE_CURVE('',#177,#145,#2051,.F.);
#2049=EDGE_CURVE('',#145,#129,#2052,.T.);
#2050=EDGE_CURVE('',#129,#177,#2053,.T.);
#2051=LINE('',#176,#2054);
#2052=LINE('',#144,#2055);
#2053=LINE('',#128,#2056);
#2054=VECTOR('',#2057,1.0);
#2055=VECTOR('',#2058,1.0);
#2056=VECTOR('',#2059,1.0);
#2057=DIRECTION('',(0.30854705993123993,-0.9512090789136675,0));
#2058=DIRECTION('',(0,-1,0));
#2059=DIRECTION('',(-0.06015371786792401,0.9981891254800697,0));
#2060=FACE_SURFACE('',(#2065),#2061,.T.);
#2061=PLANE('',#2062);
#2062=AXIS2_PLACEMENT_3D('',#180,#2063,#2064);
#2063=DIRECTION('',(0,0,-1));
#2064=DIRECTION('',(1,0,0));
#2065=FACE_BOUND('',#2066,.T.);
#2066=EDGE_LOOP('',(#2067,#2068,#2069));
#2067=ORIENTED_EDGE('',*,*,#2070,.T.);
#2068=ORIENTED_EDGE('',*,*,#2071,.T.);
#2069=ORIENTED_EDGE('',*,*,#2072,.T.);
#2070=EDGE_CURVE('',#181,#183,#2073,.F.);
#2071=EDGE_CURVE('',#183,#185,#2074,.T.);
#2072=EDGE_CURVE('',#185,#181,#2075,.T.);
#2073=LINE('',#180,#2076);
#2074=LINE('',#182,#2077);
#2075=LINE('',#184,#2078);
#2076=VECTOR('',#2079,1.0);
#2077=VECTOR('',#2080,1.0);
#2078=VECTOR('',#2081,1.0);
#2079=DIRECTION('',(1,0,0));
#2080=DIRECTION('',(0,-1,0));
#2081=DIRECTION('',(-0.339314897137556,0.9406728446067366,0));
#2082=FACE_SURFACE('',(#2087),#2083,.T.);
#2083=PLANE('',#2084);
#2084=AXIS2_PLACEMENT_3D('',#184,#2085,#2086);
#2085=DIRECTION('',(0,0,-1));
#2086=DIRECTION('',(1,0,0));
#2087=FACE_BOUND('',#2088,.T.);
#2088=EDGE_LOOP('',(#2089,#2090,#2091));
#2089=ORIENTED_EDGE('',*,*,#2092,.T.);
#2090=ORIENTED_EDGE('',*,*,#2093,.T.);
#2091=ORIENTED_EDGE('',*,*,#2094,.T.);
#2092=EDGE_CURVE('',#185,#177,#2095,.F.);
#2093=EDGE_CURVE('',#177,#129,#2096,.T.);
#2094=EDGE_CURVE('',#129,#185,#2097,.T.);
#2095=LINE('',#184,#2098);
#2096=LINE('',#176,#2099);
#2097=LINE('',#128,#2100);
#2098=VECTOR('',#2101,1.0);
#2099=VECTOR('',#2102,1.0);
#2100=VECTOR('',#2103,1.0);
#2101=DIRECTION('',(1,0,0));
#2102=DIRECTION('',(0.06015371786792401,-0.9981891254800697,0));
#2103=DIRECTION('',(-0.49395478370209667,0.8694875914340668,0));
#2104=FACE_SURFACE('',(#2109),#2105,.T.);
#2105=PLANE('',#2106);
#2106=AXIS2_PLACEMENT_3D('',#128,#2107,#2108);
#2107=DIRECTION('',(0,0,-1));
#2108=DIRECTION('',(-0.9990822875658842,0.0428320285781543,0));
#2109=FACE_BOUND('',#2110,.T.);
#2110=EDGE_LOOP('',(#2111,#2112,#2113));
#2111=ORIENTED_EDGE('',*,*,#2114,.T.);
#2112=ORIENTED_EDGE('',*,*,#2115,.T.);
#2113=ORIENTED_EDGE('',*,*,#2116,.T.);
#2114=EDGE_CURVE('',#129,#169,#2117,.F.);
#2115=EDGE_CURVE('',#169,#179,#2118,.T.);
#2116=EDGE_CURVE('',#179,#129,#2119,.T.);
#2117=LINE('',#128,#2120);
#2118=LINE('',#168,#2121);
#2119=LINE('',#178,#2122);
#2120=VECTOR('',#2123,1.0);
#2121=VECTOR('',#2124,1.0);
#2122=VECTOR('',#2125,1.0);
#2123=DIRECTION('',(-0.9990822875658842,0.0428320285781543,0));
#2124=DIRECTION('',(1,0,0));
#2125=DIRECTION('',(0.9988036358723441,-0.04890088923716699,0));
#2126=FACE_SURFACE('',(#2131),#2127,.T.);
#2127=PLANE('',#2128);
#2128=AXIS2_PLACEMENT_3D('',#128,#2129,#2130);
#2129=DIRECTION('',(0,0,-1));
#2130=DIRECTION('',(-0.9988036358723441,0.04890088923716699,0));
#2131=FACE_BOUND('',#2132,.T.);
#2132=EDGE_LOOP('',(#2133,#2134,#2135));
#2133=ORIENTED_EDGE('',*,*,#2136,.T.);
#2134=ORIENTED_EDGE('',*,*,#2137,.T.);
#2135=ORIENTED_EDGE('',*,*,#2138,.T.);
#2136=EDGE_CURVE('',#129,#179,#2139,.F.);
#2137=EDGE_CURVE('',#179,#187,#2140,.T.);
#2138=EDGE_CURVE('',#187,#129,#2141,.T.);
#2139=LINE('',#128,#2142);
#2140=LINE('',#178,#2143);
#2141=LINE('',#186,#2144);
#2142=VECTOR('',#2145,1.0);
#2143=VECTOR('',#2146,1.0);
#2144=VECTOR('',#2147,1.0);
#2145=DIRECTION('',(-0.9988036358723441,0.04890088923716699,0));
#2146=DIRECTION('',(1,0,0));
#2147=DIRECTION('',(0.9975842998867548,-0.06946628404811597,0));
#2148=FACE_SURFACE('',(#2153),#2149,.T.);
#2149=PLANE('',#2150);
#2150=AXIS2_PLACEMENT_3D('',#188,#2151,#2152);
#2151=DIRECTION('',(0,0,-1));
#2152=DIRECTION('',(0,1,0));
#2153=FACE_BOUND('',#2154,.T.);
#2154=EDGE_LOOP('',(#2155,#2156,#2157));
#2155=ORIENTED_EDGE('',*,*,#2158,.T.);
#2156=ORIENTED_EDGE('',*,*,#2159,.T.);
#2157=ORIENTED_EDGE('',*,*,#2160,.T.);
#2158=EDGE_CURVE('',#189,#181,#2161,.F.);
#2159=EDGE_CURVE('',#181,#185,#2162,.T.);
#2160=EDGE_CURVE('',#185,#189,#2163,.T.);
#2161=LINE('',#188,#2164);
#2162=LINE('',#180,#2165);
#2163=LINE('',#184,#2166);
#2164=VECTOR('',#2167,1.0);
#2165=VECTOR('',#2168,1.0);
#2166=VECTOR('',#2169,1.0);
#2167=DIRECTION('',(0,1,0));
#2168=DIRECTION('',(0.339314897137556,-0.9406728446067366,0));
#2169=DIRECTION('',(-0.4314774040107129,0.9021237441882216,0));
#2170=FACE_SURFACE('',(#2175),#2171,.T.);
#2171=PLANE('',#2172);
#2172=AXIS2_PLACEMENT_3D('',#128,#2173,#2174);
#2173=DIRECTION('',(0,0,-1));
#2174=DIRECTION('',(-0.9975842998867548,0.06946628404811597,0));
#2175=FACE_BOUND('',#2176,.T.);
#2176=EDGE_LOOP('',(#2177,#2178,#2179));
#2177=ORIENTED_EDGE('',*,*,#2180,.T.);
#2178=ORIENTED_EDGE('',*,*,#2181,.T.);
#2179=ORIENTED_EDGE('',*,*,#2182,.T.);
#2180=EDGE_CURVE('',#129,#187,#2183,.F.);
#2181=EDGE_CURVE('',#187,#191,#2184,.T.);
#2182=EDGE_CURVE('',#191,#129,#2185,.T.);
#2183=LINE('',#128,#2186);
#2184=LINE('',#186,#2187);
#2185=LINE('',#190,#2188);
#2186=VECTOR('',#2189,1.0);
#2187=VECTOR('',#2190,1.0);
#2188=VECTOR('',#2191,1.0);
#2189=DIRECTION('',(-0.9975842998867548,0.06946628404811597,0));
#2190=DIRECTION('',(1,0,0));
#2191=DIRECTION('',(0.9967556336220644,-0.08048730858139602,0));
#2192=FACE_SURFACE('',(#2197),#2193,.T.);
#2193=PLANE('',#2194);
#2194=AXIS2_PLACEMENT_3D('',#128,#2195,#2196);
#2195=DIRECTION('',(0,0,-1));
#2196=DIRECTION('',(-0.9967556336220644,0.08048730858139602,0));
#2197=FACE_BOUND('',#2198,.T.);
#2198=EDGE_LOOP('',(#2199,#2200,#2201));
#2199=ORIENTED_EDGE('',*,*,#2202,.T.);
#2200=ORIENTED_EDGE('',*,*,#2203,.T.);
#2201=ORIENTED_EDGE('',*,*,#2204,.T.);
#2202=EDGE_CURVE('',#129,#191,#2205,.F.);
#2203=EDGE_CURVE('',#191,#193,#2206,.T.);
#2204=EDGE_CURVE('',#193,#129,#2207,.T.);
#2205=LINE('',#128,#2208);
#2206=LINE('',#190,#2209);
#2207=LINE('',#192,#2210);
#2208=VECTOR('',#2211,1.0);
#2209=VECTOR('',#2212,1.0);
#2210=VECTOR('',#2213,1.0);
#2211=DIRECTION('',(-0.9967556336220644,0.08048730858139602,0));
#2212=DIRECTION('',(0,1,0));
#2213=DIRECTION('',(0.8686118690612062,-0.4954931088582341,0));
#2214=FACE_SURFACE('',(#2219),#2215,.T.);
#2215=PLANE('',#2216);
#2216=AXIS2_PLACEMENT_3D('',#194,#2217,#2218);
#2217=DIRECTION('',(0,0,-1));
#2218=DIRECTION('',(0,1,0));
#2219=FACE_BOUND('',#2220,.T.);
#2220=EDGE_LOOP('',(#2221,#2222,#2223));
#2221=ORIENTED_EDGE('',*,*,#2224,.T.);
#2222=ORIENTED_EDGE('',*,*,#2225,.T.);
#2223=ORIENTED_EDGE('',*,*,#2226,.T.);
#2224=EDGE_CURVE('',#195,#189,#2227,.F.);
#2225=EDGE_CURVE('',#189,#185,#2228,.T.);
#2226=EDGE_CURVE('',#185,#195,#2229,.T.);
#2227=LINE('',#194,#2230);
#2228=LINE('',#188,#2231);
#2229=LINE('',#184,#2232);
#2230=VECTOR('',#2233,1.0);
#2231=VECTOR('',#2234,1.0);
#2232=VECTOR('',#2235,1.0);
#2233=DIRECTION('',(0,1,0));
#2234=DIRECTION('',(0.4314774040107129,-0.9021237441882216,0));
#2235=DIRECTION('',(-1,0,0));
#2236=FACE_SURFACE('',(#2241),#2237,.T.);
#2237=PLANE('',#2238);
#2238=AXIS2_PLACEMENT_3D('',#184,#2239,#2240);
#2239=DIRECTION('',(0,-0,-1));
#2240=DIRECTION('',(0.49395478370209667,-0.8694875914340668,0));
#2241=FACE_BOUND('',#2242,.T.);
#2242=EDGE_LOOP('',(#2243,#2244,#2245));
#2243=ORIENTED_EDGE('',*,*,#2246,.T.);
#2244=ORIENTED_EDGE('',*,*,#2247,.T.);
#2245=ORIENTED_EDGE('',*,*,#2248,.T.);
#2246=EDGE_CURVE('',#185,#129,#2249,.F.);
#2247=EDGE_CURVE('',#129,#193,#2250,.T.);
#2248=EDGE_CURVE('',#193,#185,#2251,.T.);
#2249=LINE('',#184,#2252);
#2250=LINE('',#128,#2253);
#2251=LINE('',#192,#2254);
#2252=VECTOR('',#2255,1.0);
#2253=VECTOR('',#2256,1.0);
#2254=VECTOR('',#2257,1.0);
#2255=DIRECTION('',(0.49395478370209667,-0.8694875914340668,0));
#2256=DIRECTION('',(-0.8686118690612062,0.4954931088582341,0));
#2257=DIRECTION('',(0.7540959441274823,0.6567642705343228,0));
#2258=FACE_SURFACE('',(#2263),#2259,.T.);
#2259=PLANE('',#2260);
#2260=AXIS2_PLACEMENT_3D('',#196,#2261,#2262);
#2261=DIRECTION('',(0,0,-1));
#2262=DIRECTION('',(-1,0,0));
#2263=FACE_BOUND('',#2264,.T.);
#2264=EDGE_LOOP('',(#2265,#2266,#2267));
#2265=ORIENTED_EDGE('',*,*,#2268,.T.);
#2266=ORIENTED_EDGE('',*,*,#2269,.T.);
#2267=ORIENTED_EDGE('',*,*,#2270,.T.);
#2268=EDGE_CURVE('',#197,#199,#2271,.F.);
#2269=EDGE_CURVE('',#199,#201,#2272,.T.);
#2270=EDGE_CURVE('',#201,#197,#2273,.T.);
#2271=LINE('',#196,#2274);
#2272=LINE('',#198,#2275);
#2273=LINE('',#200,#2276);
#2274=VECTOR('',#2277,1.0);
#2275=VECTOR('',#2278,1.0);
#2276=VECTOR('',#2279,1.0);
#2277=DIRECTION('',(-1,0,0));
#2278=DIRECTION('',(0.24180206934445964,0.9703255944582401,0));
#2279=DIRECTION('',(0.8787967819787597,-0.47719620281785186,0));
#2280=FACE_SURFACE('',(#2285),#2281,.T.);
#2281=PLANE('',#2282);
#2282=AXIS2_PLACEMENT_3D('',#184,#2283,#2284);
#2283=DIRECTION('',(0,0,-1));
#2284=DIRECTION('',(-0.7540959441274823,-0.6567642705343228,0));
#2285=FACE_BOUND('',#2286,.T.);
#2286=EDGE_LOOP('',(#2287,#2288,#2289));
#2287=ORIENTED_EDGE('',*,*,#2290,.T.);
#2288=ORIENTED_EDGE('',*,*,#2291,.T.);
#2289=ORIENTED_EDGE('',*,*,#2292,.T.);
#2290=EDGE_CURVE('',#185,#193,#2293,.F.);
#2291=EDGE_CURVE('',#193,#197,#2294,.T.);
#2292=EDGE_CURVE('',#197,#185,#2295,.T.);
#2293=LINE('',#184,#2296);
#2294=LINE('',#192,#2297);
#2295=LINE('',#196,#2298);
#2296=VECTOR('',#2299,1.0);
#2297=VECTOR('',#2300,1.0);
#2298=VECTOR('',#2301,1.0);
#2299=DIRECTION('',(-0.7540959441274823,-0.6567642705343228,0));
#2300=DIRECTION('',(0,1,0));
#2301=DIRECTION('',(0.8879607997318009,0.4599191430454494,0));
#2302=FACE_SURFACE('',(#2307),#2303,.T.);
#2303=PLANE('',#2304);
#2304=AXIS2_PLACEMENT_3D('',#196,#2305,#2306);
#2305=DIRECTION('',(0,0,-1));
#2306=DIRECTION('',(-0.8787967819787597,0.47719620281785186,0));
#2307=FACE_BOUND('',#2308,.T.);
#2308=EDGE_LOOP('',(#2309,#2310,#2311));
#2309=ORIENTED_EDGE('',*,*,#2312,.T.);
#2310=ORIENTED_EDGE('',*,*,#2313,.T.);
#2311=ORIENTED_EDGE('',*,*,#2314,.T.);
#2312=EDGE_CURVE('',#197,#201,#2315,.F.);
#2313=EDGE_CURVE('',#201,#195,#2316,.T.);
#2314=EDGE_CURVE('',#195,#197,#2317,.T.);
#2315=LINE('',#196,#2318);
#2316=LINE('',#200,#2319);
#2317=LINE('',#194,#2320);
#2318=VECTOR('',#2321,1.0);
#2319=VECTOR('',#2322,1.0);
#2320=VECTOR('',#2323,1.0);
#2321=DIRECTION('',(-0.8787967819787597,0.47719620281785186,0));
#2322=DIRECTION('',(1,0,0));
#2323=DIRECTION('',(-0.6812827230052867,-0.7320203899718244,0));
#2324=FACE_SURFACE('',(#2329),#2325,.T.);
#2325=PLANE('',#2326);
#2326=AXIS2_PLACEMENT_3D('',#196,#2327,#2328);
#2327=DIRECTION('',(0,0,-1));
#2328=DIRECTION('',(0.6812827230052867,0.7320203899718244,0));
#2329=FACE_BOUND('',#2330,.T.);
#2330=EDGE_LOOP('',(#2331,#2332,#2333));
#2331=ORIENTED_EDGE('',*,*,#2334,.T.);
#2332=ORIENTED_EDGE('',*,*,#2335,.T.);
#2333=ORIENTED_EDGE('',*,*,#2336,.T.);
#2334=EDGE_CURVE('',#197,#195,#2337,.F.);
#2335=EDGE_CURVE('',#195,#185,#2338,.T.);
#2336=EDGE_CURVE('',#185,#197,#2339,.T.);
#2337=LINE('',#196,#2340);
#2338=LINE('',#194,#2341);
#2339=LINE('',#184,#2342);
#2340=VECTOR('',#2343,1.0);
#2341=VECTOR('',#2344,1.0);
#2342=VECTOR('',#2345,1.0);
#2343=DIRECTION('',(0.6812827230052867,0.7320203899718244,0));
#2344=DIRECTION('',(1,0,0));
#2345=DIRECTION('',(-0.8879607997318009,-0.4599191430454494,0));
#2346=FACE_SURFACE('',(#2351),#2347,.T.);
#2347=PLANE('',#2348);
#2348=AXIS2_PLACEMENT_3D('',#36,#2349,#2350);
#2349=DIRECTION('',(0,0,-1));
#2350=DIRECTION('',(-1,0,0));
#2351=FACE_BOUND('',#2352,.T.);
#2352=EDGE_LOOP('',(#2353,#2354,#2355));
#2353=ORIENTED_EDGE('',*,*,#2356,.T.);
#2354=ORIENTED_EDGE('',*,*,#2357,.T.);
#2355=ORIENTED_EDGE('',*,*,#2358,.T.);
#2356=EDGE_CURVE('',#37,#203,#2359,.F.);
#2357=EDGE_CURVE('',#203,#205,#2360,.T.);
#2358=EDGE_CURVE('',#205,#37,#2361,.T.);
#2359=LINE('',#36,#2362);
#2360=LINE('',#202,#2363);
#2361=LINE('',#204,#2364);
#2362=VECTOR('',#2365,1.0);
#2363=VECTOR('',#2366,1.0);
#2364=VECTOR('',#2367,1.0);
#2365=DIRECTION('',(-1,0,0));
#2366=DIRECTION('',(0.1958248788135502,0.9806388819732055,0));
#2367=DIRECTION('',(0.8840137408764993,-0.4674609138115588,0));
#2368=FACE_SURFACE('',(#2373),#2369,.T.);
#2369=PLANE('',#2370);
#2370=AXIS2_PLACEMENT_3D('',#36,#2371,#2372);
#2371=DIRECTION('',(0,0,-1));
#2372=DIRECTION('',(-0.8840137408764993,0.4674609138115588,0));
#2373=FACE_BOUND('',#2374,.T.);
#2374=EDGE_LOOP('',(#2375,#2376,#2377));
#2375=ORIENTED_EDGE('',*,*,#2378,.T.);
#2376=ORIENTED_EDGE('',*,*,#2379,.T.);
#2377=ORIENTED_EDGE('',*,*,#2380,.T.);
#2378=EDGE_CURVE('',#37,#205,#2381,.F.);
#2379=EDGE_CURVE('',#205,#207,#2382,.T.);
#2380=EDGE_CURVE('',#207,#37,#2383,.T.);
#2381=LINE('',#36,#2384);
#2382=LINE('',#204,#2385);
#2383=LINE('',#206,#2386);
#2384=VECTOR('',#2387,1.0);
#2385=VECTOR('',#2388,1.0);
#2386=VECTOR('',#2389,1.0);
#2387=DIRECTION('',(-0.8840137408764993,0.4674609138115588,0));
#2388=DIRECTION('',(1,0,0));
#2389=DIRECTION('',(0.6652823520613664,-0.746591851037564,0));
#2390=FACE_SURFACE('',(#2395),#2391,.T.);
#2391=PLANE('',#2392);
#2392=AXIS2_PLACEMENT_3D('',#38,#2393,#2394);
#2393=DIRECTION('',(0,0,-1));
#2394=DIRECTION('',(-1,0,0));
#2395=FACE_BOUND('',#2396,.T.);
#2396=EDGE_LOOP('',(#2397,#2398,#2399));
#2397=ORIENTED_EDGE('',*,*,#2400,.T.);
#2398=ORIENTED_EDGE('',*,*,#2401,.T.);
#2399=ORIENTED_EDGE('',*,*,#2402,.T.);
#2400=EDGE_CURVE('',#39,#37,#2403,.F.);
#2401=EDGE_CURVE('',#37,#207,#2404,.T.);
#2402=EDGE_CURVE('',#207,#39,#2405,.T.);
#2403=LINE('',#38,#2406);
#2404=LINE('',#36,#2407);
#2405=LINE('',#206,#2408);
#2406=VECTOR('',#2409,1.0);
#2407=VECTOR('',#2410,1.0);
#2408=VECTOR('',#2411,1.0);
#2409=DIRECTION('',(-1,0,0));
#2410=DIRECTION('',(-0.6652823520613664,0.746591851037564,0));
#2411=DIRECTION('',(0.8840134322264849,-0.4674614974980828,0));
#2412=FACE_SURFACE('',(#2417),#2413,.T.);
#2413=PLANE('',#2414);
#2414=AXIS2_PLACEMENT_3D('',#38,#2415,#2416);
#2415=DIRECTION('',(0,0,-1));
#2416=DIRECTION('',(-0.8840134322264849,0.4674614974980828,0));
#2417=FACE_BOUND('',#2418,.T.);
#2418=EDGE_LOOP('',(#2419,#2420,#2421));
#2419=ORIENTED_EDGE('',*,*,#2422,.T.);
#2420=ORIENTED_EDGE('',*,*,#2423,.T.);
#2421=ORIENTED_EDGE('',*,*,#2424,.T.);
#2422=EDGE_CURVE('',#39,#207,#2425,.F.);
#2423=EDGE_CURVE('',#207,#209,#2426,.T.);
#2424=EDGE_CURVE('',#209,#39,#2427,.T.);
#2425=LINE('',#38,#2428);
#2426=LINE('',#206,#2429);
#2427=LINE('',#208,#2430);
#2428=VECTOR('',#2431,1.0);
#2429=VECTOR('',#2432,1.0);
#2430=VECTOR('',#2433,1.0);
#2431=DIRECTION('',(-0.8840134322264849,0.4674614974980828,0));
#2432=DIRECTION('',(1,0,0));
#2433=DIRECTION('',(-0.19582772823392655,-0.9806383129649481,0));
#2434=FACE_SURFACE('',(#2439),#2435,.T.);
#2435=PLANE('',#2436);
#2436=AXIS2_PLACEMENT_3D('',#52,#2437,#2438);
#2437=DIRECTION('',(-0,0,-1));
#2438=DIRECTION('',(-0.9961114513302829,-0.08810208016089903,0));
#2439=FACE_BOUND('',#2440,.T.);
#2440=EDGE_LOOP('',(#2441,#2442,#2443));
#2441=ORIENTED_EDGE('',*,*,#2444,.T.);
#2442=ORIENTED_EDGE('',*,*,#2445,.T.);
#2443=ORIENTED_EDGE('',*,*,#2446,.T.);
#2444=EDGE_CURVE('',#53,#51,#2447,.F.);
#2445=EDGE_CURVE('',#51,#211,#2448,.T.);
#2446=EDGE_CURVE('',#211,#53,#2449,.T.);
#2447=LINE('',#52,#2450);
#2448=LINE('',#50,#2451);
#2449=LINE('',#210,#2452);
#2450=VECTOR('',#2453,1.0);
#2451=VECTOR('',#2454,1.0);
#2452=VECTOR('',#2455,1.0);
#2453=DIRECTION('',(-0.9961114513302829,-0.08810208016089903,0));
#2454=DIRECTION('',(0,1,0));
#2455=DIRECTION('',(0.9960120814483907,-0.08921846002282448,0));
#2456=FACE_SURFACE('',(#2461),#2457,.T.);
#2457=PLANE('',#2458);
#2458=AXIS2_PLACEMENT_3D('',#38,#2459,#2460);
#2459=DIRECTION('',(0,0,-1));
#2460=DIRECTION('',(0.19582772823392655,0.9806383129649481,0));
#2461=FACE_BOUND('',#2462,.T.);
#2462=EDGE_LOOP('',(#2463,#2464,#2465));
#2463=ORIENTED_EDGE('',*,*,#2466,.T.);
#2464=ORIENTED_EDGE('',*,*,#2467,.T.);
#2465=ORIENTED_EDGE('',*,*,#2468,.T.);
#2466=EDGE_CURVE('',#39,#209,#2469,.F.);
#2467=EDGE_CURVE('',#209,#213,#2470,.T.);
#2468=EDGE_CURVE('',#213,#39,#2471,.T.);
#2469=LINE('',#38,#2472);
#2470=LINE('',#208,#2473);
#2471=LINE('',#212,#2474);
#2472=VECTOR('',#2475,1.0);
#2473=VECTOR('',#2476,1.0);
#2474=VECTOR('',#2477,1.0);
#2475=DIRECTION('',(0.19582772823392655,0.9806383129649481,0));
#2476=DIRECTION('',(1,0,0));
#2477=DIRECTION('',(-0.6611312622453742,-0.7502702540297318,0));
#2478=FACE_SURFACE('',(#2483),#2479,.T.);
#2479=PLANE('',#2480);
#2480=AXIS2_PLACEMENT_3D('',#212,#2481,#2482);
#2481=DIRECTION('',(0,0,-1));
#2482=DIRECTION('',(1,0,0));
#2483=FACE_BOUND('',#2484,.T.);
#2484=EDGE_LOOP('',(#2485,#2486,#2487));
#2485=ORIENTED_EDGE('',*,*,#2488,.T.);
#2486=ORIENTED_EDGE('',*,*,#2489,.T.);
#2487=ORIENTED_EDGE('',*,*,#2490,.T.);
#2488=EDGE_CURVE('',#213,#215,#2491,.F.);
#2489=EDGE_CURVE('',#215,#217,#2492,.T.);
#2490=EDGE_CURVE('',#217,#213,#2493,.T.);
#2491=LINE('',#212,#2494);
#2492=LINE('',#214,#2495);
#2493=LINE('',#216,#2496);
#2494=VECTOR('',#2497,1.0);
#2495=VECTOR('',#2498,1.0);
#2496=VECTOR('',#2499,1.0);
#2497=DIRECTION('',(1,0,0));
#2498=DIRECTION('',(0,-1,0));
#2499=DIRECTION('',(-0.7163334922369045,0.6977580726152013,0));
#2500=FACE_SURFACE('',(#2505),#2501,.T.);
#2501=PLANE('',#2502);
#2502=AXIS2_PLACEMENT_3D('',#216,#2503,#2504);
#2503=DIRECTION('',(0,0,-1));
#2504=DIRECTION('',(1,0,0));
#2505=FACE_BOUND('',#2506,.T.);
#2506=EDGE_LOOP('',(#2507,#2508,#2509));
#2507=ORIENTED_EDGE('',*,*,#2510,.T.);
#2508=ORIENTED_EDGE('',*,*,#2511,.T.);
#2509=ORIENTED_EDGE('',*,*,#2512,.T.);
#2510=EDGE_CURVE('',#217,#219,#2513,.F.);
#2511=EDGE_CURVE('',#219,#53,#2514,.T.);
#2512=EDGE_CURVE('',#53,#217,#2515,.T.);
#2513=LINE('',#216,#2516);
#2514=LINE('',#218,#2517);
#2515=LINE('',#52,#2518);
#2516=VECTOR('',#2519,1.0);
#2517=VECTOR('',#2520,1.0);
#2518=VECTOR('',#2521,1.0);
#2519=DIRECTION('',(1,0,0));
#2520=DIRECTION('',(0,-1,0));
#2521=DIRECTION('',(-0.9592257083894133,0.2826411866038424,0));
#2522=FACE_SURFACE('',(#2527),#2523,.T.);
#2523=PLANE('',#2524);
#2524=AXIS2_PLACEMENT_3D('',#216,#2525,#2526);
#2525=DIRECTION('',(0,0,-1));
#2526=DIRECTION('',(0.9592257083894133,-0.2826411866038424,0));
#2527=FACE_BOUND('',#2528,.T.);
#2528=EDGE_LOOP('',(#2529,#2530,#2531));
#2529=ORIENTED_EDGE('',*,*,#2532,.T.);
#2530=ORIENTED_EDGE('',*,*,#2533,.T.);
#2531=ORIENTED_EDGE('',*,*,#2534,.T.);
#2532=EDGE_CURVE('',#217,#53,#2535,.F.);
#2533=EDGE_CURVE('',#53,#211,#2536,.T.);
#2534=EDGE_CURVE('',#211,#217,#2537,.T.);
#2535=LINE('',#216,#2538);
#2536=LINE('',#52,#2539);
#2537=LINE('',#210,#2540);
#2538=VECTOR('',#2541,1.0);
#2539=VECTOR('',#2542,1.0);
#2540=VECTOR('',#2543,1.0);
#2541=DIRECTION('',(0.9592257083894133,-0.2826411866038424,0));
#2542=DIRECTION('',(-0.9960120814483907,0.08921846002282448,0));
#2543=DIRECTION('',(-0.9384738314356446,0.34535035501719336,0));
#2544=FACE_SURFACE('',(#2549),#2545,.T.);
#2545=PLANE('',#2546);
#2546=AXIS2_PLACEMENT_3D('',#38,#2547,#2548);
#2547=DIRECTION('',(0,0,-1));
#2548=DIRECTION('',(0.6611312622453742,0.7502702540297318,0));
#2549=FACE_BOUND('',#2550,.T.);
#2550=EDGE_LOOP('',(#2551,#2552,#2553));
#2551=ORIENTED_EDGE('',*,*,#2554,.T.);
#2552=ORIENTED_EDGE('',*,*,#2555,.T.);
#2553=ORIENTED_EDGE('',*,*,#2556,.T.);
#2554=EDGE_CURVE('',#39,#213,#2557,.F.);
#2555=EDGE_CURVE('',#213,#217,#2558,.T.);
#2556=EDGE_CURVE('',#217,#39,#2559,.T.);
#2557=LINE('',#38,#2560);
#2558=LINE('',#212,#2561);
#2559=LINE('',#216,#2562);
#2560=VECTOR('',#2563,1.0);
#2561=VECTOR('',#2564,1.0);
#2562=VECTOR('',#2565,1.0);
#2563=DIRECTION('',(0.6611312622453742,0.7502702540297318,0));
#2564=DIRECTION('',(0.7163334922369045,-0.6977580726152013,0));
#2565=DIRECTION('',(-0.9379536313699761,-0.34676070336743026,0));
#2566=FACE_SURFACE('',(#2571),#2567,.T.);
#2567=PLANE('',#2568);
#2568=AXIS2_PLACEMENT_3D('',#210,#2569,#2570);
#2569=DIRECTION('',(0,0,-1));
#2570=DIRECTION('',(-1,0,0));
#2571=FACE_BOUND('',#2572,.T.);
#2572=EDGE_LOOP('',(#2573,#2574,#2575));
#2573=ORIENTED_EDGE('',*,*,#2576,.T.);
#2574=ORIENTED_EDGE('',*,*,#2577,.T.);
#2575=ORIENTED_EDGE('',*,*,#2578,.T.);
#2576=EDGE_CURVE('',#211,#39,#2579,.F.);
#2577=EDGE_CURVE('',#39,#217,#2580,.T.);
#2578=EDGE_CURVE('',#217,#211,#2581,.T.);
#2579=LINE('',#210,#2582);
#2580=LINE('',#38,#2583);
#2581=LINE('',#216,#2584);
#2582=VECTOR('',#2585,1.0);
#2583=VECTOR('',#2586,1.0);
#2584=VECTOR('',#2587,1.0);
#2585=DIRECTION('',(-1,0,0));
#2586=DIRECTION('',(0.9379536313699761,0.34676070336743026,0));
#2587=DIRECTION('',(0.9384738314356446,-0.34535035501719336,0));
#2588=FACE_SURFACE('',(#2593),#2589,.T.);
#2589=PLANE('',#2590);
#2590=AXIS2_PLACEMENT_3D('',#220,#2591,#2592);
#2591=DIRECTION('',(0,-0,-1));
#2592=DIRECTION('',(0,-1,0));
#2593=FACE_BOUND('',#2594,.T.);
#2594=EDGE_LOOP('',(#2595,#2596,#2597));
#2595=ORIENTED_EDGE('',*,*,#2598,.T.);
#2596=ORIENTED_EDGE('',*,*,#2599,.T.);
#2597=ORIENTED_EDGE('',*,*,#2600,.T.);
#2598=EDGE_CURVE('',#221,#223,#2601,.F.);
#2599=EDGE_CURVE('',#223,#225,#2602,.T.);
#2600=EDGE_CURVE('',#225,#221,#2603,.T.);
#2601=LINE('',#220,#2604);
#2602=LINE('',#222,#2605);
#2603=LINE('',#224,#2606);
#2604=VECTOR('',#2607,1.0);
#2605=VECTOR('',#2608,1.0);
#2606=VECTOR('',#2609,1.0);
#2607=DIRECTION('',(0,-1,0));
#2608=DIRECTION('',(-1,0,0));
#2609=DIRECTION('',(0.5813914536339418,0.8136239780398633,0));
#2610=FACE_SURFACE('',(#2615),#2611,.T.);
#2611=PLANE('',#2612);
#2612=AXIS2_PLACEMENT_3D('',#226,#2613,#2614);
#2613=DIRECTION('',(0,0,-1));
#2614=DIRECTION('',(0,1,0));
#2615=FACE_BOUND('',#2616,.T.);
#2616=EDGE_LOOP('',(#2617,#2618,#2619));
#2617=ORIENTED_EDGE('',*,*,#2620,.T.);
#2618=ORIENTED_EDGE('',*,*,#2621,.T.);
#2619=ORIENTED_EDGE('',*,*,#2622,.T.);
#2620=EDGE_CURVE('',#227,#229,#2623,.F.);
#2621=EDGE_CURVE('',#229,#71,#2624,.T.);
#2622=EDGE_CURVE('',#71,#227,#2625,.T.);
#2623=LINE('',#226,#2626);
#2624=LINE('',#228,#2627);
#2625=LINE('',#70,#2628);
#2626=VECTOR('',#2629,1.0);
#2627=VECTOR('',#2630,1.0);
#2628=VECTOR('',#2631,1.0);
#2629=DIRECTION('',(0,1,0));
#2630=DIRECTION('',(0.07974062838310708,0.9968156460374542,0));
#2631=DIRECTION('',(-0.04752023423947421,-0.9988702755302239,0));
#2632=FACE_SURFACE('',(#2637),#2633,.T.);
#2633=PLANE('',#2634);
#2634=AXIS2_PLACEMENT_3D('',#220,#2635,#2636);
#2635=DIRECTION('',(0,0,-1));
#2636=DIRECTION('',(-0.5813914536339418,-0.8136239780398633,0));
#2637=FACE_BOUND('',#2638,.T.);
#2638=EDGE_LOOP('',(#2639,#2640,#2641));
#2639=ORIENTED_EDGE('',*,*,#2642,.T.);
#2640=ORIENTED_EDGE('',*,*,#2643,.T.);
#2641=ORIENTED_EDGE('',*,*,#2644,.T.);
#2642=EDGE_CURVE('',#221,#225,#2645,.F.);
#2643=EDGE_CURVE('',#225,#227,#2646,.T.);
#2644=EDGE_CURVE('',#227,#221,#2647,.T.);
#2645=LINE('',#220,#2648);
#2646=LINE('',#224,#2649);
#2647=LINE('',#226,#2650);
#2648=VECTOR('',#2651,1.0);
#2649=VECTOR('',#2652,1.0);
#2650=VECTOR('',#2653,1.0);
#2651=DIRECTION('',(-0.5813914536339418,-0.8136239780398633,0));
#2652=DIRECTION('',(0,1,0));
#2653=DIRECTION('',(0.9456088525425901,0.3253058529954326,0));
#2654=FACE_SURFACE('',(#2659),#2655,.T.);
#2655=PLANE('',#2656);
#2656=AXIS2_PLACEMENT_3D('',#220,#2657,#2658);
#2657=DIRECTION('',(-0,0,-1));
#2658=DIRECTION('',(-0.9456088525425901,-0.3253058529954326,0));
#2659=FACE_BOUND('',#2660,.T.);
#2660=EDGE_LOOP('',(#2661,#2662,#2663));
#2661=ORIENTED_EDGE('',*,*,#2664,.T.);
#2662=ORIENTED_EDGE('',*,*,#2665,.T.);
#2663=ORIENTED_EDGE('',*,*,#2666,.T.);
#2664=EDGE_CURVE('',#221,#227,#2667,.F.);
#2665=EDGE_CURVE('',#227,#71,#2668,.T.);
#2666=EDGE_CURVE('',#71,#221,#2669,.T.);
#2667=LINE('',#220,#2670);
#2668=LINE('',#226,#2671);
#2669=LINE('',#70,#2672);
#2670=VECTOR('',#2673,1.0);
#2671=VECTOR('',#2674,1.0);
#2672=VECTOR('',#2675,1.0);
#2673=DIRECTION('',(-0.9456088525425901,-0.3253058529954326,0));
#2674=DIRECTION('',(0.04752023423947421,0.9988702755302239,0));
#2675=DIRECTION('',(0.8850183776481099,-0.46555608816243366,0));
#2676=FACE_SURFACE('',(#2681),#2677,.T.);
#2677=PLANE('',#2678);
#2678=AXIS2_PLACEMENT_3D('',#220,#2679,#2680);
#2679=DIRECTION('',(0,0,-1));
#2680=DIRECTION('',(-0.8850183776481099,0.46555608816243366,0));
#2681=FACE_BOUND('',#2682,.T.);
#2682=EDGE_LOOP('',(#2683,#2684,#2685));
#2683=ORIENTED_EDGE('',*,*,#2686,.T.);
#2684=ORIENTED_EDGE('',*,*,#2687,.T.);
#2685=ORIENTED_EDGE('',*,*,#2688,.T.);
#2686=EDGE_CURVE('',#221,#71,#2689,.F.);
#2687=EDGE_CURVE('',#71,#231,#2690,.T.);
#2688=EDGE_CURVE('',#231,#221,#2691,.T.);
#2689=LINE('',#220,#2692);
#2690=LINE('',#70,#2693);
#2691=LINE('',#230,#2694);
#2692=VECTOR('',#2695,1.0);
#2693=VECTOR('',#2696,1.0);
#2694=VECTOR('',#2697,1.0);
#2695=DIRECTION('',(-0.8850183776481099,0.46555608816243366,0));
#2696=DIRECTION('',(1,0,0));
#2697=DIRECTION('',(-0.18646360595216138,-0.9824618688047476,0));
#2698=FACE_SURFACE('',(#2703),#2699,.T.);
#2699=PLANE('',#2700);
#2700=AXIS2_PLACEMENT_3D('',#232,#2701,#2702);
#2701=DIRECTION('',(0,0,-1));
#2702=DIRECTION('',(-1,0,0));
#2703=FACE_BOUND('',#2704,.T.);
#2704=EDGE_LOOP('',(#2705,#2706,#2707));
#2705=ORIENTED_EDGE('',*,*,#2708,.T.);
#2706=ORIENTED_EDGE('',*,*,#2709,.T.);
#2707=ORIENTED_EDGE('',*,*,#2710,.T.);
#2708=EDGE_CURVE('',#233,#221,#2711,.F.);
#2709=EDGE_CURVE('',#221,#231,#2712,.T.);
#2710=EDGE_CURVE('',#231,#233,#2713,.T.);
#2711=LINE('',#232,#2714);
#2712=LINE('',#220,#2715);
#2713=LINE('',#230,#2716);
#2714=VECTOR('',#2717,1.0);
#2715=VECTOR('',#2718,1.0);
#2716=VECTOR('',#2719,1.0);
#2717=DIRECTION('',(-1,0,0));
#2718=DIRECTION('',(0.18646360595216138,0.9824618688047476,0));
#2719=DIRECTION('',(0.9325282890372092,-0.3610969262474207,0));
#2720=FACE_SURFACE('',(#2725),#2721,.T.);
#2721=PLANE('',#2722);
#2722=AXIS2_PLACEMENT_3D('',#232,#2723,#2724);
#2723=DIRECTION('',(0,0,-1));
#2724=DIRECTION('',(-0.9325282890372092,0.3610969262474207,0));
#2725=FACE_BOUND('',#2726,.T.);
#2726=EDGE_LOOP('',(#2727,#2728,#2729));
#2727=ORIENTED_EDGE('',*,*,#2730,.T.);
#2728=ORIENTED_EDGE('',*,*,#2731,.T.);
#2729=ORIENTED_EDGE('',*,*,#2732,.T.);
#2730=EDGE_CURVE('',#233,#231,#2733,.F.);
#2731=EDGE_CURVE('',#231,#235,#2734,.T.);
#2732=EDGE_CURVE('',#235,#233,#2735,.T.);
#2733=LINE('',#232,#2736);
#2734=LINE('',#230,#2737);
#2735=LINE('',#234,#2738);
#2736=VECTOR('',#2739,1.0);
#2737=VECTOR('',#2740,1.0);
#2738=VECTOR('',#2741,1.0);
#2739=DIRECTION('',(-0.9325282890372092,0.3610969262474207,0));
#2740=DIRECTION('',(1,0,0));
#2741=DIRECTION('',(0.8850185300935606,-0.46555579836474315,0));
#2742=FACE_SURFACE('',(#2747),#2743,.T.);
#2743=PLANE('',#2744);
#2744=AXIS2_PLACEMENT_3D('',#236,#2745,#2746);
#2745=DIRECTION('',(0,0,-1));
#2746=DIRECTION('',(-1,0,0));
#2747=FACE_BOUND('',#2748,.T.);
#2748=EDGE_LOOP('',(#2749,#2750,#2751));
#2749=ORIENTED_EDGE('',*,*,#2752,.T.);
#2750=ORIENTED_EDGE('',*,*,#2753,.T.);
#2751=ORIENTED_EDGE('',*,*,#2754,.T.);
#2752=EDGE_CURVE('',#237,#233,#2755,.F.);
#2753=EDGE_CURVE('',#233,#235,#2756,.T.);
#2754=EDGE_CURVE('',#235,#237,#2757,.T.);
#2755=LINE('',#236,#2758);
#2756=LINE('',#232,#2759);
#2757=LINE('',#234,#2760);
#2758=VECTOR('',#2761,1.0);
#2759=VECTOR('',#2762,1.0);
#2760=VECTOR('',#2763,1.0);
#2761=DIRECTION('',(-1,0,0));
#2762=DIRECTION('',(-0.8850185300935606,0.46555579836474315,0));
#2763=DIRECTION('',(0.9454072582379642,-0.32589126418327813,0));
#2764=FACE_SURFACE('',(#2769),#2765,.T.);
#2765=PLANE('',#2766);
#2766=AXIS2_PLACEMENT_3D('',#238,#2767,#2768);
#2767=DIRECTION('',(0,0,-1));
#2768=DIRECTION('',(0,1,0));
#2769=FACE_BOUND('',#2770,.T.);
#2770=EDGE_LOOP('',(#2771,#2772,#2773));
#2771=ORIENTED_EDGE('',*,*,#2774,.T.);
#2772=ORIENTED_EDGE('',*,*,#2775,.T.);
#2773=ORIENTED_EDGE('',*,*,#2776,.T.);
#2774=EDGE_CURVE('',#239,#241,#2777,.F.);
#2775=EDGE_CURVE('',#241,#243,#2778,.T.);
#2776=EDGE_CURVE('',#243,#239,#2779,.T.);
#2777=LINE('',#238,#2780);
#2778=LINE('',#240,#2781);
#2779=LINE('',#242,#2782);
#2780=VECTOR('',#2783,1.0);
#2781=VECTOR('',#2784,1.0);
#2782=VECTOR('',#2785,1.0);
#2783=DIRECTION('',(0,1,0));
#2784=DIRECTION('',(1,0,0));
#2785=DIRECTION('',(-0.826352649302469,-0.5631529978529731,0));
#2786=FACE_SURFACE('',(#2791),#2787,.T.);
#2787=PLANE('',#2788);
#2788=AXIS2_PLACEMENT_3D('',#244,#2789,#2790);
#2789=DIRECTION('',(0,0,-1));
#2790=DIRECTION('',(-1,0,0));
#2791=FACE_BOUND('',#2792,.T.);
#2792=EDGE_LOOP('',(#2793,#2794,#2795));
#2793=ORIENTED_EDGE('',*,*,#2796,.T.);
#2794=ORIENTED_EDGE('',*,*,#2797,.T.);
#2795=ORIENTED_EDGE('',*,*,#2798,.T.);
#2796=EDGE_CURVE('',#245,#237,#2799,.F.);
#2797=EDGE_CURVE('',#237,#235,#2800,.T.);
#2798=EDGE_CURVE('',#235,#245,#2801,.T.);
#2799=LINE('',#244,#2802);
#2800=LINE('',#236,#2803);
#2801=LINE('',#234,#2804);
#2802=VECTOR('',#2805,1.0);
#2803=VECTOR('',#2806,1.0);
#2804=VECTOR('',#2807,1.0);
#2805=DIRECTION('',(-1,0,0));
#2806=DIRECTION('',(-0.9454072582379642,0.32589126418327813,0));
#2807=DIRECTION('',(0.9848181478648486,-0.17358921520661708,0));
#2808=FACE_SURFACE('',(#2813),#2809,.T.);
#2809=PLANE('',#2810);
#2810=AXIS2_PLACEMENT_3D('',#246,#2811,#2812);
#2811=DIRECTION('',(0,0,-1));
#2812=DIRECTION('',(-0.0018895075519695132,-0.9999982148790122,0));
#2813=FACE_BOUND('',#2814,.T.);
#2814=EDGE_LOOP('',(#2815,#2816,#2817));
#2815=ORIENTED_EDGE('',*,*,#2818,.T.);
#2816=ORIENTED_EDGE('',*,*,#2819,.T.);
#2817=ORIENTED_EDGE('',*,*,#2820,.T.);
#2818=EDGE_CURVE('',#247,#249,#2821,.F.);
#2819=EDGE_CURVE('',#249,#245,#2822,.T.);
#2820=EDGE_CURVE('',#245,#247,#2823,.T.);
#2821=LINE('',#246,#2824);
#2822=LINE('',#248,#2825);
#2823=LINE('',#244,#2826);
#2824=VECTOR('',#2827,1.0);
#2825=VECTOR('',#2828,1.0);
#2826=VECTOR('',#2829,1.0);
#2827=DIRECTION('',(-0.0018895075519695132,-0.9999982148790122,0));
#2828=DIRECTION('',(-1,0,0));
#2829=DIRECTION('',(0.7293986128125448,0.6840889296189022,0));
#2830=FACE_SURFACE('',(#2835),#2831,.T.);
#2831=PLANE('',#2832);
#2832=AXIS2_PLACEMENT_3D('',#250,#2833,#2834);
#2833=DIRECTION('',(0,0,-1));
#2834=DIRECTION('',(1,0,0));
#2835=FACE_BOUND('',#2836,.T.);
#2836=EDGE_LOOP('',(#2837,#2838,#2839));
#2837=ORIENTED_EDGE('',*,*,#2840,.T.);
#2838=ORIENTED_EDGE('',*,*,#2841,.T.);
#2839=ORIENTED_EDGE('',*,*,#2842,.T.);
#2840=EDGE_CURVE('',#251,#253,#2843,.F.);
#2841=EDGE_CURVE('',#253,#255,#2844,.T.);
#2842=EDGE_CURVE('',#255,#251,#2845,.T.);
#2843=LINE('',#250,#2846);
#2844=LINE('',#252,#2847);
#2845=LINE('',#254,#2848);
#2846=VECTOR('',#2849,1.0);
#2847=VECTOR('',#2850,1.0);
#2848=VECTOR('',#2851,1.0);
#2849=DIRECTION('',(1,0,0));
#2850=DIRECTION('',(0,-1,0));
#2851=DIRECTION('',(-0.719687750998361,0.6942978763203306,0));
#2852=FACE_SURFACE('',(#2857),#2853,.T.);
#2853=PLANE('',#2854);
#2854=AXIS2_PLACEMENT_3D('',#254,#2855,#2856);
#2855=DIRECTION('',(0,0,-1));
#2856=DIRECTION('',(1,0,0));
#2857=FACE_BOUND('',#2858,.T.);
#2858=EDGE_LOOP('',(#2859,#2860,#2861));
#2859=ORIENTED_EDGE('',*,*,#2862,.T.);
#2860=ORIENTED_EDGE('',*,*,#2863,.T.);
#2861=ORIENTED_EDGE('',*,*,#2864,.T.);
#2862=EDGE_CURVE('',#255,#247,#2865,.F.);
#2863=EDGE_CURVE('',#247,#245,#2866,.T.);
#2864=EDGE_CURVE('',#245,#255,#2867,.T.);
#2865=LINE('',#254,#2868);
#2866=LINE('',#246,#2869);
#2867=LINE('',#244,#2870);
#2868=VECTOR('',#2871,1.0);
#2869=VECTOR('',#2872,1.0);
#2870=VECTOR('',#2873,1.0);
#2871=DIRECTION('',(1,0,0));
#2872=DIRECTION('',(-0.7293986128125448,-0.6840889296189022,0));
#2873=DIRECTION('',(-0.9410948977198547,0.3381425638479371,0));
#2874=FACE_SURFACE('',(#2879),#2875,.T.);
#2875=PLANE('',#2876);
#2876=AXIS2_PLACEMENT_3D('',#234,#2877,#2878);
#2877=DIRECTION('',(0,0,-1));
#2878=DIRECTION('',(0,1,0));
#2879=FACE_BOUND('',#2880,.T.);
#2880=EDGE_LOOP('',(#2881,#2882,#2883));
#2881=ORIENTED_EDGE('',*,*,#2884,.T.);
#2882=ORIENTED_EDGE('',*,*,#2885,.T.);
#2883=ORIENTED_EDGE('',*,*,#2886,.T.);
#2884=EDGE_CURVE('',#235,#239,#2887,.F.);
#2885=EDGE_CURVE('',#239,#243,#2888,.T.);
#2886=EDGE_CURVE('',#243,#235,#2889,.T.);
#2887=LINE('',#234,#2890);
#2888=LINE('',#238,#2891);
#2889=LINE('',#242,#2892);
#2890=VECTOR('',#2893,1.0);
#2891=VECTOR('',#2894,1.0);
#2892=VECTOR('',#2895,1.0);
#2893=DIRECTION('',(0,1,0));
#2894=DIRECTION('',(0.826352649302469,0.5631529978529731,0));
#2895=DIRECTION('',(-0.33931485623200963,-0.9406728593619839,0));
#2896=FACE_SURFACE('',(#2901),#2897,.T.);
#2897=PLANE('',#2898);
#2898=AXIS2_PLACEMENT_3D('',#234,#2899,#2900);
#2899=DIRECTION('',(0,0,-1));
#2900=DIRECTION('',(0.33931485623200963,0.9406728593619839,0));
#2901=FACE_BOUND('',#2902,.T.);
#2902=EDGE_LOOP('',(#2903,#2904,#2905));
#2903=ORIENTED_EDGE('',*,*,#2906,.T.);
#2904=ORIENTED_EDGE('',*,*,#2907,.T.);
#2905=ORIENTED_EDGE('',*,*,#2908,.T.);
#2906=EDGE_CURVE('',#235,#243,#2909,.F.);
#2907=EDGE_CURVE('',#243,#257,#2910,.T.);
#2908=EDGE_CURVE('',#257,#235,#2911,.T.);
#2909=LINE('',#234,#2912);
#2910=LINE('',#242,#2913);
#2911=LINE('',#256,#2914);
#2912=VECTOR('',#2915,1.0);
#2913=VECTOR('',#2916,1.0);
#2914=VECTOR('',#2917,1.0);
#2915=DIRECTION('',(0.33931485623200963,0.9406728593619839,0));
#2916=DIRECTION('',(0,-1,0));
#2917=DIRECTION('',(-1,0,0));
#2918=FACE_SURFACE('',(#2923),#2919,.T.);
#2919=PLANE('',#2920);
#2920=AXIS2_PLACEMENT_3D('',#254,#2921,#2922);
#2921=DIRECTION('',(-0,-0,-1));
#2922=DIRECTION('',(0.9410948977198547,-0.3381425638479371,0));
#2923=FACE_BOUND('',#2924,.T.);
#2924=EDGE_LOOP('',(#2925,#2926,#2927));
#2925=ORIENTED_EDGE('',*,*,#2928,.T.);
#2926=ORIENTED_EDGE('',*,*,#2929,.T.);
#2927=ORIENTED_EDGE('',*,*,#2930,.T.);
#2928=EDGE_CURVE('',#255,#245,#2931,.F.);
#2929=EDGE_CURVE('',#245,#235,#2932,.T.);
#2930=EDGE_CURVE('',#235,#255,#2933,.T.);
#2931=LINE('',#254,#2934);
#2932=LINE('',#244,#2935);
#2933=LINE('',#234,#2936);
#2934=VECTOR('',#2937,1.0);
#2935=VECTOR('',#2938,1.0);
#2936=VECTOR('',#2939,1.0);
#2937=DIRECTION('',(0.9410948977198547,-0.3381425638479371,0));
#2938=DIRECTION('',(-0.9848181478648486,0.17358921520661708,0));
#2939=DIRECTION('',(0.9931591050596766,-0.1167689686391986,0));
#2940=FACE_SURFACE('',(#2945),#2941,.T.);
#2941=PLANE('',#2942);
#2942=AXIS2_PLACEMENT_3D('',#258,#2943,#2944);
#2943=DIRECTION('',(0,0,-1));
#2944=DIRECTION('',(1,0,0));
#2945=FACE_BOUND('',#2946,.T.);
#2946=EDGE_LOOP('',(#2947,#2948,#2949));
#2947=ORIENTED_EDGE('',*,*,#2950,.T.);
#2948=ORIENTED_EDGE('',*,*,#2951,.T.);
#2949=ORIENTED_EDGE('',*,*,#2952,.T.);
#2950=EDGE_CURVE('',#259,#251,#2953,.F.);
#2951=EDGE_CURVE('',#251,#255,#2954,.T.);
#2952=EDGE_CURVE('',#255,#259,#2955,.T.);
#2953=LINE('',#258,#2956);
#2954=LINE('',#250,#2957);
#2955=LINE('',#254,#2958);
#2956=VECTOR('',#2959,1.0);
#2957=VECTOR('',#2960,1.0);
#2958=VECTOR('',#2961,1.0);
#2959=DIRECTION('',(1,0,0));
#2960=DIRECTION('',(0.719687750998361,-0.6942978763203306,0));
#2961=DIRECTION('',(-0.9222665478036067,0.3865545431144454,0));
#2962=FACE_SURFACE('',(#2967),#2963,.T.);
#2963=PLANE('',#2964);
#2964=AXIS2_PLACEMENT_3D('',#254,#2965,#2966);
#2965=DIRECTION('',(0,0,-1));
#2966=DIRECTION('',(-0.9931591050596766,0.1167689686391986,0));
#2967=FACE_BOUND('',#2968,.T.);
#2968=EDGE_LOOP('',(#2969,#2970,#2971));
#2969=ORIENTED_EDGE('',*,*,#2972,.T.);
#2970=ORIENTED_EDGE('',*,*,#2973,.T.);
#2971=ORIENTED_EDGE('',*,*,#2974,.T.);
#2972=EDGE_CURVE('',#255,#235,#2975,.F.);
#2973=EDGE_CURVE('',#235,#257,#2976,.T.);
#2974=EDGE_CURVE('',#257,#255,#2977,.T.);
#2975=LINE('',#254,#2978);
#2976=LINE('',#234,#2979);
#2977=LINE('',#256,#2980);
#2978=VECTOR('',#2981,1.0);
#2979=VECTOR('',#2982,1.0);
#2980=VECTOR('',#2983,1.0);
#2981=DIRECTION('',(-0.9931591050596766,0.1167689686391986,0));
#2982=DIRECTION('',(1,0,0));
#2983=DIRECTION('',(0.988460567000967,-0.15147840599942558,0));
#2984=FACE_SURFACE('',(#2989),#2985,.T.);
#2985=PLANE('',#2986);
#2986=AXIS2_PLACEMENT_3D('',#256,#2987,#2988);
#2987=DIRECTION('',(0,0,-1));
#2988=DIRECTION('',(1,0,0));
#2989=FACE_BOUND('',#2990,.T.);
#2990=EDGE_LOOP('',(#2991,#2992,#2993));
#2991=ORIENTED_EDGE('',*,*,#2994,.T.);
#2992=ORIENTED_EDGE('',*,*,#2995,.T.);
#2993=ORIENTED_EDGE('',*,*,#2996,.T.);
#2994=EDGE_CURVE('',#257,#259,#2997,.F.);
#2995=EDGE_CURVE('',#259,#255,#2998,.T.);
#2996=EDGE_CURVE('',#255,#257,#2999,.T.);
#2997=LINE('',#256,#3000);
#2998=LINE('',#258,#3001);
#2999=LINE('',#254,#3002);
#3000=VECTOR('',#3003,1.0);
#3001=VECTOR('',#3004,1.0);
#3002=VECTOR('',#3005,1.0);
#3003=DIRECTION('',(1,0,0));
#3004=DIRECTION('',(0.9222665478036067,-0.3865545431144454,0));
#3005=DIRECTION('',(-0.988460567000967,0.15147840599942558,0));
#3006=FACE_SURFACE('',(#3011),#3007,.T.);
#3007=PLANE('',#3008);
#3008=AXIS2_PLACEMENT_3D('',#260,#3009,#3010);
#3009=DIRECTION('',(0,0,-1));
#3010=DIRECTION('',(-1,0,0));
#3011=FACE_BOUND('',#3012,.T.);
#3012=EDGE_LOOP('',(#3013,#3014,#3015));
#3013=ORIENTED_EDGE('',*,*,#3016,.T.);
#3014=ORIENTED_EDGE('',*,*,#3017,.T.);
#3015=ORIENTED_EDGE('',*,*,#3018,.T.);
#3016=EDGE_CURVE('',#261,#263,#3019,.F.);
#3017=EDGE_CURVE('',#263,#265,#3020,.T.);
#3018=EDGE_CURVE('',#265,#261,#3021,.T.);
#3019=LINE('',#260,#3022);
#3020=LINE('',#262,#3023);
#3021=LINE('',#264,#3024);
#3022=VECTOR('',#3025,1.0);
#3023=VECTOR('',#3026,1.0);
#3024=VECTOR('',#3027,1.0);
#3025=DIRECTION('',(-1,0,0));
#3026=DIRECTION('',(0,1,0));
#3027=DIRECTION('',(0.9505854566661651,-0.31046302448887275,0));
#3028=FACE_SURFACE('',(#3033),#3029,.T.);
#3029=PLANE('',#3030);
#3030=AXIS2_PLACEMENT_3D('',#266,#3031,#3032);
#3031=DIRECTION('',(0,-0,-1));
#3032=DIRECTION('',(0,-1,0));
#3033=FACE_BOUND('',#3034,.T.);
#3034=EDGE_LOOP('',(#3035,#3036,#3037));
#3035=ORIENTED_EDGE('',*,*,#3038,.T.);
#3036=ORIENTED_EDGE('',*,*,#3039,.T.);
#3037=ORIENTED_EDGE('',*,*,#3040,.T.);
#3038=EDGE_CURVE('',#267,#269,#3041,.F.);
#3039=EDGE_CURVE('',#269,#271,#3042,.T.);
#3040=EDGE_CURVE('',#271,#267,#3043,.T.);
#3041=LINE('',#266,#3044);
#3042=LINE('',#268,#3045);
#3043=LINE('',#270,#3046);
#3044=VECTOR('',#3047,1.0);
#3045=VECTOR('',#3048,1.0);
#3046=VECTOR('',#3049,1.0);
#3047=DIRECTION('',(0,-1,0));
#3048=DIRECTION('',(-1,0,0));
#3049=DIRECTION('',(0.6108694412622082,0.7917313469428867,0));
#3050=FACE_SURFACE('',(#3055),#3051,.T.);
#3051=PLANE('',#3052);
#3052=AXIS2_PLACEMENT_3D('',#270,#3053,#3054);
#3053=DIRECTION('',(0,-0,-1));
#3054=DIRECTION('',(0,-1,0));
#3055=FACE_BOUND('',#3056,.T.);
#3056=EDGE_LOOP('',(#3057,#3058,#3059));
#3057=ORIENTED_EDGE('',*,*,#3060,.T.);
#3058=ORIENTED_EDGE('',*,*,#3061,.T.);
#3059=ORIENTED_EDGE('',*,*,#3062,.T.);
#3060=EDGE_CURVE('',#271,#273,#3063,.F.);
#3061=EDGE_CURVE('',#273,#275,#3064,.T.);
#3062=EDGE_CURVE('',#275,#271,#3065,.T.);
#3063=LINE('',#270,#3066);
#3064=LINE('',#272,#3067);
#3065=LINE('',#274,#3068);
#3066=VECTOR('',#3069,1.0);
#3067=VECTOR('',#3070,1.0);
#3068=VECTOR('',#3071,1.0);
#3069=DIRECTION('',(0,-1,0));
#3070=DIRECTION('',(-1,0,0));
#3071=DIRECTION('',(0.9821205914600742,0.18825287203682733,0));
#3072=FACE_SURFACE('',(#3077),#3073,.T.);
#3073=PLANE('',#3074);
#3074=AXIS2_PLACEMENT_3D('',#270,#3075,#3076);
#3075=DIRECTION('',(-0,0,-1));
#3076=DIRECTION('',(-0.9821205914600742,-0.18825287203682733,0));
#3077=FACE_BOUND('',#3078,.T.);
#3078=EDGE_LOOP('',(#3079,#3080,#3081));
#3079=ORIENTED_EDGE('',*,*,#3082,.T.);
#3080=ORIENTED_EDGE('',*,*,#3083,.T.);
#3081=ORIENTED_EDGE('',*,*,#3084,.T.);
#3082=EDGE_CURVE('',#271,#275,#3085,.F.);
#3083=EDGE_CURVE('',#275,#277,#3086,.T.);
#3084=EDGE_CURVE('',#277,#271,#3087,.T.);
#3085=LINE('',#270,#3088);
#3086=LINE('',#274,#3089);
#3087=LINE('',#276,#3090);
#3088=VECTOR('',#3091,1.0);
#3089=VECTOR('',#3092,1.0);
#3090=VECTOR('',#3093,1.0);
#3091=DIRECTION('',(-0.9821205914600742,-0.18825287203682733,0));
#3092=DIRECTION('',(0,1,0));
#3093=DIRECTION('',(0.9836236744769608,-0.18023447785715654,0));
#3094=FACE_SURFACE('',(#3099),#3095,.T.);
#3095=PLANE('',#3096);
#3096=AXIS2_PLACEMENT_3D('',#266,#3097,#3098);
#3097=DIRECTION('',(0,0,-1));
#3098=DIRECTION('',(-0.6108694412622082,-0.7917313469428867,0));
#3099=FACE_BOUND('',#3100,.T.);
#3100=EDGE_LOOP('',(#3101,#3102,#3103));
#3101=ORIENTED_EDGE('',*,*,#3104,.T.);
#3102=ORIENTED_EDGE('',*,*,#3105,.T.);
#3103=ORIENTED_EDGE('',*,*,#3106,.T.);
#3104=EDGE_CURVE('',#267,#271,#3107,.F.);
#3105=EDGE_CURVE('',#271,#277,#3108,.T.);
#3106=EDGE_CURVE('',#277,#267,#3109,.T.);
#3107=LINE('',#266,#3110);
#3108=LINE('',#270,#3111);
#3109=LINE('',#276,#3112);
#3110=VECTOR('',#3113,1.0);
#3111=VECTOR('',#3114,1.0);
#3112=VECTOR('',#3115,1.0);
#3113=DIRECTION('',(-0.6108694412622082,-0.7917313469428867,0));
#3114=DIRECTION('',(-0.9836236744769608,0.18023447785715654,0));
#3115=DIRECTION('',(0.9854309703445432,0.17007587332073903,0));
#3116=FACE_SURFACE('',(#3121),#3117,.T.);
#3117=PLANE('',#3118);
#3118=AXIS2_PLACEMENT_3D('',#278,#3119,#3120);
#3119=DIRECTION('',(0,-0,-1));
#3120=DIRECTION('',(0,-1,0));
#3121=FACE_BOUND('',#3122,.T.);
#3122=EDGE_LOOP('',(#3123,#3124,#3125));
#3123=ORIENTED_EDGE('',*,*,#3126,.T.);
#3124=ORIENTED_EDGE('',*,*,#3127,.T.);
#3125=ORIENTED_EDGE('',*,*,#3128,.T.);
#3126=EDGE_CURVE('',#279,#281,#3129,.F.);
#3127=EDGE_CURVE('',#281,#283,#3130,.T.);
#3128=EDGE_CURVE('',#283,#279,#3131,.T.);
#3129=LINE('',#278,#3132);
#3130=LINE('',#280,#3133);
#3131=LINE('',#282,#3134);
#3132=VECTOR('',#3135,1.0);
#3133=VECTOR('',#3136,1.0);
#3134=VECTOR('',#3137,1.0);
#3135=DIRECTION('',(0,-1,0));
#3136=DIRECTION('',(-1,0,0));
#3137=DIRECTION('',(0.9407281547451743,0.33916152327429366,0));
#3138=FACE_SURFACE('',(#3143),#3139,.T.);
#3139=PLANE('',#3140);
#3140=AXIS2_PLACEMENT_3D('',#266,#3141,#3142);
#3141=DIRECTION('',(0,0,-1));
#3142=DIRECTION('',(-0.9854309703445432,-0.17007587332073903,0));
#3143=FACE_BOUND('',#3144,.T.);
#3144=EDGE_LOOP('',(#3145,#3146,#3147));
#3145=ORIENTED_EDGE('',*,*,#3148,.T.);
#3146=ORIENTED_EDGE('',*,*,#3149,.T.);
#3147=ORIENTED_EDGE('',*,*,#3150,.T.);
#3148=EDGE_CURVE('',#267,#277,#3151,.F.);
#3149=EDGE_CURVE('',#277,#279,#3152,.T.);
#3150=EDGE_CURVE('',#279,#267,#3153,.T.);
#3151=LINE('',#266,#3154);
#3152=LINE('',#276,#3155);
#3153=LINE('',#278,#3156);
#3154=VECTOR('',#3157,1.0);
#3155=VECTOR('',#3158,1.0);
#3156=VECTOR('',#3159,1.0);
#3157=DIRECTION('',(-0.9854309703445432,-0.17007587332073903,0));
#3158=DIRECTION('',(-1,0,0));
#3159=DIRECTION('',(0.9963770246839594,0.08504601508560343,0));
#3160=FACE_SURFACE('',(#3165),#3161,.T.);
#3161=PLANE('',#3162);
#3162=AXIS2_PLACEMENT_3D('',#284,#3163,#3164);
#3163=DIRECTION('',(0,0,-1));
#3164=DIRECTION('',(1,0,0));
#3165=FACE_BOUND('',#3166,.T.);
#3166=EDGE_LOOP('',(#3167,#3168,#3169));
#3167=ORIENTED_EDGE('',*,*,#3170,.T.);
#3168=ORIENTED_EDGE('',*,*,#3171,.T.);
#3169=ORIENTED_EDGE('',*,*,#3172,.T.);
#3170=EDGE_CURVE('',#285,#287,#3173,.F.);
#3171=EDGE_CURVE('',#287,#289,#3174,.T.);
#3172=EDGE_CURVE('',#289,#285,#3175,.T.);
#3173=LINE('',#284,#3176);
#3174=LINE('',#286,#3177);
#3175=LINE('',#288,#3178);
#3176=VECTOR('',#3179,1.0);
#3177=VECTOR('',#3180,1.0);
#3178=VECTOR('',#3181,1.0);
#3179=DIRECTION('',(1,0,0));
#3180=DIRECTION('',(0,-1,0));
#3181=DIRECTION('',(-0.9334313650046665,0.358756026883905,0));
#3182=FACE_SURFACE('',(#3187),#3183,.T.);
#3183=PLANE('',#3184);
#3184=AXIS2_PLACEMENT_3D('',#290,#3185,#3186);
#3185=DIRECTION('',(0,0,-1));
#3186=DIRECTION('',(0,1,0));
#3187=FACE_BOUND('',#3188,.T.);
#3188=EDGE_LOOP('',(#3189,#3190,#3191));
#3189=ORIENTED_EDGE('',*,*,#3192,.T.);
#3190=ORIENTED_EDGE('',*,*,#3193,.T.);
#3191=ORIENTED_EDGE('',*,*,#3194,.T.);
#3192=EDGE_CURVE('',#291,#293,#3195,.F.);
#3193=EDGE_CURVE('',#293,#295,#3196,.T.);
#3194=EDGE_CURVE('',#295,#291,#3197,.T.);
#3195=LINE('',#290,#3198);
#3196=LINE('',#292,#3199);
#3197=LINE('',#294,#3200);
#3198=VECTOR('',#3201,1.0);
#3199=VECTOR('',#3202,1.0);
#3200=VECTOR('',#3203,1.0);
#3201=DIRECTION('',(0,1,0));
#3202=DIRECTION('',(1,0,0));
#3203=DIRECTION('',(-0.9568890853863776,-0.29045357334421246,0));
#3204=FACE_SURFACE('',(#3209),#3205,.T.);
#3205=PLANE('',#3206);
#3206=AXIS2_PLACEMENT_3D('',#290,#3207,#3208);
#3207=DIRECTION('',(0,0,-1));
#3208=DIRECTION('',(0.9568890853863776,0.29045357334421246,0));
#3209=FACE_BOUND('',#3210,.T.);
#3210=EDGE_LOOP('',(#3211,#3212,#3213));
#3211=ORIENTED_EDGE('',*,*,#3214,.T.);
#3212=ORIENTED_EDGE('',*,*,#3215,.T.);
#3213=ORIENTED_EDGE('',*,*,#3216,.T.);
#3214=EDGE_CURVE('',#291,#295,#3217,.F.);
#3215=EDGE_CURVE('',#295,#147,#3218,.T.);
#3216=EDGE_CURVE('',#147,#291,#3219,.T.);
#3217=LINE('',#290,#3220);
#3218=LINE('',#294,#3221);
#3219=LINE('',#146,#3222);
#3220=VECTOR('',#3223,1.0);
#3221=VECTOR('',#3224,1.0);
#3222=VECTOR('',#3225,1.0);
#3223=DIRECTION('',(0.9568890853863776,0.29045357334421246,0));
#3224=DIRECTION('',(0,-1,0));
#3225=DIRECTION('',(-0.9736251131856776,-0.22815376169192705,0));
#3226=FACE_SURFACE('',(#3231),#3227,.T.);
#3227=PLANE('',#3228);
#3228=AXIS2_PLACEMENT_3D('',#146,#3229,#3230);
#3229=DIRECTION('',(0,-0,-1));
#3230=DIRECTION('',(0.36884250655073036,-0.9294919070983751,0));
#3231=FACE_BOUND('',#3232,.T.);
#3232=EDGE_LOOP('',(#3233,#3234,#3235));
#3233=ORIENTED_EDGE('',*,*,#3236,.T.);
#3234=ORIENTED_EDGE('',*,*,#3237,.T.);
#3235=ORIENTED_EDGE('',*,*,#3238,.T.);
#3236=EDGE_CURVE('',#147,#159,#3239,.F.);
#3237=EDGE_CURVE('',#159,#297,#3240,.T.);
#3238=EDGE_CURVE('',#297,#147,#3241,.T.);
#3239=LINE('',#146,#3242);
#3240=LINE('',#158,#3243);
#3241=LINE('',#296,#3244);
#3242=VECTOR('',#3245,1.0);
#3243=VECTOR('',#3246,1.0);
#3244=VECTOR('',#3247,1.0);
#3245=DIRECTION('',(0.36884250655073036,-0.9294919070983751,0));
#3246=DIRECTION('',(-1,0,0));
#3247=DIRECTION('',(0.921661771335789,0.38799430312592975,0));
#3248=FACE_SURFACE('',(#3253),#3249,.T.);
#3249=PLANE('',#3250);
#3250=AXIS2_PLACEMENT_3D('',#296,#3251,#3252);
#3251=DIRECTION('',(0,-0,-1));
#3252=DIRECTION('',(0,-1,0));
#3253=FACE_BOUND('',#3254,.T.);
#3254=EDGE_LOOP('',(#3255,#3256,#3257));
#3255=ORIENTED_EDGE('',*,*,#3258,.T.);
#3256=ORIENTED_EDGE('',*,*,#3259,.T.);
#3257=ORIENTED_EDGE('',*,*,#3260,.T.);
#3258=EDGE_CURVE('',#297,#137,#3261,.F.);
#3259=EDGE_CURVE('',#137,#135,#3262,.T.);
#3260=EDGE_CURVE('',#135,#297,#3263,.T.);
#3261=LINE('',#296,#3264);
#3262=LINE('',#136,#3265);
#3263=LINE('',#134,#3266);
#3264=VECTOR('',#3267,1.0);
#3265=VECTOR('',#3268,1.0);
#3266=VECTOR('',#3269,1.0);
#3267=DIRECTION('',(0,-1,0));
#3268=DIRECTION('',(-0.8689828222269521,-0.49484225231328144,0));
#3269=DIRECTION('',(0.6000599726958008,0.799955016965526,0));
#3270=FACE_SURFACE('',(#3275),#3271,.T.);
#3271=PLANE('',#3272);
#3272=AXIS2_PLACEMENT_3D('',#134,#3273,#3274);
#3273=DIRECTION('',(0,0,-1));
#3274=DIRECTION('',(0,1,0));
#3275=FACE_BOUND('',#3276,.T.);
#3276=EDGE_LOOP('',(#3277,#3278,#3279));
#3277=ORIENTED_EDGE('',*,*,#3280,.T.);
#3278=ORIENTED_EDGE('',*,*,#3281,.T.);
#3279=ORIENTED_EDGE('',*,*,#3282,.T.);
#3280=EDGE_CURVE('',#135,#115,#3283,.F.);
#3281=EDGE_CURVE('',#115,#113,#3284,.T.);
#3282=EDGE_CURVE('',#113,#135,#3285,.T.);
#3283=LINE('',#134,#3286);
#3284=LINE('',#114,#3287);
#3285=LINE('',#112,#3288);
#3286=VECTOR('',#3289,1.0);
#3287=VECTOR('',#3290,1.0);
#3288=VECTOR('',#3291,1.0);
#3289=DIRECTION('',(0,1,0));
#3290=DIRECTION('',(0.8914350049436962,-0.4531485760333274,0));
#3291=DIRECTION('',(-0.1400178857295965,-0.9901489744860686,0));
#3292=FACE_SURFACE('',(#3297),#3293,.T.);
#3293=PLANE('',#3294);
#3294=AXIS2_PLACEMENT_3D('',#134,#3295,#3296);
#3295=DIRECTION('',(0,0,-1));
#3296=DIRECTION('',(0.1400178857295965,0.9901489744860686,0));
#3297=FACE_BOUND('',#3298,.T.);
#3298=EDGE_LOOP('',(#3299,#3300,#3301));
#3299=ORIENTED_EDGE('',*,*,#3302,.T.);
#3300=ORIENTED_EDGE('',*,*,#3303,.T.);
#3301=ORIENTED_EDGE('',*,*,#3304,.T.);
#3302=EDGE_CURVE('',#135,#113,#3305,.F.);
#3303=EDGE_CURVE('',#113,#299,#3306,.T.);
#3304=EDGE_CURVE('',#299,#135,#3307,.T.);
#3305=LINE('',#134,#3308);
#3306=LINE('',#112,#3309);
#3307=LINE('',#298,#3310);
#3308=VECTOR('',#3311,1.0);
#3309=VECTOR('',#3312,1.0);
#3310=VECTOR('',#3313,1.0);
#3311=DIRECTION('',(0.1400178857295965,0.9901489744860686,0));
#3312=DIRECTION('',(0,-1,0));
#3313=DIRECTION('',(-0.15657565795334752,-0.98766596748925,0));
#3314=FACE_SURFACE('',(#3319),#3315,.T.);
#3315=PLANE('',#3316);
#3316=AXIS2_PLACEMENT_3D('',#290,#3317,#3318);
#3317=DIRECTION('',(0,-0,-1));
#3318=DIRECTION('',(0.9736251131856776,0.22815376169192705,0));
#3319=FACE_BOUND('',#3320,.T.);
#3320=EDGE_LOOP('',(#3321,#3322,#3323));
#3321=ORIENTED_EDGE('',*,*,#3324,.T.);
#3322=ORIENTED_EDGE('',*,*,#3325,.T.);
#3323=ORIENTED_EDGE('',*,*,#3326,.T.);
#3324=EDGE_CURVE('',#291,#147,#3327,.F.);
#3325=EDGE_CURVE('',#147,#297,#3328,.T.);
#3326=EDGE_CURVE('',#297,#291,#3329,.T.);
#3327=LINE('',#290,#3330);
#3328=LINE('',#146,#3331);
#3329=LINE('',#296,#3332);
#3330=VECTOR('',#3333,1.0);
#3331=VECTOR('',#3334,1.0);
#3332=VECTOR('',#3335,1.0);
#3333=DIRECTION('',(0.9736251131856776,0.22815376169192705,0));
#3334=DIRECTION('',(-0.921661771335789,-0.38799430312592975,0));
#3335=DIRECTION('',(0.898103112516811,0.43978494663598516,0));
#3336=FACE_SURFACE('',(#3341),#3337,.T.);
#3337=PLANE('',#3338);
#3338=AXIS2_PLACEMENT_3D('',#300,#3339,#3340);
#3339=DIRECTION('',(0,0,-1));
#3340=DIRECTION('',(1,0,0));
#3341=FACE_BOUND('',#3342,.T.);
#3342=EDGE_LOOP('',(#3343,#3344,#3345));
#3343=ORIENTED_EDGE('',*,*,#3346,.T.);
#3344=ORIENTED_EDGE('',*,*,#3347,.T.);
#3345=ORIENTED_EDGE('',*,*,#3348,.T.);
#3346=EDGE_CURVE('',#301,#119,#3349,.F.);
#3347=EDGE_CURVE('',#119,#117,#3350,.T.);
#3348=EDGE_CURVE('',#117,#301,#3351,.T.);
#3349=LINE('',#300,#3352);
#3350=LINE('',#118,#3353);
#3351=LINE('',#116,#3354);
#3352=VECTOR('',#3355,1.0);
#3353=VECTOR('',#3356,1.0);
#3354=VECTOR('',#3357,1.0);
#3355=DIRECTION('',(1,0,0));
#3356=DIRECTION('',(0.9999858828978926,-0.005313568002969428,0));
#3357=DIRECTION('',(-0.999989185354404,0.004650717604362272,0));
#3358=FACE_SURFACE('',(#3363),#3359,.T.);
#3359=PLANE('',#3360);
#3360=AXIS2_PLACEMENT_3D('',#298,#3361,#3362);
#3361=DIRECTION('',(0,0,-1));
#3362=DIRECTION('',(1,0,0));
#3363=FACE_BOUND('',#3364,.T.);
#3364=EDGE_LOOP('',(#3365,#3366,#3367));
#3365=ORIENTED_EDGE('',*,*,#3368,.T.);
#3366=ORIENTED_EDGE('',*,*,#3369,.T.);
#3367=ORIENTED_EDGE('',*,*,#3370,.T.);
#3368=EDGE_CURVE('',#299,#301,#3371,.F.);
#3369=EDGE_CURVE('',#301,#117,#3372,.T.);
#3370=EDGE_CURVE('',#117,#299,#3373,.T.);
#3371=LINE('',#298,#3374);
#3372=LINE('',#300,#3375);
#3373=LINE('',#116,#3376);
#3374=VECTOR('',#3377,1.0);
#3375=VECTOR('',#3378,1.0);
#3376=VECTOR('',#3379,1.0);
#3377=DIRECTION('',(1,0,0));
#3378=DIRECTION('',(0.999989185354404,-0.004650717604362272,0));
#3379=DIRECTION('',(-0.9999943435467047,0.0033634616981657425,0));
#3380=FACE_SURFACE('',(#3385),#3381,.T.);
#3381=PLANE('',#3382);
#3382=AXIS2_PLACEMENT_3D('',#288,#3383,#3384);
#3383=DIRECTION('',(0,-0,-1));
#3384=DIRECTION('',(1,0,0));
#3385=FACE_BOUND('',#3386,.T.);
#3386=EDGE_LOOP('',(#3387,#3388,#3389));
#3387=ORIENTED_EDGE('',*,*,#3390,.T.);
#3388=ORIENTED_EDGE('',*,*,#3391,.T.);
#3389=ORIENTED_EDGE('',*,*,#3392,.T.);
#3390=EDGE_CURVE('',#289,#291,#3393,.F.);
#3391=EDGE_CURVE('',#291,#297,#3394,.T.);
#3392=EDGE_CURVE('',#297,#289,#3395,.T.);
#3393=LINE('',#288,#3396);
#3394=LINE('',#290,#3397);
#3395=LINE('',#296,#3398);
#3396=VECTOR('',#3399,1.0);
#3397=VECTOR('',#3400,1.0);
#3398=VECTOR('',#3401,1.0);
#3399=DIRECTION('',(1,0,0));
#3400=DIRECTION('',(-0.898103112516811,-0.43978494663598516,0));
#3401=DIRECTION('',(0.7865675913226722,0.6175041896868796,0));
#3402=FACE_SURFACE('',(#3407),#3403,.T.);
#3403=PLANE('',#3404);
#3404=AXIS2_PLACEMENT_3D('',#284,#3405,#3406);
#3405=DIRECTION('',(0,-0,-1));
#3406=DIRECTION('',(0.9334313650046665,-0.358756026883905,0));
#3407=FACE_BOUND('',#3408,.T.);
#3408=EDGE_LOOP('',(#3409,#3410,#3411));
#3409=ORIENTED_EDGE('',*,*,#3412,.T.);
#3410=ORIENTED_EDGE('',*,*,#3413,.T.);
#3411=ORIENTED_EDGE('',*,*,#3414,.T.);
#3412=EDGE_CURVE('',#285,#289,#3415,.F.);
#3413=EDGE_CURVE('',#289,#297,#3416,.T.);
#3414=EDGE_CURVE('',#297,#285,#3417,.T.);
#3415=LINE('',#284,#3418);
#3416=LINE('',#288,#3419);
#3417=LINE('',#296,#3420);
#3418=VECTOR('',#3421,1.0);
#3419=VECTOR('',#3422,1.0);
#3420=VECTOR('',#3423,1.0);
#3421=DIRECTION('',(0.9334313650046665,-0.358756026883905,0));
#3422=DIRECTION('',(-0.7865675913226722,-0.6175041896868796,0));
#3423=DIRECTION('',(0.4843938452142424,0.8748500458470357,0));
#3424=FACE_SURFACE('',(#3429),#3425,.T.);
#3425=PLANE('',#3426);
#3426=AXIS2_PLACEMENT_3D('',#108,#3427,#3428);
#3427=DIRECTION('',(0,0,-1));
#3428=DIRECTION('',(1,0,0));
#3429=FACE_BOUND('',#3430,.T.);
#3430=EDGE_LOOP('',(#3431,#3432,#3433));
#3431=ORIENTED_EDGE('',*,*,#3434,.T.);
#3432=ORIENTED_EDGE('',*,*,#3435,.T.);
#3433=ORIENTED_EDGE('',*,*,#3436,.T.);
#3434=EDGE_CURVE('',#109,#107,#3437,.F.);
#3435=EDGE_CURVE('',#107,#253,#3438,.T.);
#3436=EDGE_CURVE('',#253,#109,#3439,.T.);
#3437=LINE('',#108,#3440);
#3438=LINE('',#106,#3441);
#3439=LINE('',#252,#3442);
#3440=VECTOR('',#3443,1.0);
#3441=VECTOR('',#3444,1.0);
#3442=VECTOR('',#3445,1.0);
#3443=DIRECTION('',(1,0,0));
#3444=DIRECTION('',(0,-1,0));
#3445=DIRECTION('',(-0.08961748911017044,0.9959762575712278,0));
#3446=FACE_SURFACE('',(#3451),#3447,.T.);
#3447=PLANE('',#3448);
#3448=AXIS2_PLACEMENT_3D('',#252,#3449,#3450);
#3449=DIRECTION('',(0,0,-1));
#3450=DIRECTION('',(-1,0,0));
#3451=FACE_BOUND('',#3452,.T.);
#3452=EDGE_LOOP('',(#3453,#3454,#3455));
#3453=ORIENTED_EDGE('',*,*,#3456,.T.);
#3454=ORIENTED_EDGE('',*,*,#3457,.T.);
#3455=ORIENTED_EDGE('',*,*,#3458,.T.);
#3456=EDGE_CURVE('',#253,#251,#3459,.F.);
#3457=EDGE_CURVE('',#251,#303,#3460,.T.);
#3458=EDGE_CURVE('',#303,#253,#3461,.T.);
#3459=LINE('',#252,#3462);
#3460=LINE('',#250,#3463);
#3461=LINE('',#302,#3464);
#3462=VECTOR('',#3465,1.0);
#3463=VECTOR('',#3466,1.0);
#3464=VECTOR('',#3467,1.0);
#3465=DIRECTION('',(-1,0,0));
#3466=DIRECTION('',(0,1,0));
#3467=DIRECTION('',(0.24290603595118163,-0.9700498222764042,0));
#3468=FACE_SURFACE('',(#3473),#3469,.T.);
#3469=PLANE('',#3470);
#3470=AXIS2_PLACEMENT_3D('',#252,#3471,#3472);
#3471=DIRECTION('',(0,0,-1));
#3472=DIRECTION('',(-0.24290603595118163,0.9700498222764042,0));
#3473=FACE_BOUND('',#3474,.T.);
#3474=EDGE_LOOP('',(#3475,#3476,#3477));
#3475=ORIENTED_EDGE('',*,*,#3478,.T.);
#3476=ORIENTED_EDGE('',*,*,#3479,.T.);
#3477=ORIENTED_EDGE('',*,*,#3480,.T.);
#3478=EDGE_CURVE('',#253,#303,#3481,.F.);
#3479=EDGE_CURVE('',#303,#305,#3482,.T.);
#3480=EDGE_CURVE('',#305,#253,#3483,.T.);
#3481=LINE('',#252,#3484);
#3482=LINE('',#302,#3485);
#3483=LINE('',#304,#3486);
#3484=VECTOR('',#3487,1.0);
#3485=VECTOR('',#3488,1.0);
#3486=VECTOR('',#3489,1.0);
#3487=DIRECTION('',(-0.24290603595118163,0.9700498222764042,0));
#3488=DIRECTION('',(0,1,0));
#3489=DIRECTION('',(0.1855697427976619,-0.9826310958635542,0));
#3490=FACE_SURFACE('',(#3495),#3491,.T.);
#3491=PLANE('',#3492);
#3492=AXIS2_PLACEMENT_3D('',#284,#3493,#3494);
#3493=DIRECTION('',(0,0,-1));
#3494=DIRECTION('',(-0.4843938452142424,-0.8748500458470357,0));
#3495=FACE_BOUND('',#3496,.T.);
#3496=EDGE_LOOP('',(#3497,#3498,#3499));
#3497=ORIENTED_EDGE('',*,*,#3500,.T.);
#3498=ORIENTED_EDGE('',*,*,#3501,.T.);
#3499=ORIENTED_EDGE('',*,*,#3502,.T.);
#3500=EDGE_CURVE('',#285,#297,#3503,.F.);
#3501=EDGE_CURVE('',#297,#135,#3504,.T.);
#3502=EDGE_CURVE('',#135,#285,#3505,.T.);
#3503=LINE('',#284,#3506);
#3504=LINE('',#296,#3507);
#3505=LINE('',#134,#3508);
#3506=VECTOR('',#3509,1.0);
#3507=VECTOR('',#3510,1.0);
#3508=VECTOR('',#3511,1.0);
#3509=DIRECTION('',(-0.4843938452142424,-0.8748500458470357,0));
#3510=DIRECTION('',(-0.6000599726958008,-0.799955016965526,0));
#3511=DIRECTION('',(0.5817601522813654,0.8133603907355968,0));
#3512=FACE_SURFACE('',(#3517),#3513,.T.);
#3513=PLANE('',#3514);
#3514=AXIS2_PLACEMENT_3D('',#282,#3515,#3516);
#3515=DIRECTION('',(0,-0,-1));
#3516=DIRECTION('',(0,-1,0));
#3517=FACE_BOUND('',#3518,.T.);
#3518=EDGE_LOOP('',(#3519,#3520,#3521));
#3519=ORIENTED_EDGE('',*,*,#3522,.T.);
#3520=ORIENTED_EDGE('',*,*,#3523,.T.);
#3521=ORIENTED_EDGE('',*,*,#3524,.T.);
#3522=EDGE_CURVE('',#283,#285,#3525,.F.);
#3523=EDGE_CURVE('',#285,#135,#3526,.T.);
#3524=EDGE_CURVE('',#135,#283,#3527,.T.);
#3525=LINE('',#282,#3528);
#3526=LINE('',#284,#3529);
#3527=LINE('',#134,#3530);
#3528=VECTOR('',#3531,1.0);
#3529=VECTOR('',#3532,1.0);
#3530=VECTOR('',#3533,1.0);
#3531=DIRECTION('',(0,-1,0));
#3532=DIRECTION('',(-0.5817601522813654,-0.8133603907355968,0));
#3533=DIRECTION('',(0.4513823376439825,0.8923306479456221,0));
#3534=FACE_SURFACE('',(#3539),#3535,.T.);
#3535=PLANE('',#3536);
#3536=AXIS2_PLACEMENT_3D('',#108,#3537,#3538);
#3537=DIRECTION('',(0,-0,-1));
#3538=DIRECTION('',(0.08961748911017044,-0.9959762575712278,0));
#3539=FACE_BOUND('',#3540,.T.);
#3540=EDGE_LOOP('',(#3541,#3542,#3543));
#3541=ORIENTED_EDGE('',*,*,#3544,.T.);
#3542=ORIENTED_EDGE('',*,*,#3545,.T.);
#3543=ORIENTED_EDGE('',*,*,#3546,.T.);
#3544=EDGE_CURVE('',#109,#253,#3547,.F.);
#3545=EDGE_CURVE('',#253,#305,#3548,.T.);
#3546=EDGE_CURVE('',#305,#109,#3549,.T.);
#3547=LINE('',#108,#3550);
#3548=LINE('',#252,#3551);
#3549=LINE('',#304,#3552);
#3550=VECTOR('',#3553,1.0);
#3551=VECTOR('',#3554,1.0);
#3552=VECTOR('',#3555,1.0);
#3553=DIRECTION('',(0.08961748911017044,-0.9959762575712278,0));
#3554=DIRECTION('',(-0.1855697427976619,0.9826310958635542,0));
#3555=DIRECTION('',(0.003095513697504996,0.9999952088859969,0));
#3556=FACE_SURFACE('',(#3561),#3557,.T.);
#3557=PLANE('',#3558);
#3558=AXIS2_PLACEMENT_3D('',#108,#3559,#3560);
#3559=DIRECTION('',(0,0,-1));
#3560=DIRECTION('',(-0.003095513697504996,-0.9999952088859969,0));
#3561=FACE_BOUND('',#3562,.T.);
#3562=EDGE_LOOP('',(#3563,#3564,#3565));
#3563=ORIENTED_EDGE('',*,*,#3566,.T.);
#3564=ORIENTED_EDGE('',*,*,#3567,.T.);
#3565=ORIENTED_EDGE('',*,*,#3568,.T.);
#3566=EDGE_CURVE('',#109,#305,#3569,.F.);
#3567=EDGE_CURVE('',#305,#243,#3570,.T.);
#3568=EDGE_CURVE('',#243,#109,#3571,.T.);
#3569=LINE('',#108,#3572);
#3570=LINE('',#304,#3573);
#3571=LINE('',#242,#3574);
#3572=VECTOR('',#3575,1.0);
#3573=VECTOR('',#3576,1.0);
#3574=VECTOR('',#3577,1.0);
#3575=DIRECTION('',(-0.003095513697504996,-0.9999952088859969,0));
#3576=DIRECTION('',(-1,0,0));
#3577=DIRECTION('',(0.6866375590432706,0.7269999054409148,0));
#3578=FACE_SURFACE('',(#3583),#3579,.T.);
#3579=PLANE('',#3580);
#3580=AXIS2_PLACEMENT_3D('',#306,#3581,#3582);
#3581=DIRECTION('',(0,-0,-1));
#3582=DIRECTION('',(1,0,0));
#3583=FACE_BOUND('',#3584,.T.);
#3584=EDGE_LOOP('',(#3585,#3586,#3587));
#3585=ORIENTED_EDGE('',*,*,#3588,.T.);
#3586=ORIENTED_EDGE('',*,*,#3589,.T.);
#3587=ORIENTED_EDGE('',*,*,#3590,.T.);
#3588=EDGE_CURVE('',#307,#109,#3591,.F.);
#3589=EDGE_CURVE('',#109,#243,#3592,.T.);
#3590=EDGE_CURVE('',#243,#307,#3593,.T.);
#3591=LINE('',#306,#3594);
#3592=LINE('',#108,#3595);
#3593=LINE('',#242,#3596);
#3594=VECTOR('',#3597,1.0);
#3595=VECTOR('',#3598,1.0);
#3596=VECTOR('',#3599,1.0);
#3597=DIRECTION('',(1,0,0));
#3598=DIRECTION('',(-0.6866375590432706,-0.7269999054409148,0));
#3599=DIRECTION('',(0.580579763707024,0.8142033762972836,0));
#3600=FACE_SURFACE('',(#3605),#3601,.T.);
#3601=PLANE('',#3602);
#3602=AXIS2_PLACEMENT_3D('',#306,#3603,#3604);
#3603=DIRECTION('',(0,0,-1));
#3604=DIRECTION('',(-0.580579763707024,-0.8142033762972836,0));
#3605=FACE_BOUND('',#3606,.T.);
#3606=EDGE_LOOP('',(#3607,#3608,#3609));
#3607=ORIENTED_EDGE('',*,*,#3610,.T.);
#3608=ORIENTED_EDGE('',*,*,#3611,.T.);
#3609=ORIENTED_EDGE('',*,*,#3612,.T.);
#3610=EDGE_CURVE('',#307,#243,#3613,.F.);
#3611=EDGE_CURVE('',#243,#241,#3614,.T.);
#3612=EDGE_CURVE('',#241,#307,#3615,.T.);
#3613=LINE('',#306,#3616);
#3614=LINE('',#242,#3617);
#3615=LINE('',#240,#3618);
#3616=VECTOR('',#3619,1.0);
#3617=VECTOR('',#3620,1.0);
#3618=VECTOR('',#3621,1.0);
#3619=DIRECTION('',(-0.580579763707024,-0.8142033762972836,0));
#3620=DIRECTION('',(-1,0,0));
#3621=DIRECTION('',(0.7250011009178928,0.6887477068330923,0));
#3622=FACE_SURFACE('',(#3627),#3623,.T.);
#3623=PLANE('',#3624);
#3624=AXIS2_PLACEMENT_3D('',#116,#3625,#3626);
#3625=DIRECTION('',(0,-0,-1));
#3626=DIRECTION('',(1,0,0));
#3627=FACE_BOUND('',#3628,.T.);
#3628=EDGE_LOOP('',(#3629,#3630,#3631));
#3629=ORIENTED_EDGE('',*,*,#3632,.T.);
#3630=ORIENTED_EDGE('',*,*,#3633,.T.);
#3631=ORIENTED_EDGE('',*,*,#3634,.T.);
#3632=EDGE_CURVE('',#117,#307,#3635,.F.);
#3633=EDGE_CURVE('',#307,#241,#3636,.T.);
#3634=EDGE_CURVE('',#241,#117,#3637,.T.);
#3635=LINE('',#116,#3638);
#3636=LINE('',#306,#3639);
#3637=LINE('',#240,#3640);
#3638=VECTOR('',#3641,1.0);
#3639=VECTOR('',#3642,1.0);
#3640=VECTOR('',#3643,1.0);
#3641=DIRECTION('',(1,0,0));
#3642=DIRECTION('',(-0.7250011009178928,-0.6887477068330923,0));
#3643=DIRECTION('',(0.32416415076244826,0.9460008474417244,0));
#3644=FACE_SURFACE('',(#3649),#3645,.T.);
#3645=PLANE('',#3646);
#3646=AXIS2_PLACEMENT_3D('',#116,#3647,#3648);
#3647=DIRECTION('',(0,0,-1));
#3648=DIRECTION('',(-0.32416415076244826,-0.9460008474417244,0));
#3649=FACE_BOUND('',#3650,.T.);
#3650=EDGE_LOOP('',(#3651,#3652,#3653));
#3651=ORIENTED_EDGE('',*,*,#3654,.T.);
#3652=ORIENTED_EDGE('',*,*,#3655,.T.);
#3653=ORIENTED_EDGE('',*,*,#3656,.T.);
#3654=EDGE_CURVE('',#117,#241,#3657,.F.);
#3655=EDGE_CURVE('',#241,#69,#3658,.T.);
#3656=EDGE_CURVE('',#69,#117,#3659,.T.);
#3657=LINE('',#116,#3660);
#3658=LINE('',#240,#3661);
#3659=LINE('',#68,#3662);
#3660=VECTOR('',#3663,1.0);
#3661=VECTOR('',#3664,1.0);
#3662=VECTOR('',#3665,1.0);
#3663=DIRECTION('',(-0.32416415076244826,-0.9460008474417244,0));
#3664=DIRECTION('',(-1,0,0));
#3665=DIRECTION('',(0.7889673977058028,0.6144350619531194,0));
#3666=FACE_SURFACE('',(#3671),#3667,.T.);
#3667=PLANE('',#3668);
#3668=AXIS2_PLACEMENT_3D('',#308,#3669,#3670);
#3669=DIRECTION('',(0,0,-1));
#3670=DIRECTION('',(-1,0,0));
#3671=FACE_BOUND('',#3672,.T.);
#3672=EDGE_LOOP('',(#3673,#3674,#3675));
#3673=ORIENTED_EDGE('',*,*,#3676,.T.);
#3674=ORIENTED_EDGE('',*,*,#3677,.T.);
#3675=ORIENTED_EDGE('',*,*,#3678,.T.);
#3676=EDGE_CURVE('',#309,#311,#3679,.F.);
#3677=EDGE_CURVE('',#311,#261,#3680,.T.);
#3678=EDGE_CURVE('',#261,#309,#3681,.T.);
#3679=LINE('',#308,#3682);
#3680=LINE('',#310,#3683);
#3681=LINE('',#260,#3684);
#3682=VECTOR('',#3685,1.0);
#3683=VECTOR('',#3686,1.0);
#3684=VECTOR('',#3687,1.0);
#3685=DIRECTION('',(-1,0,0));
#3686=DIRECTION('',(0,1,0));
#3687=DIRECTION('',(0.624693593029408,-0.7808699730608217,0));
#3688=FACE_SURFACE('',(#3693),#3689,.T.);
#3689=PLANE('',#3690);
#3690=AXIS2_PLACEMENT_3D('',#312,#3691,#3692);
#3691=DIRECTION('',(0,0,-1));
#3692=DIRECTION('',(-1,0,0));
#3693=FACE_BOUND('',#3694,.T.);
#3694=EDGE_LOOP('',(#3695,#3696,#3697));
#3695=ORIENTED_EDGE('',*,*,#3698,.T.);
#3696=ORIENTED_EDGE('',*,*,#3699,.T.);
#3697=ORIENTED_EDGE('',*,*,#3700,.T.);
#3698=EDGE_CURVE('',#313,#315,#3701,.F.);
#3699=EDGE_CURVE('',#315,#309,#3702,.T.);
#3700=EDGE_CURVE('',#309,#313,#3703,.T.);
#3701=LINE('',#312,#3704);
#3702=LINE('',#314,#3705);
#3703=LINE('',#308,#3706);
#3704=VECTOR('',#3707,1.0);
#3705=VECTOR('',#3708,1.0);
#3706=VECTOR('',#3709,1.0);
#3707=DIRECTION('',(-1,0,0));
#3708=DIRECTION('',(0,1,0));
#3709=DIRECTION('',(0.9821021630004653,-0.18834898839602948,0));
#3710=FACE_SURFACE('',(#3715),#3711,.T.);
#3711=PLANE('',#3712);
#3712=AXIS2_PLACEMENT_3D('',#316,#3713,#3714);
#3713=DIRECTION('',(0,-0,-1));
#3714=DIRECTION('',(0,-1,0));
#3715=FACE_BOUND('',#3716,.T.);
#3716=EDGE_LOOP('',(#3717,#3718,#3719));
#3717=ORIENTED_EDGE('',*,*,#3720,.T.);
#3718=ORIENTED_EDGE('',*,*,#3721,.T.);
#3719=ORIENTED_EDGE('',*,*,#3722,.T.);
#3720=EDGE_CURVE('',#317,#313,#3723,.F.);
#3721=EDGE_CURVE('',#313,#309,#3724,.T.);
#3722=EDGE_CURVE('',#309,#317,#3725,.T.);
#3723=LINE('',#316,#3726);
#3724=LINE('',#312,#3727);
#3725=LINE('',#308,#3728);
#3726=VECTOR('',#3729,1.0);
#3727=VECTOR('',#3730,1.0);
#3728=VECTOR('',#3731,1.0);
#3729=DIRECTION('',(0,-1,0));
#3730=DIRECTION('',(-0.9821021630004653,0.18834898839602948,0));
#3731=DIRECTION('',(0.9836067565660073,0.1803267823638498,0));
#3732=FACE_SURFACE('',(#3737),#3733,.T.);
#3733=PLANE('',#3734);
#3734=AXIS2_PLACEMENT_3D('',#316,#3735,#3736);
#3735=DIRECTION('',(-0,0,-1));
#3736=DIRECTION('',(-0.9836067565660073,-0.1803267823638498,0));
#3737=FACE_BOUND('',#3738,.T.);
#3738=EDGE_LOOP('',(#3739,#3740,#3741));
#3739=ORIENTED_EDGE('',*,*,#3742,.T.);
#3740=ORIENTED_EDGE('',*,*,#3743,.T.);
#3741=ORIENTED_EDGE('',*,*,#3744,.T.);
#3742=EDGE_CURVE('',#317,#309,#3745,.F.);
#3743=EDGE_CURVE('',#309,#261,#3746,.T.);
#3744=EDGE_CURVE('',#261,#317,#3747,.T.);
#3745=LINE('',#316,#3748);
#3746=LINE('',#308,#3749);
#3747=LINE('',#260,#3750);
#3748=VECTOR('',#3751,1.0);
#3749=VECTOR('',#3752,1.0);
#3750=VECTOR('',#3753,1.0);
#3751=DIRECTION('',(-0.9836067565660073,-0.1803267823638498,0));
#3752=DIRECTION('',(-0.624693593029408,0.7808699730608217,0));
#3753=DIRECTION('',(0.9859858597511032,-0.16682890747972254,0));
#3754=FACE_SURFACE('',(#3759),#3755,.T.);
#3755=PLANE('',#3756);
#3756=AXIS2_PLACEMENT_3D('',#318,#3757,#3758);
#3757=DIRECTION('',(0,0,-1));
#3758=DIRECTION('',(-1,0,0));
#3759=FACE_BOUND('',#3760,.T.);
#3760=EDGE_LOOP('',(#3761,#3762,#3763));
#3761=ORIENTED_EDGE('',*,*,#3764,.T.);
#3762=ORIENTED_EDGE('',*,*,#3765,.T.);
#3763=ORIENTED_EDGE('',*,*,#3766,.T.);
#3764=EDGE_CURVE('',#319,#321,#3767,.F.);
#3765=EDGE_CURVE('',#321,#323,#3768,.T.);
#3766=EDGE_CURVE('',#323,#319,#3769,.T.);
#3767=LINE('',#318,#3770);
#3768=LINE('',#320,#3771);
#3769=LINE('',#322,#3772);
#3770=VECTOR('',#3773,1.0);
#3771=VECTOR('',#3774,1.0);
#3772=VECTOR('',#3775,1.0);
#3773=DIRECTION('',(-1,0,0));
#3774=DIRECTION('',(0,1,0));
#3775=DIRECTION('',(0.940783172379794,-0.33900888272582264,0));
#3776=FACE_SURFACE('',(#3781),#3777,.T.);
#3777=PLANE('',#3778);
#3778=AXIS2_PLACEMENT_3D('',#322,#3779,#3780);
#3779=DIRECTION('',(0,0,-1));
#3780=DIRECTION('',(-1,0,0));
#3781=FACE_BOUND('',#3782,.T.);
#3782=EDGE_LOOP('',(#3783,#3784,#3785));
#3783=ORIENTED_EDGE('',*,*,#3786,.T.);
#3784=ORIENTED_EDGE('',*,*,#3787,.T.);
#3785=ORIENTED_EDGE('',*,*,#3788,.T.);
#3786=EDGE_CURVE('',#323,#317,#3789,.F.);
#3787=EDGE_CURVE('',#317,#261,#3790,.T.);
#3788=EDGE_CURVE('',#261,#323,#3791,.T.);
#3789=LINE('',#322,#3792);
#3790=LINE('',#316,#3793);
#3791=LINE('',#260,#3794);
#3792=VECTOR('',#3795,1.0);
#3793=VECTOR('',#3796,1.0);
#3794=VECTOR('',#3797,1.0);
#3795=DIRECTION('',(-1,0,0));
#3796=DIRECTION('',(-0.9859858597511032,0.16682890747972254,0));
#3797=DIRECTION('',(0.9964954483765728,-0.08364700451763317,0));
#3798=FACE_SURFACE('',(#3803),#3799,.T.);
#3799=PLANE('',#3800);
#3800=AXIS2_PLACEMENT_3D('',#322,#3801,#3802);
#3801=DIRECTION('',(0,0,-1));
#3802=DIRECTION('',(-0.9964954483765728,0.08364700451763317,0));
#3803=FACE_BOUND('',#3804,.T.);
#3804=EDGE_LOOP('',(#3805,#3806,#3807));
#3805=ORIENTED_EDGE('',*,*,#3808,.T.);
#3806=ORIENTED_EDGE('',*,*,#3809,.T.);
#3807=ORIENTED_EDGE('',*,*,#3810,.T.);
#3808=EDGE_CURVE('',#323,#261,#3811,.F.);
#3809=EDGE_CURVE('',#261,#265,#3812,.T.);
#3810=EDGE_CURVE('',#265,#323,#3813,.T.);
#3811=LINE('',#322,#3814);
#3812=LINE('',#260,#3815);
#3813=LINE('',#264,#3816);
#3814=VECTOR('',#3817,1.0);
#3815=VECTOR('',#3818,1.0);
#3816=VECTOR('',#3819,1.0);
#3817=DIRECTION('',(-0.9964954483765728,0.08364700451763317,0));
#3818=DIRECTION('',(-0.9505854566661651,0.31046302448887275,0));
#3819=DIRECTION('',(0.9964264673949043,-0.08446475640710559,0));
#3820=FACE_SURFACE('',(#3825),#3821,.T.);
#3821=PLANE('',#3822);
#3822=AXIS2_PLACEMENT_3D('',#298,#3823,#3824);
#3823=DIRECTION('',(0,0,-1));
#3824=DIRECTION('',(0.9999943435467047,-0.0033634616981657425,0));
#3825=FACE_BOUND('',#3826,.T.);
#3826=EDGE_LOOP('',(#3827,#3828,#3829));
#3827=ORIENTED_EDGE('',*,*,#3830,.T.);
#3828=ORIENTED_EDGE('',*,*,#3831,.T.);
#3829=ORIENTED_EDGE('',*,*,#3832,.T.);
#3830=EDGE_CURVE('',#299,#117,#3833,.F.);
#3831=EDGE_CURVE('',#117,#69,#3834,.T.);
#3832=EDGE_CURVE('',#69,#299,#3835,.T.);
#3833=LINE('',#298,#3836);
#3834=LINE('',#116,#3837);
#3835=LINE('',#68,#3838);
#3836=VECTOR('',#3839,1.0);
#3837=VECTOR('',#3840,1.0);
#3838=VECTOR('',#3841,1.0);
#3839=DIRECTION('',(0.9999943435467047,-0.0033634616981657425,0));
#3840=DIRECTION('',(-0.7889673977058028,-0.6144350619531194,0));
#3841=DIRECTION('',(-0.7856739105628455,0.6186408540186186,0));
#3842=FACE_SURFACE('',(#3847),#3843,.T.);
#3843=PLANE('',#3844);
#3844=AXIS2_PLACEMENT_3D('',#298,#3845,#3846);
#3845=DIRECTION('',(0,0,-1));
#3846=DIRECTION('',(0.7856739105628455,-0.6186408540186186,0));
#3847=FACE_BOUND('',#3848,.T.);
#3848=EDGE_LOOP('',(#3849,#3850,#3851));
#3849=ORIENTED_EDGE('',*,*,#3852,.T.);
#3850=ORIENTED_EDGE('',*,*,#3853,.T.);
#3851=ORIENTED_EDGE('',*,*,#3854,.T.);
#3852=EDGE_CURVE('',#299,#69,#3855,.F.);
#3853=EDGE_CURVE('',#69,#67,#3856,.T.);
#3854=EDGE_CURVE('',#67,#299,#3857,.T.);
#3855=LINE('',#298,#3858);
#3856=LINE('',#68,#3859);
#3857=LINE('',#66,#3860);
#3858=VECTOR('',#3861,1.0);
#3859=VECTOR('',#3862,1.0);
#3860=VECTOR('',#3863,1.0);
#3861=DIRECTION('',(0.7856739105628455,-0.6186408540186186,0));
#3862=DIRECTION('',(-1,0,0));
#3863=DIRECTION('',(-0.6823178065436483,0.7310556824712222,0));
#3864=FACE_SURFACE('',(#3869),#3865,.T.);
#3865=PLANE('',#3866);
#3866=AXIS2_PLACEMENT_3D('',#324,#3867,#3868);
#3867=DIRECTION('',(0,0,-1));
#3868=DIRECTION('',(0,1,0));
#3869=FACE_BOUND('',#3870,.T.);
#3870=EDGE_LOOP('',(#3871,#3872,#3873));
#3871=ORIENTED_EDGE('',*,*,#3874,.T.);
#3872=ORIENTED_EDGE('',*,*,#3875,.T.);
#3873=ORIENTED_EDGE('',*,*,#3876,.T.);
#3874=EDGE_CURVE('',#325,#327,#3877,.F.);
#3875=EDGE_CURVE('',#327,#329,#3878,.T.);
#3876=EDGE_CURVE('',#329,#325,#3879,.T.);
#3877=LINE('',#324,#3880);
#3878=LINE('',#326,#3881);
#3879=LINE('',#328,#3882);
#3880=VECTOR('',#3883,1.0);
#3881=VECTOR('',#3884,1.0);
#3882=VECTOR('',#3885,1.0);
#3883=DIRECTION('',(0,1,0));
#3884=DIRECTION('',(1,0,0));
#3885=DIRECTION('',(-0.9334924465406059,-0.35859706113078216,0));
#3886=FACE_SURFACE('',(#3891),#3887,.T.);
#3887=PLANE('',#3888);
#3888=AXIS2_PLACEMENT_3D('',#330,#3889,#3890);
#3889=DIRECTION('',(0,0,-1));
#3890=DIRECTION('',(1,0,0));
#3891=FACE_BOUND('',#3892,.T.);
#3892=EDGE_LOOP('',(#3893,#3894,#3895));
#3893=ORIENTED_EDGE('',*,*,#3896,.T.);
#3894=ORIENTED_EDGE('',*,*,#3897,.T.);
#3895=ORIENTED_EDGE('',*,*,#3898,.T.);
#3896=EDGE_CURVE('',#331,#333,#3899,.F.);
#3897=EDGE_CURVE('',#333,#335,#3900,.T.);
#3898=EDGE_CURVE('',#335,#331,#3901,.T.);
#3899=LINE('',#330,#3902);
#3900=LINE('',#332,#3903);
#3901=LINE('',#334,#3904);
#3902=VECTOR('',#3905,1.0);
#3903=VECTOR('',#3906,1.0);
#3904=VECTOR('',#3907,1.0);
#3905=DIRECTION('',(1,0,0));
#3906=DIRECTION('',(0,-1,0));
#3907=DIRECTION('',(-0.9574211353608766,0.28869494204833224,0));
#3908=FACE_SURFACE('',(#3913),#3909,.T.);
#3909=PLANE('',#3910);
#3910=AXIS2_PLACEMENT_3D('',#336,#3911,#3912);
#3911=DIRECTION('',(0,0,-1));
#3912=DIRECTION('',(0,1,0));
#3913=FACE_BOUND('',#3914,.T.);
#3914=EDGE_LOOP('',(#3915,#3916,#3917));
#3915=ORIENTED_EDGE('',*,*,#3918,.T.);
#3916=ORIENTED_EDGE('',*,*,#3919,.T.);
#3917=ORIENTED_EDGE('',*,*,#3920,.T.);
#3918=EDGE_CURVE('',#337,#331,#3921,.F.);
#3919=EDGE_CURVE('',#331,#335,#3922,.T.);
#3920=EDGE_CURVE('',#335,#337,#3923,.T.);
#3921=LINE('',#336,#3924);
#3922=LINE('',#330,#3925);
#3923=LINE('',#334,#3926);
#3924=VECTOR('',#3927,1.0);
#3925=VECTOR('',#3928,1.0);
#3926=VECTOR('',#3929,1.0);
#3927=DIRECTION('',(0,1,0));
#3928=DIRECTION('',(0.9574211353608766,-0.28869494204833224,0));
#3929=DIRECTION('',(-0.9744014899668598,0.224814893524347,0));
#3930=FACE_SURFACE('',(#3935),#3931,.T.);
#3931=PLANE('',#3932);
#3932=AXIS2_PLACEMENT_3D('',#154,#3933,#3934);
#3933=DIRECTION('',(0,0,-1));
#3934=DIRECTION('',(0.012464332287504222,0.9999223171930041,0));
#3935=FACE_BOUND('',#3936,.T.);
#3936=EDGE_LOOP('',(#3937,#3938,#3939));
#3937=ORIENTED_EDGE('',*,*,#3940,.T.);
#3938=ORIENTED_EDGE('',*,*,#3941,.T.);
#3939=ORIENTED_EDGE('',*,*,#3942,.T.);
#3940=EDGE_CURVE('',#155,#153,#3943,.F.);
#3941=EDGE_CURVE('',#153,#337,#3944,.T.);
#3942=EDGE_CURVE('',#337,#155,#3945,.T.);
#3943=LINE('',#154,#3946);
#3944=LINE('',#152,#3947);
#3945=LINE('',#336,#3948);
#3946=VECTOR('',#3949,1.0);
#3947=VECTOR('',#3950,1.0);
#3948=VECTOR('',#3951,1.0);
#3949=DIRECTION('',(0.012464332287504222,0.9999223171930041,0));
#3950=DIRECTION('',(1,0,0));
#3951=DIRECTION('',(-0.5730874581198444,-0.8194942131252274,0));
#3952=FACE_SURFACE('',(#3957),#3953,.T.);
#3953=PLANE('',#3954);
#3954=AXIS2_PLACEMENT_3D('',#172,#3955,#3956);
#3955=DIRECTION('',(0,0,-1));
#3956=DIRECTION('',(-1,0,0));
#3957=FACE_BOUND('',#3958,.T.);
#3958=EDGE_LOOP('',(#3959,#3960,#3961));
#3959=ORIENTED_EDGE('',*,*,#3962,.T.);
#3960=ORIENTED_EDGE('',*,*,#3963,.T.);
#3961=ORIENTED_EDGE('',*,*,#3964,.T.);
#3962=EDGE_CURVE('',#173,#155,#3965,.F.);
#3963=EDGE_CURVE('',#155,#337,#3966,.T.);
#3964=EDGE_CURVE('',#337,#173,#3967,.T.);
#3965=LINE('',#172,#3968);
#3966=LINE('',#154,#3969);
#3967=LINE('',#336,#3970);
#3968=VECTOR('',#3971,1.0);
#3969=VECTOR('',#3972,1.0);
#3970=VECTOR('',#3973,1.0);
#3971=DIRECTION('',(-1,0,0));
#3972=DIRECTION('',(0.5730874581198444,0.8194942131252274,0));
#3973=DIRECTION('',(0.8125985435479268,-0.5828238215994503,0));
#3974=FACE_SURFACE('',(#3979),#3975,.T.);
#3975=PLANE('',#3976);
#3976=AXIS2_PLACEMENT_3D('',#172,#3977,#3978);
#3977=DIRECTION('',(0,0,-1));
#3978=DIRECTION('',(-0.8125985435479268,0.5828238215994503,0));
#3979=FACE_BOUND('',#3980,.T.);
#3980=EDGE_LOOP('',(#3981,#3982,#3983));
#3981=ORIENTED_EDGE('',*,*,#3984,.T.);
#3982=ORIENTED_EDGE('',*,*,#3985,.T.);
#3983=ORIENTED_EDGE('',*,*,#3986,.T.);
#3984=EDGE_CURVE('',#173,#337,#3987,.F.);
#3985=EDGE_CURVE('',#337,#335,#3988,.T.);
#3986=EDGE_CURVE('',#335,#173,#3989,.T.);
#3987=LINE('',#172,#3990);
#3988=LINE('',#336,#3991);
#3989=LINE('',#334,#3992);
#3990=VECTOR('',#3993,1.0);
#3991=VECTOR('',#3994,1.0);
#3992=VECTOR('',#3995,1.0);
#3993=DIRECTION('',(-0.8125985435479268,0.5828238215994503,0));
#3994=DIRECTION('',(0.9744014899668598,-0.224814893524347,0));
#3995=DIRECTION('',(0.6610053393030116,-0.7503811974009679,0));
#3996=FACE_SURFACE('',(#4001),#3997,.T.);
#3997=PLANE('',#3998);
#3998=AXIS2_PLACEMENT_3D('',#200,#3999,#4000);
#3999=DIRECTION('',(0,0,-1));
#4000=DIRECTION('',(-0.24180206934445964,-0.9703255944582401,0));
#4001=FACE_BOUND('',#4002,.T.);
#4002=EDGE_LOOP('',(#4003,#4004,#4005));
#4003=ORIENTED_EDGE('',*,*,#4006,.T.);
#4004=ORIENTED_EDGE('',*,*,#4007,.T.);
#4005=ORIENTED_EDGE('',*,*,#4008,.T.);
#4006=EDGE_CURVE('',#201,#199,#4009,.F.);
#4007=EDGE_CURVE('',#199,#175,#4010,.T.);
#4008=EDGE_CURVE('',#175,#201,#4011,.T.);
#4009=LINE('',#200,#4012);
#4010=LINE('',#198,#4013);
#4011=LINE('',#174,#4014);
#4012=VECTOR('',#4015,1.0);
#4013=VECTOR('',#4016,1.0);
#4014=VECTOR('',#4017,1.0);
#4015=DIRECTION('',(-0.24180206934445964,-0.9703255944582401,0));
#4016=DIRECTION('',(-1,0,0));
#4017=DIRECTION('',(0.681283315612794,0.7320198384385754,0));
#4018=FACE_SURFACE('',(#4023),#4019,.T.);
#4019=PLANE('',#4020);
#4020=AXIS2_PLACEMENT_3D('',#174,#4021,#4022);
#4021=DIRECTION('',(0,0,-1));
#4022=DIRECTION('',(-1,0,0));
#4023=FACE_BOUND('',#4024,.T.);
#4024=EDGE_LOOP('',(#4025,#4026,#4027));
#4025=ORIENTED_EDGE('',*,*,#4028,.T.);
#4026=ORIENTED_EDGE('',*,*,#4029,.T.);
#4027=ORIENTED_EDGE('',*,*,#4030,.T.);
#4028=EDGE_CURVE('',#175,#173,#4031,.F.);
#4029=EDGE_CURVE('',#173,#335,#4032,.T.);
#4030=EDGE_CURVE('',#335,#175,#4033,.T.);
#4031=LINE('',#174,#4034);
#4032=LINE('',#172,#4035);
#4033=LINE('',#334,#4036);
#4034=VECTOR('',#4037,1.0);
#4035=VECTOR('',#4038,1.0);
#4036=VECTOR('',#4039,1.0);
#4037=DIRECTION('',(-1,0,0));
#4038=DIRECTION('',(-0.6610053393030116,0.7503811974009679,0));
#4039=DIRECTION('',(0.8993614264903728,-0.43720592921551504,0));
#4040=FACE_SURFACE('',(#4045),#4041,.T.);
#4041=PLANE('',#4042);
#4042=AXIS2_PLACEMENT_3D('',#174,#4043,#4044);
#4043=DIRECTION('',(0,0,-1));
#4044=DIRECTION('',(-0.8993614264903728,0.43720592921551504,0));
#4045=FACE_BOUND('',#4046,.T.);
#4046=EDGE_LOOP('',(#4047,#4048,#4049));
#4047=ORIENTED_EDGE('',*,*,#4050,.T.);
#4048=ORIENTED_EDGE('',*,*,#4051,.T.);
#4049=ORIENTED_EDGE('',*,*,#4052,.T.);
#4050=EDGE_CURVE('',#175,#335,#4053,.F.);
#4051=EDGE_CURVE('',#335,#325,#4054,.T.);
#4052=EDGE_CURVE('',#325,#175,#4055,.T.);
#4053=LINE('',#174,#4056);
#4054=LINE('',#334,#4057);
#4055=LINE('',#324,#4058);
#4056=VECTOR('',#4059,1.0);
#4057=VECTOR('',#4060,1.0);
#4058=VECTOR('',#4061,1.0);
#4059=DIRECTION('',(-0.8993614264903728,0.43720592921551504,0));
#4060=DIRECTION('',(1,0,0));
#4061=DIRECTION('',(0.7899692799015615,-0.6131464236312631,0));
#4062=FACE_SURFACE('',(#4067),#4063,.T.);
#4063=PLANE('',#4064);
#4064=AXIS2_PLACEMENT_3D('',#338,#4065,#4066);
#4065=DIRECTION('',(0,-0,-1));
#4066=DIRECTION('',(0,-1,0));
#4067=FACE_BOUND('',#4068,.T.);
#4068=EDGE_LOOP('',(#4069,#4070,#4071));
#4069=ORIENTED_EDGE('',*,*,#4072,.T.);
#4070=ORIENTED_EDGE('',*,*,#4073,.T.);
#4071=ORIENTED_EDGE('',*,*,#4074,.T.);
#4072=EDGE_CURVE('',#339,#201,#4075,.F.);
#4073=EDGE_CURVE('',#201,#175,#4076,.T.);
#4074=EDGE_CURVE('',#175,#339,#4077,.T.);
#4075=LINE('',#338,#4078);
#4076=LINE('',#200,#4079);
#4077=LINE('',#174,#4080);
#4078=VECTOR('',#4081,1.0);
#4079=VECTOR('',#4082,1.0);
#4080=VECTOR('',#4083,1.0);
#4081=DIRECTION('',(0,-1,0));
#4082=DIRECTION('',(-0.681283315612794,-0.7320198384385754,0));
#4083=DIRECTION('',(0.23953594122384256,0.9708874975310001,0));
#4084=FACE_SURFACE('',(#4089),#4085,.T.);
#4085=PLANE('',#4086);
#4086=AXIS2_PLACEMENT_3D('',#174,#4087,#4088);
#4087=DIRECTION('',(0,0,-1));
#4088=DIRECTION('',(-0.7899692799015615,0.6131464236312631,0));
#4089=FACE_BOUND('',#4090,.T.);
#4090=EDGE_LOOP('',(#4091,#4092,#4093));
#4091=ORIENTED_EDGE('',*,*,#4094,.T.);
#4092=ORIENTED_EDGE('',*,*,#4095,.T.);
#4093=ORIENTED_EDGE('',*,*,#4096,.T.);
#4094=EDGE_CURVE('',#175,#325,#4097,.F.);
#4095=EDGE_CURVE('',#325,#329,#4098,.T.);
#4096=EDGE_CURVE('',#329,#175,#4099,.T.);
#4097=LINE('',#174,#4100);
#4098=LINE('',#324,#4101);
#4099=LINE('',#328,#4102);
#4100=VECTOR('',#4103,1.0);
#4101=VECTOR('',#4104,1.0);
#4102=VECTOR('',#4105,1.0);
#4103=DIRECTION('',(-0.7899692799015615,0.6131464236312631,0));
#4104=DIRECTION('',(0.9334924465406059,0.35859706113078216,0));
#4105=DIRECTION('',(0.4921315611753302,-0.870520836336002,0));
#4106=FACE_SURFACE('',(#4111),#4107,.T.);
#4107=PLANE('',#4108);
#4108=AXIS2_PLACEMENT_3D('',#174,#4109,#4110);
#4109=DIRECTION('',(0,0,-1));
#4110=DIRECTION('',(-0.4921315611753302,0.870520836336002,0));
#4111=FACE_BOUND('',#4112,.T.);
#4112=EDGE_LOOP('',(#4113,#4114,#4115));
#4113=ORIENTED_EDGE('',*,*,#4116,.T.);
#4114=ORIENTED_EDGE('',*,*,#4117,.T.);
#4115=ORIENTED_EDGE('',*,*,#4118,.T.);
#4116=EDGE_CURVE('',#175,#329,#4119,.F.);
#4117=EDGE_CURVE('',#329,#319,#4120,.T.);
#4118=EDGE_CURVE('',#319,#175,#4121,.T.);
#4119=LINE('',#174,#4122);
#4120=LINE('',#328,#4123);
#4121=LINE('',#318,#4124);
#4122=VECTOR('',#4125,1.0);
#4123=VECTOR('',#4126,1.0);
#4124=VECTOR('',#4127,1.0);
#4125=DIRECTION('',(-0.4921315611753302,0.870520836336002,0));
#4126=DIRECTION('',(0,1,0));
#4127=DIRECTION('',(0.16724998740996325,-0.9859145204891585,0));
#4128=FACE_SURFACE('',(#4133),#4129,.T.);
#4129=PLANE('',#4130);
#4130=AXIS2_PLACEMENT_3D('',#338,#4131,#4132);
#4131=DIRECTION('',(0,0,-1));
#4132=DIRECTION('',(-0.23953594122384256,-0.9708874975310001,0));
#4133=FACE_BOUND('',#4134,.T.);
#4134=EDGE_LOOP('',(#4135,#4136,#4137));
#4135=ORIENTED_EDGE('',*,*,#4138,.T.);
#4136=ORIENTED_EDGE('',*,*,#4139,.T.);
#4137=ORIENTED_EDGE('',*,*,#4140,.T.);
#4138=EDGE_CURVE('',#339,#175,#4141,.F.);
#4139=EDGE_CURVE('',#175,#319,#4142,.T.);
#4140=EDGE_CURVE('',#319,#339,#4143,.T.);
#4141=LINE('',#338,#4144);
#4142=LINE('',#174,#4145);
#4143=LINE('',#318,#4146);
#4144=VECTOR('',#4147,1.0);
#4145=VECTOR('',#4148,1.0);
#4146=VECTOR('',#4149,1.0);
#4147=DIRECTION('',(-0.23953594122384256,-0.9708874975310001,0));
#4148=DIRECTION('',(-0.16724998740996325,0.9859145204891585,0));
#4149=DIRECTION('',(0.9820288180661276,0.18873102682824672,0));
#4150=FACE_SURFACE('',(#4155),#4151,.T.);
#4151=PLANE('',#4152);
#4152=AXIS2_PLACEMENT_3D('',#338,#4153,#4154);
#4153=DIRECTION('',(0,0,-1));
#4154=DIRECTION('',(-0.9820288180661276,-0.18873102682824672,0));
#4155=FACE_BOUND('',#4156,.T.);
#4156=EDGE_LOOP('',(#4157,#4158,#4159));
#4157=ORIENTED_EDGE('',*,*,#4160,.T.);
#4158=ORIENTED_EDGE('',*,*,#4161,.T.);
#4159=ORIENTED_EDGE('',*,*,#4162,.T.);
#4160=EDGE_CURVE('',#339,#319,#4163,.F.);
#4161=EDGE_CURVE('',#319,#323,#4164,.T.);
#4162=EDGE_CURVE('',#323,#339,#4165,.T.);
#4163=LINE('',#338,#4166);
#4164=LINE('',#318,#4167);
#4165=LINE('',#322,#4168);
#4166=VECTOR('',#4169,1.0);
#4167=VECTOR('',#4170,1.0);
#4168=VECTOR('',#4171,1.0);
#4169=DIRECTION('',(-0.9820288180661276,-0.18873102682824672,0));
#4170=DIRECTION('',(-0.940783172379794,0.33900888272582264,0));
#4171=DIRECTION('',(0.998520957790905,0.054368160280939944,0));
#4172=FACE_SURFACE('',(#4177),#4173,.T.);
#4173=PLANE('',#4174);
#4174=AXIS2_PLACEMENT_3D('',#338,#4175,#4176);
#4175=DIRECTION('',(-0,0,-1));
#4176=DIRECTION('',(-0.998520957790905,-0.054368160280939944,0));
#4177=FACE_BOUND('',#4178,.T.);
#4178=EDGE_LOOP('',(#4179,#4180,#4181));
#4179=ORIENTED_EDGE('',*,*,#4182,.T.);
#4180=ORIENTED_EDGE('',*,*,#4183,.T.);
#4181=ORIENTED_EDGE('',*,*,#4184,.T.);
#4182=EDGE_CURVE('',#339,#323,#4185,.F.);
#4183=EDGE_CURVE('',#323,#265,#4186,.T.);
#4184=EDGE_CURVE('',#265,#339,#4187,.T.);
#4185=LINE('',#338,#4188);
#4186=LINE('',#322,#4189);
#4187=LINE('',#264,#4190);
#4188=VECTOR('',#4191,1.0);
#4189=VECTOR('',#4192,1.0);
#4190=VECTOR('',#4193,1.0);
#4191=DIRECTION('',(-0.998520957790905,-0.054368160280939944,0));
#4192=DIRECTION('',(-0.9964264673949043,0.08446475640710559,0));
#4193=DIRECTION('',(1,0,0));
#4194=FACE_SURFACE('',(#4199),#4195,.T.);
#4195=PLANE('',#4196);
#4196=AXIS2_PLACEMENT_3D('',#204,#4197,#4198);
#4197=DIRECTION('',(0,0,-1));
#4198=DIRECTION('',(-0.1958248788135502,-0.9806388819732055,0));
#4199=FACE_BOUND('',#4200,.T.);
#4200=EDGE_LOOP('',(#4201,#4202,#4203));
#4201=ORIENTED_EDGE('',*,*,#4204,.T.);
#4202=ORIENTED_EDGE('',*,*,#4205,.T.);
#4203=ORIENTED_EDGE('',*,*,#4206,.T.);
#4204=EDGE_CURVE('',#205,#203,#4207,.F.);
#4205=EDGE_CURVE('',#203,#183,#4208,.T.);
#4206=EDGE_CURVE('',#183,#205,#4209,.T.);
#4207=LINE('',#204,#4210);
#4208=LINE('',#202,#4211);
#4209=LINE('',#182,#4212);
#4210=VECTOR('',#4213,1.0);
#4211=VECTOR('',#4214,1.0);
#4212=VECTOR('',#4215,1.0);
#4213=DIRECTION('',(-0.1958248788135502,-0.9806388819732055,0));
#4214=DIRECTION('',(-1,0,0));
#4215=DIRECTION('',(0.6611299861482254,0.7502713785129,0));
#4216=FACE_SURFACE('',(#4221),#4217,.T.);
#4217=PLANE('',#4218);
#4218=AXIS2_PLACEMENT_3D('',#340,#4219,#4220);
#4219=DIRECTION('',(0,-0,-1));
#4220=DIRECTION('',(1,0,0));
#4221=FACE_BOUND('',#4222,.T.);
#4222=EDGE_LOOP('',(#4223,#4224,#4225));
#4223=ORIENTED_EDGE('',*,*,#4226,.T.);
#4224=ORIENTED_EDGE('',*,*,#4227,.T.);
#4225=ORIENTED_EDGE('',*,*,#4228,.T.);
#4226=EDGE_CURVE('',#341,#205,#4229,.F.);
#4227=EDGE_CURVE('',#205,#183,#4230,.T.);
#4228=EDGE_CURVE('',#183,#341,#4231,.T.);
#4229=LINE('',#340,#4232);
#4230=LINE('',#204,#4233);
#4231=LINE('',#182,#4234);
#4232=VECTOR('',#4235,1.0);
#4233=VECTOR('',#4236,1.0);
#4234=VECTOR('',#4237,1.0);
#4235=DIRECTION('',(1,0,0));
#4236=DIRECTION('',(-0.6611299861482254,-0.7502713785129,0));
#4237=DIRECTION('',(0.19582630352435837,0.9806385974700291,0));
#4238=FACE_SURFACE('',(#4243),#4239,.T.);
#4239=PLANE('',#4240);
#4240=AXIS2_PLACEMENT_3D('',#340,#4241,#4242);
#4241=DIRECTION('',(0,0,-1));
#4242=DIRECTION('',(-0.19582630352435837,-0.9806385974700291,0));
#4243=FACE_BOUND('',#4244,.T.);
#4244=EDGE_LOOP('',(#4245,#4246,#4247));
#4245=ORIENTED_EDGE('',*,*,#4248,.T.);
#4246=ORIENTED_EDGE('',*,*,#4249,.T.);
#4247=ORIENTED_EDGE('',*,*,#4250,.T.);
#4248=EDGE_CURVE('',#341,#183,#4251,.F.);
#4249=EDGE_CURVE('',#183,#181,#4252,.T.);
#4250=EDGE_CURVE('',#181,#341,#4253,.T.);
#4251=LINE('',#340,#4254);
#4252=LINE('',#182,#4255);
#4253=LINE('',#180,#4256);
#4254=VECTOR('',#4257,1.0);
#4255=VECTOR('',#4258,1.0);
#4256=VECTOR('',#4259,1.0);
#4257=DIRECTION('',(-0.19582630352435837,-0.9806385974700291,0));
#4258=DIRECTION('',(-1,0,0));
#4259=DIRECTION('',(0.7681417077642873,0.6402798737997036,0));
#4260=FACE_SURFACE('',(#4265),#4261,.T.);
#4261=PLANE('',#4262);
#4262=AXIS2_PLACEMENT_3D('',#96,#4263,#4264);
#4263=DIRECTION('',(0,0,-1));
#4264=DIRECTION('',(1,0,0));
#4265=FACE_BOUND('',#4266,.T.);
#4266=EDGE_LOOP('',(#4267,#4268,#4269));
#4267=ORIENTED_EDGE('',*,*,#4270,.T.);
#4268=ORIENTED_EDGE('',*,*,#4271,.T.);
#4269=ORIENTED_EDGE('',*,*,#4272,.T.);
#4270=EDGE_CURVE('',#97,#341,#4273,.F.);
#4271=EDGE_CURVE('',#341,#181,#4274,.T.);
#4272=EDGE_CURVE('',#181,#97,#4275,.T.);
#4273=LINE('',#96,#4276);
#4274=LINE('',#340,#4277);
#4275=LINE('',#180,#4278);
#4276=VECTOR('',#4279,1.0);
#4277=VECTOR('',#4280,1.0);
#4278=VECTOR('',#4281,1.0);
#4279=DIRECTION('',(1,0,0));
#4280=DIRECTION('',(-0.7681417077642873,-0.6402798737997036,0));
#4281=DIRECTION('',(-0.6652810946415779,0.7465929715129281,0));
#4282=FACE_SURFACE('',(#4287),#4283,.T.);
#4283=PLANE('',#4284);
#4284=AXIS2_PLACEMENT_3D('',#96,#4285,#4286);
#4285=DIRECTION('',(0,-0,-1));
#4286=DIRECTION('',(0.6652810946415779,-0.7465929715129281,0));
#4287=FACE_BOUND('',#4288,.T.);
#4288=EDGE_LOOP('',(#4289,#4290,#4291));
#4289=ORIENTED_EDGE('',*,*,#4292,.T.);
#4290=ORIENTED_EDGE('',*,*,#4293,.T.);
#4291=ORIENTED_EDGE('',*,*,#4294,.T.);
#4292=EDGE_CURVE('',#97,#181,#4295,.F.);
#4293=EDGE_CURVE('',#181,#339,#4296,.T.);
#4294=EDGE_CURVE('',#339,#97,#4297,.T.);
#4295=LINE('',#96,#4298);
#4296=LINE('',#180,#4299);
#4297=LINE('',#338,#4300);
#4298=VECTOR('',#4301,1.0);
#4299=VECTOR('',#4302,1.0);
#4300=VECTOR('',#4303,1.0);
#4301=DIRECTION('',(0.6652810946415779,-0.7465929715129281,0));
#4302=DIRECTION('',(-1,0,0));
#4303=DIRECTION('',(0.8829957446848148,0.4693809911665676,0));
#4304=FACE_SURFACE('',(#4309),#4305,.T.);
#4305=PLANE('',#4306);
#4306=AXIS2_PLACEMENT_3D('',#98,#4307,#4308);
#4307=DIRECTION('',(0,-0,-1));
#4308=DIRECTION('',(1,0,0));
#4309=FACE_BOUND('',#4310,.T.);
#4310=EDGE_LOOP('',(#4311,#4312,#4313));
#4311=ORIENTED_EDGE('',*,*,#4314,.T.);
#4312=ORIENTED_EDGE('',*,*,#4315,.T.);
#4313=ORIENTED_EDGE('',*,*,#4316,.T.);
#4314=EDGE_CURVE('',#99,#97,#4317,.F.);
#4315=EDGE_CURVE('',#97,#339,#4318,.T.);
#4316=EDGE_CURVE('',#339,#99,#4319,.T.);
#4317=LINE('',#98,#4320);
#4318=LINE('',#96,#4321);
#4319=LINE('',#338,#4322);
#4320=VECTOR('',#4323,1.0);
#4321=VECTOR('',#4324,1.0);
#4322=VECTOR('',#4325,1.0);
#4323=DIRECTION('',(1,0,0));
#4324=DIRECTION('',(-0.8829957446848148,-0.4693809911665676,0));
#4325=DIRECTION('',(0.6611319002917969,0.7502696917885977,0));
#4326=FACE_SURFACE('',(#4331),#4327,.T.);
#4327=PLANE('',#4328);
#4328=AXIS2_PLACEMENT_3D('',#98,#4329,#4330);
#4329=DIRECTION('',(0,0,-1));
#4330=DIRECTION('',(-0.6611319002917969,-0.7502696917885977,0));
#4331=FACE_BOUND('',#4332,.T.);
#4332=EDGE_LOOP('',(#4333,#4334,#4335));
#4333=ORIENTED_EDGE('',*,*,#4336,.T.);
#4334=ORIENTED_EDGE('',*,*,#4337,.T.);
#4335=ORIENTED_EDGE('',*,*,#4338,.T.);
#4336=EDGE_CURVE('',#99,#339,#4339,.F.);
#4337=EDGE_CURVE('',#339,#265,#4340,.T.);
#4338=EDGE_CURVE('',#265,#99,#4341,.T.);
#4339=LINE('',#98,#4342);
#4340=LINE('',#338,#4343);
#4341=LINE('',#264,#4344);
#4342=VECTOR('',#4345,1.0);
#4343=VECTOR('',#4346,1.0);
#4344=VECTOR('',#4347,1.0);
#4345=DIRECTION('',(-0.6611319002917969,-0.7502696917885977,0));
#4346=DIRECTION('',(-1,0,0));
#4347=DIRECTION('',(0.9729142261067745,0.2311664089764254,0));
#4348=FACE_SURFACE('',(#4353),#4349,.T.);
#4349=PLANE('',#4350);
#4350=AXIS2_PLACEMENT_3D('',#342,#4351,#4352);
#4351=DIRECTION('',(0,-0,-1));
#4352=DIRECTION('',(1,0,0));
#4353=FACE_BOUND('',#4354,.T.);
#4354=EDGE_LOOP('',(#4355,#4356,#4357));
#4355=ORIENTED_EDGE('',*,*,#4358,.T.);
#4356=ORIENTED_EDGE('',*,*,#4359,.T.);
#4357=ORIENTED_EDGE('',*,*,#4360,.T.);
#4358=EDGE_CURVE('',#343,#99,#4361,.F.);
#4359=EDGE_CURVE('',#99,#265,#4362,.T.);
#4360=EDGE_CURVE('',#265,#343,#4363,.T.);
#4361=LINE('',#342,#4364);
#4362=LINE('',#98,#4365);
#4363=LINE('',#264,#4366);
#4364=VECTOR('',#4367,1.0);
#4365=VECTOR('',#4368,1.0);
#4366=VECTOR('',#4369,1.0);
#4367=DIRECTION('',(1,0,0));
#4368=DIRECTION('',(-0.9729142261067745,-0.2311664089764254,0));
#4369=DIRECTION('',(0.9620823453574232,0.27275916254373517,0));
#4370=FACE_SURFACE('',(#4375),#4371,.T.);
#4371=PLANE('',#4372);
#4372=AXIS2_PLACEMENT_3D('',#342,#4373,#4374);
#4373=DIRECTION('',(0,0,-1));
#4374=DIRECTION('',(-0.9620823453574232,-0.27275916254373517,0));
#4375=FACE_BOUND('',#4376,.T.);
#4376=EDGE_LOOP('',(#4377,#4378,#4379));
#4377=ORIENTED_EDGE('',*,*,#4380,.T.);
#4378=ORIENTED_EDGE('',*,*,#4381,.T.);
#4379=ORIENTED_EDGE('',*,*,#4382,.T.);
#4380=EDGE_CURVE('',#343,#265,#4383,.F.);
#4381=EDGE_CURVE('',#265,#267,#4384,.T.);
#4382=EDGE_CURVE('',#267,#343,#4385,.T.);
#4383=LINE('',#342,#4386);
#4384=LINE('',#264,#4387);
#4385=LINE('',#266,#4388);
#4386=VECTOR('',#4389,1.0);
#4387=VECTOR('',#4390,1.0);
#4388=VECTOR('',#4391,1.0);
#4389=DIRECTION('',(-0.9620823453574232,-0.27275916254373517,0));
#4390=DIRECTION('',(-1,0,0));
#4391=DIRECTION('',(0.9876336238897461,0.1567795425507026,0));
#4392=FACE_SURFACE('',(#4397),#4393,.T.);
#4393=PLANE('',#4394);
#4394=AXIS2_PLACEMENT_3D('',#60,#4395,#4396);
#4395=DIRECTION('',(0,-0,-1));
#4396=DIRECTION('',(1,0,0));
#4397=FACE_BOUND('',#4398,.T.);
#4398=EDGE_LOOP('',(#4399,#4400,#4401));
#4399=ORIENTED_EDGE('',*,*,#4402,.T.);
#4400=ORIENTED_EDGE('',*,*,#4403,.T.);
#4401=ORIENTED_EDGE('',*,*,#4404,.T.);
#4402=EDGE_CURVE('',#61,#343,#4405,.F.);
#4403=EDGE_CURVE('',#343,#267,#4406,.T.);
#4404=EDGE_CURVE('',#267,#61,#4407,.T.);
#4405=LINE('',#60,#4408);
#4406=LINE('',#342,#4409);
#4407=LINE('',#266,#4410);
#4408=VECTOR('',#4411,1.0);
#4409=VECTOR('',#4412,1.0);
#4410=VECTOR('',#4413,1.0);
#4411=DIRECTION('',(1,0,0));
#4412=DIRECTION('',(-0.9876336238897461,-0.1567795425507026,0));
#4413=DIRECTION('',(0.9729141887813978,0.23116656606835373,0));
#4414=FACE_SURFACE('',(#4419),#4415,.T.);
#4415=PLANE('',#4416);
#4416=AXIS2_PLACEMENT_3D('',#60,#4417,#4418);
#4417=DIRECTION('',(0,0,-1));
#4418=DIRECTION('',(-0.9729141887813978,-0.23116656606835373,0));
#4419=FACE_BOUND('',#4420,.T.);
#4420=EDGE_LOOP('',(#4421,#4422,#4423));
#4421=ORIENTED_EDGE('',*,*,#4424,.T.);
#4422=ORIENTED_EDGE('',*,*,#4425,.T.);
#4423=ORIENTED_EDGE('',*,*,#4426,.T.);
#4424=EDGE_CURVE('',#61,#267,#4427,.F.);
#4425=EDGE_CURVE('',#267,#279,#4428,.T.);
#4426=EDGE_CURVE('',#279,#61,#4429,.T.);
#4427=LINE('',#60,#4430);
#4428=LINE('',#266,#4431);
#4429=LINE('',#278,#4432);
#4430=VECTOR('',#4433,1.0);
#4431=VECTOR('',#4434,1.0);
#4432=VECTOR('',#4435,1.0);
#4433=DIRECTION('',(-0.9729141887813978,-0.23116656606835373,0));
#4434=DIRECTION('',(-0.9963770246839594,-0.08504601508560343,0));
#4435=DIRECTION('',(0.9802336526590454,0.19784333750396055,0));
#4436=FACE_SURFACE('',(#4441),#4437,.T.);
#4437=PLANE('',#4438);
#4438=AXIS2_PLACEMENT_3D('',#62,#4439,#4440);
#4439=DIRECTION('',(0,-0,-1));
#4440=DIRECTION('',(1,0,0));
#4441=FACE_BOUND('',#4442,.T.);
#4442=EDGE_LOOP('',(#4443,#4444,#4445));
#4443=ORIENTED_EDGE('',*,*,#4446,.T.);
#4444=ORIENTED_EDGE('',*,*,#4447,.T.);
#4445=ORIENTED_EDGE('',*,*,#4448,.T.);
#4446=EDGE_CURVE('',#63,#61,#4449,.F.);
#4447=EDGE_CURVE('',#61,#279,#4450,.T.);
#4448=EDGE_CURVE('',#279,#63,#4451,.T.);
#4449=LINE('',#62,#4452);
#4450=LINE('',#60,#4453);
#4451=LINE('',#278,#4454);
#4452=VECTOR('',#4455,1.0);
#4453=VECTOR('',#4456,1.0);
#4454=VECTOR('',#4457,1.0);
#4455=DIRECTION('',(1,0,0));
#4456=DIRECTION('',(-0.9802336526590454,-0.19784333750396055,0));
#4457=DIRECTION('',(0.9412439310710917,0.3377274969880865,0));
#4458=FACE_SURFACE('',(#4463),#4459,.T.);
#4459=PLANE('',#4460);
#4460=AXIS2_PLACEMENT_3D('',#344,#4461,#4462);
#4461=DIRECTION('',(0,-0,-1));
#4462=DIRECTION('',(1,0,0));
#4463=FACE_BOUND('',#4464,.T.);
#4464=EDGE_LOOP('',(#4465,#4466,#4467));
#4465=ORIENTED_EDGE('',*,*,#4468,.T.);
#4466=ORIENTED_EDGE('',*,*,#4469,.T.);
#4467=ORIENTED_EDGE('',*,*,#4470,.T.);
#4468=EDGE_CURVE('',#345,#63,#4471,.F.);
#4469=EDGE_CURVE('',#63,#279,#4472,.T.);
#4470=EDGE_CURVE('',#279,#345,#4473,.T.);
#4471=LINE('',#344,#4474);
#4472=LINE('',#62,#4475);
#4473=LINE('',#278,#4476);
#4474=VECTOR('',#4477,1.0);
#4475=VECTOR('',#4478,1.0);
#4476=VECTOR('',#4479,1.0);
#4477=DIRECTION('',(1,0,0));
#4478=DIRECTION('',(-0.9412439310710917,-0.3377274969880865,0));
#4479=DIRECTION('',(0.9084390377380177,0.4180173617370749,0));
#4480=FACE_SURFACE('',(#4485),#4481,.T.);
#4481=PLANE('',#4482);
#4482=AXIS2_PLACEMENT_3D('',#346,#4483,#4484);
#4483=DIRECTION('',(0,-0,-1));
#4484=DIRECTION('',(1,0,0));
#4485=FACE_BOUND('',#4486,.T.);
#4486=EDGE_LOOP('',(#4487,#4488,#4489));
#4487=ORIENTED_EDGE('',*,*,#4490,.T.);
#4488=ORIENTED_EDGE('',*,*,#4491,.T.);
#4489=ORIENTED_EDGE('',*,*,#4492,.T.);
#4490=EDGE_CURVE('',#347,#345,#4493,.F.);
#4491=EDGE_CURVE('',#345,#279,#4494,.T.);
#4492=EDGE_CURVE('',#279,#347,#4495,.T.);
#4493=LINE('',#346,#4496);
#4494=LINE('',#344,#4497);
#4495=LINE('',#278,#4498);
#4496=VECTOR('',#4499,1.0);
#4497=VECTOR('',#4500,1.0);
#4498=VECTOR('',#4501,1.0);
#4499=DIRECTION('',(1,0,0));
#4500=DIRECTION('',(-0.9084390377380177,-0.4180173617370749,0));
#4501=DIRECTION('',(0.2786634113971867,0.96038882914603,0));
#4502=FACE_SURFACE('',(#4507),#4503,.T.);
#4503=PLANE('',#4504);
#4504=AXIS2_PLACEMENT_3D('',#346,#4505,#4506);
#4505=DIRECTION('',(0,0,-1));
#4506=DIRECTION('',(-0.2786634113971867,-0.96038882914603,0));
#4507=FACE_BOUND('',#4508,.T.);
#4508=EDGE_LOOP('',(#4509,#4510,#4511));
#4509=ORIENTED_EDGE('',*,*,#4512,.T.);
#4510=ORIENTED_EDGE('',*,*,#4513,.T.);
#4511=ORIENTED_EDGE('',*,*,#4514,.T.);
#4512=EDGE_CURVE('',#347,#279,#4515,.F.);
#4513=EDGE_CURVE('',#279,#283,#4516,.T.);
#4514=EDGE_CURVE('',#283,#347,#4517,.T.);
#4515=LINE('',#346,#4518);
#4516=LINE('',#278,#4519);
#4517=LINE('',#282,#4520);
#4518=VECTOR('',#4521,1.0);
#4519=VECTOR('',#4522,1.0);
#4520=VECTOR('',#4523,1.0);
#4521=DIRECTION('',(-0.2786634113971867,-0.96038882914603,0));
#4522=DIRECTION('',(-0.9407281547451743,-0.33916152327429366,0));
#4523=DIRECTION('',(0.5390052995020207,0.8423023727312757,0));
#4524=FACE_SURFACE('',(#4529),#4525,.T.);
#4525=PLANE('',#4526);
#4526=AXIS2_PLACEMENT_3D('',#348,#4527,#4528);
#4527=DIRECTION('',(0,-0,-1));
#4528=DIRECTION('',(0,-1,0));
#4529=FACE_BOUND('',#4530,.T.);
#4530=EDGE_LOOP('',(#4531,#4532,#4533));
#4531=ORIENTED_EDGE('',*,*,#4534,.T.);
#4532=ORIENTED_EDGE('',*,*,#4535,.T.);
#4533=ORIENTED_EDGE('',*,*,#4536,.T.);
#4534=EDGE_CURVE('',#349,#347,#4537,.F.);
#4535=EDGE_CURVE('',#347,#283,#4538,.T.);
#4536=EDGE_CURVE('',#283,#349,#4539,.T.);
#4537=LINE('',#348,#4540);
#4538=LINE('',#346,#4541);
#4539=LINE('',#282,#4542);
#4540=VECTOR('',#4543,1.0);
#4541=VECTOR('',#4544,1.0);
#4542=VECTOR('',#4545,1.0);
#4543=DIRECTION('',(0,-1,0));
#4544=DIRECTION('',(-0.5390052995020207,-0.8423023727312757,0));
#4545=DIRECTION('',(0.19937415017076182,0.9799234399909447,0));
#4546=FACE_SURFACE('',(#4551),#4547,.T.);
#4547=PLANE('',#4548);
#4548=AXIS2_PLACEMENT_3D('',#298,#4549,#4550);
#4549=DIRECTION('',(0,-0,-1));
#4550=DIRECTION('',(0.6823178065436483,-0.7310556824712222,0));
#4551=FACE_BOUND('',#4552,.T.);
#4552=EDGE_LOOP('',(#4553,#4554,#4555));
#4553=ORIENTED_EDGE('',*,*,#4556,.T.);
#4554=ORIENTED_EDGE('',*,*,#4557,.T.);
#4555=ORIENTED_EDGE('',*,*,#4558,.T.);
#4556=EDGE_CURVE('',#299,#67,#4559,.F.);
#4557=EDGE_CURVE('',#67,#351,#4560,.T.);
#4558=EDGE_CURVE('',#351,#299,#4561,.T.);
#4559=LINE('',#298,#4562);
#4560=LINE('',#66,#4563);
#4561=LINE('',#350,#4564);
#4562=VECTOR('',#4565,1.0);
#4563=VECTOR('',#4566,1.0);
#4564=VECTOR('',#4567,1.0);
#4565=DIRECTION('',(0.6823178065436483,-0.7310556824712222,0));
#4566=DIRECTION('',(-1,0,0));
#4567=DIRECTION('',(1.0172524748157992E-06,0.9999999999994826,0));
#4568=FACE_SURFACE('',(#4573),#4569,.T.);
#4569=PLANE('',#4570);
#4570=AXIS2_PLACEMENT_3D('',#134,#4571,#4572);
#4571=DIRECTION('',(0,0,-1));
#4572=DIRECTION('',(0.15657565795334752,0.98766596748925,0));
#4573=FACE_BOUND('',#4574,.T.);
#4574=EDGE_LOOP('',(#4575,#4576,#4577));
#4575=ORIENTED_EDGE('',*,*,#4578,.T.);
#4576=ORIENTED_EDGE('',*,*,#4579,.T.);
#4577=ORIENTED_EDGE('',*,*,#4580,.T.);
#4578=EDGE_CURVE('',#135,#299,#4581,.F.);
#4579=EDGE_CURVE('',#299,#351,#4582,.T.);
#4580=EDGE_CURVE('',#351,#135,#4583,.T.);
#4581=LINE('',#134,#4584);
#4582=LINE('',#298,#4585);
#4583=LINE('',#350,#4586);
#4584=VECTOR('',#4587,1.0);
#4585=VECTOR('',#4588,1.0);
#4586=VECTOR('',#4589,1.0);
#4587=DIRECTION('',(0.15657565795334752,0.98766596748925,0));
#4588=DIRECTION('',(-1.0172524748157992E-06,-0.9999999999994826,0));
#4589=DIRECTION('',(-0.17921038280519488,-0.9838107738253407,0));
#4590=FACE_SURFACE('',(#4595),#4591,.T.);
#4591=PLANE('',#4592);
#4592=AXIS2_PLACEMENT_3D('',#348,#4593,#4594);
#4593=DIRECTION('',(0,0,-1));
#4594=DIRECTION('',(-0.19937415017076182,-0.9799234399909447,0));
#4595=FACE_BOUND('',#4596,.T.);
#4596=EDGE_LOOP('',(#4597,#4598,#4599));
#4597=ORIENTED_EDGE('',*,*,#4600,.T.);
#4598=ORIENTED_EDGE('',*,*,#4601,.T.);
#4599=ORIENTED_EDGE('',*,*,#4602,.T.);
#4600=EDGE_CURVE('',#349,#283,#4603,.F.);
#4601=EDGE_CURVE('',#283,#135,#4604,.T.);
#4602=EDGE_CURVE('',#135,#349,#4605,.T.);
#4603=LINE('',#348,#4606);
#4604=LINE('',#282,#4607);
#4605=LINE('',#134,#4608);
#4606=VECTOR('',#4609,1.0);
#4607=VECTOR('',#4610,1.0);
#4608=VECTOR('',#4611,1.0);
#4609=DIRECTION('',(-0.19937415017076182,-0.9799234399909447,0));
#4610=DIRECTION('',(-0.4513823376439825,-0.8923306479456221,0));
#4611=DIRECTION('',(0.3766546519043175,0.9263537516515153,0));
#4612=FACE_SURFACE('',(#4617),#4613,.T.);
#4613=PLANE('',#4614);
#4614=AXIS2_PLACEMENT_3D('',#134,#4615,#4616);
#4615=DIRECTION('',(0,0,-1));
#4616=DIRECTION('',(0.17921038280519488,0.9838107738253407,0));
#4617=FACE_BOUND('',#4618,.T.);
#4618=EDGE_LOOP('',(#4619,#4620,#4621));
#4619=ORIENTED_EDGE('',*,*,#4622,.T.);
#4620=ORIENTED_EDGE('',*,*,#4623,.T.);
#4621=ORIENTED_EDGE('',*,*,#4624,.T.);
#4622=EDGE_CURVE('',#135,#351,#4625,.F.);
#4623=EDGE_CURVE('',#351,#353,#4626,.T.);
#4624=EDGE_CURVE('',#353,#135,#4627,.T.);
#4625=LINE('',#134,#4628);
#4626=LINE('',#350,#4629);
#4627=LINE('',#352,#4630);
#4628=VECTOR('',#4631,1.0);
#4629=VECTOR('',#4632,1.0);
#4630=VECTOR('',#4633,1.0);
#4631=DIRECTION('',(0.17921038280519488,0.9838107738253407,0));
#4632=DIRECTION('',(0,-1,0));
#4633=DIRECTION('',(-0.20701098601461246,-0.9783386181017583,0));
#4634=FACE_SURFACE('',(#4639),#4635,.T.);
#4635=PLANE('',#4636);
#4636=AXIS2_PLACEMENT_3D('',#88,#4637,#4638);
#4637=DIRECTION('',(0,0,-1));
#4638=DIRECTION('',(-0.0887536124432052,-0.9960536111466497,0));
#4639=FACE_BOUND('',#4640,.T.);
#4640=EDGE_LOOP('',(#4641,#4642,#4643));
#4641=ORIENTED_EDGE('',*,*,#4644,.T.);
#4642=ORIENTED_EDGE('',*,*,#4645,.T.);
#4643=ORIENTED_EDGE('',*,*,#4646,.T.);
#4644=EDGE_CURVE('',#89,#87,#4647,.F.);
#4645=EDGE_CURVE('',#87,#59,#4648,.T.);
#4646=EDGE_CURVE('',#59,#89,#4649,.T.);
#4647=LINE('',#88,#4650);
#4648=LINE('',#86,#4651);
#4649=LINE('',#58,#4652);
#4650=VECTOR('',#4653,1.0);
#4651=VECTOR('',#4654,1.0);
#4652=VECTOR('',#4655,1.0);
#4653=DIRECTION('',(-0.0887536124432052,-0.9960536111466497,0));
#4654=DIRECTION('',(-1,0,0));
#4655=DIRECTION('',(0.9440109757072951,0.3299140459940446,0));
#4656=FACE_SURFACE('',(#4661),#4657,.T.);
#4657=PLANE('',#4658);
#4658=AXIS2_PLACEMENT_3D('',#232,#4659,#4660);
#4659=DIRECTION('',(0,0,-1));
#4660=DIRECTION('',(1,0,0));
#4661=FACE_BOUND('',#4662,.T.);
#4662=EDGE_LOOP('',(#4663,#4664,#4665));
#4663=ORIENTED_EDGE('',*,*,#4666,.T.);
#4664=ORIENTED_EDGE('',*,*,#4667,.T.);
#4665=ORIENTED_EDGE('',*,*,#4668,.T.);
#4666=EDGE_CURVE('',#233,#237,#4669,.F.);
#4667=EDGE_CURVE('',#237,#89,#4670,.T.);
#4668=EDGE_CURVE('',#89,#233,#4671,.T.);
#4669=LINE('',#232,#4672);
#4670=LINE('',#236,#4673);
#4671=LINE('',#88,#4674);
#4672=VECTOR('',#4675,1.0);
#4673=VECTOR('',#4676,1.0);
#4674=VECTOR('',#4677,1.0);
#4675=DIRECTION('',(1,0,0));
#4676=DIRECTION('',(0,-1,0));
#4677=DIRECTION('',(-0.33931305203626777,0.9406735101605833,0));
#4678=FACE_SURFACE('',(#4683),#4679,.T.);
#4679=PLANE('',#4680);
#4680=AXIS2_PLACEMENT_3D('',#354,#4681,#4682);
#4681=DIRECTION('',(0,0,-1));
#4682=DIRECTION('',(0,1,0));
#4683=FACE_BOUND('',#4684,.T.);
#4684=EDGE_LOOP('',(#4685,#4686,#4687));
#4685=ORIENTED_EDGE('',*,*,#4688,.T.);
#4686=ORIENTED_EDGE('',*,*,#4689,.T.);
#4687=ORIENTED_EDGE('',*,*,#4690,.T.);
#4688=EDGE_CURVE('',#355,#233,#4691,.F.);
#4689=EDGE_CURVE('',#233,#89,#4692,.T.);
#4690=EDGE_CURVE('',#89,#355,#4693,.T.);
#4691=LINE('',#354,#4694);
#4692=LINE('',#232,#4695);
#4693=LINE('',#88,#4696);
#4694=VECTOR('',#4697,1.0);
#4695=VECTOR('',#4698,1.0);
#4696=VECTOR('',#4699,1.0);
#4697=DIRECTION('',(0,1,0));
#4698=DIRECTION('',(0.33931305203626777,-0.9406735101605833,0));
#4699=DIRECTION('',(-0.4314752344189292,0.9021247818806056,0));
#4700=FACE_SURFACE('',(#4705),#4701,.T.);
#4701=PLANE('',#4702);
#4702=AXIS2_PLACEMENT_3D('',#88,#4703,#4704);
#4703=DIRECTION('',(0,0,-1));
#4704=DIRECTION('',(-0.9440109757072951,-0.3299140459940446,0));
#4705=FACE_BOUND('',#4706,.T.);
#4706=EDGE_LOOP('',(#4707,#4708,#4709));
#4707=ORIENTED_EDGE('',*,*,#4710,.T.);
#4708=ORIENTED_EDGE('',*,*,#4711,.T.);
#4709=ORIENTED_EDGE('',*,*,#4712,.T.);
#4710=EDGE_CURVE('',#89,#59,#4713,.F.);
#4711=EDGE_CURVE('',#59,#57,#4714,.T.);
#4712=EDGE_CURVE('',#57,#89,#4715,.T.);
#4713=LINE('',#88,#4716);
#4714=LINE('',#58,#4717);
#4715=LINE('',#56,#4718);
#4716=VECTOR('',#4719,1.0);
#4717=VECTOR('',#4720,1.0);
#4718=VECTOR('',#4721,1.0);
#4719=DIRECTION('',(-0.9440109757072951,-0.3299140459940446,0));
#4720=DIRECTION('',(-1,0,0));
#4721=DIRECTION('',(0.9824566071340697,0.18649132714046573,0));
#4722=FACE_SURFACE('',(#4727),#4723,.T.);
#4723=PLANE('',#4724);
#4724=AXIS2_PLACEMENT_3D('',#88,#4725,#4726);
#4725=DIRECTION('',(0,0,-1));
#4726=DIRECTION('',(-0.9824566071340697,-0.18649132714046573,0));
#4727=FACE_BOUND('',#4728,.T.);
#4728=EDGE_LOOP('',(#4729,#4730,#4731));
#4729=ORIENTED_EDGE('',*,*,#4732,.T.);
#4730=ORIENTED_EDGE('',*,*,#4733,.T.);
#4731=ORIENTED_EDGE('',*,*,#4734,.T.);
#4732=EDGE_CURVE('',#89,#57,#4735,.F.);
#4733=EDGE_CURVE('',#57,#349,#4736,.T.);
#4734=EDGE_CURVE('',#349,#89,#4737,.T.);
#4735=LINE('',#88,#4738);
#4736=LINE('',#56,#4739);
#4737=LINE('',#348,#4740);
#4738=VECTOR('',#4741,1.0);
#4739=VECTOR('',#4742,1.0);
#4740=VECTOR('',#4743,1.0);
#4741=DIRECTION('',(-0.9824566071340697,-0.18649132714046573,0));
#4742=DIRECTION('',(-1,0,0));
#4743=DIRECTION('',(0.9923543699689371,0.12342124777992633,0));
#4744=FACE_SURFACE('',(#4749),#4745,.T.);
#4745=PLANE('',#4746);
#4746=AXIS2_PLACEMENT_3D('',#356,#4747,#4748);
#4747=DIRECTION('',(0,0,-1));
#4748=DIRECTION('',(0,1,0));
#4749=FACE_BOUND('',#4750,.T.);
#4750=EDGE_LOOP('',(#4751,#4752,#4753));
#4751=ORIENTED_EDGE('',*,*,#4754,.T.);
#4752=ORIENTED_EDGE('',*,*,#4755,.T.);
#4753=ORIENTED_EDGE('',*,*,#4756,.T.);
#4754=EDGE_CURVE('',#357,#355,#4757,.F.);
#4755=EDGE_CURVE('',#355,#89,#4758,.T.);
#4756=EDGE_CURVE('',#89,#357,#4759,.T.);
#4757=LINE('',#356,#4760);
#4758=LINE('',#354,#4761);
#4759=LINE('',#88,#4762);
#4760=VECTOR('',#4763,1.0);
#4761=VECTOR('',#4764,1.0);
#4762=VECTOR('',#4765,1.0);
#4763=DIRECTION('',(0,1,0));
#4764=DIRECTION('',(0.4314752344189292,-0.9021247818806056,0));
#4765=DIRECTION('',(-1,0,0));
#4766=FACE_SURFACE('',(#4771),#4767,.T.);
#4767=PLANE('',#4768);
#4768=AXIS2_PLACEMENT_3D('',#356,#4769,#4770);
#4769=DIRECTION('',(0,-0,-1));
#4770=DIRECTION('',(1,0,0));
#4771=FACE_BOUND('',#4772,.T.);
#4772=EDGE_LOOP('',(#4773,#4774,#4775));
#4773=ORIENTED_EDGE('',*,*,#4776,.T.);
#4774=ORIENTED_EDGE('',*,*,#4777,.T.);
#4775=ORIENTED_EDGE('',*,*,#4778,.T.);
#4776=EDGE_CURVE('',#357,#89,#4779,.F.);
#4777=EDGE_CURVE('',#89,#349,#4780,.T.);
#4778=EDGE_CURVE('',#349,#357,#4781,.T.);
#4779=LINE('',#356,#4782);
#4780=LINE('',#88,#4783);
#4781=LINE('',#348,#4784);
#4782=VECTOR('',#4785,1.0);
#4783=VECTOR('',#4786,1.0);
#4784=VECTOR('',#4787,1.0);
#4785=DIRECTION('',(1,0,0));
#4786=DIRECTION('',(-0.9923543699689371,-0.12342124777992633,0));
#4787=DIRECTION('',(0.9900627704534105,0.1406261375495945,0));
#4788=FACE_SURFACE('',(#4793),#4789,.T.);
#4789=PLANE('',#4790);
#4790=AXIS2_PLACEMENT_3D('',#72,#4791,#4792);
#4791=DIRECTION('',(0,0,-1));
#4792=DIRECTION('',(1,0,0));
#4793=FACE_BOUND('',#4794,.T.);
#4794=EDGE_LOOP('',(#4795,#4796,#4797));
#4795=ORIENTED_EDGE('',*,*,#4798,.T.);
#4796=ORIENTED_EDGE('',*,*,#4799,.T.);
#4797=ORIENTED_EDGE('',*,*,#4800,.T.);
#4798=EDGE_CURVE('',#73,#71,#4801,.F.);
#4799=EDGE_CURVE('',#71,#229,#4802,.T.);
#4800=EDGE_CURVE('',#229,#73,#4803,.T.);
#4801=LINE('',#72,#4804);
#4802=LINE('',#70,#4805);
#4803=LINE('',#228,#4806);
#4804=VECTOR('',#4807,1.0);
#4805=VECTOR('',#4808,1.0);
#4806=VECTOR('',#4809,1.0);
#4807=DIRECTION('',(1,0,0));
#4808=DIRECTION('',(-0.07974062838310708,-0.9968156460374542,0));
#4809=DIRECTION('',(-0.6770599600862365,0.7359278568229525,0));
#4810=FACE_SURFACE('',(#4815),#4811,.T.);
#4811=PLANE('',#4812);
#4812=AXIS2_PLACEMENT_3D('',#72,#4813,#4814);
#4813=DIRECTION('',(0,-0,-1));
#4814=DIRECTION('',(0.6770599600862365,-0.7359278568229525,0));
#4815=FACE_BOUND('',#4816,.T.);
#4816=EDGE_LOOP('',(#4817,#4818,#4819));
#4817=ORIENTED_EDGE('',*,*,#4820,.T.);
#4818=ORIENTED_EDGE('',*,*,#4821,.T.);
#4819=ORIENTED_EDGE('',*,*,#4822,.T.);
#4820=EDGE_CURVE('',#73,#229,#4823,.F.);
#4821=EDGE_CURVE('',#229,#359,#4824,.T.);
#4822=EDGE_CURVE('',#359,#73,#4825,.T.);
#4823=LINE('',#72,#4826);
#4824=LINE('',#228,#4827);
#4825=LINE('',#358,#4828);
#4826=VECTOR('',#4829,1.0);
#4827=VECTOR('',#4830,1.0);
#4828=VECTOR('',#4831,1.0);
#4829=DIRECTION('',(0.6770599600862365,-0.7359278568229525,0));
#4830=DIRECTION('',(-1,0,0));
#4831=DIRECTION('',(0.8799498713131059,0.47506654689216793,0));
#4832=FACE_SURFACE('',(#4837),#4833,.T.);
#4833=PLANE('',#4834);
#4834=AXIS2_PLACEMENT_3D('',#360,#4835,#4836);
#4835=DIRECTION('',(0,-0,-1));
#4836=DIRECTION('',(1,0,0));
#4837=FACE_BOUND('',#4838,.T.);
#4838=EDGE_LOOP('',(#4839,#4840,#4841));
#4839=ORIENTED_EDGE('',*,*,#4842,.T.);
#4840=ORIENTED_EDGE('',*,*,#4843,.T.);
#4841=ORIENTED_EDGE('',*,*,#4844,.T.);
#4842=EDGE_CURVE('',#361,#73,#4845,.F.);
#4843=EDGE_CURVE('',#73,#359,#4846,.T.);
#4844=EDGE_CURVE('',#359,#361,#4847,.T.);
#4845=LINE('',#360,#4848);
#4846=LINE('',#72,#4849);
#4847=LINE('',#358,#4850);
#4848=VECTOR('',#4851,1.0);
#4849=VECTOR('',#4852,1.0);
#4850=VECTOR('',#4853,1.0);
#4851=DIRECTION('',(1,0,0));
#4852=DIRECTION('',(-0.8799498713131059,-0.47506654689216793,0));
#4853=DIRECTION('',(0.7603848635721137,0.6494727548176429,0));
#4854=FACE_SURFACE('',(#4859),#4855,.T.);
#4855=PLANE('',#4856);
#4856=AXIS2_PLACEMENT_3D('',#352,#4857,#4858);
#4857=DIRECTION('',(0,0,-1));
#4858=DIRECTION('',(1,0,0));
#4859=FACE_BOUND('',#4860,.T.);
#4860=EDGE_LOOP('',(#4861,#4862,#4863));
#4861=ORIENTED_EDGE('',*,*,#4864,.T.);
#4862=ORIENTED_EDGE('',*,*,#4865,.T.);
#4863=ORIENTED_EDGE('',*,*,#4866,.T.);
#4864=EDGE_CURVE('',#353,#361,#4867,.F.);
#4865=EDGE_CURVE('',#361,#359,#4868,.T.);
#4866=EDGE_CURVE('',#359,#353,#4869,.T.);
#4867=LINE('',#352,#4870);
#4868=LINE('',#360,#4871);
#4869=LINE('',#358,#4872);
#4870=VECTOR('',#4873,1.0);
#4871=VECTOR('',#4874,1.0);
#4872=VECTOR('',#4875,1.0);
#4873=DIRECTION('',(1,0,0));
#4874=DIRECTION('',(-0.7603848635721137,-0.6494727548176429,0));
#4875=DIRECTION('',(-0.6770611643831835,0.73592674885758,0));
#4876=FACE_SURFACE('',(#4881),#4877,.T.);
#4877=PLANE('',#4878);
#4878=AXIS2_PLACEMENT_3D('',#362,#4879,#4880);
#4879=DIRECTION('',(0,-0,-1));
#4880=DIRECTION('',(1,0,0));
#4881=FACE_BOUND('',#4882,.T.);
#4882=EDGE_LOOP('',(#4883,#4884,#4885));
#4883=ORIENTED_EDGE('',*,*,#4886,.T.);
#4884=ORIENTED_EDGE('',*,*,#4887,.T.);
#4885=ORIENTED_EDGE('',*,*,#4888,.T.);
#4886=EDGE_CURVE('',#363,#357,#4889,.F.);
#4887=EDGE_CURVE('',#357,#349,#4890,.T.);
#4888=EDGE_CURVE('',#349,#363,#4891,.T.);
#4889=LINE('',#362,#4892);
#4890=LINE('',#356,#4893);
#4891=LINE('',#348,#4894);
#4892=VECTOR('',#4895,1.0);
#4893=VECTOR('',#4896,1.0);
#4894=VECTOR('',#4897,1.0);
#4895=DIRECTION('',(1,0,0));
#4896=DIRECTION('',(-0.9900627704534105,-0.1406261375495945,0));
#4897=DIRECTION('',(0.9878593716067331,0.15535077060880778,0));
#4898=FACE_SURFACE('',(#4903),#4899,.T.);
#4899=PLANE('',#4900);
#4900=AXIS2_PLACEMENT_3D('',#222,#4901,#4902);
#4901=DIRECTION('',(0,-0,-1));
#4902=DIRECTION('',(1,0,0));
#4903=FACE_BOUND('',#4904,.T.);
#4904=EDGE_LOOP('',(#4905,#4906,#4907));
#4905=ORIENTED_EDGE('',*,*,#4908,.T.);
#4906=ORIENTED_EDGE('',*,*,#4909,.T.);
#4907=ORIENTED_EDGE('',*,*,#4910,.T.);
#4908=EDGE_CURVE('',#223,#363,#4911,.F.);
#4909=EDGE_CURVE('',#363,#349,#4912,.T.);
#4910=EDGE_CURVE('',#349,#223,#4913,.T.);
#4911=LINE('',#222,#4914);
#4912=LINE('',#362,#4915);
#4913=LINE('',#348,#4916);
#4914=VECTOR('',#4917,1.0);
#4915=VECTOR('',#4918,1.0);
#4916=VECTOR('',#4919,1.0);
#4917=DIRECTION('',(1,0,0));
#4918=DIRECTION('',(-0.9878593716067331,-0.15535077060880778,0));
#4919=DIRECTION('',(0.9736334709286819,0.22811809285404727,0));
#4920=FACE_SURFACE('',(#4925),#4921,.T.);
#4921=PLANE('',#4922);
#4922=AXIS2_PLACEMENT_3D('',#134,#4923,#4924);
#4923=DIRECTION('',(0,0,-1));
#4924=DIRECTION('',(0.20701098601461246,0.9783386181017583,0));
#4925=FACE_BOUND('',#4926,.T.);
#4926=EDGE_LOOP('',(#4927,#4928,#4929));
#4927=ORIENTED_EDGE('',*,*,#4930,.T.);
#4928=ORIENTED_EDGE('',*,*,#4931,.T.);
#4929=ORIENTED_EDGE('',*,*,#4932,.T.);
#4930=EDGE_CURVE('',#135,#353,#4933,.F.);
#4931=EDGE_CURVE('',#353,#359,#4934,.T.);
#4932=EDGE_CURVE('',#359,#135,#4935,.T.);
#4933=LINE('',#134,#4936);
#4934=LINE('',#352,#4937);
#4935=LINE('',#358,#4938);
#4936=VECTOR('',#4939,1.0);
#4937=VECTOR('',#4940,1.0);
#4938=VECTOR('',#4941,1.0);
#4939=DIRECTION('',(0.20701098601461246,0.9783386181017583,0));
#4940=DIRECTION('',(0.6770611643831835,-0.73592674885758,0));
#4941=DIRECTION('',(-0.271089405513052,-0.9625541720955658,0));
#4942=FACE_SURFACE('',(#4947),#4943,.T.);
#4943=PLANE('',#4944);
#4944=AXIS2_PLACEMENT_3D('',#134,#4945,#4946);
#4945=DIRECTION('',(0,0,-1));
#4946=DIRECTION('',(0.271089405513052,0.9625541720955658,0));
#4947=FACE_BOUND('',#4948,.T.);
#4948=EDGE_LOOP('',(#4949,#4950,#4951));
#4949=ORIENTED_EDGE('',*,*,#4952,.T.);
#4950=ORIENTED_EDGE('',*,*,#4953,.T.);
#4951=ORIENTED_EDGE('',*,*,#4954,.T.);
#4952=EDGE_CURVE('',#135,#359,#4955,.F.);
#4953=EDGE_CURVE('',#359,#365,#4956,.T.);
#4954=EDGE_CURVE('',#365,#135,#4957,.T.);
#4955=LINE('',#134,#4958);
#4956=LINE('',#358,#4959);
#4957=LINE('',#364,#4960);
#4958=VECTOR('',#4961,1.0);
#4959=VECTOR('',#4962,1.0);
#4960=VECTOR('',#4963,1.0);
#4961=DIRECTION('',(0.271089405513052,0.9625541720955658,0));
#4962=DIRECTION('',(0,-1,0));
#4963=DIRECTION('',(-0.3218785444784355,-0.9467809686534917,0));
#4964=FACE_SURFACE('',(#4969),#4965,.T.);
#4965=PLANE('',#4966);
#4966=AXIS2_PLACEMENT_3D('',#224,#4967,#4968);
#4967=DIRECTION('',(0,-0,-1));
#4968=DIRECTION('',(1,0,0));
#4969=FACE_BOUND('',#4970,.T.);
#4970=EDGE_LOOP('',(#4971,#4972,#4973));
#4971=ORIENTED_EDGE('',*,*,#4974,.T.);
#4972=ORIENTED_EDGE('',*,*,#4975,.T.);
#4973=ORIENTED_EDGE('',*,*,#4976,.T.);
#4974=EDGE_CURVE('',#225,#223,#4977,.F.);
#4975=EDGE_CURVE('',#223,#349,#4978,.T.);
#4976=EDGE_CURVE('',#349,#225,#4979,.T.);
#4977=LINE('',#224,#4980);
#4978=LINE('',#222,#4981);
#4979=LINE('',#348,#4982);
#4980=VECTOR('',#4983,1.0);
#4981=VECTOR('',#4984,1.0);
#4982=VECTOR('',#4985,1.0);
#4983=DIRECTION('',(1,0,0));
#4984=DIRECTION('',(-0.9736334709286819,-0.22811809285404727,0));
#4985=DIRECTION('',(0.9162481417714792,0.40061121140116807,0));
#4986=FACE_SURFACE('',(#4991),#4987,.T.);
#4987=PLANE('',#4988);
#4988=AXIS2_PLACEMENT_3D('',#348,#4989,#4990);
#4989=DIRECTION('',(-0,0,-1));
#4990=DIRECTION('',(-0.3766546519043175,-0.9263537516515153,0));
#4991=FACE_BOUND('',#4992,.T.);
#4992=EDGE_LOOP('',(#4993,#4994,#4995));
#4993=ORIENTED_EDGE('',*,*,#4996,.T.);
#4994=ORIENTED_EDGE('',*,*,#4997,.T.);
#4995=ORIENTED_EDGE('',*,*,#4998,.T.);
#4996=EDGE_CURVE('',#349,#135,#4999,.F.);
#4997=EDGE_CURVE('',#135,#365,#5000,.T.);
#4998=EDGE_CURVE('',#365,#349,#5001,.T.);
#4999=LINE('',#348,#5002);
#5000=LINE('',#134,#5003);
#5001=LINE('',#364,#5004);
#5002=VECTOR('',#5005,1.0);
#5003=VECTOR('',#5006,1.0);
#5004=VECTOR('',#5007,1.0);
#5005=DIRECTION('',(-0.3766546519043175,-0.9263537516515153,0));
#5006=DIRECTION('',(0.3218785444784355,0.9467809686534917,0));
#5007=DIRECTION('',(0.43649150072678655,-0.899708380417387,0));
#5008=FACE_SURFACE('',(#5013),#5009,.T.);
#5009=PLANE('',#5010);
#5010=AXIS2_PLACEMENT_3D('',#366,#5011,#5012);
#5011=DIRECTION('',(0,-0,-1));
#5012=DIRECTION('',(1,0,0));
#5013=FACE_BOUND('',#5014,.T.);
#5014=EDGE_LOOP('',(#5015,#5016,#5017));
#5015=ORIENTED_EDGE('',*,*,#5018,.T.);
#5016=ORIENTED_EDGE('',*,*,#5019,.T.);
#5017=ORIENTED_EDGE('',*,*,#5020,.T.);
#5018=EDGE_CURVE('',#367,#225,#5021,.F.);
#5019=EDGE_CURVE('',#225,#349,#5022,.T.);
#5020=EDGE_CURVE('',#349,#367,#5023,.T.);
#5021=LINE('',#366,#5024);
#5022=LINE('',#224,#5025);
#5023=LINE('',#348,#5026);
#5024=VECTOR('',#5027,1.0);
#5025=VECTOR('',#5028,1.0);
#5026=VECTOR('',#5029,1.0);
#5027=DIRECTION('',(1,0,0));
#5028=DIRECTION('',(-0.9162481417714792,-0.40061121140116807,0));
#5029=DIRECTION('',(0.8488336006747168,0.5286601161101482,0));
#5030=FACE_SURFACE('',(#5035),#5031,.T.);
#5031=PLANE('',#5032);
#5032=AXIS2_PLACEMENT_3D('',#364,#5033,#5034);
#5033=DIRECTION('',(0,0,-1));
#5034=DIRECTION('',(1,0,0));
#5035=FACE_BOUND('',#5036,.T.);
#5036=EDGE_LOOP('',(#5037,#5038,#5039));
#5037=ORIENTED_EDGE('',*,*,#5040,.T.);
#5038=ORIENTED_EDGE('',*,*,#5041,.T.);
#5039=ORIENTED_EDGE('',*,*,#5042,.T.);
#5040=EDGE_CURVE('',#365,#367,#5043,.F.);
#5041=EDGE_CURVE('',#367,#349,#5044,.T.);
#5042=EDGE_CURVE('',#349,#365,#5045,.T.);
#5043=LINE('',#364,#5046);
#5044=LINE('',#366,#5047);
#5045=LINE('',#348,#5048);
#5046=VECTOR('',#5049,1.0);
#5047=VECTOR('',#5050,1.0);
#5048=VECTOR('',#5051,1.0);
#5049=DIRECTION('',(1,0,0));
#5050=DIRECTION('',(-0.8488336006747168,-0.5286601161101482,0));
#5051=DIRECTION('',(-0.43649150072678655,0.899708380417387,0));
#5052=FACE_SURFACE('',(#5057),#5053,.T.);
#5053=PLANE('',#5054);
#5054=AXIS2_PLACEMENT_3D('',#368,#5055,#5056);
#5055=DIRECTION('',(0,0,-1));
#5056=DIRECTION('',(0,1,0));
#5057=FACE_BOUND('',#5058,.T.);
#5058=EDGE_LOOP('',(#5059,#5060,#5061));
#5059=ORIENTED_EDGE('',*,*,#5062,.T.);
#5060=ORIENTED_EDGE('',*,*,#5063,.T.);
#5061=ORIENTED_EDGE('',*,*,#5064,.T.);
#5062=EDGE_CURVE('',#369,#95,#5065,.F.);
#5063=EDGE_CURVE('',#95,#93,#5066,.T.);
#5064=EDGE_CURVE('',#93,#369,#5067,.T.);
#5065=LINE('',#368,#5068);
#5066=LINE('',#94,#5069);
#5067=LINE('',#92,#5070);
#5068=VECTOR('',#5071,1.0);
#5069=VECTOR('',#5072,1.0);
#5070=VECTOR('',#5073,1.0);
#5071=DIRECTION('',(0,1,0));
#5072=DIRECTION('',(1,0,0));
#5073=DIRECTION('',(-0.8263524314380535,-0.563153317540097,0));
#5074=FACE_SURFACE('',(#5079),#5075,.T.);
#5075=PLANE('',#5076);
#5076=AXIS2_PLACEMENT_3D('',#92,#5077,#5078);
#5077=DIRECTION('',(0,-0,-1));
#5078=DIRECTION('',(0,-1,0));
#5079=FACE_BOUND('',#5080,.T.);
#5080=EDGE_LOOP('',(#5081,#5082,#5083));
#5081=ORIENTED_EDGE('',*,*,#5084,.T.);
#5082=ORIENTED_EDGE('',*,*,#5085,.T.);
#5083=ORIENTED_EDGE('',*,*,#5086,.T.);
#5084=EDGE_CURVE('',#93,#207,#5087,.F.);
#5085=EDGE_CURVE('',#207,#205,#5088,.T.);
#5086=EDGE_CURVE('',#205,#93,#5089,.T.);
#5087=LINE('',#92,#5090);
#5088=LINE('',#206,#5091);
#5089=LINE('',#204,#5092);
#5090=VECTOR('',#5093,1.0);
#5091=VECTOR('',#5094,1.0);
#5092=VECTOR('',#5095,1.0);
#5093=DIRECTION('',(0,-1,0));
#5094=DIRECTION('',(-1,0,0));
#5095=DIRECTION('',(0.339314753968184,0.9406728962500783,0));
#5096=FACE_SURFACE('',(#5101),#5097,.T.);
#5097=PLANE('',#5098);
#5098=AXIS2_PLACEMENT_3D('',#368,#5099,#5100);
#5099=DIRECTION('',(0,0,-1));
#5100=DIRECTION('',(0.8263524314380535,0.563153317540097,0));
#5101=FACE_BOUND('',#5102,.T.);
#5102=EDGE_LOOP('',(#5103,#5104,#5105));
#5103=ORIENTED_EDGE('',*,*,#5106,.T.);
#5104=ORIENTED_EDGE('',*,*,#5107,.T.);
#5105=ORIENTED_EDGE('',*,*,#5108,.T.);
#5106=EDGE_CURVE('',#369,#93,#5109,.F.);
#5107=EDGE_CURVE('',#93,#205,#5110,.T.);
#5108=EDGE_CURVE('',#205,#369,#5111,.T.);
#5109=LINE('',#368,#5112);
#5110=LINE('',#92,#5113);
#5111=LINE('',#204,#5114);
#5112=VECTOR('',#5115,1.0);
#5113=VECTOR('',#5116,1.0);
#5114=VECTOR('',#5117,1.0);
#5115=DIRECTION('',(0.8263524314380535,0.563153317540097,0));
#5116=DIRECTION('',(-0.339314753968184,-0.9406728962500783,0));
#5117=DIRECTION('',(0,1,0));
#5118=FACE_SURFACE('',(#5123),#5119,.T.);
#5119=PLANE('',#5120);
#5120=AXIS2_PLACEMENT_3D('',#84,#5121,#5122);
#5121=DIRECTION('',(0,0,-1));
#5122=DIRECTION('',(-1,0,0));
#5123=FACE_BOUND('',#5124,.T.);
#5124=EDGE_LOOP('',(#5125,#5126,#5127));
#5125=ORIENTED_EDGE('',*,*,#5128,.T.);
#5126=ORIENTED_EDGE('',*,*,#5129,.T.);
#5127=ORIENTED_EDGE('',*,*,#5130,.T.);
#5128=EDGE_CURVE('',#85,#83,#5131,.F.);
#5129=EDGE_CURVE('',#83,#371,#5132,.T.);
#5130=EDGE_CURVE('',#371,#85,#5133,.T.);
#5131=LINE('',#84,#5134);
#5132=LINE('',#82,#5135);
#5133=LINE('',#370,#5136);
#5134=VECTOR('',#5137,1.0);
#5135=VECTOR('',#5138,1.0);
#5136=VECTOR('',#5139,1.0);
#5137=DIRECTION('',(-1,0,0));
#5138=DIRECTION('',(0,1,0));
#5139=DIRECTION('',(0.24202849847428234,-0.9702691409739281,0));
#5140=FACE_SURFACE('',(#5145),#5141,.T.);
#5141=PLANE('',#5142);
#5142=AXIS2_PLACEMENT_3D('',#370,#5143,#5144);
#5143=DIRECTION('',(0,0,-1));
#5144=DIRECTION('',(0,1,0));
#5145=FACE_BOUND('',#5146,.T.);
#5146=EDGE_LOOP('',(#5147,#5148,#5149));
#5147=ORIENTED_EDGE('',*,*,#5150,.T.);
#5148=ORIENTED_EDGE('',*,*,#5151,.T.);
#5149=ORIENTED_EDGE('',*,*,#5152,.T.);
#5150=EDGE_CURVE('',#371,#245,#5153,.F.);
#5151=EDGE_CURVE('',#245,#249,#5154,.T.);
#5152=EDGE_CURVE('',#249,#371,#5155,.T.);
#5153=LINE('',#370,#5156);
#5154=LINE('',#244,#5157);
#5155=LINE('',#248,#5158);
#5156=VECTOR('',#5159,1.0);
#5157=VECTOR('',#5160,1.0);
#5158=VECTOR('',#5161,1.0);
#5159=DIRECTION('',(0,1,0));
#5160=DIRECTION('',(1,0,0));
#5161=DIRECTION('',(-0.611565501973886,-0.7911938048262439,0));
#5162=FACE_SURFACE('',(#5167),#5163,.T.);
#5163=PLANE('',#5164);
#5164=AXIS2_PLACEMENT_3D('',#370,#5165,#5166);
#5165=DIRECTION('',(0,0,-1));
#5166=DIRECTION('',(0.611565501973886,0.7911938048262439,0));
#5167=FACE_BOUND('',#5168,.T.);
#5168=EDGE_LOOP('',(#5169,#5170,#5171));
#5169=ORIENTED_EDGE('',*,*,#5172,.T.);
#5170=ORIENTED_EDGE('',*,*,#5173,.T.);
#5171=ORIENTED_EDGE('',*,*,#5174,.T.);
#5172=EDGE_CURVE('',#371,#249,#5175,.F.);
#5173=EDGE_CURVE('',#249,#85,#5176,.T.);
#5174=EDGE_CURVE('',#85,#371,#5177,.T.);
#5175=LINE('',#370,#5178);
#5176=LINE('',#248,#5179);
#5177=LINE('',#84,#5180);
#5178=VECTOR('',#5181,1.0);
#5179=VECTOR('',#5182,1.0);
#5180=VECTOR('',#5183,1.0);
#5181=DIRECTION('',(0.611565501973886,0.7911938048262439,0));
#5182=DIRECTION('',(-0.0018888167982617275,-0.9999982161839603,0));
#5183=DIRECTION('',(-0.24202849847428234,0.9702691409739281,0));
#5184=FACE_SURFACE('',(#5189),#5185,.T.);
#5185=PLANE('',#5186);
#5186=AXIS2_PLACEMENT_3D('',#214,#5187,#5188);
#5187=DIRECTION('',(0,0,-1));
#5188=DIRECTION('',(-1,0,0));
#5189=FACE_BOUND('',#5190,.T.);
#5190=EDGE_LOOP('',(#5191,#5192,#5193));
#5191=ORIENTED_EDGE('',*,*,#5194,.T.);
#5192=ORIENTED_EDGE('',*,*,#5195,.T.);
#5193=ORIENTED_EDGE('',*,*,#5196,.T.);
#5194=EDGE_CURVE('',#215,#213,#5197,.F.);
#5195=EDGE_CURVE('',#213,#373,#5198,.T.);
#5196=EDGE_CURVE('',#373,#215,#5199,.T.);
#5197=LINE('',#214,#5200);
#5198=LINE('',#212,#5201);
#5199=LINE('',#372,#5202);
#5200=VECTOR('',#5203,1.0);
#5201=VECTOR('',#5204,1.0);
#5202=VECTOR('',#5205,1.0);
#5203=DIRECTION('',(-1,0,0));
#5204=DIRECTION('',(0,1,0));
#5205=DIRECTION('',(0.23335210450925753,-0.9723923052560117,0));
#5206=FACE_SURFACE('',(#5211),#5207,.T.);
#5207=PLANE('',#5208);
#5208=AXIS2_PLACEMENT_3D('',#372,#5209,#5210);
#5209=DIRECTION('',(0,0,-1));
#5210=DIRECTION('',(0,1,0));
#5211=FACE_BOUND('',#5212,.T.);
#5212=EDGE_LOOP('',(#5213,#5214,#5215));
#5213=ORIENTED_EDGE('',*,*,#5216,.T.);
#5214=ORIENTED_EDGE('',*,*,#5217,.T.);
#5215=ORIENTED_EDGE('',*,*,#5218,.T.);
#5216=EDGE_CURVE('',#373,#81,#5219,.F.);
#5217=EDGE_CURVE('',#81,#79,#5220,.T.);
#5218=EDGE_CURVE('',#79,#373,#5221,.T.);
#5219=LINE('',#372,#5222);
#5220=LINE('',#80,#5223);
#5221=LINE('',#78,#5224);
#5222=VECTOR('',#5225,1.0);
#5223=VECTOR('',#5226,1.0);
#5224=VECTOR('',#5227,1.0);
#5225=DIRECTION('',(0,1,0));
#5226=DIRECTION('',(1,0,0));
#5227=DIRECTION('',(-0.592882684845965,-0.8052888438379362,0));
#5228=FACE_SURFACE('',(#5233),#5229,.T.);
#5229=PLANE('',#5230);
#5230=AXIS2_PLACEMENT_3D('',#372,#5231,#5232);
#5231=DIRECTION('',(0,0,-1));
#5232=DIRECTION('',(0.592882684845965,0.8052888438379362,0));
#5233=FACE_BOUND('',#5234,.T.);
#5234=EDGE_LOOP('',(#5235,#5236,#5237));
#5235=ORIENTED_EDGE('',*,*,#5238,.T.);
#5236=ORIENTED_EDGE('',*,*,#5239,.T.);
#5237=ORIENTED_EDGE('',*,*,#5240,.T.);
#5238=EDGE_CURVE('',#373,#79,#5241,.F.);
#5239=EDGE_CURVE('',#79,#215,#5242,.T.);
#5240=EDGE_CURVE('',#215,#373,#5243,.T.);
#5241=LINE('',#372,#5244);
#5242=LINE('',#78,#5245);
#5243=LINE('',#214,#5246);
#5244=VECTOR('',#5247,1.0);
#5245=VECTOR('',#5248,1.0);
#5246=VECTOR('',#5249,1.0);
#5247=DIRECTION('',(0.592882684845965,0.8052888438379362,0));
#5248=DIRECTION('',(0,-1,0));
#5249=DIRECTION('',(-0.23335210450925753,0.9723923052560117,0));
#5250=FACE_SURFACE('',(#5255),#5251,.T.);
#5251=PLANE('',#5252);
#5252=AXIS2_PLACEMENT_3D('',#238,#5253,#5254);
#5253=DIRECTION('',(-0.9970545397298958,0,0.0766957939133927));
#5254=DIRECTION('',(0.0766957939133927,0,0.9970545397298959));
#5255=FACE_BOUND('',#5256,.T.);
#5256=EDGE_LOOP('',(#5257,#5258,#5259));
#5257=ORIENTED_EDGE('',*,*,#5260,.T.);
#5258=ORIENTED_EDGE('',*,*,#5261,.T.);
#5259=ORIENTED_EDGE('',*,*,#5262,.T.);
#5260=EDGE_CURVE('',#239,#375,#5263,.F.);
#5261=EDGE_CURVE('',#375,#377,#5264,.T.);
#5262=EDGE_CURVE('',#377,#239,#5265,.T.);
#5263=LINE('',#238,#5266);
#5264=LINE('',#374,#5267);
#5265=LINE('',#376,#5268);
#5266=VECTOR('',#5269,1.0);
#5267=VECTOR('',#5270,1.0);
#5268=VECTOR('',#5271,1.0);
#5269=DIRECTION('',(0.0766957939133927,0,0.9970545397298959));
#5270=DIRECTION('',(0,1,0));
#5271=DIRECTION('',(-0.05039643850854108,-0.7538075948941507,-0.6551597582769799));
#5272=FACE_SURFACE('',(#5277),#5273,.T.);
#5273=PLANE('',#5274);
#5274=AXIS2_PLACEMENT_3D('',#238,#5275,#5276);
#5275=DIRECTION('',(-0.9970545397298958,0,0.0766957939133927));
#5276=DIRECTION('',(0.05039643850854108,0.7538075948941507,0.6551597582769799));
#5277=FACE_BOUND('',#5278,.T.);
#5278=EDGE_LOOP('',(#5279,#5280,#5281));
#5279=ORIENTED_EDGE('',*,*,#5282,.T.);
#5280=ORIENTED_EDGE('',*,*,#5283,.T.);
#5281=ORIENTED_EDGE('',*,*,#5284,.T.);
#5282=EDGE_CURVE('',#239,#377,#5285,.F.);
#5283=EDGE_CURVE('',#377,#241,#5286,.T.);
#5284=EDGE_CURVE('',#241,#239,#5287,.T.);
#5285=LINE('',#238,#5288);
#5286=LINE('',#376,#5289);
#5287=LINE('',#240,#5290);
#5288=VECTOR('',#5291,1.0);
#5289=VECTOR('',#5292,1.0);
#5290=VECTOR('',#5293,1.0);
#5291=DIRECTION('',(0.05039643850854108,0.7538075948941507,0.6551597582769799));
#5292=DIRECTION('',(-0.0766957939133927,0,-0.9970545397298959));
#5293=DIRECTION('',(0,-1,0));
#5294=FACE_SURFACE('',(#5299),#5295,.T.);
#5295=PLANE('',#5296);
#5296=AXIS2_PLACEMENT_3D('',#146,#5297,#5298);
#5297=DIRECTION('',(0,1,0));
#5298=DIRECTION('',(0.0766957939133927,0,0.9970545397298959));
#5299=FACE_BOUND('',#5300,.T.);
#5300=EDGE_LOOP('',(#5301,#5302,#5303));
#5301=ORIENTED_EDGE('',*,*,#5304,.T.);
#5302=ORIENTED_EDGE('',*,*,#5305,.T.);
#5303=ORIENTED_EDGE('',*,*,#5306,.T.);
#5304=EDGE_CURVE('',#147,#379,#5307,.F.);
#5305=EDGE_CURVE('',#379,#381,#5308,.T.);
#5306=EDGE_CURVE('',#381,#147,#5309,.T.);
#5307=LINE('',#146,#5310);
#5308=LINE('',#378,#5311);
#5309=LINE('',#380,#5312);
#5310=VECTOR('',#5313,1.0);
#5311=VECTOR('',#5314,1.0);
#5312=VECTOR('',#5315,1.0);
#5313=DIRECTION('',(0.0766957939133927,0,0.9970545397298959));
#5314=DIRECTION('',(1,0,0));
#5315=DIRECTION('',(-0.08426839597635287,0,-0.9964430929258191));
#5316=FACE_SURFACE('',(#5321),#5317,.T.);
#5317=PLANE('',#5318);
#5318=AXIS2_PLACEMENT_3D('',#146,#5319,#5320);
#5319=DIRECTION('',(0,1,0));
#5320=DIRECTION('',(0.08426839597635287,0,0.9964430929258191));
#5321=FACE_BOUND('',#5322,.T.);
#5322=EDGE_LOOP('',(#5323,#5324,#5325));
#5323=ORIENTED_EDGE('',*,*,#5326,.T.);
#5324=ORIENTED_EDGE('',*,*,#5327,.T.);
#5325=ORIENTED_EDGE('',*,*,#5328,.T.);
#5326=EDGE_CURVE('',#147,#381,#5329,.F.);
#5327=EDGE_CURVE('',#381,#149,#5330,.T.);
#5328=EDGE_CURVE('',#149,#147,#5331,.T.);
#5329=LINE('',#146,#5332);
#5330=LINE('',#380,#5333);
#5331=LINE('',#148,#5334);
#5332=VECTOR('',#5335,1.0);
#5333=VECTOR('',#5336,1.0);
#5334=VECTOR('',#5337,1.0);
#5335=DIRECTION('',(0.08426839597635287,0,0.9964430929258191));
#5336=DIRECTION('',(-0.0766957939133927,0,-0.9970545397298959));
#5337=DIRECTION('',(-1,0,0));
#5338=FACE_SURFACE('',(#5343),#5339,.T.);
#5339=PLANE('',#5340);
#5340=AXIS2_PLACEMENT_3D('',#62,#5341,#5342);
#5341=DIRECTION('',(-0.9970545397298959,0,0.0766957939133927));
#5342=DIRECTION('',(0.0766957939133927,0,0.9970545397298959));
#5343=FACE_BOUND('',#5344,.T.);
#5344=EDGE_LOOP('',(#5345,#5346,#5347));
#5345=ORIENTED_EDGE('',*,*,#5348,.T.);
#5346=ORIENTED_EDGE('',*,*,#5349,.T.);
#5347=ORIENTED_EDGE('',*,*,#5350,.T.);
#5348=EDGE_CURVE('',#63,#383,#5351,.F.);
#5349=EDGE_CURVE('',#383,#385,#5352,.T.);
#5350=EDGE_CURVE('',#385,#63,#5353,.T.);
#5351=LINE('',#62,#5354);
#5352=LINE('',#382,#5355);
#5353=LINE('',#384,#5356);
#5354=VECTOR('',#5357,1.0);
#5355=VECTOR('',#5358,1.0);
#5356=VECTOR('',#5359,1.0);
#5357=DIRECTION('',(0.0766957939133927,0,0.9970545397298959));
#5358=DIRECTION('',(0,1,0));
#5359=DIRECTION('',(-0.020962026560739932,-0.9619248993432166,-0.27250886493105037));
#5360=FACE_SURFACE('',(#5365),#5361,.T.);
#5361=PLANE('',#5362);
#5362=AXIS2_PLACEMENT_3D('',#62,#5363,#5364);
#5363=DIRECTION('',(-0.9970545397298959,0,0.0766957939133927));
#5364=DIRECTION('',(0.020962026560739932,0.9619248993432166,0.27250886493105037));
#5365=FACE_BOUND('',#5366,.T.);
#5366=EDGE_LOOP('',(#5367,#5368,#5369));
#5367=ORIENTED_EDGE('',*,*,#5370,.T.);
#5368=ORIENTED_EDGE('',*,*,#5371,.T.);
#5369=ORIENTED_EDGE('',*,*,#5372,.T.);
#5370=EDGE_CURVE('',#63,#385,#5373,.F.);
#5371=EDGE_CURVE('',#385,#55,#5374,.T.);
#5372=EDGE_CURVE('',#55,#63,#5375,.T.);
#5373=LINE('',#62,#5376);
#5374=LINE('',#384,#5377);
#5375=LINE('',#54,#5378);
#5376=VECTOR('',#5379,1.0);
#5377=VECTOR('',#5380,1.0);
#5378=VECTOR('',#5381,1.0);
#5379=DIRECTION('',(0.020962026560739932,0.9619248993432166,0.27250886493105037));
#5380=DIRECTION('',(-0.0766957939133927,0,-0.9970545397298959));
#5381=DIRECTION('',(0,-1,0));
#5382=FACE_SURFACE('',(#5387),#5383,.T.);
#5383=PLANE('',#5384);
#5384=AXIS2_PLACEMENT_3D('',#362,#5385,#5386);
#5385=DIRECTION('',(0,1,0));
#5386=DIRECTION('',(0.0766957939133927,0,0.9970545397298959));
#5387=FACE_BOUND('',#5388,.T.);
#5388=EDGE_LOOP('',(#5389,#5390,#5391));
#5389=ORIENTED_EDGE('',*,*,#5392,.T.);
#5390=ORIENTED_EDGE('',*,*,#5393,.T.);
#5391=ORIENTED_EDGE('',*,*,#5394,.T.);
#5392=EDGE_CURVE('',#363,#387,#5395,.F.);
#5393=EDGE_CURVE('',#387,#389,#5396,.T.);
#5394=EDGE_CURVE('',#389,#363,#5397,.T.);
#5395=LINE('',#362,#5398);
#5396=LINE('',#386,#5399);
#5397=LINE('',#388,#5400);
#5398=VECTOR('',#5401,1.0);
#5399=VECTOR('',#5402,1.0);
#5400=VECTOR('',#5403,1.0);
#5401=DIRECTION('',(0.0766957939133927,0,0.9970545397298959));
#5402=DIRECTION('',(1,0,0));
#5403=DIRECTION('',(-0.7752905012599268,0,-0.6316048120907025));
#5404=FACE_SURFACE('',(#5409),#5405,.T.);
#5405=PLANE('',#5406);
#5406=AXIS2_PLACEMENT_3D('',#362,#5407,#5408);
#5407=DIRECTION('',(0,1,0));
#5408=DIRECTION('',(0.7752905012599268,0,0.6316048120907025));
#5409=FACE_BOUND('',#5410,.T.);
#5410=EDGE_LOOP('',(#5411,#5412,#5413));
#5411=ORIENTED_EDGE('',*,*,#5414,.T.);
#5412=ORIENTED_EDGE('',*,*,#5415,.T.);
#5413=ORIENTED_EDGE('',*,*,#5416,.T.);
#5414=EDGE_CURVE('',#363,#389,#5417,.F.);
#5415=EDGE_CURVE('',#389,#357,#5418,.T.);
#5416=EDGE_CURVE('',#357,#363,#5419,.T.);
#5417=LINE('',#362,#5420);
#5418=LINE('',#388,#5421);
#5419=LINE('',#356,#5422);
#5420=VECTOR('',#5423,1.0);
#5421=VECTOR('',#5424,1.0);
#5422=VECTOR('',#5425,1.0);
#5423=DIRECTION('',(0.7752905012599268,0,0.6316048120907025));
#5424=DIRECTION('',(-0.0766957939133927,0,-0.9970545397298959));
#5425=DIRECTION('',(-1,0,0));
#5426=FACE_SURFACE('',(#5431),#5427,.T.);
#5427=PLANE('',#5428);
#5428=AXIS2_PLACEMENT_3D('',#114,#5429,#5430);
#5429=DIRECTION('',(0,1,0));
#5430=DIRECTION('',(0.0766957939133927,0,0.9970545397298959));
#5431=FACE_BOUND('',#5432,.T.);
#5432=EDGE_LOOP('',(#5433,#5434,#5435));
#5433=ORIENTED_EDGE('',*,*,#5436,.T.);
#5434=ORIENTED_EDGE('',*,*,#5437,.T.);
#5435=ORIENTED_EDGE('',*,*,#5438,.T.);
#5436=EDGE_CURVE('',#115,#391,#5439,.F.);
#5437=EDGE_CURVE('',#391,#393,#5440,.T.);
#5438=EDGE_CURVE('',#393,#115,#5441,.T.);
#5439=LINE('',#114,#5442);
#5440=LINE('',#390,#5443);
#5441=LINE('',#392,#5444);
#5442=VECTOR('',#5445,1.0);
#5443=VECTOR('',#5446,1.0);
#5444=VECTOR('',#5447,1.0);
#5445=DIRECTION('',(0.0766957939133927,0,0.9970545397298959));
#5446=DIRECTION('',(1,0,0));
#5447=DIRECTION('',(-0.9991685732986322,0,-0.040769622666588276));
#5448=FACE_SURFACE('',(#5453),#5449,.T.);
#5449=PLANE('',#5450);
#5450=AXIS2_PLACEMENT_3D('',#114,#5451,#5452);
#5451=DIRECTION('',(0,1,0));
#5452=DIRECTION('',(0.9991685732986322,0,0.040769622666588276));
#5453=FACE_BOUND('',#5454,.T.);
#5454=EDGE_LOOP('',(#5455,#5456,#5457));
#5455=ORIENTED_EDGE('',*,*,#5458,.T.);
#5456=ORIENTED_EDGE('',*,*,#5459,.T.);
#5457=ORIENTED_EDGE('',*,*,#5460,.T.);
#5458=EDGE_CURVE('',#115,#393,#5461,.F.);
#5459=EDGE_CURVE('',#393,#105,#5462,.T.);
#5460=EDGE_CURVE('',#105,#115,#5463,.T.);
#5461=LINE('',#114,#5464);
#5462=LINE('',#392,#5465);
#5463=LINE('',#104,#5466);
#5464=VECTOR('',#5467,1.0);
#5465=VECTOR('',#5468,1.0);
#5466=VECTOR('',#5469,1.0);
#5467=DIRECTION('',(0.9991685732986322,0,0.040769622666588276));
#5468=DIRECTION('',(-0.0766957939133927,0,-0.9970545397298959));
#5469=DIRECTION('',(-1,0,0));
#5470=FACE_SURFACE('',(#5475),#5471,.T.);
#5471=PLANE('',#5472);
#5472=AXIS2_PLACEMENT_3D('',#156,#5473,#5474);
#5473=DIRECTION('',(0.9970545397298959,0,-0.0766957939133927));
#5474=DIRECTION('',(0.0766957939133927,0,0.9970545397298959));
#5475=FACE_BOUND('',#5476,.T.);
#5476=EDGE_LOOP('',(#5477,#5478,#5479));
#5477=ORIENTED_EDGE('',*,*,#5480,.T.);
#5478=ORIENTED_EDGE('',*,*,#5481,.T.);
#5479=ORIENTED_EDGE('',*,*,#5482,.T.);
#5480=EDGE_CURVE('',#157,#395,#5483,.F.);
#5481=EDGE_CURVE('',#395,#397,#5484,.T.);
#5482=EDGE_CURVE('',#397,#157,#5485,.T.);
#5483=LINE('',#156,#5486);
#5484=LINE('',#394,#5487);
#5485=LINE('',#396,#5488);
#5486=VECTOR('',#5489,1.0);
#5487=VECTOR('',#5490,1.0);
#5488=VECTOR('',#5491,1.0);
#5489=DIRECTION('',(0.0766957939133927,0,0.9970545397298959));
#5490=DIRECTION('',(0,-1,0));
#5491=DIRECTION('',(-0.01606998465957085,0.9778024564020971,-0.20891173219105313));
#5492=FACE_SURFACE('',(#5497),#5493,.T.);
#5493=PLANE('',#5494);
#5494=AXIS2_PLACEMENT_3D('',#156,#5495,#5496);
#5495=DIRECTION('',(0.9970545397298959,0,-0.0766957939133927));
#5496=DIRECTION('',(0.01606998465957085,-0.9778024564020971,0.20891173219105313));
#5497=FACE_BOUND('',#5498,.T.);
#5498=EDGE_LOOP('',(#5499,#5500,#5501));
#5499=ORIENTED_EDGE('',*,*,#5502,.T.);
#5500=ORIENTED_EDGE('',*,*,#5503,.T.);
#5501=ORIENTED_EDGE('',*,*,#5504,.T.);
#5502=EDGE_CURVE('',#157,#397,#5505,.F.);
#5503=EDGE_CURVE('',#397,#161,#5506,.T.);
#5504=EDGE_CURVE('',#161,#157,#5507,.T.);
#5505=LINE('',#156,#5508);
#5506=LINE('',#396,#5509);
#5507=LINE('',#160,#5510);
#5508=VECTOR('',#5511,1.0);
#5509=VECTOR('',#5512,1.0);
#5510=VECTOR('',#5513,1.0);
#5511=DIRECTION('',(0.01606998465957085,-0.9778024564020971,0.20891173219105313));
#5512=DIRECTION('',(-0.0766957939133927,0,-0.9970545397298959));
#5513=DIRECTION('',(0,1,0));
#5514=FACE_SURFACE('',(#5519),#5515,.T.);
#5515=PLANE('',#5516);
#5516=AXIS2_PLACEMENT_3D('',#346,#5517,#5518);
#5517=DIRECTION('',(0,1,0));
#5518=DIRECTION('',(0.0766957939133927,0,0.9970545397298959));
#5519=FACE_BOUND('',#5520,.T.);
#5520=EDGE_LOOP('',(#5521,#5522,#5523));
#5521=ORIENTED_EDGE('',*,*,#5524,.T.);
#5522=ORIENTED_EDGE('',*,*,#5525,.T.);
#5523=ORIENTED_EDGE('',*,*,#5526,.T.);
#5524=EDGE_CURVE('',#347,#399,#5527,.F.);
#5525=EDGE_CURVE('',#399,#401,#5528,.T.);
#5526=EDGE_CURVE('',#401,#347,#5529,.T.);
#5527=LINE('',#346,#5530);
#5528=LINE('',#398,#5531);
#5529=LINE('',#400,#5532);
#5530=VECTOR('',#5533,1.0);
#5531=VECTOR('',#5534,1.0);
#5532=VECTOR('',#5535,1.0);
#5533=DIRECTION('',(0.0766957939133927,0,0.9970545397298959));
#5534=DIRECTION('',(1,0,0));
#5535=DIRECTION('',(-0.9636480628681542,0,-0.26717486957132375));
#5536=FACE_SURFACE('',(#5541),#5537,.T.);
#5537=PLANE('',#5538);
#5538=AXIS2_PLACEMENT_3D('',#346,#5539,#5540);
#5539=DIRECTION('',(0,1,0));
#5540=DIRECTION('',(0.9636480628681542,0,0.26717486957132375));
#5541=FACE_BOUND('',#5542,.T.);
#5542=EDGE_LOOP('',(#5543,#5544,#5545));
#5543=ORIENTED_EDGE('',*,*,#5546,.T.);
#5544=ORIENTED_EDGE('',*,*,#5547,.T.);
#5545=ORIENTED_EDGE('',*,*,#5548,.T.);
#5546=EDGE_CURVE('',#347,#401,#5549,.F.);
#5547=EDGE_CURVE('',#401,#345,#5550,.T.);
#5548=EDGE_CURVE('',#345,#347,#5551,.T.);
#5549=LINE('',#346,#5552);
#5550=LINE('',#400,#5553);
#5551=LINE('',#344,#5554);
#5552=VECTOR('',#5555,1.0);
#5553=VECTOR('',#5556,1.0);
#5554=VECTOR('',#5557,1.0);
#5555=DIRECTION('',(0.9636480628681542,0,0.26717486957132375));
#5556=DIRECTION('',(-0.0766957939133927,0,-0.9970545397298959));
#5557=DIRECTION('',(-1,0,0));
#5558=FACE_SURFACE('',(#5563),#5559,.T.);
#5559=PLANE('',#5560);
#5560=AXIS2_PLACEMENT_3D('',#256,#5561,#5562);
#5561=DIRECTION('',(0,1,0));
#5562=DIRECTION('',(0.0766957939133927,0,0.9970545397298959));
#5563=FACE_BOUND('',#5564,.T.);
#5564=EDGE_LOOP('',(#5565,#5566,#5567));
#5565=ORIENTED_EDGE('',*,*,#5568,.T.);
#5566=ORIENTED_EDGE('',*,*,#5569,.T.);
#5567=ORIENTED_EDGE('',*,*,#5570,.T.);
#5568=EDGE_CURVE('',#257,#403,#5571,.F.);
#5569=EDGE_CURVE('',#403,#405,#5572,.T.);
#5570=EDGE_CURVE('',#405,#257,#5573,.T.);
#5571=LINE('',#256,#5574);
#5572=LINE('',#402,#5575);
#5573=LINE('',#404,#5576);
#5574=VECTOR('',#5577,1.0);
#5575=VECTOR('',#5578,1.0);
#5576=VECTOR('',#5579,1.0);
#5577=DIRECTION('',(0.0766957939133927,0,0.9970545397298959));
#5578=DIRECTION('',(1,0,0));
#5579=DIRECTION('',(-0.9636480628681542,0,-0.26717486957132375));
#5580=FACE_SURFACE('',(#5585),#5581,.T.);
#5581=PLANE('',#5582);
#5582=AXIS2_PLACEMENT_3D('',#256,#5583,#5584);
#5583=DIRECTION('',(0,1,0));
#5584=DIRECTION('',(0.9636480628681542,0,0.26717486957132375));
#5585=FACE_BOUND('',#5586,.T.);
#5586=EDGE_LOOP('',(#5587,#5588,#5589));
#5587=ORIENTED_EDGE('',*,*,#5590,.T.);
#5588=ORIENTED_EDGE('',*,*,#5591,.T.);
#5589=ORIENTED_EDGE('',*,*,#5592,.T.);
#5590=EDGE_CURVE('',#257,#405,#5593,.F.);
#5591=EDGE_CURVE('',#405,#259,#5594,.T.);
#5592=EDGE_CURVE('',#259,#257,#5595,.T.);
#5593=LINE('',#256,#5596);
#5594=LINE('',#404,#5597);
#5595=LINE('',#258,#5598);
#5596=VECTOR('',#5599,1.0);
#5597=VECTOR('',#5600,1.0);
#5598=VECTOR('',#5601,1.0);
#5599=DIRECTION('',(0.9636480628681542,0,0.26717486957132375));
#5600=DIRECTION('',(-0.0766957939133927,0,-0.9970545397298959));
#5601=DIRECTION('',(-1,0,0));
#5602=FACE_SURFACE('',(#5607),#5603,.T.);
#5603=PLANE('',#5604);
#5604=AXIS2_PLACEMENT_3D('',#52,#5605,#5606);
#5605=DIRECTION('',(0.9970545397298958,0,-0.07669579391339269));
#5606=DIRECTION('',(0.0766957939133927,0,0.9970545397298959));
#5607=FACE_BOUND('',#5608,.T.);
#5608=EDGE_LOOP('',(#5609,#5610,#5611));
#5609=ORIENTED_EDGE('',*,*,#5612,.T.);
#5610=ORIENTED_EDGE('',*,*,#5613,.T.);
#5611=ORIENTED_EDGE('',*,*,#5614,.T.);
#5612=EDGE_CURVE('',#53,#407,#5615,.F.);
#5613=EDGE_CURVE('',#407,#409,#5616,.T.);
#5614=EDGE_CURVE('',#409,#53,#5617,.T.);
#5615=LINE('',#52,#5618);
#5616=LINE('',#406,#5619);
#5617=LINE('',#408,#5620);
#5618=VECTOR('',#5621,1.0);
#5619=VECTOR('',#5622,1.0);
#5620=VECTOR('',#5623,1.0);
#5621=DIRECTION('',(0.0766957939133927,0,0.9970545397298959));
#5622=DIRECTION('',(0,-1,0));
#5623=DIRECTION('',(-0.016320395769087236,0.9770971105834075,-0.21216710671425132));
#5624=FACE_SURFACE('',(#5629),#5625,.T.);
#5625=PLANE('',#5626);
#5626=AXIS2_PLACEMENT_3D('',#52,#5627,#5628);
#5627=DIRECTION('',(0.9970545397298958,0,-0.07669579391339269));
#5628=DIRECTION('',(0.016320395769087236,-0.9770971105834075,0.21216710671425132));
#5629=FACE_BOUND('',#5630,.T.);
#5630=EDGE_LOOP('',(#5631,#5632,#5633));
#5631=ORIENTED_EDGE('',*,*,#5634,.T.);
#5632=ORIENTED_EDGE('',*,*,#5635,.T.);
#5633=ORIENTED_EDGE('',*,*,#5636,.T.);
#5634=EDGE_CURVE('',#53,#409,#5637,.F.);
#5635=EDGE_CURVE('',#409,#45,#5638,.T.);
#5636=EDGE_CURVE('',#45,#53,#5639,.T.);
#5637=LINE('',#52,#5640);
#5638=LINE('',#408,#5641);
#5639=LINE('',#44,#5642);
#5640=VECTOR('',#5643,1.0);
#5641=VECTOR('',#5644,1.0);
#5642=VECTOR('',#5645,1.0);
#5643=DIRECTION('',(0.016320395769087236,-0.9770971105834075,0.21216710671425132));
#5644=DIRECTION('',(-0.0766957939133927,0,-0.9970545397298959));
#5645=DIRECTION('',(0,1,0));
#5646=FACE_SURFACE('',(#5651),#5647,.T.);
#5647=PLANE('',#5648);
#5648=AXIS2_PLACEMENT_3D('',#336,#5649,#5650);
#5649=DIRECTION('',(-0.9970545397298959,0,0.0766957939133927));
#5650=DIRECTION('',(0.0766957939133927,0,0.9970545397298959));
#5651=FACE_BOUND('',#5652,.T.);
#5652=EDGE_LOOP('',(#5653,#5654,#5655));
#5653=ORIENTED_EDGE('',*,*,#5656,.T.);
#5654=ORIENTED_EDGE('',*,*,#5657,.T.);
#5655=ORIENTED_EDGE('',*,*,#5658,.T.);
#5656=EDGE_CURVE('',#337,#411,#5659,.F.);
#5657=EDGE_CURVE('',#411,#413,#5660,.T.);
#5658=EDGE_CURVE('',#413,#337,#5661,.T.);
#5659=LINE('',#336,#5662);
#5660=LINE('',#410,#5663);
#5661=LINE('',#412,#5664);
#5662=VECTOR('',#5665,1.0);
#5663=VECTOR('',#5666,1.0);
#5664=VECTOR('',#5667,1.0);
#5665=DIRECTION('',(0.0766957939133927,0,0.9970545397298959));
#5666=DIRECTION('',(0,1,0));
#5667=DIRECTION('',(-0.07647119025070115,-0.07647499377830165,-0.9941346651174828));
#5668=FACE_SURFACE('',(#5673),#5669,.T.);
#5669=PLANE('',#5670);
#5670=AXIS2_PLACEMENT_3D('',#336,#5671,#5672);
#5671=DIRECTION('',(-0.9970545397298959,0,0.0766957939133927));
#5672=DIRECTION('',(0.07647119025070115,0.07647499377830165,0.9941346651174828));
#5673=FACE_BOUND('',#5674,.T.);
#5674=EDGE_LOOP('',(#5675,#5676,#5677));
#5675=ORIENTED_EDGE('',*,*,#5678,.T.);
#5676=ORIENTED_EDGE('',*,*,#5679,.T.);
#5677=ORIENTED_EDGE('',*,*,#5680,.T.);
#5678=EDGE_CURVE('',#337,#413,#5681,.F.);
#5679=EDGE_CURVE('',#413,#331,#5682,.T.);
#5680=EDGE_CURVE('',#331,#337,#5683,.T.);
#5681=LINE('',#336,#5684);
#5682=LINE('',#412,#5685);
#5683=LINE('',#330,#5686);
#5684=VECTOR('',#5687,1.0);
#5685=VECTOR('',#5688,1.0);
#5686=VECTOR('',#5689,1.0);
#5687=DIRECTION('',(0.07647119025070115,0.07647499377830165,0.9941346651174828));
#5688=DIRECTION('',(-0.0766957939133927,0,-0.9970545397298959));
#5689=DIRECTION('',(0,-1,0));
#5690=FACE_SURFACE('',(#5695),#5691,.T.);
#5691=PLANE('',#5692);
#5692=AXIS2_PLACEMENT_3D('',#344,#5693,#5694);
#5693=DIRECTION('',(0,1,0));
#5694=DIRECTION('',(0.0766957939133927,0,0.9970545397298959));
#5695=FACE_BOUND('',#5696,.T.);
#5696=EDGE_LOOP('',(#5697,#5698,#5699));
#5697=ORIENTED_EDGE('',*,*,#5700,.T.);
#5698=ORIENTED_EDGE('',*,*,#5701,.T.);
#5699=ORIENTED_EDGE('',*,*,#5702,.T.);
#5700=EDGE_CURVE('',#345,#401,#5703,.F.);
#5701=EDGE_CURVE('',#401,#383,#5704,.T.);
#5702=EDGE_CURVE('',#383,#345,#5705,.T.);
#5703=LINE('',#344,#5706);
#5704=LINE('',#400,#5707);
#5705=LINE('',#382,#5708);
#5706=VECTOR('',#5709,1.0);
#5707=VECTOR('',#5710,1.0);
#5708=VECTOR('',#5711,1.0);
#5709=DIRECTION('',(0.0766957939133927,0,0.9970545397298959));
#5710=DIRECTION('',(1,0,0));
#5711=DIRECTION('',(-0.7752905012599268,0,-0.6316048120907025));
#5712=FACE_SURFACE('',(#5717),#5713,.T.);
#5713=PLANE('',#5714);
#5714=AXIS2_PLACEMENT_3D('',#344,#5715,#5716);
#5715=DIRECTION('',(0,1,0));
#5716=DIRECTION('',(0.7752905012599268,0,0.6316048120907025));
#5717=FACE_BOUND('',#5718,.T.);
#5718=EDGE_LOOP('',(#5719,#5720,#5721));
#5719=ORIENTED_EDGE('',*,*,#5722,.T.);
#5720=ORIENTED_EDGE('',*,*,#5723,.T.);
#5721=ORIENTED_EDGE('',*,*,#5724,.T.);
#5722=EDGE_CURVE('',#345,#383,#5725,.F.);
#5723=EDGE_CURVE('',#383,#63,#5726,.T.);
#5724=EDGE_CURVE('',#63,#345,#5727,.T.);
#5725=LINE('',#344,#5728);
#5726=LINE('',#382,#5729);
#5727=LINE('',#62,#5730);
#5728=VECTOR('',#5731,1.0);
#5729=VECTOR('',#5732,1.0);
#5730=VECTOR('',#5733,1.0);
#5731=DIRECTION('',(0.7752905012599268,0,0.6316048120907025));
#5732=DIRECTION('',(-0.0766957939133927,0,-0.9970545397298959));
#5733=DIRECTION('',(-1,0,0));
#5734=FACE_SURFACE('',(#5739),#5735,.T.);
#5735=PLANE('',#5736);
#5736=AXIS2_PLACEMENT_3D('',#58,#5737,#5738);
#5737=DIRECTION('',(0.9970545397298958,0,-0.0766957939133927));
#5738=DIRECTION('',(0.0766957939133927,0,0.9970545397298959));
#5739=FACE_BOUND('',#5740,.T.);
#5740=EDGE_LOOP('',(#5741,#5742,#5743));
#5741=ORIENTED_EDGE('',*,*,#5744,.T.);
#5742=ORIENTED_EDGE('',*,*,#5745,.T.);
#5743=ORIENTED_EDGE('',*,*,#5746,.T.);
#5744=EDGE_CURVE('',#59,#415,#5747,.F.);
#5745=EDGE_CURVE('',#415,#417,#5748,.T.);
#5746=EDGE_CURVE('',#417,#59,#5749,.T.);
#5747=LINE('',#58,#5750);
#5748=LINE('',#414,#5751);
#5749=LINE('',#416,#5752);
#5750=VECTOR('',#5753,1.0);
#5751=VECTOR('',#5754,1.0);
#5752=VECTOR('',#5755,1.0);
#5753=DIRECTION('',(0.0766957939133927,0,0.9970545397298959));
#5754=DIRECTION('',(0,-1,0));
#5755=DIRECTION('',(-0.016069987799435026,0.9778024476294199,-0.20891177300966488));
#5756=FACE_SURFACE('',(#5761),#5757,.T.);
#5757=PLANE('',#5758);
#5758=AXIS2_PLACEMENT_3D('',#58,#5759,#5760);
#5759=DIRECTION('',(0.9970545397298958,0,-0.0766957939133927));
#5760=DIRECTION('',(0.016069987799435026,-0.9778024476294199,0.20891177300966488));
#5761=FACE_BOUND('',#5762,.T.);
#5762=EDGE_LOOP('',(#5763,#5764,#5765));
#5763=ORIENTED_EDGE('',*,*,#5766,.T.);
#5764=ORIENTED_EDGE('',*,*,#5767,.T.);
#5765=ORIENTED_EDGE('',*,*,#5768,.T.);
#5766=EDGE_CURVE('',#59,#417,#5769,.F.);
#5767=EDGE_CURVE('',#417,#61,#5770,.T.);
#5768=EDGE_CURVE('',#61,#59,#5771,.T.);
#5769=LINE('',#58,#5772);
#5770=LINE('',#416,#5773);
#5771=LINE('',#60,#5774);
#5772=VECTOR('',#5775,1.0);
#5773=VECTOR('',#5776,1.0);
#5774=VECTOR('',#5777,1.0);
#5775=DIRECTION('',(0.016069987799435026,-0.9778024476294199,0.20891177300966488));
#5776=DIRECTION('',(-0.0766957939133927,0,-0.9970545397298959));
#5777=DIRECTION('',(0,1,0));
#5778=FACE_SURFACE('',(#5783),#5779,.T.);
#5779=PLANE('',#5780);
#5780=AXIS2_PLACEMENT_3D('',#252,#5781,#5782);
#5781=DIRECTION('',(0.9970545397298958,0,-0.07669579391339269));
#5782=DIRECTION('',(0.0766957939133927,0,0.9970545397298959));
#5783=FACE_BOUND('',#5784,.T.);
#5784=EDGE_LOOP('',(#5785,#5786,#5787));
#5785=ORIENTED_EDGE('',*,*,#5788,.T.);
#5786=ORIENTED_EDGE('',*,*,#5789,.T.);
#5787=ORIENTED_EDGE('',*,*,#5790,.T.);
#5788=EDGE_CURVE('',#253,#419,#5791,.F.);
#5789=EDGE_CURVE('',#419,#421,#5792,.T.);
#5790=EDGE_CURVE('',#421,#253,#5793,.T.);
#5791=LINE('',#252,#5794);
#5792=LINE('',#418,#5795);
#5793=LINE('',#420,#5796);
#5794=VECTOR('',#5797,1.0);
#5795=VECTOR('',#5798,1.0);
#5796=VECTOR('',#5799,1.0);
#5797=DIRECTION('',(0.0766957939133927,0,0.9970545397298959));
#5798=DIRECTION('',(0,-1,0));
#5799=DIRECTION('',(-0.05843153317165537,0.6477405638340376,-0.7596169547180821));
#5800=FACE_SURFACE('',(#5805),#5801,.T.);
#5801=PLANE('',#5802);
#5802=AXIS2_PLACEMENT_3D('',#252,#5803,#5804);
#5803=DIRECTION('',(0.9970545397298958,0,-0.07669579391339269));
#5804=DIRECTION('',(0.05843153317165537,-0.6477405638340376,0.7596169547180821));
#5805=FACE_BOUND('',#5806,.T.);
#5806=EDGE_LOOP('',(#5807,#5808,#5809));
#5807=ORIENTED_EDGE('',*,*,#5810,.T.);
#5808=ORIENTED_EDGE('',*,*,#5811,.T.);
#5809=ORIENTED_EDGE('',*,*,#5812,.T.);
#5810=EDGE_CURVE('',#253,#421,#5813,.F.);
#5811=EDGE_CURVE('',#421,#255,#5814,.T.);
#5812=EDGE_CURVE('',#255,#253,#5815,.T.);
#5813=LINE('',#252,#5816);
#5814=LINE('',#420,#5817);
#5815=LINE('',#254,#5818);
#5816=VECTOR('',#5819,1.0);
#5817=VECTOR('',#5820,1.0);
#5818=VECTOR('',#5821,1.0);
#5819=DIRECTION('',(0.05843153317165537,-0.6477405638340376,0.7596169547180821));
#5820=DIRECTION('',(-0.0766957939133927,0,-0.9970545397298959));
#5821=DIRECTION('',(0,1,0));
#5822=FACE_SURFACE('',(#5827),#5823,.T.);
#5823=PLANE('',#5824);
#5824=AXIS2_PLACEMENT_3D('',#160,#5825,#5826);
#5825=DIRECTION('',(0,1,0));
#5826=DIRECTION('',(0.0766957939133927,0,0.9970545397298959));
#5827=FACE_BOUND('',#5828,.T.);
#5828=EDGE_LOOP('',(#5829,#5830,#5831));
#5829=ORIENTED_EDGE('',*,*,#5832,.T.);
#5830=ORIENTED_EDGE('',*,*,#5833,.T.);
#5831=ORIENTED_EDGE('',*,*,#5834,.T.);
#5832=EDGE_CURVE('',#161,#397,#5835,.F.);
#5833=EDGE_CURVE('',#397,#423,#5836,.T.);
#5834=EDGE_CURVE('',#423,#161,#5837,.T.);
#5835=LINE('',#160,#5838);
#5836=LINE('',#396,#5839);
#5837=LINE('',#422,#5840);
#5838=VECTOR('',#5841,1.0);
#5839=VECTOR('',#5842,1.0);
#5840=VECTOR('',#5843,1.0);
#5841=DIRECTION('',(0.0766957939133927,0,0.9970545397298959));
#5842=DIRECTION('',(1,0,0));
#5843=DIRECTION('',(-0.9636480628681542,0,-0.26717486957132375));
#5844=FACE_SURFACE('',(#5849),#5845,.T.);
#5845=PLANE('',#5846);
#5846=AXIS2_PLACEMENT_3D('',#160,#5847,#5848);
#5847=DIRECTION('',(0,1,0));
#5848=DIRECTION('',(0.9636480628681542,0,0.26717486957132375));
#5849=FACE_BOUND('',#5850,.T.);
#5850=EDGE_LOOP('',(#5851,#5852,#5853));
#5851=ORIENTED_EDGE('',*,*,#5854,.T.);
#5852=ORIENTED_EDGE('',*,*,#5855,.T.);
#5853=ORIENTED_EDGE('',*,*,#5856,.T.);
#5854=EDGE_CURVE('',#161,#423,#5857,.F.);
#5855=EDGE_CURVE('',#423,#167,#5858,.T.);
#5856=EDGE_CURVE('',#167,#161,#5859,.T.);
#5857=LINE('',#160,#5860);
#5858=LINE('',#422,#5861);
#5859=LINE('',#166,#5862);
#5860=VECTOR('',#5863,1.0);
#5861=VECTOR('',#5864,1.0);
#5862=VECTOR('',#5865,1.0);
#5863=DIRECTION('',(0.9636480628681542,0,0.26717486957132375));
#5864=DIRECTION('',(-0.0766957939133927,0,-0.9970545397298959));
#5865=DIRECTION('',(-1,0,0));
#5866=FACE_SURFACE('',(#5871),#5867,.T.);
#5867=PLANE('',#5868);
#5868=AXIS2_PLACEMENT_3D('',#234,#5869,#5870);
#5869=DIRECTION('',(-0.9970545397298958,0,0.07669579391339269));
#5870=DIRECTION('',(0.0766957939133927,0,0.9970545397298959));
#5871=FACE_BOUND('',#5872,.T.);
#5872=EDGE_LOOP('',(#5873,#5874,#5875));
#5873=ORIENTED_EDGE('',*,*,#5876,.T.);
#5874=ORIENTED_EDGE('',*,*,#5877,.T.);
#5875=ORIENTED_EDGE('',*,*,#5878,.T.);
#5876=EDGE_CURVE('',#235,#425,#5879,.F.);
#5877=EDGE_CURVE('',#425,#375,#5880,.T.);
#5878=EDGE_CURVE('',#375,#235,#5881,.T.);
#5879=LINE('',#234,#5882);
#5880=LINE('',#424,#5883);
#5881=LINE('',#374,#5884);
#5882=VECTOR('',#5885,1.0);
#5883=VECTOR('',#5886,1.0);
#5884=VECTOR('',#5887,1.0);
#5885=DIRECTION('',(0.0766957939133927,0,0.9970545397298959));
#5886=DIRECTION('',(0,1,0));
#5887=DIRECTION('',(-0.020962030064587803,-0.961924886362631,-0.27250891048149384));
#5888=FACE_SURFACE('',(#5893),#5889,.T.);
#5889=PLANE('',#5890);
#5890=AXIS2_PLACEMENT_3D('',#234,#5891,#5892);
#5891=DIRECTION('',(-0.9970545397298958,0,0.07669579391339269));
#5892=DIRECTION('',(0.020962030064587803,0.961924886362631,0.27250891048149384));
#5893=FACE_BOUND('',#5894,.T.);
#5894=EDGE_LOOP('',(#5895,#5896,#5897));
#5895=ORIENTED_EDGE('',*,*,#5898,.T.);
#5896=ORIENTED_EDGE('',*,*,#5899,.T.);
#5897=ORIENTED_EDGE('',*,*,#5900,.T.);
#5898=EDGE_CURVE('',#235,#375,#5901,.F.);
#5899=EDGE_CURVE('',#375,#239,#5902,.T.);
#5900=EDGE_CURVE('',#239,#235,#5903,.T.);
#5901=LINE('',#234,#5904);
#5902=LINE('',#374,#5905);
#5903=LINE('',#238,#5906);
#5904=VECTOR('',#5907,1.0);
#5905=VECTOR('',#5908,1.0);
#5906=VECTOR('',#5909,1.0);
#5907=DIRECTION('',(0.020962030064587803,0.961924886362631,0.27250891048149384));
#5908=DIRECTION('',(-0.0766957939133927,0,-0.9970545397298959));
#5909=DIRECTION('',(0,-1,0));
#5910=FACE_SURFACE('',(#5915),#5911,.T.);
#5911=PLANE('',#5912);
#5912=AXIS2_PLACEMENT_3D('',#284,#5913,#5914);
#5913=DIRECTION('',(0,1,0));
#5914=DIRECTION('',(0.0766957939133927,0,0.9970545397298959));
#5915=FACE_BOUND('',#5916,.T.);
#5916=EDGE_LOOP('',(#5917,#5918,#5919));
#5917=ORIENTED_EDGE('',*,*,#5920,.T.);
#5918=ORIENTED_EDGE('',*,*,#5921,.T.);
#5919=ORIENTED_EDGE('',*,*,#5922,.T.);
#5920=EDGE_CURVE('',#285,#427,#5923,.F.);
#5921=EDGE_CURVE('',#427,#429,#5924,.T.);
#5922=EDGE_CURVE('',#429,#285,#5925,.T.);
#5923=LINE('',#284,#5926);
#5924=LINE('',#426,#5927);
#5925=LINE('',#428,#5928);
#5926=VECTOR('',#5929,1.0);
#5927=VECTOR('',#5930,1.0);
#5928=VECTOR('',#5931,1.0);
#5929=DIRECTION('',(0.0766957939133927,0,0.9970545397298959));
#5930=DIRECTION('',(1,0,0));
#5931=DIRECTION('',(-0.6806983810158825,0,-0.7325637952303925));
#5932=FACE_SURFACE('',(#5937),#5933,.T.);
#5933=PLANE('',#5934);
#5934=AXIS2_PLACEMENT_3D('',#284,#5935,#5936);
#5935=DIRECTION('',(0,1,0));
#5936=DIRECTION('',(0.6806983810158825,0,0.7325637952303925));
#5937=FACE_BOUND('',#5938,.T.);
#5938=EDGE_LOOP('',(#5939,#5940,#5941));
#5939=ORIENTED_EDGE('',*,*,#5942,.T.);
#5940=ORIENTED_EDGE('',*,*,#5943,.T.);
#5941=ORIENTED_EDGE('',*,*,#5944,.T.);
#5942=EDGE_CURVE('',#285,#429,#5945,.F.);
#5943=EDGE_CURVE('',#429,#287,#5946,.T.);
#5944=EDGE_CURVE('',#287,#285,#5947,.T.);
#5945=LINE('',#284,#5948);
#5946=LINE('',#428,#5949);
#5947=LINE('',#286,#5950);
#5948=VECTOR('',#5951,1.0);
#5949=VECTOR('',#5952,1.0);
#5950=VECTOR('',#5953,1.0);
#5951=DIRECTION('',(0.6806983810158825,0,0.7325637952303925));
#5952=DIRECTION('',(-0.0766957939133927,0,-0.9970545397298959));
#5953=DIRECTION('',(-1,0,0));
#5954=FACE_SURFACE('',(#5959),#5955,.T.);
#5955=PLANE('',#5956);
#5956=AXIS2_PLACEMENT_3D('',#254,#5957,#5958);
#5957=DIRECTION('',(0,1,0));
#5958=DIRECTION('',(0.0766957939133927,0,0.9970545397298959));
#5959=FACE_BOUND('',#5960,.T.);
#5960=EDGE_LOOP('',(#5961,#5962,#5963));
#5961=ORIENTED_EDGE('',*,*,#5964,.T.);
#5962=ORIENTED_EDGE('',*,*,#5965,.T.);
#5963=ORIENTED_EDGE('',*,*,#5966,.T.);
#5964=EDGE_CURVE('',#255,#421,#5967,.F.);
#5965=EDGE_CURVE('',#421,#431,#5968,.T.);
#5966=EDGE_CURVE('',#431,#255,#5969,.T.);
#5967=LINE('',#254,#5970);
#5968=LINE('',#420,#5971);
#5969=LINE('',#430,#5972);
#5970=VECTOR('',#5973,1.0);
#5971=VECTOR('',#5974,1.0);
#5972=VECTOR('',#5975,1.0);
#5973=DIRECTION('',(0.0766957939133927,0,0.9970545397298959));
#5974=DIRECTION('',(1,0,0));
#5975=DIRECTION('',(-0.9568629449206572,0,-0.290539678250265));
#5976=FACE_SURFACE('',(#5981),#5977,.T.);
#5977=PLANE('',#5978);
#5978=AXIS2_PLACEMENT_3D('',#254,#5979,#5980);
#5979=DIRECTION('',(0,1,0));
#5980=DIRECTION('',(0.9568629449206572,0,0.290539678250265));
#5981=FACE_BOUND('',#5982,.T.);
#5982=EDGE_LOOP('',(#5983,#5984,#5985));
#5983=ORIENTED_EDGE('',*,*,#5986,.T.);
#5984=ORIENTED_EDGE('',*,*,#5987,.T.);
#5985=ORIENTED_EDGE('',*,*,#5988,.T.);
#5986=EDGE_CURVE('',#255,#431,#5989,.F.);
#5987=EDGE_CURVE('',#431,#247,#5990,.T.);
#5988=EDGE_CURVE('',#247,#255,#5991,.T.);
#5989=LINE('',#254,#5992);
#5990=LINE('',#430,#5993);
#5991=LINE('',#246,#5994);
#5992=VECTOR('',#5995,1.0);
#5993=VECTOR('',#5996,1.0);
#5994=VECTOR('',#5997,1.0);
#5995=DIRECTION('',(0.9568629449206572,0,0.290539678250265));
#5996=DIRECTION('',(-0.0766957939133927,0,-0.9970545397298959));
#5997=DIRECTION('',(-1,0,0));
#5998=FACE_SURFACE('',(#6003),#5999,.T.);
#5999=PLANE('',#6000);
#6000=AXIS2_PLACEMENT_3D('',#272,#6001,#6002);
#6001=DIRECTION('',(0,-1,0));
#6002=DIRECTION('',(0.0766957939133927,0,0.9970545397298959));
#6003=FACE_BOUND('',#6004,.T.);
#6004=EDGE_LOOP('',(#6005,#6006,#6007));
#6005=ORIENTED_EDGE('',*,*,#6008,.T.);
#6006=ORIENTED_EDGE('',*,*,#6009,.T.);
#6007=ORIENTED_EDGE('',*,*,#6010,.T.);
#6008=EDGE_CURVE('',#273,#433,#6011,.F.);
#6009=EDGE_CURVE('',#433,#435,#6012,.T.);
#6010=EDGE_CURVE('',#435,#273,#6013,.T.);
#6011=LINE('',#272,#6014);
#6012=LINE('',#432,#6015);
#6013=LINE('',#434,#6016);
#6014=VECTOR('',#6017,1.0);
#6015=VECTOR('',#6018,1.0);
#6016=VECTOR('',#6019,1.0);
#6017=DIRECTION('',(0.0766957939133927,0,0.9970545397298959));
#6018=DIRECTION('',(-1,0,0));
#6019=DIRECTION('',(0.5962200070896649,0,-0.8028210903719457));
#6020=FACE_SURFACE('',(#6025),#6021,.T.);
#6021=PLANE('',#6022);
#6022=AXIS2_PLACEMENT_3D('',#272,#6023,#6024);
#6023=DIRECTION('',(0,-1,0));
#6024=DIRECTION('',(-0.5962200070896649,0,0.8028210903719457));
#6025=FACE_BOUND('',#6026,.T.);
#6026=EDGE_LOOP('',(#6027,#6028,#6029));
#6027=ORIENTED_EDGE('',*,*,#6030,.T.);
#6028=ORIENTED_EDGE('',*,*,#6031,.T.);
#6029=ORIENTED_EDGE('',*,*,#6032,.T.);
#6030=EDGE_CURVE('',#273,#435,#6033,.F.);
#6031=EDGE_CURVE('',#435,#275,#6034,.T.);
#6032=EDGE_CURVE('',#275,#273,#6035,.T.);
#6033=LINE('',#272,#6036);
#6034=LINE('',#434,#6037);
#6035=LINE('',#274,#6038);
#6036=VECTOR('',#6039,1.0);
#6037=VECTOR('',#6040,1.0);
#6038=VECTOR('',#6041,1.0);
#6039=DIRECTION('',(-0.5962200070896649,0,0.8028210903719457));
#6040=DIRECTION('',(-0.0766957939133927,0,-0.9970545397298959));
#6041=DIRECTION('',(1,0,0));
#6042=FACE_SURFACE('',(#6047),#6043,.T.);
#6043=PLANE('',#6044);
#6044=AXIS2_PLACEMENT_3D('',#56,#6045,#6046);
#6045=DIRECTION('',(0,-1,0));
#6046=DIRECTION('',(0.0766957939133927,0,0.9970545397298959));
#6047=FACE_BOUND('',#6048,.T.);
#6048=EDGE_LOOP('',(#6049,#6050,#6051));
#6049=ORIENTED_EDGE('',*,*,#6052,.T.);
#6050=ORIENTED_EDGE('',*,*,#6053,.T.);
#6051=ORIENTED_EDGE('',*,*,#6054,.T.);
#6052=EDGE_CURVE('',#57,#437,#6055,.F.);
#6053=EDGE_CURVE('',#437,#439,#6056,.T.);
#6054=EDGE_CURVE('',#439,#57,#6057,.T.);
#6055=LINE('',#56,#6058);
#6056=LINE('',#436,#6059);
#6057=LINE('',#438,#6060);
#6058=VECTOR('',#6061,1.0);
#6059=VECTOR('',#6062,1.0);
#6060=VECTOR('',#6063,1.0);
#6061=DIRECTION('',(0.0766957939133927,0,0.9970545397298959));
#6062=DIRECTION('',(-1,0,0));
#6063=DIRECTION('',(0.9772101894233253,0,-0.2122739873070388));
#6064=FACE_SURFACE('',(#6069),#6065,.T.);
#6065=PLANE('',#6066);
#6066=AXIS2_PLACEMENT_3D('',#56,#6067,#6068);
#6067=DIRECTION('',(0,-1,0));
#6068=DIRECTION('',(-0.9772101894233253,0,0.2122739873070388));
#6069=FACE_BOUND('',#6070,.T.);
#6070=EDGE_LOOP('',(#6071,#6072,#6073));
#6071=ORIENTED_EDGE('',*,*,#6074,.T.);
#6072=ORIENTED_EDGE('',*,*,#6075,.T.);
#6073=ORIENTED_EDGE('',*,*,#6076,.T.);
#6074=EDGE_CURVE('',#57,#439,#6077,.F.);
#6075=EDGE_CURVE('',#439,#349,#6078,.T.);
#6076=EDGE_CURVE('',#349,#57,#6079,.T.);
#6077=LINE('',#56,#6080);
#6078=LINE('',#438,#6081);
#6079=LINE('',#348,#6082);
#6080=VECTOR('',#6083,1.0);
#6081=VECTOR('',#6084,1.0);
#6082=VECTOR('',#6085,1.0);
#6083=DIRECTION('',(-0.9772101894233253,0,0.2122739873070388));
#6084=DIRECTION('',(-0.0766957939133927,0,-0.9970545397298959));
#6085=DIRECTION('',(1,0,0));
#6086=FACE_SURFACE('',(#6091),#6087,.T.);
#6087=PLANE('',#6088);
#6088=AXIS2_PLACEMENT_3D('',#274,#6089,#6090);
#6089=DIRECTION('',(-0.9970545397298958,0,0.07669579391339269));
#6090=DIRECTION('',(0.0766957939133927,0,0.9970545397298959));
#6091=FACE_BOUND('',#6092,.T.);
#6092=EDGE_LOOP('',(#6093,#6094,#6095));
#6093=ORIENTED_EDGE('',*,*,#6096,.T.);
#6094=ORIENTED_EDGE('',*,*,#6097,.T.);
#6095=ORIENTED_EDGE('',*,*,#6098,.T.);
#6096=EDGE_CURVE('',#275,#435,#6099,.F.);
#6097=EDGE_CURVE('',#435,#441,#6100,.T.);
#6098=EDGE_CURVE('',#441,#275,#6101,.T.);
#6099=LINE('',#274,#6102);
#6100=LINE('',#434,#6103);
#6101=LINE('',#440,#6104);
#6102=VECTOR('',#6105,1.0);
#6103=VECTOR('',#6106,1.0);
#6104=VECTOR('',#6107,1.0);
#6105=DIRECTION('',(0.0766957939133927,0,0.9970545397298959));
#6106=DIRECTION('',(0,1,0));
#6107=DIRECTION('',(-0.07333148581459112,-0.2929283804912484,-0.9533181300547047));
#6108=FACE_SURFACE('',(#6113),#6109,.T.);
#6109=PLANE('',#6110);
#6110=AXIS2_PLACEMENT_3D('',#274,#6111,#6112);
#6111=DIRECTION('',(-0.9970545397298958,0,0.07669579391339269));
#6112=DIRECTION('',(0.07333148581459112,0.2929283804912484,0.9533181300547047));
#6113=FACE_BOUND('',#6114,.T.);
#6114=EDGE_LOOP('',(#6115,#6116,#6117));
#6115=ORIENTED_EDGE('',*,*,#6118,.T.);
#6116=ORIENTED_EDGE('',*,*,#6119,.T.);
#6117=ORIENTED_EDGE('',*,*,#6120,.T.);
#6118=EDGE_CURVE('',#275,#441,#6121,.F.);
#6119=EDGE_CURVE('',#441,#277,#6122,.T.);
#6120=EDGE_CURVE('',#277,#275,#6123,.T.);
#6121=LINE('',#274,#6124);
#6122=LINE('',#440,#6125);
#6123=LINE('',#276,#6126);
#6124=VECTOR('',#6127,1.0);
#6125=VECTOR('',#6128,1.0);
#6126=VECTOR('',#6129,1.0);
#6127=DIRECTION('',(0.07333148581459112,0.2929283804912484,0.9533181300547047));
#6128=DIRECTION('',(-0.0766957939133927,0,-0.9970545397298959));
#6129=DIRECTION('',(0,-1,0));
#6130=FACE_SURFACE('',(#6135),#6131,.T.);
#6131=PLANE('',#6132);
#6132=AXIS2_PLACEMENT_3D('',#334,#6133,#6134);
#6133=DIRECTION('',(0,1,0));
#6134=DIRECTION('',(0.0766957939133927,0,0.9970545397298959));
#6135=FACE_BOUND('',#6136,.T.);
#6136=EDGE_LOOP('',(#6137,#6138,#6139));
#6137=ORIENTED_EDGE('',*,*,#6140,.T.);
#6138=ORIENTED_EDGE('',*,*,#6141,.T.);
#6139=ORIENTED_EDGE('',*,*,#6142,.T.);
#6140=EDGE_CURVE('',#335,#443,#6143,.F.);
#6141=EDGE_CURVE('',#443,#445,#6144,.T.);
#6142=EDGE_CURVE('',#445,#335,#6145,.T.);
#6143=LINE('',#334,#6146);
#6144=LINE('',#442,#6147);
#6145=LINE('',#444,#6148);
#6146=VECTOR('',#6149,1.0);
#6147=VECTOR('',#6150,1.0);
#6148=VECTOR('',#6151,1.0);
#6149=DIRECTION('',(0.0766957939133927,0,0.9970545397298959));
#6150=DIRECTION('',(1,0,0));
#6151=DIRECTION('',(-0.7629782978787454,0,-0.6464240999267062));
#6152=FACE_SURFACE('',(#6157),#6153,.T.);
#6153=PLANE('',#6154);
#6154=AXIS2_PLACEMENT_3D('',#334,#6155,#6156);
#6155=DIRECTION('',(0,1,0));
#6156=DIRECTION('',(0.7629782978787454,0,0.6464240999267062));
#6157=FACE_BOUND('',#6158,.T.);
#6158=EDGE_LOOP('',(#6159,#6160,#6161));
#6159=ORIENTED_EDGE('',*,*,#6162,.T.);
#6160=ORIENTED_EDGE('',*,*,#6163,.T.);
#6161=ORIENTED_EDGE('',*,*,#6164,.T.);
#6162=EDGE_CURVE('',#335,#445,#6165,.F.);
#6163=EDGE_CURVE('',#445,#325,#6166,.T.);
#6164=EDGE_CURVE('',#325,#335,#6167,.T.);
#6165=LINE('',#334,#6168);
#6166=LINE('',#444,#6169);
#6167=LINE('',#324,#6170);
#6168=VECTOR('',#6171,1.0);
#6169=VECTOR('',#6172,1.0);
#6170=VECTOR('',#6173,1.0);
#6171=DIRECTION('',(0.7629782978787454,0,0.6464240999267062));
#6172=DIRECTION('',(-0.0766957939133927,0,-0.9970545397298959));
#6173=DIRECTION('',(-1,0,0));
#6174=FACE_SURFACE('',(#6179),#6175,.T.);
#6175=PLANE('',#6176);
#6176=AXIS2_PLACEMENT_3D('',#304,#6177,#6178);
#6177=DIRECTION('',(0,-1,0));
#6178=DIRECTION('',(0.0766957939133927,0,0.9970545397298959));
#6179=FACE_BOUND('',#6180,.T.);
#6180=EDGE_LOOP('',(#6181,#6182,#6183));
#6181=ORIENTED_EDGE('',*,*,#6184,.T.);
#6182=ORIENTED_EDGE('',*,*,#6185,.T.);
#6183=ORIENTED_EDGE('',*,*,#6186,.T.);
#6184=EDGE_CURVE('',#305,#447,#6187,.F.);
#6185=EDGE_CURVE('',#447,#449,#6188,.T.);
#6186=EDGE_CURVE('',#449,#305,#6189,.T.);
#6187=LINE('',#304,#6190);
#6188=LINE('',#446,#6191);
#6189=LINE('',#448,#6192);
#6190=VECTOR('',#6193,1.0);
#6191=VECTOR('',#6194,1.0);
#6192=VECTOR('',#6195,1.0);
#6193=DIRECTION('',(0.0766957939133927,0,0.9970545397298959));
#6194=DIRECTION('',(-1,0,0));
#6195=DIRECTION('',(0.9772101894233253,0,-0.2122739873070388));
#6196=FACE_SURFACE('',(#6201),#6197,.T.);
#6197=PLANE('',#6198);
#6198=AXIS2_PLACEMENT_3D('',#304,#6199,#6200);
#6199=DIRECTION('',(0,-1,0));
#6200=DIRECTION('',(-0.9772101894233253,0,0.2122739873070388));
#6201=FACE_BOUND('',#6202,.T.);
#6202=EDGE_LOOP('',(#6203,#6204,#6205));
#6203=ORIENTED_EDGE('',*,*,#6206,.T.);
#6204=ORIENTED_EDGE('',*,*,#6207,.T.);
#6205=ORIENTED_EDGE('',*,*,#6208,.T.);
#6206=EDGE_CURVE('',#305,#449,#6209,.F.);
#6207=EDGE_CURVE('',#449,#243,#6210,.T.);
#6208=EDGE_CURVE('',#243,#305,#6211,.T.);
#6209=LINE('',#304,#6212);
#6210=LINE('',#448,#6213);
#6211=LINE('',#242,#6214);
#6212=VECTOR('',#6215,1.0);
#6213=VECTOR('',#6216,1.0);
#6214=VECTOR('',#6217,1.0);
#6215=DIRECTION('',(-0.9772101894233253,0,0.2122739873070388));
#6216=DIRECTION('',(-0.0766957939133927,0,-0.9970545397298959));
#6217=DIRECTION('',(1,0,0));
#6218=FACE_SURFACE('',(#6223),#6219,.T.);
#6219=PLANE('',#6220);
#6220=AXIS2_PLACEMENT_3D('',#286,#6221,#6222);
#6221=DIRECTION('',(0.9970545397298957,0,-0.07669579391339269));
#6222=DIRECTION('',(0.0766957939133927,0,0.9970545397298959));
#6223=FACE_BOUND('',#6224,.T.);
#6224=EDGE_LOOP('',(#6225,#6226,#6227));
#6225=ORIENTED_EDGE('',*,*,#6228,.T.);
#6226=ORIENTED_EDGE('',*,*,#6229,.T.);
#6227=ORIENTED_EDGE('',*,*,#6230,.T.);
#6228=EDGE_CURVE('',#287,#429,#6231,.F.);
#6229=EDGE_CURVE('',#429,#451,#6232,.T.);
#6230=EDGE_CURVE('',#451,#287,#6233,.T.);
#6231=LINE('',#286,#6234);
#6232=LINE('',#428,#6235);
#6233=LINE('',#450,#6236);
#6234=VECTOR('',#6237,1.0);
#6235=VECTOR('',#6238,1.0);
#6236=VECTOR('',#6239,1.0);
#6237=DIRECTION('',(0.0766957939133927,0,0.9970545397298959));
#6238=DIRECTION('',(0,-1,0));
#6239=DIRECTION('',(-0.07290593580093586,0.31046184601987165,-0.9477859287259562));
#6240=FACE_SURFACE('',(#6245),#6241,.T.);
#6241=PLANE('',#6242);
#6242=AXIS2_PLACEMENT_3D('',#286,#6243,#6244);
#6243=DIRECTION('',(0.9970545397298957,0,-0.07669579391339269));
#6244=DIRECTION('',(0.07290593580093586,-0.31046184601987165,0.9477859287259562));
#6245=FACE_BOUND('',#6246,.T.);
#6246=EDGE_LOOP('',(#6247,#6248,#6249));
#6247=ORIENTED_EDGE('',*,*,#6250,.T.);
#6248=ORIENTED_EDGE('',*,*,#6251,.T.);
#6249=ORIENTED_EDGE('',*,*,#6252,.T.);
#6250=EDGE_CURVE('',#287,#451,#6253,.F.);
#6251=EDGE_CURVE('',#451,#289,#6254,.T.);
#6252=EDGE_CURVE('',#289,#287,#6255,.T.);
#6253=LINE('',#286,#6256);
#6254=LINE('',#450,#6257);
#6255=LINE('',#288,#6258);
#6256=VECTOR('',#6259,1.0);
#6257=VECTOR('',#6260,1.0);
#6258=VECTOR('',#6261,1.0);
#6259=DIRECTION('',(0.07290593580093586,-0.31046184601987165,0.9477859287259562));
#6260=DIRECTION('',(-0.0766957939133927,0,-0.9970545397298959));
#6261=DIRECTION('',(0,1,0));
#6262=FACE_SURFACE('',(#6267),#6263,.T.);
#6263=PLANE('',#6264);
#6264=AXIS2_PLACEMENT_3D('',#302,#6265,#6266);
#6265=DIRECTION('',(-0.9970545397298958,0,0.0766957939133927));
#6266=DIRECTION('',(0.0766957939133927,0,0.9970545397298959));
#6267=FACE_BOUND('',#6268,.T.);
#6268=EDGE_LOOP('',(#6269,#6270,#6271));
#6269=ORIENTED_EDGE('',*,*,#6272,.T.);
#6270=ORIENTED_EDGE('',*,*,#6273,.T.);
#6271=ORIENTED_EDGE('',*,*,#6274,.T.);
#6272=EDGE_CURVE('',#303,#453,#6275,.F.);
#6273=EDGE_CURVE('',#453,#447,#6276,.T.);
#6274=EDGE_CURVE('',#447,#303,#6277,.T.);
#6275=LINE('',#302,#6278);
#6276=LINE('',#452,#6279);
#6277=LINE('',#446,#6280);
#6278=VECTOR('',#6281,1.0);
#6279=VECTOR('',#6282,1.0);
#6280=VECTOR('',#6283,1.0);
#6281=DIRECTION('',(0.0766957939133927,0,0.9970545397298959));
#6282=DIRECTION('',(0,1,0));
#6283=DIRECTION('',(-0.05039643850854108,-0.7538075948941507,-0.6551597582769799));
#6284=FACE_SURFACE('',(#6289),#6285,.T.);
#6285=PLANE('',#6286);
#6286=AXIS2_PLACEMENT_3D('',#302,#6287,#6288);
#6287=DIRECTION('',(-0.9970545397298958,0,0.0766957939133927));
#6288=DIRECTION('',(0.05039643850854108,0.7538075948941507,0.6551597582769799));
#6289=FACE_BOUND('',#6290,.T.);
#6290=EDGE_LOOP('',(#6291,#6292,#6293));
#6291=ORIENTED_EDGE('',*,*,#6294,.T.);
#6292=ORIENTED_EDGE('',*,*,#6295,.T.);
#6293=ORIENTED_EDGE('',*,*,#6296,.T.);
#6294=EDGE_CURVE('',#303,#447,#6297,.F.);
#6295=EDGE_CURVE('',#447,#305,#6298,.T.);
#6296=EDGE_CURVE('',#305,#303,#6299,.T.);
#6297=LINE('',#302,#6300);
#6298=LINE('',#446,#6301);
#6299=LINE('',#304,#6302);
#6300=VECTOR('',#6303,1.0);
#6301=VECTOR('',#6304,1.0);
#6302=VECTOR('',#6305,1.0);
#6303=DIRECTION('',(0.05039643850854108,0.7538075948941507,0.6551597582769799));
#6304=DIRECTION('',(-0.0766957939133927,0,-0.9970545397298959));
#6305=DIRECTION('',(0,-1,0));
#6306=FACE_SURFACE('',(#6311),#6307,.T.);
#6307=PLANE('',#6308);
#6308=AXIS2_PLACEMENT_3D('',#218,#6309,#6310);
#6309=DIRECTION('',(0.9970545397298958,0,-0.0766957939133927));
#6310=DIRECTION('',(0.0766957939133927,0,0.9970545397298959));
#6311=FACE_BOUND('',#6312,.T.);
#6312=EDGE_LOOP('',(#6313,#6314,#6315));
#6313=ORIENTED_EDGE('',*,*,#6316,.T.);
#6314=ORIENTED_EDGE('',*,*,#6317,.T.);
#6315=ORIENTED_EDGE('',*,*,#6318,.T.);
#6316=EDGE_CURVE('',#219,#455,#6319,.F.);
#6317=EDGE_CURVE('',#455,#407,#6320,.T.);
#6318=EDGE_CURVE('',#407,#219,#6321,.T.);
#6319=LINE('',#218,#6322);
#6320=LINE('',#454,#6323);
#6321=LINE('',#406,#6324);
#6322=VECTOR('',#6325,1.0);
#6323=VECTOR('',#6326,1.0);
#6324=VECTOR('',#6327,1.0);
#6325=DIRECTION('',(0.0766957939133927,0,0.9970545397298959));
#6326=DIRECTION('',(0,-1,0));
#6327=DIRECTION('',(-0.05600692056203341,0.6831825680146819,-0.7280966993538857));
#6328=FACE_SURFACE('',(#6333),#6329,.T.);
#6329=PLANE('',#6330);
#6330=AXIS2_PLACEMENT_3D('',#218,#6331,#6332);
#6331=DIRECTION('',(0.9970545397298958,0,-0.0766957939133927));
#6332=DIRECTION('',(0.05600692056203341,-0.6831825680146819,0.7280966993538857));
#6333=FACE_BOUND('',#6334,.T.);
#6334=EDGE_LOOP('',(#6335,#6336,#6337));
#6335=ORIENTED_EDGE('',*,*,#6338,.T.);
#6336=ORIENTED_EDGE('',*,*,#6339,.T.);
#6337=ORIENTED_EDGE('',*,*,#6340,.T.);
#6338=EDGE_CURVE('',#219,#407,#6341,.F.);
#6339=EDGE_CURVE('',#407,#53,#6342,.T.);
#6340=EDGE_CURVE('',#53,#219,#6343,.T.);
#6341=LINE('',#218,#6344);
#6342=LINE('',#406,#6345);
#6343=LINE('',#52,#6346);
#6344=VECTOR('',#6347,1.0);
#6345=VECTOR('',#6348,1.0);
#6346=VECTOR('',#6349,1.0);
#6347=DIRECTION('',(0.05600692056203341,-0.6831825680146819,0.7280966993538857));
#6348=DIRECTION('',(-0.0766957939133927,0,-0.9970545397298959));
#6349=DIRECTION('',(0,1,0));
#6350=FACE_SURFACE('',(#6355),#6351,.T.);
#6351=PLANE('',#6352);
#6352=AXIS2_PLACEMENT_3D('',#206,#6353,#6354);
#6353=DIRECTION('',(0,1,0));
#6354=DIRECTION('',(0.0766957939133927,0,0.9970545397298959));
#6355=FACE_BOUND('',#6356,.T.);
#6356=EDGE_LOOP('',(#6357,#6358,#6359));
#6357=ORIENTED_EDGE('',*,*,#6360,.T.);
#6358=ORIENTED_EDGE('',*,*,#6361,.T.);
#6359=ORIENTED_EDGE('',*,*,#6362,.T.);
#6360=EDGE_CURVE('',#207,#457,#6363,.F.);
#6361=EDGE_CURVE('',#457,#459,#6364,.T.);
#6362=EDGE_CURVE('',#459,#207,#6365,.T.);
#6363=LINE('',#206,#6366);
#6364=LINE('',#456,#6367);
#6365=LINE('',#458,#6368);
#6366=VECTOR('',#6369,1.0);
#6367=VECTOR('',#6370,1.0);
#6368=VECTOR('',#6371,1.0);
#6369=DIRECTION('',(0.0766957939133927,0,0.9970545397298959));
#6370=DIRECTION('',(1,0,0));
#6371=DIRECTION('',(-0.9636480628681542,0,-0.26717486957132375));
#6372=FACE_SURFACE('',(#6377),#6373,.T.);
#6373=PLANE('',#6374);
#6374=AXIS2_PLACEMENT_3D('',#206,#6375,#6376);
#6375=DIRECTION('',(0,1,0));
#6376=DIRECTION('',(0.9636480628681542,0,0.26717486957132375));
#6377=FACE_BOUND('',#6378,.T.);
#6378=EDGE_LOOP('',(#6379,#6380,#6381));
#6379=ORIENTED_EDGE('',*,*,#6382,.T.);
#6380=ORIENTED_EDGE('',*,*,#6383,.T.);
#6381=ORIENTED_EDGE('',*,*,#6384,.T.);
#6382=EDGE_CURVE('',#207,#459,#6385,.F.);
#6383=EDGE_CURVE('',#459,#209,#6386,.T.);
#6384=EDGE_CURVE('',#209,#207,#6387,.T.);
#6385=LINE('',#206,#6388);
#6386=LINE('',#458,#6389);
#6387=LINE('',#208,#6390);
#6388=VECTOR('',#6391,1.0);
#6389=VECTOR('',#6392,1.0);
#6390=VECTOR('',#6393,1.0);
#6391=DIRECTION('',(0.9636480628681542,0,0.26717486957132375));
#6392=DIRECTION('',(-0.0766957939133927,0,-0.9970545397298959));
#6393=DIRECTION('',(-1,0,0));
#6394=FACE_SURFACE('',(#6399),#6395,.T.);
#6395=PLANE('',#6396);
#6396=AXIS2_PLACEMENT_3D('',#318,#6397,#6398);
#6397=DIRECTION('',(0,-1,0));
#6398=DIRECTION('',(0.0766957939133927,0,0.9970545397298959));
#6399=FACE_BOUND('',#6400,.T.);
#6400=EDGE_LOOP('',(#6401,#6402,#6403));
#6401=ORIENTED_EDGE('',*,*,#6404,.T.);
#6402=ORIENTED_EDGE('',*,*,#6405,.T.);
#6403=ORIENTED_EDGE('',*,*,#6406,.T.);
#6404=EDGE_CURVE('',#319,#461,#6407,.F.);
#6405=EDGE_CURVE('',#461,#463,#6408,.T.);
#6406=EDGE_CURVE('',#463,#319,#6409,.T.);
#6407=LINE('',#318,#6410);
#6408=LINE('',#460,#6411);
#6409=LINE('',#462,#6412);
#6410=VECTOR('',#6413,1.0);
#6411=VECTOR('',#6414,1.0);
#6412=VECTOR('',#6415,1.0);
#6413=DIRECTION('',(0.0766957939133927,0,0.9970545397298959));
#6414=DIRECTION('',(-1,0,0));
#6415=DIRECTION('',(0.6129610724694663,0,-0.7901131081288816));
#6416=FACE_SURFACE('',(#6421),#6417,.T.);
#6417=PLANE('',#6418);
#6418=AXIS2_PLACEMENT_3D('',#318,#6419,#6420);
#6419=DIRECTION('',(0,-1,0));
#6420=DIRECTION('',(-0.6129610724694663,0,0.7901131081288816));
#6421=FACE_BOUND('',#6422,.T.);
#6422=EDGE_LOOP('',(#6423,#6424,#6425));
#6423=ORIENTED_EDGE('',*,*,#6426,.T.);
#6424=ORIENTED_EDGE('',*,*,#6427,.T.);
#6425=ORIENTED_EDGE('',*,*,#6428,.T.);
#6426=EDGE_CURVE('',#319,#463,#6429,.F.);
#6427=EDGE_CURVE('',#463,#321,#6430,.T.);
#6428=EDGE_CURVE('',#321,#319,#6431,.T.);
#6429=LINE('',#318,#6432);
#6430=LINE('',#462,#6433);
#6431=LINE('',#320,#6434);
#6432=VECTOR('',#6435,1.0);
#6433=VECTOR('',#6436,1.0);
#6434=VECTOR('',#6437,1.0);
#6435=DIRECTION('',(-0.6129610724694663,0,0.7901131081288816));
#6436=DIRECTION('',(-0.0766957939133927,0,-0.9970545397298959));
#6437=DIRECTION('',(1,0,0));
#6438=FACE_SURFACE('',(#6443),#6439,.T.);
#6439=PLANE('',#6440);
#6440=AXIS2_PLACEMENT_3D('',#372,#6441,#6442);
#6441=DIRECTION('',(-0.9970545397298959,0,0.0766957939133927));
#6442=DIRECTION('',(0.0766957939133927,0,0.9970545397298959));
#6443=FACE_BOUND('',#6444,.T.);
#6444=EDGE_LOOP('',(#6445,#6446,#6447));
#6445=ORIENTED_EDGE('',*,*,#6448,.T.);
#6446=ORIENTED_EDGE('',*,*,#6449,.T.);
#6447=ORIENTED_EDGE('',*,*,#6450,.T.);
#6448=EDGE_CURVE('',#373,#465,#6451,.F.);
#6449=EDGE_CURVE('',#465,#467,#6452,.T.);
#6450=EDGE_CURVE('',#467,#373,#6453,.T.);
#6451=LINE('',#372,#6454);
#6452=LINE('',#464,#6455);
#6453=LINE('',#466,#6456);
#6454=VECTOR('',#6457,1.0);
#6455=VECTOR('',#6458,1.0);
#6456=VECTOR('',#6459,1.0);
#6457=DIRECTION('',(0.0766957939133927,0,0.9970545397298959));
#6458=DIRECTION('',(0,1,0));
#6459=DIRECTION('',(-0.05039641470241087,-0.7538078654674061,-0.6551594487944257));
#6460=FACE_SURFACE('',(#6465),#6461,.T.);
#6461=PLANE('',#6462);
#6462=AXIS2_PLACEMENT_3D('',#372,#6463,#6464);
#6463=DIRECTION('',(-0.9970545397298959,0,0.0766957939133927));
#6464=DIRECTION('',(0.05039641470241087,0.7538078654674061,0.6551594487944257));
#6465=FACE_BOUND('',#6466,.T.);
#6466=EDGE_LOOP('',(#6467,#6468,#6469));
#6467=ORIENTED_EDGE('',*,*,#6470,.T.);
#6468=ORIENTED_EDGE('',*,*,#6471,.T.);
#6469=ORIENTED_EDGE('',*,*,#6472,.T.);
#6470=EDGE_CURVE('',#373,#467,#6473,.F.);
#6471=EDGE_CURVE('',#467,#81,#6474,.T.);
#6472=EDGE_CURVE('',#81,#373,#6475,.T.);
#6473=LINE('',#372,#6476);
#6474=LINE('',#466,#6477);
#6475=LINE('',#80,#6478);
#6476=VECTOR('',#6479,1.0);
#6477=VECTOR('',#6480,1.0);
#6478=VECTOR('',#6481,1.0);
#6479=DIRECTION('',(0.05039641470241087,0.7538078654674061,0.6551594487944257));
#6480=DIRECTION('',(-0.0766957939133927,0,-0.9970545397298959));
#6481=DIRECTION('',(0,-1,0));
#6482=FACE_SURFACE('',(#6487),#6483,.T.);
#6483=PLANE('',#6484);
#6484=AXIS2_PLACEMENT_3D('',#276,#6485,#6486);
#6485=DIRECTION('',(0,-1,0));
#6486=DIRECTION('',(0.0766957939133927,0,0.9970545397298959));
#6487=FACE_BOUND('',#6488,.T.);
#6488=EDGE_LOOP('',(#6489,#6490,#6491));
#6489=ORIENTED_EDGE('',*,*,#6492,.T.);
#6490=ORIENTED_EDGE('',*,*,#6493,.T.);
#6491=ORIENTED_EDGE('',*,*,#6494,.T.);
#6492=EDGE_CURVE('',#277,#441,#6495,.F.);
#6493=EDGE_CURVE('',#441,#469,#6496,.T.);
#6494=EDGE_CURVE('',#469,#277,#6497,.T.);
#6495=LINE('',#276,#6498);
#6496=LINE('',#440,#6499);
#6497=LINE('',#468,#6500);
#6498=VECTOR('',#6501,1.0);
#6499=VECTOR('',#6502,1.0);
#6500=VECTOR('',#6503,1.0);
#6501=DIRECTION('',(0.0766957939133927,0,0.9970545397298959));
#6502=DIRECTION('',(-1,0,0));
#6503=DIRECTION('',(0.7161212609388278,0,-0.6979758875716149));
#6504=FACE_SURFACE('',(#6509),#6505,.T.);
#6505=PLANE('',#6506);
#6506=AXIS2_PLACEMENT_3D('',#276,#6507,#6508);
#6507=DIRECTION('',(0,-1,0));
#6508=DIRECTION('',(-0.7161212609388278,0,0.6979758875716149));
#6509=FACE_BOUND('',#6510,.T.);
#6510=EDGE_LOOP('',(#6511,#6512,#6513));
#6511=ORIENTED_EDGE('',*,*,#6514,.T.);
#6512=ORIENTED_EDGE('',*,*,#6515,.T.);
#6513=ORIENTED_EDGE('',*,*,#6516,.T.);
#6514=EDGE_CURVE('',#277,#469,#6517,.F.);
#6515=EDGE_CURVE('',#469,#279,#6518,.T.);
#6516=EDGE_CURVE('',#279,#277,#6519,.T.);
#6517=LINE('',#276,#6520);
#6518=LINE('',#468,#6521);
#6519=LINE('',#278,#6522);
#6520=VECTOR('',#6523,1.0);
#6521=VECTOR('',#6524,1.0);
#6522=VECTOR('',#6525,1.0);
#6523=DIRECTION('',(-0.7161212609388278,0,0.6979758875716149));
#6524=DIRECTION('',(-0.0766957939133927,0,-0.9970545397298959));
#6525=DIRECTION('',(1,0,0));
#6526=FACE_SURFACE('',(#6531),#6527,.T.);
#6527=PLANE('',#6528);
#6528=AXIS2_PLACEMENT_3D('',#222,#6529,#6530);
#6529=DIRECTION('',(0,1,0));
#6530=DIRECTION('',(0.0766957939133927,0,0.9970545397298959));
#6531=FACE_BOUND('',#6532,.T.);
#6532=EDGE_LOOP('',(#6533,#6534,#6535));
#6533=ORIENTED_EDGE('',*,*,#6536,.T.);
#6534=ORIENTED_EDGE('',*,*,#6537,.T.);
#6535=ORIENTED_EDGE('',*,*,#6538,.T.);
#6536=EDGE_CURVE('',#223,#471,#6539,.F.);
#6537=EDGE_CURVE('',#471,#387,#6540,.T.);
#6538=EDGE_CURVE('',#387,#223,#6541,.T.);
#6539=LINE('',#222,#6542);
#6540=LINE('',#470,#6543);
#6541=LINE('',#386,#6544);
#6542=VECTOR('',#6545,1.0);
#6543=VECTOR('',#6546,1.0);
#6544=VECTOR('',#6547,1.0);
#6545=DIRECTION('',(0.0766957939133927,0,0.9970545397298959));
#6546=DIRECTION('',(1,0,0));
#6547=DIRECTION('',(-0.9636481115129614,0,-0.26717469411885403));
#6548=FACE_SURFACE('',(#6553),#6549,.T.);
#6549=PLANE('',#6550);
#6550=AXIS2_PLACEMENT_3D('',#222,#6551,#6552);
#6551=DIRECTION('',(0,1,0));
#6552=DIRECTION('',(0.9636481115129614,0,0.26717469411885403));
#6553=FACE_BOUND('',#6554,.T.);
#6554=EDGE_LOOP('',(#6555,#6556,#6557));
#6555=ORIENTED_EDGE('',*,*,#6558,.T.);
#6556=ORIENTED_EDGE('',*,*,#6559,.T.);
#6557=ORIENTED_EDGE('',*,*,#6560,.T.);
#6558=EDGE_CURVE('',#223,#387,#6561,.F.);
#6559=EDGE_CURVE('',#387,#363,#6562,.T.);
#6560=EDGE_CURVE('',#363,#223,#6563,.T.);
#6561=LINE('',#222,#6564);
#6562=LINE('',#386,#6565);
#6563=LINE('',#362,#6566);
#6564=VECTOR('',#6567,1.0);
#6565=VECTOR('',#6568,1.0);
#6566=VECTOR('',#6569,1.0);
#6567=DIRECTION('',(0.9636481115129614,0,0.26717469411885403));
#6568=DIRECTION('',(-0.0766957939133927,0,-0.9970545397298959));
#6569=DIRECTION('',(-1,0,0));
#6570=FACE_SURFACE('',(#6575),#6571,.T.);
#6571=PLANE('',#6572);
#6572=AXIS2_PLACEMENT_3D('',#162,#6573,#6574);
#6573=DIRECTION('',(-0.9970545397298958,0,0.07669579391339269));
#6574=DIRECTION('',(0.0766957939133927,0,0.9970545397298959));
#6575=FACE_BOUND('',#6576,.T.);
#6576=EDGE_LOOP('',(#6577,#6578,#6579));
#6577=ORIENTED_EDGE('',*,*,#6580,.T.);
#6578=ORIENTED_EDGE('',*,*,#6581,.T.);
#6579=ORIENTED_EDGE('',*,*,#6582,.T.);
#6580=EDGE_CURVE('',#163,#473,#6583,.F.);
#6581=EDGE_CURVE('',#473,#475,#6584,.T.);
#6582=EDGE_CURVE('',#475,#163,#6585,.T.);
#6583=LINE('',#162,#6586);
#6584=LINE('',#472,#6587);
#6585=LINE('',#474,#6588);
#6586=VECTOR('',#6589,1.0);
#6587=VECTOR('',#6590,1.0);
#6588=VECTOR('',#6591,1.0);
#6589=DIRECTION('',(0.0766957939133927,0,0.9970545397298959));
#6590=DIRECTION('',(0,1,0));
#6591=DIRECTION('',(-0.05039640676703723,-0.753807955658406,-0.6551593456336144));
#6592=FACE_SURFACE('',(#6597),#6593,.T.);
#6593=PLANE('',#6594);
#6594=AXIS2_PLACEMENT_3D('',#162,#6595,#6596);
#6595=DIRECTION('',(-0.9970545397298958,0,0.07669579391339269));
#6596=DIRECTION('',(0.05039640676703723,0.753807955658406,0.6551593456336144));
#6597=FACE_BOUND('',#6598,.T.);
#6598=EDGE_LOOP('',(#6599,#6600,#6601));
#6599=ORIENTED_EDGE('',*,*,#6602,.T.);
#6600=ORIENTED_EDGE('',*,*,#6603,.T.);
#6601=ORIENTED_EDGE('',*,*,#6604,.T.);
#6602=EDGE_CURVE('',#163,#475,#6605,.F.);
#6603=EDGE_CURVE('',#475,#159,#6606,.T.);
#6604=EDGE_CURVE('',#159,#163,#6607,.T.);
#6605=LINE('',#162,#6608);
#6606=LINE('',#474,#6609);
#6607=LINE('',#158,#6610);
#6608=VECTOR('',#6611,1.0);
#6609=VECTOR('',#6612,1.0);
#6610=VECTOR('',#6613,1.0);
#6611=DIRECTION('',(0.05039640676703723,0.753807955658406,0.6551593456336144));
#6612=DIRECTION('',(-0.0766957939133927,0,-0.9970545397298959));
#6613=DIRECTION('',(0,-1,0));
#6614=FACE_SURFACE('',(#6619),#6615,.T.);
#6615=PLANE('',#6616);
#6616=AXIS2_PLACEMENT_3D('',#38,#6617,#6618);
#6617=DIRECTION('',(0.9970545397298958,0,-0.0766957939133927));
#6618=DIRECTION('',(0.0766957939133927,0,0.9970545397298959));
#6619=FACE_BOUND('',#6620,.T.);
#6620=EDGE_LOOP('',(#6621,#6622,#6623));
#6621=ORIENTED_EDGE('',*,*,#6624,.T.);
#6622=ORIENTED_EDGE('',*,*,#6625,.T.);
#6623=ORIENTED_EDGE('',*,*,#6626,.T.);
#6624=EDGE_CURVE('',#39,#477,#6627,.F.);
#6625=EDGE_CURVE('',#477,#479,#6628,.T.);
#6626=EDGE_CURVE('',#479,#39,#6629,.T.);
#6627=LINE('',#38,#6630);
#6628=LINE('',#476,#6631);
#6629=LINE('',#478,#6632);
#6630=VECTOR('',#6633,1.0);
#6631=VECTOR('',#6634,1.0);
#6632=VECTOR('',#6635,1.0);
#6633=DIRECTION('',(0.0766957939133927,0,0.9970545397298959));
#6634=DIRECTION('',(0,-1,0));
#6635=DIRECTION('',(-0.016069995125789438,0.9778024271598197,-0.20891186825315283));
#6636=FACE_SURFACE('',(#6641),#6637,.T.);
#6637=PLANE('',#6638);
#6638=AXIS2_PLACEMENT_3D('',#38,#6639,#6640);
#6639=DIRECTION('',(0.9970545397298958,0,-0.0766957939133927));
#6640=DIRECTION('',(0.016069995125789438,-0.9778024271598197,0.20891186825315283));
#6641=FACE_BOUND('',#6642,.T.);
#6642=EDGE_LOOP('',(#6643,#6644,#6645));
#6643=ORIENTED_EDGE('',*,*,#6646,.T.);
#6644=ORIENTED_EDGE('',*,*,#6647,.T.);
#6645=ORIENTED_EDGE('',*,*,#6648,.T.);
#6646=EDGE_CURVE('',#39,#479,#6649,.F.);
#6647=EDGE_CURVE('',#479,#41,#6650,.T.);
#6648=EDGE_CURVE('',#41,#39,#6651,.T.);
#6649=LINE('',#38,#6652);
#6650=LINE('',#478,#6653);
#6651=LINE('',#40,#6654);
#6652=VECTOR('',#6655,1.0);
#6653=VECTOR('',#6656,1.0);
#6654=VECTOR('',#6657,1.0);
#6655=DIRECTION('',(0.016069995125789438,-0.9778024271598197,0.20891186825315283));
#6656=DIRECTION('',(-0.0766957939133927,0,-0.9970545397298959));
#6657=DIRECTION('',(0,1,0));
#6658=FACE_SURFACE('',(#6663),#6659,.T.);
#6659=PLANE('',#6660);
#6660=AXIS2_PLACEMENT_3D('',#144,#6661,#6662);
#6661=DIRECTION('',(0.9970545397298958,0,-0.07669579391339269));
#6662=DIRECTION('',(0.0766957939133927,0,0.9970545397298959));
#6663=FACE_BOUND('',#6664,.T.);
#6664=EDGE_LOOP('',(#6665,#6666,#6667));
#6665=ORIENTED_EDGE('',*,*,#6668,.T.);
#6666=ORIENTED_EDGE('',*,*,#6669,.T.);
#6667=ORIENTED_EDGE('',*,*,#6670,.T.);
#6668=EDGE_CURVE('',#145,#481,#6671,.F.);
#6669=EDGE_CURVE('',#481,#483,#6672,.T.);
#6670=EDGE_CURVE('',#483,#145,#6673,.T.);
#6671=LINE('',#144,#6674);
#6672=LINE('',#480,#6675);
#6673=LINE('',#482,#6676);
#6674=VECTOR('',#6677,1.0);
#6675=VECTOR('',#6678,1.0);
#6676=VECTOR('',#6679,1.0);
#6677=DIRECTION('',(0.0766957939133927,0,0.9970545397298959));
#6678=DIRECTION('',(0,-1,0));
#6679=DIRECTION('',(-0.013383208542460672,0.9846576532933808,-0.17398331971738323));
#6680=FACE_SURFACE('',(#6685),#6681,.T.);
#6681=PLANE('',#6682);
#6682=AXIS2_PLACEMENT_3D('',#144,#6683,#6684);
#6683=DIRECTION('',(0.9970545397298958,0,-0.07669579391339269));
#6684=DIRECTION('',(0.013383208542460672,-0.9846576532933808,0.17398331971738323));
#6685=FACE_BOUND('',#6686,.T.);
#6686=EDGE_LOOP('',(#6687,#6688,#6689));
#6687=ORIENTED_EDGE('',*,*,#6690,.T.);
#6688=ORIENTED_EDGE('',*,*,#6691,.T.);
#6689=ORIENTED_EDGE('',*,*,#6692,.T.);
#6690=EDGE_CURVE('',#145,#483,#6693,.F.);
#6691=EDGE_CURVE('',#483,#129,#6694,.T.);
#6692=EDGE_CURVE('',#129,#145,#6695,.T.);
#6693=LINE('',#144,#6696);
#6694=LINE('',#482,#6697);
#6695=LINE('',#128,#6698);
#6696=VECTOR('',#6699,1.0);
#6697=VECTOR('',#6700,1.0);
#6698=VECTOR('',#6701,1.0);
#6699=DIRECTION('',(0.013383208542460672,-0.9846576532933808,0.17398331971738323));
#6700=DIRECTION('',(-0.0766957939133927,0,-0.9970545397298959));
#6701=DIRECTION('',(0,1,0));
#6702=FACE_SURFACE('',(#6707),#6703,.T.);
#6703=PLANE('',#6704);
#6704=AXIS2_PLACEMENT_3D('',#366,#6705,#6706);
#6705=DIRECTION('',(0,1,0));
#6706=DIRECTION('',(0.0766957939133927,0,0.9970545397298959));
#6707=FACE_BOUND('',#6708,.T.);
#6708=EDGE_LOOP('',(#6709,#6710,#6711));
#6709=ORIENTED_EDGE('',*,*,#6712,.T.);
#6710=ORIENTED_EDGE('',*,*,#6713,.T.);
#6711=ORIENTED_EDGE('',*,*,#6714,.T.);
#6712=EDGE_CURVE('',#367,#485,#6715,.F.);
#6713=EDGE_CURVE('',#485,#487,#6716,.T.);
#6714=EDGE_CURVE('',#487,#367,#6717,.T.);
#6715=LINE('',#366,#6718);
#6716=LINE('',#484,#6719);
#6717=LINE('',#486,#6720);
#6718=VECTOR('',#6721,1.0);
#6719=VECTOR('',#6722,1.0);
#6720=VECTOR('',#6723,1.0);
#6721=DIRECTION('',(0.0766957939133927,0,0.9970545397298959));
#6722=DIRECTION('',(1,0,0));
#6723=DIRECTION('',(-0.7752905012599268,0,-0.6316048120907025));
#6724=FACE_SURFACE('',(#6729),#6725,.T.);
#6725=PLANE('',#6726);
#6726=AXIS2_PLACEMENT_3D('',#366,#6727,#6728);
#6727=DIRECTION('',(0,1,0));
#6728=DIRECTION('',(0.7752905012599268,0,0.6316048120907025));
#6729=FACE_BOUND('',#6730,.T.);
#6730=EDGE_LOOP('',(#6731,#6732,#6733));
#6731=ORIENTED_EDGE('',*,*,#6734,.T.);
#6732=ORIENTED_EDGE('',*,*,#6735,.T.);
#6733=ORIENTED_EDGE('',*,*,#6736,.T.);
#6734=EDGE_CURVE('',#367,#487,#6737,.F.);
#6735=EDGE_CURVE('',#487,#225,#6738,.T.);
#6736=EDGE_CURVE('',#225,#367,#6739,.T.);
#6737=LINE('',#366,#6740);
#6738=LINE('',#486,#6741);
#6739=LINE('',#224,#6742);
#6740=VECTOR('',#6743,1.0);
#6741=VECTOR('',#6744,1.0);
#6742=VECTOR('',#6745,1.0);
#6743=DIRECTION('',(0.7752905012599268,0,0.6316048120907025));
#6744=DIRECTION('',(-0.0766957939133927,0,-0.9970545397298959));
#6745=DIRECTION('',(-1,0,0));
#6746=FACE_SURFACE('',(#6751),#6747,.T.);
#6747=PLANE('',#6748);
#6748=AXIS2_PLACEMENT_3D('',#100,#6749,#6750);
#6749=DIRECTION('',(-0.9970545397298959,0,0.0766957939133927));
#6750=DIRECTION('',(0.0766957939133927,0,0.9970545397298959));
#6751=FACE_BOUND('',#6752,.T.);
#6752=EDGE_LOOP('',(#6753,#6754,#6755));
#6753=ORIENTED_EDGE('',*,*,#6756,.T.);
#6754=ORIENTED_EDGE('',*,*,#6757,.T.);
#6755=ORIENTED_EDGE('',*,*,#6758,.T.);
#6756=EDGE_CURVE('',#101,#489,#6759,.F.);
#6757=EDGE_CURVE('',#489,#491,#6760,.T.);
#6758=EDGE_CURVE('',#491,#101,#6761,.T.);
#6759=LINE('',#100,#6762);
#6760=LINE('',#488,#6763);
#6761=LINE('',#490,#6764);
#6762=VECTOR('',#6765,1.0);
#6763=VECTOR('',#6766,1.0);
#6764=VECTOR('',#6767,1.0);
#6765=DIRECTION('',(0.0766957939133927,0,0.9970545397298959));
#6766=DIRECTION('',(0,1,0));
#6767=DIRECTION('',(-0.05039641470241087,-0.7538078654674061,-0.6551594487944257));
#6768=FACE_SURFACE('',(#6773),#6769,.T.);
#6769=PLANE('',#6770);
#6770=AXIS2_PLACEMENT_3D('',#100,#6771,#6772);
#6771=DIRECTION('',(-0.9970545397298959,0,0.0766957939133927));
#6772=DIRECTION('',(0.05039641470241087,0.7538078654674061,0.6551594487944257));
#6773=FACE_BOUND('',#6774,.T.);
#6774=EDGE_LOOP('',(#6775,#6776,#6777));
#6775=ORIENTED_EDGE('',*,*,#6778,.T.);
#6776=ORIENTED_EDGE('',*,*,#6779,.T.);
#6777=ORIENTED_EDGE('',*,*,#6780,.T.);
#6778=EDGE_CURVE('',#101,#491,#6781,.F.);
#6779=EDGE_CURVE('',#491,#87,#6782,.T.);
#6780=EDGE_CURVE('',#87,#101,#6783,.T.);
#6781=LINE('',#100,#6784);
#6782=LINE('',#490,#6785);
#6783=LINE('',#86,#6786);
#6784=VECTOR('',#6787,1.0);
#6785=VECTOR('',#6788,1.0);
#6786=VECTOR('',#6789,1.0);
#6787=DIRECTION('',(0.05039641470241087,0.7538078654674061,0.6551594487944257));
#6788=DIRECTION('',(-0.0766957939133927,0,-0.9970545397298959));
#6789=DIRECTION('',(0,-1,0));
#6790=FACE_SURFACE('',(#6795),#6791,.T.);
#6791=PLANE('',#6792);
#6792=AXIS2_PLACEMENT_3D('',#230,#6793,#6794);
#6793=DIRECTION('',(0,1,0));
#6794=DIRECTION('',(0.0766957939133927,0,0.9970545397298959));
#6795=FACE_BOUND('',#6796,.T.);
#6796=EDGE_LOOP('',(#6797,#6798,#6799));
#6797=ORIENTED_EDGE('',*,*,#6800,.T.);
#6798=ORIENTED_EDGE('',*,*,#6801,.T.);
#6799=ORIENTED_EDGE('',*,*,#6802,.T.);
#6800=EDGE_CURVE('',#231,#493,#6803,.F.);
#6801=EDGE_CURVE('',#493,#425,#6804,.T.);
#6802=EDGE_CURVE('',#425,#231,#6805,.T.);
#6803=LINE('',#230,#6806);
#6804=LINE('',#492,#6807);
#6805=LINE('',#424,#6808);
#6806=VECTOR('',#6809,1.0);
#6807=VECTOR('',#6810,1.0);
#6808=VECTOR('',#6811,1.0);
#6809=DIRECTION('',(0.0766957939133927,0,0.9970545397298959));
#6810=DIRECTION('',(1,0,0));
#6811=DIRECTION('',(-0.7752905012599268,0,-0.6316048120907025));
#6812=FACE_SURFACE('',(#6817),#6813,.T.);
#6813=PLANE('',#6814);
#6814=AXIS2_PLACEMENT_3D('',#230,#6815,#6816);
#6815=DIRECTION('',(0,1,0));
#6816=DIRECTION('',(0.7752905012599268,0,0.6316048120907025));
#6817=FACE_BOUND('',#6818,.T.);
#6818=EDGE_LOOP('',(#6819,#6820,#6821));
#6819=ORIENTED_EDGE('',*,*,#6822,.T.);
#6820=ORIENTED_EDGE('',*,*,#6823,.T.);
#6821=ORIENTED_EDGE('',*,*,#6824,.T.);
#6822=EDGE_CURVE('',#231,#425,#6825,.F.);
#6823=EDGE_CURVE('',#425,#235,#6826,.T.);
#6824=EDGE_CURVE('',#235,#231,#6827,.T.);
#6825=LINE('',#230,#6828);
#6826=LINE('',#424,#6829);
#6827=LINE('',#234,#6830);
#6828=VECTOR('',#6831,1.0);
#6829=VECTOR('',#6832,1.0);
#6830=VECTOR('',#6833,1.0);
#6831=DIRECTION('',(0.7752905012599268,0,0.6316048120907025));
#6832=DIRECTION('',(-0.0766957939133927,0,-0.9970545397298959));
#6833=DIRECTION('',(-1,0,0));
#6834=FACE_SURFACE('',(#6839),#6835,.T.);
#6835=PLANE('',#6836);
#6836=AXIS2_PLACEMENT_3D('',#188,#6837,#6838);
#6837=DIRECTION('',(-0.9970545397298958,0,0.0766957939133927));
#6838=DIRECTION('',(0.0766957939133927,0,0.9970545397298959));
#6839=FACE_BOUND('',#6840,.T.);
#6840=EDGE_LOOP('',(#6841,#6842,#6843));
#6841=ORIENTED_EDGE('',*,*,#6844,.T.);
#6842=ORIENTED_EDGE('',*,*,#6845,.T.);
#6843=ORIENTED_EDGE('',*,*,#6846,.T.);
#6844=EDGE_CURVE('',#189,#495,#6847,.F.);
#6845=EDGE_CURVE('',#495,#497,#6848,.T.);
#6846=EDGE_CURVE('',#497,#189,#6849,.T.);
#6847=LINE('',#188,#6850);
#6848=LINE('',#494,#6851);
#6849=LINE('',#496,#6852);
#6850=VECTOR('',#6853,1.0);
#6851=VECTOR('',#6854,1.0);
#6852=VECTOR('',#6855,1.0);
#6853=DIRECTION('',(0.0766957939133927,0,0.9970545397298959));
#6854=DIRECTION('',(0,1,0));
#6855=DIRECTION('',(-0.05039643850854108,-0.7538075948941507,-0.6551597582769799));
#6856=FACE_SURFACE('',(#6861),#6857,.T.);
#6857=PLANE('',#6858);
#6858=AXIS2_PLACEMENT_3D('',#188,#6859,#6860);
#6859=DIRECTION('',(-0.9970545397298958,0,0.0766957939133927));
#6860=DIRECTION('',(0.05039643850854108,0.7538075948941507,0.6551597582769799));
#6861=FACE_BOUND('',#6862,.T.);
#6862=EDGE_LOOP('',(#6863,#6864,#6865));
#6863=ORIENTED_EDGE('',*,*,#6866,.T.);
#6864=ORIENTED_EDGE('',*,*,#6867,.T.);
#6865=ORIENTED_EDGE('',*,*,#6868,.T.);
#6866=EDGE_CURVE('',#189,#497,#6869,.F.);
#6867=EDGE_CURVE('',#497,#181,#6870,.T.);
#6868=EDGE_CURVE('',#181,#189,#6871,.T.);
#6869=LINE('',#188,#6872);
#6870=LINE('',#496,#6873);
#6871=LINE('',#180,#6874);
#6872=VECTOR('',#6875,1.0);
#6873=VECTOR('',#6876,1.0);
#6874=VECTOR('',#6877,1.0);
#6875=DIRECTION('',(0.05039643850854108,0.7538075948941507,0.6551597582769799));
#6876=DIRECTION('',(-0.0766957939133927,0,-0.9970545397298959));
#6877=DIRECTION('',(0,-1,0));
#6878=FACE_SURFACE('',(#6883),#6879,.T.);
#6879=PLANE('',#6880);
#6880=AXIS2_PLACEMENT_3D('',#220,#6881,#6882);
#6881=DIRECTION('',(0.9970545397298958,0,-0.07669579391339269));
#6882=DIRECTION('',(0.0766957939133927,0,0.9970545397298959));
#6883=FACE_BOUND('',#6884,.T.);
#6884=EDGE_LOOP('',(#6885,#6886,#6887));
#6885=ORIENTED_EDGE('',*,*,#6888,.T.);
#6886=ORIENTED_EDGE('',*,*,#6889,.T.);
#6887=ORIENTED_EDGE('',*,*,#6890,.T.);
#6888=EDGE_CURVE('',#221,#499,#6891,.F.);
#6889=EDGE_CURVE('',#499,#471,#6892,.T.);
#6890=EDGE_CURVE('',#471,#221,#6893,.T.);
#6891=LINE('',#220,#6894);
#6892=LINE('',#498,#6895);
#6893=LINE('',#470,#6896);
#6894=VECTOR('',#6897,1.0);
#6895=VECTOR('',#6898,1.0);
#6896=VECTOR('',#6899,1.0);
#6897=DIRECTION('',(0.0766957939133927,0,0.9970545397298959));
#6898=DIRECTION('',(0,-1,0));
#6899=DIRECTION('',(-0.0160699935558558,0.977802431546165,-0.20891184784382683));
#6900=FACE_SURFACE('',(#6905),#6901,.T.);
#6901=PLANE('',#6902);
#6902=AXIS2_PLACEMENT_3D('',#220,#6903,#6904);
#6903=DIRECTION('',(0.9970545397298958,0,-0.07669579391339269));
#6904=DIRECTION('',(0.0160699935558558,-0.977802431546165,0.20891184784382683));
#6905=FACE_BOUND('',#6906,.T.);
#6906=EDGE_LOOP('',(#6907,#6908,#6909));
#6907=ORIENTED_EDGE('',*,*,#6910,.T.);
#6908=ORIENTED_EDGE('',*,*,#6911,.T.);
#6909=ORIENTED_EDGE('',*,*,#6912,.T.);
#6910=EDGE_CURVE('',#221,#471,#6913,.F.);
#6911=EDGE_CURVE('',#471,#223,#6914,.T.);
#6912=EDGE_CURVE('',#223,#221,#6915,.T.);
#6913=LINE('',#220,#6916);
#6914=LINE('',#470,#6917);
#6915=LINE('',#222,#6918);
#6916=VECTOR('',#6919,1.0);
#6917=VECTOR('',#6920,1.0);
#6918=VECTOR('',#6921,1.0);
#6919=DIRECTION('',(0.0160699935558558,-0.977802431546165,0.20891184784382683));
#6920=DIRECTION('',(-0.0766957939133927,0,-0.9970545397298959));
#6921=DIRECTION('',(0,1,0));
#6922=FACE_SURFACE('',(#6927),#6923,.T.);
#6923=PLANE('',#6924);
#6924=AXIS2_PLACEMENT_3D('',#130,#6925,#6926);
#6925=DIRECTION('',(0.9970545397298959,0,-0.0766957939133927));
#6926=DIRECTION('',(0.0766957939133927,0,0.9970545397298959));
#6927=FACE_BOUND('',#6928,.T.);
#6928=EDGE_LOOP('',(#6929,#6930,#6931));
#6929=ORIENTED_EDGE('',*,*,#6932,.T.);
#6930=ORIENTED_EDGE('',*,*,#6933,.T.);
#6931=ORIENTED_EDGE('',*,*,#6934,.T.);
#6932=EDGE_CURVE('',#131,#501,#6935,.F.);
#6933=EDGE_CURVE('',#501,#503,#6936,.T.);
#6934=EDGE_CURVE('',#503,#131,#6937,.T.);
#6935=LINE('',#130,#6938);
#6936=LINE('',#500,#6939);
#6937=LINE('',#502,#6940);
#6938=VECTOR('',#6941,1.0);
#6939=VECTOR('',#6942,1.0);
#6940=VECTOR('',#6943,1.0);
#6941=DIRECTION('',(0.0766957939133927,0,0.9970545397298959));
#6942=DIRECTION('',(0,-1,0));
#6943=DIRECTION('',(-0.02500640433439094,0.9453536914407272,-0.32508626212384834));
#6944=FACE_SURFACE('',(#6949),#6945,.T.);
#6945=PLANE('',#6946);
#6946=AXIS2_PLACEMENT_3D('',#130,#6947,#6948);
#6947=DIRECTION('',(0.9970545397298959,0,-0.0766957939133927));
#6948=DIRECTION('',(0.02500640433439094,-0.9453536914407272,0.32508626212384834));
#6949=FACE_BOUND('',#6950,.T.);
#6950=EDGE_LOOP('',(#6951,#6952,#6953));
#6951=ORIENTED_EDGE('',*,*,#6954,.T.);
#6952=ORIENTED_EDGE('',*,*,#6955,.T.);
#6953=ORIENTED_EDGE('',*,*,#6956,.T.);
#6954=EDGE_CURVE('',#131,#503,#6957,.F.);
#6955=EDGE_CURVE('',#503,#133,#6958,.T.);
#6956=EDGE_CURVE('',#133,#131,#6959,.T.);
#6957=LINE('',#130,#6960);
#6958=LINE('',#502,#6961);
#6959=LINE('',#132,#6962);
#6960=VECTOR('',#6963,1.0);
#6961=VECTOR('',#6964,1.0);
#6962=VECTOR('',#6965,1.0);
#6963=DIRECTION('',(0.02500640433439094,-0.9453536914407272,0.32508626212384834));
#6964=DIRECTION('',(-0.0766957939133927,0,-0.9970545397298959));
#6965=DIRECTION('',(0,1,0));
#6966=FACE_SURFACE('',(#6971),#6967,.T.);
#6967=PLANE('',#6968);
#6968=AXIS2_PLACEMENT_3D('',#128,#6969,#6970);
#6969=DIRECTION('',(0,1,0));
#6970=DIRECTION('',(0.0766957939133927,0,0.9970545397298959));
#6971=FACE_BOUND('',#6972,.T.);
#6972=EDGE_LOOP('',(#6973,#6974,#6975));
#6973=ORIENTED_EDGE('',*,*,#6976,.T.);
#6974=ORIENTED_EDGE('',*,*,#6977,.T.);
#6975=ORIENTED_EDGE('',*,*,#6978,.T.);
#6976=EDGE_CURVE('',#129,#483,#6979,.F.);
#6977=EDGE_CURVE('',#483,#501,#6980,.T.);
#6978=EDGE_CURVE('',#501,#129,#6981,.T.);
#6979=LINE('',#128,#6982);
#6980=LINE('',#482,#6983);
#6981=LINE('',#500,#6984);
#6982=VECTOR('',#6985,1.0);
#6983=VECTOR('',#6986,1.0);
#6984=VECTOR('',#6987,1.0);
#6985=DIRECTION('',(0.0766957939133927,0,0.9970545397298959));
#6986=DIRECTION('',(1,0,0));
#6987=DIRECTION('',(-0.9923086477797164,0,-0.12378831746813103));
#6988=FACE_SURFACE('',(#6993),#6989,.T.);
#6989=PLANE('',#6990);
#6990=AXIS2_PLACEMENT_3D('',#128,#6991,#6992);
#6991=DIRECTION('',(0,1,0));
#6992=DIRECTION('',(0.9923086477797164,0,0.12378831746813103));
#6993=FACE_BOUND('',#6994,.T.);
#6994=EDGE_LOOP('',(#6995,#6996,#6997));
#6995=ORIENTED_EDGE('',*,*,#6998,.T.);
#6996=ORIENTED_EDGE('',*,*,#6999,.T.);
#6997=ORIENTED_EDGE('',*,*,#7000,.T.);
#6998=EDGE_CURVE('',#129,#501,#7001,.F.);
#6999=EDGE_CURVE('',#501,#131,#7002,.T.);
#7000=EDGE_CURVE('',#131,#129,#7003,.T.);
#7001=LINE('',#128,#7004);
#7002=LINE('',#500,#7005);
#7003=LINE('',#130,#7006);
#7004=VECTOR('',#7007,1.0);
#7005=VECTOR('',#7008,1.0);
#7006=VECTOR('',#7009,1.0);
#7007=DIRECTION('',(0.9923086477797164,0,0.12378831746813103));
#7008=DIRECTION('',(-0.0766957939133927,0,-0.9970545397298959));
#7009=DIRECTION('',(-1,0,0));
#7010=FACE_SURFACE('',(#7015),#7011,.T.);
#7011=PLANE('',#7012);
#7012=AXIS2_PLACEMENT_3D('',#352,#7013,#7014);
#7013=DIRECTION('',(0,1,0));
#7014=DIRECTION('',(0.0766957939133927,0,0.9970545397298959));
#7015=FACE_BOUND('',#7016,.T.);
#7016=EDGE_LOOP('',(#7017,#7018,#7019));
#7017=ORIENTED_EDGE('',*,*,#7020,.T.);
#7018=ORIENTED_EDGE('',*,*,#7021,.T.);
#7019=ORIENTED_EDGE('',*,*,#7022,.T.);
#7020=EDGE_CURVE('',#353,#505,#7023,.F.);
#7021=EDGE_CURVE('',#505,#507,#7024,.T.);
#7022=EDGE_CURVE('',#507,#353,#7025,.T.);
#7023=LINE('',#352,#7026);
#7024=LINE('',#504,#7027);
#7025=LINE('',#506,#7028);
#7026=VECTOR('',#7029,1.0);
#7027=VECTOR('',#7030,1.0);
#7028=VECTOR('',#7031,1.0);
#7029=DIRECTION('',(0.0766957939133927,0,0.9970545397298959));
#7030=DIRECTION('',(1,0,0));
#7031=DIRECTION('',(-0.9636480628681542,0,-0.26717486957132375));
#7032=FACE_SURFACE('',(#7037),#7033,.T.);
#7033=PLANE('',#7034);
#7034=AXIS2_PLACEMENT_3D('',#352,#7035,#7036);
#7035=DIRECTION('',(0,1,0));
#7036=DIRECTION('',(0.9636480628681542,0,0.26717486957132375));
#7037=FACE_BOUND('',#7038,.T.);
#7038=EDGE_LOOP('',(#7039,#7040,#7041));
#7039=ORIENTED_EDGE('',*,*,#7042,.T.);
#7040=ORIENTED_EDGE('',*,*,#7043,.T.);
#7041=ORIENTED_EDGE('',*,*,#7044,.T.);
#7042=EDGE_CURVE('',#353,#507,#7045,.F.);
#7043=EDGE_CURVE('',#507,#361,#7046,.T.);
#7044=EDGE_CURVE('',#361,#353,#7047,.T.);
#7045=LINE('',#352,#7048);
#7046=LINE('',#506,#7049);
#7047=LINE('',#360,#7050);
#7048=VECTOR('',#7051,1.0);
#7049=VECTOR('',#7052,1.0);
#7050=VECTOR('',#7053,1.0);
#7051=DIRECTION('',(0.9636480628681542,0,0.26717486957132375));
#7052=DIRECTION('',(-0.0766957939133927,0,-0.9970545397298959));
#7053=DIRECTION('',(-1,0,0));
#7054=FACE_SURFACE('',(#7059),#7055,.T.);
#7055=PLANE('',#7056);
#7056=AXIS2_PLACEMENT_3D('',#124,#7057,#7058);
#7057=DIRECTION('',(0.9970545397298958,0,-0.07669579391339269));
#7058=DIRECTION('',(0.0766957939133927,0,0.9970545397298959));
#7059=FACE_BOUND('',#7060,.T.);
#7060=EDGE_LOOP('',(#7061,#7062,#7063));
#7061=ORIENTED_EDGE('',*,*,#7064,.T.);
#7062=ORIENTED_EDGE('',*,*,#7065,.T.);
#7063=ORIENTED_EDGE('',*,*,#7066,.T.);
#7064=EDGE_CURVE('',#125,#509,#7067,.F.);
#7065=EDGE_CURVE('',#509,#511,#7068,.T.);
#7066=EDGE_CURVE('',#511,#125,#7069,.T.);
#7067=LINE('',#124,#7070);
#7068=LINE('',#508,#7071);
#7069=LINE('',#510,#7072);
#7070=VECTOR('',#7073,1.0);
#7071=VECTOR('',#7074,1.0);
#7072=VECTOR('',#7075,1.0);
#7073=DIRECTION('',(0.0766957939133927,0,0.9970545397298959));
#7074=DIRECTION('',(0,-1,0));
#7075=DIRECTION('',(-0.020962030064587803,0.961924886362631,-0.27250891048149384));
#7076=FACE_SURFACE('',(#7081),#7077,.T.);
#7077=PLANE('',#7078);
#7078=AXIS2_PLACEMENT_3D('',#124,#7079,#7080);
#7079=DIRECTION('',(0.9970545397298958,0,-0.07669579391339269));
#7080=DIRECTION('',(0.020962030064587803,-0.961924886362631,0.27250891048149384));
#7081=FACE_BOUND('',#7082,.T.);
#7082=EDGE_LOOP('',(#7083,#7084,#7085));
#7083=ORIENTED_EDGE('',*,*,#7086,.T.);
#7084=ORIENTED_EDGE('',*,*,#7087,.T.);
#7085=ORIENTED_EDGE('',*,*,#7088,.T.);
#7086=EDGE_CURVE('',#125,#511,#7089,.F.);
#7087=EDGE_CURVE('',#511,#127,#7090,.T.);
#7088=EDGE_CURVE('',#127,#125,#7091,.T.);
#7089=LINE('',#124,#7092);
#7090=LINE('',#510,#7093);
#7091=LINE('',#126,#7094);
#7092=VECTOR('',#7095,1.0);
#7093=VECTOR('',#7096,1.0);
#7094=VECTOR('',#7097,1.0);
#7095=DIRECTION('',(0.020962030064587803,-0.961924886362631,0.27250891048149384));
#7096=DIRECTION('',(-0.0766957939133927,0,-0.9970545397298959));
#7097=DIRECTION('',(0,1,0));
#7098=FACE_SURFACE('',(#7103),#7099,.T.);
#7099=PLANE('',#7100);
#7100=AXIS2_PLACEMENT_3D('',#288,#7101,#7102);
#7101=DIRECTION('',(0,1,0));
#7102=DIRECTION('',(0.0766957939133927,0,0.9970545397298959));
#7103=FACE_BOUND('',#7104,.T.);
#7104=EDGE_LOOP('',(#7105,#7106,#7107));
#7105=ORIENTED_EDGE('',*,*,#7108,.T.);
#7106=ORIENTED_EDGE('',*,*,#7109,.T.);
#7107=ORIENTED_EDGE('',*,*,#7110,.T.);
#7108=EDGE_CURVE('',#289,#451,#7111,.F.);
#7109=EDGE_CURVE('',#451,#513,#7112,.T.);
#7110=EDGE_CURVE('',#513,#289,#7113,.T.);
#7111=LINE('',#288,#7114);
#7112=LINE('',#450,#7115);
#7113=LINE('',#512,#7116);
#7114=VECTOR('',#7117,1.0);
#7115=VECTOR('',#7118,1.0);
#7116=VECTOR('',#7119,1.0);
#7117=DIRECTION('',(0.0766957939133927,0,0.9970545397298959));
#7118=DIRECTION('',(1,0,0));
#7119=DIRECTION('',(-0.7628528615702878,0,-0.6465721240465161));
#7120=FACE_SURFACE('',(#7125),#7121,.T.);
#7121=PLANE('',#7122);
#7122=AXIS2_PLACEMENT_3D('',#288,#7123,#7124);
#7123=DIRECTION('',(0,1,0));
#7124=DIRECTION('',(0.7628528615702878,0,0.6465721240465161));
#7125=FACE_BOUND('',#7126,.T.);
#7126=EDGE_LOOP('',(#7127,#7128,#7129));
#7127=ORIENTED_EDGE('',*,*,#7130,.T.);
#7128=ORIENTED_EDGE('',*,*,#7131,.T.);
#7129=ORIENTED_EDGE('',*,*,#7132,.T.);
#7130=EDGE_CURVE('',#289,#513,#7133,.F.);
#7131=EDGE_CURVE('',#513,#291,#7134,.T.);
#7132=EDGE_CURVE('',#291,#289,#7135,.T.);
#7133=LINE('',#288,#7136);
#7134=LINE('',#512,#7137);
#7135=LINE('',#290,#7138);
#7136=VECTOR('',#7139,1.0);
#7137=VECTOR('',#7140,1.0);
#7138=VECTOR('',#7141,1.0);
#7139=DIRECTION('',(0.7628528615702878,0,0.6465721240465161));
#7140=DIRECTION('',(-0.0766957939133927,0,-0.9970545397298959));
#7141=DIRECTION('',(-1,0,0));
#7142=FACE_SURFACE('',(#7147),#7143,.T.);
#7143=PLANE('',#7144);
#7144=AXIS2_PLACEMENT_3D('',#360,#7145,#7146);
#7145=DIRECTION('',(0,1,0));
#7146=DIRECTION('',(0.0766957939133927,0,0.9970545397298959));
#7147=FACE_BOUND('',#7148,.T.);
#7148=EDGE_LOOP('',(#7149,#7150,#7151));
#7149=ORIENTED_EDGE('',*,*,#7152,.T.);
#7150=ORIENTED_EDGE('',*,*,#7153,.T.);
#7151=ORIENTED_EDGE('',*,*,#7154,.T.);
#7152=EDGE_CURVE('',#361,#507,#7155,.F.);
#7153=EDGE_CURVE('',#507,#515,#7156,.T.);
#7154=EDGE_CURVE('',#515,#361,#7157,.T.);
#7155=LINE('',#360,#7158);
#7156=LINE('',#506,#7159);
#7157=LINE('',#514,#7160);
#7158=VECTOR('',#7161,1.0);
#7159=VECTOR('',#7162,1.0);
#7160=VECTOR('',#7163,1.0);
#7161=DIRECTION('',(0.0766957939133927,0,0.9970545397298959));
#7162=DIRECTION('',(1,0,0));
#7163=DIRECTION('',(-0.7752905012599268,0,-0.6316048120907025));
#7164=FACE_SURFACE('',(#7169),#7165,.T.);
#7165=PLANE('',#7166);
#7166=AXIS2_PLACEMENT_3D('',#360,#7167,#7168);
#7167=DIRECTION('',(0,1,0));
#7168=DIRECTION('',(0.7752905012599268,0,0.6316048120907025));
#7169=FACE_BOUND('',#7170,.T.);
#7170=EDGE_LOOP('',(#7171,#7172,#7173));
#7171=ORIENTED_EDGE('',*,*,#7174,.T.);
#7172=ORIENTED_EDGE('',*,*,#7175,.T.);
#7173=ORIENTED_EDGE('',*,*,#7176,.T.);
#7174=EDGE_CURVE('',#361,#515,#7177,.F.);
#7175=EDGE_CURVE('',#515,#73,#7178,.T.);
#7176=EDGE_CURVE('',#73,#361,#7179,.T.);
#7177=LINE('',#360,#7180);
#7178=LINE('',#514,#7181);
#7179=LINE('',#72,#7182);
#7180=VECTOR('',#7183,1.0);
#7181=VECTOR('',#7184,1.0);
#7182=VECTOR('',#7185,1.0);
#7183=DIRECTION('',(0.7752905012599268,0,0.6316048120907025));
#7184=DIRECTION('',(-0.0766957939133927,0,-0.9970545397298959));
#7185=DIRECTION('',(-1,0,0));
#7186=FACE_SURFACE('',(#7191),#7187,.T.);
#7187=PLANE('',#7188);
#7188=AXIS2_PLACEMENT_3D('',#280,#7189,#7190);
#7189=DIRECTION('',(0,-1,0));
#7190=DIRECTION('',(0.0766957939133927,0,0.9970545397298959));
#7191=FACE_BOUND('',#7192,.T.);
#7192=EDGE_LOOP('',(#7193,#7194,#7195));
#7193=ORIENTED_EDGE('',*,*,#7196,.T.);
#7194=ORIENTED_EDGE('',*,*,#7197,.T.);
#7195=ORIENTED_EDGE('',*,*,#7198,.T.);
#7196=EDGE_CURVE('',#281,#517,#7199,.F.);
#7197=EDGE_CURVE('',#517,#519,#7200,.T.);
#7198=EDGE_CURVE('',#519,#281,#7201,.T.);
#7199=LINE('',#280,#7202);
#7200=LINE('',#516,#7203);
#7201=LINE('',#518,#7204);
#7202=VECTOR('',#7205,1.0);
#7203=VECTOR('',#7206,1.0);
#7204=VECTOR('',#7207,1.0);
#7205=DIRECTION('',(0.0766957939133927,0,0.9970545397298959));
#7206=DIRECTION('',(-1,0,0));
#7207=DIRECTION('',(0.6127471267402577,0,-0.7902790384867605));
#7208=FACE_SURFACE('',(#7213),#7209,.T.);
#7209=PLANE('',#7210);
#7210=AXIS2_PLACEMENT_3D('',#280,#7211,#7212);
#7211=DIRECTION('',(0,-1,0));
#7212=DIRECTION('',(-0.6127471267402577,0,0.7902790384867605));
#7213=FACE_BOUND('',#7214,.T.);
#7214=EDGE_LOOP('',(#7215,#7216,#7217));
#7215=ORIENTED_EDGE('',*,*,#7218,.T.);
#7216=ORIENTED_EDGE('',*,*,#7219,.T.);
#7217=ORIENTED_EDGE('',*,*,#7220,.T.);
#7218=EDGE_CURVE('',#281,#519,#7221,.F.);
#7219=EDGE_CURVE('',#519,#283,#7222,.T.);
#7220=EDGE_CURVE('',#283,#281,#7223,.T.);
#7221=LINE('',#280,#7224);
#7222=LINE('',#518,#7225);
#7223=LINE('',#282,#7226);
#7224=VECTOR('',#7227,1.0);
#7225=VECTOR('',#7228,1.0);
#7226=VECTOR('',#7229,1.0);
#7227=DIRECTION('',(-0.6127471267402577,0,0.7902790384867605));
#7228=DIRECTION('',(-0.0766957939133927,0,-0.9970545397298959));
#7229=DIRECTION('',(1,0,0));
#7230=FACE_SURFACE('',(#7235),#7231,.T.);
#7231=PLANE('',#7232);
#7232=AXIS2_PLACEMENT_3D('',#42,#7233,#7234);
#7233=DIRECTION('',(-0.9970545397298958,0,0.0766957939133927));
#7234=DIRECTION('',(0.0766957939133927,0,0.9970545397298959));
#7235=FACE_BOUND('',#7236,.T.);
#7236=EDGE_LOOP('',(#7237,#7238,#7239));
#7237=ORIENTED_EDGE('',*,*,#7240,.T.);
#7238=ORIENTED_EDGE('',*,*,#7241,.T.);
#7239=ORIENTED_EDGE('',*,*,#7242,.T.);
#7240=EDGE_CURVE('',#43,#521,#7243,.F.);
#7241=EDGE_CURVE('',#521,#523,#7244,.T.);
#7242=EDGE_CURVE('',#523,#43,#7245,.T.);
#7243=LINE('',#42,#7246);
#7244=LINE('',#520,#7247);
#7245=LINE('',#522,#7248);
#7246=VECTOR('',#7249,1.0);
#7247=VECTOR('',#7250,1.0);
#7248=VECTOR('',#7251,1.0);
#7249=DIRECTION('',(0.0766957939133927,0,0.9970545397298959));
#7250=DIRECTION('',(0,1,0));
#7251=DIRECTION('',(-0.0209620335684368,-0.9619248733820388,-0.2725089560319519));
#7252=FACE_SURFACE('',(#7257),#7253,.T.);
#7253=PLANE('',#7254);
#7254=AXIS2_PLACEMENT_3D('',#42,#7255,#7256);
#7255=DIRECTION('',(-0.9970545397298958,0,0.0766957939133927));
#7256=DIRECTION('',(0.0209620335684368,0.9619248733820388,0.2725089560319519));
#7257=FACE_BOUND('',#7258,.T.);
#7258=EDGE_LOOP('',(#7259,#7260,#7261));
#7259=ORIENTED_EDGE('',*,*,#7262,.T.);
#7260=ORIENTED_EDGE('',*,*,#7263,.T.);
#7261=ORIENTED_EDGE('',*,*,#7264,.T.);
#7262=EDGE_CURVE('',#43,#523,#7265,.F.);
#7263=EDGE_CURVE('',#523,#35,#7266,.T.);
#7264=EDGE_CURVE('',#35,#43,#7267,.T.);
#7265=LINE('',#42,#7268);
#7266=LINE('',#522,#7269);
#7267=LINE('',#34,#7270);
#7268=VECTOR('',#7271,1.0);
#7269=VECTOR('',#7272,1.0);
#7270=VECTOR('',#7273,1.0);
#7271=DIRECTION('',(0.0209620335684368,0.9619248733820388,0.2725089560319519));
#7272=DIRECTION('',(-0.0766957939133927,0,-0.9970545397298959));
#7273=DIRECTION('',(0,-1,0));
#7274=FACE_SURFACE('',(#7279),#7275,.T.);
#7275=PLANE('',#7276);
#7276=AXIS2_PLACEMENT_3D('',#358,#7277,#7278);
#7277=DIRECTION('',(0.9970545397298958,0,-0.07669579391339269));
#7278=DIRECTION('',(0.0766957939133927,0,0.9970545397298959));
#7279=FACE_BOUND('',#7280,.T.);
#7280=EDGE_LOOP('',(#7281,#7282,#7283));
#7281=ORIENTED_EDGE('',*,*,#7284,.T.);
#7282=ORIENTED_EDGE('',*,*,#7285,.T.);
#7283=ORIENTED_EDGE('',*,*,#7286,.T.);
#7284=EDGE_CURVE('',#359,#525,#7287,.F.);
#7285=EDGE_CURVE('',#525,#527,#7288,.T.);
#7286=EDGE_CURVE('',#527,#359,#7289,.T.);
#7287=LINE('',#358,#7290);
#7288=LINE('',#524,#7291);
#7289=LINE('',#526,#7292);
#7290=VECTOR('',#7293,1.0);
#7291=VECTOR('',#7294,1.0);
#7292=VECTOR('',#7295,1.0);
#7293=DIRECTION('',(0.0766957939133927,0,0.9970545397298959));
#7294=DIRECTION('',(0,-1,0));
#7295=DIRECTION('',(-0.0160699935558558,0.977802431546165,-0.20891184784382683));
#7296=FACE_SURFACE('',(#7301),#7297,.T.);
#7297=PLANE('',#7298);
#7298=AXIS2_PLACEMENT_3D('',#358,#7299,#7300);
#7299=DIRECTION('',(0.9970545397298958,0,-0.07669579391339269));
#7300=DIRECTION('',(0.0160699935558558,-0.977802431546165,0.20891184784382683));
#7301=FACE_BOUND('',#7302,.T.);
#7302=EDGE_LOOP('',(#7303,#7304,#7305));
#7303=ORIENTED_EDGE('',*,*,#7306,.T.);
#7304=ORIENTED_EDGE('',*,*,#7307,.T.);
#7305=ORIENTED_EDGE('',*,*,#7308,.T.);
#7306=EDGE_CURVE('',#359,#527,#7309,.F.);
#7307=EDGE_CURVE('',#527,#365,#7310,.T.);
#7308=EDGE_CURVE('',#365,#359,#7311,.T.);
#7309=LINE('',#358,#7312);
#7310=LINE('',#526,#7313);
#7311=LINE('',#364,#7314);
#7312=VECTOR('',#7315,1.0);
#7313=VECTOR('',#7316,1.0);
#7314=VECTOR('',#7317,1.0);
#7315=DIRECTION('',(0.0160699935558558,-0.977802431546165,0.20891184784382683));
#7316=DIRECTION('',(-0.0766957939133927,0,-0.9970545397298959));
#7317=DIRECTION('',(0,1,0));
#7318=FACE_SURFACE('',(#7323),#7319,.T.);
#7319=PLANE('',#7320);
#7320=AXIS2_PLACEMENT_3D('',#132,#7321,#7322);
#7321=DIRECTION('',(0,-1,0));
#7322=DIRECTION('',(0.0766957939133927,0,0.9970545397298959));
#7323=FACE_BOUND('',#7324,.T.);
#7324=EDGE_LOOP('',(#7325,#7326,#7327));
#7325=ORIENTED_EDGE('',*,*,#7328,.T.);
#7326=ORIENTED_EDGE('',*,*,#7329,.T.);
#7327=ORIENTED_EDGE('',*,*,#7330,.T.);
#7328=EDGE_CURVE('',#133,#503,#7331,.F.);
#7329=EDGE_CURVE('',#503,#529,#7332,.T.);
#7330=EDGE_CURVE('',#529,#133,#7333,.T.);
#7331=LINE('',#132,#7334);
#7332=LINE('',#502,#7335);
#7333=LINE('',#528,#7336);
#7334=VECTOR('',#7337,1.0);
#7335=VECTOR('',#7338,1.0);
#7336=VECTOR('',#7339,1.0);
#7337=DIRECTION('',(0.0766957939133927,0,0.9970545397298959));
#7338=DIRECTION('',(-1,0,0));
#7339=DIRECTION('',(0.9996648937656099,0,-0.025886293141194186));
#7340=FACE_SURFACE('',(#7345),#7341,.T.);
#7341=PLANE('',#7342);
#7342=AXIS2_PLACEMENT_3D('',#132,#7343,#7344);
#7343=DIRECTION('',(0,-1,0));
#7344=DIRECTION('',(-0.9996648937656099,0,0.025886293141194186));
#7345=FACE_BOUND('',#7346,.T.);
#7346=EDGE_LOOP('',(#7347,#7348,#7349));
#7347=ORIENTED_EDGE('',*,*,#7350,.T.);
#7348=ORIENTED_EDGE('',*,*,#7351,.T.);
#7349=ORIENTED_EDGE('',*,*,#7352,.T.);
#7350=EDGE_CURVE('',#133,#529,#7353,.F.);
#7351=EDGE_CURVE('',#529,#135,#7354,.T.);
#7352=EDGE_CURVE('',#135,#133,#7355,.T.);
#7353=LINE('',#132,#7356);
#7354=LINE('',#528,#7357);
#7355=LINE('',#134,#7358);
#7356=VECTOR('',#7359,1.0);
#7357=VECTOR('',#7360,1.0);
#7358=VECTOR('',#7361,1.0);
#7359=DIRECTION('',(-0.9996648937656099,0,0.025886293141194186));
#7360=DIRECTION('',(-0.0766957939133927,0,-0.9970545397298959));
#7361=DIRECTION('',(1,0,0));
#7362=FACE_SURFACE('',(#7367),#7363,.T.);
#7363=PLANE('',#7364);
#7364=AXIS2_PLACEMENT_3D('',#228,#7365,#7366);
#7365=DIRECTION('',(0,-1,0));
#7366=DIRECTION('',(0.0766957939133927,0,0.9970545397298959));
#7367=FACE_BOUND('',#7368,.T.);
#7368=EDGE_LOOP('',(#7369,#7370,#7371));
#7369=ORIENTED_EDGE('',*,*,#7372,.T.);
#7370=ORIENTED_EDGE('',*,*,#7373,.T.);
#7371=ORIENTED_EDGE('',*,*,#7374,.T.);
#7372=EDGE_CURVE('',#229,#531,#7375,.F.);
#7373=EDGE_CURVE('',#531,#525,#7376,.T.);
#7374=EDGE_CURVE('',#525,#229,#7377,.T.);
#7375=LINE('',#228,#7378);
#7376=LINE('',#530,#7379);
#7377=LINE('',#524,#7380);
#7378=VECTOR('',#7381,1.0);
#7379=VECTOR('',#7382,1.0);
#7380=VECTOR('',#7383,1.0);
#7381=DIRECTION('',(0.0766957939133927,0,0.9970545397298959));
#7382=DIRECTION('',(-1,0,0));
#7383=DIRECTION('',(0.9772101406287981,0,-0.21227421193410337));
#7384=FACE_SURFACE('',(#7389),#7385,.T.);
#7385=PLANE('',#7386);
#7386=AXIS2_PLACEMENT_3D('',#228,#7387,#7388);
#7387=DIRECTION('',(0,-1,0));
#7388=DIRECTION('',(-0.9772101406287981,0,0.21227421193410337));
#7389=FACE_BOUND('',#7390,.T.);
#7390=EDGE_LOOP('',(#7391,#7392,#7393));
#7391=ORIENTED_EDGE('',*,*,#7394,.T.);
#7392=ORIENTED_EDGE('',*,*,#7395,.T.);
#7393=ORIENTED_EDGE('',*,*,#7396,.T.);
#7394=EDGE_CURVE('',#229,#525,#7397,.F.);
#7395=EDGE_CURVE('',#525,#359,#7398,.T.);
#7396=EDGE_CURVE('',#359,#229,#7399,.T.);
#7397=LINE('',#228,#7400);
#7398=LINE('',#524,#7401);
#7399=LINE('',#358,#7402);
#7400=VECTOR('',#7403,1.0);
#7401=VECTOR('',#7404,1.0);
#7402=VECTOR('',#7405,1.0);
#7403=DIRECTION('',(-0.9772101406287981,0,0.21227421193410337));
#7404=DIRECTION('',(-0.0766957939133927,0,-0.9970545397298959));
#7405=DIRECTION('',(1,0,0));
#7406=FACE_SURFACE('',(#7411),#7407,.T.);
#7407=PLANE('',#7408);
#7408=AXIS2_PLACEMENT_3D('',#78,#7409,#7410);
#7409=DIRECTION('',(0.9970545397298958,0,-0.0766957939133927));
#7410=DIRECTION('',(0.0766957939133927,0,0.9970545397298959));
#7411=FACE_BOUND('',#7412,.T.);
#7412=EDGE_LOOP('',(#7413,#7414,#7415));
#7413=ORIENTED_EDGE('',*,*,#7416,.T.);
#7414=ORIENTED_EDGE('',*,*,#7417,.T.);
#7415=ORIENTED_EDGE('',*,*,#7418,.T.);
#7416=EDGE_CURVE('',#79,#533,#7419,.F.);
#7417=EDGE_CURVE('',#533,#535,#7420,.T.);
#7418=EDGE_CURVE('',#535,#79,#7421,.T.);
#7419=LINE('',#78,#7422);
#7420=LINE('',#532,#7423);
#7421=LINE('',#534,#7424);
#7422=VECTOR('',#7425,1.0);
#7423=VECTOR('',#7426,1.0);
#7424=VECTOR('',#7427,1.0);
#7425=DIRECTION('',(0.0766957939133927,0,0.9970545397298959));
#7426=DIRECTION('',(0,-1,0));
#7427=DIRECTION('',(-0.016069987799435026,0.9778024476294199,-0.20891177300966488));
#7428=FACE_SURFACE('',(#7433),#7429,.T.);
#7429=PLANE('',#7430);
#7430=AXIS2_PLACEMENT_3D('',#78,#7431,#7432);
#7431=DIRECTION('',(0.9970545397298958,0,-0.0766957939133927));
#7432=DIRECTION('',(0.016069987799435026,-0.9778024476294199,0.20891177300966488));
#7433=FACE_BOUND('',#7434,.T.);
#7434=EDGE_LOOP('',(#7435,#7436,#7437));
#7435=ORIENTED_EDGE('',*,*,#7438,.T.);
#7436=ORIENTED_EDGE('',*,*,#7439,.T.);
#7437=ORIENTED_EDGE('',*,*,#7440,.T.);
#7438=EDGE_CURVE('',#79,#535,#7441,.F.);
#7439=EDGE_CURVE('',#535,#215,#7442,.T.);
#7440=EDGE_CURVE('',#215,#79,#7443,.T.);
#7441=LINE('',#78,#7444);
#7442=LINE('',#534,#7445);
#7443=LINE('',#214,#7446);
#7444=VECTOR('',#7447,1.0);
#7445=VECTOR('',#7448,1.0);
#7446=VECTOR('',#7449,1.0);
#7447=DIRECTION('',(0.016069987799435026,-0.9778024476294199,0.20891177300966488));
#7448=DIRECTION('',(-0.0766957939133927,0,-0.9970545397298959));
#7449=DIRECTION('',(0,1,0));
#7450=FACE_SURFACE('',(#7455),#7451,.T.);
#7451=PLANE('',#7452);
#7452=AXIS2_PLACEMENT_3D('',#184,#7453,#7454);
#7453=DIRECTION('',(0,1,0));
#7454=DIRECTION('',(0.0766957939133927,0,0.9970545397298959));
#7455=FACE_BOUND('',#7456,.T.);
#7456=EDGE_LOOP('',(#7457,#7458,#7459));
#7457=ORIENTED_EDGE('',*,*,#7460,.T.);
#7458=ORIENTED_EDGE('',*,*,#7461,.T.);
#7459=ORIENTED_EDGE('',*,*,#7462,.T.);
#7460=EDGE_CURVE('',#185,#537,#7463,.F.);
#7461=EDGE_CURVE('',#537,#539,#7464,.T.);
#7462=EDGE_CURVE('',#539,#185,#7465,.T.);
#7463=LINE('',#184,#7466);
#7464=LINE('',#536,#7467);
#7465=LINE('',#538,#7468);
#7466=VECTOR('',#7469,1.0);
#7467=VECTOR('',#7470,1.0);
#7468=VECTOR('',#7471,1.0);
#7469=DIRECTION('',(0.0766957939133927,0,0.9970545397298959));
#7470=DIRECTION('',(1,0,0));
#7471=DIRECTION('',(-0.9636480628681542,0,-0.26717486957132375));
#7472=FACE_SURFACE('',(#7477),#7473,.T.);
#7473=PLANE('',#7474);
#7474=AXIS2_PLACEMENT_3D('',#184,#7475,#7476);
#7475=DIRECTION('',(0,1,0));
#7476=DIRECTION('',(0.9636480628681542,0,0.26717486957132375));
#7477=FACE_BOUND('',#7478,.T.);
#7478=EDGE_LOOP('',(#7479,#7480,#7481));
#7479=ORIENTED_EDGE('',*,*,#7482,.T.);
#7480=ORIENTED_EDGE('',*,*,#7483,.T.);
#7481=ORIENTED_EDGE('',*,*,#7484,.T.);
#7482=EDGE_CURVE('',#185,#539,#7485,.F.);
#7483=EDGE_CURVE('',#539,#177,#7486,.T.);
#7484=EDGE_CURVE('',#177,#185,#7487,.T.);
#7485=LINE('',#184,#7488);
#7486=LINE('',#538,#7489);
#7487=LINE('',#176,#7490);
#7488=VECTOR('',#7491,1.0);
#7489=VECTOR('',#7492,1.0);
#7490=VECTOR('',#7493,1.0);
#7491=DIRECTION('',(0.9636480628681542,0,0.26717486957132375));
#7492=DIRECTION('',(-0.0766957939133927,0,-0.9970545397298959));
#7493=DIRECTION('',(-1,0,0));
#7494=FACE_SURFACE('',(#7499),#7495,.T.);
#7495=PLANE('',#7496);
#7496=AXIS2_PLACEMENT_3D('',#224,#7497,#7498);
#7497=DIRECTION('',(-0.9970545397298958,0,0.07669579391339269));
#7498=DIRECTION('',(0.0766957939133927,0,0.9970545397298959));
#7499=FACE_BOUND('',#7500,.T.);
#7500=EDGE_LOOP('',(#7501,#7502,#7503));
#7501=ORIENTED_EDGE('',*,*,#7504,.T.);
#7502=ORIENTED_EDGE('',*,*,#7505,.T.);
#7503=ORIENTED_EDGE('',*,*,#7506,.T.);
#7504=EDGE_CURVE('',#225,#487,#7507,.F.);
#7505=EDGE_CURVE('',#487,#541,#7508,.T.);
#7506=EDGE_CURVE('',#541,#225,#7509,.T.);
#7507=LINE('',#224,#7510);
#7508=LINE('',#486,#7511);
#7509=LINE('',#540,#7512);
#7510=VECTOR('',#7513,1.0);
#7511=VECTOR('',#7514,1.0);
#7512=VECTOR('',#7515,1.0);
#7513=DIRECTION('',(0.0766957939133927,0,0.9970545397298959));
#7514=DIRECTION('',(0,1,0));
#7515=DIRECTION('',(-0.020962030940549947,-0.9619248831174835,-0.27250892186910697));
#7516=FACE_SURFACE('',(#7521),#7517,.T.);
#7517=PLANE('',#7518);
#7518=AXIS2_PLACEMENT_3D('',#224,#7519,#7520);
#7519=DIRECTION('',(-0.9970545397298958,0,0.07669579391339269));
#7520=DIRECTION('',(0.020962030940549947,0.9619248831174835,0.27250892186910697));
#7521=FACE_BOUND('',#7522,.T.);
#7522=EDGE_LOOP('',(#7523,#7524,#7525));
#7523=ORIENTED_EDGE('',*,*,#7526,.T.);
#7524=ORIENTED_EDGE('',*,*,#7527,.T.);
#7525=ORIENTED_EDGE('',*,*,#7528,.T.);
#7526=EDGE_CURVE('',#225,#541,#7529,.F.);
#7527=EDGE_CURVE('',#541,#227,#7530,.T.);
#7528=EDGE_CURVE('',#227,#225,#7531,.T.);
#7529=LINE('',#224,#7532);
#7530=LINE('',#540,#7533);
#7531=LINE('',#226,#7534);
#7532=VECTOR('',#7535,1.0);
#7533=VECTOR('',#7536,1.0);
#7534=VECTOR('',#7537,1.0);
#7535=DIRECTION('',(0.020962030940549947,0.9619248831174835,0.27250892186910697));
#7536=DIRECTION('',(-0.0766957939133927,0,-0.9970545397298959));
#7537=DIRECTION('',(0,-1,0));
#7538=FACE_SURFACE('',(#7543),#7539,.T.);
#7539=PLANE('',#7540);
#7540=AXIS2_PLACEMENT_3D('',#152,#7541,#7542);
#7541=DIRECTION('',(0,1,0));
#7542=DIRECTION('',(0.0766957939133927,0,0.9970545397298959));
#7543=FACE_BOUND('',#7544,.T.);
#7544=EDGE_LOOP('',(#7545,#7546,#7547));
#7545=ORIENTED_EDGE('',*,*,#7548,.T.);
#7546=ORIENTED_EDGE('',*,*,#7549,.T.);
#7547=ORIENTED_EDGE('',*,*,#7550,.T.);
#7548=EDGE_CURVE('',#153,#543,#7551,.F.);
#7549=EDGE_CURVE('',#543,#411,#7552,.T.);
#7550=EDGE_CURVE('',#411,#153,#7553,.T.);
#7551=LINE('',#152,#7554);
#7552=LINE('',#542,#7555);
#7553=LINE('',#410,#7556);
#7554=VECTOR('',#7557,1.0);
#7555=VECTOR('',#7558,1.0);
#7556=VECTOR('',#7559,1.0);
#7557=DIRECTION('',(0.0766957939133927,0,0.9970545397298959));
#7558=DIRECTION('',(1,0,0));
#7559=DIRECTION('',(-0.7771721216438402,0,-0.629288084536496));
#7560=FACE_SURFACE('',(#7565),#7561,.T.);
#7561=PLANE('',#7562);
#7562=AXIS2_PLACEMENT_3D('',#152,#7563,#7564);
#7563=DIRECTION('',(0,1,0));
#7564=DIRECTION('',(0.7771721216438402,0,0.629288084536496));
#7565=FACE_BOUND('',#7566,.T.);
#7566=EDGE_LOOP('',(#7567,#7568,#7569));
#7567=ORIENTED_EDGE('',*,*,#7570,.T.);
#7568=ORIENTED_EDGE('',*,*,#7571,.T.);
#7569=ORIENTED_EDGE('',*,*,#7572,.T.);
#7570=EDGE_CURVE('',#153,#411,#7573,.F.);
#7571=EDGE_CURVE('',#411,#337,#7574,.T.);
#7572=EDGE_CURVE('',#337,#153,#7575,.T.);
#7573=LINE('',#152,#7576);
#7574=LINE('',#410,#7577);
#7575=LINE('',#336,#7578);
#7576=VECTOR('',#7579,1.0);
#7577=VECTOR('',#7580,1.0);
#7578=VECTOR('',#7581,1.0);
#7579=DIRECTION('',(0.7771721216438402,0,0.629288084536496));
#7580=DIRECTION('',(-0.0766957939133927,0,-0.9970545397298959));
#7581=DIRECTION('',(-1,0,0));
#7582=FACE_SURFACE('',(#7587),#7583,.T.);
#7583=PLANE('',#7584);
#7584=AXIS2_PLACEMENT_3D('',#82,#7585,#7586);
#7585=DIRECTION('',(-0.9970545397298958,0,0.07669579391339269));
#7586=DIRECTION('',(0.0766957939133927,0,0.9970545397298959));
#7587=FACE_BOUND('',#7588,.T.);
#7588=EDGE_LOOP('',(#7589,#7590,#7591));
#7589=ORIENTED_EDGE('',*,*,#7592,.T.);
#7590=ORIENTED_EDGE('',*,*,#7593,.T.);
#7591=ORIENTED_EDGE('',*,*,#7594,.T.);
#7592=EDGE_CURVE('',#83,#545,#7595,.F.);
#7593=EDGE_CURVE('',#545,#547,#7596,.T.);
#7594=EDGE_CURVE('',#547,#83,#7597,.T.);
#7595=LINE('',#82,#7598);
#7596=LINE('',#544,#7599);
#7597=LINE('',#546,#7600);
#7598=VECTOR('',#7601,1.0);
#7599=VECTOR('',#7602,1.0);
#7600=VECTOR('',#7603,1.0);
#7601=DIRECTION('',(0.0766957939133927,0,0.9970545397298959));
#7602=DIRECTION('',(0,1,0));
#7603=DIRECTION('',(-0.020962030940549947,-0.9619248831174835,-0.27250892186910697));
#7604=FACE_SURFACE('',(#7609),#7605,.T.);
#7605=PLANE('',#7606);
#7606=AXIS2_PLACEMENT_3D('',#82,#7607,#7608);
#7607=DIRECTION('',(-0.9970545397298958,0,0.07669579391339269));
#7608=DIRECTION('',(0.020962030940549947,0.9619248831174835,0.27250892186910697));
#7609=FACE_BOUND('',#7610,.T.);
#7610=EDGE_LOOP('',(#7611,#7612,#7613));
#7611=ORIENTED_EDGE('',*,*,#7614,.T.);
#7612=ORIENTED_EDGE('',*,*,#7615,.T.);
#7613=ORIENTED_EDGE('',*,*,#7616,.T.);
#7614=EDGE_CURVE('',#83,#547,#7617,.F.);
#7615=EDGE_CURVE('',#547,#371,#7618,.T.);
#7616=EDGE_CURVE('',#371,#83,#7619,.T.);
#7617=LINE('',#82,#7620);
#7618=LINE('',#546,#7621);
#7619=LINE('',#370,#7622);
#7620=VECTOR('',#7623,1.0);
#7621=VECTOR('',#7624,1.0);
#7622=VECTOR('',#7625,1.0);
#7623=DIRECTION('',(0.020962030940549947,0.9619248831174835,0.27250892186910697));
#7624=DIRECTION('',(-0.0766957939133927,0,-0.9970545397298959));
#7625=DIRECTION('',(0,-1,0));
#7626=FACE_SURFACE('',(#7631),#7627,.T.);
#7627=PLANE('',#7628);
#7628=AXIS2_PLACEMENT_3D('',#306,#7629,#7630);
#7629=DIRECTION('',(0,1,0));
#7630=DIRECTION('',(0.0766957939133927,0,0.9970545397298959));
#7631=FACE_BOUND('',#7632,.T.);
#7632=EDGE_LOOP('',(#7633,#7634,#7635));
#7633=ORIENTED_EDGE('',*,*,#7636,.T.);
#7634=ORIENTED_EDGE('',*,*,#7637,.T.);
#7635=ORIENTED_EDGE('',*,*,#7638,.T.);
#7636=EDGE_CURVE('',#307,#549,#7639,.F.);
#7637=EDGE_CURVE('',#549,#551,#7640,.T.);
#7638=EDGE_CURVE('',#551,#307,#7641,.T.);
#7639=LINE('',#306,#7642);
#7640=LINE('',#548,#7643);
#7641=LINE('',#550,#7644);
#7642=VECTOR('',#7645,1.0);
#7643=VECTOR('',#7646,1.0);
#7644=VECTOR('',#7647,1.0);
#7645=DIRECTION('',(0.0766957939133927,0,0.9970545397298959));
#7646=DIRECTION('',(1,0,0));
#7647=DIRECTION('',(-0.7752911439262934,0,-0.6316040232214005));
#7648=FACE_SURFACE('',(#7653),#7649,.T.);
#7649=PLANE('',#7650);
#7650=AXIS2_PLACEMENT_3D('',#306,#7651,#7652);
#7651=DIRECTION('',(0,1,0));
#7652=DIRECTION('',(0.7752911439262934,0,0.6316040232214005));
#7653=FACE_BOUND('',#7654,.T.);
#7654=EDGE_LOOP('',(#7655,#7656,#7657));
#7655=ORIENTED_EDGE('',*,*,#7658,.T.);
#7656=ORIENTED_EDGE('',*,*,#7659,.T.);
#7657=ORIENTED_EDGE('',*,*,#7660,.T.);
#7658=EDGE_CURVE('',#307,#551,#7661,.F.);
#7659=EDGE_CURVE('',#551,#109,#7662,.T.);
#7660=EDGE_CURVE('',#109,#307,#7663,.T.);
#7661=LINE('',#306,#7664);
#7662=LINE('',#550,#7665);
#7663=LINE('',#108,#7666);
#7664=VECTOR('',#7667,1.0);
#7665=VECTOR('',#7668,1.0);
#7666=VECTOR('',#7669,1.0);
#7667=DIRECTION('',(0.7752911439262934,0,0.6316040232214005));
#7668=DIRECTION('',(-0.0766957939133927,0,-0.9970545397298959));
#7669=DIRECTION('',(-1,0,0));
#7670=FACE_SURFACE('',(#7675),#7671,.T.);
#7671=PLANE('',#7672);
#7672=AXIS2_PLACEMENT_3D('',#116,#7673,#7674);
#7673=DIRECTION('',(0,1,0));
#7674=DIRECTION('',(0.0766957939133927,0,0.9970545397298959));
#7675=FACE_BOUND('',#7676,.T.);
#7676=EDGE_LOOP('',(#7677,#7678,#7679));
#7677=ORIENTED_EDGE('',*,*,#7680,.T.);
#7678=ORIENTED_EDGE('',*,*,#7681,.T.);
#7679=ORIENTED_EDGE('',*,*,#7682,.T.);
#7680=EDGE_CURVE('',#117,#553,#7683,.F.);
#7681=EDGE_CURVE('',#553,#549,#7684,.T.);
#7682=EDGE_CURVE('',#549,#117,#7685,.T.);
#7683=LINE('',#116,#7686);
#7684=LINE('',#552,#7687);
#7685=LINE('',#548,#7688);
#7686=VECTOR('',#7689,1.0);
#7687=VECTOR('',#7690,1.0);
#7688=VECTOR('',#7691,1.0);
#7689=DIRECTION('',(0.0766957939133927,0,0.9970545397298959));
#7690=DIRECTION('',(1,0,0));
#7691=DIRECTION('',(-0.9636479655782525,0,-0.26717522047692793));
#7692=FACE_SURFACE('',(#7697),#7693,.T.);
#7693=PLANE('',#7694);
#7694=AXIS2_PLACEMENT_3D('',#116,#7695,#7696);
#7695=DIRECTION('',(0,1,0));
#7696=DIRECTION('',(0.9636479655782525,0,0.26717522047692793));
#7697=FACE_BOUND('',#7698,.T.);
#7698=EDGE_LOOP('',(#7699,#7700,#7701));
#7699=ORIENTED_EDGE('',*,*,#7702,.T.);
#7700=ORIENTED_EDGE('',*,*,#7703,.T.);
#7701=ORIENTED_EDGE('',*,*,#7704,.T.);
#7702=EDGE_CURVE('',#117,#549,#7705,.F.);
#7703=EDGE_CURVE('',#549,#307,#7706,.T.);
#7704=EDGE_CURVE('',#307,#117,#7707,.T.);
#7705=LINE('',#116,#7708);
#7706=LINE('',#548,#7709);
#7707=LINE('',#306,#7710);
#7708=VECTOR('',#7711,1.0);
#7709=VECTOR('',#7712,1.0);
#7710=VECTOR('',#7713,1.0);
#7711=DIRECTION('',(0.9636479655782525,0,0.26717522047692793));
#7712=DIRECTION('',(-0.0766957939133927,0,-0.9970545397298959));
#7713=DIRECTION('',(-1,0,0));
#7714=FACE_SURFACE('',(#7719),#7715,.T.);
#7715=PLANE('',#7716);
#7716=AXIS2_PLACEMENT_3D('',#208,#7717,#7718);
#7717=DIRECTION('',(0,1,0));
#7718=DIRECTION('',(0.0766957939133927,0,0.9970545397298959));
#7719=FACE_BOUND('',#7720,.T.);
#7720=EDGE_LOOP('',(#7721,#7722,#7723));
#7721=ORIENTED_EDGE('',*,*,#7724,.T.);
#7722=ORIENTED_EDGE('',*,*,#7725,.T.);
#7723=ORIENTED_EDGE('',*,*,#7726,.T.);
#7724=EDGE_CURVE('',#209,#459,#7727,.F.);
#7725=EDGE_CURVE('',#459,#555,#7728,.T.);
#7726=EDGE_CURVE('',#555,#209,#7729,.T.);
#7727=LINE('',#208,#7730);
#7728=LINE('',#458,#7731);
#7729=LINE('',#554,#7732);
#7730=VECTOR('',#7733,1.0);
#7731=VECTOR('',#7734,1.0);
#7732=VECTOR('',#7735,1.0);
#7733=DIRECTION('',(0.0766957939133927,0,0.9970545397298959));
#7734=DIRECTION('',(1,0,0));
#7735=DIRECTION('',(-0.7752911439262934,0,-0.6316040232214005));
#7736=FACE_SURFACE('',(#7741),#7737,.T.);
#7737=PLANE('',#7738);
#7738=AXIS2_PLACEMENT_3D('',#208,#7739,#7740);
#7739=DIRECTION('',(0,1,0));
#7740=DIRECTION('',(0.7752911439262934,0,0.6316040232214005));
#7741=FACE_BOUND('',#7742,.T.);
#7742=EDGE_LOOP('',(#7743,#7744,#7745));
#7743=ORIENTED_EDGE('',*,*,#7746,.T.);
#7744=ORIENTED_EDGE('',*,*,#7747,.T.);
#7745=ORIENTED_EDGE('',*,*,#7748,.T.);
#7746=EDGE_CURVE('',#209,#555,#7749,.F.);
#7747=EDGE_CURVE('',#555,#213,#7750,.T.);
#7748=EDGE_CURVE('',#213,#209,#7751,.T.);
#7749=LINE('',#208,#7752);
#7750=LINE('',#554,#7753);
#7751=LINE('',#212,#7754);
#7752=VECTOR('',#7755,1.0);
#7753=VECTOR('',#7756,1.0);
#7754=VECTOR('',#7757,1.0);
#7755=DIRECTION('',(0.7752911439262934,0,0.6316040232214005));
#7756=DIRECTION('',(-0.0766957939133927,0,-0.9970545397298959));
#7757=DIRECTION('',(-1,0,0));
#7758=FACE_SURFACE('',(#7763),#7759,.T.);
#7759=PLANE('',#7760);
#7760=AXIS2_PLACEMENT_3D('',#110,#7761,#7762);
#7761=DIRECTION('',(-0.9970545397298958,0,0.0766957939133927));
#7762=DIRECTION('',(0.0766957939133927,0,0.9970545397298959));
#7763=FACE_BOUND('',#7764,.T.);
#7764=EDGE_LOOP('',(#7765,#7766,#7767));
#7765=ORIENTED_EDGE('',*,*,#7768,.T.);
#7766=ORIENTED_EDGE('',*,*,#7769,.T.);
#7767=ORIENTED_EDGE('',*,*,#7770,.T.);
#7768=EDGE_CURVE('',#111,#557,#7771,.F.);
#7769=EDGE_CURVE('',#557,#559,#7772,.T.);
#7770=EDGE_CURVE('',#559,#111,#7773,.T.);
#7771=LINE('',#110,#7774);
#7772=LINE('',#556,#7775);
#7773=LINE('',#558,#7776);
#7774=VECTOR('',#7777,1.0);
#7775=VECTOR('',#7778,1.0);
#7776=VECTOR('',#7779,1.0);
#7777=DIRECTION('',(0.0766957939133927,0,0.9970545397298959));
#7778=DIRECTION('',(0,1,0));
#7779=DIRECTION('',(-0.05039643850854108,-0.7538075948941507,-0.6551597582769799));
#7780=FACE_SURFACE('',(#7785),#7781,.T.);
#7781=PLANE('',#7782);
#7782=AXIS2_PLACEMENT_3D('',#110,#7783,#7784);
#7783=DIRECTION('',(-0.9970545397298958,0,0.0766957939133927));
#7784=DIRECTION('',(0.05039643850854108,0.7538075948941507,0.6551597582769799));
#7785=FACE_BOUND('',#7786,.T.);
#7786=EDGE_LOOP('',(#7787,#7788,#7789));
#7787=ORIENTED_EDGE('',*,*,#7790,.T.);
#7788=ORIENTED_EDGE('',*,*,#7791,.T.);
#7789=ORIENTED_EDGE('',*,*,#7792,.T.);
#7790=EDGE_CURVE('',#111,#559,#7793,.F.);
#7791=EDGE_CURVE('',#559,#123,#7794,.T.);
#7792=EDGE_CURVE('',#123,#111,#7795,.T.);
#7793=LINE('',#110,#7796);
#7794=LINE('',#558,#7797);
#7795=LINE('',#122,#7798);
#7796=VECTOR('',#7799,1.0);
#7797=VECTOR('',#7800,1.0);
#7798=VECTOR('',#7801,1.0);
#7799=DIRECTION('',(0.05039643850854108,0.7538075948941507,0.6551597582769799));
#7800=DIRECTION('',(-0.0766957939133927,0,-0.9970545397298959));
#7801=DIRECTION('',(0,-1,0));
#7802=FACE_SURFACE('',(#7807),#7803,.T.);
#7803=PLANE('',#7804);
#7804=AXIS2_PLACEMENT_3D('',#320,#7805,#7806);
#7805=DIRECTION('',(-0.9970545397298958,0,0.07669579391339269));
#7806=DIRECTION('',(0.0766957939133927,0,0.9970545397298959));
#7807=FACE_BOUND('',#7808,.T.);
#7808=EDGE_LOOP('',(#7809,#7810,#7811));
#7809=ORIENTED_EDGE('',*,*,#7812,.T.);
#7810=ORIENTED_EDGE('',*,*,#7813,.T.);
#7811=ORIENTED_EDGE('',*,*,#7814,.T.);
#7812=EDGE_CURVE('',#321,#463,#7815,.F.);
#7813=EDGE_CURVE('',#463,#561,#7816,.T.);
#7814=EDGE_CURVE('',#561,#321,#7817,.T.);
#7815=LINE('',#320,#7818);
#7816=LINE('',#462,#7819);
#7817=LINE('',#560,#7820);
#7818=VECTOR('',#7821,1.0);
#7819=VECTOR('',#7822,1.0);
#7820=VECTOR('',#7823,1.0);
#7821=DIRECTION('',(0.0766957939133927,0,0.9970545397298959));
#7822=DIRECTION('',(0,1,0));
#7823=DIRECTION('',(-0.07333148581459112,-0.2929283804912484,-0.9533181300547047));
#7824=FACE_SURFACE('',(#7829),#7825,.T.);
#7825=PLANE('',#7826);
#7826=AXIS2_PLACEMENT_3D('',#320,#7827,#7828);
#7827=DIRECTION('',(-0.9970545397298958,0,0.07669579391339269));
#7828=DIRECTION('',(0.07333148581459112,0.2929283804912484,0.9533181300547047));
#7829=FACE_BOUND('',#7830,.T.);
#7830=EDGE_LOOP('',(#7831,#7832,#7833));
#7831=ORIENTED_EDGE('',*,*,#7834,.T.);
#7832=ORIENTED_EDGE('',*,*,#7835,.T.);
#7833=ORIENTED_EDGE('',*,*,#7836,.T.);
#7834=EDGE_CURVE('',#321,#561,#7837,.F.);
#7835=EDGE_CURVE('',#561,#323,#7838,.T.);
#7836=EDGE_CURVE('',#323,#321,#7839,.T.);
#7837=LINE('',#320,#7840);
#7838=LINE('',#560,#7841);
#7839=LINE('',#322,#7842);
#7840=VECTOR('',#7843,1.0);
#7841=VECTOR('',#7844,1.0);
#7842=VECTOR('',#7845,1.0);
#7843=DIRECTION('',(0.07333148581459112,0.2929283804912484,0.9533181300547047));
#7844=DIRECTION('',(-0.0766957939133927,0,-0.9970545397298959));
#7845=DIRECTION('',(0,-1,0));
#7846=FACE_SURFACE('',(#7851),#7847,.T.);
#7847=PLANE('',#7848);
#7848=AXIS2_PLACEMENT_3D('',#126,#7849,#7850);
#7849=DIRECTION('',(0.9970545397298958,0,-0.0766957939133927));
#7850=DIRECTION('',(0.0766957939133927,0,0.9970545397298959));
#7851=FACE_BOUND('',#7852,.T.);
#7852=EDGE_LOOP('',(#7853,#7854,#7855));
#7853=ORIENTED_EDGE('',*,*,#7856,.T.);
#7854=ORIENTED_EDGE('',*,*,#7857,.T.);
#7855=ORIENTED_EDGE('',*,*,#7858,.T.);
#7856=EDGE_CURVE('',#127,#511,#7859,.F.);
#7857=EDGE_CURVE('',#511,#553,#7860,.T.);
#7858=EDGE_CURVE('',#553,#127,#7861,.T.);
#7859=LINE('',#126,#7862);
#7860=LINE('',#510,#7863);
#7861=LINE('',#552,#7864);
#7862=VECTOR('',#7865,1.0);
#7863=VECTOR('',#7866,1.0);
#7864=VECTOR('',#7867,1.0);
#7865=DIRECTION('',(0.0766957939133927,0,0.9970545397298959));
#7866=DIRECTION('',(0,-1,0));
#7867=DIRECTION('',(-0.05039643850854108,0.7538075948941507,-0.6551597582769799));
#7868=FACE_SURFACE('',(#7873),#7869,.T.);
#7869=PLANE('',#7870);
#7870=AXIS2_PLACEMENT_3D('',#126,#7871,#7872);
#7871=DIRECTION('',(0.9970545397298958,0,-0.0766957939133927));
#7872=DIRECTION('',(0.05039643850854108,-0.7538075948941507,0.6551597582769799));
#7873=FACE_BOUND('',#7874,.T.);
#7874=EDGE_LOOP('',(#7875,#7876,#7877));
#7875=ORIENTED_EDGE('',*,*,#7878,.T.);
#7876=ORIENTED_EDGE('',*,*,#7879,.T.);
#7877=ORIENTED_EDGE('',*,*,#7880,.T.);
#7878=EDGE_CURVE('',#127,#553,#7881,.F.);
#7879=EDGE_CURVE('',#553,#117,#7882,.T.);
#7880=EDGE_CURVE('',#117,#127,#7883,.T.);
#7881=LINE('',#126,#7884);
#7882=LINE('',#552,#7885);
#7883=LINE('',#116,#7886);
#7884=VECTOR('',#7887,1.0);
#7885=VECTOR('',#7888,1.0);
#7886=VECTOR('',#7889,1.0);
#7887=DIRECTION('',(0.05039643850854108,-0.7538075948941507,0.6551597582769799));
#7888=DIRECTION('',(-0.0766957939133927,0,-0.9970545397298959));
#7889=DIRECTION('',(0,1,0));
#7890=FACE_SURFACE('',(#7895),#7891,.T.);
#7891=PLANE('',#7892);
#7892=AXIS2_PLACEMENT_3D('',#196,#7893,#7894);
#7893=DIRECTION('',(0,-1,0));
#7894=DIRECTION('',(0.0766957939133927,0,0.9970545397298959));
#7895=FACE_BOUND('',#7896,.T.);
#7896=EDGE_LOOP('',(#7897,#7898,#7899));
#7897=ORIENTED_EDGE('',*,*,#7900,.T.);
#7898=ORIENTED_EDGE('',*,*,#7901,.T.);
#7899=ORIENTED_EDGE('',*,*,#7902,.T.);
#7900=EDGE_CURVE('',#197,#563,#7903,.F.);
#7901=EDGE_CURVE('',#563,#565,#7904,.T.);
#7902=EDGE_CURVE('',#565,#197,#7905,.T.);
#7903=LINE('',#196,#7906);
#7904=LINE('',#562,#7907);
#7905=LINE('',#564,#7908);
#7906=VECTOR('',#7909,1.0);
#7907=VECTOR('',#7910,1.0);
#7908=VECTOR('',#7911,1.0);
#7909=DIRECTION('',(0.0766957939133927,0,0.9970545397298959));
#7910=DIRECTION('',(-1,0,0));
#7911=DIRECTION('',(0.9605301965922124,0,-0.27817573840025256));
#7912=FACE_SURFACE('',(#7917),#7913,.T.);
#7913=PLANE('',#7914);
#7914=AXIS2_PLACEMENT_3D('',#196,#7915,#7916);
#7915=DIRECTION('',(0,-1,0));
#7916=DIRECTION('',(-0.9605301965922124,0,0.27817573840025256));
#7917=FACE_BOUND('',#7918,.T.);
#7918=EDGE_LOOP('',(#7919,#7920,#7921));
#7919=ORIENTED_EDGE('',*,*,#7922,.T.);
#7920=ORIENTED_EDGE('',*,*,#7923,.T.);
#7921=ORIENTED_EDGE('',*,*,#7924,.T.);
#7922=EDGE_CURVE('',#197,#565,#7925,.F.);
#7923=EDGE_CURVE('',#565,#199,#7926,.T.);
#7924=EDGE_CURVE('',#199,#197,#7927,.T.);
#7925=LINE('',#196,#7928);
#7926=LINE('',#564,#7929);
#7927=LINE('',#198,#7930);
#7928=VECTOR('',#7931,1.0);
#7929=VECTOR('',#7932,1.0);
#7930=VECTOR('',#7933,1.0);
#7931=DIRECTION('',(-0.9605301965922124,0,0.27817573840025256));
#7932=DIRECTION('',(-0.0766957939133927,0,-0.9970545397298959));
#7933=DIRECTION('',(1,0,0));
#7934=FACE_SURFACE('',(#7939),#7935,.T.);
#7935=PLANE('',#7936);
#7936=AXIS2_PLACEMENT_3D('',#166,#7937,#7938);
#7937=DIRECTION('',(0,1,0));
#7938=DIRECTION('',(0.0766957939133927,0,0.9970545397298959));
#7939=FACE_BOUND('',#7940,.T.);
#7940=EDGE_LOOP('',(#7941,#7942,#7943));
#7941=ORIENTED_EDGE('',*,*,#7944,.T.);
#7942=ORIENTED_EDGE('',*,*,#7945,.T.);
#7943=ORIENTED_EDGE('',*,*,#7946,.T.);
#7944=EDGE_CURVE('',#167,#423,#7947,.F.);
#7945=EDGE_CURVE('',#423,#567,#7948,.T.);
#7946=EDGE_CURVE('',#567,#167,#7949,.T.);
#7947=LINE('',#166,#7950);
#7948=LINE('',#422,#7951);
#7949=LINE('',#566,#7952);
#7950=VECTOR('',#7953,1.0);
#7951=VECTOR('',#7954,1.0);
#7952=VECTOR('',#7955,1.0);
#7953=DIRECTION('',(0.0766957939133927,0,0.9970545397298959));
#7954=DIRECTION('',(1,0,0));
#7955=DIRECTION('',(-0.7752905012599268,0,-0.6316048120907025));
#7956=FACE_SURFACE('',(#7961),#7957,.T.);
#7957=PLANE('',#7958);
#7958=AXIS2_PLACEMENT_3D('',#166,#7959,#7960);
#7959=DIRECTION('',(0,1,0));
#7960=DIRECTION('',(0.7752905012599268,0,0.6316048120907025));
#7961=FACE_BOUND('',#7962,.T.);
#7962=EDGE_LOOP('',(#7963,#7964,#7965));
#7963=ORIENTED_EDGE('',*,*,#7966,.T.);
#7964=ORIENTED_EDGE('',*,*,#7967,.T.);
#7965=ORIENTED_EDGE('',*,*,#7968,.T.);
#7966=EDGE_CURVE('',#167,#567,#7969,.F.);
#7967=EDGE_CURVE('',#567,#169,#7970,.T.);
#7968=EDGE_CURVE('',#169,#167,#7971,.T.);
#7969=LINE('',#166,#7972);
#7970=LINE('',#566,#7973);
#7971=LINE('',#168,#7974);
#7972=VECTOR('',#7975,1.0);
#7973=VECTOR('',#7976,1.0);
#7974=VECTOR('',#7977,1.0);
#7975=DIRECTION('',(0.7752905012599268,0,0.6316048120907025));
#7976=DIRECTION('',(-0.0766957939133927,0,-0.9970545397298959));
#7977=DIRECTION('',(-1,0,0));
#7978=FACE_SURFACE('',(#7983),#7979,.T.);
#7979=PLANE('',#7980);
#7980=AXIS2_PLACEMENT_3D('',#60,#7981,#7982);
#7981=DIRECTION('',(0,1,0));
#7982=DIRECTION('',(0.0766957939133927,0,0.9970545397298959));
#7983=FACE_BOUND('',#7984,.T.);
#7984=EDGE_LOOP('',(#7985,#7986,#7987));
#7985=ORIENTED_EDGE('',*,*,#7988,.T.);
#7986=ORIENTED_EDGE('',*,*,#7989,.T.);
#7987=ORIENTED_EDGE('',*,*,#7990,.T.);
#7988=EDGE_CURVE('',#61,#417,#7991,.F.);
#7989=EDGE_CURVE('',#417,#569,#7992,.T.);
#7990=EDGE_CURVE('',#569,#61,#7993,.T.);
#7991=LINE('',#60,#7994);
#7992=LINE('',#416,#7995);
#7993=LINE('',#568,#7996);
#7994=VECTOR('',#7997,1.0);
#7995=VECTOR('',#7998,1.0);
#7996=VECTOR('',#7999,1.0);
#7997=DIRECTION('',(0.0766957939133927,0,0.9970545397298959));
#7998=DIRECTION('',(1,0,0));
#7999=DIRECTION('',(-0.9636481601576726,0,-0.2671745186666059));
#8000=FACE_SURFACE('',(#8005),#8001,.T.);
#8001=PLANE('',#8002);
#8002=AXIS2_PLACEMENT_3D('',#60,#8003,#8004);
#8003=DIRECTION('',(0,1,0));
#8004=DIRECTION('',(0.9636481601576726,0,0.2671745186666059));
#8005=FACE_BOUND('',#8006,.T.);
#8006=EDGE_LOOP('',(#8007,#8008,#8009));
#8007=ORIENTED_EDGE('',*,*,#8010,.T.);
#8008=ORIENTED_EDGE('',*,*,#8011,.T.);
#8009=ORIENTED_EDGE('',*,*,#8012,.T.);
#8010=EDGE_CURVE('',#61,#569,#8013,.F.);
#8011=EDGE_CURVE('',#569,#343,#8014,.T.);
#8012=EDGE_CURVE('',#343,#61,#8015,.T.);
#8013=LINE('',#60,#8016);
#8014=LINE('',#568,#8017);
#8015=LINE('',#342,#8018);
#8016=VECTOR('',#8019,1.0);
#8017=VECTOR('',#8020,1.0);
#8018=VECTOR('',#8021,1.0);
#8019=DIRECTION('',(0.9636481601576726,0,0.2671745186666059));
#8020=DIRECTION('',(-0.0766957939133927,0,-0.9970545397298959));
#8021=DIRECTION('',(-1,0,0));
#8022=FACE_SURFACE('',(#8027),#8023,.T.);
#8023=PLANE('',#8024);
#8024=AXIS2_PLACEMENT_3D('',#148,#8025,#8026);
#8025=DIRECTION('',(0.9970545397298958,0,-0.0766957939133927));
#8026=DIRECTION('',(0.0766957939133927,0,0.9970545397298959));
#8027=FACE_BOUND('',#8028,.T.);
#8028=EDGE_LOOP('',(#8029,#8030,#8031));
#8029=ORIENTED_EDGE('',*,*,#8032,.T.);
#8030=ORIENTED_EDGE('',*,*,#8033,.T.);
#8031=ORIENTED_EDGE('',*,*,#8034,.T.);
#8032=EDGE_CURVE('',#149,#381,#8035,.F.);
#8033=EDGE_CURVE('',#381,#571,#8036,.T.);
#8034=EDGE_CURVE('',#571,#149,#8037,.T.);
#8035=LINE('',#148,#8038);
#8036=LINE('',#380,#8039);
#8037=LINE('',#570,#8040);
#8038=VECTOR('',#8041,1.0);
#8039=VECTOR('',#8042,1.0);
#8040=VECTOR('',#8043,1.0);
#8041=DIRECTION('',(0.0766957939133927,0,0.9970545397298959));
#8042=DIRECTION('',(0,-1,0));
#8043=DIRECTION('',(-0.07669560206876992,0.002236679554993141,-0.9970520457267399));
#8044=FACE_SURFACE('',(#8049),#8045,.T.);
#8045=PLANE('',#8046);
#8046=AXIS2_PLACEMENT_3D('',#148,#8047,#8048);
#8047=DIRECTION('',(0.9970545397298958,0,-0.0766957939133927));
#8048=DIRECTION('',(0.07669560206876992,-0.002236679554993141,0.9970520457267399));
#8049=FACE_BOUND('',#8050,.T.);
#8050=EDGE_LOOP('',(#8051,#8052,#8053));
#8051=ORIENTED_EDGE('',*,*,#8054,.T.);
#8052=ORIENTED_EDGE('',*,*,#8055,.T.);
#8053=ORIENTED_EDGE('',*,*,#8056,.T.);
#8054=EDGE_CURVE('',#149,#571,#8057,.F.);
#8055=EDGE_CURVE('',#571,#151,#8058,.T.);
#8056=EDGE_CURVE('',#151,#149,#8059,.T.);
#8057=LINE('',#148,#8060);
#8058=LINE('',#570,#8061);
#8059=LINE('',#150,#8062);
#8060=VECTOR('',#8063,1.0);
#8061=VECTOR('',#8064,1.0);
#8062=VECTOR('',#8065,1.0);
#8063=DIRECTION('',(0.07669560206876992,-0.002236679554993141,0.9970520457267399));
#8064=DIRECTION('',(-0.0766957939133927,0,-0.9970545397298959));
#8065=DIRECTION('',(0,1,0));
#8066=FACE_SURFACE('',(#8071),#8067,.T.);
#8067=PLANE('',#8068);
#8068=AXIS2_PLACEMENT_3D('',#236,#8069,#8070);
#8069=DIRECTION('',(0.9970545397298958,0,-0.07669579391339269));
#8070=DIRECTION('',(0.0766957939133927,0,0.9970545397298959));
#8071=FACE_BOUND('',#8072,.T.);
#8072=EDGE_LOOP('',(#8073,#8074,#8075));
#8073=ORIENTED_EDGE('',*,*,#8076,.T.);
#8074=ORIENTED_EDGE('',*,*,#8077,.T.);
#8075=ORIENTED_EDGE('',*,*,#8078,.T.);
#8076=EDGE_CURVE('',#237,#573,#8079,.F.);
#8077=EDGE_CURVE('',#573,#575,#8080,.T.);
#8078=EDGE_CURVE('',#575,#237,#8081,.T.);
#8079=LINE('',#236,#8082);
#8080=LINE('',#572,#8083);
#8081=LINE('',#574,#8084);
#8082=VECTOR('',#8085,1.0);
#8083=VECTOR('',#8086,1.0);
#8084=VECTOR('',#8087,1.0);
#8085=DIRECTION('',(0.0766957939133927,0,0.9970545397298959));
#8086=DIRECTION('',(0,-1,0));
#8087=DIRECTION('',(-0.0160699935558558,0.977802431546165,-0.20891184784382683));
#8088=FACE_SURFACE('',(#8093),#8089,.T.);
#8089=PLANE('',#8090);
#8090=AXIS2_PLACEMENT_3D('',#236,#8091,#8092);
#8091=DIRECTION('',(0.9970545397298958,0,-0.07669579391339269));
#8092=DIRECTION('',(0.0160699935558558,-0.977802431546165,0.20891184784382683));
#8093=FACE_BOUND('',#8094,.T.);
#8094=EDGE_LOOP('',(#8095,#8096,#8097));
#8095=ORIENTED_EDGE('',*,*,#8098,.T.);
#8096=ORIENTED_EDGE('',*,*,#8099,.T.);
#8097=ORIENTED_EDGE('',*,*,#8100,.T.);
#8098=EDGE_CURVE('',#237,#575,#8101,.F.);
#8099=EDGE_CURVE('',#575,#89,#8102,.T.);
#8100=EDGE_CURVE('',#89,#237,#8103,.T.);
#8101=LINE('',#236,#8104);
#8102=LINE('',#574,#8105);
#8103=LINE('',#88,#8106);
#8104=VECTOR('',#8107,1.0);
#8105=VECTOR('',#8108,1.0);
#8106=VECTOR('',#8109,1.0);
#8107=DIRECTION('',(0.0160699935558558,-0.977802431546165,0.20891184784382683));
#8108=DIRECTION('',(-0.0766957939133927,0,-0.9970545397298959));
#8109=DIRECTION('',(0,1,0));
#8110=FACE_SURFACE('',(#8115),#8111,.T.);
#8111=PLANE('',#8112);
#8112=AXIS2_PLACEMENT_3D('',#354,#8113,#8114);
#8113=DIRECTION('',(-0.9970545397298958,0,0.0766957939133927));
#8114=DIRECTION('',(0.0766957939133927,0,0.9970545397298959));
#8115=FACE_BOUND('',#8116,.T.);
#8116=EDGE_LOOP('',(#8117,#8118,#8119));
#8117=ORIENTED_EDGE('',*,*,#8120,.T.);
#8118=ORIENTED_EDGE('',*,*,#8121,.T.);
#8119=ORIENTED_EDGE('',*,*,#8122,.T.);
#8120=EDGE_CURVE('',#355,#577,#8123,.F.);
#8121=EDGE_CURVE('',#577,#579,#8124,.T.);
#8122=EDGE_CURVE('',#579,#355,#8125,.T.);
#8123=LINE('',#354,#8126);
#8124=LINE('',#576,#8127);
#8125=LINE('',#578,#8128);
#8126=VECTOR('',#8129,1.0);
#8127=VECTOR('',#8130,1.0);
#8128=VECTOR('',#8131,1.0);
#8129=DIRECTION('',(0.0766957939133927,0,0.9970545397298959));
#8130=DIRECTION('',(0,1,0));
#8131=DIRECTION('',(-0.05039643850854108,-0.7538075948941507,-0.6551597582769799));
#8132=FACE_SURFACE('',(#8137),#8133,.T.);
#8133=PLANE('',#8134);
#8134=AXIS2_PLACEMENT_3D('',#354,#8135,#8136);
#8135=DIRECTION('',(-0.9970545397298958,0,0.0766957939133927));
#8136=DIRECTION('',(0.05039643850854108,0.7538075948941507,0.6551597582769799));
#8137=FACE_BOUND('',#8138,.T.);
#8138=EDGE_LOOP('',(#8139,#8140,#8141));
#8139=ORIENTED_EDGE('',*,*,#8142,.T.);
#8140=ORIENTED_EDGE('',*,*,#8143,.T.);
#8141=ORIENTED_EDGE('',*,*,#8144,.T.);
#8142=EDGE_CURVE('',#355,#579,#8145,.F.);
#8143=EDGE_CURVE('',#579,#233,#8146,.T.);
#8144=EDGE_CURVE('',#233,#355,#8147,.T.);
#8145=LINE('',#354,#8148);
#8146=LINE('',#578,#8149);
#8147=LINE('',#232,#8150);
#8148=VECTOR('',#8151,1.0);
#8149=VECTOR('',#8152,1.0);
#8150=VECTOR('',#8153,1.0);
#8151=DIRECTION('',(0.05039643850854108,0.7538075948941507,0.6551597582769799));
#8152=DIRECTION('',(-0.0766957939133927,0,-0.9970545397298959));
#8153=DIRECTION('',(0,-1,0));
#8154=FACE_SURFACE('',(#8159),#8155,.T.);
#8155=PLANE('',#8156);
#8156=AXIS2_PLACEMENT_3D('',#182,#8157,#8158);
#8157=DIRECTION('',(0.9970545397298958,0,-0.0766957939133927));
#8158=DIRECTION('',(0.0766957939133927,0,0.9970545397298959));
#8159=FACE_BOUND('',#8160,.T.);
#8160=EDGE_LOOP('',(#8161,#8162,#8163));
#8161=ORIENTED_EDGE('',*,*,#8164,.T.);
#8162=ORIENTED_EDGE('',*,*,#8165,.T.);
#8163=ORIENTED_EDGE('',*,*,#8166,.T.);
#8164=EDGE_CURVE('',#183,#581,#8167,.F.);
#8165=EDGE_CURVE('',#581,#537,#8168,.T.);
#8166=EDGE_CURVE('',#537,#183,#8169,.T.);
#8167=LINE('',#182,#8170);
#8168=LINE('',#580,#8171);
#8169=LINE('',#536,#8172);
#8170=VECTOR('',#8173,1.0);
#8171=VECTOR('',#8174,1.0);
#8172=VECTOR('',#8175,1.0);
#8173=DIRECTION('',(0.0766957939133927,0,0.9970545397298959));
#8174=DIRECTION('',(0,-1,0));
#8175=DIRECTION('',(-0.016069995125789438,0.9778024271598197,-0.20891186825315283));
#8176=FACE_SURFACE('',(#8181),#8177,.T.);
#8177=PLANE('',#8178);
#8178=AXIS2_PLACEMENT_3D('',#182,#8179,#8180);
#8179=DIRECTION('',(0.9970545397298958,0,-0.0766957939133927));
#8180=DIRECTION('',(0.016069995125789438,-0.9778024271598197,0.20891186825315283));
#8181=FACE_BOUND('',#8182,.T.);
#8182=EDGE_LOOP('',(#8183,#8184,#8185));
#8183=ORIENTED_EDGE('',*,*,#8186,.T.);
#8184=ORIENTED_EDGE('',*,*,#8187,.T.);
#8185=ORIENTED_EDGE('',*,*,#8188,.T.);
#8186=EDGE_CURVE('',#183,#537,#8189,.F.);
#8187=EDGE_CURVE('',#537,#185,#8190,.T.);
#8188=EDGE_CURVE('',#185,#183,#8191,.T.);
#8189=LINE('',#182,#8192);
#8190=LINE('',#536,#8193);
#8191=LINE('',#184,#8194);
#8192=VECTOR('',#8195,1.0);
#8193=VECTOR('',#8196,1.0);
#8194=VECTOR('',#8197,1.0);
#8195=DIRECTION('',(0.016069995125789438,-0.9778024271598197,0.20891186825315283));
#8196=DIRECTION('',(-0.0766957939133927,0,-0.9970545397298959));
#8197=DIRECTION('',(0,1,0));
#8198=FACE_SURFACE('',(#8203),#8199,.T.);
#8199=PLANE('',#8200);
#8200=AXIS2_PLACEMENT_3D('',#246,#8201,#8202);
#8201=DIRECTION('',(0.9970527703364728,-0.0018839421023274766,-0.07669565780746478));
#8202=DIRECTION('',(0.0766957939133927,0,0.9970545397298959));
#8203=FACE_BOUND('',#8204,.T.);
#8204=EDGE_LOOP('',(#8205,#8206,#8207));
#8205=ORIENTED_EDGE('',*,*,#8208,.T.);
#8206=ORIENTED_EDGE('',*,*,#8209,.T.);
#8207=ORIENTED_EDGE('',*,*,#8210,.T.);
#8208=EDGE_CURVE('',#247,#431,#8211,.F.);
#8209=EDGE_CURVE('',#431,#583,#8212,.T.);
#8210=EDGE_CURVE('',#583,#247,#8213,.T.);
#8211=LINE('',#246,#8214);
#8212=LINE('',#430,#8215);
#8213=LINE('',#582,#8216);
#8214=VECTOR('',#8217,1.0);
#8215=VECTOR('',#8218,1.0);
#8216=VECTOR('',#8219,1.0);
#8217=DIRECTION('',(0.0766957939133927,0,0.9970545397298959));
#8218=DIRECTION('',(-0.0018895075519695132,-0.9999982148790122,0));
#8219=DIRECTION('',(-0.057719987619098,0.6401351604333684,-0.7660909733224879));
#8220=FACE_SURFACE('',(#8225),#8221,.T.);
#8221=PLANE('',#8222);
#8222=AXIS2_PLACEMENT_3D('',#246,#8223,#8224);
#8223=DIRECTION('',(0.9970527703364728,-0.0018839421023274766,-0.07669565780746478));
#8224=DIRECTION('',(0.057719987619098,-0.6401351604333684,0.7660909733224879));
#8225=FACE_BOUND('',#8226,.T.);
#8226=EDGE_LOOP('',(#8227,#8228,#8229));
#8227=ORIENTED_EDGE('',*,*,#8230,.T.);
#8228=ORIENTED_EDGE('',*,*,#8231,.T.);
#8229=ORIENTED_EDGE('',*,*,#8232,.T.);
#8230=EDGE_CURVE('',#247,#583,#8233,.F.);
#8231=EDGE_CURVE('',#583,#249,#8234,.T.);
#8232=EDGE_CURVE('',#249,#247,#8235,.T.);
#8233=LINE('',#246,#8236);
#8234=LINE('',#582,#8237);
#8235=LINE('',#248,#8238);
#8236=VECTOR('',#8239,1.0);
#8237=VECTOR('',#8240,1.0);
#8238=VECTOR('',#8241,1.0);
#8239=DIRECTION('',(0.057719987619098,-0.6401351604333684,0.7660909733224879));
#8240=DIRECTION('',(-0.0766957939133927,0,-0.9970545397298959));
#8241=DIRECTION('',(0.0018895075519695132,0.9999982148790122,0));
#8242=FACE_SURFACE('',(#8247),#8243,.T.);
#8243=PLANE('',#8244);
#8244=AXIS2_PLACEMENT_3D('',#278,#8245,#8246);
#8245=DIRECTION('',(0.9970545397298958,0,-0.07669579391339269));
#8246=DIRECTION('',(0.0766957939133927,0,0.9970545397298959));
#8247=FACE_BOUND('',#8248,.T.);
#8248=EDGE_LOOP('',(#8249,#8250,#8251));
#8249=ORIENTED_EDGE('',*,*,#8252,.T.);
#8250=ORIENTED_EDGE('',*,*,#8253,.T.);
#8251=ORIENTED_EDGE('',*,*,#8254,.T.);
#8252=EDGE_CURVE('',#279,#469,#8255,.F.);
#8253=EDGE_CURVE('',#469,#517,#8256,.T.);
#8254=EDGE_CURVE('',#517,#279,#8257,.T.);
#8255=LINE('',#278,#8258);
#8256=LINE('',#468,#8259);
#8257=LINE('',#516,#8260);
#8258=VECTOR('',#8261,1.0);
#8259=VECTOR('',#8262,1.0);
#8260=VECTOR('',#8263,1.0);
#8261=DIRECTION('',(0.0766957939133927,0,0.9970545397298959));
#8262=DIRECTION('',(0,-1,0));
#8263=DIRECTION('',(-0.07333148581459112,0.2929283804912484,-0.9533181300547047));
#8264=FACE_SURFACE('',(#8269),#8265,.T.);
#8265=PLANE('',#8266);
#8266=AXIS2_PLACEMENT_3D('',#278,#8267,#8268);
#8267=DIRECTION('',(0.9970545397298958,0,-0.07669579391339269));
#8268=DIRECTION('',(0.07333148581459112,-0.2929283804912484,0.9533181300547047));
#8269=FACE_BOUND('',#8270,.T.);
#8270=EDGE_LOOP('',(#8271,#8272,#8273));
#8271=ORIENTED_EDGE('',*,*,#8274,.T.);
#8272=ORIENTED_EDGE('',*,*,#8275,.T.);
#8273=ORIENTED_EDGE('',*,*,#8276,.T.);
#8274=EDGE_CURVE('',#279,#517,#8277,.F.);
#8275=EDGE_CURVE('',#517,#281,#8278,.T.);
#8276=EDGE_CURVE('',#281,#279,#8279,.T.);
#8277=LINE('',#278,#8280);
#8278=LINE('',#516,#8281);
#8279=LINE('',#280,#8282);
#8280=VECTOR('',#8283,1.0);
#8281=VECTOR('',#8284,1.0);
#8282=VECTOR('',#8285,1.0);
#8283=DIRECTION('',(0.07333148581459112,-0.2929283804912484,0.9533181300547047));
#8284=DIRECTION('',(-0.0766957939133927,0,-0.9970545397298959));
#8285=DIRECTION('',(0,1,0));
#8286=FACE_SURFACE('',(#8291),#8287,.T.);
#8287=PLANE('',#8288);
#8288=AXIS2_PLACEMENT_3D('',#136,#8289,#8290);
#8289=DIRECTION('',(0,1,0));
#8290=DIRECTION('',(0.0766957939133927,0,0.9970545397298959));
#8291=FACE_BOUND('',#8292,.T.);
#8292=EDGE_LOOP('',(#8293,#8294,#8295));
#8293=ORIENTED_EDGE('',*,*,#8296,.T.);
#8294=ORIENTED_EDGE('',*,*,#8297,.T.);
#8295=ORIENTED_EDGE('',*,*,#8298,.T.);
#8296=EDGE_CURVE('',#137,#585,#8299,.F.);
#8297=EDGE_CURVE('',#585,#587,#8300,.T.);
#8298=EDGE_CURVE('',#587,#137,#8301,.T.);
#8299=LINE('',#136,#8302);
#8300=LINE('',#584,#8303);
#8301=LINE('',#586,#8304);
#8302=VECTOR('',#8305,1.0);
#8303=VECTOR('',#8306,1.0);
#8304=VECTOR('',#8307,1.0);
#8305=DIRECTION('',(0.0766957939133927,0,0.9970545397298959));
#8306=DIRECTION('',(1,0,0));
#8307=DIRECTION('',(-0.9636480628681542,0,-0.26717486957132375));
#8308=FACE_SURFACE('',(#8313),#8309,.T.);
#8309=PLANE('',#8310);
#8310=AXIS2_PLACEMENT_3D('',#136,#8311,#8312);
#8311=DIRECTION('',(0,1,0));
#8312=DIRECTION('',(0.9636480628681542,0,0.26717486957132375));
#8313=FACE_BOUND('',#8314,.T.);
#8314=EDGE_LOOP('',(#8315,#8316,#8317));
#8315=ORIENTED_EDGE('',*,*,#8318,.T.);
#8316=ORIENTED_EDGE('',*,*,#8319,.T.);
#8317=ORIENTED_EDGE('',*,*,#8320,.T.);
#8318=EDGE_CURVE('',#137,#587,#8321,.F.);
#8319=EDGE_CURVE('',#587,#139,#8322,.T.);
#8320=EDGE_CURVE('',#139,#137,#8323,.T.);
#8321=LINE('',#136,#8324);
#8322=LINE('',#586,#8325);
#8323=LINE('',#138,#8326);
#8324=VECTOR('',#8327,1.0);
#8325=VECTOR('',#8328,1.0);
#8326=VECTOR('',#8329,1.0);
#8327=DIRECTION('',(0.9636480628681542,0,0.26717486957132375));
#8328=DIRECTION('',(-0.0766957939133927,0,-0.9970545397298959));
#8329=DIRECTION('',(-1,0,0));
#8330=FACE_SURFACE('',(#8335),#8331,.T.);
#8331=PLANE('',#8332);
#8332=AXIS2_PLACEMENT_3D('',#232,#8333,#8334);
#8333=DIRECTION('',(0,-1,0));
#8334=DIRECTION('',(0.0766957939133927,0,0.9970545397298959));
#8335=FACE_BOUND('',#8336,.T.);
#8336=EDGE_LOOP('',(#8337,#8338,#8339));
#8337=ORIENTED_EDGE('',*,*,#8340,.T.);
#8338=ORIENTED_EDGE('',*,*,#8341,.T.);
#8339=ORIENTED_EDGE('',*,*,#8342,.T.);
#8340=EDGE_CURVE('',#233,#579,#8343,.F.);
#8341=EDGE_CURVE('',#579,#499,#8344,.T.);
#8342=EDGE_CURVE('',#499,#233,#8345,.T.);
#8343=LINE('',#232,#8346);
#8344=LINE('',#578,#8347);
#8345=LINE('',#498,#8348);
#8346=VECTOR('',#8349,1.0);
#8347=VECTOR('',#8350,1.0);
#8348=VECTOR('',#8351,1.0);
#8349=DIRECTION('',(0.0766957939133927,0,0.9970545397298959));
#8350=DIRECTION('',(-1,0,0));
#8351=DIRECTION('',(0.9772102138205307,0,-0.2122738749936806));
#8352=FACE_SURFACE('',(#8357),#8353,.T.);
#8353=PLANE('',#8354);
#8354=AXIS2_PLACEMENT_3D('',#232,#8355,#8356);
#8355=DIRECTION('',(0,-1,0));
#8356=DIRECTION('',(-0.9772102138205307,0,0.2122738749936806));
#8357=FACE_BOUND('',#8358,.T.);
#8358=EDGE_LOOP('',(#8359,#8360,#8361));
#8359=ORIENTED_EDGE('',*,*,#8362,.T.);
#8360=ORIENTED_EDGE('',*,*,#8363,.T.);
#8361=ORIENTED_EDGE('',*,*,#8364,.T.);
#8362=EDGE_CURVE('',#233,#499,#8365,.F.);
#8363=EDGE_CURVE('',#499,#221,#8366,.T.);
#8364=EDGE_CURVE('',#221,#233,#8367,.T.);
#8365=LINE('',#232,#8368);
#8366=LINE('',#498,#8369);
#8367=LINE('',#220,#8370);
#8368=VECTOR('',#8371,1.0);
#8369=VECTOR('',#8372,1.0);
#8370=VECTOR('',#8373,1.0);
#8371=DIRECTION('',(-0.9772102138205307,0,0.2122738749936806));
#8372=DIRECTION('',(-0.0766957939133927,0,-0.9970545397298959));
#8373=DIRECTION('',(1,0,0));
#8374=FACE_SURFACE('',(#8379),#8375,.T.);
#8375=PLANE('',#8376);
#8376=AXIS2_PLACEMENT_3D('',#34,#8377,#8378);
#8377=DIRECTION('',(-0.9970545397298958,0,0.0766957939133927));
#8378=DIRECTION('',(0.0766957939133927,0,0.9970545397298959));
#8379=FACE_BOUND('',#8380,.T.);
#8380=EDGE_LOOP('',(#8381,#8382,#8383));
#8381=ORIENTED_EDGE('',*,*,#8384,.T.);
#8382=ORIENTED_EDGE('',*,*,#8385,.T.);
#8383=ORIENTED_EDGE('',*,*,#8386,.T.);
#8384=EDGE_CURVE('',#35,#523,#8387,.F.);
#8385=EDGE_CURVE('',#523,#589,#8388,.T.);
#8386=EDGE_CURVE('',#589,#35,#8389,.T.);
#8387=LINE('',#34,#8390);
#8388=LINE('',#522,#8391);
#8389=LINE('',#588,#8392);
#8390=VECTOR('',#8393,1.0);
#8391=VECTOR('',#8394,1.0);
#8392=VECTOR('',#8395,1.0);
#8393=DIRECTION('',(0.0766957939133927,0,0.9970545397298959));
#8394=DIRECTION('',(0,1,0));
#8395=DIRECTION('',(-0.05039643850854108,-0.7538075948941507,-0.6551597582769799));
#8396=FACE_SURFACE('',(#8401),#8397,.T.);
#8397=PLANE('',#8398);
#8398=AXIS2_PLACEMENT_3D('',#34,#8399,#8400);
#8399=DIRECTION('',(-0.9970545397298958,0,0.0766957939133927));
#8400=DIRECTION('',(0.05039643850854108,0.7538075948941507,0.6551597582769799));
#8401=FACE_BOUND('',#8402,.T.);
#8402=EDGE_LOOP('',(#8403,#8404,#8405));
#8403=ORIENTED_EDGE('',*,*,#8406,.T.);
#8404=ORIENTED_EDGE('',*,*,#8407,.T.);
#8405=ORIENTED_EDGE('',*,*,#8408,.T.);
#8406=EDGE_CURVE('',#35,#589,#8409,.F.);
#8407=EDGE_CURVE('',#589,#37,#8410,.T.);
#8408=EDGE_CURVE('',#37,#35,#8411,.T.);
#8409=LINE('',#34,#8412);
#8410=LINE('',#588,#8413);
#8411=LINE('',#36,#8414);
#8412=VECTOR('',#8415,1.0);
#8413=VECTOR('',#8416,1.0);
#8414=VECTOR('',#8417,1.0);
#8415=DIRECTION('',(0.05039643850854108,0.7538075948941507,0.6551597582769799));
#8416=DIRECTION('',(-0.0766957939133927,0,-0.9970545397298959));
#8417=DIRECTION('',(0,-1,0));
#8418=FACE_SURFACE('',(#8423),#8419,.T.);
#8419=PLANE('',#8420);
#8420=AXIS2_PLACEMENT_3D('',#226,#8421,#8422);
#8421=DIRECTION('',(-0.9970545397298958,0,0.0766957939133927));
#8422=DIRECTION('',(0.0766957939133927,0,0.9970545397298959));
#8423=FACE_BOUND('',#8424,.T.);
#8424=EDGE_LOOP('',(#8425,#8426,#8427));
#8425=ORIENTED_EDGE('',*,*,#8428,.T.);
#8426=ORIENTED_EDGE('',*,*,#8429,.T.);
#8427=ORIENTED_EDGE('',*,*,#8430,.T.);
#8428=EDGE_CURVE('',#227,#541,#8431,.F.);
#8429=EDGE_CURVE('',#541,#531,#8432,.T.);
#8430=EDGE_CURVE('',#531,#227,#8433,.T.);
#8431=LINE('',#226,#8434);
#8432=LINE('',#540,#8435);
#8433=LINE('',#530,#8436);
#8434=VECTOR('',#8437,1.0);
#8435=VECTOR('',#8438,1.0);
#8436=VECTOR('',#8439,1.0);
#8437=DIRECTION('',(0.0766957939133927,0,0.9970545397298959));
#8438=DIRECTION('',(0,1,0));
#8439=DIRECTION('',(-0.05039643850854108,-0.7538075948941507,-0.6551597582769799));
#8440=FACE_SURFACE('',(#8445),#8441,.T.);
#8441=PLANE('',#8442);
#8442=AXIS2_PLACEMENT_3D('',#226,#8443,#8444);
#8443=DIRECTION('',(-0.9970545397298958,0,0.0766957939133927));
#8444=DIRECTION('',(0.05039643850854108,0.7538075948941507,0.6551597582769799));
#8445=FACE_BOUND('',#8446,.T.);
#8446=EDGE_LOOP('',(#8447,#8448,#8449));
#8447=ORIENTED_EDGE('',*,*,#8450,.T.);
#8448=ORIENTED_EDGE('',*,*,#8451,.T.);
#8449=ORIENTED_EDGE('',*,*,#8452,.T.);
#8450=EDGE_CURVE('',#227,#531,#8453,.F.);
#8451=EDGE_CURVE('',#531,#229,#8454,.T.);
#8452=EDGE_CURVE('',#229,#227,#8455,.T.);
#8453=LINE('',#226,#8456);
#8454=LINE('',#530,#8457);
#8455=LINE('',#228,#8458);
#8456=VECTOR('',#8459,1.0);
#8457=VECTOR('',#8460,1.0);
#8458=VECTOR('',#8461,1.0);
#8459=DIRECTION('',(0.05039643850854108,0.7538075948941507,0.6551597582769799));
#8460=DIRECTION('',(-0.0766957939133927,0,-0.9970545397298959));
#8461=DIRECTION('',(0,-1,0));
#8462=FACE_SURFACE('',(#8467),#8463,.T.);
#8463=PLANE('',#8464);
#8464=AXIS2_PLACEMENT_3D('',#240,#8465,#8466);
#8465=DIRECTION('',(0,-1,0));
#8466=DIRECTION('',(0.0766957939133927,0,0.9970545397298959));
#8467=FACE_BOUND('',#8468,.T.);
#8468=EDGE_LOOP('',(#8469,#8470,#8471));
#8469=ORIENTED_EDGE('',*,*,#8472,.T.);
#8470=ORIENTED_EDGE('',*,*,#8473,.T.);
#8471=ORIENTED_EDGE('',*,*,#8474,.T.);
#8472=EDGE_CURVE('',#241,#377,#8475,.F.);
#8473=EDGE_CURVE('',#377,#591,#8476,.T.);
#8474=EDGE_CURVE('',#591,#241,#8477,.T.);
#8475=LINE('',#240,#8478);
#8476=LINE('',#376,#8479);
#8477=LINE('',#590,#8480);
#8478=VECTOR('',#8481,1.0);
#8479=VECTOR('',#8482,1.0);
#8480=VECTOR('',#8483,1.0);
#8481=DIRECTION('',(0.0766957939133927,0,0.9970545397298959));
#8482=DIRECTION('',(-1,0,0));
#8483=DIRECTION('',(0.9772101894233253,0,-0.2122739873070388));
#8484=FACE_SURFACE('',(#8489),#8485,.T.);
#8485=PLANE('',#8486);
#8486=AXIS2_PLACEMENT_3D('',#240,#8487,#8488);
#8487=DIRECTION('',(0,-1,0));
#8488=DIRECTION('',(-0.9772101894233253,0,0.2122739873070388));
#8489=FACE_BOUND('',#8490,.T.);
#8490=EDGE_LOOP('',(#8491,#8492,#8493));
#8491=ORIENTED_EDGE('',*,*,#8494,.T.);
#8492=ORIENTED_EDGE('',*,*,#8495,.T.);
#8493=ORIENTED_EDGE('',*,*,#8496,.T.);
#8494=EDGE_CURVE('',#241,#591,#8497,.F.);
#8495=EDGE_CURVE('',#591,#69,#8498,.T.);
#8496=EDGE_CURVE('',#69,#241,#8499,.T.);
#8497=LINE('',#240,#8500);
#8498=LINE('',#590,#8501);
#8499=LINE('',#68,#8502);
#8500=VECTOR('',#8503,1.0);
#8501=VECTOR('',#8504,1.0);
#8502=VECTOR('',#8505,1.0);
#8503=DIRECTION('',(-0.9772101894233253,0,0.2122739873070388));
#8504=DIRECTION('',(-0.0766957939133927,0,-0.9970545397298959));
#8505=DIRECTION('',(1,0,0));
#8506=FACE_SURFACE('',(#8511),#8507,.T.);
#8507=PLANE('',#8508);
#8508=AXIS2_PLACEMENT_3D('',#328,#8509,#8510);
#8509=DIRECTION('',(-0.9970545397298959,0,0.0766957939133927));
#8510=DIRECTION('',(0.0766957939133927,0,0.9970545397298959));
#8511=FACE_BOUND('',#8512,.T.);
#8512=EDGE_LOOP('',(#8513,#8514,#8515));
#8513=ORIENTED_EDGE('',*,*,#8516,.T.);
#8514=ORIENTED_EDGE('',*,*,#8517,.T.);
#8515=ORIENTED_EDGE('',*,*,#8518,.T.);
#8516=EDGE_CURVE('',#329,#593,#8519,.F.);
#8517=EDGE_CURVE('',#593,#461,#8520,.T.);
#8518=EDGE_CURVE('',#461,#329,#8521,.T.);
#8519=LINE('',#328,#8522);
#8520=LINE('',#592,#8523);
#8521=LINE('',#460,#8524);
#8522=VECTOR('',#8525,1.0);
#8523=VECTOR('',#8526,1.0);
#8524=VECTOR('',#8527,1.0);
#8525=DIRECTION('',(0.0766957939133927,0,0.9970545397298959));
#8526=DIRECTION('',(0,1,0));
#8527=DIRECTION('',(-0.018172977295889372,-0.9715221357374525,-0.2362508892434946));
#8528=FACE_SURFACE('',(#8533),#8529,.T.);
#8529=PLANE('',#8530);
#8530=AXIS2_PLACEMENT_3D('',#328,#8531,#8532);
#8531=DIRECTION('',(-0.9970545397298959,0,0.0766957939133927));
#8532=DIRECTION('',(0.018172977295889372,0.9715221357374525,0.2362508892434946));
#8533=FACE_BOUND('',#8534,.T.);
#8534=EDGE_LOOP('',(#8535,#8536,#8537));
#8535=ORIENTED_EDGE('',*,*,#8538,.T.);
#8536=ORIENTED_EDGE('',*,*,#8539,.T.);
#8537=ORIENTED_EDGE('',*,*,#8540,.T.);
#8538=EDGE_CURVE('',#329,#461,#8541,.F.);
#8539=EDGE_CURVE('',#461,#319,#8542,.T.);
#8540=EDGE_CURVE('',#319,#329,#8543,.T.);
#8541=LINE('',#328,#8544);
#8542=LINE('',#460,#8545);
#8543=LINE('',#318,#8546);
#8544=VECTOR('',#8547,1.0);
#8545=VECTOR('',#8548,1.0);
#8546=VECTOR('',#8549,1.0);
#8547=DIRECTION('',(0.018172977295889372,0.9715221357374525,0.2362508892434946));
#8548=DIRECTION('',(-0.0766957939133927,0,-0.9970545397298959));
#8549=DIRECTION('',(0,-1,0));
#8550=FACE_SURFACE('',(#8555),#8551,.T.);
#8551=PLANE('',#8552);
#8552=AXIS2_PLACEMENT_3D('',#350,#8553,#8554);
#8553=DIRECTION('',(0.9970545397298958,0,-0.07669579391339269));
#8554=DIRECTION('',(0.0766957939133927,0,0.9970545397298959));
#8555=FACE_BOUND('',#8556,.T.);
#8556=EDGE_LOOP('',(#8557,#8558,#8559));
#8557=ORIENTED_EDGE('',*,*,#8560,.T.);
#8558=ORIENTED_EDGE('',*,*,#8561,.T.);
#8559=ORIENTED_EDGE('',*,*,#8562,.T.);
#8560=EDGE_CURVE('',#351,#595,#8563,.F.);
#8561=EDGE_CURVE('',#595,#505,#8564,.T.);
#8562=EDGE_CURVE('',#505,#351,#8565,.T.);
#8563=LINE('',#350,#8566);
#8564=LINE('',#594,#8567);
#8565=LINE('',#504,#8568);
#8566=VECTOR('',#8569,1.0);
#8567=VECTOR('',#8570,1.0);
#8568=VECTOR('',#8571,1.0);
#8569=DIRECTION('',(0.0766957939133927,0,0.9970545397298959));
#8570=DIRECTION('',(0,-1,0));
#8571=DIRECTION('',(-0.016069993032544652,0.9778024330082797,-0.20891184104071903));
#8572=FACE_SURFACE('',(#8577),#8573,.T.);
#8573=PLANE('',#8574);
#8574=AXIS2_PLACEMENT_3D('',#350,#8575,#8576);
#8575=DIRECTION('',(0.9970545397298958,0,-0.07669579391339269));
#8576=DIRECTION('',(0.016069993032544652,-0.9778024330082797,0.20891184104071903));
#8577=FACE_BOUND('',#8578,.T.);
#8578=EDGE_LOOP('',(#8579,#8580,#8581));
#8579=ORIENTED_EDGE('',*,*,#8582,.T.);
#8580=ORIENTED_EDGE('',*,*,#8583,.T.);
#8581=ORIENTED_EDGE('',*,*,#8584,.T.);
#8582=EDGE_CURVE('',#351,#505,#8585,.F.);
#8583=EDGE_CURVE('',#505,#353,#8586,.T.);
#8584=EDGE_CURVE('',#353,#351,#8587,.T.);
#8585=LINE('',#350,#8588);
#8586=LINE('',#504,#8589);
#8587=LINE('',#352,#8590);
#8588=VECTOR('',#8591,1.0);
#8589=VECTOR('',#8592,1.0);
#8590=VECTOR('',#8593,1.0);
#8591=DIRECTION('',(0.016069993032544652,-0.9778024330082797,0.20891184104071903));
#8592=DIRECTION('',(-0.0766957939133927,0,-0.9970545397298959));
#8593=DIRECTION('',(0,1,0));
#8594=FACE_SURFACE('',(#8599),#8595,.T.);
#8595=PLANE('',#8596);
#8596=AXIS2_PLACEMENT_3D('',#332,#8597,#8598);
#8597=DIRECTION('',(0.9970545397298957,0,-0.07669579391339269));
#8598=DIRECTION('',(0.0766957939133927,0,0.9970545397298959));
#8599=FACE_BOUND('',#8600,.T.);
#8600=EDGE_LOOP('',(#8601,#8602,#8603));
#8601=ORIENTED_EDGE('',*,*,#8604,.T.);
#8602=ORIENTED_EDGE('',*,*,#8605,.T.);
#8603=ORIENTED_EDGE('',*,*,#8606,.T.);
#8604=EDGE_CURVE('',#333,#597,#8607,.F.);
#8605=EDGE_CURVE('',#597,#443,#8608,.T.);
#8606=EDGE_CURVE('',#443,#333,#8609,.T.);
#8607=LINE('',#332,#8610);
#8608=LINE('',#596,#8611);
#8609=LINE('',#442,#8612);
#8610=VECTOR('',#8613,1.0);
#8611=VECTOR('',#8614,1.0);
#8612=VECTOR('',#8615,1.0);
#8613=DIRECTION('',(0.0766957939133927,0,0.9970545397298959));
#8614=DIRECTION('',(0,-1,0));
#8615=DIRECTION('',(-0.07290593580093586,0.31046184601987165,-0.9477859287259562));
#8616=FACE_SURFACE('',(#8621),#8617,.T.);
#8617=PLANE('',#8618);
#8618=AXIS2_PLACEMENT_3D('',#332,#8619,#8620);
#8619=DIRECTION('',(0.9970545397298957,0,-0.07669579391339269));
#8620=DIRECTION('',(0.07290593580093586,-0.31046184601987165,0.9477859287259562));
#8621=FACE_BOUND('',#8622,.T.);
#8622=EDGE_LOOP('',(#8623,#8624,#8625));
#8623=ORIENTED_EDGE('',*,*,#8626,.T.);
#8624=ORIENTED_EDGE('',*,*,#8627,.T.);
#8625=ORIENTED_EDGE('',*,*,#8628,.T.);
#8626=EDGE_CURVE('',#333,#443,#8629,.F.);
#8627=EDGE_CURVE('',#443,#335,#8630,.T.);
#8628=EDGE_CURVE('',#335,#333,#8631,.T.);
#8629=LINE('',#332,#8632);
#8630=LINE('',#442,#8633);
#8631=LINE('',#334,#8634);
#8632=VECTOR('',#8635,1.0);
#8633=VECTOR('',#8636,1.0);
#8634=VECTOR('',#8637,1.0);
#8635=DIRECTION('',(0.07290593580093586,-0.31046184601987165,0.9477859287259562));
#8636=DIRECTION('',(-0.0766957939133927,0,-0.9970545397298959));
#8637=DIRECTION('',(0,1,0));
#8638=FACE_SURFACE('',(#8643),#8639,.T.);
#8639=PLANE('',#8640);
#8640=AXIS2_PLACEMENT_3D('',#214,#8641,#8642);
#8641=DIRECTION('',(0.9970545397298958,0,-0.0766957939133927));
#8642=DIRECTION('',(0.0766957939133927,0,0.9970545397298959));
#8643=FACE_BOUND('',#8644,.T.);
#8644=EDGE_LOOP('',(#8645,#8646,#8647));
#8645=ORIENTED_EDGE('',*,*,#8648,.T.);
#8646=ORIENTED_EDGE('',*,*,#8649,.T.);
#8647=ORIENTED_EDGE('',*,*,#8650,.T.);
#8648=EDGE_CURVE('',#215,#535,#8651,.F.);
#8649=EDGE_CURVE('',#535,#599,#8652,.T.);
#8650=EDGE_CURVE('',#599,#215,#8653,.T.);
#8651=LINE('',#214,#8654);
#8652=LINE('',#534,#8655);
#8653=LINE('',#598,#8656);
#8654=VECTOR('',#8657,1.0);
#8655=VECTOR('',#8658,1.0);
#8656=VECTOR('',#8659,1.0);
#8657=DIRECTION('',(0.0766957939133927,0,0.9970545397298959));
#8658=DIRECTION('',(0,-1,0));
#8659=DIRECTION('',(-0.05922802411092159,0.6353235664105976,-0.7699714326669758));
#8660=FACE_SURFACE('',(#8665),#8661,.T.);
#8661=PLANE('',#8662);
#8662=AXIS2_PLACEMENT_3D('',#214,#8663,#8664);
#8663=DIRECTION('',(0.9970545397298958,0,-0.0766957939133927));
#8664=DIRECTION('',(0.05922802411092159,-0.6353235664105976,0.7699714326669758));
#8665=FACE_BOUND('',#8666,.T.);
#8666=EDGE_LOOP('',(#8667,#8668,#8669));
#8667=ORIENTED_EDGE('',*,*,#8670,.T.);
#8668=ORIENTED_EDGE('',*,*,#8671,.T.);
#8669=ORIENTED_EDGE('',*,*,#8672,.T.);
#8670=EDGE_CURVE('',#215,#599,#8673,.F.);
#8671=EDGE_CURVE('',#599,#217,#8674,.T.);
#8672=EDGE_CURVE('',#217,#215,#8675,.T.);
#8673=LINE('',#214,#8676);
#8674=LINE('',#598,#8677);
#8675=LINE('',#216,#8678);
#8676=VECTOR('',#8679,1.0);
#8677=VECTOR('',#8680,1.0);
#8678=VECTOR('',#8681,1.0);
#8679=DIRECTION('',(0.05922802411092159,-0.6353235664105976,0.7699714326669758));
#8680=DIRECTION('',(-0.0766957939133927,0,-0.9970545397298959));
#8681=DIRECTION('',(0,1,0));
#8682=FACE_SURFACE('',(#8687),#8683,.T.);
#8683=PLANE('',#8684);
#8684=AXIS2_PLACEMENT_3D('',#118,#8685,#8686);
#8685=DIRECTION('',(-0.9970545397298958,0,0.07669579391339269));
#8686=DIRECTION('',(0.0766957939133927,0,0.9970545397298959));
#8687=FACE_BOUND('',#8688,.T.);
#8688=EDGE_LOOP('',(#8689,#8690,#8691));
#8689=ORIENTED_EDGE('',*,*,#8692,.T.);
#8690=ORIENTED_EDGE('',*,*,#8693,.T.);
#8691=ORIENTED_EDGE('',*,*,#8694,.T.);
#8692=EDGE_CURVE('',#119,#601,#8695,.F.);
#8693=EDGE_CURVE('',#601,#603,#8696,.T.);
#8694=EDGE_CURVE('',#603,#119,#8697,.T.);
#8695=LINE('',#118,#8698);
#8696=LINE('',#600,#8699);
#8697=LINE('',#602,#8700);
#8698=VECTOR('',#8701,1.0);
#8699=VECTOR('',#8702,1.0);
#8700=VECTOR('',#8703,1.0);
#8701=DIRECTION('',(0.0766957939133927,0,0.9970545397298959));
#8702=DIRECTION('',(0,1,0));
#8703=DIRECTION('',(-0.016069993032544652,-0.9778024330082797,-0.20891184104071903));
#8704=FACE_SURFACE('',(#8709),#8705,.T.);
#8705=PLANE('',#8706);
#8706=AXIS2_PLACEMENT_3D('',#118,#8707,#8708);
#8707=DIRECTION('',(-0.9970545397298958,0,0.07669579391339269));
#8708=DIRECTION('',(0.016069993032544652,0.9778024330082797,0.20891184104071903));
#8709=FACE_BOUND('',#8710,.T.);
#8710=EDGE_LOOP('',(#8711,#8712,#8713));
#8711=ORIENTED_EDGE('',*,*,#8714,.T.);
#8712=ORIENTED_EDGE('',*,*,#8715,.T.);
#8713=ORIENTED_EDGE('',*,*,#8716,.T.);
#8714=EDGE_CURVE('',#119,#603,#8717,.F.);
#8715=EDGE_CURVE('',#603,#121,#8718,.T.);
#8716=EDGE_CURVE('',#121,#119,#8719,.T.);
#8717=LINE('',#118,#8720);
#8718=LINE('',#602,#8721);
#8719=LINE('',#120,#8722);
#8720=VECTOR('',#8723,1.0);
#8721=VECTOR('',#8724,1.0);
#8722=VECTOR('',#8725,1.0);
#8723=DIRECTION('',(0.016069993032544652,0.9778024330082797,0.20891184104071903));
#8724=DIRECTION('',(-0.0766957939133927,0,-0.9970545397298959));
#8725=DIRECTION('',(0,-1,0));
#8726=FACE_SURFACE('',(#8731),#8727,.T.);
#8727=PLANE('',#8728);
#8728=AXIS2_PLACEMENT_3D('',#370,#8729,#8730);
#8729=DIRECTION('',(-0.9970545397298958,0,0.0766957939133927));
#8730=DIRECTION('',(0.0766957939133927,0,0.9970545397298959));
#8731=FACE_BOUND('',#8732,.T.);
#8732=EDGE_LOOP('',(#8733,#8734,#8735));
#8733=ORIENTED_EDGE('',*,*,#8736,.T.);
#8734=ORIENTED_EDGE('',*,*,#8737,.T.);
#8735=ORIENTED_EDGE('',*,*,#8738,.T.);
#8736=EDGE_CURVE('',#371,#547,#8739,.F.);
#8737=EDGE_CURVE('',#547,#605,#8740,.T.);
#8738=EDGE_CURVE('',#605,#371,#8741,.T.);
#8739=LINE('',#370,#8742);
#8740=LINE('',#546,#8743);
#8741=LINE('',#604,#8744);
#8742=VECTOR('',#8745,1.0);
#8743=VECTOR('',#8746,1.0);
#8744=VECTOR('',#8747,1.0);
#8745=DIRECTION('',(0.0766957939133927,0,0.9970545397298959));
#8746=DIRECTION('',(0,1,0));
#8747=DIRECTION('',(-0.05039643850854108,-0.7538075948941507,-0.6551597582769799));
#8748=FACE_SURFACE('',(#8753),#8749,.T.);
#8749=PLANE('',#8750);
#8750=AXIS2_PLACEMENT_3D('',#370,#8751,#8752);
#8751=DIRECTION('',(-0.9970545397298958,0,0.0766957939133927));
#8752=DIRECTION('',(0.05039643850854108,0.7538075948941507,0.6551597582769799));
#8753=FACE_BOUND('',#8754,.T.);
#8754=EDGE_LOOP('',(#8755,#8756,#8757));
#8755=ORIENTED_EDGE('',*,*,#8758,.T.);
#8756=ORIENTED_EDGE('',*,*,#8759,.T.);
#8757=ORIENTED_EDGE('',*,*,#8760,.T.);
#8758=EDGE_CURVE('',#371,#605,#8761,.F.);
#8759=EDGE_CURVE('',#605,#245,#8762,.T.);
#8760=EDGE_CURVE('',#245,#371,#8763,.T.);
#8761=LINE('',#370,#8764);
#8762=LINE('',#604,#8765);
#8763=LINE('',#244,#8766);
#8764=VECTOR('',#8767,1.0);
#8765=VECTOR('',#8768,1.0);
#8766=VECTOR('',#8769,1.0);
#8767=DIRECTION('',(0.05039643850854108,0.7538075948941507,0.6551597582769799));
#8768=DIRECTION('',(-0.0766957939133927,0,-0.9970545397298959));
#8769=DIRECTION('',(0,-1,0));
#8770=FACE_SURFACE('',(#8775),#8771,.T.);
#8771=PLANE('',#8772);
#8772=AXIS2_PLACEMENT_3D('',#106,#8773,#8774);
#8773=DIRECTION('',(0.9970545397298958,0,-0.07669579391339269));
#8774=DIRECTION('',(0.0766957939133927,0,0.9970545397298959));
#8775=FACE_BOUND('',#8776,.T.);
#8776=EDGE_LOOP('',(#8777,#8778,#8779));
#8777=ORIENTED_EDGE('',*,*,#8780,.T.);
#8778=ORIENTED_EDGE('',*,*,#8781,.T.);
#8779=ORIENTED_EDGE('',*,*,#8782,.T.);
#8780=EDGE_CURVE('',#107,#607,#8783,.F.);
#8781=EDGE_CURVE('',#607,#419,#8784,.T.);
#8782=EDGE_CURVE('',#419,#107,#8785,.T.);
#8783=LINE('',#106,#8786);
#8784=LINE('',#606,#8787);
#8785=LINE('',#418,#8788);
#8786=VECTOR('',#8789,1.0);
#8787=VECTOR('',#8790,1.0);
#8788=VECTOR('',#8791,1.0);
#8789=DIRECTION('',(0.0766957939133927,0,0.9970545397298959));
#8790=DIRECTION('',(0,-1,0));
#8791=DIRECTION('',(-0.007926625435274346,0.9946448950271052,-0.10304708344115163));
#8792=FACE_SURFACE('',(#8797),#8793,.T.);
#8793=PLANE('',#8794);
#8794=AXIS2_PLACEMENT_3D('',#106,#8795,#8796);
#8795=DIRECTION('',(0.9970545397298958,0,-0.07669579391339269));
#8796=DIRECTION('',(0.007926625435274346,-0.9946448950271052,0.10304708344115163));
#8797=FACE_BOUND('',#8798,.T.);
#8798=EDGE_LOOP('',(#8799,#8800,#8801));
#8799=ORIENTED_EDGE('',*,*,#8802,.T.);
#8800=ORIENTED_EDGE('',*,*,#8803,.T.);
#8801=ORIENTED_EDGE('',*,*,#8804,.T.);
#8802=EDGE_CURVE('',#107,#419,#8805,.F.);
#8803=EDGE_CURVE('',#419,#253,#8806,.T.);
#8804=EDGE_CURVE('',#253,#107,#8807,.T.);
#8805=LINE('',#106,#8808);
#8806=LINE('',#418,#8809);
#8807=LINE('',#252,#8810);
#8808=VECTOR('',#8811,1.0);
#8809=VECTOR('',#8812,1.0);
#8810=VECTOR('',#8813,1.0);
#8811=DIRECTION('',(0.007926625435274346,-0.9946448950271052,0.10304708344115163));
#8812=DIRECTION('',(-0.0766957939133927,0,-0.9970545397298959));
#8813=DIRECTION('',(0,1,0));
#8814=FACE_SURFACE('',(#8819),#8815,.T.);
#8815=PLANE('',#8816);
#8816=AXIS2_PLACEMENT_3D('',#298,#8817,#8818);
#8817=DIRECTION('',(0,1,0));
#8818=DIRECTION('',(0.0766957939133927,0,0.9970545397298959));
#8819=FACE_BOUND('',#8820,.T.);
#8820=EDGE_LOOP('',(#8821,#8822,#8823));
#8821=ORIENTED_EDGE('',*,*,#8824,.T.);
#8822=ORIENTED_EDGE('',*,*,#8825,.T.);
#8823=ORIENTED_EDGE('',*,*,#8826,.T.);
#8824=EDGE_CURVE('',#299,#609,#8827,.F.);
#8825=EDGE_CURVE('',#609,#611,#8828,.T.);
#8826=EDGE_CURVE('',#611,#299,#8829,.T.);
#8827=LINE('',#298,#8830);
#8828=LINE('',#608,#8831);
#8829=LINE('',#610,#8832);
#8830=VECTOR('',#8833,1.0);
#8831=VECTOR('',#8834,1.0);
#8832=VECTOR('',#8835,1.0);
#8833=DIRECTION('',(0.0766957939133927,0,0.9970545397298959));
#8834=DIRECTION('',(1,0,0));
#8835=DIRECTION('',(-0.9636480628681542,0,-0.26717486957132375));
#8836=FACE_SURFACE('',(#8841),#8837,.T.);
#8837=PLANE('',#8838);
#8838=AXIS2_PLACEMENT_3D('',#298,#8839,#8840);
#8839=DIRECTION('',(0,1,0));
#8840=DIRECTION('',(0.9636480628681542,0,0.26717486957132375));
#8841=FACE_BOUND('',#8842,.T.);
#8842=EDGE_LOOP('',(#8843,#8844,#8845));
#8843=ORIENTED_EDGE('',*,*,#8846,.T.);
#8844=ORIENTED_EDGE('',*,*,#8847,.T.);
#8845=ORIENTED_EDGE('',*,*,#8848,.T.);
#8846=EDGE_CURVE('',#299,#611,#8849,.F.);
#8847=EDGE_CURVE('',#611,#301,#8850,.T.);
#8848=EDGE_CURVE('',#301,#299,#8851,.T.);
#8849=LINE('',#298,#8852);
#8850=LINE('',#610,#8853);
#8851=LINE('',#300,#8854);
#8852=VECTOR('',#8855,1.0);
#8853=VECTOR('',#8856,1.0);
#8854=VECTOR('',#8857,1.0);
#8855=DIRECTION('',(0.9636480628681542,0,0.26717486957132375));
#8856=DIRECTION('',(-0.0766957939133927,0,-0.9970545397298959));
#8857=DIRECTION('',(-1,0,0));
#8858=FACE_SURFACE('',(#8863),#8859,.T.);
#8859=PLANE('',#8860);
#8860=AXIS2_PLACEMENT_3D('',#90,#8861,#8862);
#8861=DIRECTION('',(0,1,0));
#8862=DIRECTION('',(0.0766957939133927,0,0.9970545397298959));
#8863=FACE_BOUND('',#8864,.T.);
#8864=EDGE_LOOP('',(#8865,#8866,#8867));
#8865=ORIENTED_EDGE('',*,*,#8868,.T.);
#8866=ORIENTED_EDGE('',*,*,#8869,.T.);
#8867=ORIENTED_EDGE('',*,*,#8870,.T.);
#8868=EDGE_CURVE('',#91,#613,#8871,.F.);
#8869=EDGE_CURVE('',#613,#545,#8872,.T.);
#8870=EDGE_CURVE('',#545,#91,#8873,.T.);
#8871=LINE('',#90,#8874);
#8872=LINE('',#612,#8875);
#8873=LINE('',#544,#8876);
#8874=VECTOR('',#8877,1.0);
#8875=VECTOR('',#8878,1.0);
#8876=VECTOR('',#8879,1.0);
#8877=DIRECTION('',(0.0766957939133927,0,0.9970545397298959));
#8878=DIRECTION('',(1,0,0));
#8879=DIRECTION('',(-0.7752905012599268,0,-0.6316048120907025));
#8880=FACE_SURFACE('',(#8885),#8881,.T.);
#8881=PLANE('',#8882);
#8882=AXIS2_PLACEMENT_3D('',#90,#8883,#8884);
#8883=DIRECTION('',(0,1,0));
#8884=DIRECTION('',(0.7752905012599268,0,0.6316048120907025));
#8885=FACE_BOUND('',#8886,.T.);
#8886=EDGE_LOOP('',(#8887,#8888,#8889));
#8887=ORIENTED_EDGE('',*,*,#8890,.T.);
#8888=ORIENTED_EDGE('',*,*,#8891,.T.);
#8889=ORIENTED_EDGE('',*,*,#8892,.T.);
#8890=EDGE_CURVE('',#91,#545,#8893,.F.);
#8891=EDGE_CURVE('',#545,#83,#8894,.T.);
#8892=EDGE_CURVE('',#83,#91,#8895,.T.);
#8893=LINE('',#90,#8896);
#8894=LINE('',#544,#8897);
#8895=LINE('',#82,#8898);
#8896=VECTOR('',#8899,1.0);
#8897=VECTOR('',#8900,1.0);
#8898=VECTOR('',#8901,1.0);
#8899=DIRECTION('',(0.7752905012599268,0,0.6316048120907025));
#8900=DIRECTION('',(-0.0766957939133927,0,-0.9970545397298959));
#8901=DIRECTION('',(-1,0,0));
#8902=FACE_SURFACE('',(#8907),#8903,.T.);
#8903=PLANE('',#8904);
#8904=AXIS2_PLACEMENT_3D('',#248,#8905,#8906);
#8905=DIRECTION('',(0.9970527716299239,-0.0018832533831856062,-0.07669565790696009));
#8906=DIRECTION('',(0.0766957939133927,0,0.9970545397298959));
#8907=FACE_BOUND('',#8908,.T.);
#8908=EDGE_LOOP('',(#8909,#8910,#8911));
#8909=ORIENTED_EDGE('',*,*,#8912,.T.);
#8910=ORIENTED_EDGE('',*,*,#8913,.T.);
#8911=ORIENTED_EDGE('',*,*,#8914,.T.);
#8912=EDGE_CURVE('',#249,#583,#8915,.F.);
#8913=EDGE_CURVE('',#583,#615,#8916,.T.);
#8914=EDGE_CURVE('',#615,#249,#8917,.T.);
#8915=LINE('',#248,#8918);
#8916=LINE('',#582,#8919);
#8917=LINE('',#614,#8920);
#8918=VECTOR('',#8921,1.0);
#8919=VECTOR('',#8922,1.0);
#8920=VECTOR('',#8923,1.0);
#8921=DIRECTION('',(0.0766957939133927,0,0.9970545397298959));
#8922=DIRECTION('',(-0.0018888167982617275,-0.9999982161839603,0));
#8923=DIRECTION('',(-0.014223498497691596,0.9778297857891279,-0.20891769219976153));
#8924=FACE_SURFACE('',(#8929),#8925,.T.);
#8925=PLANE('',#8926);
#8926=AXIS2_PLACEMENT_3D('',#248,#8927,#8928);
#8927=DIRECTION('',(0.9970527716299239,-0.0018832533831856062,-0.07669565790696009));
#8928=DIRECTION('',(0.014223498497691596,-0.9778297857891279,0.20891769219976153));
#8929=FACE_BOUND('',#8930,.T.);
#8930=EDGE_LOOP('',(#8931,#8932,#8933));
#8931=ORIENTED_EDGE('',*,*,#8934,.T.);
#8932=ORIENTED_EDGE('',*,*,#8935,.T.);
#8933=ORIENTED_EDGE('',*,*,#8936,.T.);
#8934=EDGE_CURVE('',#249,#615,#8937,.F.);
#8935=EDGE_CURVE('',#615,#85,#8938,.T.);
#8936=EDGE_CURVE('',#85,#249,#8939,.T.);
#8937=LINE('',#248,#8940);
#8938=LINE('',#614,#8941);
#8939=LINE('',#84,#8942);
#8940=VECTOR('',#8943,1.0);
#8941=VECTOR('',#8944,1.0);
#8942=VECTOR('',#8945,1.0);
#8943=DIRECTION('',(0.014223498497691596,-0.9778297857891279,0.20891769219976153));
#8944=DIRECTION('',(-0.0766957939133927,0,-0.9970545397298959));
#8945=DIRECTION('',(0.0018888167982617275,0.9999982161839603,0));
#8946=FACE_SURFACE('',(#8951),#8947,.T.);
#8947=PLANE('',#8948);
#8948=AXIS2_PLACEMENT_3D('',#102,#8949,#8950);
#8949=DIRECTION('',(0.9970545397298958,0,-0.0766957939133927));
#8950=DIRECTION('',(0.0766957939133927,0,0.9970545397298959));
#8951=FACE_BOUND('',#8952,.T.);
#8952=EDGE_LOOP('',(#8953,#8954,#8955));
#8953=ORIENTED_EDGE('',*,*,#8956,.T.);
#8954=ORIENTED_EDGE('',*,*,#8957,.T.);
#8955=ORIENTED_EDGE('',*,*,#8958,.T.);
#8956=EDGE_CURVE('',#103,#617,#8959,.F.);
#8957=EDGE_CURVE('',#617,#619,#8960,.T.);
#8958=EDGE_CURVE('',#619,#103,#8961,.T.);
#8959=LINE('',#102,#8962);
#8960=LINE('',#616,#8963);
#8961=LINE('',#618,#8964);
#8962=VECTOR('',#8965,1.0);
#8963=VECTOR('',#8966,1.0);
#8964=VECTOR('',#8967,1.0);
#8965=DIRECTION('',(0.0766957939133927,0,0.9970545397298959));
#8966=DIRECTION('',(0,-1,0));
#8967=DIRECTION('',(-0.016069987799435026,0.9778024476294199,-0.20891177300966488));
#8968=FACE_SURFACE('',(#8973),#8969,.T.);
#8969=PLANE('',#8970);
#8970=AXIS2_PLACEMENT_3D('',#102,#8971,#8972);
#8971=DIRECTION('',(0.9970545397298958,0,-0.0766957939133927));
#8972=DIRECTION('',(0.016069987799435026,-0.9778024476294199,0.20891177300966488));
#8973=FACE_BOUND('',#8974,.T.);
#8974=EDGE_LOOP('',(#8975,#8976,#8977));
#8975=ORIENTED_EDGE('',*,*,#8978,.T.);
#8976=ORIENTED_EDGE('',*,*,#8979,.T.);
#8977=ORIENTED_EDGE('',*,*,#8980,.T.);
#8978=EDGE_CURVE('',#103,#619,#8981,.F.);
#8979=EDGE_CURVE('',#619,#97,#8982,.T.);
#8980=EDGE_CURVE('',#97,#103,#8983,.T.);
#8981=LINE('',#102,#8984);
#8982=LINE('',#618,#8985);
#8983=LINE('',#96,#8986);
#8984=VECTOR('',#8987,1.0);
#8985=VECTOR('',#8988,1.0);
#8986=VECTOR('',#8989,1.0);
#8987=DIRECTION('',(0.016069987799435026,-0.9778024476294199,0.20891177300966488));
#8988=DIRECTION('',(-0.0766957939133927,0,-0.9970545397298959));
#8989=DIRECTION('',(0,1,0));
#8990=FACE_SURFACE('',(#8995),#8991,.T.);
#8991=PLANE('',#8992);
#8992=AXIS2_PLACEMENT_3D('',#308,#8993,#8994);
#8993=DIRECTION('',(0,-1,0));
#8994=DIRECTION('',(0.0766957939133927,0,0.9970545397298959));
#8995=FACE_BOUND('',#8996,.T.);
#8996=EDGE_LOOP('',(#8997,#8998,#8999));
#8997=ORIENTED_EDGE('',*,*,#9000,.T.);
#8998=ORIENTED_EDGE('',*,*,#9001,.T.);
#8999=ORIENTED_EDGE('',*,*,#9002,.T.);
#9000=EDGE_CURVE('',#309,#621,#9003,.F.);
#9001=EDGE_CURVE('',#621,#623,#9004,.T.);
#9002=EDGE_CURVE('',#623,#309,#9005,.T.);
#9003=LINE('',#308,#9006);
#9004=LINE('',#620,#9007);
#9005=LINE('',#622,#9008);
#9006=VECTOR('',#9009,1.0);
#9007=VECTOR('',#9010,1.0);
#9008=VECTOR('',#9011,1.0);
#9009=DIRECTION('',(0.0766957939133927,0,0.9970545397298959));
#9010=DIRECTION('',(-1,0,0));
#9011=DIRECTION('',(0.18690985810163144,0,-0.9823770686169481));
#9012=FACE_SURFACE('',(#9017),#9013,.T.);
#9013=PLANE('',#9014);
#9014=AXIS2_PLACEMENT_3D('',#308,#9015,#9016);
#9015=DIRECTION('',(0,-1,0));
#9016=DIRECTION('',(-0.18690985810163144,0,0.9823770686169481));
#9017=FACE_BOUND('',#9018,.T.);
#9018=EDGE_LOOP('',(#9019,#9020,#9021));
#9019=ORIENTED_EDGE('',*,*,#9022,.T.);
#9020=ORIENTED_EDGE('',*,*,#9023,.T.);
#9021=ORIENTED_EDGE('',*,*,#9024,.T.);
#9022=EDGE_CURVE('',#309,#623,#9025,.F.);
#9023=EDGE_CURVE('',#623,#311,#9026,.T.);
#9024=EDGE_CURVE('',#311,#309,#9027,.T.);
#9025=LINE('',#308,#9028);
#9026=LINE('',#622,#9029);
#9027=LINE('',#310,#9030);
#9028=VECTOR('',#9031,1.0);
#9029=VECTOR('',#9032,1.0);
#9030=VECTOR('',#9033,1.0);
#9031=DIRECTION('',(-0.18690985810163144,0,0.9823770686169481));
#9032=DIRECTION('',(-0.0766957939133927,0,-0.9970545397298959));
#9033=DIRECTION('',(1,0,0));
#9034=FACE_SURFACE('',(#9039),#9035,.T.);
#9035=PLANE('',#9036);
#9036=AXIS2_PLACEMENT_3D('',#112,#9037,#9038);
#9037=DIRECTION('',(0.9970545397298958,0,-0.07669579391339269));
#9038=DIRECTION('',(0.0766957939133927,0,0.9970545397298959));
#9039=FACE_BOUND('',#9040,.T.);
#9040=EDGE_LOOP('',(#9041,#9042,#9043));
#9041=ORIENTED_EDGE('',*,*,#9044,.T.);
#9042=ORIENTED_EDGE('',*,*,#9045,.T.);
#9043=ORIENTED_EDGE('',*,*,#9046,.T.);
#9044=EDGE_CURVE('',#113,#625,#9047,.F.);
#9045=EDGE_CURVE('',#625,#609,#9048,.T.);
#9046=EDGE_CURVE('',#609,#113,#9049,.T.);
#9047=LINE('',#112,#9050);
#9048=LINE('',#624,#9051);
#9049=LINE('',#608,#9052);
#9050=VECTOR('',#9053,1.0);
#9051=VECTOR('',#9054,1.0);
#9052=VECTOR('',#9055,1.0);
#9053=DIRECTION('',(0.0766957939133927,0,0.9970545397298959));
#9054=DIRECTION('',(0,-1,0));
#9055=DIRECTION('',(-0.016069993032544652,0.9778024330082797,-0.20891184104071903));
#9056=FACE_SURFACE('',(#9061),#9057,.T.);
#9057=PLANE('',#9058);
#9058=AXIS2_PLACEMENT_3D('',#112,#9059,#9060);
#9059=DIRECTION('',(0.9970545397298958,0,-0.07669579391339269));
#9060=DIRECTION('',(0.016069993032544652,-0.9778024330082797,0.20891184104071903));
#9061=FACE_BOUND('',#9062,.T.);
#9062=EDGE_LOOP('',(#9063,#9064,#9065));
#9063=ORIENTED_EDGE('',*,*,#9066,.T.);
#9064=ORIENTED_EDGE('',*,*,#9067,.T.);
#9065=ORIENTED_EDGE('',*,*,#9068,.T.);
#9066=EDGE_CURVE('',#113,#609,#9069,.F.);
#9067=EDGE_CURVE('',#609,#299,#9070,.T.);
#9068=EDGE_CURVE('',#299,#113,#9071,.T.);
#9069=LINE('',#112,#9072);
#9070=LINE('',#608,#9073);
#9071=LINE('',#298,#9074);
#9072=VECTOR('',#9075,1.0);
#9073=VECTOR('',#9076,1.0);
#9074=VECTOR('',#9077,1.0);
#9075=DIRECTION('',(0.016069993032544652,-0.9778024330082797,0.20891184104071903));
#9076=DIRECTION('',(-0.0766957939133927,0,-0.9970545397298959));
#9077=DIRECTION('',(0,1,0));
#9078=FACE_SURFACE('',(#9083),#9079,.T.);
#9079=PLANE('',#9080);
#9080=AXIS2_PLACEMENT_3D('',#134,#9081,#9082);
#9081=DIRECTION('',(-0.9970545397298958,0,0.07669579391339269));
#9082=DIRECTION('',(0.0766957939133927,0,0.9970545397298959));
#9083=FACE_BOUND('',#9084,.T.);
#9084=EDGE_LOOP('',(#9085,#9086,#9087));
#9085=ORIENTED_EDGE('',*,*,#9088,.T.);
#9086=ORIENTED_EDGE('',*,*,#9089,.T.);
#9087=ORIENTED_EDGE('',*,*,#9090,.T.);
#9088=EDGE_CURVE('',#135,#529,#9091,.F.);
#9089=EDGE_CURVE('',#529,#391,#9092,.T.);
#9090=EDGE_CURVE('',#391,#135,#9093,.T.);
#9091=LINE('',#134,#9094);
#9092=LINE('',#528,#9095);
#9093=LINE('',#390,#9096);
#9094=VECTOR('',#9097,1.0);
#9095=VECTOR('',#9098,1.0);
#9096=VECTOR('',#9099,1.0);
#9097=DIRECTION('',(0.0766957939133927,0,0.9970545397298959));
#9098=DIRECTION('',(0,1,0));
#9099=DIRECTION('',(-0.0016554135624298018,-0.9997670350861775,-0.021520575292758713));
#9100=FACE_SURFACE('',(#9105),#9101,.T.);
#9101=PLANE('',#9102);
#9102=AXIS2_PLACEMENT_3D('',#134,#9103,#9104);
#9103=DIRECTION('',(-0.9970545397298958,0,0.07669579391339269));
#9104=DIRECTION('',(0.0016554135624298018,0.9997670350861775,0.021520575292758713));
#9105=FACE_BOUND('',#9106,.T.);
#9106=EDGE_LOOP('',(#9107,#9108,#9109));
#9107=ORIENTED_EDGE('',*,*,#9110,.T.);
#9108=ORIENTED_EDGE('',*,*,#9111,.T.);
#9109=ORIENTED_EDGE('',*,*,#9112,.T.);
#9110=EDGE_CURVE('',#135,#391,#9113,.F.);
#9111=EDGE_CURVE('',#391,#115,#9114,.T.);
#9112=EDGE_CURVE('',#115,#135,#9115,.T.);
#9113=LINE('',#134,#9116);
#9114=LINE('',#390,#9117);
#9115=LINE('',#114,#9118);
#9116=VECTOR('',#9119,1.0);
#9117=VECTOR('',#9120,1.0);
#9118=VECTOR('',#9121,1.0);
#9119=DIRECTION('',(0.0016554135624298018,0.9997670350861775,0.021520575292758713));
#9120=DIRECTION('',(-0.0766957939133927,0,-0.9970545397298959));
#9121=DIRECTION('',(0,-1,0));
#9122=FACE_SURFACE('',(#9127),#9123,.T.);
#9123=PLANE('',#9124);
#9124=AXIS2_PLACEMENT_3D('',#36,#9125,#9126);
#9125=DIRECTION('',(0,-1,0));
#9126=DIRECTION('',(0.0766957939133927,0,0.9970545397298959));
#9127=FACE_BOUND('',#9128,.T.);
#9128=EDGE_LOOP('',(#9129,#9130,#9131));
#9129=ORIENTED_EDGE('',*,*,#9132,.T.);
#9130=ORIENTED_EDGE('',*,*,#9133,.T.);
#9131=ORIENTED_EDGE('',*,*,#9134,.T.);
#9132=EDGE_CURVE('',#37,#589,#9135,.F.);
#9133=EDGE_CURVE('',#589,#627,#9136,.T.);
#9134=EDGE_CURVE('',#627,#37,#9137,.T.);
#9135=LINE('',#36,#9138);
#9136=LINE('',#588,#9139);
#9137=LINE('',#626,#9140);
#9138=VECTOR('',#9141,1.0);
#9139=VECTOR('',#9142,1.0);
#9140=VECTOR('',#9143,1.0);
#9141=DIRECTION('',(0.0766957939133927,0,0.9970545397298959));
#9142=DIRECTION('',(-1,0,0));
#9143=DIRECTION('',(0.9605301965922124,0,-0.27817573840025256));
#9144=FACE_SURFACE('',(#9149),#9145,.T.);
#9145=PLANE('',#9146);
#9146=AXIS2_PLACEMENT_3D('',#36,#9147,#9148);
#9147=DIRECTION('',(0,-1,0));
#9148=DIRECTION('',(-0.9605301965922124,0,0.27817573840025256));
#9149=FACE_BOUND('',#9150,.T.);
#9150=EDGE_LOOP('',(#9151,#9152,#9153));
#9151=ORIENTED_EDGE('',*,*,#9154,.T.);
#9152=ORIENTED_EDGE('',*,*,#9155,.T.);
#9153=ORIENTED_EDGE('',*,*,#9156,.T.);
#9154=EDGE_CURVE('',#37,#627,#9157,.F.);
#9155=EDGE_CURVE('',#627,#203,#9158,.T.);
#9156=EDGE_CURVE('',#203,#37,#9159,.T.);
#9157=LINE('',#36,#9160);
#9158=LINE('',#626,#9161);
#9159=LINE('',#202,#9162);
#9160=VECTOR('',#9163,1.0);
#9161=VECTOR('',#9164,1.0);
#9162=VECTOR('',#9165,1.0);
#9163=DIRECTION('',(-0.9605301965922124,0,0.27817573840025256));
#9164=DIRECTION('',(-0.0766957939133927,0,-0.9970545397298959));
#9165=DIRECTION('',(1,0,0));
#9166=FACE_SURFACE('',(#9171),#9167,.T.);
#9167=PLANE('',#9168);
#9168=AXIS2_PLACEMENT_3D('',#104,#9169,#9170);
#9169=DIRECTION('',(0.9970545397298958,0,-0.07669579391339269));
#9170=DIRECTION('',(0.0766957939133927,0,0.9970545397298959));
#9171=FACE_BOUND('',#9172,.T.);
#9172=EDGE_LOOP('',(#9173,#9174,#9175));
#9173=ORIENTED_EDGE('',*,*,#9176,.T.);
#9174=ORIENTED_EDGE('',*,*,#9177,.T.);
#9175=ORIENTED_EDGE('',*,*,#9178,.T.);
#9176=EDGE_CURVE('',#105,#393,#9179,.F.);
#9177=EDGE_CURVE('',#393,#607,#9180,.T.);
#9178=EDGE_CURVE('',#607,#105,#9181,.T.);
#9179=LINE('',#104,#9182);
#9180=LINE('',#392,#9183);
#9181=LINE('',#606,#9184);
#9182=VECTOR('',#9185,1.0);
#9183=VECTOR('',#9186,1.0);
#9184=VECTOR('',#9187,1.0);
#9185=DIRECTION('',(0.0766957939133927,0,0.9970545397298959));
#9186=DIRECTION('',(0,-1,0));
#9187=DIRECTION('',(-0.009733591027919168,0.9919140229258633,-0.12653785334330186));
#9188=FACE_SURFACE('',(#9193),#9189,.T.);
#9189=PLANE('',#9190);
#9190=AXIS2_PLACEMENT_3D('',#104,#9191,#9192);
#9191=DIRECTION('',(0.9970545397298958,0,-0.07669579391339269));
#9192=DIRECTION('',(0.009733591027919168,-0.9919140229258633,0.12653785334330186));
#9193=FACE_BOUND('',#9194,.T.);
#9194=EDGE_LOOP('',(#9195,#9196,#9197));
#9195=ORIENTED_EDGE('',*,*,#9198,.T.);
#9196=ORIENTED_EDGE('',*,*,#9199,.T.);
#9197=ORIENTED_EDGE('',*,*,#9200,.T.);
#9198=EDGE_CURVE('',#105,#607,#9201,.F.);
#9199=EDGE_CURVE('',#607,#107,#9202,.T.);
#9200=EDGE_CURVE('',#107,#105,#9203,.T.);
#9201=LINE('',#104,#9204);
#9202=LINE('',#606,#9205);
#9203=LINE('',#106,#9206);
#9204=VECTOR('',#9207,1.0);
#9205=VECTOR('',#9208,1.0);
#9206=VECTOR('',#9209,1.0);
#9207=DIRECTION('',(0.009733591027919168,-0.9919140229258633,0.12653785334330186));
#9208=DIRECTION('',(-0.0766957939133927,0,-0.9970545397298959));
#9209=DIRECTION('',(0,1,0));
#9210=FACE_SURFACE('',(#9215),#9211,.T.);
#9211=PLANE('',#9212);
#9212=AXIS2_PLACEMENT_3D('',#330,#9213,#9214);
#9213=DIRECTION('',(0,1,0));
#9214=DIRECTION('',(0.0766957939133927,0,0.9970545397298959));
#9215=FACE_BOUND('',#9216,.T.);
#9216=EDGE_LOOP('',(#9217,#9218,#9219));
#9217=ORIENTED_EDGE('',*,*,#9220,.T.);
#9218=ORIENTED_EDGE('',*,*,#9221,.T.);
#9219=ORIENTED_EDGE('',*,*,#9222,.T.);
#9220=EDGE_CURVE('',#331,#413,#9223,.F.);
#9221=EDGE_CURVE('',#413,#597,#9224,.T.);
#9222=EDGE_CURVE('',#597,#331,#9225,.T.);
#9223=LINE('',#330,#9226);
#9224=LINE('',#412,#9227);
#9225=LINE('',#596,#9228);
#9226=VECTOR('',#9229,1.0);
#9227=VECTOR('',#9230,1.0);
#9228=VECTOR('',#9231,1.0);
#9229=DIRECTION('',(0.0766957939133927,0,0.9970545397298959));
#9230=DIRECTION('',(1,0,0));
#9231=DIRECTION('',(-0.7583131635692665,0,-0.651890440148934));
#9232=FACE_SURFACE('',(#9237),#9233,.T.);
#9233=PLANE('',#9234);
#9234=AXIS2_PLACEMENT_3D('',#330,#9235,#9236);
#9235=DIRECTION('',(0,1,0));
#9236=DIRECTION('',(0.7583131635692665,0,0.651890440148934));
#9237=FACE_BOUND('',#9238,.T.);
#9238=EDGE_LOOP('',(#9239,#9240,#9241));
#9239=ORIENTED_EDGE('',*,*,#9242,.T.);
#9240=ORIENTED_EDGE('',*,*,#9243,.T.);
#9241=ORIENTED_EDGE('',*,*,#9244,.T.);
#9242=EDGE_CURVE('',#331,#597,#9245,.F.);
#9243=EDGE_CURVE('',#597,#333,#9246,.T.);
#9244=EDGE_CURVE('',#333,#331,#9247,.T.);
#9245=LINE('',#330,#9248);
#9246=LINE('',#596,#9249);
#9247=LINE('',#332,#9250);
#9248=VECTOR('',#9251,1.0);
#9249=VECTOR('',#9252,1.0);
#9250=VECTOR('',#9253,1.0);
#9251=DIRECTION('',(0.7583131635692665,0,0.651890440148934));
#9252=DIRECTION('',(-0.0766957939133927,0,-0.9970545397298959));
#9253=DIRECTION('',(-1,0,0));
#9254=FACE_SURFACE('',(#9259),#9255,.T.);
#9255=PLANE('',#9256);
#9256=AXIS2_PLACEMENT_3D('',#108,#9257,#9258);
#9257=DIRECTION('',(-0.9970545397298958,0,0.07669579391339269));
#9258=DIRECTION('',(0.0766957939133927,0,0.9970545397298959));
#9259=FACE_BOUND('',#9260,.T.);
#9260=EDGE_LOOP('',(#9261,#9262,#9263));
#9261=ORIENTED_EDGE('',*,*,#9264,.T.);
#9262=ORIENTED_EDGE('',*,*,#9265,.T.);
#9263=ORIENTED_EDGE('',*,*,#9266,.T.);
#9264=EDGE_CURVE('',#109,#551,#9267,.F.);
#9265=EDGE_CURVE('',#551,#557,#9268,.T.);
#9266=EDGE_CURVE('',#557,#109,#9269,.T.);
#9267=LINE('',#108,#9270);
#9268=LINE('',#550,#9271);
#9269=LINE('',#556,#9272);
#9270=VECTOR('',#9273,1.0);
#9271=VECTOR('',#9274,1.0);
#9272=VECTOR('',#9275,1.0);
#9273=DIRECTION('',(0.0766957939133927,0,0.9970545397298959));
#9274=DIRECTION('',(0,1,0));
#9275=DIRECTION('',(-0.020962030064587803,-0.961924886362631,-0.27250891048149384));
#9276=FACE_SURFACE('',(#9281),#9277,.T.);
#9277=PLANE('',#9278);
#9278=AXIS2_PLACEMENT_3D('',#108,#9279,#9280);
#9279=DIRECTION('',(-0.9970545397298958,0,0.07669579391339269));
#9280=DIRECTION('',(0.020962030064587803,0.961924886362631,0.27250891048149384));
#9281=FACE_BOUND('',#9282,.T.);
#9282=EDGE_LOOP('',(#9283,#9284,#9285));
#9283=ORIENTED_EDGE('',*,*,#9286,.T.);
#9284=ORIENTED_EDGE('',*,*,#9287,.T.);
#9285=ORIENTED_EDGE('',*,*,#9288,.T.);
#9286=EDGE_CURVE('',#109,#557,#9289,.F.);
#9287=EDGE_CURVE('',#557,#111,#9290,.T.);
#9288=EDGE_CURVE('',#111,#109,#9291,.T.);
#9289=LINE('',#108,#9292);
#9290=LINE('',#556,#9293);
#9291=LINE('',#110,#9294);
#9292=VECTOR('',#9295,1.0);
#9293=VECTOR('',#9296,1.0);
#9294=VECTOR('',#9297,1.0);
#9295=DIRECTION('',(0.020962030064587803,0.961924886362631,0.27250891048149384));
#9296=DIRECTION('',(-0.0766957939133927,0,-0.9970545397298959));
#9297=DIRECTION('',(0,-1,0));
#9298=FACE_SURFACE('',(#9303),#9299,.T.);
#9299=PLANE('',#9300);
#9300=AXIS2_PLACEMENT_3D('',#194,#9301,#9302);
#9301=DIRECTION('',(-0.9970545397298958,0,0.0766957939133927));
#9302=DIRECTION('',(0.0766957939133927,0,0.9970545397298959));
#9303=FACE_BOUND('',#9304,.T.);
#9304=EDGE_LOOP('',(#9305,#9306,#9307));
#9305=ORIENTED_EDGE('',*,*,#9308,.T.);
#9306=ORIENTED_EDGE('',*,*,#9309,.T.);
#9307=ORIENTED_EDGE('',*,*,#9310,.T.);
#9308=EDGE_CURVE('',#195,#629,#9311,.F.);
#9309=EDGE_CURVE('',#629,#495,#9312,.T.);
#9310=EDGE_CURVE('',#495,#195,#9313,.T.);
#9311=LINE('',#194,#9314);
#9312=LINE('',#628,#9315);
#9313=LINE('',#494,#9316);
#9314=VECTOR('',#9317,1.0);
#9315=VECTOR('',#9318,1.0);
#9316=VECTOR('',#9319,1.0);
#9317=DIRECTION('',(0.0766957939133927,0,0.9970545397298959));
#9318=DIRECTION('',(0,1,0));
#9319=DIRECTION('',(-0.0209620335684368,-0.9619248733820388,-0.2725089560319519));
#9320=FACE_SURFACE('',(#9325),#9321,.T.);
#9321=PLANE('',#9322);
#9322=AXIS2_PLACEMENT_3D('',#194,#9323,#9324);
#9323=DIRECTION('',(-0.9970545397298958,0,0.0766957939133927));
#9324=DIRECTION('',(0.0209620335684368,0.9619248733820388,0.2725089560319519));
#9325=FACE_BOUND('',#9326,.T.);
#9326=EDGE_LOOP('',(#9327,#9328,#9329));
#9327=ORIENTED_EDGE('',*,*,#9330,.T.);
#9328=ORIENTED_EDGE('',*,*,#9331,.T.);
#9329=ORIENTED_EDGE('',*,*,#9332,.T.);
#9330=EDGE_CURVE('',#195,#495,#9333,.F.);
#9331=EDGE_CURVE('',#495,#189,#9334,.T.);
#9332=EDGE_CURVE('',#189,#195,#9335,.T.);
#9333=LINE('',#194,#9336);
#9334=LINE('',#494,#9337);
#9335=LINE('',#188,#9338);
#9336=VECTOR('',#9339,1.0);
#9337=VECTOR('',#9340,1.0);
#9338=VECTOR('',#9341,1.0);
#9339=DIRECTION('',(0.0209620335684368,0.9619248733820388,0.2725089560319519));
#9340=DIRECTION('',(-0.0766957939133927,0,-0.9970545397298959));
#9341=DIRECTION('',(0,-1,0));
#9342=FACE_SURFACE('',(#9347),#9343,.T.);
#9343=PLANE('',#9344);
#9344=AXIS2_PLACEMENT_3D('',#258,#9345,#9346);
#9345=DIRECTION('',(0,1,0));
#9346=DIRECTION('',(0.0766957939133927,0,0.9970545397298959));
#9347=FACE_BOUND('',#9348,.T.);
#9348=EDGE_LOOP('',(#9349,#9350,#9351));
#9349=ORIENTED_EDGE('',*,*,#9352,.T.);
#9350=ORIENTED_EDGE('',*,*,#9353,.T.);
#9351=ORIENTED_EDGE('',*,*,#9354,.T.);
#9352=EDGE_CURVE('',#259,#405,#9355,.F.);
#9353=EDGE_CURVE('',#405,#631,#9356,.T.);
#9354=EDGE_CURVE('',#631,#259,#9357,.T.);
#9355=LINE('',#258,#9358);
#9356=LINE('',#404,#9359);
#9357=LINE('',#630,#9360);
#9358=VECTOR('',#9361,1.0);
#9359=VECTOR('',#9362,1.0);
#9360=VECTOR('',#9363,1.0);
#9361=DIRECTION('',(0.0766957939133927,0,0.9970545397298959));
#9362=DIRECTION('',(1,0,0));
#9363=DIRECTION('',(-0.7752905012599268,0,-0.6316048120907025));
#9364=FACE_SURFACE('',(#9369),#9365,.T.);
#9365=PLANE('',#9366);
#9366=AXIS2_PLACEMENT_3D('',#258,#9367,#9368);
#9367=DIRECTION('',(0,1,0));
#9368=DIRECTION('',(0.7752905012599268,0,0.6316048120907025));
#9369=FACE_BOUND('',#9370,.T.);
#9370=EDGE_LOOP('',(#9371,#9372,#9373));
#9371=ORIENTED_EDGE('',*,*,#9374,.T.);
#9372=ORIENTED_EDGE('',*,*,#9375,.T.);
#9373=ORIENTED_EDGE('',*,*,#9376,.T.);
#9374=EDGE_CURVE('',#259,#631,#9377,.F.);
#9375=EDGE_CURVE('',#631,#251,#9378,.T.);
#9376=EDGE_CURVE('',#251,#259,#9379,.T.);
#9377=LINE('',#258,#9380);
#9378=LINE('',#630,#9381);
#9379=LINE('',#250,#9382);
#9380=VECTOR('',#9383,1.0);
#9381=VECTOR('',#9384,1.0);
#9382=VECTOR('',#9385,1.0);
#9383=DIRECTION('',(0.7752905012599268,0,0.6316048120907025));
#9384=DIRECTION('',(-0.0766957939133927,0,-0.9970545397298959));
#9385=DIRECTION('',(-1,0,0));
#9386=FACE_SURFACE('',(#9391),#9387,.T.);
#9387=PLANE('',#9388);
#9388=AXIS2_PLACEMENT_3D('',#86,#9389,#9390);
#9389=DIRECTION('',(0,-1,0));
#9390=DIRECTION('',(0.0766957939133927,0,0.9970545397298959));
#9391=FACE_BOUND('',#9392,.T.);
#9392=EDGE_LOOP('',(#9393,#9394,#9395));
#9393=ORIENTED_EDGE('',*,*,#9396,.T.);
#9394=ORIENTED_EDGE('',*,*,#9397,.T.);
#9395=ORIENTED_EDGE('',*,*,#9398,.T.);
#9396=EDGE_CURVE('',#87,#491,#9399,.F.);
#9397=EDGE_CURVE('',#491,#415,#9400,.T.);
#9398=EDGE_CURVE('',#415,#87,#9401,.T.);
#9399=LINE('',#86,#9402);
#9400=LINE('',#490,#9403);
#9401=LINE('',#414,#9404);
#9402=VECTOR('',#9405,1.0);
#9403=VECTOR('',#9406,1.0);
#9404=VECTOR('',#9407,1.0);
#9405=DIRECTION('',(0.0766957939133927,0,0.9970545397298959));
#9406=DIRECTION('',(-1,0,0));
#9407=DIRECTION('',(0.9772102382176974,0,-0.21227376268043843));
#9408=FACE_SURFACE('',(#9413),#9409,.T.);
#9409=PLANE('',#9410);
#9410=AXIS2_PLACEMENT_3D('',#86,#9411,#9412);
#9411=DIRECTION('',(0,-1,0));
#9412=DIRECTION('',(-0.9772102382176974,0,0.21227376268043843));
#9413=FACE_BOUND('',#9414,.T.);
#9414=EDGE_LOOP('',(#9415,#9416,#9417));
#9415=ORIENTED_EDGE('',*,*,#9418,.T.);
#9416=ORIENTED_EDGE('',*,*,#9419,.T.);
#9417=ORIENTED_EDGE('',*,*,#9420,.T.);
#9418=EDGE_CURVE('',#87,#415,#9421,.F.);
#9419=EDGE_CURVE('',#415,#59,#9422,.T.);
#9420=EDGE_CURVE('',#59,#87,#9423,.T.);
#9421=LINE('',#86,#9424);
#9422=LINE('',#414,#9425);
#9423=LINE('',#58,#9426);
#9424=VECTOR('',#9427,1.0);
#9425=VECTOR('',#9428,1.0);
#9426=VECTOR('',#9429,1.0);
#9427=DIRECTION('',(-0.9772102382176974,0,0.21227376268043843));
#9428=DIRECTION('',(-0.0766957939133927,0,-0.9970545397298959));
#9429=DIRECTION('',(1,0,0));
#9430=FACE_SURFACE('',(#9435),#9431,.T.);
#9431=PLANE('',#9432);
#9432=AXIS2_PLACEMENT_3D('',#154,#9433,#9434);
#9433=DIRECTION('',(0,-1,0));
#9434=DIRECTION('',(0.0766957939133927,0,0.9970545397298959));
#9435=FACE_BOUND('',#9436,.T.);
#9436=EDGE_LOOP('',(#9437,#9438,#9439));
#9437=ORIENTED_EDGE('',*,*,#9440,.T.);
#9438=ORIENTED_EDGE('',*,*,#9441,.T.);
#9439=ORIENTED_EDGE('',*,*,#9442,.T.);
#9440=EDGE_CURVE('',#155,#633,#9443,.F.);
#9441=EDGE_CURVE('',#633,#395,#9444,.T.);
#9442=EDGE_CURVE('',#395,#155,#9445,.T.);
#9443=LINE('',#154,#9446);
#9444=LINE('',#632,#9447);
#9445=LINE('',#394,#9448);
#9446=VECTOR('',#9449,1.0);
#9447=VECTOR('',#9450,1.0);
#9448=VECTOR('',#9451,1.0);
#9449=DIRECTION('',(0.0766957939133927,0,0.9970545397298959));
#9450=DIRECTION('',(-1,0,0));
#9451=DIRECTION('',(0.7317592128530105,0,-0.6815632431438351));
#9452=FACE_SURFACE('',(#9457),#9453,.T.);
#9453=PLANE('',#9454);
#9454=AXIS2_PLACEMENT_3D('',#154,#9455,#9456);
#9455=DIRECTION('',(0,-1,0));
#9456=DIRECTION('',(-0.7317592128530105,0,0.6815632431438351));
#9457=FACE_BOUND('',#9458,.T.);
#9458=EDGE_LOOP('',(#9459,#9460,#9461));
#9459=ORIENTED_EDGE('',*,*,#9462,.T.);
#9460=ORIENTED_EDGE('',*,*,#9463,.T.);
#9461=ORIENTED_EDGE('',*,*,#9464,.T.);
#9462=EDGE_CURVE('',#155,#395,#9465,.F.);
#9463=EDGE_CURVE('',#395,#157,#9466,.T.);
#9464=EDGE_CURVE('',#157,#155,#9467,.T.);
#9465=LINE('',#154,#9468);
#9466=LINE('',#394,#9469);
#9467=LINE('',#156,#9470);
#9468=VECTOR('',#9471,1.0);
#9469=VECTOR('',#9472,1.0);
#9470=VECTOR('',#9473,1.0);
#9471=DIRECTION('',(-0.7317592128530105,0,0.6815632431438351));
#9472=DIRECTION('',(-0.0766957939133927,0,-0.9970545397298959));
#9473=DIRECTION('',(1,0,0));
#9474=FACE_SURFACE('',(#9479),#9475,.T.);
#9475=PLANE('',#9476);
#9476=AXIS2_PLACEMENT_3D('',#242,#9477,#9478);
#9477=DIRECTION('',(0.9970545397298958,0,-0.07669579391339269));
#9478=DIRECTION('',(0.0766957939133927,0,0.9970545397298959));
#9479=FACE_BOUND('',#9480,.T.);
#9480=EDGE_LOOP('',(#9481,#9482,#9483));
#9481=ORIENTED_EDGE('',*,*,#9484,.T.);
#9482=ORIENTED_EDGE('',*,*,#9485,.T.);
#9483=ORIENTED_EDGE('',*,*,#9486,.T.);
#9484=EDGE_CURVE('',#243,#449,#9487,.F.);
#9485=EDGE_CURVE('',#449,#403,#9488,.T.);
#9486=EDGE_CURVE('',#403,#243,#9489,.T.);
#9487=LINE('',#242,#9490);
#9488=LINE('',#448,#9491);
#9489=LINE('',#402,#9492);
#9490=VECTOR('',#9493,1.0);
#9491=VECTOR('',#9494,1.0);
#9492=VECTOR('',#9495,1.0);
#9493=DIRECTION('',(0.0766957939133927,0,0.9970545397298959));
#9494=DIRECTION('',(0,-1,0));
#9495=DIRECTION('',(-0.016069993032544652,0.9778024330082797,-0.20891184104071903));
#9496=FACE_SURFACE('',(#9501),#9497,.T.);
#9497=PLANE('',#9498);
#9498=AXIS2_PLACEMENT_3D('',#242,#9499,#9500);
#9499=DIRECTION('',(0.9970545397298958,0,-0.07669579391339269));
#9500=DIRECTION('',(0.016069993032544652,-0.9778024330082797,0.20891184104071903));
#9501=FACE_BOUND('',#9502,.T.);
#9502=EDGE_LOOP('',(#9503,#9504,#9505));
#9503=ORIENTED_EDGE('',*,*,#9506,.T.);
#9504=ORIENTED_EDGE('',*,*,#9507,.T.);
#9505=ORIENTED_EDGE('',*,*,#9508,.T.);
#9506=EDGE_CURVE('',#243,#403,#9509,.F.);
#9507=EDGE_CURVE('',#403,#257,#9510,.T.);
#9508=EDGE_CURVE('',#257,#243,#9511,.T.);
#9509=LINE('',#242,#9512);
#9510=LINE('',#402,#9513);
#9511=LINE('',#256,#9514);
#9512=VECTOR('',#9515,1.0);
#9513=VECTOR('',#9516,1.0);
#9514=VECTOR('',#9517,1.0);
#9515=DIRECTION('',(0.016069993032544652,-0.9778024330082797,0.20891184104071903));
#9516=DIRECTION('',(-0.0766957939133927,0,-0.9970545397298959));
#9517=DIRECTION('',(0,1,0));
#9518=FACE_SURFACE('',(#9523),#9519,.T.);
#9519=PLANE('',#9520);
#9520=AXIS2_PLACEMENT_3D('',#150,#9521,#9522);
#9521=DIRECTION('',(0,1,0));
#9522=DIRECTION('',(0.0766957939133927,0,0.9970545397298959));
#9523=FACE_BOUND('',#9524,.T.);
#9524=EDGE_LOOP('',(#9525,#9526,#9527));
#9525=ORIENTED_EDGE('',*,*,#9528,.T.);
#9526=ORIENTED_EDGE('',*,*,#9529,.T.);
#9527=ORIENTED_EDGE('',*,*,#9530,.T.);
#9528=EDGE_CURVE('',#151,#571,#9531,.F.);
#9529=EDGE_CURVE('',#571,#543,#9532,.T.);
#9530=EDGE_CURVE('',#543,#151,#9533,.T.);
#9531=LINE('',#150,#9534);
#9532=LINE('',#570,#9535);
#9533=LINE('',#542,#9536);
#9534=VECTOR('',#9537,1.0);
#9535=VECTOR('',#9538,1.0);
#9536=VECTOR('',#9539,1.0);
#9537=DIRECTION('',(0.0766957939133927,0,0.9970545397298959));
#9538=DIRECTION('',(1,0,0));
#9539=DIRECTION('',(-0.9635013044628304,0,-0.267703635198374));
#9540=FACE_SURFACE('',(#9545),#9541,.T.);
#9541=PLANE('',#9542);
#9542=AXIS2_PLACEMENT_3D('',#150,#9543,#9544);
#9543=DIRECTION('',(0,1,0));
#9544=DIRECTION('',(0.9635013044628304,0,0.267703635198374));
#9545=FACE_BOUND('',#9546,.T.);
#9546=EDGE_LOOP('',(#9547,#9548,#9549));
#9547=ORIENTED_EDGE('',*,*,#9550,.T.);
#9548=ORIENTED_EDGE('',*,*,#9551,.T.);
#9549=ORIENTED_EDGE('',*,*,#9552,.T.);
#9550=EDGE_CURVE('',#151,#543,#9553,.F.);
#9551=EDGE_CURVE('',#543,#153,#9554,.T.);
#9552=EDGE_CURVE('',#153,#151,#9555,.T.);
#9553=LINE('',#150,#9556);
#9554=LINE('',#542,#9557);
#9555=LINE('',#152,#9558);
#9556=VECTOR('',#9559,1.0);
#9557=VECTOR('',#9560,1.0);
#9558=VECTOR('',#9561,1.0);
#9559=DIRECTION('',(0.9635013044628304,0,0.267703635198374));
#9560=DIRECTION('',(-0.0766957939133927,0,-0.9970545397298959));
#9561=DIRECTION('',(-1,0,0));
#9562=FACE_SURFACE('',(#9567),#9563,.T.);
#9563=PLANE('',#9564);
#9564=AXIS2_PLACEMENT_3D('',#48,#9565,#9566);
#9565=DIRECTION('',(-0.9970545397298958,0,0.07669579391339269));
#9566=DIRECTION('',(0.0766957939133927,0,0.9970545397298959));
#9567=FACE_BOUND('',#9568,.T.);
#9568=EDGE_LOOP('',(#9569,#9570,#9571));
#9569=ORIENTED_EDGE('',*,*,#9572,.T.);
#9570=ORIENTED_EDGE('',*,*,#9573,.T.);
#9571=ORIENTED_EDGE('',*,*,#9574,.T.);
#9572=EDGE_CURVE('',#49,#635,#9575,.F.);
#9573=EDGE_CURVE('',#635,#637,#9576,.T.);
#9574=EDGE_CURVE('',#637,#49,#9577,.T.);
#9575=LINE('',#48,#9578);
#9576=LINE('',#634,#9579);
#9577=LINE('',#636,#9580);
#9578=VECTOR('',#9581,1.0);
#9579=VECTOR('',#9582,1.0);
#9580=VECTOR('',#9583,1.0);
#9581=DIRECTION('',(0.0766957939133927,0,0.9970545397298959));
#9582=DIRECTION('',(0,1,0));
#9583=DIRECTION('',(-0.05427829217219259,-0.7065041984936534,-0.705624322504341));
#9584=FACE_SURFACE('',(#9589),#9585,.T.);
#9585=PLANE('',#9586);
#9586=AXIS2_PLACEMENT_3D('',#48,#9587,#9588);
#9587=DIRECTION('',(-0.9970545397298958,0,0.07669579391339269));
#9588=DIRECTION('',(0.05427829217219259,0.7065041984936534,0.705624322504341));
#9589=FACE_BOUND('',#9590,.T.);
#9590=EDGE_LOOP('',(#9591,#9592,#9593));
#9591=ORIENTED_EDGE('',*,*,#9594,.T.);
#9592=ORIENTED_EDGE('',*,*,#9595,.T.);
#9593=ORIENTED_EDGE('',*,*,#9596,.T.);
#9594=EDGE_CURVE('',#49,#637,#9597,.F.);
#9595=EDGE_CURVE('',#637,#51,#9598,.T.);
#9596=EDGE_CURVE('',#51,#49,#9599,.T.);
#9597=LINE('',#48,#9600);
#9598=LINE('',#636,#9601);
#9599=LINE('',#50,#9602);
#9600=VECTOR('',#9603,1.0);
#9601=VECTOR('',#9604,1.0);
#9602=VECTOR('',#9605,1.0);
#9603=DIRECTION('',(0.05427829217219259,0.7065041984936534,0.705624322504341));
#9604=DIRECTION('',(-0.0766957939133927,0,-0.9970545397298959));
#9605=DIRECTION('',(0,-1,0));
#9606=FACE_SURFACE('',(#9611),#9607,.T.);
#9607=PLANE('',#9608);
#9608=AXIS2_PLACEMENT_3D('',#638,#9609,#9610);
#9609=DIRECTION('',(-1,0,0));
#9610=DIRECTION('',(0,0.9777949471407574,-0.20956393140520016));
#9611=FACE_BOUND('',#9612,.T.);
#9612=EDGE_LOOP('',(#9613,#9614,#9615));
#9613=ORIENTED_EDGE('',*,*,#9616,.T.);
#9614=ORIENTED_EDGE('',*,*,#9617,.T.);
#9615=ORIENTED_EDGE('',*,*,#9618,.T.);
#9616=EDGE_CURVE('',#639,#265,#9619,.F.);
#9617=EDGE_CURVE('',#265,#263,#9620,.T.);
#9618=EDGE_CURVE('',#263,#639,#9621,.T.);
#9619=LINE('',#638,#9622);
#9620=LINE('',#264,#9623);
#9621=LINE('',#262,#9624);
#9622=VECTOR('',#9625,1.0);
#9623=VECTOR('',#9626,1.0);
#9624=VECTOR('',#9627,1.0);
#9625=DIRECTION('',(0,0.9777949471407574,-0.20956393140520016));
#9626=DIRECTION('',(0,-1,0));
#9627=DIRECTION('',(0,0,1));
#9628=FACE_SURFACE('',(#9633),#9629,.T.);
#9629=PLANE('',#9630);
#9630=AXIS2_PLACEMENT_3D('',#348,#9631,#9632);
#9631=DIRECTION('',(0.9970545397298958,0,-0.0766957939133927));
#9632=DIRECTION('',(0.0766957939133927,0,0.9970545397298959));
#9633=FACE_BOUND('',#9634,.T.);
#9634=EDGE_LOOP('',(#9635,#9636,#9637));
#9635=ORIENTED_EDGE('',*,*,#9638,.T.);
#9636=ORIENTED_EDGE('',*,*,#9639,.T.);
#9637=ORIENTED_EDGE('',*,*,#9640,.T.);
#9638=EDGE_CURVE('',#349,#439,#9641,.F.);
#9639=EDGE_CURVE('',#439,#399,#9642,.T.);
#9640=EDGE_CURVE('',#399,#349,#9643,.T.);
#9641=LINE('',#348,#9644);
#9642=LINE('',#438,#9645);
#9643=LINE('',#398,#9646);
#9644=VECTOR('',#9647,1.0);
#9645=VECTOR('',#9648,1.0);
#9646=VECTOR('',#9649,1.0);
#9647=DIRECTION('',(0.0766957939133927,0,0.9970545397298959));
#9648=DIRECTION('',(0,-1,0));
#9649=DIRECTION('',(-0.016069987799435026,0.9778024476294199,-0.20891177300966488));
#9650=FACE_SURFACE('',(#9655),#9651,.T.);
#9651=PLANE('',#9652);
#9652=AXIS2_PLACEMENT_3D('',#348,#9653,#9654);
#9653=DIRECTION('',(0.9970545397298958,0,-0.0766957939133927));
#9654=DIRECTION('',(0.016069987799435026,-0.9778024476294199,0.20891177300966488));
#9655=FACE_BOUND('',#9656,.T.);
#9656=EDGE_LOOP('',(#9657,#9658,#9659));
#9657=ORIENTED_EDGE('',*,*,#9660,.T.);
#9658=ORIENTED_EDGE('',*,*,#9661,.T.);
#9659=ORIENTED_EDGE('',*,*,#9662,.T.);
#9660=EDGE_CURVE('',#349,#399,#9663,.F.);
#9661=EDGE_CURVE('',#399,#347,#9664,.T.);
#9662=EDGE_CURVE('',#347,#349,#9665,.T.);
#9663=LINE('',#348,#9666);
#9664=LINE('',#398,#9667);
#9665=LINE('',#346,#9668);
#9666=VECTOR('',#9669,1.0);
#9667=VECTOR('',#9670,1.0);
#9668=VECTOR('',#9671,1.0);
#9669=DIRECTION('',(0.016069987799435026,-0.9778024476294199,0.20891177300966488));
#9670=DIRECTION('',(-0.0766957939133927,0,-0.9970545397298959));
#9671=DIRECTION('',(0,1,0));
#9672=FACE_SURFACE('',(#9677),#9673,.T.);
#9673=PLANE('',#9674);
#9674=AXIS2_PLACEMENT_3D('',#66,#9675,#9676);
#9675=DIRECTION('',(0,-1,0));
#9676=DIRECTION('',(0.0766957939133927,0,0.9970545397298959));
#9677=FACE_BOUND('',#9678,.T.);
#9678=EDGE_LOOP('',(#9679,#9680,#9681));
#9679=ORIENTED_EDGE('',*,*,#9682,.T.);
#9680=ORIENTED_EDGE('',*,*,#9683,.T.);
#9681=ORIENTED_EDGE('',*,*,#9684,.T.);
#9682=EDGE_CURVE('',#67,#641,#9685,.F.);
#9683=EDGE_CURVE('',#641,#595,#9686,.T.);
#9684=EDGE_CURVE('',#595,#67,#9687,.T.);
#9685=LINE('',#66,#9688);
#9686=LINE('',#640,#9689);
#9687=LINE('',#594,#9690);
#9688=VECTOR('',#9691,1.0);
#9689=VECTOR('',#9692,1.0);
#9690=VECTOR('',#9693,1.0);
#9691=DIRECTION('',(0.0766957939133927,0,0.9970545397298959));
#9692=DIRECTION('',(-1,0,0));
#9693=DIRECTION('',(0.9772101894233253,0,-0.2122739873070388));
#9694=FACE_SURFACE('',(#9699),#9695,.T.);
#9695=PLANE('',#9696);
#9696=AXIS2_PLACEMENT_3D('',#66,#9697,#9698);
#9697=DIRECTION('',(0,-1,0));
#9698=DIRECTION('',(-0.9772101894233253,0,0.2122739873070388));
#9699=FACE_BOUND('',#9700,.T.);
#9700=EDGE_LOOP('',(#9701,#9702,#9703));
#9701=ORIENTED_EDGE('',*,*,#9704,.T.);
#9702=ORIENTED_EDGE('',*,*,#9705,.T.);
#9703=ORIENTED_EDGE('',*,*,#9706,.T.);
#9704=EDGE_CURVE('',#67,#595,#9707,.F.);
#9705=EDGE_CURVE('',#595,#351,#9708,.T.);
#9706=EDGE_CURVE('',#351,#67,#9709,.T.);
#9707=LINE('',#66,#9710);
#9708=LINE('',#594,#9711);
#9709=LINE('',#350,#9712);
#9710=VECTOR('',#9713,1.0);
#9711=VECTOR('',#9714,1.0);
#9712=VECTOR('',#9715,1.0);
#9713=DIRECTION('',(-0.9772101894233253,0,0.2122739873070388));
#9714=DIRECTION('',(-0.0766957939133927,0,-0.9970545397298959));
#9715=DIRECTION('',(1,0,0));
#9716=FACE_SURFACE('',(#9721),#9717,.T.);
#9717=PLANE('',#9718);
#9718=AXIS2_PLACEMENT_3D('',#92,#9719,#9720);
#9719=DIRECTION('',(0.9970545397298958,0,-0.0766957939133927));
#9720=DIRECTION('',(0.0766957939133927,0,0.9970545397298959));
#9721=FACE_BOUND('',#9722,.T.);
#9722=EDGE_LOOP('',(#9723,#9724,#9725));
#9723=ORIENTED_EDGE('',*,*,#9726,.T.);
#9724=ORIENTED_EDGE('',*,*,#9727,.T.);
#9725=ORIENTED_EDGE('',*,*,#9728,.T.);
#9726=EDGE_CURVE('',#93,#643,#9729,.F.);
#9727=EDGE_CURVE('',#643,#457,#9730,.T.);
#9728=EDGE_CURVE('',#457,#93,#9731,.T.);
#9729=LINE('',#92,#9732);
#9730=LINE('',#642,#9733);
#9731=LINE('',#456,#9734);
#9732=VECTOR('',#9735,1.0);
#9733=VECTOR('',#9736,1.0);
#9734=VECTOR('',#9737,1.0);
#9735=DIRECTION('',(0.0766957939133927,0,0.9970545397298959));
#9736=DIRECTION('',(0,-1,0));
#9737=DIRECTION('',(-0.016069987799435026,0.9778024476294199,-0.20891177300966488));
#9738=FACE_SURFACE('',(#9743),#9739,.T.);
#9739=PLANE('',#9740);
#9740=AXIS2_PLACEMENT_3D('',#92,#9741,#9742);
#9741=DIRECTION('',(0.9970545397298958,0,-0.0766957939133927));
#9742=DIRECTION('',(0.016069987799435026,-0.9778024476294199,0.20891177300966488));
#9743=FACE_BOUND('',#9744,.T.);
#9744=EDGE_LOOP('',(#9745,#9746,#9747));
#9745=ORIENTED_EDGE('',*,*,#9748,.T.);
#9746=ORIENTED_EDGE('',*,*,#9749,.T.);
#9747=ORIENTED_EDGE('',*,*,#9750,.T.);
#9748=EDGE_CURVE('',#93,#457,#9751,.F.);
#9749=EDGE_CURVE('',#457,#207,#9752,.T.);
#9750=EDGE_CURVE('',#207,#93,#9753,.T.);
#9751=LINE('',#92,#9754);
#9752=LINE('',#456,#9755);
#9753=LINE('',#206,#9756);
#9754=VECTOR('',#9757,1.0);
#9755=VECTOR('',#9758,1.0);
#9756=VECTOR('',#9759,1.0);
#9757=DIRECTION('',(0.016069987799435026,-0.9778024476294199,0.20891177300966488));
#9758=DIRECTION('',(-0.0766957939133927,0,-0.9970545397298959));
#9759=DIRECTION('',(0,1,0));
#9760=FACE_SURFACE('',(#9765),#9761,.T.);
#9761=PLANE('',#9762);
#9762=AXIS2_PLACEMENT_3D('',#244,#9763,#9764);
#9763=DIRECTION('',(0,-1,0));
#9764=DIRECTION('',(0.0766957939133927,0,0.9970545397298959));
#9765=FACE_BOUND('',#9766,.T.);
#9766=EDGE_LOOP('',(#9767,#9768,#9769));
#9767=ORIENTED_EDGE('',*,*,#9770,.T.);
#9768=ORIENTED_EDGE('',*,*,#9771,.T.);
#9769=ORIENTED_EDGE('',*,*,#9772,.T.);
#9770=EDGE_CURVE('',#245,#605,#9773,.F.);
#9771=EDGE_CURVE('',#605,#573,#9774,.T.);
#9772=EDGE_CURVE('',#573,#245,#9775,.T.);
#9773=LINE('',#244,#9776);
#9774=LINE('',#604,#9777);
#9775=LINE('',#572,#9778);
#9776=VECTOR('',#9779,1.0);
#9777=VECTOR('',#9780,1.0);
#9778=VECTOR('',#9781,1.0);
#9779=DIRECTION('',(0.0766957939133927,0,0.9970545397298959));
#9780=DIRECTION('',(-1,0,0));
#9781=DIRECTION('',(0.9772101894233253,0,-0.2122739873070388));
#9782=FACE_SURFACE('',(#9787),#9783,.T.);
#9783=PLANE('',#9784);
#9784=AXIS2_PLACEMENT_3D('',#244,#9785,#9786);
#9785=DIRECTION('',(0,-1,0));
#9786=DIRECTION('',(-0.9772101894233253,0,0.2122739873070388));
#9787=FACE_BOUND('',#9788,.T.);
#9788=EDGE_LOOP('',(#9789,#9790,#9791));
#9789=ORIENTED_EDGE('',*,*,#9792,.T.);
#9790=ORIENTED_EDGE('',*,*,#9793,.T.);
#9791=ORIENTED_EDGE('',*,*,#9794,.T.);
#9792=EDGE_CURVE('',#245,#573,#9795,.F.);
#9793=EDGE_CURVE('',#573,#237,#9796,.T.);
#9794=EDGE_CURVE('',#237,#245,#9797,.T.);
#9795=LINE('',#244,#9798);
#9796=LINE('',#572,#9799);
#9797=LINE('',#236,#9800);
#9798=VECTOR('',#9801,1.0);
#9799=VECTOR('',#9802,1.0);
#9800=VECTOR('',#9803,1.0);
#9801=DIRECTION('',(-0.9772101894233253,0,0.2122739873070388));
#9802=DIRECTION('',(-0.0766957939133927,0,-0.9970545397298959));
#9803=DIRECTION('',(1,0,0));
#9804=FACE_SURFACE('',(#9809),#9805,.T.);
#9805=PLANE('',#9806);
#9806=AXIS2_PLACEMENT_3D('',#142,#9807,#9808);
#9807=DIRECTION('',(0,-1,0));
#9808=DIRECTION('',(0.0766957939133927,0,0.9970545397298959));
#9809=FACE_BOUND('',#9810,.T.);
#9810=EDGE_LOOP('',(#9811,#9812,#9813));
#9811=ORIENTED_EDGE('',*,*,#9814,.T.);
#9812=ORIENTED_EDGE('',*,*,#9815,.T.);
#9813=ORIENTED_EDGE('',*,*,#9816,.T.);
#9814=EDGE_CURVE('',#143,#645,#9817,.F.);
#9815=EDGE_CURVE('',#645,#481,#9818,.T.);
#9816=EDGE_CURVE('',#481,#143,#9819,.T.);
#9817=LINE('',#142,#9820);
#9818=LINE('',#644,#9821);
#9819=LINE('',#480,#9822);
#9820=VECTOR('',#9823,1.0);
#9821=VECTOR('',#9824,1.0);
#9822=VECTOR('',#9825,1.0);
#9823=DIRECTION('',(0.0766957939133927,0,0.9970545397298959));
#9824=DIRECTION('',(-1,0,0));
#9825=DIRECTION('',(0.9920083385566789,0,-0.12617232752873087));
#9826=FACE_SURFACE('',(#9831),#9827,.T.);
#9827=PLANE('',#9828);
#9828=AXIS2_PLACEMENT_3D('',#142,#9829,#9830);
#9829=DIRECTION('',(0,-1,0));
#9830=DIRECTION('',(-0.9920083385566789,0,0.12617232752873087));
#9831=FACE_BOUND('',#9832,.T.);
#9832=EDGE_LOOP('',(#9833,#9834,#9835));
#9833=ORIENTED_EDGE('',*,*,#9836,.T.);
#9834=ORIENTED_EDGE('',*,*,#9837,.T.);
#9835=ORIENTED_EDGE('',*,*,#9838,.T.);
#9836=EDGE_CURVE('',#143,#481,#9839,.F.);
#9837=EDGE_CURVE('',#481,#145,#9840,.T.);
#9838=EDGE_CURVE('',#145,#143,#9841,.T.);
#9839=LINE('',#142,#9842);
#9840=LINE('',#480,#9843);
#9841=LINE('',#144,#9844);
#9842=VECTOR('',#9845,1.0);
#9843=VECTOR('',#9846,1.0);
#9844=VECTOR('',#9847,1.0);
#9845=DIRECTION('',(-0.9920083385566789,0,0.12617232752873087));
#9846=DIRECTION('',(-0.0766957939133927,0,-0.9970545397298959));
#9847=DIRECTION('',(1,0,0));
#9848=FACE_SURFACE('',(#9853),#9849,.T.);
#9849=PLANE('',#9850);
#9850=AXIS2_PLACEMENT_3D('',#250,#9851,#9852);
#9851=DIRECTION('',(-0.9970545397298958,0,0.07669579391339269));
#9852=DIRECTION('',(0.0766957939133927,0,0.9970545397298959));
#9853=FACE_BOUND('',#9854,.T.);
#9854=EDGE_LOOP('',(#9855,#9856,#9857));
#9855=ORIENTED_EDGE('',*,*,#9858,.T.);
#9856=ORIENTED_EDGE('',*,*,#9859,.T.);
#9857=ORIENTED_EDGE('',*,*,#9860,.T.);
#9858=EDGE_CURVE('',#251,#631,#9861,.F.);
#9859=EDGE_CURVE('',#631,#453,#9862,.T.);
#9860=EDGE_CURVE('',#453,#251,#9863,.T.);
#9861=LINE('',#250,#9864);
#9862=LINE('',#630,#9865);
#9863=LINE('',#452,#9866);
#9864=VECTOR('',#9867,1.0);
#9865=VECTOR('',#9868,1.0);
#9866=VECTOR('',#9869,1.0);
#9867=DIRECTION('',(0.0766957939133927,0,0.9970545397298959));
#9868=DIRECTION('',(0,1,0));
#9869=DIRECTION('',(-0.020962030064587803,-0.961924886362631,-0.27250891048149384));
#9870=FACE_SURFACE('',(#9875),#9871,.T.);
#9871=PLANE('',#9872);
#9872=AXIS2_PLACEMENT_3D('',#250,#9873,#9874);
#9873=DIRECTION('',(-0.9970545397298958,0,0.07669579391339269));
#9874=DIRECTION('',(0.020962030064587803,0.961924886362631,0.27250891048149384));
#9875=FACE_BOUND('',#9876,.T.);
#9876=EDGE_LOOP('',(#9877,#9878,#9879));
#9877=ORIENTED_EDGE('',*,*,#9880,.T.);
#9878=ORIENTED_EDGE('',*,*,#9881,.T.);
#9879=ORIENTED_EDGE('',*,*,#9882,.T.);
#9880=EDGE_CURVE('',#251,#453,#9883,.F.);
#9881=EDGE_CURVE('',#453,#303,#9884,.T.);
#9882=EDGE_CURVE('',#303,#251,#9885,.T.);
#9883=LINE('',#250,#9886);
#9884=LINE('',#452,#9887);
#9885=LINE('',#302,#9888);
#9886=VECTOR('',#9889,1.0);
#9887=VECTOR('',#9890,1.0);
#9888=VECTOR('',#9891,1.0);
#9889=DIRECTION('',(0.020962030064587803,0.961924886362631,0.27250891048149384));
#9890=DIRECTION('',(-0.0766957939133927,0,-0.9970545397298959));
#9891=DIRECTION('',(0,-1,0));
#9892=FACE_SURFACE('',(#9897),#9893,.T.);
#9893=PLANE('',#9894);
#9894=AXIS2_PLACEMENT_3D('',#88,#9895,#9896);
#9895=DIRECTION('',(0,1,0));
#9896=DIRECTION('',(0.0766957939133927,0,0.9970545397298959));
#9897=FACE_BOUND('',#9898,.T.);
#9898=EDGE_LOOP('',(#9899,#9900,#9901));
#9899=ORIENTED_EDGE('',*,*,#9902,.T.);
#9900=ORIENTED_EDGE('',*,*,#9903,.T.);
#9901=ORIENTED_EDGE('',*,*,#9904,.T.);
#9902=EDGE_CURVE('',#89,#575,#9905,.F.);
#9903=EDGE_CURVE('',#575,#613,#9906,.T.);
#9904=EDGE_CURVE('',#613,#89,#9907,.T.);
#9905=LINE('',#88,#9908);
#9906=LINE('',#574,#9909);
#9907=LINE('',#612,#9910);
#9908=VECTOR('',#9911,1.0);
#9909=VECTOR('',#9912,1.0);
#9910=VECTOR('',#9913,1.0);
#9911=DIRECTION('',(0.0766957939133927,0,0.9970545397298959));
#9912=DIRECTION('',(1,0,0));
#9913=DIRECTION('',(-0.9636480628681542,0,-0.26717486957132375));
#9914=FACE_SURFACE('',(#9919),#9915,.T.);
#9915=PLANE('',#9916);
#9916=AXIS2_PLACEMENT_3D('',#88,#9917,#9918);
#9917=DIRECTION('',(0,1,0));
#9918=DIRECTION('',(0.9636480628681542,0,0.26717486957132375));
#9919=FACE_BOUND('',#9920,.T.);
#9920=EDGE_LOOP('',(#9921,#9922,#9923));
#9921=ORIENTED_EDGE('',*,*,#9924,.T.);
#9922=ORIENTED_EDGE('',*,*,#9925,.T.);
#9923=ORIENTED_EDGE('',*,*,#9926,.T.);
#9924=EDGE_CURVE('',#89,#613,#9927,.F.);
#9925=EDGE_CURVE('',#613,#91,#9928,.T.);
#9926=EDGE_CURVE('',#91,#89,#9929,.T.);
#9927=LINE('',#88,#9930);
#9928=LINE('',#612,#9931);
#9929=LINE('',#90,#9932);
#9930=VECTOR('',#9933,1.0);
#9931=VECTOR('',#9934,1.0);
#9932=VECTOR('',#9935,1.0);
#9933=DIRECTION('',(0.9636480628681542,0,0.26717486957132375));
#9934=DIRECTION('',(-0.0766957939133927,0,-0.9970545397298959));
#9935=DIRECTION('',(-1,0,0));
#9936=FACE_SURFACE('',(#9941),#9937,.T.);
#9937=PLANE('',#9938);
#9938=AXIS2_PLACEMENT_3D('',#120,#9939,#9940);
#9939=DIRECTION('',(0,-1,0));
#9940=DIRECTION('',(0.0766957939133927,0,0.9970545397298959));
#9941=FACE_BOUND('',#9942,.T.);
#9942=EDGE_LOOP('',(#9943,#9944,#9945));
#9943=ORIENTED_EDGE('',*,*,#9946,.T.);
#9944=ORIENTED_EDGE('',*,*,#9947,.T.);
#9945=ORIENTED_EDGE('',*,*,#9948,.T.);
#9946=EDGE_CURVE('',#121,#603,#9949,.F.);
#9947=EDGE_CURVE('',#603,#625,#9950,.T.);
#9948=EDGE_CURVE('',#625,#121,#9951,.T.);
#9949=LINE('',#120,#9952);
#9950=LINE('',#602,#9953);
#9951=LINE('',#624,#9954);
#9952=VECTOR('',#9955,1.0);
#9953=VECTOR('',#9956,1.0);
#9954=VECTOR('',#9957,1.0);
#9955=DIRECTION('',(0.0766957939133927,0,0.9970545397298959));
#9956=DIRECTION('',(-1,0,0));
#9957=DIRECTION('',(0.9772101894233253,0,-0.2122739873070388));
#9958=FACE_SURFACE('',(#9963),#9959,.T.);
#9959=PLANE('',#9960);
#9960=AXIS2_PLACEMENT_3D('',#120,#9961,#9962);
#9961=DIRECTION('',(0,-1,0));
#9962=DIRECTION('',(-0.9772101894233253,0,0.2122739873070388));
#9963=FACE_BOUND('',#9964,.T.);
#9964=EDGE_LOOP('',(#9965,#9966,#9967));
#9965=ORIENTED_EDGE('',*,*,#9968,.T.);
#9966=ORIENTED_EDGE('',*,*,#9969,.T.);
#9967=ORIENTED_EDGE('',*,*,#9970,.T.);
#9968=EDGE_CURVE('',#121,#625,#9971,.F.);
#9969=EDGE_CURVE('',#625,#113,#9972,.T.);
#9970=EDGE_CURVE('',#113,#121,#9973,.T.);
#9971=LINE('',#120,#9974);
#9972=LINE('',#624,#9975);
#9973=LINE('',#112,#9976);
#9974=VECTOR('',#9977,1.0);
#9975=VECTOR('',#9978,1.0);
#9976=VECTOR('',#9979,1.0);
#9977=DIRECTION('',(-0.9772101894233253,0,0.2122739873070388));
#9978=DIRECTION('',(-0.0766957939133927,0,-0.9970545397298959));
#9979=DIRECTION('',(1,0,0));
#9980=FACE_SURFACE('',(#9985),#9981,.T.);
#9981=PLANE('',#9982);
#9982=AXIS2_PLACEMENT_3D('',#212,#9983,#9984);
#9983=DIRECTION('',(-0.9970545397298959,0,0.0766957939133927));
#9984=DIRECTION('',(0.0766957939133927,0,0.9970545397298959));
#9985=FACE_BOUND('',#9986,.T.);
#9986=EDGE_LOOP('',(#9987,#9988,#9989));
#9987=ORIENTED_EDGE('',*,*,#9990,.T.);
#9988=ORIENTED_EDGE('',*,*,#9991,.T.);
#9989=ORIENTED_EDGE('',*,*,#9992,.T.);
#9990=EDGE_CURVE('',#213,#555,#9993,.F.);
#9991=EDGE_CURVE('',#555,#465,#9994,.T.);
#9992=EDGE_CURVE('',#465,#213,#9995,.T.);
#9993=LINE('',#212,#9996);
#9994=LINE('',#554,#9997);
#9995=LINE('',#464,#9998);
#9996=VECTOR('',#9999,1.0);
#9997=VECTOR('',#10000,1.0);
#9998=VECTOR('',#10001,1.0);
#9999=DIRECTION('',(0.0766957939133927,0,0.9970545397298959));
#10000=DIRECTION('',(0,1,0));
#10001=DIRECTION('',(-0.020962026560739932,-0.9619248993432166,-0.27250886493105037));
#10002=FACE_SURFACE('',(#10007),#10003,.T.);
#10003=PLANE('',#10004);
#10004=AXIS2_PLACEMENT_3D('',#212,#10005,#10006);
#10005=DIRECTION('',(-0.9970545397298959,0,0.0766957939133927));
#10006=DIRECTION('',(0.020962026560739932,0.9619248993432166,0.27250886493105037));
#10007=FACE_BOUND('',#10008,.T.);
#10008=EDGE_LOOP('',(#10009,#10010,#10011));
#10009=ORIENTED_EDGE('',*,*,#10012,.T.);
#10010=ORIENTED_EDGE('',*,*,#10013,.T.);
#10011=ORIENTED_EDGE('',*,*,#10014,.T.);
#10012=EDGE_CURVE('',#213,#465,#10015,.F.);
#10013=EDGE_CURVE('',#465,#373,#10016,.T.);
#10014=EDGE_CURVE('',#373,#213,#10017,.T.);
#10015=LINE('',#212,#10018);
#10016=LINE('',#464,#10019);
#10017=LINE('',#372,#10020);
#10018=VECTOR('',#10021,1.0);
#10019=VECTOR('',#10022,1.0);
#10020=VECTOR('',#10023,1.0);
#10021=DIRECTION('',(0.020962026560739932,0.9619248993432166,0.27250886493105037));
#10022=DIRECTION('',(-0.0766957939133927,0,-0.9970545397298959));
#10023=DIRECTION('',(0,-1,0));
#10024=FACE_SURFACE('',(#10029),#10025,.T.);
#10025=PLANE('',#10026);
#10026=AXIS2_PLACEMENT_3D('',#300,#10027,#10028);
#10027=DIRECTION('',(0,1,0));
#10028=DIRECTION('',(0.0766957939133927,0,0.9970545397298959));
#10029=FACE_BOUND('',#10030,.T.);
#10030=EDGE_LOOP('',(#10031,#10032,#10033));
#10031=ORIENTED_EDGE('',*,*,#10034,.T.);
#10032=ORIENTED_EDGE('',*,*,#10035,.T.);
#10033=ORIENTED_EDGE('',*,*,#10036,.T.);
#10034=EDGE_CURVE('',#301,#611,#10037,.F.);
#10035=EDGE_CURVE('',#611,#601,#10038,.T.);
#10036=EDGE_CURVE('',#601,#301,#10039,.T.);
#10037=LINE('',#300,#10040);
#10038=LINE('',#610,#10041);
#10039=LINE('',#600,#10042);
#10040=VECTOR('',#10043,1.0);
#10041=VECTOR('',#10044,1.0);
#10042=VECTOR('',#10045,1.0);
#10043=DIRECTION('',(0.0766957939133927,0,0.9970545397298959));
#10044=DIRECTION('',(1,0,0));
#10045=DIRECTION('',(-0.7752905012599268,0,-0.6316048120907025));
#10046=FACE_SURFACE('',(#10051),#10047,.T.);
#10047=PLANE('',#10048);
#10048=AXIS2_PLACEMENT_3D('',#300,#10049,#10050);
#10049=DIRECTION('',(0,1,0));
#10050=DIRECTION('',(0.7752905012599268,0,0.6316048120907025));
#10051=FACE_BOUND('',#10052,.T.);
#10052=EDGE_LOOP('',(#10053,#10054,#10055));
#10053=ORIENTED_EDGE('',*,*,#10056,.T.);
#10054=ORIENTED_EDGE('',*,*,#10057,.T.);
#10055=ORIENTED_EDGE('',*,*,#10058,.T.);
#10056=EDGE_CURVE('',#301,#601,#10059,.F.);
#10057=EDGE_CURVE('',#601,#119,#10060,.T.);
#10058=EDGE_CURVE('',#119,#301,#10061,.T.);
#10059=LINE('',#300,#10062);
#10060=LINE('',#600,#10063);
#10061=LINE('',#118,#10064);
#10062=VECTOR('',#10065,1.0);
#10063=VECTOR('',#10066,1.0);
#10064=VECTOR('',#10067,1.0);
#10065=DIRECTION('',(0.7752905012599268,0,0.6316048120907025));
#10066=DIRECTION('',(-0.0766957939133927,0,-0.9970545397298959));
#10067=DIRECTION('',(-1,0,0));
#10068=FACE_SURFACE('',(#10073),#10069,.T.);
#10069=PLANE('',#10070);
#10070=AXIS2_PLACEMENT_3D('',#322,#10071,#10072);
#10071=DIRECTION('',(0,-1,0));
#10072=DIRECTION('',(0.0766957939133927,0,0.9970545397298959));
#10073=FACE_BOUND('',#10074,.T.);
#10074=EDGE_LOOP('',(#10075,#10076,#10077));
#10075=ORIENTED_EDGE('',*,*,#10078,.T.);
#10076=ORIENTED_EDGE('',*,*,#10079,.T.);
#10077=ORIENTED_EDGE('',*,*,#10080,.T.);
#10078=EDGE_CURVE('',#323,#561,#10081,.F.);
#10079=EDGE_CURVE('',#561,#647,#10082,.T.);
#10080=EDGE_CURVE('',#647,#323,#10083,.T.);
#10081=LINE('',#322,#10084);
#10082=LINE('',#560,#10085);
#10083=LINE('',#646,#10086);
#10084=VECTOR('',#10087,1.0);
#10085=VECTOR('',#10088,1.0);
#10086=VECTOR('',#10089,1.0);
#10087=DIRECTION('',(0.0766957939133927,0,0.9970545397298959));
#10088=DIRECTION('',(-1,0,0));
#10089=DIRECTION('',(0.7162790553423374,0,-0.6978139543444863));
#10090=FACE_SURFACE('',(#10095),#10091,.T.);
#10091=PLANE('',#10092);
#10092=AXIS2_PLACEMENT_3D('',#322,#10093,#10094);
#10093=DIRECTION('',(0,-1,0));
#10094=DIRECTION('',(-0.7162790553423374,0,0.6978139543444863));
#10095=FACE_BOUND('',#10096,.T.);
#10096=EDGE_LOOP('',(#10097,#10098,#10099));
#10097=ORIENTED_EDGE('',*,*,#10100,.T.);
#10098=ORIENTED_EDGE('',*,*,#10101,.T.);
#10099=ORIENTED_EDGE('',*,*,#10102,.T.);
#10100=EDGE_CURVE('',#323,#647,#10103,.F.);
#10101=EDGE_CURVE('',#647,#317,#10104,.T.);
#10102=EDGE_CURVE('',#317,#323,#10105,.T.);
#10103=LINE('',#322,#10106);
#10104=LINE('',#646,#10107);
#10105=LINE('',#316,#10108);
#10106=VECTOR('',#10109,1.0);
#10107=VECTOR('',#10110,1.0);
#10108=VECTOR('',#10111,1.0);
#10109=DIRECTION('',(-0.7162790553423374,0,0.6978139543444863));
#10110=DIRECTION('',(-0.0766957939133927,0,-0.9970545397298959));
#10111=DIRECTION('',(1,0,0));
#10112=FACE_SURFACE('',(#10117),#10113,.T.);
#10113=PLANE('',#10114);
#10114=AXIS2_PLACEMENT_3D('',#122,#10115,#10116);
#10115=DIRECTION('',(0,-1,0));
#10116=DIRECTION('',(0.0766957939133927,0,0.9970545397298959));
#10117=FACE_BOUND('',#10118,.T.);
#10118=EDGE_LOOP('',(#10119,#10120,#10121));
#10119=ORIENTED_EDGE('',*,*,#10122,.T.);
#10120=ORIENTED_EDGE('',*,*,#10123,.T.);
#10121=ORIENTED_EDGE('',*,*,#10124,.T.);
#10122=EDGE_CURVE('',#123,#559,#10125,.F.);
#10123=EDGE_CURVE('',#559,#509,#10126,.T.);
#10124=EDGE_CURVE('',#509,#123,#10127,.T.);
#10125=LINE('',#122,#10128);
#10126=LINE('',#558,#10129);
#10127=LINE('',#508,#10130);
#10128=VECTOR('',#10131,1.0);
#10129=VECTOR('',#10132,1.0);
#10130=VECTOR('',#10133,1.0);
#10131=DIRECTION('',(0.0766957939133927,0,0.9970545397298959));
#10132=DIRECTION('',(-1,0,0));
#10133=DIRECTION('',(0.9772101650260809,0,-0.21227409962051305));
#10134=FACE_SURFACE('',(#10139),#10135,.T.);
#10135=PLANE('',#10136);
#10136=AXIS2_PLACEMENT_3D('',#122,#10137,#10138);
#10137=DIRECTION('',(0,-1,0));
#10138=DIRECTION('',(-0.9772101650260809,0,0.21227409962051305));
#10139=FACE_BOUND('',#10140,.T.);
#10140=EDGE_LOOP('',(#10141,#10142,#10143));
#10141=ORIENTED_EDGE('',*,*,#10144,.T.);
#10142=ORIENTED_EDGE('',*,*,#10145,.T.);
#10143=ORIENTED_EDGE('',*,*,#10146,.T.);
#10144=EDGE_CURVE('',#123,#509,#10147,.F.);
#10145=EDGE_CURVE('',#509,#125,#10148,.T.);
#10146=EDGE_CURVE('',#125,#123,#10149,.T.);
#10147=LINE('',#122,#10150);
#10148=LINE('',#508,#10151);
#10149=LINE('',#124,#10152);
#10150=VECTOR('',#10153,1.0);
#10151=VECTOR('',#10154,1.0);
#10152=VECTOR('',#10155,1.0);
#10153=DIRECTION('',(-0.9772101650260809,0,0.21227409962051305));
#10154=DIRECTION('',(-0.0766957939133927,0,-0.9970545397298959));
#10155=DIRECTION('',(1,0,0));
#10156=FACE_SURFACE('',(#10161),#10157,.T.);
#10157=PLANE('',#10158);
#10158=AXIS2_PLACEMENT_3D('',#368,#10159,#10160);
#10159=DIRECTION('',(-0.9970545397298959,0,0.0766957939133927));
#10160=DIRECTION('',(0.0766957939133927,0,0.9970545397298959));
#10161=FACE_BOUND('',#10162,.T.);
#10162=EDGE_LOOP('',(#10163,#10164,#10165));
#10163=ORIENTED_EDGE('',*,*,#10166,.T.);
#10164=ORIENTED_EDGE('',*,*,#10167,.T.);
#10165=ORIENTED_EDGE('',*,*,#10168,.T.);
#10166=EDGE_CURVE('',#369,#649,#10169,.F.);
#10167=EDGE_CURVE('',#649,#651,#10170,.T.);
#10168=EDGE_CURVE('',#651,#369,#10171,.T.);
#10169=LINE('',#368,#10172);
#10170=LINE('',#648,#10173);
#10171=LINE('',#650,#10174);
#10172=VECTOR('',#10175,1.0);
#10173=VECTOR('',#10176,1.0);
#10174=VECTOR('',#10177,1.0);
#10175=DIRECTION('',(0.0766957939133927,0,0.9970545397298959));
#10176=DIRECTION('',(0,1,0));
#10177=DIRECTION('',(-0.05039641470241087,-0.7538078654674061,-0.6551594487944257));
#10178=FACE_SURFACE('',(#10183),#10179,.T.);
#10179=PLANE('',#10180);
#10180=AXIS2_PLACEMENT_3D('',#368,#10181,#10182);
#10181=DIRECTION('',(-0.9970545397298959,0,0.0766957939133927));
#10182=DIRECTION('',(0.05039641470241087,0.7538078654674061,0.6551594487944257));
#10183=FACE_BOUND('',#10184,.T.);
#10184=EDGE_LOOP('',(#10185,#10186,#10187));
#10185=ORIENTED_EDGE('',*,*,#10188,.T.);
#10186=ORIENTED_EDGE('',*,*,#10189,.T.);
#10187=ORIENTED_EDGE('',*,*,#10190,.T.);
#10188=EDGE_CURVE('',#369,#651,#10191,.F.);
#10189=EDGE_CURVE('',#651,#95,#10192,.T.);
#10190=EDGE_CURVE('',#95,#369,#10193,.T.);
#10191=LINE('',#368,#10194);
#10192=LINE('',#650,#10195);
#10193=LINE('',#94,#10196);
#10194=VECTOR('',#10197,1.0);
#10195=VECTOR('',#10198,1.0);
#10196=VECTOR('',#10199,1.0);
#10197=DIRECTION('',(0.05039641470241087,0.7538078654674061,0.6551594487944257));
#10198=DIRECTION('',(-0.0766957939133927,0,-0.9970545397298959));
#10199=DIRECTION('',(0,-1,0));
#10200=FACE_SURFACE('',(#10205),#10201,.T.);
#10201=PLANE('',#10202);
#10202=AXIS2_PLACEMENT_3D('',#204,#10203,#10204);
#10203=DIRECTION('',(-0.9970545397298959,0,0.0766957939133927));
#10204=DIRECTION('',(0.0766957939133927,0,0.9970545397298959));
#10205=FACE_BOUND('',#10206,.T.);
#10206=EDGE_LOOP('',(#10207,#10208,#10209));
#10207=ORIENTED_EDGE('',*,*,#10210,.T.);
#10208=ORIENTED_EDGE('',*,*,#10211,.T.);
#10209=ORIENTED_EDGE('',*,*,#10212,.T.);
#10210=EDGE_CURVE('',#205,#653,#10213,.F.);
#10211=EDGE_CURVE('',#653,#649,#10214,.T.);
#10212=EDGE_CURVE('',#649,#205,#10215,.T.);
#10213=LINE('',#204,#10216);
#10214=LINE('',#652,#10217);
#10215=LINE('',#648,#10218);
#10216=VECTOR('',#10219,1.0);
#10217=VECTOR('',#10220,1.0);
#10218=VECTOR('',#10221,1.0);
#10219=DIRECTION('',(0.0766957939133927,0,0.9970545397298959));
#10220=DIRECTION('',(0,1,0));
#10221=DIRECTION('',(-0.020962026560739932,-0.9619248993432166,-0.27250886493105037));
#10222=FACE_SURFACE('',(#10227),#10223,.T.);
#10223=PLANE('',#10224);
#10224=AXIS2_PLACEMENT_3D('',#204,#10225,#10226);
#10225=DIRECTION('',(-0.9970545397298959,0,0.0766957939133927));
#10226=DIRECTION('',(0.020962026560739932,0.9619248993432166,0.27250886493105037));
#10227=FACE_BOUND('',#10228,.T.);
#10228=EDGE_LOOP('',(#10229,#10230,#10231));
#10229=ORIENTED_EDGE('',*,*,#10232,.T.);
#10230=ORIENTED_EDGE('',*,*,#10233,.T.);
#10231=ORIENTED_EDGE('',*,*,#10234,.T.);
#10232=EDGE_CURVE('',#205,#649,#10235,.F.);
#10233=EDGE_CURVE('',#649,#369,#10236,.T.);
#10234=EDGE_CURVE('',#369,#205,#10237,.T.);
#10235=LINE('',#204,#10238);
#10236=LINE('',#648,#10239);
#10237=LINE('',#368,#10240);
#10238=VECTOR('',#10241,1.0);
#10239=VECTOR('',#10242,1.0);
#10240=VECTOR('',#10243,1.0);
#10241=DIRECTION('',(0.020962026560739932,0.9619248993432166,0.27250886493105037));
#10242=DIRECTION('',(-0.0766957939133927,0,-0.9970545397298959));
#10243=DIRECTION('',(0,-1,0));
#10244=FACE_SURFACE('',(#10249),#10245,.T.);
#10245=PLANE('',#10246);
#10246=AXIS2_PLACEMENT_3D('',#200,#10247,#10248);
#10247=DIRECTION('',(0,1,0));
#10248=DIRECTION('',(0.0766957939133927,0,0.9970545397298959));
#10249=FACE_BOUND('',#10250,.T.);
#10250=EDGE_LOOP('',(#10251,#10252,#10253));
#10251=ORIENTED_EDGE('',*,*,#10254,.T.);
#10252=ORIENTED_EDGE('',*,*,#10255,.T.);
#10253=ORIENTED_EDGE('',*,*,#10256,.T.);
#10254=EDGE_CURVE('',#201,#655,#10257,.F.);
#10255=EDGE_CURVE('',#655,#629,#10258,.T.);
#10256=EDGE_CURVE('',#629,#201,#10259,.T.);
#10257=LINE('',#200,#10260);
#10258=LINE('',#654,#10261);
#10259=LINE('',#628,#10262);
#10260=VECTOR('',#10263,1.0);
#10261=VECTOR('',#10264,1.0);
#10262=VECTOR('',#10265,1.0);
#10263=DIRECTION('',(0.0766957939133927,0,0.9970545397298959));
#10264=DIRECTION('',(1,0,0));
#10265=DIRECTION('',(-0.9786141190122578,0,-0.2057046573849569));
#10266=FACE_SURFACE('',(#10271),#10267,.T.);
#10267=PLANE('',#10268);
#10268=AXIS2_PLACEMENT_3D('',#200,#10269,#10270);
#10269=DIRECTION('',(0,1,0));
#10270=DIRECTION('',(0.9786141190122578,0,0.2057046573849569));
#10271=FACE_BOUND('',#10272,.T.);
#10272=EDGE_LOOP('',(#10273,#10274,#10275));
#10273=ORIENTED_EDGE('',*,*,#10276,.T.);
#10274=ORIENTED_EDGE('',*,*,#10277,.T.);
#10275=ORIENTED_EDGE('',*,*,#10278,.T.);
#10276=EDGE_CURVE('',#201,#629,#10279,.F.);
#10277=EDGE_CURVE('',#629,#195,#10280,.T.);
#10278=EDGE_CURVE('',#195,#201,#10281,.T.);
#10279=LINE('',#200,#10282);
#10280=LINE('',#628,#10283);
#10281=LINE('',#194,#10284);
#10282=VECTOR('',#10285,1.0);
#10283=VECTOR('',#10286,1.0);
#10284=VECTOR('',#10287,1.0);
#10285=DIRECTION('',(0.9786141190122578,0,0.2057046573849569));
#10286=DIRECTION('',(-0.0766957939133927,0,-0.9970545397298959));
#10287=DIRECTION('',(-1,0,0));
#10288=FACE_SURFACE('',(#10293),#10289,.T.);
#10289=PLANE('',#10290);
#10290=AXIS2_PLACEMENT_3D('',#44,#10291,#10292);
#10291=DIRECTION('',(0.9970545397298958,0,-0.07669579391339269));
#10292=DIRECTION('',(0.0766957939133927,0,0.9970545397298959));
#10293=FACE_BOUND('',#10294,.T.);
#10294=EDGE_LOOP('',(#10295,#10296,#10297));
#10295=ORIENTED_EDGE('',*,*,#10298,.T.);
#10296=ORIENTED_EDGE('',*,*,#10299,.T.);
#10297=ORIENTED_EDGE('',*,*,#10300,.T.);
#10298=EDGE_CURVE('',#45,#409,#10301,.F.);
#10299=EDGE_CURVE('',#409,#645,#10302,.T.);
#10300=EDGE_CURVE('',#645,#45,#10303,.T.);
#10301=LINE('',#44,#10304);
#10302=LINE('',#408,#10305);
#10303=LINE('',#644,#10306);
#10304=VECTOR('',#10307,1.0);
#10305=VECTOR('',#10308,1.0);
#10306=VECTOR('',#10309,1.0);
#10307=DIRECTION('',(0.0766957939133927,0,0.9970545397298959));
#10308=DIRECTION('',(0,-1,0));
#10309=DIRECTION('',(-0.047045062734351294,0.7897737875084138,-0.6115914703762111));
#10310=FACE_SURFACE('',(#10315),#10311,.T.);
#10311=PLANE('',#10312);
#10312=AXIS2_PLACEMENT_3D('',#44,#10313,#10314);
#10313=DIRECTION('',(0.9970545397298958,0,-0.07669579391339269));
#10314=DIRECTION('',(0.047045062734351294,-0.7897737875084138,0.6115914703762111));
#10315=FACE_BOUND('',#10316,.T.);
#10316=EDGE_LOOP('',(#10317,#10318,#10319));
#10317=ORIENTED_EDGE('',*,*,#10320,.T.);
#10318=ORIENTED_EDGE('',*,*,#10321,.T.);
#10319=ORIENTED_EDGE('',*,*,#10322,.T.);
#10320=EDGE_CURVE('',#45,#645,#10323,.F.);
#10321=EDGE_CURVE('',#645,#143,#10324,.T.);
#10322=EDGE_CURVE('',#143,#45,#10325,.T.);
#10323=LINE('',#44,#10326);
#10324=LINE('',#644,#10327);
#10325=LINE('',#142,#10328);
#10326=VECTOR('',#10329,1.0);
#10327=VECTOR('',#10330,1.0);
#10328=VECTOR('',#10331,1.0);
#10329=DIRECTION('',(0.047045062734351294,-0.7897737875084138,0.6115914703762111));
#10330=DIRECTION('',(-0.0766957939133927,0,-0.9970545397298959));
#10331=DIRECTION('',(0,1,0));
#10332=FACE_SURFACE('',(#10337),#10333,.T.);
#10333=PLANE('',#10334);
#10334=AXIS2_PLACEMENT_3D('',#40,#10335,#10336);
#10335=DIRECTION('',(0,1,0));
#10336=DIRECTION('',(0.0766957939133927,0,0.9970545397298959));
#10337=FACE_BOUND('',#10338,.T.);
#10338=EDGE_LOOP('',(#10339,#10340,#10341));
#10339=ORIENTED_EDGE('',*,*,#10342,.T.);
#10340=ORIENTED_EDGE('',*,*,#10343,.T.);
#10341=ORIENTED_EDGE('',*,*,#10344,.T.);
#10342=EDGE_CURVE('',#41,#479,#10345,.F.);
#10343=EDGE_CURVE('',#479,#657,#10346,.T.);
#10344=EDGE_CURVE('',#657,#41,#10347,.T.);
#10345=LINE('',#40,#10348);
#10346=LINE('',#478,#10349);
#10347=LINE('',#656,#10350);
#10348=VECTOR('',#10351,1.0);
#10349=VECTOR('',#10352,1.0);
#10350=VECTOR('',#10353,1.0);
#10351=DIRECTION('',(0.0766957939133927,0,0.9970545397298959));
#10352=DIRECTION('',(1,0,0));
#10353=DIRECTION('',(-0.9636480628681542,0,-0.26717486957132375));
#10354=FACE_SURFACE('',(#10359),#10355,.T.);
#10355=PLANE('',#10356);
#10356=AXIS2_PLACEMENT_3D('',#40,#10357,#10358);
#10357=DIRECTION('',(0,1,0));
#10358=DIRECTION('',(0.9636480628681542,0,0.26717486957132375));
#10359=FACE_BOUND('',#10360,.T.);
#10360=EDGE_LOOP('',(#10361,#10362,#10363));
#10361=ORIENTED_EDGE('',*,*,#10364,.T.);
#10362=ORIENTED_EDGE('',*,*,#10365,.T.);
#10363=ORIENTED_EDGE('',*,*,#10366,.T.);
#10364=EDGE_CURVE('',#41,#657,#10367,.F.);
#10365=EDGE_CURVE('',#657,#165,#10368,.T.);
#10366=EDGE_CURVE('',#165,#41,#10369,.T.);
#10367=LINE('',#40,#10370);
#10368=LINE('',#656,#10371);
#10369=LINE('',#164,#10372);
#10370=VECTOR('',#10373,1.0);
#10371=VECTOR('',#10374,1.0);
#10372=VECTOR('',#10375,1.0);
#10373=DIRECTION('',(0.9636480628681542,0,0.26717486957132375));
#10374=DIRECTION('',(-0.0766957939133927,0,-0.9970545397298959));
#10375=DIRECTION('',(-1,0,0));
#10376=FACE_SURFACE('',(#10381),#10377,.T.);
#10377=PLANE('',#10378);
#10378=AXIS2_PLACEMENT_3D('',#314,#10379,#10380);
#10379=DIRECTION('',(-0.9970545397298958,0,0.07669579391339269));
#10380=DIRECTION('',(0.0766957939133927,0,0.9970545397298959));
#10381=FACE_BOUND('',#10382,.T.);
#10382=EDGE_LOOP('',(#10383,#10384,#10385));
#10383=ORIENTED_EDGE('',*,*,#10386,.T.);
#10384=ORIENTED_EDGE('',*,*,#10387,.T.);
#10385=ORIENTED_EDGE('',*,*,#10388,.T.);
#10386=EDGE_CURVE('',#315,#659,#10389,.F.);
#10387=EDGE_CURVE('',#659,#621,#10390,.T.);
#10388=EDGE_CURVE('',#621,#315,#10391,.T.);
#10389=LINE('',#314,#10392);
#10390=LINE('',#658,#10393);
#10391=LINE('',#620,#10394);
#10392=VECTOR('',#10395,1.0);
#10393=VECTOR('',#10396,1.0);
#10394=VECTOR('',#10397,1.0);
#10395=DIRECTION('',(0.0766957939133927,0,0.9970545397298959));
#10396=DIRECTION('',(0,1,0));
#10397=DIRECTION('',(-0.07577192308565751,-0.15474728147651476,-0.9850441079198076));
#10398=FACE_SURFACE('',(#10403),#10399,.T.);
#10399=PLANE('',#10400);
#10400=AXIS2_PLACEMENT_3D('',#314,#10401,#10402);
#10401=DIRECTION('',(-0.9970545397298958,0,0.07669579391339269));
#10402=DIRECTION('',(0.07577192308565751,0.15474728147651476,0.9850441079198076));
#10403=FACE_BOUND('',#10404,.T.);
#10404=EDGE_LOOP('',(#10405,#10406,#10407));
#10405=ORIENTED_EDGE('',*,*,#10408,.T.);
#10406=ORIENTED_EDGE('',*,*,#10409,.T.);
#10407=ORIENTED_EDGE('',*,*,#10410,.T.);
#10408=EDGE_CURVE('',#315,#621,#10411,.F.);
#10409=EDGE_CURVE('',#621,#309,#10412,.T.);
#10410=EDGE_CURVE('',#309,#315,#10413,.T.);
#10411=LINE('',#314,#10414);
#10412=LINE('',#620,#10415);
#10413=LINE('',#308,#10416);
#10414=VECTOR('',#10417,1.0);
#10415=VECTOR('',#10418,1.0);
#10416=VECTOR('',#10419,1.0);
#10417=DIRECTION('',(0.07577192308565751,0.15474728147651476,0.9850441079198076));
#10418=DIRECTION('',(-0.0766957939133927,0,-0.9970545397298959));
#10419=DIRECTION('',(0,-1,0));
#10420=FACE_SURFACE('',(#10425),#10421,.T.);
#10421=PLANE('',#10422);
#10422=AXIS2_PLACEMENT_3D('',#292,#10423,#10424);
#10423=DIRECTION('',(0,1,0));
#10424=DIRECTION('',(0.0766957939133927,0,0.9970545397298959));
#10425=FACE_BOUND('',#10426,.T.);
#10426=EDGE_LOOP('',(#10427,#10428,#10429));
#10427=ORIENTED_EDGE('',*,*,#10430,.T.);
#10428=ORIENTED_EDGE('',*,*,#10431,.T.);
#10429=ORIENTED_EDGE('',*,*,#10432,.T.);
#10430=EDGE_CURVE('',#293,#661,#10433,.F.);
#10431=EDGE_CURVE('',#661,#663,#10434,.T.);
#10432=EDGE_CURVE('',#663,#293,#10435,.T.);
#10433=LINE('',#292,#10436);
#10434=LINE('',#660,#10437);
#10435=LINE('',#662,#10438);
#10436=VECTOR('',#10439,1.0);
#10437=VECTOR('',#10440,1.0);
#10438=VECTOR('',#10441,1.0);
#10439=DIRECTION('',(0.0766957939133927,0,0.9970545397298959));
#10440=DIRECTION('',(1,0,0));
#10441=DIRECTION('',(-0.7563141664265398,0,-0.6542085918592999));
#10442=FACE_SURFACE('',(#10447),#10443,.T.);
#10443=PLANE('',#10444);
#10444=AXIS2_PLACEMENT_3D('',#292,#10445,#10446);
#10445=DIRECTION('',(0,1,0));
#10446=DIRECTION('',(0.7563141664265398,0,0.6542085918592999));
#10447=FACE_BOUND('',#10448,.T.);
#10448=EDGE_LOOP('',(#10449,#10450,#10451));
#10449=ORIENTED_EDGE('',*,*,#10452,.T.);
#10450=ORIENTED_EDGE('',*,*,#10453,.T.);
#10451=ORIENTED_EDGE('',*,*,#10454,.T.);
#10452=EDGE_CURVE('',#293,#663,#10455,.F.);
#10453=EDGE_CURVE('',#663,#295,#10456,.T.);
#10454=EDGE_CURVE('',#295,#293,#10457,.T.);
#10455=LINE('',#292,#10458);
#10456=LINE('',#662,#10459);
#10457=LINE('',#294,#10460);
#10458=VECTOR('',#10461,1.0);
#10459=VECTOR('',#10462,1.0);
#10460=VECTOR('',#10463,1.0);
#10461=DIRECTION('',(0.7563141664265398,0,0.6542085918592999));
#10462=DIRECTION('',(-0.0766957939133927,0,-0.9970545397298959));
#10463=DIRECTION('',(-1,0,0));
#10464=FACE_SURFACE('',(#10469),#10465,.T.);
#10465=PLANE('',#10466);
#10466=AXIS2_PLACEMENT_3D('',#296,#10467,#10468);
#10467=DIRECTION('',(0.9970545397298959,0,-0.0766957939133927));
#10468=DIRECTION('',(0.0766957939133927,0,0.9970545397298959));
#10469=FACE_BOUND('',#10470,.T.);
#10470=EDGE_LOOP('',(#10471,#10472,#10473));
#10471=ORIENTED_EDGE('',*,*,#10474,.T.);
#10472=ORIENTED_EDGE('',*,*,#10475,.T.);
#10473=ORIENTED_EDGE('',*,*,#10476,.T.);
#10474=EDGE_CURVE('',#297,#665,#10477,.F.);
#10475=EDGE_CURVE('',#665,#585,#10478,.T.);
#10476=EDGE_CURVE('',#585,#297,#10479,.T.);
#10477=LINE('',#296,#10480);
#10478=LINE('',#664,#10481);
#10479=LINE('',#584,#10482);
#10480=VECTOR('',#10483,1.0);
#10481=VECTOR('',#10484,1.0);
#10482=VECTOR('',#10485,1.0);
#10483=DIRECTION('',(0.0766957939133927,0,0.9970545397298959));
#10484=DIRECTION('',(0,-1,0));
#10485=DIRECTION('',(-0.01606998465957085,0.9778024564020971,-0.20891173219105313));
#10486=FACE_SURFACE('',(#10491),#10487,.T.);
#10487=PLANE('',#10488);
#10488=AXIS2_PLACEMENT_3D('',#296,#10489,#10490);
#10489=DIRECTION('',(0.9970545397298959,0,-0.0766957939133927));
#10490=DIRECTION('',(0.01606998465957085,-0.9778024564020971,0.20891173219105313));
#10491=FACE_BOUND('',#10492,.T.);
#10492=EDGE_LOOP('',(#10493,#10494,#10495));
#10493=ORIENTED_EDGE('',*,*,#10496,.T.);
#10494=ORIENTED_EDGE('',*,*,#10497,.T.);
#10495=ORIENTED_EDGE('',*,*,#10498,.T.);
#10496=EDGE_CURVE('',#297,#585,#10499,.F.);
#10497=EDGE_CURVE('',#585,#137,#10500,.T.);
#10498=EDGE_CURVE('',#137,#297,#10501,.T.);
#10499=LINE('',#296,#10502);
#10500=LINE('',#584,#10503);
#10501=LINE('',#136,#10504);
#10502=VECTOR('',#10505,1.0);
#10503=VECTOR('',#10506,1.0);
#10504=VECTOR('',#10507,1.0);
#10505=DIRECTION('',(0.01606998465957085,-0.9778024564020971,0.20891173219105313));
#10506=DIRECTION('',(-0.0766957939133927,0,-0.9970545397298959));
#10507=DIRECTION('',(0,1,0));
#10508=FACE_SURFACE('',(#10513),#10509,.T.);
#10509=PLANE('',#10510);
#10510=AXIS2_PLACEMENT_3D('',#210,#10511,#10512);
#10511=DIRECTION('',(0,-1,0));
#10512=DIRECTION('',(0.0766957939133927,0,0.9970545397298959));
#10513=FACE_BOUND('',#10514,.T.);
#10514=EDGE_LOOP('',(#10515,#10516,#10517));
#10515=ORIENTED_EDGE('',*,*,#10518,.T.);
#10516=ORIENTED_EDGE('',*,*,#10519,.T.);
#10517=ORIENTED_EDGE('',*,*,#10520,.T.);
#10518=EDGE_CURVE('',#211,#667,#10521,.F.);
#10519=EDGE_CURVE('',#667,#477,#10522,.T.);
#10520=EDGE_CURVE('',#477,#211,#10523,.T.);
#10521=LINE('',#210,#10524);
#10522=LINE('',#666,#10525);
#10523=LINE('',#476,#10526);
#10524=VECTOR('',#10527,1.0);
#10525=VECTOR('',#10528,1.0);
#10526=VECTOR('',#10529,1.0);
#10527=DIRECTION('',(0.0766957939133927,0,0.9970545397298959));
#10528=DIRECTION('',(-1,0,0));
#10529=DIRECTION('',(0.9772101894233253,0,-0.2122739873070388));
#10530=FACE_SURFACE('',(#10535),#10531,.T.);
#10531=PLANE('',#10532);
#10532=AXIS2_PLACEMENT_3D('',#210,#10533,#10534);
#10533=DIRECTION('',(0,-1,0));
#10534=DIRECTION('',(-0.9772101894233253,0,0.2122739873070388));
#10535=FACE_BOUND('',#10536,.T.);
#10536=EDGE_LOOP('',(#10537,#10538,#10539));
#10537=ORIENTED_EDGE('',*,*,#10540,.T.);
#10538=ORIENTED_EDGE('',*,*,#10541,.T.);
#10539=ORIENTED_EDGE('',*,*,#10542,.T.);
#10540=EDGE_CURVE('',#211,#477,#10543,.F.);
#10541=EDGE_CURVE('',#477,#39,#10544,.T.);
#10542=EDGE_CURVE('',#39,#211,#10545,.T.);
#10543=LINE('',#210,#10546);
#10544=LINE('',#476,#10547);
#10545=LINE('',#38,#10548);
#10546=VECTOR('',#10549,1.0);
#10547=VECTOR('',#10550,1.0);
#10548=VECTOR('',#10551,1.0);
#10549=DIRECTION('',(-0.9772101894233253,0,0.2122739873070388));
#10550=DIRECTION('',(-0.0766957939133927,0,-0.9970545397298959));
#10551=DIRECTION('',(1,0,0));
#10552=FACE_SURFACE('',(#10557),#10553,.T.);
#10553=PLANE('',#10554);
#10554=AXIS2_PLACEMENT_3D('',#312,#10555,#10556);
#10555=DIRECTION('',(0,-1,0));
#10556=DIRECTION('',(0.0766957939133927,0,0.9970545397298959));
#10557=FACE_BOUND('',#10558,.T.);
#10558=EDGE_LOOP('',(#10559,#10560,#10561));
#10559=ORIENTED_EDGE('',*,*,#10562,.T.);
#10560=ORIENTED_EDGE('',*,*,#10563,.T.);
#10561=ORIENTED_EDGE('',*,*,#10564,.T.);
#10562=EDGE_CURVE('',#313,#669,#10565,.F.);
#10563=EDGE_CURVE('',#669,#659,#10566,.T.);
#10564=EDGE_CURVE('',#659,#313,#10567,.T.);
#10565=LINE('',#312,#10568);
#10566=LINE('',#668,#10569);
#10567=LINE('',#658,#10570);
#10568=VECTOR('',#10571,1.0);
#10569=VECTOR('',#10572,1.0);
#10570=VECTOR('',#10573,1.0);
#10571=DIRECTION('',(0.0766957939133927,0,0.9970545397298959));
#10572=DIRECTION('',(-1,0,0));
#10573=DIRECTION('',(0.595995572111629,0,-0.8029877197213741));
#10574=FACE_SURFACE('',(#10579),#10575,.T.);
#10575=PLANE('',#10576);
#10576=AXIS2_PLACEMENT_3D('',#312,#10577,#10578);
#10577=DIRECTION('',(0,-1,0));
#10578=DIRECTION('',(-0.595995572111629,0,0.8029877197213741));
#10579=FACE_BOUND('',#10580,.T.);
#10580=EDGE_LOOP('',(#10581,#10582,#10583));
#10581=ORIENTED_EDGE('',*,*,#10584,.T.);
#10582=ORIENTED_EDGE('',*,*,#10585,.T.);
#10583=ORIENTED_EDGE('',*,*,#10586,.T.);
#10584=EDGE_CURVE('',#313,#659,#10587,.F.);
#10585=EDGE_CURVE('',#659,#315,#10588,.T.);
#10586=EDGE_CURVE('',#315,#313,#10589,.T.);
#10587=LINE('',#312,#10590);
#10588=LINE('',#658,#10591);
#10589=LINE('',#314,#10592);
#10590=VECTOR('',#10593,1.0);
#10591=VECTOR('',#10594,1.0);
#10592=VECTOR('',#10595,1.0);
#10593=DIRECTION('',(-0.595995572111629,0,0.8029877197213741));
#10594=DIRECTION('',(-0.0766957939133927,0,-0.9970545397298959));
#10595=DIRECTION('',(1,0,0));
#10596=FACE_SURFACE('',(#10601),#10597,.T.);
#10597=PLANE('',#10598);
#10598=AXIS2_PLACEMENT_3D('',#94,#10599,#10600);
#10599=DIRECTION('',(0,-1,0));
#10600=DIRECTION('',(0.0766957939133927,0,0.9970545397298959));
#10601=FACE_BOUND('',#10602,.T.);
#10602=EDGE_LOOP('',(#10603,#10604,#10605));
#10603=ORIENTED_EDGE('',*,*,#10606,.T.);
#10604=ORIENTED_EDGE('',*,*,#10607,.T.);
#10605=ORIENTED_EDGE('',*,*,#10608,.T.);
#10606=EDGE_CURVE('',#95,#651,#10609,.F.);
#10607=EDGE_CURVE('',#651,#617,#10610,.T.);
#10608=EDGE_CURVE('',#617,#95,#10611,.T.);
#10609=LINE('',#94,#10612);
#10610=LINE('',#650,#10613);
#10611=LINE('',#616,#10614);
#10612=VECTOR('',#10615,1.0);
#10613=VECTOR('',#10616,1.0);
#10614=VECTOR('',#10617,1.0);
#10615=DIRECTION('',(0.0766957939133927,0,0.9970545397298959));
#10616=DIRECTION('',(-1,0,0));
#10617=DIRECTION('',(0.9772101650260809,0,-0.21227409962051305));
#10618=FACE_SURFACE('',(#10623),#10619,.T.);
#10619=PLANE('',#10620);
#10620=AXIS2_PLACEMENT_3D('',#94,#10621,#10622);
#10621=DIRECTION('',(0,-1,0));
#10622=DIRECTION('',(-0.9772101650260809,0,0.21227409962051305));
#10623=FACE_BOUND('',#10624,.T.);
#10624=EDGE_LOOP('',(#10625,#10626,#10627));
#10625=ORIENTED_EDGE('',*,*,#10628,.T.);
#10626=ORIENTED_EDGE('',*,*,#10629,.T.);
#10627=ORIENTED_EDGE('',*,*,#10630,.T.);
#10628=EDGE_CURVE('',#95,#617,#10631,.F.);
#10629=EDGE_CURVE('',#617,#103,#10632,.T.);
#10630=EDGE_CURVE('',#103,#95,#10633,.T.);
#10631=LINE('',#94,#10634);
#10632=LINE('',#616,#10635);
#10633=LINE('',#102,#10636);
#10634=VECTOR('',#10637,1.0);
#10635=VECTOR('',#10638,1.0);
#10636=VECTOR('',#10639,1.0);
#10637=DIRECTION('',(-0.9772101650260809,0,0.21227409962051305));
#10638=DIRECTION('',(-0.0766957939133927,0,-0.9970545397298959));
#10639=DIRECTION('',(1,0,0));
#10640=FACE_SURFACE('',(#10645),#10641,.T.);
#10641=PLANE('',#10642);
#10642=AXIS2_PLACEMENT_3D('',#164,#10643,#10644);
#10643=DIRECTION('',(0,1,0));
#10644=DIRECTION('',(0.0766957939133927,0,0.9970545397298959));
#10645=FACE_BOUND('',#10646,.T.);
#10646=EDGE_LOOP('',(#10647,#10648,#10649));
#10647=ORIENTED_EDGE('',*,*,#10650,.T.);
#10648=ORIENTED_EDGE('',*,*,#10651,.T.);
#10649=ORIENTED_EDGE('',*,*,#10652,.T.);
#10650=EDGE_CURVE('',#165,#657,#10653,.F.);
#10651=EDGE_CURVE('',#657,#671,#10654,.T.);
#10652=EDGE_CURVE('',#671,#165,#10655,.T.);
#10653=LINE('',#164,#10656);
#10654=LINE('',#656,#10657);
#10655=LINE('',#670,#10658);
#10656=VECTOR('',#10659,1.0);
#10657=VECTOR('',#10660,1.0);
#10658=VECTOR('',#10661,1.0);
#10659=DIRECTION('',(0.0766957939133927,0,0.9970545397298959));
#10660=DIRECTION('',(1,0,0));
#10661=DIRECTION('',(-0.7752905012599268,0,-0.6316048120907025));
#10662=FACE_SURFACE('',(#10667),#10663,.T.);
#10663=PLANE('',#10664);
#10664=AXIS2_PLACEMENT_3D('',#164,#10665,#10666);
#10665=DIRECTION('',(0,1,0));
#10666=DIRECTION('',(0.7752905012599268,0,0.6316048120907025));
#10667=FACE_BOUND('',#10668,.T.);
#10668=EDGE_LOOP('',(#10669,#10670,#10671));
#10669=ORIENTED_EDGE('',*,*,#10672,.T.);
#10670=ORIENTED_EDGE('',*,*,#10673,.T.);
#10671=ORIENTED_EDGE('',*,*,#10674,.T.);
#10672=EDGE_CURVE('',#165,#671,#10675,.F.);
#10673=EDGE_CURVE('',#671,#47,#10676,.T.);
#10674=EDGE_CURVE('',#47,#165,#10677,.T.);
#10675=LINE('',#164,#10678);
#10676=LINE('',#670,#10679);
#10677=LINE('',#46,#10680);
#10678=VECTOR('',#10681,1.0);
#10679=VECTOR('',#10682,1.0);
#10680=VECTOR('',#10683,1.0);
#10681=DIRECTION('',(0.7752905012599268,0,0.6316048120907025));
#10682=DIRECTION('',(-0.0766957939133927,0,-0.9970545397298959));
#10683=DIRECTION('',(-1,0,0));
#10684=FACE_SURFACE('',(#10689),#10685,.T.);
#10685=PLANE('',#10686);
#10686=AXIS2_PLACEMENT_3D('',#290,#10687,#10688);
#10687=DIRECTION('',(-0.9970545397298957,0,0.07669579391339269));
#10688=DIRECTION('',(0.0766957939133927,0,0.9970545397298959));
#10689=FACE_BOUND('',#10690,.T.);
#10690=EDGE_LOOP('',(#10691,#10692,#10693));
#10691=ORIENTED_EDGE('',*,*,#10694,.T.);
#10692=ORIENTED_EDGE('',*,*,#10695,.T.);
#10693=ORIENTED_EDGE('',*,*,#10696,.T.);
#10694=EDGE_CURVE('',#291,#513,#10697,.F.);
#10695=EDGE_CURVE('',#513,#661,#10698,.T.);
#10696=EDGE_CURVE('',#661,#291,#10699,.T.);
#10697=LINE('',#290,#10700);
#10698=LINE('',#512,#10701);
#10699=LINE('',#660,#10702);
#10700=VECTOR('',#10703,1.0);
#10701=VECTOR('',#10704,1.0);
#10702=VECTOR('',#10705,1.0);
#10703=DIRECTION('',(0.0766957939133927,0,0.9970545397298959));
#10704=DIRECTION('',(0,1,0));
#10705=DIRECTION('',(-0.07290593580093586,-0.31046184601987165,-0.9477859287259562));
#10706=FACE_SURFACE('',(#10711),#10707,.T.);
#10707=PLANE('',#10708);
#10708=AXIS2_PLACEMENT_3D('',#290,#10709,#10710);
#10709=DIRECTION('',(-0.9970545397298957,0,0.07669579391339269));
#10710=DIRECTION('',(0.07290593580093586,0.31046184601987165,0.9477859287259562));
#10711=FACE_BOUND('',#10712,.T.);
#10712=EDGE_LOOP('',(#10713,#10714,#10715));
#10713=ORIENTED_EDGE('',*,*,#10716,.T.);
#10714=ORIENTED_EDGE('',*,*,#10717,.T.);
#10715=ORIENTED_EDGE('',*,*,#10718,.T.);
#10716=EDGE_CURVE('',#291,#661,#10719,.F.);
#10717=EDGE_CURVE('',#661,#293,#10720,.T.);
#10718=EDGE_CURVE('',#293,#291,#10721,.T.);
#10719=LINE('',#290,#10722);
#10720=LINE('',#660,#10723);
#10721=LINE('',#292,#10724);
#10722=VECTOR('',#10725,1.0);
#10723=VECTOR('',#10726,1.0);
#10724=VECTOR('',#10727,1.0);
#10725=DIRECTION('',(0.07290593580093586,0.31046184601987165,0.9477859287259562));
#10726=DIRECTION('',(-0.0766957939133927,0,-0.9970545397298959));
#10727=DIRECTION('',(0,-1,0));
#10728=FACE_SURFACE('',(#10733),#10729,.T.);
#10729=PLANE('',#10730);
#10730=AXIS2_PLACEMENT_3D('',#54,#10731,#10732);
#10731=DIRECTION('',(-0.9970545397298959,0,0.0766957939133927));
#10732=DIRECTION('',(0.0766957939133927,0,0.9970545397298959));
#10733=FACE_BOUND('',#10734,.T.);
#10734=EDGE_LOOP('',(#10735,#10736,#10737));
#10735=ORIENTED_EDGE('',*,*,#10738,.T.);
#10736=ORIENTED_EDGE('',*,*,#10739,.T.);
#10737=ORIENTED_EDGE('',*,*,#10740,.T.);
#10738=EDGE_CURVE('',#55,#385,#10741,.F.);
#10739=EDGE_CURVE('',#385,#437,#10742,.T.);
#10740=EDGE_CURVE('',#437,#55,#10743,.T.);
#10741=LINE('',#54,#10744);
#10742=LINE('',#384,#10745);
#10743=LINE('',#436,#10746);
#10744=VECTOR('',#10747,1.0);
#10745=VECTOR('',#10748,1.0);
#10746=VECTOR('',#10749,1.0);
#10747=DIRECTION('',(0.0766957939133927,0,0.9970545397298959));
#10748=DIRECTION('',(0,1,0));
#10749=DIRECTION('',(-0.05039641470241087,-0.7538078654674061,-0.6551594487944257));
#10750=FACE_SURFACE('',(#10755),#10751,.T.);
#10751=PLANE('',#10752);
#10752=AXIS2_PLACEMENT_3D('',#54,#10753,#10754);
#10753=DIRECTION('',(-0.9970545397298959,0,0.0766957939133927));
#10754=DIRECTION('',(0.05039641470241087,0.7538078654674061,0.6551594487944257));
#10755=FACE_BOUND('',#10756,.T.);
#10756=EDGE_LOOP('',(#10757,#10758,#10759));
#10757=ORIENTED_EDGE('',*,*,#10760,.T.);
#10758=ORIENTED_EDGE('',*,*,#10761,.T.);
#10759=ORIENTED_EDGE('',*,*,#10762,.T.);
#10760=EDGE_CURVE('',#55,#437,#10763,.F.);
#10761=EDGE_CURVE('',#437,#57,#10764,.T.);
#10762=EDGE_CURVE('',#57,#55,#10765,.T.);
#10763=LINE('',#54,#10766);
#10764=LINE('',#436,#10767);
#10765=LINE('',#56,#10768);
#10766=VECTOR('',#10769,1.0);
#10767=VECTOR('',#10770,1.0);
#10768=VECTOR('',#10771,1.0);
#10769=DIRECTION('',(0.05039641470241087,0.7538078654674061,0.6551594487944257));
#10770=DIRECTION('',(-0.0766957939133927,0,-0.9970545397298959));
#10771=DIRECTION('',(0,-1,0));
#10772=FACE_SURFACE('',(#10777),#10773,.T.);
#10773=PLANE('',#10774);
#10774=AXIS2_PLACEMENT_3D('',#80,#10775,#10776);
#10775=DIRECTION('',(0,-1,0));
#10776=DIRECTION('',(0.0766957939133927,0,0.9970545397298959));
#10777=FACE_BOUND('',#10778,.T.);
#10778=EDGE_LOOP('',(#10779,#10780,#10781));
#10779=ORIENTED_EDGE('',*,*,#10782,.T.);
#10780=ORIENTED_EDGE('',*,*,#10783,.T.);
#10781=ORIENTED_EDGE('',*,*,#10784,.T.);
#10782=EDGE_CURVE('',#81,#467,#10785,.F.);
#10783=EDGE_CURVE('',#467,#643,#10786,.T.);
#10784=EDGE_CURVE('',#643,#81,#10787,.T.);
#10785=LINE('',#80,#10788);
#10786=LINE('',#466,#10789);
#10787=LINE('',#642,#10790);
#10788=VECTOR('',#10791,1.0);
#10789=VECTOR('',#10792,1.0);
#10790=VECTOR('',#10793,1.0);
#10791=DIRECTION('',(0.0766957939133927,0,0.9970545397298959));
#10792=DIRECTION('',(-1,0,0));
#10793=DIRECTION('',(0.9772102138205307,0,-0.2122738749936806));
#10794=FACE_SURFACE('',(#10799),#10795,.T.);
#10795=PLANE('',#10796);
#10796=AXIS2_PLACEMENT_3D('',#80,#10797,#10798);
#10797=DIRECTION('',(0,-1,0));
#10798=DIRECTION('',(-0.9772102138205307,0,0.2122738749936806));
#10799=FACE_BOUND('',#10800,.T.);
#10800=EDGE_LOOP('',(#10801,#10802,#10803));
#10801=ORIENTED_EDGE('',*,*,#10804,.T.);
#10802=ORIENTED_EDGE('',*,*,#10805,.T.);
#10803=ORIENTED_EDGE('',*,*,#10806,.T.);
#10804=EDGE_CURVE('',#81,#643,#10807,.F.);
#10805=EDGE_CURVE('',#643,#93,#10808,.T.);
#10806=EDGE_CURVE('',#93,#81,#10809,.T.);
#10807=LINE('',#80,#10810);
#10808=LINE('',#642,#10811);
#10809=LINE('',#92,#10812);
#10810=VECTOR('',#10813,1.0);
#10811=VECTOR('',#10814,1.0);
#10812=VECTOR('',#10815,1.0);
#10813=DIRECTION('',(-0.9772102138205307,0,0.2122738749936806));
#10814=DIRECTION('',(-0.0766957939133927,0,-0.9970545397298959));
#10815=DIRECTION('',(1,0,0));
#10816=FACE_SURFACE('',(#10821),#10817,.T.);
#10817=PLANE('',#10818);
#10818=AXIS2_PLACEMENT_3D('',#324,#10819,#10820);
#10819=DIRECTION('',(-0.9970545397298957,0,0.07669579391339269));
#10820=DIRECTION('',(0.0766957939133927,0,0.9970545397298959));
#10821=FACE_BOUND('',#10822,.T.);
#10822=EDGE_LOOP('',(#10823,#10824,#10825));
#10823=ORIENTED_EDGE('',*,*,#10826,.T.);
#10824=ORIENTED_EDGE('',*,*,#10827,.T.);
#10825=ORIENTED_EDGE('',*,*,#10828,.T.);
#10826=EDGE_CURVE('',#325,#445,#10829,.F.);
#10827=EDGE_CURVE('',#445,#673,#10830,.T.);
#10828=EDGE_CURVE('',#673,#325,#10831,.T.);
#10829=LINE('',#324,#10832);
#10830=LINE('',#444,#10833);
#10831=LINE('',#672,#10834);
#10832=VECTOR('',#10835,1.0);
#10833=VECTOR('',#10836,1.0);
#10834=VECTOR('',#10837,1.0);
#10835=DIRECTION('',(0.0766957939133927,0,0.9970545397298959));
#10836=DIRECTION('',(0,1,0));
#10837=DIRECTION('',(-0.07290593580093586,-0.31046184601987165,-0.9477859287259562));
#10838=FACE_SURFACE('',(#10843),#10839,.T.);
#10839=PLANE('',#10840);
#10840=AXIS2_PLACEMENT_3D('',#324,#10841,#10842);
#10841=DIRECTION('',(-0.9970545397298957,0,0.07669579391339269));
#10842=DIRECTION('',(0.07290593580093586,0.31046184601987165,0.9477859287259562));
#10843=FACE_BOUND('',#10844,.T.);
#10844=EDGE_LOOP('',(#10845,#10846,#10847));
#10845=ORIENTED_EDGE('',*,*,#10848,.T.);
#10846=ORIENTED_EDGE('',*,*,#10849,.T.);
#10847=ORIENTED_EDGE('',*,*,#10850,.T.);
#10848=EDGE_CURVE('',#325,#673,#10851,.F.);
#10849=EDGE_CURVE('',#673,#327,#10852,.T.);
#10850=EDGE_CURVE('',#327,#325,#10853,.T.);
#10851=LINE('',#324,#10854);
#10852=LINE('',#672,#10855);
#10853=LINE('',#326,#10856);
#10854=VECTOR('',#10857,1.0);
#10855=VECTOR('',#10858,1.0);
#10856=VECTOR('',#10859,1.0);
#10857=DIRECTION('',(0.07290593580093586,0.31046184601987165,0.9477859287259562));
#10858=DIRECTION('',(-0.0766957939133927,0,-0.9970545397298959));
#10859=DIRECTION('',(0,-1,0));
#10860=FACE_SURFACE('',(#10865),#10861,.T.);
#10861=PLANE('',#10862);
#10862=AXIS2_PLACEMENT_3D('',#356,#10863,#10864);
#10863=DIRECTION('',(-0.9970545397298958,0,0.07669579391339269));
#10864=DIRECTION('',(0.0766957939133927,0,0.9970545397298959));
#10865=FACE_BOUND('',#10866,.T.);
#10866=EDGE_LOOP('',(#10867,#10868,#10869));
#10867=ORIENTED_EDGE('',*,*,#10870,.T.);
#10868=ORIENTED_EDGE('',*,*,#10871,.T.);
#10869=ORIENTED_EDGE('',*,*,#10872,.T.);
#10870=EDGE_CURVE('',#357,#389,#10873,.F.);
#10871=EDGE_CURVE('',#389,#577,#10874,.T.);
#10872=EDGE_CURVE('',#577,#357,#10875,.T.);
#10873=LINE('',#356,#10876);
#10874=LINE('',#388,#10877);
#10875=LINE('',#576,#10878);
#10876=VECTOR('',#10879,1.0);
#10877=VECTOR('',#10880,1.0);
#10878=VECTOR('',#10881,1.0);
#10879=DIRECTION('',(0.0766957939133927,0,0.9970545397298959));
#10880=DIRECTION('',(0,1,0));
#10881=DIRECTION('',(-0.020962030940549947,-0.9619248831174835,-0.27250892186910697));
#10882=FACE_SURFACE('',(#10887),#10883,.T.);
#10883=PLANE('',#10884);
#10884=AXIS2_PLACEMENT_3D('',#356,#10885,#10886);
#10885=DIRECTION('',(-0.9970545397298958,0,0.07669579391339269));
#10886=DIRECTION('',(0.020962030940549947,0.9619248831174835,0.27250892186910697));
#10887=FACE_BOUND('',#10888,.T.);
#10888=EDGE_LOOP('',(#10889,#10890,#10891));
#10889=ORIENTED_EDGE('',*,*,#10892,.T.);
#10890=ORIENTED_EDGE('',*,*,#10893,.T.);
#10891=ORIENTED_EDGE('',*,*,#10894,.T.);
#10892=EDGE_CURVE('',#357,#577,#10895,.F.);
#10893=EDGE_CURVE('',#577,#355,#10896,.T.);
#10894=EDGE_CURVE('',#355,#357,#10897,.T.);
#10895=LINE('',#356,#10898);
#10896=LINE('',#576,#10899);
#10897=LINE('',#354,#10900);
#10898=VECTOR('',#10901,1.0);
#10899=VECTOR('',#10902,1.0);
#10900=VECTOR('',#10903,1.0);
#10901=DIRECTION('',(0.020962030940549947,0.9619248831174835,0.27250892186910697));
#10902=DIRECTION('',(-0.0766957939133927,0,-0.9970545397298959));
#10903=DIRECTION('',(0,-1,0));
#10904=FACE_SURFACE('',(#10909),#10905,.T.);
#10905=PLANE('',#10906);
#10906=AXIS2_PLACEMENT_3D('',#158,#10907,#10908);
#10907=DIRECTION('',(0,-1,0));
#10908=DIRECTION('',(0.0766957939133927,0,0.9970545397298959));
#10909=FACE_BOUND('',#10910,.T.);
#10910=EDGE_LOOP('',(#10911,#10912,#10913));
#10911=ORIENTED_EDGE('',*,*,#10914,.T.);
#10912=ORIENTED_EDGE('',*,*,#10915,.T.);
#10913=ORIENTED_EDGE('',*,*,#10916,.T.);
#10914=EDGE_CURVE('',#159,#475,#10917,.F.);
#10915=EDGE_CURVE('',#475,#665,#10918,.T.);
#10916=EDGE_CURVE('',#665,#159,#10919,.T.);
#10917=LINE('',#158,#10920);
#10918=LINE('',#474,#10921);
#10919=LINE('',#664,#10922);
#10920=VECTOR('',#10923,1.0);
#10921=VECTOR('',#10924,1.0);
#10922=VECTOR('',#10925,1.0);
#10923=DIRECTION('',(0.0766957939133927,0,0.9970545397298959));
#10924=DIRECTION('',(-1,0,0));
#10925=DIRECTION('',(0.9772101894233253,0,-0.2122739873070388));
#10926=FACE_SURFACE('',(#10931),#10927,.T.);
#10927=PLANE('',#10928);
#10928=AXIS2_PLACEMENT_3D('',#158,#10929,#10930);
#10929=DIRECTION('',(0,-1,0));
#10930=DIRECTION('',(-0.9772101894233253,0,0.2122739873070388));
#10931=FACE_BOUND('',#10932,.T.);
#10932=EDGE_LOOP('',(#10933,#10934,#10935));
#10933=ORIENTED_EDGE('',*,*,#10936,.T.);
#10934=ORIENTED_EDGE('',*,*,#10937,.T.);
#10935=ORIENTED_EDGE('',*,*,#10938,.T.);
#10936=EDGE_CURVE('',#159,#665,#10939,.F.);
#10937=EDGE_CURVE('',#665,#297,#10940,.T.);
#10938=EDGE_CURVE('',#297,#159,#10941,.T.);
#10939=LINE('',#158,#10942);
#10940=LINE('',#664,#10943);
#10941=LINE('',#296,#10944);
#10942=VECTOR('',#10945,1.0);
#10943=VECTOR('',#10946,1.0);
#10944=VECTOR('',#10947,1.0);
#10945=DIRECTION('',(-0.9772101894233253,0,0.2122739873070388));
#10946=DIRECTION('',(-0.0766957939133927,0,-0.9970545397298959));
#10947=DIRECTION('',(1,0,0));
#10948=FACE_SURFACE('',(#10953),#10949,.T.);
#10949=PLANE('',#10950);
#10950=AXIS2_PLACEMENT_3D('',#46,#10951,#10952);
#10951=DIRECTION('',(-0.9970545397298958,0,0.0766957939133927));
#10952=DIRECTION('',(0.0766957939133927,0,0.9970545397298959));
#10953=FACE_BOUND('',#10954,.T.);
#10954=EDGE_LOOP('',(#10955,#10956,#10957));
#10955=ORIENTED_EDGE('',*,*,#10958,.T.);
#10956=ORIENTED_EDGE('',*,*,#10959,.T.);
#10957=ORIENTED_EDGE('',*,*,#10960,.T.);
#10958=EDGE_CURVE('',#47,#671,#10961,.F.);
#10959=EDGE_CURVE('',#671,#635,#10962,.T.);
#10960=EDGE_CURVE('',#635,#47,#10963,.T.);
#10961=LINE('',#46,#10964);
#10962=LINE('',#670,#10965);
#10963=LINE('',#634,#10966);
#10964=VECTOR('',#10967,1.0);
#10965=VECTOR('',#10968,1.0);
#10966=VECTOR('',#10969,1.0);
#10967=DIRECTION('',(0.0766957939133927,0,0.9970545397298959));
#10968=DIRECTION('',(0,1,0));
#10969=DIRECTION('',(-0.0209620335684368,-0.9619248733820388,-0.2725089560319519));
#10970=FACE_SURFACE('',(#10975),#10971,.T.);
#10971=PLANE('',#10972);
#10972=AXIS2_PLACEMENT_3D('',#46,#10973,#10974);
#10973=DIRECTION('',(-0.9970545397298958,0,0.0766957939133927));
#10974=DIRECTION('',(0.0209620335684368,0.9619248733820388,0.2725089560319519));
#10975=FACE_BOUND('',#10976,.T.);
#10976=EDGE_LOOP('',(#10977,#10978,#10979));
#10977=ORIENTED_EDGE('',*,*,#10980,.T.);
#10978=ORIENTED_EDGE('',*,*,#10981,.T.);
#10979=ORIENTED_EDGE('',*,*,#10982,.T.);
#10980=EDGE_CURVE('',#47,#635,#10983,.F.);
#10981=EDGE_CURVE('',#635,#49,#10984,.T.);
#10982=EDGE_CURVE('',#49,#47,#10985,.T.);
#10983=LINE('',#46,#10986);
#10984=LINE('',#634,#10987);
#10985=LINE('',#48,#10988);
#10986=VECTOR('',#10989,1.0);
#10987=VECTOR('',#10990,1.0);
#10988=VECTOR('',#10991,1.0);
#10989=DIRECTION('',(0.0209620335684368,0.9619248733820388,0.2725089560319519));
#10990=DIRECTION('',(-0.0766957939133927,0,-0.9970545397298959));
#10991=DIRECTION('',(0,-1,0));
#10992=FACE_SURFACE('',(#10997),#10993,.T.);
#10993=PLANE('',#10994);
#10994=AXIS2_PLACEMENT_3D('',#140,#10995,#10996);
#10995=DIRECTION('',(-0.9970545397298959,0,0.0766957939133927));
#10996=DIRECTION('',(0.0766957939133927,0,0.9970545397298959));
#10997=FACE_BOUND('',#10998,.T.);
#10998=EDGE_LOOP('',(#10999,#11000,#11001));
#10999=ORIENTED_EDGE('',*,*,#11002,.T.);
#11000=ORIENTED_EDGE('',*,*,#11003,.T.);
#11001=ORIENTED_EDGE('',*,*,#11004,.T.);
#11002=EDGE_CURVE('',#141,#675,#11005,.F.);
#11003=EDGE_CURVE('',#675,#473,#11006,.T.);
#11004=EDGE_CURVE('',#473,#141,#11007,.T.);
#11005=LINE('',#140,#11008);
#11006=LINE('',#674,#11009);
#11007=LINE('',#472,#11010);
#11008=VECTOR('',#11011,1.0);
#11009=VECTOR('',#11012,1.0);
#11010=VECTOR('',#11013,1.0);
#11011=DIRECTION('',(0.0766957939133927,0,0.9970545397298959));
#11012=DIRECTION('',(0,1,0));
#11013=DIRECTION('',(-0.020962023056893184,-0.9619249123237957,-0.27250881938062144));
#11014=FACE_SURFACE('',(#11019),#11015,.T.);
#11015=PLANE('',#11016);
#11016=AXIS2_PLACEMENT_3D('',#140,#11017,#11018);
#11017=DIRECTION('',(-0.9970545397298959,0,0.0766957939133927));
#11018=DIRECTION('',(0.020962023056893184,0.9619249123237957,0.27250881938062144));
#11019=FACE_BOUND('',#11020,.T.);
#11020=EDGE_LOOP('',(#11021,#11022,#11023));
#11021=ORIENTED_EDGE('',*,*,#11024,.T.);
#11022=ORIENTED_EDGE('',*,*,#11025,.T.);
#11023=ORIENTED_EDGE('',*,*,#11026,.T.);
#11024=EDGE_CURVE('',#141,#473,#11027,.F.);
#11025=EDGE_CURVE('',#473,#163,#11028,.T.);
#11026=EDGE_CURVE('',#163,#141,#11029,.T.);
#11027=LINE('',#140,#11030);
#11028=LINE('',#472,#11031);
#11029=LINE('',#162,#11032);
#11030=VECTOR('',#11033,1.0);
#11031=VECTOR('',#11034,1.0);
#11032=VECTOR('',#11035,1.0);
#11033=DIRECTION('',(0.020962023056893184,0.9619249123237957,0.27250881938062144));
#11034=DIRECTION('',(-0.0766957939133927,0,-0.9970545397298959));
#11035=DIRECTION('',(0,-1,0));
#11036=FACE_SURFACE('',(#11041),#11037,.T.);
#11037=PLANE('',#11038);
#11038=AXIS2_PLACEMENT_3D('',#70,#11039,#11040);
#11039=DIRECTION('',(0,1,0));
#11040=DIRECTION('',(0.0766957939133927,0,0.9970545397298959));
#11041=FACE_BOUND('',#11042,.T.);
#11042=EDGE_LOOP('',(#11043,#11044,#11045));
#11043=ORIENTED_EDGE('',*,*,#11046,.T.);
#11044=ORIENTED_EDGE('',*,*,#11047,.T.);
#11045=ORIENTED_EDGE('',*,*,#11048,.T.);
#11046=EDGE_CURVE('',#71,#677,#11049,.F.);
#11047=EDGE_CURVE('',#677,#493,#11050,.T.);
#11048=EDGE_CURVE('',#493,#71,#11051,.T.);
#11049=LINE('',#70,#11052);
#11050=LINE('',#676,#11053);
#11051=LINE('',#492,#11054);
#11052=VECTOR('',#11055,1.0);
#11053=VECTOR('',#11056,1.0);
#11054=VECTOR('',#11057,1.0);
#11055=DIRECTION('',(0.0766957939133927,0,0.9970545397298959));
#11056=DIRECTION('',(1,0,0));
#11057=DIRECTION('',(-0.9636480628681542,0,-0.26717486957132375));
#11058=FACE_SURFACE('',(#11063),#11059,.T.);
#11059=PLANE('',#11060);
#11060=AXIS2_PLACEMENT_3D('',#70,#11061,#11062);
#11061=DIRECTION('',(0,1,0));
#11062=DIRECTION('',(0.9636480628681542,0,0.26717486957132375));
#11063=FACE_BOUND('',#11064,.T.);
#11064=EDGE_LOOP('',(#11065,#11066,#11067));
#11065=ORIENTED_EDGE('',*,*,#11068,.T.);
#11066=ORIENTED_EDGE('',*,*,#11069,.T.);
#11067=ORIENTED_EDGE('',*,*,#11070,.T.);
#11068=EDGE_CURVE('',#71,#493,#11071,.F.);
#11069=EDGE_CURVE('',#493,#231,#11072,.T.);
#11070=EDGE_CURVE('',#231,#71,#11073,.T.);
#11071=LINE('',#70,#11074);
#11072=LINE('',#492,#11075);
#11073=LINE('',#230,#11076);
#11074=VECTOR('',#11077,1.0);
#11075=VECTOR('',#11078,1.0);
#11076=VECTOR('',#11079,1.0);
#11077=DIRECTION('',(0.9636480628681542,0,0.26717486957132375));
#11078=DIRECTION('',(-0.0766957939133927,0,-0.9970545397298959));
#11079=DIRECTION('',(-1,0,0));
#11080=FACE_SURFACE('',(#11085),#11081,.T.);
#11081=PLANE('',#11082);
#11082=AXIS2_PLACEMENT_3D('',#326,#11083,#11084);
#11083=DIRECTION('',(0,1,0));
#11084=DIRECTION('',(0.0766957939133927,0,0.9970545397298959));
#11085=FACE_BOUND('',#11086,.T.);
#11086=EDGE_LOOP('',(#11087,#11088,#11089));
#11087=ORIENTED_EDGE('',*,*,#11090,.T.);
#11088=ORIENTED_EDGE('',*,*,#11091,.T.);
#11089=ORIENTED_EDGE('',*,*,#11092,.T.);
#11090=EDGE_CURVE('',#327,#673,#11093,.F.);
#11091=EDGE_CURVE('',#673,#593,#11094,.T.);
#11092=EDGE_CURVE('',#593,#327,#11095,.T.);
#11093=LINE('',#326,#11096);
#11094=LINE('',#672,#11097);
#11095=LINE('',#592,#11098);
#11096=VECTOR('',#11099,1.0);
#11097=VECTOR('',#11100,1.0);
#11098=VECTOR('',#11101,1.0);
#11099=DIRECTION('',(0.0766957939133927,0,0.9970545397298959));
#11100=DIRECTION('',(1,0,0));
#11101=DIRECTION('',(-0.6808687907976692,0,-0.7324054134956403));
#11102=FACE_SURFACE('',(#11107),#11103,.T.);
#11103=PLANE('',#11104);
#11104=AXIS2_PLACEMENT_3D('',#326,#11105,#11106);
#11105=DIRECTION('',(0,1,0));
#11106=DIRECTION('',(0.6808687907976692,0,0.7324054134956403));
#11107=FACE_BOUND('',#11108,.T.);
#11108=EDGE_LOOP('',(#11109,#11110,#11111));
#11109=ORIENTED_EDGE('',*,*,#11112,.T.);
#11110=ORIENTED_EDGE('',*,*,#11113,.T.);
#11111=ORIENTED_EDGE('',*,*,#11114,.T.);
#11112=EDGE_CURVE('',#327,#593,#11115,.F.);
#11113=EDGE_CURVE('',#593,#329,#11116,.T.);
#11114=EDGE_CURVE('',#329,#327,#11117,.T.);
#11115=LINE('',#326,#11118);
#11116=LINE('',#592,#11119);
#11117=LINE('',#328,#11120);
#11118=VECTOR('',#11121,1.0);
#11119=VECTOR('',#11122,1.0);
#11120=VECTOR('',#11123,1.0);
#11121=DIRECTION('',(0.6808687907976692,0,0.7324054134956403));
#11122=DIRECTION('',(-0.0766957939133927,0,-0.9970545397298959));
#11123=DIRECTION('',(-1,0,0));
#11124=FACE_SURFACE('',(#11129),#11125,.T.);
#11125=PLANE('',#11126);
#11126=AXIS2_PLACEMENT_3D('',#50,#11127,#11128);
#11127=DIRECTION('',(-0.9970545397298959,0,0.0766957939133927));
#11128=DIRECTION('',(0.0766957939133927,0,0.9970545397298959));
#11129=FACE_BOUND('',#11130,.T.);
#11130=EDGE_LOOP('',(#11131,#11132,#11133));
#11131=ORIENTED_EDGE('',*,*,#11134,.T.);
#11132=ORIENTED_EDGE('',*,*,#11135,.T.);
#11133=ORIENTED_EDGE('',*,*,#11136,.T.);
#11134=EDGE_CURVE('',#51,#637,#11137,.F.);
#11135=EDGE_CURVE('',#637,#667,#11138,.T.);
#11136=EDGE_CURVE('',#667,#51,#11139,.T.);
#11137=LINE('',#50,#11140);
#11138=LINE('',#636,#11141);
#11139=LINE('',#666,#11142);
#11140=VECTOR('',#11143,1.0);
#11141=VECTOR('',#11144,1.0);
#11142=VECTOR('',#11145,1.0);
#11143=DIRECTION('',(0.0766957939133927,0,0.9970545397298959));
#11144=DIRECTION('',(0,1,0));
#11145=DIRECTION('',(-0.07585963425455941,-0.14726071019238007,-0.9861843636584391));
#11146=FACE_SURFACE('',(#11151),#11147,.T.);
#11147=PLANE('',#11148);
#11148=AXIS2_PLACEMENT_3D('',#50,#11149,#11150);
#11149=DIRECTION('',(-0.9970545397298959,0,0.0766957939133927));
#11150=DIRECTION('',(0.07585963425455941,0.14726071019238007,0.9861843636584391));
#11151=FACE_BOUND('',#11152,.T.);
#11152=EDGE_LOOP('',(#11153,#11154,#11155));
#11153=ORIENTED_EDGE('',*,*,#11156,.T.);
#11154=ORIENTED_EDGE('',*,*,#11157,.T.);
#11155=ORIENTED_EDGE('',*,*,#11158,.T.);
#11156=EDGE_CURVE('',#51,#667,#11159,.F.);
#11157=EDGE_CURVE('',#667,#211,#11160,.T.);
#11158=EDGE_CURVE('',#211,#51,#11161,.T.);
#11159=LINE('',#50,#11162);
#11160=LINE('',#666,#11163);
#11161=LINE('',#210,#11164);
#11162=VECTOR('',#11165,1.0);
#11163=VECTOR('',#11166,1.0);
#11164=VECTOR('',#11167,1.0);
#11165=DIRECTION('',(0.07585963425455941,0.14726071019238007,0.9861843636584391));
#11166=DIRECTION('',(-0.0766957939133927,0,-0.9970545397298959));
#11167=DIRECTION('',(0,-1,0));
#11168=FACE_SURFACE('',(#11173),#11169,.T.);
#11169=PLANE('',#11170);
#11170=AXIS2_PLACEMENT_3D('',#98,#11171,#11172);
#11171=DIRECTION('',(-0.9970545397298959,0,0.0766957939133927));
#11172=DIRECTION('',(0.0766957939133927,0,0.9970545397298959));
#11173=FACE_BOUND('',#11174,.T.);
#11174=EDGE_LOOP('',(#11175,#11176,#11177));
#11175=ORIENTED_EDGE('',*,*,#11178,.T.);
#11176=ORIENTED_EDGE('',*,*,#11179,.T.);
#11177=ORIENTED_EDGE('',*,*,#11180,.T.);
#11178=EDGE_CURVE('',#99,#679,#11181,.F.);
#11179=EDGE_CURVE('',#679,#489,#11182,.T.);
#11180=EDGE_CURVE('',#489,#99,#11183,.T.);
#11181=LINE('',#98,#11184);
#11182=LINE('',#678,#11185);
#11183=LINE('',#488,#11186);
#11184=VECTOR('',#11187,1.0);
#11185=VECTOR('',#11188,1.0);
#11186=VECTOR('',#11189,1.0);
#11187=DIRECTION('',(0.0766957939133927,0,0.9970545397298959));
#11188=DIRECTION('',(0,1,0));
#11189=DIRECTION('',(-0.020962026560739932,-0.9619248993432166,-0.27250886493105037));
#11190=FACE_SURFACE('',(#11195),#11191,.T.);
#11191=PLANE('',#11192);
#11192=AXIS2_PLACEMENT_3D('',#98,#11193,#11194);
#11193=DIRECTION('',(-0.9970545397298959,0,0.0766957939133927));
#11194=DIRECTION('',(0.020962026560739932,0.9619248993432166,0.27250886493105037));
#11195=FACE_BOUND('',#11196,.T.);
#11196=EDGE_LOOP('',(#11197,#11198,#11199));
#11197=ORIENTED_EDGE('',*,*,#11200,.T.);
#11198=ORIENTED_EDGE('',*,*,#11201,.T.);
#11199=ORIENTED_EDGE('',*,*,#11202,.T.);
#11200=EDGE_CURVE('',#99,#489,#11203,.F.);
#11201=EDGE_CURVE('',#489,#101,#11204,.T.);
#11202=EDGE_CURVE('',#101,#99,#11205,.T.);
#11203=LINE('',#98,#11206);
#11204=LINE('',#488,#11207);
#11205=LINE('',#100,#11208);
#11206=VECTOR('',#11209,1.0);
#11207=VECTOR('',#11210,1.0);
#11208=VECTOR('',#11211,1.0);
#11209=DIRECTION('',(0.020962026560739932,0.9619248993432166,0.27250886493105037));
#11210=DIRECTION('',(-0.0766957939133927,0,-0.9970545397298959));
#11211=DIRECTION('',(0,-1,0));
#11212=FACE_SURFACE('',(#11217),#11213,.T.);
#11213=PLANE('',#11214);
#11214=AXIS2_PLACEMENT_3D('',#138,#11215,#11216);
#11215=DIRECTION('',(0,1,0));
#11216=DIRECTION('',(0.0766957939133927,0,0.9970545397298959));
#11217=FACE_BOUND('',#11218,.T.);
#11218=EDGE_LOOP('',(#11219,#11220,#11221));
#11219=ORIENTED_EDGE('',*,*,#11222,.T.);
#11220=ORIENTED_EDGE('',*,*,#11223,.T.);
#11221=ORIENTED_EDGE('',*,*,#11224,.T.);
#11222=EDGE_CURVE('',#139,#587,#11225,.F.);
#11223=EDGE_CURVE('',#587,#675,#11226,.T.);
#11224=EDGE_CURVE('',#675,#139,#11227,.T.);
#11225=LINE('',#138,#11228);
#11226=LINE('',#586,#11229);
#11227=LINE('',#674,#11230);
#11228=VECTOR('',#11231,1.0);
#11229=VECTOR('',#11232,1.0);
#11230=VECTOR('',#11233,1.0);
#11231=DIRECTION('',(0.0766957939133927,0,0.9970545397298959));
#11232=DIRECTION('',(1,0,0));
#11233=DIRECTION('',(-0.7752905012599268,0,-0.6316048120907025));
#11234=FACE_SURFACE('',(#11239),#11235,.T.);
#11235=PLANE('',#11236);
#11236=AXIS2_PLACEMENT_3D('',#138,#11237,#11238);
#11237=DIRECTION('',(0,1,0));
#11238=DIRECTION('',(0.7752905012599268,0,0.6316048120907025));
#11239=FACE_BOUND('',#11240,.T.);
#11240=EDGE_LOOP('',(#11241,#11242,#11243));
#11241=ORIENTED_EDGE('',*,*,#11244,.T.);
#11242=ORIENTED_EDGE('',*,*,#11245,.T.);
#11243=ORIENTED_EDGE('',*,*,#11246,.T.);
#11244=EDGE_CURVE('',#139,#675,#11247,.F.);
#11245=EDGE_CURVE('',#675,#141,#11248,.T.);
#11246=EDGE_CURVE('',#141,#139,#11249,.T.);
#11247=LINE('',#138,#11250);
#11248=LINE('',#674,#11251);
#11249=LINE('',#140,#11252);
#11250=VECTOR('',#11253,1.0);
#11251=VECTOR('',#11254,1.0);
#11252=VECTOR('',#11255,1.0);
#11253=DIRECTION('',(0.7752905012599268,0,0.6316048120907025));
#11254=DIRECTION('',(-0.0766957939133927,0,-0.9970545397298959));
#11255=DIRECTION('',(-1,0,0));
#11256=FACE_SURFACE('',(#11261),#11257,.T.);
#11257=PLANE('',#11258);
#11258=AXIS2_PLACEMENT_3D('',#316,#11259,#11260);
#11259=DIRECTION('',(0.9970545397298958,0,-0.07669579391339269));
#11260=DIRECTION('',(0.0766957939133927,0,0.9970545397298959));
#11261=FACE_BOUND('',#11262,.T.);
#11262=EDGE_LOOP('',(#11263,#11264,#11265));
#11263=ORIENTED_EDGE('',*,*,#11266,.T.);
#11264=ORIENTED_EDGE('',*,*,#11267,.T.);
#11265=ORIENTED_EDGE('',*,*,#11268,.T.);
#11266=EDGE_CURVE('',#317,#647,#11269,.F.);
#11267=EDGE_CURVE('',#647,#669,#11270,.T.);
#11268=EDGE_CURVE('',#669,#317,#11271,.T.);
#11269=LINE('',#316,#11272);
#11270=LINE('',#646,#11273);
#11271=LINE('',#668,#11274);
#11272=VECTOR('',#11275,1.0);
#11273=VECTOR('',#11276,1.0);
#11274=VECTOR('',#11277,1.0);
#11275=DIRECTION('',(0.0766957939133927,0,0.9970545397298959));
#11276=DIRECTION('',(0,-1,0));
#11277=DIRECTION('',(-0.07333148581459112,0.2929283804912484,-0.9533181300547047));
#11278=FACE_SURFACE('',(#11283),#11279,.T.);
#11279=PLANE('',#11280);
#11280=AXIS2_PLACEMENT_3D('',#316,#11281,#11282);
#11281=DIRECTION('',(0.9970545397298958,0,-0.07669579391339269));
#11282=DIRECTION('',(0.07333148581459112,-0.2929283804912484,0.9533181300547047));
#11283=FACE_BOUND('',#11284,.T.);
#11284=EDGE_LOOP('',(#11285,#11286,#11287));
#11285=ORIENTED_EDGE('',*,*,#11288,.T.);
#11286=ORIENTED_EDGE('',*,*,#11289,.T.);
#11287=ORIENTED_EDGE('',*,*,#11290,.T.);
#11288=EDGE_CURVE('',#317,#669,#11291,.F.);
#11289=EDGE_CURVE('',#669,#313,#11292,.T.);
#11290=EDGE_CURVE('',#313,#317,#11293,.T.);
#11291=LINE('',#316,#11294);
#11292=LINE('',#668,#11295);
#11293=LINE('',#312,#11296);
#11294=VECTOR('',#11297,1.0);
#11295=VECTOR('',#11298,1.0);
#11296=VECTOR('',#11299,1.0);
#11297=DIRECTION('',(0.07333148581459112,-0.2929283804912484,0.9533181300547047));
#11298=DIRECTION('',(-0.0766957939133927,0,-0.9970545397298959));
#11299=DIRECTION('',(0,1,0));
#11300=FACE_SURFACE('',(#11305),#11301,.T.);
#11301=PLANE('',#11302);
#11302=AXIS2_PLACEMENT_3D('',#364,#11303,#11304);
#11303=DIRECTION('',(0,1,0));
#11304=DIRECTION('',(0.0766957939133927,0,0.9970545397298959));
#11305=FACE_BOUND('',#11306,.T.);
#11306=EDGE_LOOP('',(#11307,#11308,#11309));
#11307=ORIENTED_EDGE('',*,*,#11310,.T.);
#11308=ORIENTED_EDGE('',*,*,#11311,.T.);
#11309=ORIENTED_EDGE('',*,*,#11312,.T.);
#11310=EDGE_CURVE('',#365,#527,#11313,.F.);
#11311=EDGE_CURVE('',#527,#485,#11314,.T.);
#11312=EDGE_CURVE('',#485,#365,#11315,.T.);
#11313=LINE('',#364,#11316);
#11314=LINE('',#526,#11317);
#11315=LINE('',#484,#11318);
#11316=VECTOR('',#11319,1.0);
#11317=VECTOR('',#11320,1.0);
#11318=VECTOR('',#11321,1.0);
#11319=DIRECTION('',(0.0766957939133927,0,0.9970545397298959));
#11320=DIRECTION('',(1,0,0));
#11321=DIRECTION('',(-0.9636479655782525,0,-0.26717522047692793));
#11322=FACE_SURFACE('',(#11327),#11323,.T.);
#11323=PLANE('',#11324);
#11324=AXIS2_PLACEMENT_3D('',#364,#11325,#11326);
#11325=DIRECTION('',(0,1,0));
#11326=DIRECTION('',(0.9636479655782525,0,0.26717522047692793));
#11327=FACE_BOUND('',#11328,.T.);
#11328=EDGE_LOOP('',(#11329,#11330,#11331));
#11329=ORIENTED_EDGE('',*,*,#11332,.T.);
#11330=ORIENTED_EDGE('',*,*,#11333,.T.);
#11331=ORIENTED_EDGE('',*,*,#11334,.T.);
#11332=EDGE_CURVE('',#365,#485,#11335,.F.);
#11333=EDGE_CURVE('',#485,#367,#11336,.T.);
#11334=EDGE_CURVE('',#367,#365,#11337,.T.);
#11335=LINE('',#364,#11338);
#11336=LINE('',#484,#11339);
#11337=LINE('',#366,#11340);
#11338=VECTOR('',#11341,1.0);
#11339=VECTOR('',#11342,1.0);
#11340=VECTOR('',#11343,1.0);
#11341=DIRECTION('',(0.9636479655782525,0,0.26717522047692793));
#11342=DIRECTION('',(-0.0766957939133927,0,-0.9970545397298959));
#11343=DIRECTION('',(-1,0,0));
#11344=FACE_SURFACE('',(#11349),#11345,.T.);
#11345=PLANE('',#11346);
#11346=AXIS2_PLACEMENT_3D('',#216,#11347,#11348);
#11347=DIRECTION('',(0,1,0));
#11348=DIRECTION('',(0.0766957939133927,0,0.9970545397298959));
#11349=FACE_BOUND('',#11350,.T.);
#11350=EDGE_LOOP('',(#11351,#11352,#11353));
#11351=ORIENTED_EDGE('',*,*,#11354,.T.);
#11352=ORIENTED_EDGE('',*,*,#11355,.T.);
#11353=ORIENTED_EDGE('',*,*,#11356,.T.);
#11354=EDGE_CURVE('',#217,#599,#11357,.F.);
#11355=EDGE_CURVE('',#599,#455,#11358,.T.);
#11356=EDGE_CURVE('',#455,#217,#11359,.T.);
#11357=LINE('',#216,#11360);
#11358=LINE('',#598,#11361);
#11359=LINE('',#454,#11362);
#11360=VECTOR('',#11363,1.0);
#11361=VECTOR('',#11364,1.0);
#11362=VECTOR('',#11365,1.0);
#11363=DIRECTION('',(0.0766957939133927,0,0.9970545397298959));
#11364=DIRECTION('',(1,0,0));
#11365=DIRECTION('',(-0.9560666266004031,0,-0.29314945932224645));
#11366=FACE_SURFACE('',(#11371),#11367,.T.);
#11367=PLANE('',#11368);
#11368=AXIS2_PLACEMENT_3D('',#216,#11369,#11370);
#11369=DIRECTION('',(0,1,0));
#11370=DIRECTION('',(0.9560666266004031,0,0.29314945932224645));
#11371=FACE_BOUND('',#11372,.T.);
#11372=EDGE_LOOP('',(#11373,#11374,#11375));
#11373=ORIENTED_EDGE('',*,*,#11376,.T.);
#11374=ORIENTED_EDGE('',*,*,#11377,.T.);
#11375=ORIENTED_EDGE('',*,*,#11378,.T.);
#11376=EDGE_CURVE('',#217,#455,#11379,.F.);
#11377=EDGE_CURVE('',#455,#219,#11380,.T.);
#11378=EDGE_CURVE('',#219,#217,#11381,.T.);
#11379=LINE('',#216,#11382);
#11380=LINE('',#454,#11383);
#11381=LINE('',#218,#11384);
#11382=VECTOR('',#11385,1.0);
#11383=VECTOR('',#11386,1.0);
#11384=VECTOR('',#11387,1.0);
#11385=DIRECTION('',(0.9560666266004031,0,0.29314945932224645));
#11386=DIRECTION('',(-0.0766957939133927,0,-0.9970545397298959));
#11387=DIRECTION('',(-1,0,0));
#11388=FACE_SURFACE('',(#11393),#11389,.T.);
#11389=PLANE('',#11390);
#11390=AXIS2_PLACEMENT_3D('',#294,#11391,#11392);
#11391=DIRECTION('',(0.9970545397298958,0,-0.0766957939133927));
#11392=DIRECTION('',(0.0766957939133927,0,0.9970545397298959));
#11393=FACE_BOUND('',#11394,.T.);
#11394=EDGE_LOOP('',(#11395,#11396,#11397));
#11395=ORIENTED_EDGE('',*,*,#11398,.T.);
#11396=ORIENTED_EDGE('',*,*,#11399,.T.);
#11397=ORIENTED_EDGE('',*,*,#11400,.T.);
#11398=EDGE_CURVE('',#295,#663,#11401,.F.);
#11399=EDGE_CURVE('',#663,#379,#11402,.T.);
#11400=EDGE_CURVE('',#379,#295,#11403,.T.);
#11401=LINE('',#294,#11404);
#11402=LINE('',#662,#11405);
#11403=LINE('',#378,#11406);
#11404=VECTOR('',#11407,1.0);
#11405=VECTOR('',#11408,1.0);
#11406=VECTOR('',#11409,1.0);
#11407=DIRECTION('',(0.0766957939133927,0,0.9970545397298959));
#11408=DIRECTION('',(0,-1,0));
#11409=DIRECTION('',(-0.07648404545466346,0.07425733970795631,-0.994301784314192));
#11410=FACE_SURFACE('',(#11415),#11411,.T.);
#11411=PLANE('',#11412);
#11412=AXIS2_PLACEMENT_3D('',#294,#11413,#11414);
#11413=DIRECTION('',(0.9970545397298958,0,-0.0766957939133927));
#11414=DIRECTION('',(0.07648404545466346,-0.07425733970795631,0.994301784314192));
#11415=FACE_BOUND('',#11416,.T.);
#11416=EDGE_LOOP('',(#11417,#11418,#11419));
#11417=ORIENTED_EDGE('',*,*,#11420,.T.);
#11418=ORIENTED_EDGE('',*,*,#11421,.T.);
#11419=ORIENTED_EDGE('',*,*,#11422,.T.);
#11420=EDGE_CURVE('',#295,#379,#11423,.F.);
#11421=EDGE_CURVE('',#379,#147,#11424,.T.);
#11422=EDGE_CURVE('',#147,#295,#11425,.T.);
#11423=LINE('',#294,#11426);
#11424=LINE('',#378,#11427);
#11425=LINE('',#146,#11428);
#11426=VECTOR('',#11429,1.0);
#11427=VECTOR('',#11430,1.0);
#11428=VECTOR('',#11431,1.0);
#11429=DIRECTION('',(0.07648404545466346,-0.07425733970795631,0.994301784314192));
#11430=DIRECTION('',(-0.0766957939133927,0,-0.9970545397298959));
#11431=DIRECTION('',(0,1,0));
#11432=FACE_SURFACE('',(#11437),#11433,.T.);
#11433=PLANE('',#11434);
#11434=AXIS2_PLACEMENT_3D('',#176,#11435,#11436);
#11435=DIRECTION('',(0,1,0));
#11436=DIRECTION('',(0.0766957939133927,0,0.9970545397298959));
#11437=FACE_BOUND('',#11438,.T.);
#11438=EDGE_LOOP('',(#11439,#11440,#11441));
#11439=ORIENTED_EDGE('',*,*,#11442,.T.);
#11440=ORIENTED_EDGE('',*,*,#11443,.T.);
#11441=ORIENTED_EDGE('',*,*,#11444,.T.);
#11442=EDGE_CURVE('',#177,#539,#11445,.F.);
#11443=EDGE_CURVE('',#539,#521,#11446,.T.);
#11444=EDGE_CURVE('',#521,#177,#11447,.T.);
#11445=LINE('',#176,#11448);
#11446=LINE('',#538,#11449);
#11447=LINE('',#520,#11450);
#11448=VECTOR('',#11451,1.0);
#11449=VECTOR('',#11452,1.0);
#11450=VECTOR('',#11453,1.0);
#11451=DIRECTION('',(0.0766957939133927,0,0.9970545397298959));
#11452=DIRECTION('',(1,0,0));
#11453=DIRECTION('',(-0.7752911439262934,0,-0.6316040232214005));
#11454=FACE_SURFACE('',(#11459),#11455,.T.);
#11455=PLANE('',#11456);
#11456=AXIS2_PLACEMENT_3D('',#176,#11457,#11458);
#11457=DIRECTION('',(0,1,0));
#11458=DIRECTION('',(0.7752911439262934,0,0.6316040232214005));
#11459=FACE_BOUND('',#11460,.T.);
#11460=EDGE_LOOP('',(#11461,#11462,#11463));
#11461=ORIENTED_EDGE('',*,*,#11464,.T.);
#11462=ORIENTED_EDGE('',*,*,#11465,.T.);
#11463=ORIENTED_EDGE('',*,*,#11466,.T.);
#11464=EDGE_CURVE('',#177,#521,#11467,.F.);
#11465=EDGE_CURVE('',#521,#43,#11468,.T.);
#11466=EDGE_CURVE('',#43,#177,#11469,.T.);
#11467=LINE('',#176,#11470);
#11468=LINE('',#520,#11471);
#11469=LINE('',#42,#11472);
#11470=VECTOR('',#11473,1.0);
#11471=VECTOR('',#11474,1.0);
#11472=VECTOR('',#11475,1.0);
#11473=DIRECTION('',(0.7752911439262934,0,0.6316040232214005));
#11474=DIRECTION('',(-0.0766957939133927,0,-0.9970545397298959));
#11475=DIRECTION('',(-1,0,0));
#11476=FACE_SURFACE('',(#11481),#11477,.T.);
#11477=PLANE('',#11478);
#11478=AXIS2_PLACEMENT_3D('',#84,#11479,#11480);
#11479=DIRECTION('',(0.9970527712953886,-0.0018834315361217246,-0.07669565788122686));
#11480=DIRECTION('',(0.0766957939133927,0,0.9970545397298959));
#11481=FACE_BOUND('',#11482,.T.);
#11482=EDGE_LOOP('',(#11483,#11484,#11485));
#11483=ORIENTED_EDGE('',*,*,#11486,.T.);
#11484=ORIENTED_EDGE('',*,*,#11487,.T.);
#11485=ORIENTED_EDGE('',*,*,#11488,.T.);
#11486=EDGE_CURVE('',#85,#615,#11489,.F.);
#11487=EDGE_CURVE('',#615,#681,#11490,.T.);
#11488=EDGE_CURVE('',#681,#85,#11491,.T.);
#11489=LINE('',#84,#11492);
#11490=LINE('',#614,#11493);
#11491=LINE('',#680,#11494);
#11492=VECTOR('',#11495,1.0);
#11493=VECTOR('',#11496,1.0);
#11494=VECTOR('',#11497,1.0);
#11495=DIRECTION('',(0.0766957939133927,0,0.9970545397298959));
#11496=DIRECTION('',(-0.00188899547748479,-0.9999982158464514,0));
#11497=DIRECTION('',(-0.05767341905727759,0.6408473736566286,-0.7654988049707492));
#11498=FACE_SURFACE('',(#11503),#11499,.T.);
#11499=PLANE('',#11500);
#11500=AXIS2_PLACEMENT_3D('',#84,#11501,#11502);
#11501=DIRECTION('',(0.9970527712953886,-0.0018834315361217246,-0.07669565788122686));
#11502=DIRECTION('',(0.05767341905727759,-0.6408473736566286,0.7654988049707492));
#11503=FACE_BOUND('',#11504,.T.);
#11504=EDGE_LOOP('',(#11505,#11506,#11507));
#11505=ORIENTED_EDGE('',*,*,#11508,.T.);
#11506=ORIENTED_EDGE('',*,*,#11509,.T.);
#11507=ORIENTED_EDGE('',*,*,#11510,.T.);
#11508=EDGE_CURVE('',#85,#681,#11511,.F.);
#11509=EDGE_CURVE('',#681,#75,#11512,.T.);
#11510=EDGE_CURVE('',#75,#85,#11513,.T.);
#11511=LINE('',#84,#11514);
#11512=LINE('',#680,#11515);
#11513=LINE('',#74,#11516);
#11514=VECTOR('',#11517,1.0);
#11515=VECTOR('',#11518,1.0);
#11516=VECTOR('',#11519,1.0);
#11517=DIRECTION('',(0.05767341905727759,-0.6408473736566286,0.7654988049707492));
#11518=DIRECTION('',(-0.0766957939133927,0,-0.9970545397298959));
#11519=DIRECTION('',(0.00188899547748479,0.9999982158464514,0));
#11520=FACE_SURFACE('',(#11525),#11521,.T.);
#11521=PLANE('',#11522);
#11522=AXIS2_PLACEMENT_3D('',#282,#11523,#11524);
#11523=DIRECTION('',(0.9970545397298959,0,-0.0766957939133927));
#11524=DIRECTION('',(0.0766957939133927,0,0.9970545397298959));
#11525=FACE_BOUND('',#11526,.T.);
#11526=EDGE_LOOP('',(#11527,#11528,#11529));
#11527=ORIENTED_EDGE('',*,*,#11530,.T.);
#11528=ORIENTED_EDGE('',*,*,#11531,.T.);
#11529=ORIENTED_EDGE('',*,*,#11532,.T.);
#11530=EDGE_CURVE('',#283,#519,#11533,.F.);
#11531=EDGE_CURVE('',#519,#427,#11534,.T.);
#11532=EDGE_CURVE('',#427,#283,#11535,.T.);
#11533=LINE('',#282,#11536);
#11534=LINE('',#518,#11537);
#11535=LINE('',#426,#11538);
#11536=VECTOR('',#11539,1.0);
#11537=VECTOR('',#11540,1.0);
#11538=VECTOR('',#11541,1.0);
#11539=DIRECTION('',(0.0766957939133927,0,0.9970545397298959));
#11540=DIRECTION('',(0,-1,0));
#11541=DIRECTION('',(-0.018172977295889372,0.9715221357374525,-0.2362508892434946));
#11542=FACE_SURFACE('',(#11547),#11543,.T.);
#11543=PLANE('',#11544);
#11544=AXIS2_PLACEMENT_3D('',#282,#11545,#11546);
#11545=DIRECTION('',(0.9970545397298959,0,-0.0766957939133927));
#11546=DIRECTION('',(0.018172977295889372,-0.9715221357374525,0.2362508892434946));
#11547=FACE_BOUND('',#11548,.T.);
#11548=EDGE_LOOP('',(#11549,#11550,#11551));
#11549=ORIENTED_EDGE('',*,*,#11552,.T.);
#11550=ORIENTED_EDGE('',*,*,#11553,.T.);
#11551=ORIENTED_EDGE('',*,*,#11554,.T.);
#11552=EDGE_CURVE('',#283,#427,#11555,.F.);
#11553=EDGE_CURVE('',#427,#285,#11556,.T.);
#11554=EDGE_CURVE('',#285,#283,#11557,.T.);
#11555=LINE('',#282,#11558);
#11556=LINE('',#426,#11559);
#11557=LINE('',#284,#11560);
#11558=VECTOR('',#11561,1.0);
#11559=VECTOR('',#11562,1.0);
#11560=VECTOR('',#11563,1.0);
#11561=DIRECTION('',(0.018172977295889372,-0.9715221357374525,0.2362508892434946));
#11562=DIRECTION('',(-0.0766957939133927,0,-0.9970545397298959));
#11563=DIRECTION('',(0,1,0));
#11564=FACE_SURFACE('',(#11569),#11565,.T.);
#11565=PLANE('',#11566);
#11566=AXIS2_PLACEMENT_3D('',#260,#11567,#11568);
#11567=DIRECTION('',(0,-1,0));
#11568=DIRECTION('',(0.0766957939133927,0,0.9970545397298959));
#11569=FACE_BOUND('',#11570,.T.);
#11570=EDGE_LOOP('',(#11571,#11572,#11573));
#11571=ORIENTED_EDGE('',*,*,#11574,.T.);
#11572=ORIENTED_EDGE('',*,*,#11575,.T.);
#11573=ORIENTED_EDGE('',*,*,#11576,.T.);
#11574=EDGE_CURVE('',#261,#683,#11577,.F.);
#11575=EDGE_CURVE('',#683,#685,#11578,.T.);
#11576=EDGE_CURVE('',#685,#261,#11579,.T.);
#11577=LINE('',#260,#11580);
#11578=LINE('',#682,#11581);
#11579=LINE('',#684,#11582);
#11580=VECTOR('',#11583,1.0);
#11581=VECTOR('',#11584,1.0);
#11582=VECTOR('',#11585,1.0);
#11583=DIRECTION('',(0.0766957939133927,0,0.9970545397298959));
#11584=DIRECTION('',(-1,0,0));
#11585=DIRECTION('',(-0.06927196693372635,0,-0.997597812045081));
#11586=FACE_SURFACE('',(#11591),#11587,.T.);
#11587=PLANE('',#11588);
#11588=AXIS2_PLACEMENT_3D('',#260,#11589,#11590);
#11589=DIRECTION('',(0,-1,0));
#11590=DIRECTION('',(0.06927196693372635,0,0.997597812045081));
#11591=FACE_BOUND('',#11592,.T.);
#11592=EDGE_LOOP('',(#11593,#11594,#11595));
#11593=ORIENTED_EDGE('',*,*,#11596,.T.);
#11594=ORIENTED_EDGE('',*,*,#11597,.T.);
#11595=ORIENTED_EDGE('',*,*,#11598,.T.);
#11596=EDGE_CURVE('',#261,#685,#11599,.F.);
#11597=EDGE_CURVE('',#685,#263,#11600,.T.);
#11598=EDGE_CURVE('',#263,#261,#11601,.T.);
#11599=LINE('',#260,#11602);
#11600=LINE('',#684,#11603);
#11601=LINE('',#262,#11604);
#11602=VECTOR('',#11605,1.0);
#11603=VECTOR('',#11606,1.0);
#11604=VECTOR('',#11607,1.0);
#11605=DIRECTION('',(0.06927196693372635,0,0.997597812045081));
#11606=DIRECTION('',(-0.0766957939133927,0,-0.9970545397298959));
#11607=DIRECTION('',(1,0,0));
#11608=FACE_SURFACE('',(#11613),#11609,.T.);
#11609=PLANE('',#11610);
#11610=AXIS2_PLACEMENT_3D('',#178,#11611,#11612);
#11611=DIRECTION('',(0,1,0));
#11612=DIRECTION('',(0.0766957939133927,0,0.9970545397298959));
#11613=FACE_BOUND('',#11614,.T.);
#11614=EDGE_LOOP('',(#11615,#11616,#11617));
#11615=ORIENTED_EDGE('',*,*,#11618,.T.);
#11616=ORIENTED_EDGE('',*,*,#11619,.T.);
#11617=ORIENTED_EDGE('',*,*,#11620,.T.);
#11618=EDGE_CURVE('',#179,#687,#11621,.F.);
#11619=EDGE_CURVE('',#687,#689,#11622,.T.);
#11620=EDGE_CURVE('',#689,#179,#11623,.T.);
#11621=LINE('',#178,#11624);
#11622=LINE('',#686,#11625);
#11623=LINE('',#688,#11626);
#11624=VECTOR('',#11627,1.0);
#11625=VECTOR('',#11628,1.0);
#11626=VECTOR('',#11629,1.0);
#11627=DIRECTION('',(0.0766957939133927,0,0.9970545397298959));
#11628=DIRECTION('',(1,0,0));
#11629=DIRECTION('',(-0.9636480628681542,0,-0.26717486957132375));
#11630=FACE_SURFACE('',(#11635),#11631,.T.);
#11631=PLANE('',#11632);
#11632=AXIS2_PLACEMENT_3D('',#178,#11633,#11634);
#11633=DIRECTION('',(0,1,0));
#11634=DIRECTION('',(0.9636480628681542,0,0.26717486957132375));
#11635=FACE_BOUND('',#11636,.T.);
#11636=EDGE_LOOP('',(#11637,#11638,#11639));
#11637=ORIENTED_EDGE('',*,*,#11640,.T.);
#11638=ORIENTED_EDGE('',*,*,#11641,.T.);
#11639=ORIENTED_EDGE('',*,*,#11642,.T.);
#11640=EDGE_CURVE('',#179,#689,#11643,.F.);
#11641=EDGE_CURVE('',#689,#187,#11644,.T.);
#11642=EDGE_CURVE('',#187,#179,#11645,.T.);
#11643=LINE('',#178,#11646);
#11644=LINE('',#688,#11647);
#11645=LINE('',#186,#11648);
#11646=VECTOR('',#11649,1.0);
#11647=VECTOR('',#11650,1.0);
#11648=VECTOR('',#11651,1.0);
#11649=DIRECTION('',(0.9636480628681542,0,0.26717486957132375));
#11650=DIRECTION('',(-0.0766957939133927,0,-0.9970545397298959));
#11651=DIRECTION('',(-1,0,0));
#11652=FACE_SURFACE('',(#11657),#11653,.T.);
#11653=PLANE('',#11654);
#11654=AXIS2_PLACEMENT_3D('',#338,#11655,#11656);
#11655=DIRECTION('',(0.9970545397298958,0,-0.0766957939133927));
#11656=DIRECTION('',(0.0766957939133927,0,0.9970545397298959));
#11657=FACE_BOUND('',#11658,.T.);
#11658=EDGE_LOOP('',(#11659,#11660,#11661));
#11659=ORIENTED_EDGE('',*,*,#11662,.T.);
#11660=ORIENTED_EDGE('',*,*,#11663,.T.);
#11661=ORIENTED_EDGE('',*,*,#11664,.T.);
#11662=EDGE_CURVE('',#339,#691,#11665,.F.);
#11663=EDGE_CURVE('',#691,#655,#11666,.T.);
#11664=EDGE_CURVE('',#655,#339,#11667,.T.);
#11665=LINE('',#338,#11668);
#11666=LINE('',#690,#11669);
#11667=LINE('',#654,#11670);
#11668=VECTOR('',#11671,1.0);
#11669=VECTOR('',#11672,1.0);
#11670=VECTOR('',#11673,1.0);
#11671=DIRECTION('',(0.0766957939133927,0,0.9970545397298959));
#11672=DIRECTION('',(0,-1,0));
#11673=DIRECTION('',(-0.016069995125789438,0.9778024271598197,-0.20891186825315283));
#11674=FACE_SURFACE('',(#11679),#11675,.T.);
#11675=PLANE('',#11676);
#11676=AXIS2_PLACEMENT_3D('',#338,#11677,#11678);
#11677=DIRECTION('',(0.9970545397298958,0,-0.0766957939133927));
#11678=DIRECTION('',(0.016069995125789438,-0.9778024271598197,0.20891186825315283));
#11679=FACE_BOUND('',#11680,.T.);
#11680=EDGE_LOOP('',(#11681,#11682,#11683));
#11681=ORIENTED_EDGE('',*,*,#11684,.T.);
#11682=ORIENTED_EDGE('',*,*,#11685,.T.);
#11683=ORIENTED_EDGE('',*,*,#11686,.T.);
#11684=EDGE_CURVE('',#339,#655,#11687,.F.);
#11685=EDGE_CURVE('',#655,#201,#11688,.T.);
#11686=EDGE_CURVE('',#201,#339,#11689,.T.);
#11687=LINE('',#338,#11690);
#11688=LINE('',#654,#11691);
#11689=LINE('',#200,#11692);
#11690=VECTOR('',#11693,1.0);
#11691=VECTOR('',#11694,1.0);
#11692=VECTOR('',#11695,1.0);
#11693=DIRECTION('',(0.016069995125789438,-0.9778024271598197,0.20891186825315283));
#11694=DIRECTION('',(-0.0766957939133927,0,-0.9970545397298959));
#11695=DIRECTION('',(0,1,0));
#11696=FACE_SURFACE('',(#11701),#11697,.T.);
#11697=PLANE('',#11698);
#11698=AXIS2_PLACEMENT_3D('',#264,#11699,#11700);
#11699=DIRECTION('',(0,-1,0));
#11700=DIRECTION('',(0.0766957939133927,0,0.9970545397298959));
#11701=FACE_BOUND('',#11702,.T.);
#11702=EDGE_LOOP('',(#11703,#11704,#11705));
#11703=ORIENTED_EDGE('',*,*,#11706,.T.);
#11704=ORIENTED_EDGE('',*,*,#11707,.T.);
#11705=ORIENTED_EDGE('',*,*,#11708,.T.);
#11706=EDGE_CURVE('',#265,#693,#11709,.F.);
#11707=EDGE_CURVE('',#693,#695,#11710,.T.);
#11708=EDGE_CURVE('',#695,#265,#11711,.T.);
#11709=LINE('',#264,#11712);
#11710=LINE('',#692,#11713);
#11711=LINE('',#694,#11714);
#11712=VECTOR('',#11715,1.0);
#11713=VECTOR('',#11716,1.0);
#11714=VECTOR('',#11717,1.0);
#11715=DIRECTION('',(0.0766957939133927,0,0.9970545397298959));
#11716=DIRECTION('',(-1,0,0));
#11717=DIRECTION('',(0.9772101894233253,0,-0.2122739873070388));
#11718=FACE_SURFACE('',(#11723),#11719,.T.);
#11719=PLANE('',#11720);
#11720=AXIS2_PLACEMENT_3D('',#264,#11721,#11722);
#11721=DIRECTION('',(0,-1,0));
#11722=DIRECTION('',(-0.9772101894233253,0,0.2122739873070388));
#11723=FACE_BOUND('',#11724,.T.);
#11724=EDGE_LOOP('',(#11725,#11726,#11727));
#11725=ORIENTED_EDGE('',*,*,#11728,.T.);
#11726=ORIENTED_EDGE('',*,*,#11729,.T.);
#11727=ORIENTED_EDGE('',*,*,#11730,.T.);
#11728=EDGE_CURVE('',#265,#695,#11731,.F.);
#11729=EDGE_CURVE('',#695,#267,#11732,.T.);
#11730=EDGE_CURVE('',#267,#265,#11733,.T.);
#11731=LINE('',#264,#11734);
#11732=LINE('',#694,#11735);
#11733=LINE('',#266,#11736);
#11734=VECTOR('',#11737,1.0);
#11735=VECTOR('',#11738,1.0);
#11736=VECTOR('',#11739,1.0);
#11737=DIRECTION('',(-0.9772101894233253,0,0.2122739873070388));
#11738=DIRECTION('',(-0.0766957939133927,0,-0.9970545397298959));
#11739=DIRECTION('',(1,0,0));
#11740=FACE_SURFACE('',(#11745),#11741,.T.);
#11741=PLANE('',#11742);
#11742=AXIS2_PLACEMENT_3D('',#342,#11743,#11744);
#11743=DIRECTION('',(0,1,0));
#11744=DIRECTION('',(0.0766957939133927,0,0.9970545397298959));
#11745=FACE_BOUND('',#11746,.T.);
#11746=EDGE_LOOP('',(#11747,#11748,#11749));
#11747=ORIENTED_EDGE('',*,*,#11750,.T.);
#11748=ORIENTED_EDGE('',*,*,#11751,.T.);
#11749=ORIENTED_EDGE('',*,*,#11752,.T.);
#11750=EDGE_CURVE('',#343,#569,#11753,.F.);
#11751=EDGE_CURVE('',#569,#679,#11754,.T.);
#11752=EDGE_CURVE('',#679,#343,#11755,.T.);
#11753=LINE('',#342,#11756);
#11754=LINE('',#568,#11757);
#11755=LINE('',#678,#11758);
#11756=VECTOR('',#11759,1.0);
#11757=VECTOR('',#11760,1.0);
#11758=VECTOR('',#11761,1.0);
#11759=DIRECTION('',(0.0766957939133927,0,0.9970545397298959));
#11760=DIRECTION('',(1,0,0));
#11761=DIRECTION('',(-0.7752905012599268,0,-0.6316048120907025));
#11762=FACE_SURFACE('',(#11767),#11763,.T.);
#11763=PLANE('',#11764);
#11764=AXIS2_PLACEMENT_3D('',#342,#11765,#11766);
#11765=DIRECTION('',(0,1,0));
#11766=DIRECTION('',(0.7752905012599268,0,0.6316048120907025));
#11767=FACE_BOUND('',#11768,.T.);
#11768=EDGE_LOOP('',(#11769,#11770,#11771));
#11769=ORIENTED_EDGE('',*,*,#11772,.T.);
#11770=ORIENTED_EDGE('',*,*,#11773,.T.);
#11771=ORIENTED_EDGE('',*,*,#11774,.T.);
#11772=EDGE_CURVE('',#343,#679,#11775,.F.);
#11773=EDGE_CURVE('',#679,#99,#11776,.T.);
#11774=EDGE_CURVE('',#99,#343,#11777,.T.);
#11775=LINE('',#342,#11778);
#11776=LINE('',#678,#11779);
#11777=LINE('',#98,#11780);
#11778=VECTOR('',#11781,1.0);
#11779=VECTOR('',#11782,1.0);
#11780=VECTOR('',#11783,1.0);
#11781=DIRECTION('',(0.7752905012599268,0,0.6316048120907025));
#11782=DIRECTION('',(-0.0766957939133927,0,-0.9970545397298959));
#11783=DIRECTION('',(-1,0,0));
#11784=FACE_SURFACE('',(#11789),#11785,.T.);
#11785=PLANE('',#11786);
#11786=AXIS2_PLACEMENT_3D('',#186,#11787,#11788);
#11787=DIRECTION('',(0,1,0));
#11788=DIRECTION('',(0.0766957939133927,0,0.9970545397298959));
#11789=FACE_BOUND('',#11790,.T.);
#11790=EDGE_LOOP('',(#11791,#11792,#11793));
#11791=ORIENTED_EDGE('',*,*,#11794,.T.);
#11792=ORIENTED_EDGE('',*,*,#11795,.T.);
#11793=ORIENTED_EDGE('',*,*,#11796,.T.);
#11794=EDGE_CURVE('',#187,#689,#11797,.F.);
#11795=EDGE_CURVE('',#689,#697,#11798,.T.);
#11796=EDGE_CURVE('',#697,#187,#11799,.T.);
#11797=LINE('',#186,#11800);
#11798=LINE('',#688,#11801);
#11799=LINE('',#696,#11802);
#11800=VECTOR('',#11803,1.0);
#11801=VECTOR('',#11804,1.0);
#11802=VECTOR('',#11805,1.0);
#11803=DIRECTION('',(0.0766957939133927,0,0.9970545397298959));
#11804=DIRECTION('',(1,0,0));
#11805=DIRECTION('',(-0.7752905012599268,0,-0.6316048120907025));
#11806=FACE_SURFACE('',(#11811),#11807,.T.);
#11807=PLANE('',#11808);
#11808=AXIS2_PLACEMENT_3D('',#186,#11809,#11810);
#11809=DIRECTION('',(0,1,0));
#11810=DIRECTION('',(0.7752905012599268,0,0.6316048120907025));
#11811=FACE_BOUND('',#11812,.T.);
#11812=EDGE_LOOP('',(#11813,#11814,#11815));
#11813=ORIENTED_EDGE('',*,*,#11816,.T.);
#11814=ORIENTED_EDGE('',*,*,#11817,.T.);
#11815=ORIENTED_EDGE('',*,*,#11818,.T.);
#11816=EDGE_CURVE('',#187,#697,#11819,.F.);
#11817=EDGE_CURVE('',#697,#191,#11820,.T.);
#11818=EDGE_CURVE('',#191,#187,#11821,.T.);
#11819=LINE('',#186,#11822);
#11820=LINE('',#696,#11823);
#11821=LINE('',#190,#11824);
#11822=VECTOR('',#11825,1.0);
#11823=VECTOR('',#11826,1.0);
#11824=VECTOR('',#11827,1.0);
#11825=DIRECTION('',(0.7752905012599268,0,0.6316048120907025));
#11826=DIRECTION('',(-0.0766957939133927,0,-0.9970545397298959));
#11827=DIRECTION('',(-1,0,0));
#11828=FACE_SURFACE('',(#11833),#11829,.T.);
#11829=PLANE('',#11830);
#11830=AXIS2_PLACEMENT_3D('',#340,#11831,#11832);
#11831=DIRECTION('',(0,1,0));
#11832=DIRECTION('',(0.0766957939133927,0,0.9970545397298959));
#11833=FACE_BOUND('',#11834,.T.);
#11834=EDGE_LOOP('',(#11835,#11836,#11837));
#11835=ORIENTED_EDGE('',*,*,#11838,.T.);
#11836=ORIENTED_EDGE('',*,*,#11839,.T.);
#11837=ORIENTED_EDGE('',*,*,#11840,.T.);
#11838=EDGE_CURVE('',#341,#699,#11841,.F.);
#11839=EDGE_CURVE('',#699,#653,#11842,.T.);
#11840=EDGE_CURVE('',#653,#341,#11843,.T.);
#11841=LINE('',#340,#11844);
#11842=LINE('',#698,#11845);
#11843=LINE('',#652,#11846);
#11844=VECTOR('',#11847,1.0);
#11845=VECTOR('',#11848,1.0);
#11846=VECTOR('',#11849,1.0);
#11847=DIRECTION('',(0.0766957939133927,0,0.9970545397298959));
#11848=DIRECTION('',(1,0,0));
#11849=DIRECTION('',(-0.7752905012599268,0,-0.6316048120907025));
#11850=FACE_SURFACE('',(#11855),#11851,.T.);
#11851=PLANE('',#11852);
#11852=AXIS2_PLACEMENT_3D('',#340,#11853,#11854);
#11853=DIRECTION('',(0,1,0));
#11854=DIRECTION('',(0.7752905012599268,0,0.6316048120907025));
#11855=FACE_BOUND('',#11856,.T.);
#11856=EDGE_LOOP('',(#11857,#11858,#11859));
#11857=ORIENTED_EDGE('',*,*,#11860,.T.);
#11858=ORIENTED_EDGE('',*,*,#11861,.T.);
#11859=ORIENTED_EDGE('',*,*,#11862,.T.);
#11860=EDGE_CURVE('',#341,#653,#11863,.F.);
#11861=EDGE_CURVE('',#653,#205,#11864,.T.);
#11862=EDGE_CURVE('',#205,#341,#11865,.T.);
#11863=LINE('',#340,#11866);
#11864=LINE('',#652,#11867);
#11865=LINE('',#204,#11868);
#11866=VECTOR('',#11869,1.0);
#11867=VECTOR('',#11870,1.0);
#11868=VECTOR('',#11871,1.0);
#11869=DIRECTION('',(0.7752905012599268,0,0.6316048120907025));
#11870=DIRECTION('',(-0.0766957939133927,0,-0.9970545397298959));
#11871=DIRECTION('',(-1,0,0));
#11872=FACE_SURFACE('',(#11877),#11873,.T.);
#11873=PLANE('',#11874);
#11874=AXIS2_PLACEMENT_3D('',#180,#11875,#11876);
#11875=DIRECTION('',(0,-1,0));
#11876=DIRECTION('',(0.0766957939133927,0,0.9970545397298959));
#11877=FACE_BOUND('',#11878,.T.);
#11878=EDGE_LOOP('',(#11879,#11880,#11881));
#11879=ORIENTED_EDGE('',*,*,#11882,.T.);
#11880=ORIENTED_EDGE('',*,*,#11883,.T.);
#11881=ORIENTED_EDGE('',*,*,#11884,.T.);
#11882=EDGE_CURVE('',#181,#497,#11885,.F.);
#11883=EDGE_CURVE('',#497,#691,#11886,.T.);
#11884=EDGE_CURVE('',#691,#181,#11887,.T.);
#11885=LINE('',#180,#11888);
#11886=LINE('',#496,#11889);
#11887=LINE('',#690,#11890);
#11888=VECTOR('',#11891,1.0);
#11889=VECTOR('',#11892,1.0);
#11890=VECTOR('',#11893,1.0);
#11891=DIRECTION('',(0.0766957939133927,0,0.9970545397298959));
#11892=DIRECTION('',(-1,0,0));
#11893=DIRECTION('',(0.9772101650260809,0,-0.21227409962051305));
#11894=FACE_SURFACE('',(#11899),#11895,.T.);
#11895=PLANE('',#11896);
#11896=AXIS2_PLACEMENT_3D('',#180,#11897,#11898);
#11897=DIRECTION('',(0,-1,0));
#11898=DIRECTION('',(-0.9772101650260809,0,0.21227409962051305));
#11899=FACE_BOUND('',#11900,.T.);
#11900=EDGE_LOOP('',(#11901,#11902,#11903));
#11901=ORIENTED_EDGE('',*,*,#11904,.T.);
#11902=ORIENTED_EDGE('',*,*,#11905,.T.);
#11903=ORIENTED_EDGE('',*,*,#11906,.T.);
#11904=EDGE_CURVE('',#181,#691,#11907,.F.);
#11905=EDGE_CURVE('',#691,#339,#11908,.T.);
#11906=EDGE_CURVE('',#339,#181,#11909,.T.);
#11907=LINE('',#180,#11910);
#11908=LINE('',#690,#11911);
#11909=LINE('',#338,#11912);
#11910=VECTOR('',#11913,1.0);
#11911=VECTOR('',#11914,1.0);
#11912=VECTOR('',#11915,1.0);
#11913=DIRECTION('',(-0.9772101650260809,0,0.21227409962051305));
#11914=DIRECTION('',(-0.0766957939133927,0,-0.9970545397298959));
#11915=DIRECTION('',(1,0,0));
#11916=FACE_SURFACE('',(#11921),#11917,.T.);
#11917=PLANE('',#11918);
#11918=AXIS2_PLACEMENT_3D('',#168,#11919,#11920);
#11919=DIRECTION('',(-0.9970545397298959,0,0.0766957939133927));
#11920=DIRECTION('',(0.0766957939133927,0,0.9970545397298959));
#11921=FACE_BOUND('',#11922,.T.);
#11922=EDGE_LOOP('',(#11923,#11924,#11925));
#11923=ORIENTED_EDGE('',*,*,#11926,.T.);
#11924=ORIENTED_EDGE('',*,*,#11927,.T.);
#11925=ORIENTED_EDGE('',*,*,#11928,.T.);
#11926=EDGE_CURVE('',#169,#567,#11929,.F.);
#11927=EDGE_CURVE('',#567,#701,#11930,.T.);
#11928=EDGE_CURVE('',#701,#169,#11931,.T.);
#11929=LINE('',#168,#11932);
#11930=LINE('',#566,#11933);
#11931=LINE('',#700,#11934);
#11932=VECTOR('',#11935,1.0);
#11933=VECTOR('',#11936,1.0);
#11934=VECTOR('',#11937,1.0);
#11935=DIRECTION('',(0.0766957939133927,0,0.9970545397298959));
#11936=DIRECTION('',(0,1,0));
#11937=DIRECTION('',(-0.020962023056893184,-0.9619249123237957,-0.27250881938062144));
#11938=FACE_SURFACE('',(#11943),#11939,.T.);
#11939=PLANE('',#11940);
#11940=AXIS2_PLACEMENT_3D('',#168,#11941,#11942);
#11941=DIRECTION('',(-0.9970545397298959,0,0.0766957939133927));
#11942=DIRECTION('',(0.020962023056893184,0.9619249123237957,0.27250881938062144));
#11943=FACE_BOUND('',#11944,.T.);
#11944=EDGE_LOOP('',(#11945,#11946,#11947));
#11945=ORIENTED_EDGE('',*,*,#11948,.T.);
#11946=ORIENTED_EDGE('',*,*,#11949,.T.);
#11947=ORIENTED_EDGE('',*,*,#11950,.T.);
#11948=EDGE_CURVE('',#169,#701,#11951,.F.);
#11949=EDGE_CURVE('',#701,#171,#11952,.T.);
#11950=EDGE_CURVE('',#171,#169,#11953,.T.);
#11951=LINE('',#168,#11954);
#11952=LINE('',#700,#11955);
#11953=LINE('',#170,#11956);
#11954=VECTOR('',#11957,1.0);
#11955=VECTOR('',#11958,1.0);
#11956=VECTOR('',#11959,1.0);
#11957=DIRECTION('',(0.020962023056893184,0.9619249123237957,0.27250881938062144));
#11958=DIRECTION('',(-0.0766957939133927,0,-0.9970545397298959));
#11959=DIRECTION('',(0,-1,0));
#11960=FACE_SURFACE('',(#11965),#11961,.T.);
#11961=PLANE('',#11962);
#11962=AXIS2_PLACEMENT_3D('',#638,#11963,#11964);
#11963=DIRECTION('',(-0.9969197044290097,0.016445446605328852,0.076685397613413));
#11964=DIRECTION('',(0.07669576960426647,0,0.997054541599811));
#11965=FACE_BOUND('',#11966,.T.);
#11966=EDGE_LOOP('',(#11967,#11968,#11969));
#11967=ORIENTED_EDGE('',*,*,#11970,.T.);
#11968=ORIENTED_EDGE('',*,*,#11971,.T.);
#11969=ORIENTED_EDGE('',*,*,#11972,.T.);
#11970=EDGE_CURVE('',#639,#703,#11973,.F.);
#11971=EDGE_CURVE('',#703,#693,#11974,.T.);
#11972=EDGE_CURVE('',#693,#639,#11975,.T.);
#11973=LINE('',#638,#11976);
#11974=LINE('',#702,#11977);
#11975=LINE('',#692,#11978);
#11976=VECTOR('',#11979,1.0);
#11977=VECTOR('',#11980,1.0);
#11978=VECTOR('',#11981,1.0);
#11979=DIRECTION('',(0.07669576960426647,0,0.997054541599811));
#11980=DIRECTION('',(0,0.9777688039840102,-0.20968587447817805));
#11981=DIRECTION('',(-0.07673552647458243,-0.002438219319725068,-0.9970485013594964));
#11982=FACE_SURFACE('',(#11987),#11983,.T.);
#11983=PLANE('',#11984);
#11984=AXIS2_PLACEMENT_3D('',#638,#11985,#11986);
#11985=DIRECTION('',(-0.9969198664263689,0.01643545120315806,0.07668543452429073));
#11986=DIRECTION('',(0.07673552647458243,0.002438219319725068,0.9970485013594964));
#11987=FACE_BOUND('',#11988,.T.);
#11988=EDGE_LOOP('',(#11989,#11990,#11991));
#11989=ORIENTED_EDGE('',*,*,#11992,.T.);
#11990=ORIENTED_EDGE('',*,*,#11993,.T.);
#11991=ORIENTED_EDGE('',*,*,#11994,.T.);
#11992=EDGE_CURVE('',#639,#693,#11995,.F.);
#11993=EDGE_CURVE('',#693,#265,#11996,.T.);
#11994=EDGE_CURVE('',#265,#639,#11997,.T.);
#11995=LINE('',#638,#11998);
#11996=LINE('',#692,#11999);
#11997=LINE('',#264,#12000);
#11998=VECTOR('',#12001,1.0);
#11999=VECTOR('',#12002,1.0);
#12000=VECTOR('',#12003,1.0);
#12001=DIRECTION('',(0.07673552647458243,0.002438219319725068,0.9970485013594964));
#12002=DIRECTION('',(-0.0766957939133927,0,-0.9970545397298959));
#12003=DIRECTION('',(0,-0.9777949471407574,0.20956393140520016));
#12004=FACE_SURFACE('',(#12009),#12005,.T.);
#12005=PLANE('',#12006);
#12006=AXIS2_PLACEMENT_3D('',#546,#12007,#12008);
#12007=DIRECTION('',(0,0,1));
#12008=DIRECTION('',(0,-1,0));
#12009=FACE_BOUND('',#12010,.T.);
#12010=EDGE_LOOP('',(#12011,#12012,#12013));
#12011=ORIENTED_EDGE('',*,*,#12014,.T.);
#12012=ORIENTED_EDGE('',*,*,#12015,.T.);
#12013=ORIENTED_EDGE('',*,*,#12016,.T.);
#12014=EDGE_CURVE('',#547,#545,#12017,.F.);
#12015=EDGE_CURVE('',#545,#615,#12018,.T.);
#12016=EDGE_CURVE('',#615,#547,#12019,.T.);
#12017=LINE('',#546,#12020);
#12018=LINE('',#544,#12021);
#12019=LINE('',#614,#12022);
#12020=VECTOR('',#12023,1.0);
#12021=VECTOR('',#12024,1.0);
#12022=VECTOR('',#12025,1.0);
#12023=DIRECTION('',(0,-1,0));
#12024=DIRECTION('',(1,0,0));
#12025=DIRECTION('',(-0.24202849847428234,0.9702691409739281,0));
#12026=FACE_SURFACE('',(#12031),#12027,.T.);
#12027=PLANE('',#12028);
#12028=AXIS2_PLACEMENT_3D('',#614,#12029,#12030);
#12029=DIRECTION('',(0,-0,1));
#12030=DIRECTION('',(0.0018888167982617275,0.9999982161839603,0));
#12031=FACE_BOUND('',#12032,.T.);
#12032=EDGE_LOOP('',(#12033,#12034,#12035));
#12033=ORIENTED_EDGE('',*,*,#12036,.T.);
#12034=ORIENTED_EDGE('',*,*,#12037,.T.);
#12035=ORIENTED_EDGE('',*,*,#12038,.T.);
#12036=EDGE_CURVE('',#615,#583,#12039,.F.);
#12037=EDGE_CURVE('',#583,#605,#12040,.T.);
#12038=EDGE_CURVE('',#605,#615,#12041,.T.);
#12039=LINE('',#614,#12042);
#12040=LINE('',#582,#12043);
#12041=LINE('',#604,#12044);
#12042=VECTOR('',#12045,1.0);
#12043=VECTOR('',#12046,1.0);
#12044=VECTOR('',#12047,1.0);
#12045=DIRECTION('',(0.0018888167982617275,0.9999982161839603,0));
#12046=DIRECTION('',(-1,0,0));
#12047=DIRECTION('',(0.18488193460207356,-0.9827607390701943,0));
#12048=FACE_SURFACE('',(#12053),#12049,.T.);
#12049=PLANE('',#12050);
#12050=AXIS2_PLACEMENT_3D('',#614,#12051,#12052);
#12051=DIRECTION('',(0,0,1));
#12052=DIRECTION('',(-0.18488193460207356,0.9827607390701943,0));
#12053=FACE_BOUND('',#12054,.T.);
#12054=EDGE_LOOP('',(#12055,#12056,#12057));
#12055=ORIENTED_EDGE('',*,*,#12058,.T.);
#12056=ORIENTED_EDGE('',*,*,#12059,.T.);
#12057=ORIENTED_EDGE('',*,*,#12060,.T.);
#12058=EDGE_CURVE('',#615,#605,#12061,.F.);
#12059=EDGE_CURVE('',#605,#547,#12062,.T.);
#12060=EDGE_CURVE('',#547,#615,#12063,.T.);
#12061=LINE('',#614,#12064);
#12062=LINE('',#604,#12065);
#12063=LINE('',#546,#12066);
#12064=VECTOR('',#12067,1.0);
#12065=VECTOR('',#12068,1.0);
#12066=VECTOR('',#12069,1.0);
#12067=DIRECTION('',(-0.18488193460207356,0.9827607390701943,0));
#12068=DIRECTION('',(0,-1,0));
#12069=DIRECTION('',(0.24202849847428234,-0.9702691409739281,0));
#12070=FACE_SURFACE('',(#12075),#12071,.T.);
#12071=PLANE('',#12072);
#12072=AXIS2_PLACEMENT_3D('',#192,#12073,#12074);
#12073=DIRECTION('',(-0.9970545397298958,0,0.07669579391339269));
#12074=DIRECTION('',(0.0766957939133927,0,0.9970545397298959));
#12075=FACE_BOUND('',#12076,.T.);
#12076=EDGE_LOOP('',(#12077,#12078,#12079));
#12077=ORIENTED_EDGE('',*,*,#12080,.T.);
#12078=ORIENTED_EDGE('',*,*,#12081,.T.);
#12079=ORIENTED_EDGE('',*,*,#12082,.T.);
#12080=EDGE_CURVE('',#193,#705,#12083,.F.);
#12081=EDGE_CURVE('',#705,#563,#12084,.T.);
#12082=EDGE_CURVE('',#563,#193,#12085,.T.);
#12083=LINE('',#192,#12086);
#12084=LINE('',#704,#12087);
#12085=LINE('',#562,#12088);
#12086=VECTOR('',#12089,1.0);
#12087=VECTOR('',#12090,1.0);
#12088=VECTOR('',#12091,1.0);
#12089=DIRECTION('',(0.0766957939133927,0,0.9970545397298959));
#12090=DIRECTION('',(0,1,0));
#12091=DIRECTION('',(-0.05039640676703723,-0.753807955658406,-0.6551593456336144));
#12092=FACE_SURFACE('',(#12097),#12093,.T.);
#12093=PLANE('',#12094);
#12094=AXIS2_PLACEMENT_3D('',#192,#12095,#12096);
#12095=DIRECTION('',(-0.9970545397298958,0,0.07669579391339269));
#12096=DIRECTION('',(0.05039640676703723,0.753807955658406,0.6551593456336144));
#12097=FACE_BOUND('',#12098,.T.);
#12098=EDGE_LOOP('',(#12099,#12100,#12101));
#12099=ORIENTED_EDGE('',*,*,#12102,.T.);
#12100=ORIENTED_EDGE('',*,*,#12103,.T.);
#12101=ORIENTED_EDGE('',*,*,#12104,.T.);
#12102=EDGE_CURVE('',#193,#563,#12105,.F.);
#12103=EDGE_CURVE('',#563,#197,#12106,.T.);
#12104=EDGE_CURVE('',#197,#193,#12107,.T.);
#12105=LINE('',#192,#12108);
#12106=LINE('',#562,#12109);
#12107=LINE('',#196,#12110);
#12108=VECTOR('',#12111,1.0);
#12109=VECTOR('',#12112,1.0);
#12110=VECTOR('',#12113,1.0);
#12111=DIRECTION('',(0.05039640676703723,0.753807955658406,0.6551593456336144));
#12112=DIRECTION('',(-0.0766957939133927,0,-0.9970545397298959));
#12113=DIRECTION('',(0,-1,0));
#12114=FACE_SURFACE('',(#12119),#12115,.T.);
#12115=PLANE('',#12116);
#12116=AXIS2_PLACEMENT_3D('',#96,#12117,#12118);
#12117=DIRECTION('',(0,1,0));
#12118=DIRECTION('',(0.0766957939133927,0,0.9970545397298959));
#12119=FACE_BOUND('',#12120,.T.);
#12120=EDGE_LOOP('',(#12121,#12122,#12123));
#12121=ORIENTED_EDGE('',*,*,#12124,.T.);
#12122=ORIENTED_EDGE('',*,*,#12125,.T.);
#12123=ORIENTED_EDGE('',*,*,#12126,.T.);
#12124=EDGE_CURVE('',#97,#619,#12127,.F.);
#12125=EDGE_CURVE('',#619,#699,#12128,.T.);
#12126=EDGE_CURVE('',#699,#97,#12129,.T.);
#12127=LINE('',#96,#12130);
#12128=LINE('',#618,#12131);
#12129=LINE('',#698,#12132);
#12130=VECTOR('',#12133,1.0);
#12131=VECTOR('',#12134,1.0);
#12132=VECTOR('',#12135,1.0);
#12133=DIRECTION('',(0.0766957939133927,0,0.9970545397298959));
#12134=DIRECTION('',(1,0,0));
#12135=DIRECTION('',(-0.9636480142232513,0,-0.26717504502401507));
#12136=FACE_SURFACE('',(#12141),#12137,.T.);
#12137=PLANE('',#12138);
#12138=AXIS2_PLACEMENT_3D('',#96,#12139,#12140);
#12139=DIRECTION('',(0,1,0));
#12140=DIRECTION('',(0.9636480142232513,0,0.26717504502401507));
#12141=FACE_BOUND('',#12142,.T.);
#12142=EDGE_LOOP('',(#12143,#12144,#12145));
#12143=ORIENTED_EDGE('',*,*,#12146,.T.);
#12144=ORIENTED_EDGE('',*,*,#12147,.T.);
#12145=ORIENTED_EDGE('',*,*,#12148,.T.);
#12146=EDGE_CURVE('',#97,#699,#12149,.F.);
#12147=EDGE_CURVE('',#699,#341,#12150,.T.);
#12148=EDGE_CURVE('',#341,#97,#12151,.T.);
#12149=LINE('',#96,#12152);
#12150=LINE('',#698,#12153);
#12151=LINE('',#340,#12154);
#12152=VECTOR('',#12155,1.0);
#12153=VECTOR('',#12156,1.0);
#12154=VECTOR('',#12157,1.0);
#12155=DIRECTION('',(0.9636480142232513,0,0.26717504502401507));
#12156=DIRECTION('',(-0.0766957939133927,0,-0.9970545397298959));
#12157=DIRECTION('',(-1,0,0));
#12158=FACE_SURFACE('',(#12163),#12159,.T.);
#12159=PLANE('',#12160);
#12160=AXIS2_PLACEMENT_3D('',#198,#12161,#12162);
#12161=DIRECTION('',(0,-1,0));
#12162=DIRECTION('',(0.0766957939133927,0,0.9970545397298959));
#12163=FACE_BOUND('',#12164,.T.);
#12164=EDGE_LOOP('',(#12165,#12166,#12167));
#12165=ORIENTED_EDGE('',*,*,#12168,.T.);
#12166=ORIENTED_EDGE('',*,*,#12169,.T.);
#12167=ORIENTED_EDGE('',*,*,#12170,.T.);
#12168=EDGE_CURVE('',#199,#565,#12171,.F.);
#12169=EDGE_CURVE('',#565,#707,#12172,.T.);
#12170=EDGE_CURVE('',#707,#199,#12173,.T.);
#12171=LINE('',#198,#12174);
#12172=LINE('',#564,#12175);
#12173=LINE('',#706,#12176);
#12174=VECTOR('',#12177,1.0);
#12175=VECTOR('',#12178,1.0);
#12176=VECTOR('',#12179,1.0);
#12177=DIRECTION('',(0.0766957939133927,0,0.9970545397298959));
#12178=DIRECTION('',(-1,0,0));
#12179=DIRECTION('',(0.7317592128530105,0,-0.6815632431438351));
#12180=FACE_SURFACE('',(#12185),#12181,.T.);
#12181=PLANE('',#12182);
#12182=AXIS2_PLACEMENT_3D('',#198,#12183,#12184);
#12183=DIRECTION('',(0,-1,0));
#12184=DIRECTION('',(-0.7317592128530105,0,0.6815632431438351));
#12185=FACE_BOUND('',#12186,.T.);
#12186=EDGE_LOOP('',(#12187,#12188,#12189));
#12187=ORIENTED_EDGE('',*,*,#12190,.T.);
#12188=ORIENTED_EDGE('',*,*,#12191,.T.);
#12189=ORIENTED_EDGE('',*,*,#12192,.T.);
#12190=EDGE_CURVE('',#199,#707,#12193,.F.);
#12191=EDGE_CURVE('',#707,#175,#12194,.T.);
#12192=EDGE_CURVE('',#175,#199,#12195,.T.);
#12193=LINE('',#198,#12196);
#12194=LINE('',#706,#12197);
#12195=LINE('',#174,#12198);
#12196=VECTOR('',#12199,1.0);
#12197=VECTOR('',#12200,1.0);
#12198=VECTOR('',#12201,1.0);
#12199=DIRECTION('',(-0.7317592128530105,0,0.6815632431438351));
#12200=DIRECTION('',(-0.0766957939133927,0,-0.9970545397298959));
#12201=DIRECTION('',(1,0,0));
#12202=FACE_SURFACE('',(#12207),#12203,.T.);
#12203=PLANE('',#12204);
#12204=AXIS2_PLACEMENT_3D('',#190,#12205,#12206);
#12205=DIRECTION('',(-0.9970545397298959,0,0.0766957939133927));
#12206=DIRECTION('',(0.0766957939133927,0,0.9970545397298959));
#12207=FACE_BOUND('',#12208,.T.);
#12208=EDGE_LOOP('',(#12209,#12210,#12211));
#12209=ORIENTED_EDGE('',*,*,#12212,.T.);
#12210=ORIENTED_EDGE('',*,*,#12213,.T.);
#12211=ORIENTED_EDGE('',*,*,#12214,.T.);
#12212=EDGE_CURVE('',#191,#697,#12215,.F.);
#12213=EDGE_CURVE('',#697,#705,#12216,.T.);
#12214=EDGE_CURVE('',#705,#191,#12217,.T.);
#12215=LINE('',#190,#12218);
#12216=LINE('',#696,#12219);
#12217=LINE('',#704,#12220);
#12218=VECTOR('',#12221,1.0);
#12219=VECTOR('',#12222,1.0);
#12220=VECTOR('',#12223,1.0);
#12221=DIRECTION('',(0.0766957939133927,0,0.9970545397298959));
#12222=DIRECTION('',(0,1,0));
#12223=DIRECTION('',(-0.020962023056893184,-0.9619249123237957,-0.27250881938062144));
#12224=FACE_SURFACE('',(#12229),#12225,.T.);
#12225=PLANE('',#12226);
#12226=AXIS2_PLACEMENT_3D('',#190,#12227,#12228);
#12227=DIRECTION('',(-0.9970545397298959,0,0.0766957939133927));
#12228=DIRECTION('',(0.020962023056893184,0.9619249123237957,0.27250881938062144));
#12229=FACE_BOUND('',#12230,.T.);
#12230=EDGE_LOOP('',(#12231,#12232,#12233));
#12231=ORIENTED_EDGE('',*,*,#12234,.T.);
#12232=ORIENTED_EDGE('',*,*,#12235,.T.);
#12233=ORIENTED_EDGE('',*,*,#12236,.T.);
#12234=EDGE_CURVE('',#191,#705,#12237,.F.);
#12235=EDGE_CURVE('',#705,#193,#12238,.T.);
#12236=EDGE_CURVE('',#193,#191,#12239,.T.);
#12237=LINE('',#190,#12240);
#12238=LINE('',#704,#12241);
#12239=LINE('',#192,#12242);
#12240=VECTOR('',#12243,1.0);
#12241=VECTOR('',#12244,1.0);
#12242=VECTOR('',#12245,1.0);
#12243=DIRECTION('',(0.020962023056893184,0.9619249123237957,0.27250881938062144));
#12244=DIRECTION('',(-0.0766957939133927,0,-0.9970545397298959));
#12245=DIRECTION('',(0,-1,0));
#12246=FACE_SURFACE('',(#12251),#12247,.T.);
#12247=PLANE('',#12248);
#12248=AXIS2_PLACEMENT_3D('',#68,#12249,#12250);
#12249=DIRECTION('',(0.9970545397298958,0,-0.07669579391339269));
#12250=DIRECTION('',(0.0766957939133927,0,0.9970545397298959));
#12251=FACE_BOUND('',#12252,.T.);
#12252=EDGE_LOOP('',(#12253,#12254,#12255));
#12253=ORIENTED_EDGE('',*,*,#12256,.T.);
#12254=ORIENTED_EDGE('',*,*,#12257,.T.);
#12255=ORIENTED_EDGE('',*,*,#12258,.T.);
#12256=EDGE_CURVE('',#69,#591,#12259,.F.);
#12257=EDGE_CURVE('',#591,#677,#12260,.T.);
#12258=EDGE_CURVE('',#677,#69,#12261,.T.);
#12259=LINE('',#68,#12262);
#12260=LINE('',#590,#12263);
#12261=LINE('',#676,#12264);
#12262=VECTOR('',#12265,1.0);
#12263=VECTOR('',#12266,1.0);
#12264=VECTOR('',#12267,1.0);
#12265=DIRECTION('',(0.0766957939133927,0,0.9970545397298959));
#12266=DIRECTION('',(0,-1,0));
#12267=DIRECTION('',(-0.016069993032544652,0.9778024330082797,-0.20891184104071903));
#12268=FACE_SURFACE('',(#12273),#12269,.T.);
#12269=PLANE('',#12270);
#12270=AXIS2_PLACEMENT_3D('',#68,#12271,#12272);
#12271=DIRECTION('',(0.9970545397298958,0,-0.07669579391339269));
#12272=DIRECTION('',(0.016069993032544652,-0.9778024330082797,0.20891184104071903));
#12273=FACE_BOUND('',#12274,.T.);
#12274=EDGE_LOOP('',(#12275,#12276,#12277));
#12275=ORIENTED_EDGE('',*,*,#12278,.T.);
#12276=ORIENTED_EDGE('',*,*,#12279,.T.);
#12277=ORIENTED_EDGE('',*,*,#12280,.T.);
#12278=EDGE_CURVE('',#69,#677,#12281,.F.);
#12279=EDGE_CURVE('',#677,#71,#12282,.T.);
#12280=EDGE_CURVE('',#71,#69,#12283,.T.);
#12281=LINE('',#68,#12284);
#12282=LINE('',#676,#12285);
#12283=LINE('',#70,#12286);
#12284=VECTOR('',#12287,1.0);
#12285=VECTOR('',#12288,1.0);
#12286=VECTOR('',#12289,1.0);
#12287=DIRECTION('',(0.016069993032544652,-0.9778024330082797,0.20891184104071903));
#12288=DIRECTION('',(-0.0766957939133927,0,-0.9970545397298959));
#12289=DIRECTION('',(0,1,0));
#12290=FACE_SURFACE('',(#12295),#12291,.T.);
#12291=PLANE('',#12292);
#12292=AXIS2_PLACEMENT_3D('',#270,#12293,#12294);
#12293=DIRECTION('',(0.9970545397298958,0,-0.07669579391339269));
#12294=DIRECTION('',(0.0766957939133927,0,0.9970545397298959));
#12295=FACE_BOUND('',#12296,.T.);
#12296=EDGE_LOOP('',(#12297,#12298,#12299));
#12297=ORIENTED_EDGE('',*,*,#12300,.T.);
#12298=ORIENTED_EDGE('',*,*,#12301,.T.);
#12299=ORIENTED_EDGE('',*,*,#12302,.T.);
#12300=EDGE_CURVE('',#271,#709,#12303,.F.);
#12301=EDGE_CURVE('',#709,#433,#12304,.T.);
#12302=EDGE_CURVE('',#433,#271,#12305,.T.);
#12303=LINE('',#270,#12306);
#12304=LINE('',#708,#12307);
#12305=LINE('',#432,#12308);
#12306=VECTOR('',#12309,1.0);
#12307=VECTOR('',#12310,1.0);
#12308=VECTOR('',#12311,1.0);
#12309=DIRECTION('',(0.0766957939133927,0,0.9970545397298959));
#12310=DIRECTION('',(0,-1,0));
#12311=DIRECTION('',(-0.07577192308565751,0.15474728147651476,-0.9850441079198076));
#12312=FACE_SURFACE('',(#12317),#12313,.T.);
#12313=PLANE('',#12314);
#12314=AXIS2_PLACEMENT_3D('',#270,#12315,#12316);
#12315=DIRECTION('',(0.9970545397298958,0,-0.07669579391339269));
#12316=DIRECTION('',(0.07577192308565751,-0.15474728147651476,0.9850441079198076));
#12317=FACE_BOUND('',#12318,.T.);
#12318=EDGE_LOOP('',(#12319,#12320,#12321));
#12319=ORIENTED_EDGE('',*,*,#12322,.T.);
#12320=ORIENTED_EDGE('',*,*,#12323,.T.);
#12321=ORIENTED_EDGE('',*,*,#12324,.T.);
#12322=EDGE_CURVE('',#271,#433,#12325,.F.);
#12323=EDGE_CURVE('',#433,#273,#12326,.T.);
#12324=EDGE_CURVE('',#273,#271,#12327,.T.);
#12325=LINE('',#270,#12328);
#12326=LINE('',#432,#12329);
#12327=LINE('',#272,#12330);
#12328=VECTOR('',#12331,1.0);
#12329=VECTOR('',#12332,1.0);
#12330=VECTOR('',#12333,1.0);
#12331=DIRECTION('',(0.07577192308565751,-0.15474728147651476,0.9850441079198076));
#12332=DIRECTION('',(-0.0766957939133927,0,-0.9970545397298959));
#12333=DIRECTION('',(0,1,0));
#12334=FACE_SURFACE('',(#12339),#12335,.T.);
#12335=PLANE('',#12336);
#12336=AXIS2_PLACEMENT_3D('',#76,#12337,#12338);
#12337=DIRECTION('',(0.9970545397298959,0,-0.0766957939133927));
#12338=DIRECTION('',(0.0766957939133927,0,0.9970545397298959));
#12339=FACE_BOUND('',#12340,.T.);
#12340=EDGE_LOOP('',(#12341,#12342,#12343));
#12341=ORIENTED_EDGE('',*,*,#12344,.T.);
#12342=ORIENTED_EDGE('',*,*,#12345,.T.);
#12343=ORIENTED_EDGE('',*,*,#12346,.T.);
#12344=EDGE_CURVE('',#77,#711,#12347,.F.);
#12345=EDGE_CURVE('',#711,#533,#12348,.T.);
#12346=EDGE_CURVE('',#533,#77,#12349,.T.);
#12347=LINE('',#76,#12350);
#12348=LINE('',#710,#12351);
#12349=LINE('',#532,#12352);
#12350=VECTOR('',#12353,1.0);
#12351=VECTOR('',#12354,1.0);
#12352=VECTOR('',#12355,1.0);
#12353=DIRECTION('',(0.0766957939133927,0,0.9970545397298959));
#12354=DIRECTION('',(0,-1,0));
#12355=DIRECTION('',(-0.05847684477042901,0.6470450367194718,-0.7602060109486063));
#12356=FACE_SURFACE('',(#12361),#12357,.T.);
#12357=PLANE('',#12358);
#12358=AXIS2_PLACEMENT_3D('',#76,#12359,#12360);
#12359=DIRECTION('',(0.9970545397298959,0,-0.0766957939133927));
#12360=DIRECTION('',(0.05847684477042901,-0.6470450367194718,0.7602060109486063));
#12361=FACE_BOUND('',#12362,.T.);
#12362=EDGE_LOOP('',(#12363,#12364,#12365));
#12363=ORIENTED_EDGE('',*,*,#12366,.T.);
#12364=ORIENTED_EDGE('',*,*,#12367,.T.);
#12365=ORIENTED_EDGE('',*,*,#12368,.T.);
#12366=EDGE_CURVE('',#77,#533,#12369,.F.);
#12367=EDGE_CURVE('',#533,#79,#12370,.T.);
#12368=EDGE_CURVE('',#79,#77,#12371,.T.);
#12369=LINE('',#76,#12372);
#12370=LINE('',#532,#12373);
#12371=LINE('',#78,#12374);
#12372=VECTOR('',#12375,1.0);
#12373=VECTOR('',#12376,1.0);
#12374=VECTOR('',#12377,1.0);
#12375=DIRECTION('',(0.05847684477042901,-0.6470450367194718,0.7602060109486063));
#12376=DIRECTION('',(-0.0766957939133927,0,-0.9970545397298959));
#12377=DIRECTION('',(0,1,0));
#12378=FACE_SURFACE('',(#12383),#12379,.T.);
#12379=PLANE('',#12380);
#12380=AXIS2_PLACEMENT_3D('',#174,#12381,#12382);
#12381=DIRECTION('',(0.9970545397298959,0,-0.0766957939133927));
#12382=DIRECTION('',(0.0766957939133927,0,0.9970545397298959));
#12383=FACE_BOUND('',#12384,.T.);
#12384=EDGE_LOOP('',(#12385,#12386,#12387));
#12385=ORIENTED_EDGE('',*,*,#12388,.T.);
#12386=ORIENTED_EDGE('',*,*,#12389,.T.);
#12387=ORIENTED_EDGE('',*,*,#12390,.T.);
#12388=EDGE_CURVE('',#175,#707,#12391,.F.);
#12389=EDGE_CURVE('',#707,#687,#12392,.T.);
#12390=EDGE_CURVE('',#687,#175,#12393,.T.);
#12391=LINE('',#174,#12394);
#12392=LINE('',#706,#12395);
#12393=LINE('',#686,#12396);
#12394=VECTOR('',#12397,1.0);
#12395=VECTOR('',#12398,1.0);
#12396=VECTOR('',#12399,1.0);
#12397=DIRECTION('',(0.0766957939133927,0,0.9970545397298959));
#12398=DIRECTION('',(0,-1,0));
#12399=DIRECTION('',(-0.01606998465957085,0.9778024564020971,-0.20891173219105313));
#12400=FACE_SURFACE('',(#12405),#12401,.T.);
#12401=PLANE('',#12402);
#12402=AXIS2_PLACEMENT_3D('',#174,#12403,#12404);
#12403=DIRECTION('',(0.9970545397298959,0,-0.0766957939133927));
#12404=DIRECTION('',(0.01606998465957085,-0.9778024564020971,0.20891173219105313));
#12405=FACE_BOUND('',#12406,.T.);
#12406=EDGE_LOOP('',(#12407,#12408,#12409));
#12407=ORIENTED_EDGE('',*,*,#12410,.T.);
#12408=ORIENTED_EDGE('',*,*,#12411,.T.);
#12409=ORIENTED_EDGE('',*,*,#12412,.T.);
#12410=EDGE_CURVE('',#175,#687,#12413,.F.);
#12411=EDGE_CURVE('',#687,#179,#12414,.T.);
#12412=EDGE_CURVE('',#179,#175,#12415,.T.);
#12413=LINE('',#174,#12416);
#12414=LINE('',#686,#12417);
#12415=LINE('',#178,#12418);
#12416=VECTOR('',#12419,1.0);
#12417=VECTOR('',#12420,1.0);
#12418=VECTOR('',#12421,1.0);
#12419=DIRECTION('',(0.01606998465957085,-0.9778024564020971,0.20891173219105313));
#12420=DIRECTION('',(-0.0766957939133927,0,-0.9970545397298959));
#12421=DIRECTION('',(0,1,0));
#12422=FACE_SURFACE('',(#12427),#12423,.T.);
#12423=PLANE('',#12424);
#12424=AXIS2_PLACEMENT_3D('',#266,#12425,#12426);
#12425=DIRECTION('',(0.9970545397298958,0,-0.07669579391339269));
#12426=DIRECTION('',(0.0766957939133927,0,0.9970545397298959));
#12427=FACE_BOUND('',#12428,.T.);
#12428=EDGE_LOOP('',(#12429,#12430,#12431));
#12429=ORIENTED_EDGE('',*,*,#12432,.T.);
#12430=ORIENTED_EDGE('',*,*,#12433,.T.);
#12431=ORIENTED_EDGE('',*,*,#12434,.T.);
#12432=EDGE_CURVE('',#267,#695,#12435,.F.);
#12433=EDGE_CURVE('',#695,#713,#12436,.T.);
#12434=EDGE_CURVE('',#713,#267,#12437,.T.);
#12435=LINE('',#266,#12438);
#12436=LINE('',#694,#12439);
#12437=LINE('',#712,#12440);
#12438=VECTOR('',#12441,1.0);
#12439=VECTOR('',#12442,1.0);
#12440=VECTOR('',#12443,1.0);
#12441=DIRECTION('',(0.0766957939133927,0,0.9970545397298959));
#12442=DIRECTION('',(0,-1,0));
#12443=DIRECTION('',(-0.07271402025945181,0.31802136679144405,-0.9452910036183619));
#12444=FACE_SURFACE('',(#12449),#12445,.T.);
#12445=PLANE('',#12446);
#12446=AXIS2_PLACEMENT_3D('',#266,#12447,#12448);
#12447=DIRECTION('',(0.9970545397298958,0,-0.07669579391339269));
#12448=DIRECTION('',(0.07271402025945181,-0.31802136679144405,0.9452910036183619));
#12449=FACE_BOUND('',#12450,.T.);
#12450=EDGE_LOOP('',(#12451,#12452,#12453));
#12451=ORIENTED_EDGE('',*,*,#12454,.T.);
#12452=ORIENTED_EDGE('',*,*,#12455,.T.);
#12453=ORIENTED_EDGE('',*,*,#12456,.T.);
#12454=EDGE_CURVE('',#267,#713,#12457,.F.);
#12455=EDGE_CURVE('',#713,#269,#12458,.T.);
#12456=EDGE_CURVE('',#269,#267,#12459,.T.);
#12457=LINE('',#266,#12460);
#12458=LINE('',#712,#12461);
#12459=LINE('',#268,#12462);
#12460=VECTOR('',#12463,1.0);
#12461=VECTOR('',#12464,1.0);
#12462=VECTOR('',#12465,1.0);
#12463=DIRECTION('',(0.07271402025945181,-0.31802136679144405,0.9452910036183619));
#12464=DIRECTION('',(-0.0766957939133927,0,-0.9970545397298959));
#12465=DIRECTION('',(0,1,0));
#12466=FACE_SURFACE('',(#12471),#12467,.T.);
#12467=PLANE('',#12468);
#12468=AXIS2_PLACEMENT_3D('',#464,#12469,#12470);
#12469=DIRECTION('',(0,0,1));
#12470=DIRECTION('',(0,-1,0));
#12471=FACE_BOUND('',#12472,.T.);
#12472=EDGE_LOOP('',(#12473,#12474,#12475));
#12473=ORIENTED_EDGE('',*,*,#12476,.T.);
#12474=ORIENTED_EDGE('',*,*,#12477,.T.);
#12475=ORIENTED_EDGE('',*,*,#12478,.T.);
#12476=EDGE_CURVE('',#465,#555,#12479,.F.);
#12477=EDGE_CURVE('',#555,#535,#12480,.T.);
#12478=EDGE_CURVE('',#535,#465,#12481,.T.);
#12479=LINE('',#464,#12482);
#12480=LINE('',#554,#12483);
#12481=LINE('',#534,#12484);
#12482=VECTOR('',#12485,1.0);
#12483=VECTOR('',#12486,1.0);
#12484=VECTOR('',#12487,1.0);
#12485=DIRECTION('',(0,-1,0));
#12486=DIRECTION('',(1,0,0));
#12487=DIRECTION('',(-0.23335210450925753,0.9723923052560117,0));
#12488=FACE_SURFACE('',(#12493),#12489,.T.);
#12489=PLANE('',#12490);
#12490=AXIS2_PLACEMENT_3D('',#534,#12491,#12492);
#12491=DIRECTION('',(0,-0,1));
#12492=DIRECTION('',(0,1,0));
#12493=FACE_BOUND('',#12494,.T.);
#12494=EDGE_LOOP('',(#12495,#12496,#12497));
#12495=ORIENTED_EDGE('',*,*,#12498,.T.);
#12496=ORIENTED_EDGE('',*,*,#12499,.T.);
#12497=ORIENTED_EDGE('',*,*,#12500,.T.);
#12498=EDGE_CURVE('',#535,#533,#12501,.F.);
#12499=EDGE_CURVE('',#533,#467,#12502,.T.);
#12500=EDGE_CURVE('',#467,#535,#12503,.T.);
#12501=LINE('',#534,#12504);
#12502=LINE('',#532,#12505);
#12503=LINE('',#466,#12506);
#12504=VECTOR('',#12507,1.0);
#12505=VECTOR('',#12508,1.0);
#12506=VECTOR('',#12509,1.0);
#12507=DIRECTION('',(0,1,0));
#12508=DIRECTION('',(-1,0,0));
#12509=DIRECTION('',(0.1780917344332935,-0.9840138891939184,0));
#12510=FACE_SURFACE('',(#12515),#12511,.T.);
#12511=PLANE('',#12512);
#12512=AXIS2_PLACEMENT_3D('',#534,#12513,#12514);
#12513=DIRECTION('',(0,0,1));
#12514=DIRECTION('',(-0.1780917344332935,0.9840138891939184,0));
#12515=FACE_BOUND('',#12516,.T.);
#12516=EDGE_LOOP('',(#12517,#12518,#12519));
#12517=ORIENTED_EDGE('',*,*,#12520,.T.);
#12518=ORIENTED_EDGE('',*,*,#12521,.T.);
#12519=ORIENTED_EDGE('',*,*,#12522,.T.);
#12520=EDGE_CURVE('',#535,#467,#12523,.F.);
#12521=EDGE_CURVE('',#467,#465,#12524,.T.);
#12522=EDGE_CURVE('',#465,#535,#12525,.T.);
#12523=LINE('',#534,#12526);
#12524=LINE('',#466,#12527);
#12525=LINE('',#464,#12528);
#12526=VECTOR('',#12529,1.0);
#12527=VECTOR('',#12530,1.0);
#12528=VECTOR('',#12531,1.0);
#12529=DIRECTION('',(-0.1780917344332935,0.9840138891939184,0));
#12530=DIRECTION('',(0,-1,0));
#12531=DIRECTION('',(0.23335210450925753,-0.9723923052560117,0));
#12532=FACE_SURFACE('',(#12537),#12533,.T.);
#12533=PLANE('',#12534);
#12534=AXIS2_PLACEMENT_3D('',#268,#12535,#12536);
#12535=DIRECTION('',(0,-1,0));
#12536=DIRECTION('',(0.0766957939133927,0,0.9970545397298959));
#12537=FACE_BOUND('',#12538,.T.);
#12538=EDGE_LOOP('',(#12539,#12540,#12541));
#12539=ORIENTED_EDGE('',*,*,#12542,.T.);
#12540=ORIENTED_EDGE('',*,*,#12543,.T.);
#12541=ORIENTED_EDGE('',*,*,#12544,.T.);
#12542=EDGE_CURVE('',#269,#713,#12545,.F.);
#12543=EDGE_CURVE('',#713,#709,#12546,.T.);
#12544=EDGE_CURVE('',#709,#269,#12547,.T.);
#12545=LINE('',#268,#12548);
#12546=LINE('',#712,#12549);
#12547=LINE('',#708,#12550);
#12548=VECTOR('',#12551,1.0);
#12549=VECTOR('',#12552,1.0);
#12550=VECTOR('',#12553,1.0);
#12551=DIRECTION('',(0.0766957939133927,0,0.9970545397298959));
#12552=DIRECTION('',(-1,0,0));
#12553=DIRECTION('',(0.17967911454548288,0,-0.9837252745539027));
#12554=FACE_SURFACE('',(#12559),#12555,.T.);
#12555=PLANE('',#12556);
#12556=AXIS2_PLACEMENT_3D('',#268,#12557,#12558);
#12557=DIRECTION('',(0,-1,0));
#12558=DIRECTION('',(-0.17967911454548288,0,0.9837252745539027));
#12559=FACE_BOUND('',#12560,.T.);
#12560=EDGE_LOOP('',(#12561,#12562,#12563));
#12561=ORIENTED_EDGE('',*,*,#12564,.T.);
#12562=ORIENTED_EDGE('',*,*,#12565,.T.);
#12563=ORIENTED_EDGE('',*,*,#12566,.T.);
#12564=EDGE_CURVE('',#269,#709,#12567,.F.);
#12565=EDGE_CURVE('',#709,#271,#12568,.T.);
#12566=EDGE_CURVE('',#271,#269,#12569,.T.);
#12567=LINE('',#268,#12570);
#12568=LINE('',#708,#12571);
#12569=LINE('',#270,#12572);
#12570=VECTOR('',#12573,1.0);
#12571=VECTOR('',#12574,1.0);
#12572=VECTOR('',#12575,1.0);
#12573=DIRECTION('',(-0.17967911454548288,0,0.9837252745539027));
#12574=DIRECTION('',(-0.0766957939133927,0,-0.9970545397298959));
#12575=DIRECTION('',(1,0,0));
#12576=FACE_SURFACE('',(#12581),#12577,.T.);
#12577=PLANE('',#12578);
#12578=AXIS2_PLACEMENT_3D('',#310,#12579,#12580);
#12579=DIRECTION('',(-0.9970545397298958,0,0.07669579391339269));
#12580=DIRECTION('',(0.0766957939133927,0,0.9970545397298959));
#12581=FACE_BOUND('',#12582,.T.);
#12582=EDGE_LOOP('',(#12583,#12584,#12585));
#12583=ORIENTED_EDGE('',*,*,#12586,.T.);
#12584=ORIENTED_EDGE('',*,*,#12587,.T.);
#12585=ORIENTED_EDGE('',*,*,#12588,.T.);
#12586=EDGE_CURVE('',#311,#623,#12589,.F.);
#12587=EDGE_CURVE('',#623,#683,#12590,.T.);
#12588=EDGE_CURVE('',#683,#311,#12591,.T.);
#12589=LINE('',#310,#12592);
#12590=LINE('',#622,#12593);
#12591=LINE('',#682,#12594);
#12592=VECTOR('',#12595,1.0);
#12593=VECTOR('',#12596,1.0);
#12594=VECTOR('',#12597,1.0);
#12595=DIRECTION('',(0.0766957939133927,0,0.9970545397298959));
#12596=DIRECTION('',(0,1,0));
#12597=DIRECTION('',(-0.07276731270978085,-0.3159423141413575,-0.9459838118784067));
#12598=FACE_SURFACE('',(#12603),#12599,.T.);
#12599=PLANE('',#12600);
#12600=AXIS2_PLACEMENT_3D('',#310,#12601,#12602);
#12601=DIRECTION('',(-0.9970545397298958,0,0.07669579391339269));
#12602=DIRECTION('',(0.07276731270978085,0.3159423141413575,0.9459838118784067));
#12603=FACE_BOUND('',#12604,.T.);
#12604=EDGE_LOOP('',(#12605,#12606,#12607));
#12605=ORIENTED_EDGE('',*,*,#12608,.T.);
#12606=ORIENTED_EDGE('',*,*,#12609,.T.);
#12607=ORIENTED_EDGE('',*,*,#12610,.T.);
#12608=EDGE_CURVE('',#311,#683,#12611,.F.);
#12609=EDGE_CURVE('',#683,#261,#12612,.T.);
#12610=EDGE_CURVE('',#261,#311,#12613,.T.);
#12611=LINE('',#310,#12614);
#12612=LINE('',#682,#12615);
#12613=LINE('',#260,#12616);
#12614=VECTOR('',#12617,1.0);
#12615=VECTOR('',#12618,1.0);
#12616=VECTOR('',#12619,1.0);
#12617=DIRECTION('',(0.07276731270978085,0.3159423141413575,0.9459838118784067));
#12618=DIRECTION('',(-0.0766957939133927,0,-0.9970545397298959));
#12619=DIRECTION('',(0,-1,0));
#12620=FACE_SURFACE('',(#12625),#12621,.T.);
#12621=PLANE('',#12622);
#12622=AXIS2_PLACEMENT_3D('',#202,#12623,#12624);
#12623=DIRECTION('',(0,-1,0));
#12624=DIRECTION('',(0.0766957939133927,0,0.9970545397298959));
#12625=FACE_BOUND('',#12626,.T.);
#12626=EDGE_LOOP('',(#12627,#12628,#12629));
#12627=ORIENTED_EDGE('',*,*,#12630,.T.);
#12628=ORIENTED_EDGE('',*,*,#12631,.T.);
#12629=ORIENTED_EDGE('',*,*,#12632,.T.);
#12630=EDGE_CURVE('',#203,#627,#12633,.F.);
#12631=EDGE_CURVE('',#627,#581,#12634,.T.);
#12632=EDGE_CURVE('',#581,#203,#12635,.T.);
#12633=LINE('',#202,#12636);
#12634=LINE('',#626,#12637);
#12635=LINE('',#580,#12638);
#12636=VECTOR('',#12639,1.0);
#12637=VECTOR('',#12640,1.0);
#12638=VECTOR('',#12641,1.0);
#12639=DIRECTION('',(0.0766957939133927,0,0.9970545397298959));
#12640=DIRECTION('',(-1,0,0));
#12641=DIRECTION('',(0.7317600203999005,0,-0.6815623761214649));
#12642=FACE_SURFACE('',(#12647),#12643,.T.);
#12643=PLANE('',#12644);
#12644=AXIS2_PLACEMENT_3D('',#202,#12645,#12646);
#12645=DIRECTION('',(0,-1,0));
#12646=DIRECTION('',(-0.7317600203999005,0,0.6815623761214649));
#12647=FACE_BOUND('',#12648,.T.);
#12648=EDGE_LOOP('',(#12649,#12650,#12651));
#12649=ORIENTED_EDGE('',*,*,#12652,.T.);
#12650=ORIENTED_EDGE('',*,*,#12653,.T.);
#12651=ORIENTED_EDGE('',*,*,#12654,.T.);
#12652=EDGE_CURVE('',#203,#581,#12655,.F.);
#12653=EDGE_CURVE('',#581,#183,#12656,.T.);
#12654=EDGE_CURVE('',#183,#203,#12657,.T.);
#12655=LINE('',#202,#12658);
#12656=LINE('',#580,#12659);
#12657=LINE('',#182,#12660);
#12658=VECTOR('',#12661,1.0);
#12659=VECTOR('',#12662,1.0);
#12660=VECTOR('',#12663,1.0);
#12661=DIRECTION('',(-0.7317600203999005,0,0.6815623761214649));
#12662=DIRECTION('',(-0.0766957939133927,0,-0.9970545397298959));
#12663=DIRECTION('',(1,0,0));
#12664=FACE_SURFACE('',(#12669),#12665,.T.);
#12665=PLANE('',#12666);
#12666=AXIS2_PLACEMENT_3D('',#262,#12667,#12668);
#12667=DIRECTION('',(0,-1,0));
#12668=DIRECTION('',(0.0766957939133927,0,0.9970545397298959));
#12669=FACE_BOUND('',#12670,.T.);
#12670=EDGE_LOOP('',(#12671,#12672,#12673));
#12671=ORIENTED_EDGE('',*,*,#12674,.T.);
#12672=ORIENTED_EDGE('',*,*,#12675,.T.);
#12673=ORIENTED_EDGE('',*,*,#12676,.T.);
#12674=EDGE_CURVE('',#263,#685,#12677,.F.);
#12675=EDGE_CURVE('',#685,#703,#12678,.T.);
#12676=EDGE_CURVE('',#703,#263,#12679,.T.);
#12677=LINE('',#262,#12680);
#12678=LINE('',#684,#12681);
#12679=LINE('',#702,#12682);
#12680=VECTOR('',#12683,1.0);
#12681=VECTOR('',#12684,1.0);
#12682=VECTOR('',#12685,1.0);
#12683=DIRECTION('',(0.0766957939133927,0,0.9970545397298959));
#12684=DIRECTION('',(0,0,1));
#12685=DIRECTION('',(-0.07665585044920341,0,-0.9970576114708264));
#12686=FACE_SURFACE('',(#12691),#12687,.T.);
#12687=PLANE('',#12688);
#12688=AXIS2_PLACEMENT_3D('',#262,#12689,#12690);
#12689=DIRECTION('',(0,-1,0));
#12690=DIRECTION('',(0.07665585044920341,0,0.9970576114708264));
#12691=FACE_BOUND('',#12692,.T.);
#12692=EDGE_LOOP('',(#12693,#12694,#12695));
#12693=ORIENTED_EDGE('',*,*,#12696,.T.);
#12694=ORIENTED_EDGE('',*,*,#12697,.T.);
#12695=ORIENTED_EDGE('',*,*,#12698,.T.);
#12696=EDGE_CURVE('',#263,#703,#12699,.F.);
#12697=EDGE_CURVE('',#703,#639,#12700,.T.);
#12698=EDGE_CURVE('',#639,#263,#12701,.T.);
#12699=LINE('',#262,#12702);
#12700=LINE('',#702,#12703);
#12701=LINE('',#638,#12704);
#12702=VECTOR('',#12705,1.0);
#12703=VECTOR('',#12706,1.0);
#12704=VECTOR('',#12707,1.0);
#12705=DIRECTION('',(0.07665585044920341,0,0.9970576114708264));
#12706=DIRECTION('',(-0.07669576960426647,0,-0.997054541599811));
#12707=DIRECTION('',(0,0,-1));
#12708=FACE_SURFACE('',(#12713),#12709,.T.);
#12709=PLANE('',#12710);
#12710=AXIS2_PLACEMENT_3D('',#702,#12711,#12712);
#12711=DIRECTION('',(1,0,0));
#12712=DIRECTION('',(0,0,-1));
#12713=FACE_BOUND('',#12714,.T.);
#12714=EDGE_LOOP('',(#12715,#12716,#12717));
#12715=ORIENTED_EDGE('',*,*,#12718,.T.);
#12716=ORIENTED_EDGE('',*,*,#12719,.T.);
#12717=ORIENTED_EDGE('',*,*,#12720,.T.);
#12718=EDGE_CURVE('',#703,#685,#12721,.F.);
#12719=EDGE_CURVE('',#685,#693,#12722,.T.);
#12720=EDGE_CURVE('',#693,#703,#12723,.T.);
#12721=LINE('',#702,#12724);
#12722=LINE('',#684,#12725);
#12723=LINE('',#692,#12726);
#12724=VECTOR('',#12727,1.0);
#12725=VECTOR('',#12728,1.0);
#12726=VECTOR('',#12729,1.0);
#12727=DIRECTION('',(0,0,-1));
#12728=DIRECTION('',(0,1,0));
#12729=DIRECTION('',(0,-0.9777688039840102,0.20968587447817805));
#12730=FACE_SURFACE('',(#12735),#12731,.T.);
#12731=PLANE('',#12732);
#12732=AXIS2_PLACEMENT_3D('',#172,#12733,#12734);
#12733=DIRECTION('',(0,-1,0));
#12734=DIRECTION('',(0.0766957939133927,0,0.9970545397298959));
#12735=FACE_BOUND('',#12736,.T.);
#12736=EDGE_LOOP('',(#12737,#12738,#12739));
#12737=ORIENTED_EDGE('',*,*,#12740,.T.);
#12738=ORIENTED_EDGE('',*,*,#12741,.T.);
#12739=ORIENTED_EDGE('',*,*,#12742,.T.);
#12740=EDGE_CURVE('',#173,#715,#12743,.F.);
#12741=EDGE_CURVE('',#715,#633,#12744,.T.);
#12742=EDGE_CURVE('',#633,#173,#12745,.T.);
#12743=LINE('',#172,#12746);
#12744=LINE('',#714,#12747);
#12745=LINE('',#632,#12748);
#12746=VECTOR('',#12749,1.0);
#12747=VECTOR('',#12750,1.0);
#12748=VECTOR('',#12751,1.0);
#12749=DIRECTION('',(0.0766957939133927,0,0.9970545397298959));
#12750=DIRECTION('',(-1,0,0));
#12751=DIRECTION('',(0.9605301965922124,0,-0.27817573840025256));
#12752=FACE_SURFACE('',(#12757),#12753,.T.);
#12753=PLANE('',#12754);
#12754=AXIS2_PLACEMENT_3D('',#172,#12755,#12756);
#12755=DIRECTION('',(0,-1,0));
#12756=DIRECTION('',(-0.9605301965922124,0,0.27817573840025256));
#12757=FACE_BOUND('',#12758,.T.);
#12758=EDGE_LOOP('',(#12759,#12760,#12761));
#12759=ORIENTED_EDGE('',*,*,#12762,.T.);
#12760=ORIENTED_EDGE('',*,*,#12763,.T.);
#12761=ORIENTED_EDGE('',*,*,#12764,.T.);
#12762=EDGE_CURVE('',#173,#633,#12765,.F.);
#12763=EDGE_CURVE('',#633,#155,#12766,.T.);
#12764=EDGE_CURVE('',#155,#173,#12767,.T.);
#12765=LINE('',#172,#12768);
#12766=LINE('',#632,#12769);
#12767=LINE('',#154,#12770);
#12768=VECTOR('',#12771,1.0);
#12769=VECTOR('',#12772,1.0);
#12770=VECTOR('',#12773,1.0);
#12771=DIRECTION('',(-0.9605301965922124,0,0.27817573840025256));
#12772=DIRECTION('',(-0.0766957939133927,0,-0.9970545397298959));
#12773=DIRECTION('',(1,0,0));
#12774=FACE_SURFACE('',(#12779),#12775,.T.);
#12775=PLANE('',#12776);
#12776=AXIS2_PLACEMENT_3D('',#72,#12777,#12778);
#12777=DIRECTION('',(-0.9970545397298958,0,0.07669579391339269));
#12778=DIRECTION('',(0.0766957939133927,0,0.9970545397298959));
#12779=FACE_BOUND('',#12780,.T.);
#12780=EDGE_LOOP('',(#12781,#12782,#12783));
#12781=ORIENTED_EDGE('',*,*,#12784,.T.);
#12782=ORIENTED_EDGE('',*,*,#12785,.T.);
#12783=ORIENTED_EDGE('',*,*,#12786,.T.);
#12784=EDGE_CURVE('',#73,#515,#12787,.F.);
#12785=EDGE_CURVE('',#515,#717,#12788,.T.);
#12786=EDGE_CURVE('',#717,#73,#12789,.T.);
#12787=LINE('',#72,#12790);
#12788=LINE('',#514,#12791);
#12789=LINE('',#716,#12792);
#12790=VECTOR('',#12793,1.0);
#12791=VECTOR('',#12794,1.0);
#12792=VECTOR('',#12795,1.0);
#12793=DIRECTION('',(0.0766957939133927,0,0.9970545397298959));
#12794=DIRECTION('',(0,1,0));
#12795=DIRECTION('',(-0.020962030064587803,-0.961924886362631,-0.27250891048149384));
#12796=FACE_SURFACE('',(#12801),#12797,.T.);
#12797=PLANE('',#12798);
#12798=AXIS2_PLACEMENT_3D('',#72,#12799,#12800);
#12799=DIRECTION('',(-0.9970545397298958,0,0.07669579391339269));
#12800=DIRECTION('',(0.020962030064587803,0.961924886362631,0.27250891048149384));
#12801=FACE_BOUND('',#12802,.T.);
#12802=EDGE_LOOP('',(#12803,#12804,#12805));
#12803=ORIENTED_EDGE('',*,*,#12806,.T.);
#12804=ORIENTED_EDGE('',*,*,#12807,.T.);
#12805=ORIENTED_EDGE('',*,*,#12808,.T.);
#12806=EDGE_CURVE('',#73,#717,#12809,.F.);
#12807=EDGE_CURVE('',#717,#65,#12810,.T.);
#12808=EDGE_CURVE('',#65,#73,#12811,.T.);
#12809=LINE('',#72,#12812);
#12810=LINE('',#716,#12813);
#12811=LINE('',#64,#12814);
#12812=VECTOR('',#12815,1.0);
#12813=VECTOR('',#12816,1.0);
#12814=VECTOR('',#12817,1.0);
#12815=DIRECTION('',(0.020962030064587803,0.961924886362631,0.27250891048149384));
#12816=DIRECTION('',(-0.0766957939133927,0,-0.9970545397298959));
#12817=DIRECTION('',(0,-1,0));
#12818=FACE_SURFACE('',(#12823),#12819,.T.);
#12819=PLANE('',#12820);
#12820=AXIS2_PLACEMENT_3D('',#170,#12821,#12822);
#12821=DIRECTION('',(-0.9970545397298958,0,0.07669579391339269));
#12822=DIRECTION('',(0.0766957939133927,0,0.9970545397298959));
#12823=FACE_BOUND('',#12824,.T.);
#12824=EDGE_LOOP('',(#12825,#12826,#12827));
#12825=ORIENTED_EDGE('',*,*,#12828,.T.);
#12826=ORIENTED_EDGE('',*,*,#12829,.T.);
#12827=ORIENTED_EDGE('',*,*,#12830,.T.);
#12828=EDGE_CURVE('',#171,#701,#12831,.F.);
#12829=EDGE_CURVE('',#701,#715,#12832,.T.);
#12830=EDGE_CURVE('',#715,#171,#12833,.T.);
#12831=LINE('',#170,#12834);
#12832=LINE('',#700,#12835);
#12833=LINE('',#714,#12836);
#12834=VECTOR('',#12837,1.0);
#12835=VECTOR('',#12838,1.0);
#12836=VECTOR('',#12839,1.0);
#12837=DIRECTION('',(0.0766957939133927,0,0.9970545397298959));
#12838=DIRECTION('',(0,1,0));
#12839=DIRECTION('',(-0.05039640676703723,-0.753807955658406,-0.6551593456336144));
#12840=FACE_SURFACE('',(#12845),#12841,.T.);
#12841=PLANE('',#12842);
#12842=AXIS2_PLACEMENT_3D('',#170,#12843,#12844);
#12843=DIRECTION('',(-0.9970545397298958,0,0.07669579391339269));
#12844=DIRECTION('',(0.05039640676703723,0.753807955658406,0.6551593456336144));
#12845=FACE_BOUND('',#12846,.T.);
#12846=EDGE_LOOP('',(#12847,#12848,#12849));
#12847=ORIENTED_EDGE('',*,*,#12850,.T.);
#12848=ORIENTED_EDGE('',*,*,#12851,.T.);
#12849=ORIENTED_EDGE('',*,*,#12852,.T.);
#12850=EDGE_CURVE('',#171,#715,#12853,.F.);
#12851=EDGE_CURVE('',#715,#173,#12854,.T.);
#12852=EDGE_CURVE('',#173,#171,#12855,.T.);
#12853=LINE('',#170,#12856);
#12854=LINE('',#714,#12857);
#12855=LINE('',#172,#12858);
#12856=VECTOR('',#12859,1.0);
#12857=VECTOR('',#12860,1.0);
#12858=VECTOR('',#12861,1.0);
#12859=DIRECTION('',(0.05039640676703723,0.753807955658406,0.6551593456336144));
#12860=DIRECTION('',(-0.0766957939133927,0,-0.9970545397298959));
#12861=DIRECTION('',(0,-1,0));
#12862=FACE_SURFACE('',(#12867),#12863,.T.);
#12863=PLANE('',#12864);
#12864=AXIS2_PLACEMENT_3D('',#74,#12865,#12866);
#12865=DIRECTION('',(0,1,0));
#12866=DIRECTION('',(0.0766957939133927,0,0.9970545397298959));
#12867=FACE_BOUND('',#12868,.T.);
#12868=EDGE_LOOP('',(#12869,#12870,#12871));
#12869=ORIENTED_EDGE('',*,*,#12872,.T.);
#12870=ORIENTED_EDGE('',*,*,#12873,.T.);
#12871=ORIENTED_EDGE('',*,*,#12874,.T.);
#12872=EDGE_CURVE('',#75,#681,#12875,.F.);
#12873=EDGE_CURVE('',#681,#711,#12876,.T.);
#12874=EDGE_CURVE('',#711,#75,#12877,.T.);
#12875=LINE('',#74,#12878);
#12876=LINE('',#680,#12879);
#12877=LINE('',#710,#12880);
#12878=VECTOR('',#12881,1.0);
#12879=VECTOR('',#12882,1.0);
#12880=VECTOR('',#12883,1.0);
#12881=DIRECTION('',(0.0766957939133927,0,0.9970545397298959));
#12882=DIRECTION('',(1,0,0));
#12883=DIRECTION('',(-0.992184912608146,0,-0.12477619641889119));
#12884=FACE_SURFACE('',(#12889),#12885,.T.);
#12885=PLANE('',#12886);
#12886=AXIS2_PLACEMENT_3D('',#74,#12887,#12888);
#12887=DIRECTION('',(0,1,0));
#12888=DIRECTION('',(0.992184912608146,0,0.12477619641889119));
#12889=FACE_BOUND('',#12890,.T.);
#12890=EDGE_LOOP('',(#12891,#12892,#12893));
#12891=ORIENTED_EDGE('',*,*,#12894,.T.);
#12892=ORIENTED_EDGE('',*,*,#12895,.T.);
#12893=ORIENTED_EDGE('',*,*,#12896,.T.);
#12894=EDGE_CURVE('',#75,#711,#12897,.F.);
#12895=EDGE_CURVE('',#711,#77,#12898,.T.);
#12896=EDGE_CURVE('',#77,#75,#12899,.T.);
#12897=LINE('',#74,#12900);
#12898=LINE('',#710,#12901);
#12899=LINE('',#76,#12902);
#12900=VECTOR('',#12903,1.0);
#12901=VECTOR('',#12904,1.0);
#12902=VECTOR('',#12905,1.0);
#12903=DIRECTION('',(0.992184912608146,0,0.12477619641889119));
#12904=DIRECTION('',(-0.0766957939133927,0,-0.9970545397298959));
#12905=DIRECTION('',(-1,0,0));
#12906=FACE_SURFACE('',(#12911),#12907,.T.);
#12907=PLANE('',#12908);
#12908=AXIS2_PLACEMENT_3D('',#64,#12909,#12910);
#12909=DIRECTION('',(-0.9970545397298958,0,0.0766957939133927));
#12910=DIRECTION('',(0.0766957939133927,0,0.9970545397298959));
#12911=FACE_BOUND('',#12912,.T.);
#12912=EDGE_LOOP('',(#12913,#12914,#12915));
#12913=ORIENTED_EDGE('',*,*,#12916,.T.);
#12914=ORIENTED_EDGE('',*,*,#12917,.T.);
#12915=ORIENTED_EDGE('',*,*,#12918,.T.);
#12916=EDGE_CURVE('',#65,#717,#12919,.F.);
#12917=EDGE_CURVE('',#717,#641,#12920,.T.);
#12918=EDGE_CURVE('',#641,#65,#12921,.T.);
#12919=LINE('',#64,#12922);
#12920=LINE('',#716,#12923);
#12921=LINE('',#640,#12924);
#12922=VECTOR('',#12925,1.0);
#12923=VECTOR('',#12926,1.0);
#12924=VECTOR('',#12927,1.0);
#12925=DIRECTION('',(0.0766957939133927,0,0.9970545397298959));
#12926=DIRECTION('',(0,1,0));
#12927=DIRECTION('',(-0.05039643850854108,-0.7538075948941507,-0.6551597582769799));
#12928=FACE_SURFACE('',(#12933),#12929,.T.);
#12929=PLANE('',#12930);
#12930=AXIS2_PLACEMENT_3D('',#64,#12931,#12932);
#12931=DIRECTION('',(-0.9970545397298958,0,0.0766957939133927));
#12932=DIRECTION('',(0.05039643850854108,0.7538075948941507,0.6551597582769799));
#12933=FACE_BOUND('',#12934,.T.);
#12934=EDGE_LOOP('',(#12935,#12936,#12937));
#12935=ORIENTED_EDGE('',*,*,#12938,.T.);
#12936=ORIENTED_EDGE('',*,*,#12939,.T.);
#12937=ORIENTED_EDGE('',*,*,#12940,.T.);
#12938=EDGE_CURVE('',#65,#641,#12941,.F.);
#12939=EDGE_CURVE('',#641,#67,#12942,.T.);
#12940=EDGE_CURVE('',#67,#65,#12943,.T.);
#12941=LINE('',#64,#12944);
#12942=LINE('',#640,#12945);
#12943=LINE('',#66,#12946);
#12944=VECTOR('',#12947,1.0);
#12945=VECTOR('',#12948,1.0);
#12946=VECTOR('',#12949,1.0);
#12947=DIRECTION('',(0.05039643850854108,0.7538075948941507,0.6551597582769799));
#12948=DIRECTION('',(-0.0766957939133927,0,-0.9970545397298959));
#12949=DIRECTION('',(0,-1,0));
#12950=FACE_SURFACE('',(#12955),#12951,.T.);
#12951=PLANE('',#12952);
#12952=AXIS2_PLACEMENT_3D('',#716,#12953,#12954);
#12953=DIRECTION('',(0,0,1));
#12954=DIRECTION('',(0,-1,0));
#12955=FACE_BOUND('',#12956,.T.);
#12956=EDGE_LOOP('',(#12957,#12958,#12959));
#12957=ORIENTED_EDGE('',*,*,#12960,.T.);
#12958=ORIENTED_EDGE('',*,*,#12961,.T.);
#12959=ORIENTED_EDGE('',*,*,#12962,.T.);
#12960=EDGE_CURVE('',#717,#515,#12963,.F.);
#12961=EDGE_CURVE('',#515,#677,#12964,.T.);
#12962=EDGE_CURVE('',#677,#717,#12965,.T.);
#12963=LINE('',#716,#12966);
#12964=LINE('',#514,#12967);
#12965=LINE('',#676,#12968);
#12966=VECTOR('',#12969,1.0);
#12967=VECTOR('',#12970,1.0);
#12968=VECTOR('',#12971,1.0);
#12969=DIRECTION('',(0,-1,0));
#12970=DIRECTION('',(1,0,0));
#12971=DIRECTION('',(-0.43147787108002505,0.9021235207931612,0));
#12972=FACE_SURFACE('',(#12977),#12973,.T.);
#12973=PLANE('',#12974);
#12974=AXIS2_PLACEMENT_3D('',#676,#12975,#12976);
#12975=DIRECTION('',(0,-0,1));
#12976=DIRECTION('',(0,1,0));
#12977=FACE_BOUND('',#12978,.T.);
#12978=EDGE_LOOP('',(#12979,#12980,#12981));
#12979=ORIENTED_EDGE('',*,*,#12982,.T.);
#12980=ORIENTED_EDGE('',*,*,#12983,.T.);
#12981=ORIENTED_EDGE('',*,*,#12984,.T.);
#12982=EDGE_CURVE('',#677,#591,#12985,.F.);
#12983=EDGE_CURVE('',#591,#641,#12986,.T.);
#12984=EDGE_CURVE('',#641,#677,#12987,.T.);
#12985=LINE('',#676,#12988);
#12986=LINE('',#590,#12989);
#12987=LINE('',#640,#12990);
#12988=VECTOR('',#12991,1.0);
#12989=VECTOR('',#12992,1.0);
#12990=VECTOR('',#12993,1.0);
#12991=DIRECTION('',(0,1,0));
#12992=DIRECTION('',(-1,0,0));
#12993=DIRECTION('',(0.3393153098369397,-0.9406726957397359,0));
#12994=FACE_SURFACE('',(#12999),#12995,.T.);
#12995=PLANE('',#12996);
#12996=AXIS2_PLACEMENT_3D('',#716,#12997,#12998);
#12997=DIRECTION('',(-0,0,1));
#12998=DIRECTION('',(0.43147787108002505,-0.9021235207931612,0));
#12999=FACE_BOUND('',#13000,.T.);
#13000=EDGE_LOOP('',(#13001,#13002,#13003));
#13001=ORIENTED_EDGE('',*,*,#13004,.T.);
#13002=ORIENTED_EDGE('',*,*,#13005,.T.);
#13003=ORIENTED_EDGE('',*,*,#13006,.T.);
#13004=EDGE_CURVE('',#717,#677,#13007,.F.);
#13005=EDGE_CURVE('',#677,#641,#13008,.T.);
#13006=EDGE_CURVE('',#641,#717,#13009,.T.);
#13007=LINE('',#716,#13010);
#13008=LINE('',#676,#13011);
#13009=LINE('',#640,#13012);
#13010=VECTOR('',#13013,1.0);
#13011=VECTOR('',#13014,1.0);
#13012=VECTOR('',#13015,1.0);
#13013=DIRECTION('',(0.43147787108002505,-0.9021235207931612,0));
#13014=DIRECTION('',(-0.3393153098369397,0.9406726957397359,0));
#13015=DIRECTION('',(0,-1,0));
#13016=FACE_SURFACE('',(#13021),#13017,.T.);
#13017=PLANE('',#13018);
#13018=AXIS2_PLACEMENT_3D('',#666,#13019,#13020);
#13019=DIRECTION('',(0,0,1));
#13020=DIRECTION('',(0,-1,0));
#13021=FACE_BOUND('',#13022,.T.);
#13022=EDGE_LOOP('',(#13023,#13024,#13025));
#13023=ORIENTED_EDGE('',*,*,#13026,.T.);
#13024=ORIENTED_EDGE('',*,*,#13027,.T.);
#13025=ORIENTED_EDGE('',*,*,#13028,.T.);
#13026=EDGE_CURVE('',#667,#637,#13029,.F.);
#13027=EDGE_CURVE('',#637,#407,#13030,.T.);
#13028=EDGE_CURVE('',#407,#667,#13031,.T.);
#13029=LINE('',#666,#13032);
#13030=LINE('',#636,#13033);
#13031=LINE('',#406,#13034);
#13032=VECTOR('',#13035,1.0);
#13033=VECTOR('',#13036,1.0);
#13034=VECTOR('',#13037,1.0);
#13035=DIRECTION('',(0,-1,0));
#13036=DIRECTION('',(0.9961114513302829,0.08810208016089903,0));
#13037=DIRECTION('',(-0.9960120814483907,0.08921846002282448,0));
#13038=FACE_SURFACE('',(#13043),#13039,.T.);
#13039=PLANE('',#13040);
#13040=AXIS2_PLACEMENT_3D('',#406,#13041,#13042);
#13041=DIRECTION('',(0,-0,1));
#13042=DIRECTION('',(0,1,0));
#13043=FACE_BOUND('',#13044,.T.);
#13044=EDGE_LOOP('',(#13045,#13046,#13047));
#13045=ORIENTED_EDGE('',*,*,#13048,.T.);
#13046=ORIENTED_EDGE('',*,*,#13049,.T.);
#13047=ORIENTED_EDGE('',*,*,#13050,.T.);
#13048=EDGE_CURVE('',#407,#455,#13051,.F.);
#13049=EDGE_CURVE('',#455,#599,#13052,.T.);
#13050=EDGE_CURVE('',#599,#407,#13053,.T.);
#13051=LINE('',#406,#13054);
#13052=LINE('',#454,#13055);
#13053=LINE('',#598,#13056);
#13054=VECTOR('',#13057,1.0);
#13055=VECTOR('',#13058,1.0);
#13056=VECTOR('',#13059,1.0);
#13057=DIRECTION('',(0,1,0));
#13058=DIRECTION('',(-1,0,0));
#13059=DIRECTION('',(0.9592257083894133,-0.2826411866038424,0));
#13060=FACE_SURFACE('',(#13065),#13061,.T.);
#13061=PLANE('',#13062);
#13062=AXIS2_PLACEMENT_3D('',#598,#13063,#13064);
#13063=DIRECTION('',(0,-0,1));
#13064=DIRECTION('',(0,1,0));
#13065=FACE_BOUND('',#13066,.T.);
#13066=EDGE_LOOP('',(#13067,#13068,#13069));
#13067=ORIENTED_EDGE('',*,*,#13070,.T.);
#13068=ORIENTED_EDGE('',*,*,#13071,.T.);
#13069=ORIENTED_EDGE('',*,*,#13072,.T.);
#13070=EDGE_CURVE('',#599,#535,#13073,.F.);
#13071=EDGE_CURVE('',#535,#555,#13074,.T.);
#13072=EDGE_CURVE('',#555,#599,#13075,.T.);
#13073=LINE('',#598,#13076);
#13074=LINE('',#534,#13077);
#13075=LINE('',#554,#13078);
#13076=VECTOR('',#13079,1.0);
#13077=VECTOR('',#13080,1.0);
#13078=VECTOR('',#13081,1.0);
#13079=DIRECTION('',(0,1,0));
#13080=DIRECTION('',(-1,0,0));
#13081=DIRECTION('',(0.7163334922369045,-0.6977580726152013,0));
#13082=FACE_SURFACE('',(#13087),#13083,.T.);
#13083=PLANE('',#13084);
#13084=AXIS2_PLACEMENT_3D('',#598,#13085,#13086);
#13085=DIRECTION('',(0,0,1));
#13086=DIRECTION('',(-0.7163334922369045,0.6977580726152013,0));
#13087=FACE_BOUND('',#13088,.T.);
#13088=EDGE_LOOP('',(#13089,#13090,#13091));
#13089=ORIENTED_EDGE('',*,*,#13092,.T.);
#13090=ORIENTED_EDGE('',*,*,#13093,.T.);
#13091=ORIENTED_EDGE('',*,*,#13094,.T.);
#13092=EDGE_CURVE('',#599,#555,#13095,.F.);
#13093=EDGE_CURVE('',#555,#459,#13096,.T.);
#13094=EDGE_CURVE('',#459,#599,#13097,.T.);
#13095=LINE('',#598,#13098);
#13096=LINE('',#554,#13099);
#13097=LINE('',#458,#13100);
#13098=VECTOR('',#13101,1.0);
#13099=VECTOR('',#13102,1.0);
#13100=VECTOR('',#13103,1.0);
#13101=DIRECTION('',(-0.7163334922369045,0.6977580726152013,0));
#13102=DIRECTION('',(-1,0,0));
#13103=DIRECTION('',(0.9242608652586488,-0.3817615131876623,0));
#13104=FACE_SURFACE('',(#13109),#13105,.T.);
#13105=PLANE('',#13106);
#13106=AXIS2_PLACEMENT_3D('',#666,#13107,#13108);
#13107=DIRECTION('',(-0,-0,1));
#13108=DIRECTION('',(0.9960120814483907,-0.08921846002282448,0));
#13109=FACE_BOUND('',#13110,.T.);
#13110=EDGE_LOOP('',(#13111,#13112,#13113));
#13111=ORIENTED_EDGE('',*,*,#13114,.T.);
#13112=ORIENTED_EDGE('',*,*,#13115,.T.);
#13113=ORIENTED_EDGE('',*,*,#13116,.T.);
#13114=EDGE_CURVE('',#667,#407,#13117,.F.);
#13115=EDGE_CURVE('',#407,#599,#13118,.T.);
#13116=EDGE_CURVE('',#599,#667,#13119,.T.);
#13117=LINE('',#666,#13120);
#13118=LINE('',#406,#13121);
#13119=LINE('',#598,#13122);
#13120=VECTOR('',#13123,1.0);
#13121=VECTOR('',#13124,1.0);
#13122=VECTOR('',#13125,1.0);
#13123=DIRECTION('',(0.9960120814483907,-0.08921846002282448,0));
#13124=DIRECTION('',(-0.9592257083894133,0.2826411866038424,0));
#13125=DIRECTION('',(0.9384738314356446,-0.34535035501719336,0));
#13126=FACE_SURFACE('',(#13131),#13127,.T.);
#13127=PLANE('',#13128);
#13128=AXIS2_PLACEMENT_3D('',#476,#13129,#13130);
#13129=DIRECTION('',(0,0,1));
#13130=DIRECTION('',(1,0,0));
#13131=FACE_BOUND('',#13132,.T.);
#13132=EDGE_LOOP('',(#13133,#13134,#13135));
#13133=ORIENTED_EDGE('',*,*,#13136,.T.);
#13134=ORIENTED_EDGE('',*,*,#13137,.T.);
#13135=ORIENTED_EDGE('',*,*,#13138,.T.);
#13136=EDGE_CURVE('',#477,#667,#13139,.F.);
#13137=EDGE_CURVE('',#667,#599,#13140,.T.);
#13138=EDGE_CURVE('',#599,#477,#13141,.T.);
#13139=LINE('',#476,#13142);
#13140=LINE('',#666,#13143);
#13141=LINE('',#598,#13144);
#13142=VECTOR('',#13145,1.0);
#13143=VECTOR('',#13146,1.0);
#13144=VECTOR('',#13147,1.0);
#13145=DIRECTION('',(1,0,0));
#13146=DIRECTION('',(-0.9384738314356446,0.34535035501719336,0));
#13147=DIRECTION('',(-0.9379536313699761,-0.34676070336743026,0));
#13148=FACE_SURFACE('',(#13153),#13149,.T.);
#13149=PLANE('',#13150);
#13150=AXIS2_PLACEMENT_3D('',#598,#13151,#13152);
#13151=DIRECTION('',(0,0,1));
#13152=DIRECTION('',(-0.9242608652586488,0.3817615131876623,0));
#13153=FACE_BOUND('',#13154,.T.);
#13154=EDGE_LOOP('',(#13155,#13156,#13157));
#13155=ORIENTED_EDGE('',*,*,#13158,.T.);
#13156=ORIENTED_EDGE('',*,*,#13159,.T.);
#13157=ORIENTED_EDGE('',*,*,#13160,.T.);
#13158=EDGE_CURVE('',#599,#459,#13161,.F.);
#13159=EDGE_CURVE('',#459,#457,#13162,.T.);
#13160=EDGE_CURVE('',#457,#599,#13163,.T.);
#13161=LINE('',#598,#13164);
#13162=LINE('',#458,#13165);
#13163=LINE('',#456,#13166);
#13164=VECTOR('',#13167,1.0);
#13165=VECTOR('',#13168,1.0);
#13166=VECTOR('',#13169,1.0);
#13167=DIRECTION('',(-0.9242608652586488,0.3817615131876623,0));
#13168=DIRECTION('',(-1,0,0));
#13169=DIRECTION('',(0.9890412649648415,-0.14763934501597573,0));
#13170=FACE_SURFACE('',(#13175),#13171,.T.);
#13171=PLANE('',#13172);
#13172=AXIS2_PLACEMENT_3D('',#456,#13173,#13174);
#13173=DIRECTION('',(0,0,1));
#13174=DIRECTION('',(-1,0,0));
#13175=FACE_BOUND('',#13176,.T.);
#13176=EDGE_LOOP('',(#13177,#13178,#13179));
#13177=ORIENTED_EDGE('',*,*,#13180,.T.);
#13178=ORIENTED_EDGE('',*,*,#13181,.T.);
#13179=ORIENTED_EDGE('',*,*,#13182,.T.);
#13180=EDGE_CURVE('',#457,#653,#13183,.F.);
#13181=EDGE_CURVE('',#653,#627,#13184,.T.);
#13182=EDGE_CURVE('',#627,#457,#13185,.T.);
#13183=LINE('',#456,#13186);
#13184=LINE('',#652,#13187);
#13185=LINE('',#626,#13188);
#13186=VECTOR('',#13189,1.0);
#13187=VECTOR('',#13190,1.0);
#13188=VECTOR('',#13191,1.0);
#13189=DIRECTION('',(-1,0,0));
#13190=DIRECTION('',(-0.1958248788135502,-0.9806388819732055,0));
#13191=DIRECTION('',(0.7681413112036376,0.6402803495519416,0));
#13192=FACE_SURFACE('',(#13197),#13193,.T.);
#13193=PLANE('',#13194);
#13194=AXIS2_PLACEMENT_3D('',#588,#13195,#13196);
#13195=DIRECTION('',(0,0,1));
#13196=DIRECTION('',(1,0,0));
#13197=FACE_BOUND('',#13198,.T.);
#13198=EDGE_LOOP('',(#13199,#13200,#13201));
#13199=ORIENTED_EDGE('',*,*,#13202,.T.);
#13200=ORIENTED_EDGE('',*,*,#13203,.T.);
#13201=ORIENTED_EDGE('',*,*,#13204,.T.);
#13202=EDGE_CURVE('',#589,#477,#13205,.F.);
#13203=EDGE_CURVE('',#477,#599,#13206,.T.);
#13204=EDGE_CURVE('',#599,#589,#13207,.T.);
#13205=LINE('',#588,#13208);
#13206=LINE('',#476,#13209);
#13207=LINE('',#598,#13210);
#13208=VECTOR('',#13211,1.0);
#13209=VECTOR('',#13212,1.0);
#13210=VECTOR('',#13213,1.0);
#13211=DIRECTION('',(1,0,0));
#13212=DIRECTION('',(0.9379536313699761,0.34676070336743026,0));
#13213=DIRECTION('',(-0.9777485466024738,-0.20978031274824196,0));
#13214=FACE_SURFACE('',(#13219),#13215,.T.);
#13215=PLANE('',#13216);
#13216=AXIS2_PLACEMENT_3D('',#456,#13217,#13218);
#13217=DIRECTION('',(0,0,1));
#13218=DIRECTION('',(-0.7681413112036376,-0.6402803495519416,0));
#13219=FACE_BOUND('',#13220,.T.);
#13220=EDGE_LOOP('',(#13221,#13222,#13223));
#13221=ORIENTED_EDGE('',*,*,#13224,.T.);
#13222=ORIENTED_EDGE('',*,*,#13225,.T.);
#13223=ORIENTED_EDGE('',*,*,#13226,.T.);
#13224=EDGE_CURVE('',#457,#627,#13227,.F.);
#13225=EDGE_CURVE('',#627,#589,#13228,.T.);
#13226=EDGE_CURVE('',#589,#457,#13229,.T.);
#13227=LINE('',#456,#13230);
#13228=LINE('',#626,#13231);
#13229=LINE('',#588,#13232);
#13230=VECTOR('',#13233,1.0);
#13231=VECTOR('',#13234,1.0);
#13232=VECTOR('',#13235,1.0);
#13233=DIRECTION('',(-0.7681413112036376,-0.6402803495519416,0));
#13234=DIRECTION('',(1,0,0));
#13235=DIRECTION('',(-0.6652823520613664,0.746591851037564,0));
#13236=FACE_SURFACE('',(#13241),#13237,.T.);
#13237=PLANE('',#13238);
#13238=AXIS2_PLACEMENT_3D('',#598,#13239,#13240);
#13239=DIRECTION('',(0,0,1));
#13240=DIRECTION('',(-0.9890412649648415,0.14763934501597573,0));
#13241=FACE_BOUND('',#13242,.T.);
#13242=EDGE_LOOP('',(#13243,#13244,#13245));
#13243=ORIENTED_EDGE('',*,*,#13246,.T.);
#13244=ORIENTED_EDGE('',*,*,#13247,.T.);
#13245=ORIENTED_EDGE('',*,*,#13248,.T.);
#13246=EDGE_CURVE('',#599,#457,#13249,.F.);
#13247=EDGE_CURVE('',#457,#589,#13250,.T.);
#13248=EDGE_CURVE('',#589,#599,#13251,.T.);
#13249=LINE('',#598,#13252);
#13250=LINE('',#456,#13253);
#13251=LINE('',#588,#13254);
#13252=VECTOR('',#13255,1.0);
#13253=VECTOR('',#13256,1.0);
#13254=VECTOR('',#13257,1.0);
#13255=DIRECTION('',(-0.9890412649648415,0.14763934501597573,0));
#13256=DIRECTION('',(0.6652823520613664,-0.746591851037564,0));
#13257=DIRECTION('',(0.9777485466024738,0.20978031274824196,0));
#13258=FACE_SURFACE('',(#13263),#13259,.T.);
#13259=PLANE('',#13260);
#13260=AXIS2_PLACEMENT_3D('',#532,#13261,#13262);
#13261=DIRECTION('',(0,-0,1));
#13262=DIRECTION('',(0,1,0));
#13263=FACE_BOUND('',#13264,.T.);
#13264=EDGE_LOOP('',(#13265,#13266,#13267));
#13265=ORIENTED_EDGE('',*,*,#13268,.T.);
#13266=ORIENTED_EDGE('',*,*,#13269,.T.);
#13267=ORIENTED_EDGE('',*,*,#13270,.T.);
#13268=EDGE_CURVE('',#533,#711,#13271,.F.);
#13269=EDGE_CURVE('',#711,#681,#13272,.T.);
#13270=EDGE_CURVE('',#681,#533,#13273,.T.);
#13271=LINE('',#532,#13274);
#13272=LINE('',#710,#13275);
#13273=LINE('',#680,#13276);
#13274=VECTOR('',#13277,1.0);
#13275=VECTOR('',#13278,1.0);
#13276=VECTOR('',#13279,1.0);
#13277=DIRECTION('',(0,1,0));
#13278=DIRECTION('',(-1,0,0));
#13279=DIRECTION('',(0.9942095396746541,-0.10745878847219799,0));
#13280=FACE_SURFACE('',(#13285),#13281,.T.);
#13281=PLANE('',#13282);
#13282=AXIS2_PLACEMENT_3D('',#680,#13283,#13284);
#13283=DIRECTION('',(0,-0,1));
#13284=DIRECTION('',(0.00188899547748479,0.9999982158464514,0));
#13285=FACE_BOUND('',#13286,.T.);
#13286=EDGE_LOOP('',(#13287,#13288,#13289));
#13287=ORIENTED_EDGE('',*,*,#13290,.T.);
#13288=ORIENTED_EDGE('',*,*,#13291,.T.);
#13289=ORIENTED_EDGE('',*,*,#13292,.T.);
#13290=EDGE_CURVE('',#681,#615,#13293,.F.);
#13291=EDGE_CURVE('',#615,#545,#13294,.T.);
#13292=EDGE_CURVE('',#545,#681,#13295,.T.);
#13293=LINE('',#680,#13296);
#13294=LINE('',#614,#13297);
#13295=LINE('',#544,#13298);
#13296=VECTOR('',#13299,1.0);
#13297=VECTOR('',#13300,1.0);
#13298=VECTOR('',#13301,1.0);
#13299=DIRECTION('',(0.00188899547748479,0.9999982158464514,0));
#13300=DIRECTION('',(-1,0,0));
#13301=DIRECTION('',(0.7241019530791692,-0.68969294729389,0));
#13302=FACE_SURFACE('',(#13307),#13303,.T.);
#13303=PLANE('',#13304);
#13304=AXIS2_PLACEMENT_3D('',#612,#13305,#13306);
#13305=DIRECTION('',(0,0,1));
#13306=DIRECTION('',(-1,0,0));
#13307=FACE_BOUND('',#13308,.T.);
#13308=EDGE_LOOP('',(#13309,#13310,#13311));
#13309=ORIENTED_EDGE('',*,*,#13312,.T.);
#13310=ORIENTED_EDGE('',*,*,#13313,.T.);
#13311=ORIENTED_EDGE('',*,*,#13314,.T.);
#13312=EDGE_CURVE('',#613,#575,#13315,.F.);
#13313=EDGE_CURVE('',#575,#491,#13316,.T.);
#13314=EDGE_CURVE('',#491,#613,#13317,.T.);
#13315=LINE('',#612,#13318);
#13316=LINE('',#574,#13319);
#13317=LINE('',#490,#13320);
#13318=VECTOR('',#13321,1.0);
#13319=VECTOR('',#13322,1.0);
#13320=VECTOR('',#13323,1.0);
#13321=DIRECTION('',(-1,0,0));
#13322=DIRECTION('',(-0.0887536124432052,-0.9960536111466497,0));
#13323=DIRECTION('',(0.9089250587762042,0.41695951545524623,0));
#13324=FACE_SURFACE('',(#13329),#13325,.T.);
#13325=PLANE('',#13326);
#13326=AXIS2_PLACEMENT_3D('',#680,#13327,#13328);
#13327=DIRECTION('',(0,0,1));
#13328=DIRECTION('',(-0.7241019530791692,0.68969294729389,0));
#13329=FACE_BOUND('',#13330,.T.);
#13330=EDGE_LOOP('',(#13331,#13332,#13333));
#13331=ORIENTED_EDGE('',*,*,#13334,.T.);
#13332=ORIENTED_EDGE('',*,*,#13335,.T.);
#13333=ORIENTED_EDGE('',*,*,#13336,.T.);
#13334=EDGE_CURVE('',#681,#545,#13337,.F.);
#13335=EDGE_CURVE('',#545,#613,#13338,.T.);
#13336=EDGE_CURVE('',#613,#681,#13339,.T.);
#13337=LINE('',#680,#13340);
#13338=LINE('',#544,#13341);
#13339=LINE('',#612,#13342);
#13340=VECTOR('',#13343,1.0);
#13341=VECTOR('',#13344,1.0);
#13342=VECTOR('',#13345,1.0);
#13343=DIRECTION('',(-0.7241019530791692,0.68969294729389,0));
#13344=DIRECTION('',(-1,0,0));
#13345=DIRECTION('',(0.9244395123706399,-0.3813287137994379,0));
#13346=FACE_SURFACE('',(#13351),#13347,.T.);
#13347=PLANE('',#13348);
#13348=AXIS2_PLACEMENT_3D('',#466,#13349,#13350);
#13349=DIRECTION('',(0,-0,1));
#13350=DIRECTION('',(1,0,0));
#13351=FACE_BOUND('',#13352,.T.);
#13352=EDGE_LOOP('',(#13353,#13354,#13355));
#13353=ORIENTED_EDGE('',*,*,#13356,.T.);
#13354=ORIENTED_EDGE('',*,*,#13357,.T.);
#13355=ORIENTED_EDGE('',*,*,#13358,.T.);
#13356=EDGE_CURVE('',#467,#533,#13359,.F.);
#13357=EDGE_CURVE('',#533,#681,#13360,.T.);
#13358=EDGE_CURVE('',#681,#467,#13361,.T.);
#13359=LINE('',#466,#13362);
#13360=LINE('',#532,#13363);
#13361=LINE('',#680,#13364);
#13362=VECTOR('',#13365,1.0);
#13363=VECTOR('',#13366,1.0);
#13364=VECTOR('',#13367,1.0);
#13365=DIRECTION('',(1,0,0));
#13366=DIRECTION('',(-0.9942095396746541,0.10745878847219799,0));
#13367=DIRECTION('',(0.9927455606723623,-0.12023415390527395,0));
#13368=FACE_SURFACE('',(#13373),#13369,.T.);
#13369=PLANE('',#13370);
#13370=AXIS2_PLACEMENT_3D('',#642,#13371,#13372);
#13371=DIRECTION('',(0,-0,1));
#13372=DIRECTION('',(1,0,0));
#13373=FACE_BOUND('',#13374,.T.);
#13374=EDGE_LOOP('',(#13375,#13376,#13377));
#13375=ORIENTED_EDGE('',*,*,#13378,.T.);
#13376=ORIENTED_EDGE('',*,*,#13379,.T.);
#13377=ORIENTED_EDGE('',*,*,#13380,.T.);
#13378=EDGE_CURVE('',#643,#467,#13381,.F.);
#13379=EDGE_CURVE('',#467,#681,#13382,.T.);
#13380=EDGE_CURVE('',#681,#643,#13383,.T.);
#13381=LINE('',#642,#13384);
#13382=LINE('',#466,#13385);
#13383=LINE('',#680,#13386);
#13384=VECTOR('',#13387,1.0);
#13385=VECTOR('',#13388,1.0);
#13386=VECTOR('',#13389,1.0);
#13387=DIRECTION('',(1,0,0));
#13388=DIRECTION('',(-0.9927455606723623,0.12023415390527395,0));
#13389=DIRECTION('',(0.9401016316994316,-0.34089429751180383,0));
#13390=FACE_SURFACE('',(#13395),#13391,.T.);
#13391=PLANE('',#13392);
#13392=AXIS2_PLACEMENT_3D('',#680,#13393,#13394);
#13393=DIRECTION('',(0,0,1));
#13394=DIRECTION('',(-0.9244395123706399,0.3813287137994379,0));
#13395=FACE_BOUND('',#13396,.T.);
#13396=EDGE_LOOP('',(#13397,#13398,#13399));
#13397=ORIENTED_EDGE('',*,*,#13400,.T.);
#13398=ORIENTED_EDGE('',*,*,#13401,.T.);
#13399=ORIENTED_EDGE('',*,*,#13402,.T.);
#13400=EDGE_CURVE('',#681,#613,#13403,.F.);
#13401=EDGE_CURVE('',#613,#491,#13404,.T.);
#13402=EDGE_CURVE('',#491,#681,#13405,.T.);
#13403=LINE('',#680,#13406);
#13404=LINE('',#612,#13407);
#13405=LINE('',#490,#13408);
#13406=VECTOR('',#13409,1.0);
#13407=VECTOR('',#13410,1.0);
#13408=VECTOR('',#13411,1.0);
#13409=DIRECTION('',(-0.9244395123706399,0.3813287137994379,0));
#13410=DIRECTION('',(-0.9089250587762042,-0.41695951545524623,0));
#13411=DIRECTION('',(0.9890713563057864,0.14743762116716438,0));
#13412=FACE_SURFACE('',(#13417),#13413,.T.);
#13413=PLANE('',#13414);
#13414=AXIS2_PLACEMENT_3D('',#488,#13415,#13416);
#13415=DIRECTION('',(0,0,1));
#13416=DIRECTION('',(0,-1,0));
#13417=FACE_BOUND('',#13418,.T.);
#13418=EDGE_LOOP('',(#13419,#13420,#13421));
#13419=ORIENTED_EDGE('',*,*,#13422,.T.);
#13420=ORIENTED_EDGE('',*,*,#13423,.T.);
#13421=ORIENTED_EDGE('',*,*,#13424,.T.);
#13422=EDGE_CURVE('',#489,#679,#13425,.F.);
#13423=EDGE_CURVE('',#679,#619,#13426,.T.);
#13424=EDGE_CURVE('',#619,#489,#13427,.T.);
#13425=LINE('',#488,#13428);
#13426=LINE('',#678,#13429);
#13427=LINE('',#618,#13430);
#13428=VECTOR('',#13431,1.0);
#13429=VECTOR('',#13432,1.0);
#13430=VECTOR('',#13433,1.0);
#13431=DIRECTION('',(0,-1,0));
#13432=DIRECTION('',(1,0,0));
#13433=DIRECTION('',(-0.4314756856317974,0.9021245660708783,0));
#13434=FACE_SURFACE('',(#13439),#13435,.T.);
#13435=PLANE('',#13436);
#13436=AXIS2_PLACEMENT_3D('',#650,#13437,#13438);
#13437=DIRECTION('',(0,-0,1));
#13438=DIRECTION('',(1,0,0));
#13439=FACE_BOUND('',#13440,.T.);
#13440=EDGE_LOOP('',(#13441,#13442,#13443));
#13441=ORIENTED_EDGE('',*,*,#13444,.T.);
#13442=ORIENTED_EDGE('',*,*,#13445,.T.);
#13443=ORIENTED_EDGE('',*,*,#13446,.T.);
#13444=EDGE_CURVE('',#651,#643,#13447,.F.);
#13445=EDGE_CURVE('',#643,#681,#13448,.T.);
#13446=EDGE_CURVE('',#681,#651,#13449,.T.);
#13447=LINE('',#650,#13450);
#13448=LINE('',#642,#13451);
#13449=LINE('',#680,#13452);
#13450=VECTOR('',#13453,1.0);
#13451=VECTOR('',#13454,1.0);
#13452=VECTOR('',#13455,1.0);
#13453=DIRECTION('',(1,0,0));
#13454=DIRECTION('',(-0.9401016316994316,0.34089429751180383,0));
#13455=DIRECTION('',(0.6121634909818906,-0.7907312187518998,0));
#13456=FACE_SURFACE('',(#13461),#13457,.T.);
#13457=PLANE('',#13458);
#13458=AXIS2_PLACEMENT_3D('',#488,#13459,#13460);
#13459=DIRECTION('',(-0,0,1));
#13460=DIRECTION('',(0.4314756856317974,-0.9021245660708783,0));
#13461=FACE_BOUND('',#13462,.T.);
#13462=EDGE_LOOP('',(#13463,#13464,#13465));
#13463=ORIENTED_EDGE('',*,*,#13466,.T.);
#13464=ORIENTED_EDGE('',*,*,#13467,.T.);
#13465=ORIENTED_EDGE('',*,*,#13468,.T.);
#13466=EDGE_CURVE('',#489,#619,#13469,.F.);
#13467=EDGE_CURVE('',#619,#617,#13470,.T.);
#13468=EDGE_CURVE('',#617,#489,#13471,.T.);
#13469=LINE('',#488,#13472);
#13470=LINE('',#618,#13473);
#13471=LINE('',#616,#13474);
#13472=VECTOR('',#13475,1.0);
#13473=VECTOR('',#13476,1.0);
#13474=VECTOR('',#13477,1.0);
#13475=DIRECTION('',(0.4314756856317974,-0.9021245660708783,0));
#13476=DIRECTION('',(0,1,0));
#13477=DIRECTION('',(-0.8263512436480908,-0.5631550604595983,0));
#13478=FACE_SURFACE('',(#13483),#13479,.T.);
#13479=PLANE('',#13480);
#13480=AXIS2_PLACEMENT_3D('',#616,#13481,#13482);
#13481=DIRECTION('',(0,0,1));
#13482=DIRECTION('',(1,0,0));
#13483=FACE_BOUND('',#13484,.T.);
#13484=EDGE_LOOP('',(#13485,#13486,#13487));
#13485=ORIENTED_EDGE('',*,*,#13488,.T.);
#13486=ORIENTED_EDGE('',*,*,#13489,.T.);
#13487=ORIENTED_EDGE('',*,*,#13490,.T.);
#13488=EDGE_CURVE('',#617,#651,#13491,.F.);
#13489=EDGE_CURVE('',#651,#681,#13492,.T.);
#13490=EDGE_CURVE('',#681,#617,#13493,.T.);
#13491=LINE('',#616,#13494);
#13492=LINE('',#650,#13495);
#13493=LINE('',#680,#13496);
#13494=VECTOR('',#13497,1.0);
#13495=VECTOR('',#13498,1.0);
#13496=VECTOR('',#13499,1.0);
#13497=DIRECTION('',(1,0,0));
#13498=DIRECTION('',(-0.6121634909818906,0.7907312187518998,0));
#13499=DIRECTION('',(-0.9783280988722106,-0.20706069389694962,0));
#13500=FACE_SURFACE('',(#13505),#13501,.T.);
#13501=PLANE('',#13502);
#13502=AXIS2_PLACEMENT_3D('',#490,#13503,#13504);
#13503=DIRECTION('',(-0,0,1));
#13504=DIRECTION('',(0,-1,0));
#13505=FACE_BOUND('',#13506,.T.);
#13506=EDGE_LOOP('',(#13507,#13508,#13509));
#13507=ORIENTED_EDGE('',*,*,#13510,.T.);
#13508=ORIENTED_EDGE('',*,*,#13511,.T.);
#13509=ORIENTED_EDGE('',*,*,#13512,.T.);
#13510=EDGE_CURVE('',#491,#489,#13513,.F.);
#13511=EDGE_CURVE('',#489,#617,#13514,.T.);
#13512=EDGE_CURVE('',#617,#491,#13515,.T.);
#13513=LINE('',#490,#13516);
#13514=LINE('',#488,#13517);
#13515=LINE('',#616,#13518);
#13516=VECTOR('',#13519,1.0);
#13517=VECTOR('',#13520,1.0);
#13518=VECTOR('',#13521,1.0);
#13519=DIRECTION('',(0,-1,0));
#13520=DIRECTION('',(0.8263512436480908,0.5631550604595983,0));
#13521=DIRECTION('',(-1,0,0));
#13522=FACE_SURFACE('',(#13527),#13523,.T.);
#13523=PLANE('',#13524);
#13524=AXIS2_PLACEMENT_3D('',#680,#13525,#13526);
#13525=DIRECTION('',(0,0,1));
#13526=DIRECTION('',(-0.9890713563057864,-0.14743762116716438,0));
#13527=FACE_BOUND('',#13528,.T.);
#13528=EDGE_LOOP('',(#13529,#13530,#13531));
#13529=ORIENTED_EDGE('',*,*,#13532,.T.);
#13530=ORIENTED_EDGE('',*,*,#13533,.T.);
#13531=ORIENTED_EDGE('',*,*,#13534,.T.);
#13532=EDGE_CURVE('',#681,#491,#13535,.F.);
#13533=EDGE_CURVE('',#491,#617,#13536,.T.);
#13534=EDGE_CURVE('',#617,#681,#13537,.T.);
#13535=LINE('',#680,#13538);
#13536=LINE('',#490,#13539);
#13537=LINE('',#616,#13540);
#13538=VECTOR('',#13541,1.0);
#13539=VECTOR('',#13542,1.0);
#13540=VECTOR('',#13543,1.0);
#13541=DIRECTION('',(-0.9890713563057864,-0.14743762116716438,0));
#13542=DIRECTION('',(1,0,0));
#13543=DIRECTION('',(0.9783280988722106,0.20706069389694962,0));
#13544=FACE_SURFACE('',(#13549),#13545,.T.);
#13545=PLANE('',#13546);
#13546=AXIS2_PLACEMENT_3D('',#634,#13547,#13548);
#13547=DIRECTION('',(0,0,1));
#13548=DIRECTION('',(0,-1,0));
#13549=FACE_BOUND('',#13550,.T.);
#13550=EDGE_LOOP('',(#13551,#13552,#13553));
#13551=ORIENTED_EDGE('',*,*,#13554,.T.);
#13552=ORIENTED_EDGE('',*,*,#13555,.T.);
#13553=ORIENTED_EDGE('',*,*,#13556,.T.);
#13554=EDGE_CURVE('',#635,#671,#13557,.F.);
#13555=EDGE_CURVE('',#671,#409,#13558,.T.);
#13556=EDGE_CURVE('',#409,#635,#13559,.T.);
#13557=LINE('',#634,#13560);
#13558=LINE('',#670,#13561);
#13559=LINE('',#408,#13562);
#13560=VECTOR('',#13563,1.0);
#13561=VECTOR('',#13564,1.0);
#13562=VECTOR('',#13565,1.0);
#13563=DIRECTION('',(0,-1,0));
#13564=DIRECTION('',(1,0,0));
#13565=DIRECTION('',(-0.23118924263876953,0.9729088004988505,0));
#13566=FACE_SURFACE('',(#13571),#13567,.T.);
#13567=PLANE('',#13568);
#13568=AXIS2_PLACEMENT_3D('',#408,#13569,#13570);
#13569=DIRECTION('',(0,-0,1));
#13570=DIRECTION('',(0,1,0));
#13571=FACE_BOUND('',#13572,.T.);
#13572=EDGE_LOOP('',(#13573,#13574,#13575));
#13573=ORIENTED_EDGE('',*,*,#13576,.T.);
#13574=ORIENTED_EDGE('',*,*,#13577,.T.);
#13575=ORIENTED_EDGE('',*,*,#13578,.T.);
#13576=EDGE_CURVE('',#409,#407,#13579,.F.);
#13577=EDGE_CURVE('',#407,#637,#13580,.T.);
#13578=EDGE_CURVE('',#637,#409,#13581,.T.);
#13579=LINE('',#408,#13582);
#13580=LINE('',#406,#13583);
#13581=LINE('',#636,#13584);
#13582=VECTOR('',#13585,1.0);
#13583=VECTOR('',#13586,1.0);
#13584=VECTOR('',#13587,1.0);
#13585=DIRECTION('',(0,1,0));
#13586=DIRECTION('',(-0.9961114513302829,-0.08810208016089903,0));
#13587=DIRECTION('',(0.1820256501830448,-0.9832937824859058,0));
#13588=FACE_SURFACE('',(#13593),#13589,.T.);
#13589=PLANE('',#13590);
#13590=AXIS2_PLACEMENT_3D('',#408,#13591,#13592);
#13591=DIRECTION('',(0,0,1));
#13592=DIRECTION('',(-0.1820256501830448,0.9832937824859058,0));
#13593=FACE_BOUND('',#13594,.T.);
#13594=EDGE_LOOP('',(#13595,#13596,#13597));
#13595=ORIENTED_EDGE('',*,*,#13598,.T.);
#13596=ORIENTED_EDGE('',*,*,#13599,.T.);
#13597=ORIENTED_EDGE('',*,*,#13600,.T.);
#13598=EDGE_CURVE('',#409,#637,#13601,.F.);
#13599=EDGE_CURVE('',#637,#635,#13602,.T.);
#13600=EDGE_CURVE('',#635,#409,#13603,.T.);
#13601=LINE('',#408,#13604);
#13602=LINE('',#636,#13605);
#13603=LINE('',#634,#13606);
#13604=VECTOR('',#13607,1.0);
#13605=VECTOR('',#13608,1.0);
#13606=VECTOR('',#13609,1.0);
#13607=DIRECTION('',(-0.1820256501830448,0.9832937824859058,0));
#13608=DIRECTION('',(0,-1,0));
#13609=DIRECTION('',(0.23118924263876953,-0.9729088004988505,0));
#13610=FACE_SURFACE('',(#13615),#13611,.T.);
#13611=PLANE('',#13612);
#13612=AXIS2_PLACEMENT_3D('',#550,#13613,#13614);
#13613=DIRECTION('',(0,0,1));
#13614=DIRECTION('',(1,0,0));
#13615=FACE_BOUND('',#13616,.T.);
#13616=EDGE_LOOP('',(#13617,#13618,#13619));
#13617=ORIENTED_EDGE('',*,*,#13620,.T.);
#13618=ORIENTED_EDGE('',*,*,#13621,.T.);
#13619=ORIENTED_EDGE('',*,*,#13622,.T.);
#13620=EDGE_CURVE('',#551,#607,#13623,.F.);
#13621=EDGE_CURVE('',#607,#393,#13624,.T.);
#13622=EDGE_CURVE('',#393,#551,#13625,.T.);
#13623=LINE('',#550,#13626);
#13624=LINE('',#606,#13627);
#13625=LINE('',#392,#13628);
#13626=VECTOR('',#13629,1.0);
#13627=VECTOR('',#13630,1.0);
#13628=VECTOR('',#13631,1.0);
#13629=DIRECTION('',(1,0,0));
#13630=DIRECTION('',(0,1,0));
#13631=DIRECTION('',(-0.11012176745657287,-0.9939181034331955,0));
#13632=FACE_SURFACE('',(#13637),#13633,.T.);
#13633=PLANE('',#13634);
#13634=AXIS2_PLACEMENT_3D('',#392,#13635,#13636);
#13635=DIRECTION('',(0,0,1));
#13636=DIRECTION('',(-1,0,0));
#13637=FACE_BOUND('',#13638,.T.);
#13638=EDGE_LOOP('',(#13639,#13640,#13641));
#13639=ORIENTED_EDGE('',*,*,#13642,.T.);
#13640=ORIENTED_EDGE('',*,*,#13643,.T.);
#13641=ORIENTED_EDGE('',*,*,#13644,.T.);
#13642=EDGE_CURVE('',#393,#391,#13645,.F.);
#13643=EDGE_CURVE('',#391,#625,#13646,.T.);
#13644=EDGE_CURVE('',#625,#393,#13647,.T.);
#13645=LINE('',#392,#13648);
#13646=LINE('',#390,#13649);
#13647=LINE('',#624,#13650);
#13648=VECTOR('',#13651,1.0);
#13649=VECTOR('',#13652,1.0);
#13650=VECTOR('',#13653,1.0);
#13651=DIRECTION('',(-1,0,0));
#13652=DIRECTION('',(0.8914350049436962,-0.4531485760333274,0));
#13653=DIRECTION('',(0.9858184233277121,0.1678154826816161,0));
#13654=FACE_SURFACE('',(#13659),#13655,.T.);
#13655=PLANE('',#13656);
#13656=AXIS2_PLACEMENT_3D('',#602,#13657,#13658);
#13657=DIRECTION('',(0,0,1));
#13658=DIRECTION('',(0,-1,0));
#13659=FACE_BOUND('',#13660,.T.);
#13660=EDGE_LOOP('',(#13661,#13662,#13663));
#13661=ORIENTED_EDGE('',*,*,#13664,.T.);
#13662=ORIENTED_EDGE('',*,*,#13665,.T.);
#13663=ORIENTED_EDGE('',*,*,#13666,.T.);
#13664=EDGE_CURVE('',#603,#601,#13667,.F.);
#13665=EDGE_CURVE('',#601,#553,#13668,.T.);
#13666=EDGE_CURVE('',#553,#603,#13669,.T.);
#13667=LINE('',#602,#13670);
#13668=LINE('',#600,#13671);
#13669=LINE('',#552,#13672);
#13670=VECTOR('',#13673,1.0);
#13671=VECTOR('',#13674,1.0);
#13672=VECTOR('',#13675,1.0);
#13673=DIRECTION('',(0,-1,0));
#13674=DIRECTION('',(0.9999858828978926,-0.005313568002969428,0));
#13675=DIRECTION('',(-0.8631075513456311,0.5050201528752579,0));
#13676=FACE_SURFACE('',(#13681),#13677,.T.);
#13677=PLANE('',#13678);
#13678=AXIS2_PLACEMENT_3D('',#392,#13679,#13680);
#13679=DIRECTION('',(0,0,1));
#13680=DIRECTION('',(-0.9858184233277121,-0.1678154826816161,0));
#13681=FACE_BOUND('',#13682,.T.);
#13682=EDGE_LOOP('',(#13683,#13684,#13685));
#13683=ORIENTED_EDGE('',*,*,#13686,.T.);
#13684=ORIENTED_EDGE('',*,*,#13687,.T.);
#13685=ORIENTED_EDGE('',*,*,#13688,.T.);
#13686=EDGE_CURVE('',#393,#625,#13689,.F.);
#13687=EDGE_CURVE('',#625,#603,#13690,.T.);
#13688=EDGE_CURVE('',#603,#393,#13691,.T.);
#13689=LINE('',#392,#13692);
#13690=LINE('',#624,#13693);
#13691=LINE('',#602,#13694);
#13692=VECTOR('',#13695,1.0);
#13693=VECTOR('',#13696,1.0);
#13694=VECTOR('',#13697,1.0);
#13695=DIRECTION('',(-0.9858184233277121,-0.1678154826816161,0));
#13696=DIRECTION('',(1,0,0));
#13697=DIRECTION('',(0.9748265833317332,0.2229644196498163,0));
#13698=FACE_SURFACE('',(#13703),#13699,.T.);
#13699=PLANE('',#13700);
#13700=AXIS2_PLACEMENT_3D('',#556,#13701,#13702);
#13701=DIRECTION('',(-0,0,1));
#13702=DIRECTION('',(0,-1,0));
#13703=FACE_BOUND('',#13704,.T.);
#13704=EDGE_LOOP('',(#13705,#13706,#13707));
#13705=ORIENTED_EDGE('',*,*,#13708,.T.);
#13706=ORIENTED_EDGE('',*,*,#13709,.T.);
#13707=ORIENTED_EDGE('',*,*,#13710,.T.);
#13708=EDGE_CURVE('',#557,#551,#13711,.F.);
#13709=EDGE_CURVE('',#551,#393,#13712,.T.);
#13710=EDGE_CURVE('',#393,#557,#13713,.T.);
#13711=LINE('',#556,#13714);
#13712=LINE('',#550,#13715);
#13713=LINE('',#392,#13716);
#13714=VECTOR('',#13717,1.0);
#13715=VECTOR('',#13718,1.0);
#13716=VECTOR('',#13719,1.0);
#13717=DIRECTION('',(0,-1,0));
#13718=DIRECTION('',(0.11012176745657287,0.9939181034331955,0));
#13719=DIRECTION('',(-0.19758482642115294,-0.9802857932093695,0));
#13720=FACE_SURFACE('',(#13725),#13721,.T.);
#13721=PLANE('',#13722);
#13722=AXIS2_PLACEMENT_3D('',#558,#13723,#13724);
#13723=DIRECTION('',(-0,0,1));
#13724=DIRECTION('',(0,-1,0));
#13725=FACE_BOUND('',#13726,.T.);
#13726=EDGE_LOOP('',(#13727,#13728,#13729));
#13727=ORIENTED_EDGE('',*,*,#13730,.T.);
#13728=ORIENTED_EDGE('',*,*,#13731,.T.);
#13729=ORIENTED_EDGE('',*,*,#13732,.T.);
#13730=EDGE_CURVE('',#559,#557,#13733,.F.);
#13731=EDGE_CURVE('',#557,#393,#13734,.T.);
#13732=EDGE_CURVE('',#393,#559,#13735,.T.);
#13733=LINE('',#558,#13736);
#13734=LINE('',#556,#13737);
#13735=LINE('',#392,#13738);
#13736=VECTOR('',#13739,1.0);
#13737=VECTOR('',#13740,1.0);
#13738=VECTOR('',#13741,1.0);
#13739=DIRECTION('',(0,-1,0));
#13740=DIRECTION('',(0.19758482642115294,0.9802857932093695,0));
#13741=DIRECTION('',(-0.2651417059545635,-0.9642094563752752,0));
#13742=FACE_SURFACE('',(#13747),#13743,.T.);
#13743=PLANE('',#13744);
#13744=AXIS2_PLACEMENT_3D('',#602,#13745,#13746);
#13745=DIRECTION('',(0,0,1));
#13746=DIRECTION('',(0.8631075513456311,-0.5050201528752579,0));
#13747=FACE_BOUND('',#13748,.T.);
#13748=EDGE_LOOP('',(#13749,#13750,#13751));
#13749=ORIENTED_EDGE('',*,*,#13752,.T.);
#13750=ORIENTED_EDGE('',*,*,#13753,.T.);
#13751=ORIENTED_EDGE('',*,*,#13754,.T.);
#13752=EDGE_CURVE('',#603,#553,#13755,.F.);
#13753=EDGE_CURVE('',#553,#511,#13756,.T.);
#13754=EDGE_CURVE('',#511,#603,#13757,.T.);
#13755=LINE('',#602,#13758);
#13756=LINE('',#552,#13759);
#13757=LINE('',#510,#13760);
#13758=VECTOR('',#13761,1.0);
#13759=VECTOR('',#13762,1.0);
#13760=VECTOR('',#13763,1.0);
#13761=DIRECTION('',(0.8631075513456311,-0.5050201528752579,0));
#13762=DIRECTION('',(0,1,0));
#13763=DIRECTION('',(-0.9144404216373442,0.4047205397255198,0));
#13764=FACE_SURFACE('',(#13769),#13765,.T.);
#13765=PLANE('',#13766);
#13766=AXIS2_PLACEMENT_3D('',#508,#13767,#13768);
#13767=DIRECTION('',(0,0,1));
#13768=DIRECTION('',(1,0,0));
#13769=FACE_BOUND('',#13770,.T.);
#13770=EDGE_LOOP('',(#13771,#13772,#13773));
#13771=ORIENTED_EDGE('',*,*,#13774,.T.);
#13772=ORIENTED_EDGE('',*,*,#13775,.T.);
#13773=ORIENTED_EDGE('',*,*,#13776,.T.);
#13774=EDGE_CURVE('',#509,#559,#13777,.F.);
#13775=EDGE_CURVE('',#559,#393,#13778,.T.);
#13776=EDGE_CURVE('',#393,#509,#13779,.T.);
#13777=LINE('',#508,#13780);
#13778=LINE('',#558,#13781);
#13779=LINE('',#392,#13782);
#13780=VECTOR('',#13783,1.0);
#13781=VECTOR('',#13784,1.0);
#13782=VECTOR('',#13785,1.0);
#13783=DIRECTION('',(1,0,0));
#13784=DIRECTION('',(0.2651417059545635,0.9642094563752752,0));
#13785=DIRECTION('',(-0.8690798460755549,-0.49467183176858764,0));
#13786=FACE_SURFACE('',(#13791),#13787,.T.);
#13787=PLANE('',#13788);
#13788=AXIS2_PLACEMENT_3D('',#602,#13789,#13790);
#13789=DIRECTION('',(0,0,1));
#13790=DIRECTION('',(0.9144404216373442,-0.4047205397255198,0));
#13791=FACE_BOUND('',#13792,.T.);
#13792=EDGE_LOOP('',(#13793,#13794,#13795));
#13793=ORIENTED_EDGE('',*,*,#13796,.T.);
#13794=ORIENTED_EDGE('',*,*,#13797,.T.);
#13795=ORIENTED_EDGE('',*,*,#13798,.T.);
#13796=EDGE_CURVE('',#603,#511,#13799,.F.);
#13797=EDGE_CURVE('',#511,#509,#13800,.T.);
#13798=EDGE_CURVE('',#509,#603,#13801,.T.);
#13799=LINE('',#602,#13802);
#13800=LINE('',#510,#13803);
#13801=LINE('',#508,#13804);
#13802=VECTOR('',#13805,1.0);
#13803=VECTOR('',#13806,1.0);
#13804=VECTOR('',#13807,1.0);
#13805=DIRECTION('',(0.9144404216373442,-0.4047205397255198,0));
#13806=DIRECTION('',(0,1,0));
#13807=DIRECTION('',(-0.9999858828978926,0.005313568002969428,0));
#13808=FACE_SURFACE('',(#13813),#13809,.T.);
#13809=PLANE('',#13810);
#13810=AXIS2_PLACEMENT_3D('',#392,#13811,#13812);
#13811=DIRECTION('',(0,0,1));
#13812=DIRECTION('',(-0.9748265833317332,-0.2229644196498163,0));
#13813=FACE_BOUND('',#13814,.T.);
#13814=EDGE_LOOP('',(#13815,#13816,#13817));
#13815=ORIENTED_EDGE('',*,*,#13818,.T.);
#13816=ORIENTED_EDGE('',*,*,#13819,.T.);
#13817=ORIENTED_EDGE('',*,*,#13820,.T.);
#13818=EDGE_CURVE('',#393,#603,#13821,.F.);
#13819=EDGE_CURVE('',#603,#509,#13822,.T.);
#13820=EDGE_CURVE('',#509,#393,#13823,.T.);
#13821=LINE('',#392,#13824);
#13822=LINE('',#602,#13825);
#13823=LINE('',#508,#13826);
#13824=VECTOR('',#13827,1.0);
#13825=VECTOR('',#13828,1.0);
#13826=VECTOR('',#13829,1.0);
#13827=DIRECTION('',(-0.9748265833317332,-0.2229644196498163,0));
#13828=DIRECTION('',(0.9999858828978926,-0.005313568002969428,0));
#13829=DIRECTION('',(0.8690798460755549,0.49467183176858764,0));
#13830=FACE_SURFACE('',(#13835),#13831,.T.);
#13831=PLANE('',#13832);
#13832=AXIS2_PLACEMENT_3D('',#648,#13833,#13834);
#13833=DIRECTION('',(0,0,1));
#13834=DIRECTION('',(0,-1,0));
#13835=FACE_BOUND('',#13836,.T.);
#13836=EDGE_LOOP('',(#13837,#13838,#13839));
#13837=ORIENTED_EDGE('',*,*,#13840,.T.);
#13838=ORIENTED_EDGE('',*,*,#13841,.T.);
#13839=ORIENTED_EDGE('',*,*,#13842,.T.);
#13840=EDGE_CURVE('',#649,#653,#13843,.F.);
#13841=EDGE_CURVE('',#653,#457,#13844,.T.);
#13842=EDGE_CURVE('',#457,#649,#13845,.T.);
#13843=LINE('',#648,#13846);
#13844=LINE('',#652,#13847);
#13845=LINE('',#456,#13848);
#13846=VECTOR('',#13849,1.0);
#13847=VECTOR('',#13850,1.0);
#13848=VECTOR('',#13851,1.0);
#13849=DIRECTION('',(0,-1,0));
#13850=DIRECTION('',(1,0,0));
#13851=DIRECTION('',(-0.43147727714335476,0.9021238048676893,0));
#13852=FACE_SURFACE('',(#13857),#13853,.T.);
#13853=PLANE('',#13854);
#13854=AXIS2_PLACEMENT_3D('',#456,#13855,#13856);
#13855=DIRECTION('',(0,-0,1));
#13856=DIRECTION('',(0,1,0));
#13857=FACE_BOUND('',#13858,.T.);
#13858=EDGE_LOOP('',(#13859,#13860,#13861));
#13859=ORIENTED_EDGE('',*,*,#13862,.T.);
#13860=ORIENTED_EDGE('',*,*,#13863,.T.);
#13861=ORIENTED_EDGE('',*,*,#13864,.T.);
#13862=EDGE_CURVE('',#457,#643,#13865,.F.);
#13863=EDGE_CURVE('',#643,#651,#13866,.T.);
#13864=EDGE_CURVE('',#651,#457,#13867,.T.);
#13865=LINE('',#456,#13868);
#13866=LINE('',#642,#13869);
#13867=LINE('',#650,#13870);
#13868=VECTOR('',#13871,1.0);
#13869=VECTOR('',#13872,1.0);
#13870=VECTOR('',#13873,1.0);
#13871=DIRECTION('',(0,1,0));
#13872=DIRECTION('',(-1,0,0));
#13873=DIRECTION('',(0.339314753968184,-0.9406728962500783,0));
#13874=FACE_SURFACE('',(#13879),#13875,.T.);
#13875=PLANE('',#13876);
#13876=AXIS2_PLACEMENT_3D('',#648,#13877,#13878);
#13877=DIRECTION('',(-0,0,1));
#13878=DIRECTION('',(0.43147727714335476,-0.9021238048676893,0));
#13879=FACE_BOUND('',#13880,.T.);
#13880=EDGE_LOOP('',(#13881,#13882,#13883));
#13881=ORIENTED_EDGE('',*,*,#13884,.T.);
#13882=ORIENTED_EDGE('',*,*,#13885,.T.);
#13883=ORIENTED_EDGE('',*,*,#13886,.T.);
#13884=EDGE_CURVE('',#649,#457,#13887,.F.);
#13885=EDGE_CURVE('',#457,#651,#13888,.T.);
#13886=EDGE_CURVE('',#651,#649,#13889,.T.);
#13887=LINE('',#648,#13890);
#13888=LINE('',#456,#13891);
#13889=LINE('',#650,#13892);
#13890=VECTOR('',#13893,1.0);
#13891=VECTOR('',#13894,1.0);
#13892=VECTOR('',#13895,1.0);
#13893=DIRECTION('',(0.43147727714335476,-0.9021238048676893,0));
#13894=DIRECTION('',(-0.339314753968184,0.9406728962500783,0));
#13895=DIRECTION('',(0,-1,0));
#13896=FACE_SURFACE('',(#13901),#13897,.T.);
#13897=PLANE('',#13898);
#13898=AXIS2_PLACEMENT_3D('',#604,#13899,#13900);
#13899=DIRECTION('',(0,0,1));
#13900=DIRECTION('',(1,0,0));
#13901=FACE_BOUND('',#13902,.T.);
#13902=EDGE_LOOP('',(#13903,#13904,#13905));
#13903=ORIENTED_EDGE('',*,*,#13906,.T.);
#13904=ORIENTED_EDGE('',*,*,#13907,.T.);
#13905=ORIENTED_EDGE('',*,*,#13908,.T.);
#13906=EDGE_CURVE('',#605,#583,#13909,.F.);
#13907=EDGE_CURVE('',#583,#431,#13910,.T.);
#13908=EDGE_CURVE('',#431,#605,#13911,.T.);
#13909=LINE('',#604,#13912);
#13910=LINE('',#582,#13913);
#13911=LINE('',#430,#13914);
#13912=VECTOR('',#13915,1.0);
#13913=VECTOR('',#13916,1.0);
#13914=VECTOR('',#13917,1.0);
#13915=DIRECTION('',(1,0,0));
#13916=DIRECTION('',(0.0018895075519695132,0.9999982148790122,0));
#13917=DIRECTION('',(-0.7293986128125448,-0.6840889296189022,0));
#13918=FACE_SURFACE('',(#13923),#13919,.T.);
#13919=PLANE('',#13920);
#13920=AXIS2_PLACEMENT_3D('',#420,#13921,#13922);
#13921=DIRECTION('',(0,-0,1));
#13922=DIRECTION('',(0,1,0));
#13923=FACE_BOUND('',#13924,.T.);
#13924=EDGE_LOOP('',(#13925,#13926,#13927));
#13925=ORIENTED_EDGE('',*,*,#13928,.T.);
#13926=ORIENTED_EDGE('',*,*,#13929,.T.);
#13927=ORIENTED_EDGE('',*,*,#13930,.T.);
#13928=EDGE_CURVE('',#421,#419,#13931,.F.);
#13929=EDGE_CURVE('',#419,#631,#13932,.T.);
#13930=EDGE_CURVE('',#631,#421,#13933,.T.);
#13931=LINE('',#420,#13934);
#13932=LINE('',#418,#13935);
#13933=LINE('',#630,#13936);
#13934=VECTOR('',#13937,1.0);
#13935=VECTOR('',#13938,1.0);
#13936=VECTOR('',#13939,1.0);
#13937=DIRECTION('',(0,1,0));
#13938=DIRECTION('',(-1,0,0));
#13939=DIRECTION('',(0.719687750998361,-0.6942978763203306,0));
#13940=FACE_SURFACE('',(#13945),#13941,.T.);
#13941=PLANE('',#13942);
#13942=AXIS2_PLACEMENT_3D('',#604,#13943,#13944);
#13943=DIRECTION('',(0,-0,1));
#13944=DIRECTION('',(0.7293986128125448,0.6840889296189022,0));
#13945=FACE_BOUND('',#13946,.T.);
#13946=EDGE_LOOP('',(#13947,#13948,#13949));
#13947=ORIENTED_EDGE('',*,*,#13950,.T.);
#13948=ORIENTED_EDGE('',*,*,#13951,.T.);
#13949=ORIENTED_EDGE('',*,*,#13952,.T.);
#13950=EDGE_CURVE('',#605,#431,#13953,.F.);
#13951=EDGE_CURVE('',#431,#421,#13954,.T.);
#13952=EDGE_CURVE('',#421,#605,#13955,.T.);
#13953=LINE('',#604,#13956);
#13954=LINE('',#430,#13957);
#13955=LINE('',#420,#13958);
#13956=VECTOR('',#13959,1.0);
#13957=VECTOR('',#13960,1.0);
#13958=VECTOR('',#13961,1.0);
#13959=DIRECTION('',(0.7293986128125448,0.6840889296189022,0));
#13960=DIRECTION('',(-1,0,0));
#13961=DIRECTION('',(0.9410948977198547,-0.3381425638479371,0));
#13962=FACE_SURFACE('',(#13967),#13963,.T.);
#13963=PLANE('',#13964);
#13964=AXIS2_PLACEMENT_3D('',#572,#13965,#13966);
#13965=DIRECTION('',(0,0,1));
#13966=DIRECTION('',(1,0,0));
#13967=FACE_BOUND('',#13968,.T.);
#13968=EDGE_LOOP('',(#13969,#13970,#13971));
#13969=ORIENTED_EDGE('',*,*,#13972,.T.);
#13970=ORIENTED_EDGE('',*,*,#13973,.T.);
#13971=ORIENTED_EDGE('',*,*,#13974,.T.);
#13972=EDGE_CURVE('',#573,#605,#13975,.F.);
#13973=EDGE_CURVE('',#605,#421,#13976,.T.);
#13974=EDGE_CURVE('',#421,#573,#13977,.T.);
#13975=LINE('',#572,#13978);
#13976=LINE('',#604,#13979);
#13977=LINE('',#420,#13980);
#13978=VECTOR('',#13981,1.0);
#13979=VECTOR('',#13982,1.0);
#13980=VECTOR('',#13983,1.0);
#13981=DIRECTION('',(1,0,0));
#13982=DIRECTION('',(-0.9410948977198547,0.3381425638479371,0));
#13983=DIRECTION('',(-0.9424310869758504,-0.33440042808213793,0));
#13984=FACE_SURFACE('',(#13989),#13985,.T.);
#13985=PLANE('',#13986);
#13986=AXIS2_PLACEMENT_3D('',#420,#13987,#13988);
#13987=DIRECTION('',(0,0,1));
#13988=DIRECTION('',(-0.719687750998361,0.6942978763203306,0));
#13989=FACE_BOUND('',#13990,.T.);
#13990=EDGE_LOOP('',(#13991,#13992,#13993));
#13991=ORIENTED_EDGE('',*,*,#13994,.T.);
#13992=ORIENTED_EDGE('',*,*,#13995,.T.);
#13993=ORIENTED_EDGE('',*,*,#13996,.T.);
#13994=EDGE_CURVE('',#421,#631,#13997,.F.);
#13995=EDGE_CURVE('',#631,#405,#13998,.T.);
#13996=EDGE_CURVE('',#405,#421,#13999,.T.);
#13997=LINE('',#420,#14000);
#13998=LINE('',#630,#14001);
#13999=LINE('',#404,#14002);
#14000=VECTOR('',#14003,1.0);
#14001=VECTOR('',#14004,1.0);
#14002=VECTOR('',#14005,1.0);
#14003=DIRECTION('',(-0.719687750998361,0.6942978763203306,0));
#14004=DIRECTION('',(-1,0,0));
#14005=DIRECTION('',(0.9222665478036067,-0.3865545431144454,0));
#14006=FACE_SURFACE('',(#14011),#14007,.T.);
#14007=PLANE('',#14008);
#14008=AXIS2_PLACEMENT_3D('',#402,#14009,#14010);
#14009=DIRECTION('',(0,-0,1));
#14010=DIRECTION('',(0,1,0));
#14011=FACE_BOUND('',#14012,.T.);
#14012=EDGE_LOOP('',(#14013,#14014,#14015));
#14013=ORIENTED_EDGE('',*,*,#14016,.T.);
#14014=ORIENTED_EDGE('',*,*,#14017,.T.);
#14015=ORIENTED_EDGE('',*,*,#14018,.T.);
#14016=EDGE_CURVE('',#403,#449,#14019,.F.);
#14017=EDGE_CURVE('',#449,#377,#14020,.T.);
#14018=EDGE_CURVE('',#377,#403,#14021,.T.);
#14019=LINE('',#402,#14022);
#14020=LINE('',#448,#14023);
#14021=LINE('',#376,#14024);
#14022=VECTOR('',#14025,1.0);
#14023=VECTOR('',#14026,1.0);
#14024=VECTOR('',#14027,1.0);
#14025=DIRECTION('',(0,1,0));
#14026=DIRECTION('',(-1,0,0));
#14027=DIRECTION('',(0.33931485623200963,-0.9406728593619839,0));
#14028=FACE_SURFACE('',(#14033),#14029,.T.);
#14029=PLANE('',#14030);
#14030=AXIS2_PLACEMENT_3D('',#420,#14031,#14032);
#14031=DIRECTION('',(0,0,1));
#14032=DIRECTION('',(-0.9222665478036067,0.3865545431144454,0));
#14033=FACE_BOUND('',#14034,.T.);
#14034=EDGE_LOOP('',(#14035,#14036,#14037));
#14035=ORIENTED_EDGE('',*,*,#14038,.T.);
#14036=ORIENTED_EDGE('',*,*,#14039,.T.);
#14037=ORIENTED_EDGE('',*,*,#14040,.T.);
#14038=EDGE_CURVE('',#421,#405,#14041,.F.);
#14039=EDGE_CURVE('',#405,#403,#14042,.T.);
#14040=EDGE_CURVE('',#403,#421,#14043,.T.);
#14041=LINE('',#420,#14044);
#14042=LINE('',#404,#14045);
#14043=LINE('',#402,#14046);
#14044=VECTOR('',#14047,1.0);
#14045=VECTOR('',#14048,1.0);
#14046=VECTOR('',#14049,1.0);
#14047=DIRECTION('',(-0.9222665478036067,0.3865545431144454,0));
#14048=DIRECTION('',(-1,0,0));
#14049=DIRECTION('',(0.988460567000967,-0.15147840599942558,0));
#14050=FACE_SURFACE('',(#14055),#14051,.T.);
#14051=PLANE('',#14052);
#14052=AXIS2_PLACEMENT_3D('',#578,#14053,#14054);
#14053=DIRECTION('',(0,0,1));
#14054=DIRECTION('',(1,0,0));
#14055=FACE_BOUND('',#14056,.T.);
#14056=EDGE_LOOP('',(#14057,#14058,#14059));
#14057=ORIENTED_EDGE('',*,*,#14060,.T.);
#14058=ORIENTED_EDGE('',*,*,#14061,.T.);
#14059=ORIENTED_EDGE('',*,*,#14062,.T.);
#14060=EDGE_CURVE('',#579,#573,#14063,.F.);
#14061=EDGE_CURVE('',#573,#421,#14064,.T.);
#14062=EDGE_CURVE('',#421,#579,#14065,.T.);
#14063=LINE('',#578,#14066);
#14064=LINE('',#572,#14067);
#14065=LINE('',#420,#14068);
#14066=VECTOR('',#14069,1.0);
#14067=VECTOR('',#14070,1.0);
#14068=VECTOR('',#14071,1.0);
#14069=DIRECTION('',(1,0,0));
#14070=DIRECTION('',(0.9424310869758504,0.33440042808213793,0));
#14071=DIRECTION('',(-0.9793055524493477,-0.20238733888728813,0));
#14072=FACE_SURFACE('',(#14077),#14073,.T.);
#14073=PLANE('',#14074);
#14074=AXIS2_PLACEMENT_3D('',#486,#14075,#14076);
#14075=DIRECTION('',(0,0,1));
#14076=DIRECTION('',(1,0,0));
#14077=FACE_BOUND('',#14078,.T.);
#14078=EDGE_LOOP('',(#14079,#14080,#14081));
#14079=ORIENTED_EDGE('',*,*,#14082,.T.);
#14080=ORIENTED_EDGE('',*,*,#14083,.T.);
#14081=ORIENTED_EDGE('',*,*,#14084,.T.);
#14082=EDGE_CURVE('',#487,#471,#14085,.F.);
#14083=EDGE_CURVE('',#471,#499,#14086,.T.);
#14084=EDGE_CURVE('',#499,#487,#14087,.T.);
#14085=LINE('',#486,#14088);
#14086=LINE('',#470,#14089);
#14087=LINE('',#498,#14090);
#14088=VECTOR('',#14091,1.0);
#14089=VECTOR('',#14092,1.0);
#14090=VECTOR('',#14093,1.0);
#14091=DIRECTION('',(1,0,0));
#14092=DIRECTION('',(0,1,0));
#14093=DIRECTION('',(-0.5813914536339418,-0.8136239780398633,0));
#14094=FACE_SURFACE('',(#14099),#14095,.T.);
#14095=PLANE('',#14096);
#14096=AXIS2_PLACEMENT_3D('',#498,#14097,#14098);
#14097=DIRECTION('',(0,0,1));
#14098=DIRECTION('',(1,0,0));
#14099=FACE_BOUND('',#14100,.T.);
#14100=EDGE_LOOP('',(#14101,#14102,#14103));
#14101=ORIENTED_EDGE('',*,*,#14104,.T.);
#14102=ORIENTED_EDGE('',*,*,#14105,.T.);
#14103=ORIENTED_EDGE('',*,*,#14106,.T.);
#14104=EDGE_CURVE('',#499,#579,#14107,.F.);
#14105=EDGE_CURVE('',#579,#421,#14108,.T.);
#14106=EDGE_CURVE('',#421,#499,#14109,.T.);
#14107=LINE('',#498,#14110);
#14108=LINE('',#578,#14111);
#14109=LINE('',#420,#14112);
#14110=VECTOR('',#14113,1.0);
#14111=VECTOR('',#14114,1.0);
#14112=VECTOR('',#14115,1.0);
#14113=DIRECTION('',(1,0,0));
#14114=DIRECTION('',(0.9793055524493477,0.20238733888728813,0));
#14115=DIRECTION('',(-0.9954440524686063,-0.0953474614495759,0));
#14116=FACE_SURFACE('',(#14121),#14117,.T.);
#14117=PLANE('',#14118);
#14118=AXIS2_PLACEMENT_3D('',#402,#14119,#14120);
#14119=DIRECTION('',(0,0,1));
#14120=DIRECTION('',(-0.33931485623200963,0.9406728593619839,0));
#14121=FACE_BOUND('',#14122,.T.);
#14122=EDGE_LOOP('',(#14123,#14124,#14125));
#14123=ORIENTED_EDGE('',*,*,#14126,.T.);
#14124=ORIENTED_EDGE('',*,*,#14127,.T.);
#14125=ORIENTED_EDGE('',*,*,#14128,.T.);
#14126=EDGE_CURVE('',#403,#377,#14129,.F.);
#14127=EDGE_CURVE('',#377,#375,#14130,.T.);
#14128=EDGE_CURVE('',#375,#403,#14131,.T.);
#14129=LINE('',#402,#14132);
#14130=LINE('',#376,#14133);
#14131=LINE('',#374,#14134);
#14132=VECTOR('',#14135,1.0);
#14133=VECTOR('',#14136,1.0);
#14134=VECTOR('',#14137,1.0);
#14135=DIRECTION('',(-0.33931485623200963,0.9406728593619839,0));
#14136=DIRECTION('',(0,-1,0));
#14137=DIRECTION('',(0.4314773405770255,-0.9021237745279621,0));
#14138=FACE_SURFACE('',(#14143),#14139,.T.);
#14139=PLANE('',#14140);
#14140=AXIS2_PLACEMENT_3D('',#498,#14141,#14142);
#14141=DIRECTION('',(0,0,1));
#14142=DIRECTION('',(0.9954440524686063,0.0953474614495759,0));
#14143=FACE_BOUND('',#14144,.T.);
#14144=EDGE_LOOP('',(#14145,#14146,#14147));
#14145=ORIENTED_EDGE('',*,*,#14148,.T.);
#14146=ORIENTED_EDGE('',*,*,#14149,.T.);
#14147=ORIENTED_EDGE('',*,*,#14150,.T.);
#14148=EDGE_CURVE('',#499,#421,#14151,.F.);
#14149=EDGE_CURVE('',#421,#403,#14152,.T.);
#14150=EDGE_CURVE('',#403,#499,#14153,.T.);
#14151=LINE('',#498,#14154);
#14152=LINE('',#420,#14155);
#14153=LINE('',#402,#14156);
#14154=VECTOR('',#14157,1.0);
#14155=VECTOR('',#14158,1.0);
#14156=VECTOR('',#14159,1.0);
#14157=DIRECTION('',(0.9954440524686063,0.0953474614495759,0));
#14158=DIRECTION('',(-0.988460567000967,0.15147840599942558,0));
#14159=DIRECTION('',(-0.8819652755704117,-0.4713143883736289,0));
#14160=FACE_SURFACE('',(#14165),#14161,.T.);
#14161=PLANE('',#14162);
#14162=AXIS2_PLACEMENT_3D('',#540,#14163,#14164);
#14163=DIRECTION('',(-0,0,1));
#14164=DIRECTION('',(0,-1,0));
#14165=FACE_BOUND('',#14166,.T.);
#14166=EDGE_LOOP('',(#14167,#14168,#14169));
#14167=ORIENTED_EDGE('',*,*,#14170,.T.);
#14168=ORIENTED_EDGE('',*,*,#14171,.T.);
#14169=ORIENTED_EDGE('',*,*,#14172,.T.);
#14170=EDGE_CURVE('',#541,#487,#14173,.F.);
#14171=EDGE_CURVE('',#487,#499,#14174,.T.);
#14172=EDGE_CURVE('',#499,#541,#14175,.T.);
#14173=LINE('',#540,#14176);
#14174=LINE('',#486,#14177);
#14175=LINE('',#498,#14178);
#14176=VECTOR('',#14179,1.0);
#14177=VECTOR('',#14180,1.0);
#14178=VECTOR('',#14181,1.0);
#14179=DIRECTION('',(0,-1,0));
#14180=DIRECTION('',(0.5813914536339418,0.8136239780398633,0));
#14181=DIRECTION('',(-0.9456088525425901,-0.3253058529954326,0));
#14182=FACE_SURFACE('',(#14187),#14183,.T.);
#14183=PLANE('',#14184);
#14184=AXIS2_PLACEMENT_3D('',#676,#14185,#14186);
#14185=DIRECTION('',(0,0,1));
#14186=DIRECTION('',(-0.07974062838310708,-0.9968156460374542,0));
#14187=FACE_BOUND('',#14188,.T.);
#14188=EDGE_LOOP('',(#14189,#14190,#14191));
#14189=ORIENTED_EDGE('',*,*,#14192,.T.);
#14190=ORIENTED_EDGE('',*,*,#14193,.T.);
#14191=ORIENTED_EDGE('',*,*,#14194,.T.);
#14192=EDGE_CURVE('',#677,#531,#14195,.F.);
#14193=EDGE_CURVE('',#531,#541,#14196,.T.);
#14194=EDGE_CURVE('',#541,#677,#14197,.T.);
#14195=LINE('',#676,#14198);
#14196=LINE('',#530,#14199);
#14197=LINE('',#540,#14200);
#14198=VECTOR('',#14201,1.0);
#14199=VECTOR('',#14202,1.0);
#14200=VECTOR('',#14203,1.0);
#14201=DIRECTION('',(-0.07974062838310708,-0.9968156460374542,0));
#14202=DIRECTION('',(0,-1,0));
#14203=DIRECTION('',(0.04752023423947421,0.9988702755302239,0));
#14204=FACE_SURFACE('',(#14209),#14205,.T.);
#14205=PLANE('',#14206);
#14206=AXIS2_PLACEMENT_3D('',#492,#14207,#14208);
#14207=DIRECTION('',(0,0,1));
#14208=DIRECTION('',(-1,0,0));
#14209=FACE_BOUND('',#14210,.T.);
#14210=EDGE_LOOP('',(#14211,#14212,#14213));
#14211=ORIENTED_EDGE('',*,*,#14214,.T.);
#14212=ORIENTED_EDGE('',*,*,#14215,.T.);
#14213=ORIENTED_EDGE('',*,*,#14216,.T.);
#14214=EDGE_CURVE('',#493,#677,#14217,.F.);
#14215=EDGE_CURVE('',#677,#541,#14218,.T.);
#14216=EDGE_CURVE('',#541,#493,#14219,.T.);
#14217=LINE('',#492,#14220);
#14218=LINE('',#676,#14221);
#14219=LINE('',#540,#14222);
#14220=VECTOR('',#14223,1.0);
#14221=VECTOR('',#14224,1.0);
#14222=VECTOR('',#14225,1.0);
#14223=DIRECTION('',(-1,0,0));
#14224=DIRECTION('',(-0.04752023423947421,-0.9988702755302239,0));
#14225=DIRECTION('',(0.7905666959635228,0.6123759459950391,0));
#14226=FACE_SURFACE('',(#14231),#14227,.T.);
#14227=PLANE('',#14228);
#14228=AXIS2_PLACEMENT_3D('',#540,#14229,#14230);
#14229=DIRECTION('',(0,0,1));
#14230=DIRECTION('',(0.9456088525425901,0.3253058529954326,0));
#14231=FACE_BOUND('',#14232,.T.);
#14232=EDGE_LOOP('',(#14233,#14234,#14235));
#14233=ORIENTED_EDGE('',*,*,#14236,.T.);
#14234=ORIENTED_EDGE('',*,*,#14237,.T.);
#14235=ORIENTED_EDGE('',*,*,#14238,.T.);
#14236=EDGE_CURVE('',#541,#499,#14239,.F.);
#14237=EDGE_CURVE('',#499,#403,#14240,.T.);
#14238=EDGE_CURVE('',#403,#541,#14241,.T.);
#14239=LINE('',#540,#14242);
#14240=LINE('',#498,#14243);
#14241=LINE('',#402,#14244);
#14242=VECTOR('',#14245,1.0);
#14243=VECTOR('',#14246,1.0);
#14244=VECTOR('',#14247,1.0);
#14245=DIRECTION('',(0.9456088525425901,0.3253058529954326,0));
#14246=DIRECTION('',(0.8819652755704117,0.4713143883736289,0));
#14247=DIRECTION('',(-0.9164956938704129,-0.4000445514152024,0));
#14248=FACE_SURFACE('',(#14253),#14249,.T.);
#14249=PLANE('',#14250);
#14250=AXIS2_PLACEMENT_3D('',#402,#14251,#14252);
#14251=DIRECTION('',(0,0,1));
#14252=DIRECTION('',(-0.4314773405770255,0.9021237745279621,0));
#14253=FACE_BOUND('',#14254,.T.);
#14254=EDGE_LOOP('',(#14255,#14256,#14257));
#14255=ORIENTED_EDGE('',*,*,#14258,.T.);
#14256=ORIENTED_EDGE('',*,*,#14259,.T.);
#14257=ORIENTED_EDGE('',*,*,#14260,.T.);
#14258=EDGE_CURVE('',#403,#375,#14261,.F.);
#14259=EDGE_CURVE('',#375,#425,#14262,.T.);
#14260=EDGE_CURVE('',#425,#403,#14263,.T.);
#14261=LINE('',#402,#14264);
#14262=LINE('',#374,#14265);
#14263=LINE('',#424,#14266);
#14264=VECTOR('',#14267,1.0);
#14265=VECTOR('',#14268,1.0);
#14266=VECTOR('',#14269,1.0);
#14267=DIRECTION('',(-0.4314773405770255,0.9021237745279621,0));
#14268=DIRECTION('',(0,-1,0));
#14269=DIRECTION('',(1,0,0));
#14270=FACE_SURFACE('',(#14275),#14271,.T.);
#14271=PLANE('',#14272);
#14272=AXIS2_PLACEMENT_3D('',#424,#14273,#14274);
#14273=DIRECTION('',(0,0,1));
#14274=DIRECTION('',(-1,0,0));
#14275=FACE_BOUND('',#14276,.T.);
#14276=EDGE_LOOP('',(#14277,#14278,#14279));
#14277=ORIENTED_EDGE('',*,*,#14280,.T.);
#14278=ORIENTED_EDGE('',*,*,#14281,.T.);
#14279=ORIENTED_EDGE('',*,*,#14282,.T.);
#14280=EDGE_CURVE('',#425,#493,#14283,.F.);
#14281=EDGE_CURVE('',#493,#541,#14284,.T.);
#14282=EDGE_CURVE('',#541,#425,#14285,.T.);
#14283=LINE('',#424,#14286);
#14284=LINE('',#492,#14287);
#14285=LINE('',#540,#14288);
#14286=VECTOR('',#14289,1.0);
#14287=VECTOR('',#14290,1.0);
#14288=VECTOR('',#14291,1.0);
#14289=DIRECTION('',(-1,0,0));
#14290=DIRECTION('',(-0.7905666959635228,-0.6123759459950391,0));
#14291=DIRECTION('',(0.8614473013098204,0.5078469720949682,0));
#14292=FACE_SURFACE('',(#14297),#14293,.T.);
#14293=PLANE('',#14294);
#14294=AXIS2_PLACEMENT_3D('',#402,#14295,#14296);
#14295=DIRECTION('',(0,0,1));
#14296=DIRECTION('',(-1,0,0));
#14297=FACE_BOUND('',#14298,.T.);
#14298=EDGE_LOOP('',(#14299,#14300,#14301));
#14299=ORIENTED_EDGE('',*,*,#14302,.T.);
#14300=ORIENTED_EDGE('',*,*,#14303,.T.);
#14301=ORIENTED_EDGE('',*,*,#14304,.T.);
#14302=EDGE_CURVE('',#403,#425,#14305,.F.);
#14303=EDGE_CURVE('',#425,#541,#14306,.T.);
#14304=EDGE_CURVE('',#541,#403,#14307,.T.);
#14305=LINE('',#402,#14308);
#14306=LINE('',#424,#14309);
#14307=LINE('',#540,#14310);
#14308=VECTOR('',#14311,1.0);
#14309=VECTOR('',#14312,1.0);
#14310=VECTOR('',#14313,1.0);
#14311=DIRECTION('',(-1,0,0));
#14312=DIRECTION('',(-0.8614473013098204,-0.5078469720949682,0));
#14313=DIRECTION('',(0.9164956938704129,0.4000445514152024,0));
#14314=FACE_SURFACE('',(#14319),#14315,.T.);
#14315=PLANE('',#14316);
#14316=AXIS2_PLACEMENT_3D('',#682,#14317,#14318);
#14317=DIRECTION('',(0,0,1));
#14318=DIRECTION('',(0,-1,0));
#14319=FACE_BOUND('',#14320,.T.);
#14320=EDGE_LOOP('',(#14321,#14322,#14323));
#14321=ORIENTED_EDGE('',*,*,#14324,.T.);
#14322=ORIENTED_EDGE('',*,*,#14325,.T.);
#14323=ORIENTED_EDGE('',*,*,#14326,.T.);
#14324=EDGE_CURVE('',#683,#623,#14327,.F.);
#14325=EDGE_CURVE('',#623,#621,#14328,.T.);
#14326=EDGE_CURVE('',#621,#683,#14329,.T.);
#14327=LINE('',#682,#14330);
#14328=LINE('',#622,#14331);
#14329=LINE('',#620,#14332);
#14330=VECTOR('',#14333,1.0);
#14331=VECTOR('',#14334,1.0);
#14332=VECTOR('',#14335,1.0);
#14333=DIRECTION('',(0,-1,0));
#14334=DIRECTION('',(1,0,0));
#14335=DIRECTION('',(-0.624693593029408,0.7808699730608217,0));
#14336=FACE_SURFACE('',(#14341),#14337,.T.);
#14337=PLANE('',#14338);
#14338=AXIS2_PLACEMENT_3D('',#620,#14339,#14340);
#14339=DIRECTION('',(0,0,1));
#14340=DIRECTION('',(0,-1,0));
#14341=FACE_BOUND('',#14342,.T.);
#14342=EDGE_LOOP('',(#14343,#14344,#14345));
#14343=ORIENTED_EDGE('',*,*,#14346,.T.);
#14344=ORIENTED_EDGE('',*,*,#14347,.T.);
#14345=ORIENTED_EDGE('',*,*,#14348,.T.);
#14346=EDGE_CURVE('',#621,#659,#14349,.F.);
#14347=EDGE_CURVE('',#659,#669,#14350,.T.);
#14348=EDGE_CURVE('',#669,#621,#14351,.T.);
#14349=LINE('',#620,#14352);
#14350=LINE('',#658,#14353);
#14351=LINE('',#668,#14354);
#14352=VECTOR('',#14355,1.0);
#14353=VECTOR('',#14356,1.0);
#14354=VECTOR('',#14357,1.0);
#14355=DIRECTION('',(0,-1,0));
#14356=DIRECTION('',(1,0,0));
#14357=DIRECTION('',(-0.9821021630004653,0.18834898839602948,0));
#14358=FACE_SURFACE('',(#14363),#14359,.T.);
#14359=PLANE('',#14360);
#14360=AXIS2_PLACEMENT_3D('',#620,#14361,#14362);
#14361=DIRECTION('',(-0,0,1));
#14362=DIRECTION('',(0.9821021630004653,-0.18834898839602948,0));
#14363=FACE_BOUND('',#14364,.T.);
#14364=EDGE_LOOP('',(#14365,#14366,#14367));
#14365=ORIENTED_EDGE('',*,*,#14368,.T.);
#14366=ORIENTED_EDGE('',*,*,#14369,.T.);
#14367=ORIENTED_EDGE('',*,*,#14370,.T.);
#14368=EDGE_CURVE('',#621,#669,#14371,.F.);
#14369=EDGE_CURVE('',#669,#647,#14372,.T.);
#14370=EDGE_CURVE('',#647,#621,#14373,.T.);
#14371=LINE('',#620,#14374);
#14372=LINE('',#668,#14375);
#14373=LINE('',#646,#14376);
#14374=VECTOR('',#14377,1.0);
#14375=VECTOR('',#14378,1.0);
#14376=VECTOR('',#14379,1.0);
#14377=DIRECTION('',(0.9821021630004653,-0.18834898839602948,0));
#14378=DIRECTION('',(0,1,0));
#14379=DIRECTION('',(-0.9836067565660073,-0.1803267823638498,0));
#14380=FACE_SURFACE('',(#14385),#14381,.T.);
#14381=PLANE('',#14382);
#14382=AXIS2_PLACEMENT_3D('',#692,#14383,#14384);
#14383=DIRECTION('',(0,0,1));
#14384=DIRECTION('',(0,-1,0));
#14385=FACE_BOUND('',#14386,.T.);
#14386=EDGE_LOOP('',(#14387,#14388,#14389));
#14387=ORIENTED_EDGE('',*,*,#14390,.T.);
#14388=ORIENTED_EDGE('',*,*,#14391,.T.);
#14389=ORIENTED_EDGE('',*,*,#14392,.T.);
#14390=EDGE_CURVE('',#693,#685,#14393,.F.);
#14391=EDGE_CURVE('',#685,#683,#14394,.T.);
#14392=EDGE_CURVE('',#683,#693,#14395,.T.);
#14393=LINE('',#692,#14396);
#14394=LINE('',#684,#14397);
#14395=LINE('',#682,#14398);
#14396=VECTOR('',#14399,1.0);
#14397=VECTOR('',#14400,1.0);
#14398=VECTOR('',#14401,1.0);
#14399=DIRECTION('',(0,-1,0));
#14400=DIRECTION('',(1,0,0));
#14401=DIRECTION('',(-0.9505854566661651,0.31046302448887275,0));
#14402=FACE_SURFACE('',(#14407),#14403,.T.);
#14403=PLANE('',#14404);
#14404=AXIS2_PLACEMENT_3D('',#682,#14405,#14406);
#14405=DIRECTION('',(0,0,1));
#14406=DIRECTION('',(0.624693593029408,-0.7808699730608217,0));
#14407=FACE_BOUND('',#14408,.T.);
#14408=EDGE_LOOP('',(#14409,#14410,#14411));
#14409=ORIENTED_EDGE('',*,*,#14412,.T.);
#14410=ORIENTED_EDGE('',*,*,#14413,.T.);
#14411=ORIENTED_EDGE('',*,*,#14414,.T.);
#14412=EDGE_CURVE('',#683,#621,#14415,.F.);
#14413=EDGE_CURVE('',#621,#647,#14416,.T.);
#14414=EDGE_CURVE('',#647,#683,#14417,.T.);
#14415=LINE('',#682,#14418);
#14416=LINE('',#620,#14419);
#14417=LINE('',#646,#14420);
#14418=VECTOR('',#14421,1.0);
#14419=VECTOR('',#14422,1.0);
#14420=VECTOR('',#14423,1.0);
#14421=DIRECTION('',(0.624693593029408,-0.7808699730608217,0));
#14422=DIRECTION('',(0.9836067565660073,0.1803267823638498,0));
#14423=DIRECTION('',(-0.9859858597511032,0.16682890747972254,0));
#14424=FACE_SURFACE('',(#14429),#14425,.T.);
#14425=PLANE('',#14426);
#14426=AXIS2_PLACEMENT_3D('',#560,#14427,#14428);
#14427=DIRECTION('',(0,0,1));
#14428=DIRECTION('',(0,-1,0));
#14429=FACE_BOUND('',#14430,.T.);
#14430=EDGE_LOOP('',(#14431,#14432,#14433));
#14431=ORIENTED_EDGE('',*,*,#14434,.T.);
#14432=ORIENTED_EDGE('',*,*,#14435,.T.);
#14433=ORIENTED_EDGE('',*,*,#14436,.T.);
#14434=EDGE_CURVE('',#561,#463,#14437,.F.);
#14435=EDGE_CURVE('',#463,#461,#14438,.T.);
#14436=EDGE_CURVE('',#461,#561,#14439,.T.);
#14437=LINE('',#560,#14440);
#14438=LINE('',#462,#14441);
#14439=LINE('',#460,#14442);
#14440=VECTOR('',#14443,1.0);
#14441=VECTOR('',#14444,1.0);
#14442=VECTOR('',#14445,1.0);
#14443=DIRECTION('',(0,-1,0));
#14444=DIRECTION('',(1,0,0));
#14445=DIRECTION('',(-0.940783172379794,0.33900888272582264,0));
#14446=FACE_SURFACE('',(#14451),#14447,.T.);
#14447=PLANE('',#14448);
#14448=AXIS2_PLACEMENT_3D('',#682,#14449,#14450);
#14449=DIRECTION('',(0,0,1));
#14450=DIRECTION('',(0.9859858597511032,-0.16682890747972254,0));
#14451=FACE_BOUND('',#14452,.T.);
#14452=EDGE_LOOP('',(#14453,#14454,#14455));
#14453=ORIENTED_EDGE('',*,*,#14456,.T.);
#14454=ORIENTED_EDGE('',*,*,#14457,.T.);
#14455=ORIENTED_EDGE('',*,*,#14458,.T.);
#14456=EDGE_CURVE('',#683,#647,#14459,.F.);
#14457=EDGE_CURVE('',#647,#561,#14460,.T.);
#14458=EDGE_CURVE('',#561,#683,#14461,.T.);
#14459=LINE('',#682,#14462);
#14460=LINE('',#646,#14463);
#14461=LINE('',#560,#14464);
#14462=VECTOR('',#14465,1.0);
#14463=VECTOR('',#14466,1.0);
#14464=VECTOR('',#14467,1.0);
#14465=DIRECTION('',(0.9859858597511032,-0.16682890747972254,0));
#14466=DIRECTION('',(1,0,0));
#14467=DIRECTION('',(-0.9964954483765728,0.08364700451763317,0));
#14468=FACE_SURFACE('',(#14473),#14469,.T.);
#14469=PLANE('',#14470);
#14470=AXIS2_PLACEMENT_3D('',#692,#14471,#14472);
#14471=DIRECTION('',(0,0,1));
#14472=DIRECTION('',(0.9505854566661651,-0.31046302448887275,0));
#14473=FACE_BOUND('',#14474,.T.);
#14474=EDGE_LOOP('',(#14475,#14476,#14477));
#14475=ORIENTED_EDGE('',*,*,#14478,.T.);
#14476=ORIENTED_EDGE('',*,*,#14479,.T.);
#14477=ORIENTED_EDGE('',*,*,#14480,.T.);
#14478=EDGE_CURVE('',#693,#683,#14481,.F.);
#14479=EDGE_CURVE('',#683,#561,#14482,.T.);
#14480=EDGE_CURVE('',#561,#693,#14483,.T.);
#14481=LINE('',#692,#14484);
#14482=LINE('',#682,#14485);
#14483=LINE('',#560,#14486);
#14484=VECTOR('',#14487,1.0);
#14485=VECTOR('',#14488,1.0);
#14486=VECTOR('',#14489,1.0);
#14487=DIRECTION('',(0.9505854566661651,-0.31046302448887275,0));
#14488=DIRECTION('',(0.9964954483765728,-0.08364700451763317,0));
#14489=DIRECTION('',(-0.9964264673949043,0.08446475640710559,0));
#14490=FACE_SURFACE('',(#14495),#14491,.T.);
#14491=PLANE('',#14492);
#14492=AXIS2_PLACEMENT_3D('',#708,#14493,#14494);
#14493=DIRECTION('',(0,0,1));
#14494=DIRECTION('',(1,0,0));
#14495=FACE_BOUND('',#14496,.T.);
#14496=EDGE_LOOP('',(#14497,#14498,#14499));
#14497=ORIENTED_EDGE('',*,*,#14500,.T.);
#14498=ORIENTED_EDGE('',*,*,#14501,.T.);
#14499=ORIENTED_EDGE('',*,*,#14502,.T.);
#14500=EDGE_CURVE('',#709,#713,#14503,.F.);
#14501=EDGE_CURVE('',#713,#695,#14504,.T.);
#14502=EDGE_CURVE('',#695,#709,#14505,.T.);
#14503=LINE('',#708,#14506);
#14504=LINE('',#712,#14507);
#14505=LINE('',#694,#14508);
#14506=VECTOR('',#14509,1.0);
#14507=VECTOR('',#14510,1.0);
#14508=VECTOR('',#14511,1.0);
#14509=DIRECTION('',(1,0,0));
#14510=DIRECTION('',(0,1,0));
#14511=DIRECTION('',(-0.6108694412622082,-0.7917313469428867,0));
#14512=FACE_SURFACE('',(#14517),#14513,.T.);
#14513=PLANE('',#14514);
#14514=AXIS2_PLACEMENT_3D('',#434,#14515,#14516);
#14515=DIRECTION('',(0,0,1));
#14516=DIRECTION('',(1,0,0));
#14517=FACE_BOUND('',#14518,.T.);
#14518=EDGE_LOOP('',(#14519,#14520,#14521));
#14519=ORIENTED_EDGE('',*,*,#14522,.T.);
#14520=ORIENTED_EDGE('',*,*,#14523,.T.);
#14521=ORIENTED_EDGE('',*,*,#14524,.T.);
#14522=EDGE_CURVE('',#435,#433,#14525,.F.);
#14523=EDGE_CURVE('',#433,#709,#14526,.T.);
#14524=EDGE_CURVE('',#709,#435,#14527,.T.);
#14525=LINE('',#434,#14528);
#14526=LINE('',#432,#14529);
#14527=LINE('',#708,#14530);
#14528=VECTOR('',#14531,1.0);
#14529=VECTOR('',#14532,1.0);
#14530=VECTOR('',#14533,1.0);
#14531=DIRECTION('',(1,0,0));
#14532=DIRECTION('',(0,1,0));
#14533=DIRECTION('',(-0.9821205914600742,-0.18825287203682733,0));
#14534=FACE_SURFACE('',(#14539),#14535,.T.);
#14535=PLANE('',#14536);
#14536=AXIS2_PLACEMENT_3D('',#440,#14537,#14538);
#14537=DIRECTION('',(0,0,1));
#14538=DIRECTION('',(0,-1,0));
#14539=FACE_BOUND('',#14540,.T.);
#14540=EDGE_LOOP('',(#14541,#14542,#14543));
#14541=ORIENTED_EDGE('',*,*,#14544,.T.);
#14542=ORIENTED_EDGE('',*,*,#14545,.T.);
#14543=ORIENTED_EDGE('',*,*,#14546,.T.);
#14544=EDGE_CURVE('',#441,#435,#14547,.F.);
#14545=EDGE_CURVE('',#435,#709,#14548,.T.);
#14546=EDGE_CURVE('',#709,#441,#14549,.T.);
#14547=LINE('',#440,#14550);
#14548=LINE('',#434,#14551);
#14549=LINE('',#708,#14552);
#14550=VECTOR('',#14553,1.0);
#14551=VECTOR('',#14554,1.0);
#14552=VECTOR('',#14555,1.0);
#14553=DIRECTION('',(0,-1,0));
#14554=DIRECTION('',(0.9821205914600742,0.18825287203682733,0));
#14555=DIRECTION('',(-0.9836236744769608,0.18023447785715654,0));
#14556=FACE_SURFACE('',(#14561),#14557,.T.);
#14557=PLANE('',#14558);
#14558=AXIS2_PLACEMENT_3D('',#440,#14559,#14560);
#14559=DIRECTION('',(-0,0,1));
#14560=DIRECTION('',(0.9836236744769608,-0.18023447785715654,0));
#14561=FACE_BOUND('',#14562,.T.);
#14562=EDGE_LOOP('',(#14563,#14564,#14565));
#14563=ORIENTED_EDGE('',*,*,#14566,.T.);
#14564=ORIENTED_EDGE('',*,*,#14567,.T.);
#14565=ORIENTED_EDGE('',*,*,#14568,.T.);
#14566=EDGE_CURVE('',#441,#709,#14569,.F.);
#14567=EDGE_CURVE('',#709,#695,#14570,.T.);
#14568=EDGE_CURVE('',#695,#441,#14571,.T.);
#14569=LINE('',#440,#14572);
#14570=LINE('',#708,#14573);
#14571=LINE('',#694,#14574);
#14572=VECTOR('',#14575,1.0);
#14573=VECTOR('',#14576,1.0);
#14574=VECTOR('',#14577,1.0);
#14575=DIRECTION('',(0.9836236744769608,-0.18023447785715654,0));
#14576=DIRECTION('',(0.6108694412622082,0.7917313469428867,0));
#14577=DIRECTION('',(-0.9854309703445432,-0.17007587332073903,0));
#14578=FACE_SURFACE('',(#14583),#14579,.T.);
#14579=PLANE('',#14580);
#14580=AXIS2_PLACEMENT_3D('',#518,#14581,#14582);
#14581=DIRECTION('',(0,0,1));
#14582=DIRECTION('',(1,0,0));
#14583=FACE_BOUND('',#14584,.T.);
#14584=EDGE_LOOP('',(#14585,#14586,#14587));
#14585=ORIENTED_EDGE('',*,*,#14588,.T.);
#14586=ORIENTED_EDGE('',*,*,#14589,.T.);
#14587=ORIENTED_EDGE('',*,*,#14590,.T.);
#14588=EDGE_CURVE('',#519,#517,#14591,.F.);
#14589=EDGE_CURVE('',#517,#469,#14592,.T.);
#14590=EDGE_CURVE('',#469,#519,#14593,.T.);
#14591=LINE('',#518,#14594);
#14592=LINE('',#516,#14595);
#14593=LINE('',#468,#14596);
#14594=VECTOR('',#14597,1.0);
#14595=VECTOR('',#14598,1.0);
#14596=VECTOR('',#14599,1.0);
#14597=DIRECTION('',(1,0,0));
#14598=DIRECTION('',(0,1,0));
#14599=DIRECTION('',(-0.9407281547451743,-0.33916152327429366,0));
#14600=FACE_SURFACE('',(#14605),#14601,.T.);
#14601=PLANE('',#14602);
#14602=AXIS2_PLACEMENT_3D('',#468,#14603,#14604);
#14603=DIRECTION('',(0,0,1));
#14604=DIRECTION('',(1,0,0));
#14605=FACE_BOUND('',#14606,.T.);
#14606=EDGE_LOOP('',(#14607,#14608,#14609));
#14607=ORIENTED_EDGE('',*,*,#14610,.T.);
#14608=ORIENTED_EDGE('',*,*,#14611,.T.);
#14609=ORIENTED_EDGE('',*,*,#14612,.T.);
#14610=EDGE_CURVE('',#469,#441,#14613,.F.);
#14611=EDGE_CURVE('',#441,#695,#14614,.T.);
#14612=EDGE_CURVE('',#695,#469,#14615,.T.);
#14613=LINE('',#468,#14616);
#14614=LINE('',#440,#14617);
#14615=LINE('',#694,#14618);
#14616=VECTOR('',#14619,1.0);
#14617=VECTOR('',#14620,1.0);
#14618=VECTOR('',#14621,1.0);
#14619=DIRECTION('',(1,0,0));
#14620=DIRECTION('',(0.9854309703445432,0.17007587332073903,0));
#14621=DIRECTION('',(-0.9963770246839594,-0.08504601508560343,0));
#14622=FACE_SURFACE('',(#14627),#14623,.T.);
#14623=PLANE('',#14624);
#14624=AXIS2_PLACEMENT_3D('',#450,#14625,#14626);
#14625=DIRECTION('',(0,-0,1));
#14626=DIRECTION('',(0,1,0));
#14627=FACE_BOUND('',#14628,.T.);
#14628=EDGE_LOOP('',(#14629,#14630,#14631));
#14629=ORIENTED_EDGE('',*,*,#14632,.T.);
#14630=ORIENTED_EDGE('',*,*,#14633,.T.);
#14631=ORIENTED_EDGE('',*,*,#14634,.T.);
#14632=EDGE_CURVE('',#451,#429,#14635,.F.);
#14633=EDGE_CURVE('',#429,#427,#14636,.T.);
#14634=EDGE_CURVE('',#427,#451,#14637,.T.);
#14635=LINE('',#450,#14638);
#14636=LINE('',#428,#14639);
#14637=LINE('',#426,#14640);
#14638=VECTOR('',#14641,1.0);
#14639=VECTOR('',#14642,1.0);
#14640=VECTOR('',#14643,1.0);
#14641=DIRECTION('',(0,1,0));
#14642=DIRECTION('',(-1,0,0));
#14643=DIRECTION('',(0.9334313650046665,-0.358756026883905,0));
#14644=FACE_SURFACE('',(#14649),#14645,.T.);
#14645=PLANE('',#14646);
#14646=AXIS2_PLACEMENT_3D('',#662,#14647,#14648);
#14647=DIRECTION('',(0,0,1));
#14648=DIRECTION('',(-1,0,0));
#14649=FACE_BOUND('',#14650,.T.);
#14650=EDGE_LOOP('',(#14651,#14652,#14653));
#14651=ORIENTED_EDGE('',*,*,#14654,.T.);
#14652=ORIENTED_EDGE('',*,*,#14655,.T.);
#14653=ORIENTED_EDGE('',*,*,#14656,.T.);
#14654=EDGE_CURVE('',#663,#661,#14657,.F.);
#14655=EDGE_CURVE('',#661,#513,#14658,.T.);
#14656=EDGE_CURVE('',#513,#663,#14659,.T.);
#14657=LINE('',#662,#14660);
#14658=LINE('',#660,#14661);
#14659=LINE('',#512,#14662);
#14660=VECTOR('',#14663,1.0);
#14661=VECTOR('',#14664,1.0);
#14662=VECTOR('',#14665,1.0);
#14663=DIRECTION('',(-1,0,0));
#14664=DIRECTION('',(0,-1,0));
#14665=DIRECTION('',(0.9568890853863776,0.29045357334421246,0));
#14666=FACE_SURFACE('',(#14671),#14667,.T.);
#14667=PLANE('',#14668);
#14668=AXIS2_PLACEMENT_3D('',#378,#14669,#14670);
#14669=DIRECTION('',(0,-0,1));
#14670=DIRECTION('',(0,1,0));
#14671=FACE_BOUND('',#14672,.T.);
#14672=EDGE_LOOP('',(#14673,#14674,#14675));
#14673=ORIENTED_EDGE('',*,*,#14676,.T.);
#14674=ORIENTED_EDGE('',*,*,#14677,.T.);
#14675=ORIENTED_EDGE('',*,*,#14678,.T.);
#14676=EDGE_CURVE('',#379,#663,#14679,.F.);
#14677=EDGE_CURVE('',#663,#513,#14680,.T.);
#14678=EDGE_CURVE('',#513,#379,#14681,.T.);
#14679=LINE('',#378,#14682);
#14680=LINE('',#662,#14683);
#14681=LINE('',#512,#14684);
#14682=VECTOR('',#14685,1.0);
#14683=VECTOR('',#14686,1.0);
#14684=VECTOR('',#14687,1.0);
#14685=DIRECTION('',(0,1,0));
#14686=DIRECTION('',(-0.9568890853863776,-0.29045357334421246,0));
#14687=DIRECTION('',(0.9736251131856776,0.22815376169192705,0));
#14688=FACE_SURFACE('',(#14693),#14689,.T.);
#14689=PLANE('',#14690);
#14690=AXIS2_PLACEMENT_3D('',#664,#14691,#14692);
#14691=DIRECTION('',(0,0,1));
#14692=DIRECTION('',(1,0,0));
#14693=FACE_BOUND('',#14694,.T.);
#14694=EDGE_LOOP('',(#14695,#14696,#14697));
#14695=ORIENTED_EDGE('',*,*,#14698,.T.);
#14696=ORIENTED_EDGE('',*,*,#14699,.T.);
#14697=ORIENTED_EDGE('',*,*,#14700,.T.);
#14698=EDGE_CURVE('',#665,#475,#14701,.F.);
#14699=EDGE_CURVE('',#475,#379,#14702,.T.);
#14700=EDGE_CURVE('',#379,#665,#14703,.T.);
#14701=LINE('',#664,#14704);
#14702=LINE('',#474,#14705);
#14703=LINE('',#378,#14706);
#14704=VECTOR('',#14707,1.0);
#14705=VECTOR('',#14708,1.0);
#14706=VECTOR('',#14709,1.0);
#14707=DIRECTION('',(1,0,0));
#14708=DIRECTION('',(-0.36884250655073036,0.9294919070983751,0));
#14709=DIRECTION('',(-0.921661771335789,-0.38799430312592975,0));
#14710=FACE_SURFACE('',(#14715),#14711,.T.);
#14711=PLANE('',#14712);
#14712=AXIS2_PLACEMENT_3D('',#528,#14713,#14714);
#14713=DIRECTION('',(0,0,1));
#14714=DIRECTION('',(0.8689828222269521,0.49484225231328144,0));
#14715=FACE_BOUND('',#14716,.T.);
#14716=EDGE_LOOP('',(#14717,#14718,#14719));
#14717=ORIENTED_EDGE('',*,*,#14720,.T.);
#14718=ORIENTED_EDGE('',*,*,#14721,.T.);
#14719=ORIENTED_EDGE('',*,*,#14722,.T.);
#14720=EDGE_CURVE('',#529,#585,#14723,.F.);
#14721=EDGE_CURVE('',#585,#665,#14724,.T.);
#14722=EDGE_CURVE('',#665,#529,#14725,.T.);
#14723=LINE('',#528,#14726);
#14724=LINE('',#584,#14727);
#14725=LINE('',#664,#14728);
#14726=VECTOR('',#14729,1.0);
#14727=VECTOR('',#14730,1.0);
#14728=VECTOR('',#14731,1.0);
#14729=DIRECTION('',(0.8689828222269521,0.49484225231328144,0));
#14730=DIRECTION('',(0,1,0));
#14731=DIRECTION('',(-0.6000599726958008,-0.799955016965526,0));
#14732=FACE_SURFACE('',(#14737),#14733,.T.);
#14733=PLANE('',#14734);
#14734=AXIS2_PLACEMENT_3D('',#624,#14735,#14736);
#14735=DIRECTION('',(0,0,1));
#14736=DIRECTION('',(-0.8914350049436962,0.4531485760333274,0));
#14737=FACE_BOUND('',#14738,.T.);
#14738=EDGE_LOOP('',(#14739,#14740,#14741));
#14739=ORIENTED_EDGE('',*,*,#14742,.T.);
#14740=ORIENTED_EDGE('',*,*,#14743,.T.);
#14741=ORIENTED_EDGE('',*,*,#14744,.T.);
#14742=EDGE_CURVE('',#625,#391,#14745,.F.);
#14743=EDGE_CURVE('',#391,#529,#14746,.T.);
#14744=EDGE_CURVE('',#529,#625,#14747,.T.);
#14745=LINE('',#624,#14748);
#14746=LINE('',#390,#14749);
#14747=LINE('',#528,#14750);
#14748=VECTOR('',#14751,1.0);
#14749=VECTOR('',#14752,1.0);
#14750=VECTOR('',#14753,1.0);
#14751=DIRECTION('',(-0.8914350049436962,0.4531485760333274,0));
#14752=DIRECTION('',(0,-1,0));
#14753=DIRECTION('',(0.1400178857295965,0.9901489744860686,0));
#14754=FACE_SURFACE('',(#14759),#14755,.T.);
#14755=PLANE('',#14756);
#14756=AXIS2_PLACEMENT_3D('',#608,#14757,#14758);
#14757=DIRECTION('',(0,-0,1));
#14758=DIRECTION('',(0,1,0));
#14759=FACE_BOUND('',#14760,.T.);
#14760=EDGE_LOOP('',(#14761,#14762,#14763));
#14761=ORIENTED_EDGE('',*,*,#14764,.T.);
#14762=ORIENTED_EDGE('',*,*,#14765,.T.);
#14763=ORIENTED_EDGE('',*,*,#14766,.T.);
#14764=EDGE_CURVE('',#609,#625,#14767,.F.);
#14765=EDGE_CURVE('',#625,#529,#14768,.T.);
#14766=EDGE_CURVE('',#529,#609,#14769,.T.);
#14767=LINE('',#608,#14770);
#14768=LINE('',#624,#14771);
#14769=LINE('',#528,#14772);
#14770=VECTOR('',#14773,1.0);
#14771=VECTOR('',#14774,1.0);
#14772=VECTOR('',#14775,1.0);
#14773=DIRECTION('',(0,1,0));
#14774=DIRECTION('',(-0.1400178857295965,-0.9901489744860686,0));
#14775=DIRECTION('',(0.15657565795334752,0.98766596748925,0));
#14776=FACE_SURFACE('',(#14781),#14777,.T.);
#14777=PLANE('',#14778);
#14778=AXIS2_PLACEMENT_3D('',#664,#14779,#14780);
#14779=DIRECTION('',(0,0,1));
#14780=DIRECTION('',(0.921661771335789,0.38799430312592975,0));
#14781=FACE_BOUND('',#14782,.T.);
#14782=EDGE_LOOP('',(#14783,#14784,#14785));
#14783=ORIENTED_EDGE('',*,*,#14786,.T.);
#14784=ORIENTED_EDGE('',*,*,#14787,.T.);
#14785=ORIENTED_EDGE('',*,*,#14788,.T.);
#14786=EDGE_CURVE('',#665,#379,#14789,.F.);
#14787=EDGE_CURVE('',#379,#513,#14790,.T.);
#14788=EDGE_CURVE('',#513,#665,#14791,.T.);
#14789=LINE('',#664,#14792);
#14790=LINE('',#378,#14793);
#14791=LINE('',#512,#14794);
#14792=VECTOR('',#14795,1.0);
#14793=VECTOR('',#14796,1.0);
#14794=VECTOR('',#14797,1.0);
#14795=DIRECTION('',(0.921661771335789,0.38799430312592975,0));
#14796=DIRECTION('',(-0.9736251131856776,-0.22815376169192705,0));
#14797=DIRECTION('',(-0.898103112516811,-0.43978494663598516,0));
#14798=FACE_SURFACE('',(#14803),#14799,.T.);
#14799=PLANE('',#14800);
#14800=AXIS2_PLACEMENT_3D('',#552,#14801,#14802);
#14801=DIRECTION('',(0,0,1));
#14802=DIRECTION('',(-0.9999858828978926,0.005313568002969428,0));
#14803=FACE_BOUND('',#14804,.T.);
#14804=EDGE_LOOP('',(#14805,#14806,#14807));
#14805=ORIENTED_EDGE('',*,*,#14808,.T.);
#14806=ORIENTED_EDGE('',*,*,#14809,.T.);
#14807=ORIENTED_EDGE('',*,*,#14810,.T.);
#14808=EDGE_CURVE('',#553,#601,#14811,.F.);
#14809=EDGE_CURVE('',#601,#611,#14812,.T.);
#14810=EDGE_CURVE('',#611,#553,#14813,.T.);
#14811=LINE('',#552,#14814);
#14812=LINE('',#600,#14815);
#14813=LINE('',#610,#14816);
#14814=VECTOR('',#14817,1.0);
#14815=VECTOR('',#14818,1.0);
#14816=VECTOR('',#14819,1.0);
#14817=DIRECTION('',(-0.9999858828978926,0.005313568002969428,0));
#14818=DIRECTION('',(-1,0,0));
#14819=DIRECTION('',(0.999989185354404,-0.004650717604362272,0));
#14820=FACE_SURFACE('',(#14825),#14821,.T.);
#14821=PLANE('',#14822);
#14822=AXIS2_PLACEMENT_3D('',#552,#14823,#14824);
#14823=DIRECTION('',(0,0,1));
#14824=DIRECTION('',(-0.999989185354404,0.004650717604362272,0));
#14825=FACE_BOUND('',#14826,.T.);
#14826=EDGE_LOOP('',(#14827,#14828,#14829));
#14827=ORIENTED_EDGE('',*,*,#14830,.T.);
#14828=ORIENTED_EDGE('',*,*,#14831,.T.);
#14829=ORIENTED_EDGE('',*,*,#14832,.T.);
#14830=EDGE_CURVE('',#553,#611,#14833,.F.);
#14831=EDGE_CURVE('',#611,#609,#14834,.T.);
#14832=EDGE_CURVE('',#609,#553,#14835,.T.);
#14833=LINE('',#552,#14836);
#14834=LINE('',#610,#14837);
#14835=LINE('',#608,#14838);
#14836=VECTOR('',#14839,1.0);
#14837=VECTOR('',#14840,1.0);
#14838=VECTOR('',#14841,1.0);
#14839=DIRECTION('',(-0.999989185354404,0.004650717604362272,0));
#14840=DIRECTION('',(-1,0,0));
#14841=DIRECTION('',(0.9999943435467047,-0.0033634616981657425,0));
#14842=FACE_SURFACE('',(#14847),#14843,.T.);
#14843=PLANE('',#14844);
#14844=AXIS2_PLACEMENT_3D('',#664,#14845,#14846);
#14845=DIRECTION('',(0,0,1));
#14846=DIRECTION('',(0.898103112516811,0.43978494663598516,0));
#14847=FACE_BOUND('',#14848,.T.);
#14848=EDGE_LOOP('',(#14849,#14850,#14851));
#14849=ORIENTED_EDGE('',*,*,#14852,.T.);
#14850=ORIENTED_EDGE('',*,*,#14853,.T.);
#14851=ORIENTED_EDGE('',*,*,#14854,.T.);
#14852=EDGE_CURVE('',#665,#513,#14855,.F.);
#14853=EDGE_CURVE('',#513,#451,#14856,.T.);
#14854=EDGE_CURVE('',#451,#665,#14857,.T.);
#14855=LINE('',#664,#14858);
#14856=LINE('',#512,#14859);
#14857=LINE('',#450,#14860);
#14858=VECTOR('',#14861,1.0);
#14859=VECTOR('',#14862,1.0);
#14860=VECTOR('',#14863,1.0);
#14861=DIRECTION('',(0.898103112516811,0.43978494663598516,0));
#14862=DIRECTION('',(-1,0,0));
#14863=DIRECTION('',(-0.7865675913226722,-0.6175041896868796,0));
#14864=FACE_SURFACE('',(#14869),#14865,.T.);
#14865=PLANE('',#14866);
#14866=AXIS2_PLACEMENT_3D('',#664,#14867,#14868);
#14867=DIRECTION('',(0,0,1));
#14868=DIRECTION('',(0.7865675913226722,0.6175041896868796,0));
#14869=FACE_BOUND('',#14870,.T.);
#14870=EDGE_LOOP('',(#14871,#14872,#14873));
#14871=ORIENTED_EDGE('',*,*,#14874,.T.);
#14872=ORIENTED_EDGE('',*,*,#14875,.T.);
#14873=ORIENTED_EDGE('',*,*,#14876,.T.);
#14874=EDGE_CURVE('',#665,#451,#14877,.F.);
#14875=EDGE_CURVE('',#451,#427,#14878,.T.);
#14876=EDGE_CURVE('',#427,#665,#14879,.T.);
#14877=LINE('',#664,#14880);
#14878=LINE('',#450,#14881);
#14879=LINE('',#426,#14882);
#14880=VECTOR('',#14883,1.0);
#14881=VECTOR('',#14884,1.0);
#14882=VECTOR('',#14885,1.0);
#14883=DIRECTION('',(0.7865675913226722,0.6175041896868796,0));
#14884=DIRECTION('',(-0.9334313650046665,0.358756026883905,0));
#14885=DIRECTION('',(-0.4843938452142424,-0.8748500458470357,0));
#14886=FACE_SURFACE('',(#14891),#14887,.T.);
#14887=PLANE('',#14888);
#14888=AXIS2_PLACEMENT_3D('',#418,#14889,#14890);
#14889=DIRECTION('',(0,-0,1));
#14890=DIRECTION('',(0,1,0));
#14891=FACE_BOUND('',#14892,.T.);
#14892=EDGE_LOOP('',(#14893,#14894,#14895));
#14893=ORIENTED_EDGE('',*,*,#14896,.T.);
#14894=ORIENTED_EDGE('',*,*,#14897,.T.);
#14895=ORIENTED_EDGE('',*,*,#14898,.T.);
#14896=EDGE_CURVE('',#419,#607,#14899,.F.);
#14897=EDGE_CURVE('',#607,#551,#14900,.T.);
#14898=EDGE_CURVE('',#551,#419,#14901,.T.);
#14899=LINE('',#418,#14902);
#14900=LINE('',#606,#14903);
#14901=LINE('',#550,#14904);
#14902=VECTOR('',#14905,1.0);
#14903=VECTOR('',#14906,1.0);
#14904=VECTOR('',#14907,1.0);
#14905=DIRECTION('',(0,1,0));
#14906=DIRECTION('',(-1,0,0));
#14907=DIRECTION('',(0.08961748911017044,-0.9959762575712278,0));
#14908=FACE_SURFACE('',(#14913),#14909,.T.);
#14909=PLANE('',#14910);
#14910=AXIS2_PLACEMENT_3D('',#452,#14911,#14912);
#14911=DIRECTION('',(0,0,1));
#14912=DIRECTION('',(0,-1,0));
#14913=FACE_BOUND('',#14914,.T.);
#14914=EDGE_LOOP('',(#14915,#14916,#14917));
#14915=ORIENTED_EDGE('',*,*,#14918,.T.);
#14916=ORIENTED_EDGE('',*,*,#14919,.T.);
#14917=ORIENTED_EDGE('',*,*,#14920,.T.);
#14918=EDGE_CURVE('',#453,#631,#14921,.F.);
#14919=EDGE_CURVE('',#631,#419,#14922,.T.);
#14920=EDGE_CURVE('',#419,#453,#14923,.T.);
#14921=LINE('',#452,#14924);
#14922=LINE('',#630,#14925);
#14923=LINE('',#418,#14926);
#14924=VECTOR('',#14927,1.0);
#14925=VECTOR('',#14928,1.0);
#14926=VECTOR('',#14929,1.0);
#14927=DIRECTION('',(0,-1,0));
#14928=DIRECTION('',(1,0,0));
#14929=DIRECTION('',(-0.24290603595118163,0.9700498222764042,0));
#14930=FACE_SURFACE('',(#14935),#14931,.T.);
#14931=PLANE('',#14932);
#14932=AXIS2_PLACEMENT_3D('',#446,#14933,#14934);
#14933=DIRECTION('',(0,0,1));
#14934=DIRECTION('',(0,-1,0));
#14935=FACE_BOUND('',#14936,.T.);
#14936=EDGE_LOOP('',(#14937,#14938,#14939));
#14937=ORIENTED_EDGE('',*,*,#14940,.T.);
#14938=ORIENTED_EDGE('',*,*,#14941,.T.);
#14939=ORIENTED_EDGE('',*,*,#14942,.T.);
#14940=EDGE_CURVE('',#447,#453,#14943,.F.);
#14941=EDGE_CURVE('',#453,#419,#14944,.T.);
#14942=EDGE_CURVE('',#419,#447,#14945,.T.);
#14943=LINE('',#446,#14946);
#14944=LINE('',#452,#14947);
#14945=LINE('',#418,#14948);
#14946=VECTOR('',#14949,1.0);
#14947=VECTOR('',#14950,1.0);
#14948=VECTOR('',#14951,1.0);
#14949=DIRECTION('',(0,-1,0));
#14950=DIRECTION('',(0.24290603595118163,-0.9700498222764042,0));
#14951=DIRECTION('',(-0.1855697427976619,0.9826310958635542,0));
#14952=FACE_SURFACE('',(#14957),#14953,.T.);
#14953=PLANE('',#14954);
#14954=AXIS2_PLACEMENT_3D('',#528,#14955,#14956);
#14955=DIRECTION('',(0,0,1));
#14956=DIRECTION('',(0.6000599726958008,0.799955016965526,0));
#14957=FACE_BOUND('',#14958,.T.);
#14958=EDGE_LOOP('',(#14959,#14960,#14961));
#14959=ORIENTED_EDGE('',*,*,#14962,.T.);
#14960=ORIENTED_EDGE('',*,*,#14963,.T.);
#14961=ORIENTED_EDGE('',*,*,#14964,.T.);
#14962=EDGE_CURVE('',#529,#665,#14965,.F.);
#14963=EDGE_CURVE('',#665,#427,#14966,.T.);
#14964=EDGE_CURVE('',#427,#529,#14967,.T.);
#14965=LINE('',#528,#14968);
#14966=LINE('',#664,#14969);
#14967=LINE('',#426,#14970);
#14968=VECTOR('',#14971,1.0);
#14969=VECTOR('',#14972,1.0);
#14970=VECTOR('',#14973,1.0);
#14971=DIRECTION('',(0.6000599726958008,0.799955016965526,0));
#14972=DIRECTION('',(0.4843938452142424,0.8748500458470357,0));
#14973=DIRECTION('',(-0.5817601522813654,-0.8133603907355968,0));
#14974=FACE_SURFACE('',(#14979),#14975,.T.);
#14975=PLANE('',#14976);
#14976=AXIS2_PLACEMENT_3D('',#528,#14977,#14978);
#14977=DIRECTION('',(0,0,1));
#14978=DIRECTION('',(0.5817601522813654,0.8133603907355968,0));
#14979=FACE_BOUND('',#14980,.T.);
#14980=EDGE_LOOP('',(#14981,#14982,#14983));
#14981=ORIENTED_EDGE('',*,*,#14984,.T.);
#14982=ORIENTED_EDGE('',*,*,#14985,.T.);
#14983=ORIENTED_EDGE('',*,*,#14986,.T.);
#14984=EDGE_CURVE('',#529,#427,#14987,.F.);
#14985=EDGE_CURVE('',#427,#519,#14988,.T.);
#14986=EDGE_CURVE('',#519,#529,#14989,.T.);
#14987=LINE('',#528,#14990);
#14988=LINE('',#426,#14991);
#14989=LINE('',#518,#14992);
#14990=VECTOR('',#14993,1.0);
#14991=VECTOR('',#14994,1.0);
#14992=VECTOR('',#14995,1.0);
#14993=DIRECTION('',(0.5817601522813654,0.8133603907355968,0));
#14994=DIRECTION('',(0,1,0));
#14995=DIRECTION('',(-0.4513823376439825,-0.8923306479456221,0));
#14996=FACE_SURFACE('',(#15001),#14997,.T.);
#14997=PLANE('',#14998);
#14998=AXIS2_PLACEMENT_3D('',#446,#14999,#15000);
#14999=DIRECTION('',(-0,0,1));
#15000=DIRECTION('',(0.1855697427976619,-0.9826310958635542,0));
#15001=FACE_BOUND('',#15002,.T.);
#15002=EDGE_LOOP('',(#15003,#15004,#15005));
#15003=ORIENTED_EDGE('',*,*,#15006,.T.);
#15004=ORIENTED_EDGE('',*,*,#15007,.T.);
#15005=ORIENTED_EDGE('',*,*,#15008,.T.);
#15006=EDGE_CURVE('',#447,#419,#15009,.F.);
#15007=EDGE_CURVE('',#419,#551,#15010,.T.);
#15008=EDGE_CURVE('',#551,#447,#15011,.T.);
#15009=LINE('',#446,#15012);
#15010=LINE('',#418,#15013);
#15011=LINE('',#550,#15014);
#15012=VECTOR('',#15015,1.0);
#15013=VECTOR('',#15016,1.0);
#15014=VECTOR('',#15017,1.0);
#15015=DIRECTION('',(0.1855697427976619,-0.9826310958635542,0));
#15016=DIRECTION('',(-0.08961748911017044,0.9959762575712278,0));
#15017=DIRECTION('',(-0.003095513697504996,-0.9999952088859969,0));
#15018=FACE_SURFACE('',(#15023),#15019,.T.);
#15019=PLANE('',#15020);
#15020=AXIS2_PLACEMENT_3D('',#448,#15021,#15022);
#15021=DIRECTION('',(0,0,1));
#15022=DIRECTION('',(1,0,0));
#15023=FACE_BOUND('',#15024,.T.);
#15024=EDGE_LOOP('',(#15025,#15026,#15027));
#15025=ORIENTED_EDGE('',*,*,#15028,.T.);
#15026=ORIENTED_EDGE('',*,*,#15029,.T.);
#15027=ORIENTED_EDGE('',*,*,#15030,.T.);
#15028=EDGE_CURVE('',#449,#447,#15031,.F.);
#15029=EDGE_CURVE('',#447,#551,#15032,.T.);
#15030=EDGE_CURVE('',#551,#449,#15033,.T.);
#15031=LINE('',#448,#15034);
#15032=LINE('',#446,#15035);
#15033=LINE('',#550,#15036);
#15034=VECTOR('',#15037,1.0);
#15035=VECTOR('',#15038,1.0);
#15036=VECTOR('',#15039,1.0);
#15037=DIRECTION('',(1,0,0));
#15038=DIRECTION('',(0.003095513697504996,0.9999952088859969,0));
#15039=DIRECTION('',(-0.6866375590432706,-0.7269999054409148,0));
#15040=FACE_SURFACE('',(#15045),#15041,.T.);
#15041=PLANE('',#15042);
#15042=AXIS2_PLACEMENT_3D('',#448,#15043,#15044);
#15043=DIRECTION('',(0,0,1));
#15044=DIRECTION('',(0.6866375590432706,0.7269999054409148,0));
#15045=FACE_BOUND('',#15046,.T.);
#15046=EDGE_LOOP('',(#15047,#15048,#15049));
#15047=ORIENTED_EDGE('',*,*,#15050,.T.);
#15048=ORIENTED_EDGE('',*,*,#15051,.T.);
#15049=ORIENTED_EDGE('',*,*,#15052,.T.);
#15050=EDGE_CURVE('',#449,#551,#15053,.F.);
#15051=EDGE_CURVE('',#551,#549,#15054,.T.);
#15052=EDGE_CURVE('',#549,#449,#15055,.T.);
#15053=LINE('',#448,#15056);
#15054=LINE('',#550,#15057);
#15055=LINE('',#548,#15058);
#15056=VECTOR('',#15059,1.0);
#15057=VECTOR('',#15060,1.0);
#15058=VECTOR('',#15061,1.0);
#15059=DIRECTION('',(0.6866375590432706,0.7269999054409148,0));
#15060=DIRECTION('',(-1,0,0));
#15061=DIRECTION('',(-0.580579763707024,-0.8142033762972836,0));
#15062=FACE_SURFACE('',(#15067),#15063,.T.);
#15063=PLANE('',#15064);
#15064=AXIS2_PLACEMENT_3D('',#376,#15065,#15066);
#15065=DIRECTION('',(0,0,1));
#15066=DIRECTION('',(1,0,0));
#15067=FACE_BOUND('',#15068,.T.);
#15068=EDGE_LOOP('',(#15069,#15070,#15071));
#15069=ORIENTED_EDGE('',*,*,#15072,.T.);
#15070=ORIENTED_EDGE('',*,*,#15073,.T.);
#15071=ORIENTED_EDGE('',*,*,#15074,.T.);
#15072=EDGE_CURVE('',#377,#449,#15075,.F.);
#15073=EDGE_CURVE('',#449,#549,#15076,.T.);
#15074=EDGE_CURVE('',#549,#377,#15077,.T.);
#15075=LINE('',#376,#15078);
#15076=LINE('',#448,#15079);
#15077=LINE('',#548,#15080);
#15078=VECTOR('',#15081,1.0);
#15079=VECTOR('',#15082,1.0);
#15080=VECTOR('',#15083,1.0);
#15081=DIRECTION('',(1,0,0));
#15082=DIRECTION('',(0.580579763707024,0.8142033762972836,0));
#15083=DIRECTION('',(-0.7250011009178928,-0.6887477068330923,0));
#15084=FACE_SURFACE('',(#15089),#15085,.T.);
#15085=PLANE('',#15086);
#15086=AXIS2_PLACEMENT_3D('',#376,#15087,#15088);
#15087=DIRECTION('',(0,0,1));
#15088=DIRECTION('',(0.7250011009178928,0.6887477068330923,0));
#15089=FACE_BOUND('',#15090,.T.);
#15090=EDGE_LOOP('',(#15091,#15092,#15093));
#15091=ORIENTED_EDGE('',*,*,#15094,.T.);
#15092=ORIENTED_EDGE('',*,*,#15095,.T.);
#15093=ORIENTED_EDGE('',*,*,#15096,.T.);
#15094=EDGE_CURVE('',#377,#549,#15097,.F.);
#15095=EDGE_CURVE('',#549,#553,#15098,.T.);
#15096=EDGE_CURVE('',#553,#377,#15099,.T.);
#15097=LINE('',#376,#15100);
#15098=LINE('',#548,#15101);
#15099=LINE('',#552,#15102);
#15100=VECTOR('',#15103,1.0);
#15101=VECTOR('',#15104,1.0);
#15102=VECTOR('',#15105,1.0);
#15103=DIRECTION('',(0.7250011009178928,0.6887477068330923,0));
#15104=DIRECTION('',(-1,0,0));
#15105=DIRECTION('',(-0.32416415076244826,-0.9460008474417244,0));
#15106=FACE_SURFACE('',(#15111),#15107,.T.);
#15107=PLANE('',#15108);
#15108=AXIS2_PLACEMENT_3D('',#590,#15109,#15110);
#15109=DIRECTION('',(0,0,1));
#15110=DIRECTION('',(1,0,0));
#15111=FACE_BOUND('',#15112,.T.);
#15112=EDGE_LOOP('',(#15113,#15114,#15115));
#15113=ORIENTED_EDGE('',*,*,#15116,.T.);
#15114=ORIENTED_EDGE('',*,*,#15117,.T.);
#15115=ORIENTED_EDGE('',*,*,#15118,.T.);
#15116=EDGE_CURVE('',#591,#377,#15119,.F.);
#15117=EDGE_CURVE('',#377,#553,#15120,.T.);
#15118=EDGE_CURVE('',#553,#591,#15121,.T.);
#15119=LINE('',#590,#15122);
#15120=LINE('',#376,#15123);
#15121=LINE('',#552,#15124);
#15122=VECTOR('',#15125,1.0);
#15123=VECTOR('',#15126,1.0);
#15124=VECTOR('',#15127,1.0);
#15125=DIRECTION('',(1,0,0));
#15126=DIRECTION('',(0.32416415076244826,0.9460008474417244,0));
#15127=DIRECTION('',(-0.7889673977058028,-0.6144350619531194,0));
#15128=FACE_SURFACE('',(#15133),#15129,.T.);
#15129=PLANE('',#15130);
#15130=AXIS2_PLACEMENT_3D('',#592,#15131,#15132);
#15131=DIRECTION('',(0,0,1));
#15132=DIRECTION('',(-1,0,0));
#15133=FACE_BOUND('',#15134,.T.);
#15134=EDGE_LOOP('',(#15135,#15136,#15137));
#15135=ORIENTED_EDGE('',*,*,#15138,.T.);
#15136=ORIENTED_EDGE('',*,*,#15139,.T.);
#15137=ORIENTED_EDGE('',*,*,#15140,.T.);
#15138=EDGE_CURVE('',#593,#673,#15141,.F.);
#15139=EDGE_CURVE('',#673,#445,#15142,.T.);
#15140=EDGE_CURVE('',#445,#593,#15143,.T.);
#15141=LINE('',#592,#15144);
#15142=LINE('',#672,#15145);
#15143=LINE('',#444,#15146);
#15144=VECTOR('',#15147,1.0);
#15145=VECTOR('',#15148,1.0);
#15146=VECTOR('',#15149,1.0);
#15147=DIRECTION('',(-1,0,0));
#15148=DIRECTION('',(0,-1,0));
#15149=DIRECTION('',(0.9334924465406059,0.35859706113078216,0));
#15150=FACE_SURFACE('',(#15155),#15151,.T.);
#15151=PLANE('',#15152);
#15152=AXIS2_PLACEMENT_3D('',#442,#15153,#15154);
#15153=DIRECTION('',(0,-0,1));
#15154=DIRECTION('',(0,1,0));
#15155=FACE_BOUND('',#15156,.T.);
#15156=EDGE_LOOP('',(#15157,#15158,#15159));
#15157=ORIENTED_EDGE('',*,*,#15160,.T.);
#15158=ORIENTED_EDGE('',*,*,#15161,.T.);
#15159=ORIENTED_EDGE('',*,*,#15162,.T.);
#15160=EDGE_CURVE('',#443,#597,#15163,.F.);
#15161=EDGE_CURVE('',#597,#413,#15164,.T.);
#15162=EDGE_CURVE('',#413,#443,#15165,.T.);
#15163=LINE('',#442,#15166);
#15164=LINE('',#596,#15167);
#15165=LINE('',#412,#15168);
#15166=VECTOR('',#15169,1.0);
#15167=VECTOR('',#15170,1.0);
#15168=VECTOR('',#15171,1.0);
#15169=DIRECTION('',(0,1,0));
#15170=DIRECTION('',(-1,0,0));
#15171=DIRECTION('',(0.9574211353608766,-0.28869494204833224,0));
#15172=FACE_SURFACE('',(#15177),#15173,.T.);
#15173=PLANE('',#15174);
#15174=AXIS2_PLACEMENT_3D('',#442,#15175,#15176);
#15175=DIRECTION('',(0,0,1));
#15176=DIRECTION('',(-0.9574211353608766,0.28869494204833224,0));
#15177=FACE_BOUND('',#15178,.T.);
#15178=EDGE_LOOP('',(#15179,#15180,#15181));
#15179=ORIENTED_EDGE('',*,*,#15182,.T.);
#15180=ORIENTED_EDGE('',*,*,#15183,.T.);
#15181=ORIENTED_EDGE('',*,*,#15184,.T.);
#15182=EDGE_CURVE('',#443,#413,#15185,.F.);
#15183=EDGE_CURVE('',#413,#411,#15186,.T.);
#15184=EDGE_CURVE('',#411,#443,#15187,.T.);
#15185=LINE('',#442,#15188);
#15186=LINE('',#412,#15189);
#15187=LINE('',#410,#15190);
#15188=VECTOR('',#15191,1.0);
#15189=VECTOR('',#15192,1.0);
#15190=VECTOR('',#15193,1.0);
#15191=DIRECTION('',(-0.9574211353608766,0.28869494204833224,0));
#15192=DIRECTION('',(0,-1,0));
#15193=DIRECTION('',(0.9744014899668598,-0.224814893524347,0));
#15194=FACE_SURFACE('',(#15199),#15195,.T.);
#15195=PLANE('',#15196);
#15196=AXIS2_PLACEMENT_3D('',#410,#15197,#15198);
#15197=DIRECTION('',(0,0,1));
#15198=DIRECTION('',(-1,0,0));
#15199=FACE_BOUND('',#15200,.T.);
#15200=EDGE_LOOP('',(#15201,#15202,#15203));
#15201=ORIENTED_EDGE('',*,*,#15204,.T.);
#15202=ORIENTED_EDGE('',*,*,#15205,.T.);
#15203=ORIENTED_EDGE('',*,*,#15206,.T.);
#15204=EDGE_CURVE('',#411,#543,#15207,.F.);
#15205=EDGE_CURVE('',#543,#633,#15208,.T.);
#15206=EDGE_CURVE('',#633,#411,#15209,.T.);
#15207=LINE('',#410,#15210);
#15208=LINE('',#542,#15211);
#15209=LINE('',#632,#15212);
#15210=VECTOR('',#15213,1.0);
#15211=VECTOR('',#15214,1.0);
#15212=VECTOR('',#15215,1.0);
#15213=DIRECTION('',(-1,0,0));
#15214=DIRECTION('',(-0.012464332287504222,-0.9999223171930041,0));
#15215=DIRECTION('',(0.5730874581198444,0.8194942131252274,0));
#15216=FACE_SURFACE('',(#15221),#15217,.T.);
#15217=PLANE('',#15218);
#15218=AXIS2_PLACEMENT_3D('',#410,#15219,#15220);
#15219=DIRECTION('',(0,0,1));
#15220=DIRECTION('',(-0.5730874581198444,-0.8194942131252274,0));
#15221=FACE_BOUND('',#15222,.T.);
#15222=EDGE_LOOP('',(#15223,#15224,#15225));
#15223=ORIENTED_EDGE('',*,*,#15226,.T.);
#15224=ORIENTED_EDGE('',*,*,#15227,.T.);
#15225=ORIENTED_EDGE('',*,*,#15228,.T.);
#15226=EDGE_CURVE('',#411,#633,#15229,.F.);
#15227=EDGE_CURVE('',#633,#715,#15230,.T.);
#15228=EDGE_CURVE('',#715,#411,#15231,.T.);
#15229=LINE('',#410,#15232);
#15230=LINE('',#632,#15233);
#15231=LINE('',#714,#15234);
#15232=VECTOR('',#15235,1.0);
#15233=VECTOR('',#15236,1.0);
#15234=VECTOR('',#15237,1.0);
#15235=DIRECTION('',(-0.5730874581198444,-0.8194942131252274,0));
#15236=DIRECTION('',(1,0,0));
#15237=DIRECTION('',(-0.8125985435479268,0.5828238215994503,0));
#15238=FACE_SURFACE('',(#15243),#15239,.T.);
#15239=PLANE('',#15240);
#15240=AXIS2_PLACEMENT_3D('',#442,#15241,#15242);
#15241=DIRECTION('',(0,0,1));
#15242=DIRECTION('',(-0.9744014899668598,0.224814893524347,0));
#15243=FACE_BOUND('',#15244,.T.);
#15244=EDGE_LOOP('',(#15245,#15246,#15247));
#15245=ORIENTED_EDGE('',*,*,#15248,.T.);
#15246=ORIENTED_EDGE('',*,*,#15249,.T.);
#15247=ORIENTED_EDGE('',*,*,#15250,.T.);
#15248=EDGE_CURVE('',#443,#411,#15251,.F.);
#15249=EDGE_CURVE('',#411,#715,#15252,.T.);
#15250=EDGE_CURVE('',#715,#443,#15253,.T.);
#15251=LINE('',#442,#15254);
#15252=LINE('',#410,#15255);
#15253=LINE('',#714,#15256);
#15254=VECTOR('',#15257,1.0);
#15255=VECTOR('',#15258,1.0);
#15256=VECTOR('',#15259,1.0);
#15257=DIRECTION('',(-0.9744014899668598,0.224814893524347,0));
#15258=DIRECTION('',(0.8125985435479268,-0.5828238215994503,0));
#15259=DIRECTION('',(-0.6610053393030116,0.7503811974009679,0));
#15260=FACE_SURFACE('',(#15265),#15261,.T.);
#15261=PLANE('',#15262);
#15262=AXIS2_PLACEMENT_3D('',#706,#15263,#15264);
#15263=DIRECTION('',(0,0,1));
#15264=DIRECTION('',(1,0,0));
#15265=FACE_BOUND('',#15266,.T.);
#15266=EDGE_LOOP('',(#15267,#15268,#15269));
#15267=ORIENTED_EDGE('',*,*,#15270,.T.);
#15268=ORIENTED_EDGE('',*,*,#15271,.T.);
#15269=ORIENTED_EDGE('',*,*,#15272,.T.);
#15270=EDGE_CURVE('',#707,#565,#15273,.F.);
#15271=EDGE_CURVE('',#565,#655,#15274,.T.);
#15272=EDGE_CURVE('',#655,#707,#15275,.T.);
#15273=LINE('',#706,#15276);
#15274=LINE('',#564,#15277);
#15275=LINE('',#654,#15278);
#15276=VECTOR('',#15279,1.0);
#15277=VECTOR('',#15280,1.0);
#15278=VECTOR('',#15281,1.0);
#15279=DIRECTION('',(1,0,0));
#15280=DIRECTION('',(0.24180206934445964,0.9703255944582401,0));
#15281=DIRECTION('',(-0.681283315612794,-0.7320198384385754,0));
#15282=FACE_SURFACE('',(#15287),#15283,.T.);
#15283=PLANE('',#15284);
#15284=AXIS2_PLACEMENT_3D('',#442,#15285,#15286);
#15285=DIRECTION('',(0,0,1));
#15286=DIRECTION('',(0.6610053393030116,-0.7503811974009679,0));
#15287=FACE_BOUND('',#15288,.T.);
#15288=EDGE_LOOP('',(#15289,#15290,#15291));
#15289=ORIENTED_EDGE('',*,*,#15292,.T.);
#15290=ORIENTED_EDGE('',*,*,#15293,.T.);
#15291=ORIENTED_EDGE('',*,*,#15294,.T.);
#15292=EDGE_CURVE('',#443,#715,#15295,.F.);
#15293=EDGE_CURVE('',#715,#707,#15296,.T.);
#15294=EDGE_CURVE('',#707,#443,#15297,.T.);
#15295=LINE('',#442,#15298);
#15296=LINE('',#714,#15299);
#15297=LINE('',#706,#15300);
#15298=VECTOR('',#15301,1.0);
#15299=VECTOR('',#15302,1.0);
#15300=VECTOR('',#15303,1.0);
#15301=DIRECTION('',(0.6610053393030116,-0.7503811974009679,0));
#15302=DIRECTION('',(1,0,0));
#15303=DIRECTION('',(-0.8993614264903728,0.43720592921551504,0));
#15304=FACE_SURFACE('',(#15309),#15305,.T.);
#15305=PLANE('',#15306);
#15306=AXIS2_PLACEMENT_3D('',#444,#15307,#15308);
#15307=DIRECTION('',(0,0,1));
#15308=DIRECTION('',(-1,0,0));
#15309=FACE_BOUND('',#15310,.T.);
#15310=EDGE_LOOP('',(#15311,#15312,#15313));
#15311=ORIENTED_EDGE('',*,*,#15314,.T.);
#15312=ORIENTED_EDGE('',*,*,#15315,.T.);
#15313=ORIENTED_EDGE('',*,*,#15316,.T.);
#15314=EDGE_CURVE('',#445,#443,#15317,.F.);
#15315=EDGE_CURVE('',#443,#707,#15318,.T.);
#15316=EDGE_CURVE('',#707,#445,#15319,.T.);
#15317=LINE('',#444,#15320);
#15318=LINE('',#442,#15321);
#15319=LINE('',#706,#15322);
#15320=VECTOR('',#15323,1.0);
#15321=VECTOR('',#15324,1.0);
#15322=VECTOR('',#15325,1.0);
#15323=DIRECTION('',(-1,0,0));
#15324=DIRECTION('',(0.8993614264903728,-0.43720592921551504,0));
#15325=DIRECTION('',(-0.7899692799015615,0.6131464236312631,0));
#15326=FACE_SURFACE('',(#15331),#15327,.T.);
#15327=PLANE('',#15328);
#15328=AXIS2_PLACEMENT_3D('',#706,#15329,#15330);
#15329=DIRECTION('',(0,0,1));
#15330=DIRECTION('',(0.681283315612794,0.7320198384385754,0));
#15331=FACE_BOUND('',#15332,.T.);
#15332=EDGE_LOOP('',(#15333,#15334,#15335));
#15333=ORIENTED_EDGE('',*,*,#15336,.T.);
#15334=ORIENTED_EDGE('',*,*,#15337,.T.);
#15335=ORIENTED_EDGE('',*,*,#15338,.T.);
#15336=EDGE_CURVE('',#707,#655,#15339,.F.);
#15337=EDGE_CURVE('',#655,#691,#15340,.T.);
#15338=EDGE_CURVE('',#691,#707,#15341,.T.);
#15339=LINE('',#706,#15342);
#15340=LINE('',#654,#15343);
#15341=LINE('',#690,#15344);
#15342=VECTOR('',#15345,1.0);
#15343=VECTOR('',#15346,1.0);
#15344=VECTOR('',#15347,1.0);
#15345=DIRECTION('',(0.681283315612794,0.7320198384385754,0));
#15346=DIRECTION('',(0,1,0));
#15347=DIRECTION('',(-0.23953594122384256,-0.9708874975310001,0));
#15348=FACE_SURFACE('',(#15353),#15349,.T.);
#15349=PLANE('',#15350);
#15350=AXIS2_PLACEMENT_3D('',#592,#15351,#15352);
#15351=DIRECTION('',(0,0,1));
#15352=DIRECTION('',(-0.9334924465406059,-0.35859706113078216,0));
#15353=FACE_BOUND('',#15354,.T.);
#15354=EDGE_LOOP('',(#15355,#15356,#15357));
#15355=ORIENTED_EDGE('',*,*,#15358,.T.);
#15356=ORIENTED_EDGE('',*,*,#15359,.T.);
#15357=ORIENTED_EDGE('',*,*,#15360,.T.);
#15358=EDGE_CURVE('',#593,#445,#15361,.F.);
#15359=EDGE_CURVE('',#445,#707,#15362,.T.);
#15360=EDGE_CURVE('',#707,#593,#15363,.T.);
#15361=LINE('',#592,#15364);
#15362=LINE('',#444,#15365);
#15363=LINE('',#706,#15366);
#15364=VECTOR('',#15367,1.0);
#15365=VECTOR('',#15368,1.0);
#15366=VECTOR('',#15369,1.0);
#15367=DIRECTION('',(-0.9334924465406059,-0.35859706113078216,0));
#15368=DIRECTION('',(0.7899692799015615,-0.6131464236312631,0));
#15369=DIRECTION('',(-0.4921315611753302,0.870520836336002,0));
#15370=FACE_SURFACE('',(#15375),#15371,.T.);
#15371=PLANE('',#15372);
#15372=AXIS2_PLACEMENT_3D('',#460,#15373,#15374);
#15373=DIRECTION('',(0,0,1));
#15374=DIRECTION('',(0,-1,0));
#15375=FACE_BOUND('',#15376,.T.);
#15376=EDGE_LOOP('',(#15377,#15378,#15379));
#15377=ORIENTED_EDGE('',*,*,#15380,.T.);
#15378=ORIENTED_EDGE('',*,*,#15381,.T.);
#15379=ORIENTED_EDGE('',*,*,#15382,.T.);
#15380=EDGE_CURVE('',#461,#593,#15383,.F.);
#15381=EDGE_CURVE('',#593,#707,#15384,.T.);
#15382=EDGE_CURVE('',#707,#461,#15385,.T.);
#15383=LINE('',#460,#15386);
#15384=LINE('',#592,#15387);
#15385=LINE('',#706,#15388);
#15386=VECTOR('',#15389,1.0);
#15387=VECTOR('',#15390,1.0);
#15388=VECTOR('',#15391,1.0);
#15389=DIRECTION('',(0,-1,0));
#15390=DIRECTION('',(0.4921315611753302,-0.870520836336002,0));
#15391=DIRECTION('',(-0.16724998740996325,0.9859145204891585,0));
#15392=FACE_SURFACE('',(#15397),#15393,.T.);
#15393=PLANE('',#15394);
#15394=AXIS2_PLACEMENT_3D('',#460,#15395,#15396);
#15395=DIRECTION('',(-0,0,1));
#15396=DIRECTION('',(0.16724998740996325,-0.9859145204891585,0));
#15397=FACE_BOUND('',#15398,.T.);
#15398=EDGE_LOOP('',(#15399,#15400,#15401));
#15399=ORIENTED_EDGE('',*,*,#15402,.T.);
#15400=ORIENTED_EDGE('',*,*,#15403,.T.);
#15401=ORIENTED_EDGE('',*,*,#15404,.T.);
#15402=EDGE_CURVE('',#461,#707,#15405,.F.);
#15403=EDGE_CURVE('',#707,#691,#15406,.T.);
#15404=EDGE_CURVE('',#691,#461,#15407,.T.);
#15405=LINE('',#460,#15408);
#15406=LINE('',#706,#15409);
#15407=LINE('',#690,#15410);
#15408=VECTOR('',#15411,1.0);
#15409=VECTOR('',#15412,1.0);
#15410=VECTOR('',#15413,1.0);
#15411=DIRECTION('',(0.16724998740996325,-0.9859145204891585,0));
#15412=DIRECTION('',(0.23953594122384256,0.9708874975310001,0));
#15413=DIRECTION('',(-0.9820288180661276,-0.18873102682824672,0));
#15414=FACE_SURFACE('',(#15419),#15415,.T.);
#15415=PLANE('',#15416);
#15416=AXIS2_PLACEMENT_3D('',#560,#15417,#15418);
#15417=DIRECTION('',(-0,0,1));
#15418=DIRECTION('',(0.940783172379794,-0.33900888272582264,0));
#15419=FACE_BOUND('',#15420,.T.);
#15420=EDGE_LOOP('',(#15421,#15422,#15423));
#15421=ORIENTED_EDGE('',*,*,#15424,.T.);
#15422=ORIENTED_EDGE('',*,*,#15425,.T.);
#15423=ORIENTED_EDGE('',*,*,#15426,.T.);
#15424=EDGE_CURVE('',#561,#461,#15427,.F.);
#15425=EDGE_CURVE('',#461,#691,#15428,.T.);
#15426=EDGE_CURVE('',#691,#561,#15429,.T.);
#15427=LINE('',#560,#15430);
#15428=LINE('',#460,#15431);
#15429=LINE('',#690,#15432);
#15430=VECTOR('',#15433,1.0);
#15431=VECTOR('',#15434,1.0);
#15432=VECTOR('',#15435,1.0);
#15433=DIRECTION('',(0.940783172379794,-0.33900888272582264,0));
#15434=DIRECTION('',(0.9820288180661276,0.18873102682824672,0));
#15435=DIRECTION('',(-0.998520957790905,-0.054368160280939944,0));
#15436=FACE_SURFACE('',(#15441),#15437,.T.);
#15437=PLANE('',#15438);
#15438=AXIS2_PLACEMENT_3D('',#692,#15439,#15440);
#15439=DIRECTION('',(-0,0,1));
#15440=DIRECTION('',(0.9964264673949043,-0.08446475640710559,0));
#15441=FACE_BOUND('',#15442,.T.);
#15442=EDGE_LOOP('',(#15443,#15444,#15445));
#15443=ORIENTED_EDGE('',*,*,#15446,.T.);
#15444=ORIENTED_EDGE('',*,*,#15447,.T.);
#15445=ORIENTED_EDGE('',*,*,#15448,.T.);
#15446=EDGE_CURVE('',#693,#561,#15449,.F.);
#15447=EDGE_CURVE('',#561,#691,#15450,.T.);
#15448=EDGE_CURVE('',#691,#693,#15451,.T.);
#15449=LINE('',#692,#15452);
#15450=LINE('',#560,#15453);
#15451=LINE('',#690,#15454);
#15452=VECTOR('',#15455,1.0);
#15453=VECTOR('',#15456,1.0);
#15454=VECTOR('',#15457,1.0);
#15455=DIRECTION('',(0.9964264673949043,-0.08446475640710559,0));
#15456=DIRECTION('',(0.998520957790905,0.054368160280939944,0));
#15457=DIRECTION('',(-1,0,0));
#15458=FACE_SURFACE('',(#15463),#15459,.T.);
#15459=PLANE('',#15460);
#15460=AXIS2_PLACEMENT_3D('',#580,#15461,#15462);
#15461=DIRECTION('',(0,0,1));
#15462=DIRECTION('',(1,0,0));
#15463=FACE_BOUND('',#15464,.T.);
#15464=EDGE_LOOP('',(#15465,#15466,#15467));
#15465=ORIENTED_EDGE('',*,*,#15468,.T.);
#15466=ORIENTED_EDGE('',*,*,#15469,.T.);
#15467=ORIENTED_EDGE('',*,*,#15470,.T.);
#15468=EDGE_CURVE('',#581,#627,#15471,.F.);
#15469=EDGE_CURVE('',#627,#653,#15472,.T.);
#15470=EDGE_CURVE('',#653,#581,#15473,.T.);
#15471=LINE('',#580,#15474);
#15472=LINE('',#626,#15475);
#15473=LINE('',#652,#15476);
#15474=VECTOR('',#15477,1.0);
#15475=VECTOR('',#15478,1.0);
#15476=VECTOR('',#15479,1.0);
#15477=DIRECTION('',(1,0,0));
#15478=DIRECTION('',(0.1958248788135502,0.9806388819732055,0));
#15479=DIRECTION('',(-0.6611299861482254,-0.7502713785129,0));
#15480=FACE_SURFACE('',(#15485),#15481,.T.);
#15481=PLANE('',#15482);
#15482=AXIS2_PLACEMENT_3D('',#580,#15483,#15484);
#15483=DIRECTION('',(0,0,1));
#15484=DIRECTION('',(0.6611299861482254,0.7502713785129,0));
#15485=FACE_BOUND('',#15486,.T.);
#15486=EDGE_LOOP('',(#15487,#15488,#15489));
#15487=ORIENTED_EDGE('',*,*,#15490,.T.);
#15488=ORIENTED_EDGE('',*,*,#15491,.T.);
#15489=ORIENTED_EDGE('',*,*,#15492,.T.);
#15490=EDGE_CURVE('',#581,#653,#15493,.F.);
#15491=EDGE_CURVE('',#653,#699,#15494,.T.);
#15492=EDGE_CURVE('',#699,#581,#15495,.T.);
#15493=LINE('',#580,#15496);
#15494=LINE('',#652,#15497);
#15495=LINE('',#698,#15498);
#15496=VECTOR('',#15499,1.0);
#15497=VECTOR('',#15500,1.0);
#15498=VECTOR('',#15501,1.0);
#15499=DIRECTION('',(0.6611299861482254,0.7502713785129,0));
#15500=DIRECTION('',(-1,0,0));
#15501=DIRECTION('',(-0.19582630352435837,-0.9806385974700291,0));
#15502=FACE_SURFACE('',(#15507),#15503,.T.);
#15503=PLANE('',#15504);
#15504=AXIS2_PLACEMENT_3D('',#496,#15505,#15506);
#15505=DIRECTION('',(0,0,1));
#15506=DIRECTION('',(1,0,0));
#15507=FACE_BOUND('',#15508,.T.);
#15508=EDGE_LOOP('',(#15509,#15510,#15511));
#15509=ORIENTED_EDGE('',*,*,#15512,.T.);
#15510=ORIENTED_EDGE('',*,*,#15513,.T.);
#15511=ORIENTED_EDGE('',*,*,#15514,.T.);
#15512=EDGE_CURVE('',#497,#581,#15515,.F.);
#15513=EDGE_CURVE('',#581,#699,#15516,.T.);
#15514=EDGE_CURVE('',#699,#497,#15517,.T.);
#15515=LINE('',#496,#15518);
#15516=LINE('',#580,#15519);
#15517=LINE('',#698,#15520);
#15518=VECTOR('',#15521,1.0);
#15519=VECTOR('',#15522,1.0);
#15520=VECTOR('',#15523,1.0);
#15521=DIRECTION('',(1,0,0));
#15522=DIRECTION('',(0.19582630352435837,0.9806385974700291,0));
#15523=DIRECTION('',(-0.7681417077642873,-0.6402798737997036,0));
#15524=FACE_SURFACE('',(#15529),#15525,.T.);
#15525=PLANE('',#15526);
#15526=AXIS2_PLACEMENT_3D('',#496,#15527,#15528);
#15527=DIRECTION('',(0,-0,1));
#15528=DIRECTION('',(0.7681417077642873,0.6402798737997036,0));
#15529=FACE_BOUND('',#15530,.T.);
#15530=EDGE_LOOP('',(#15531,#15532,#15533));
#15531=ORIENTED_EDGE('',*,*,#15534,.T.);
#15532=ORIENTED_EDGE('',*,*,#15535,.T.);
#15533=ORIENTED_EDGE('',*,*,#15536,.T.);
#15534=EDGE_CURVE('',#497,#699,#15537,.F.);
#15535=EDGE_CURVE('',#699,#619,#15538,.T.);
#15536=EDGE_CURVE('',#619,#497,#15539,.T.);
#15537=LINE('',#496,#15540);
#15538=LINE('',#698,#15541);
#15539=LINE('',#618,#15542);
#15540=VECTOR('',#15543,1.0);
#15541=VECTOR('',#15544,1.0);
#15542=VECTOR('',#15545,1.0);
#15543=DIRECTION('',(0.7681417077642873,0.6402798737997036,0));
#15544=DIRECTION('',(-1,0,0));
#15545=DIRECTION('',(0.6652810946415779,-0.7465929715129281,0));
#15546=FACE_SURFACE('',(#15551),#15547,.T.);
#15547=PLANE('',#15548);
#15548=AXIS2_PLACEMENT_3D('',#690,#15549,#15550);
#15549=DIRECTION('',(0,0,1));
#15550=DIRECTION('',(1,0,0));
#15551=FACE_BOUND('',#15552,.T.);
#15552=EDGE_LOOP('',(#15553,#15554,#15555));
#15553=ORIENTED_EDGE('',*,*,#15556,.T.);
#15554=ORIENTED_EDGE('',*,*,#15557,.T.);
#15555=ORIENTED_EDGE('',*,*,#15558,.T.);
#15556=EDGE_CURVE('',#691,#497,#15559,.F.);
#15557=EDGE_CURVE('',#497,#619,#15560,.T.);
#15558=EDGE_CURVE('',#619,#691,#15561,.T.);
#15559=LINE('',#690,#15562);
#15560=LINE('',#496,#15563);
#15561=LINE('',#618,#15564);
#15562=VECTOR('',#15565,1.0);
#15563=VECTOR('',#15566,1.0);
#15564=VECTOR('',#15567,1.0);
#15565=DIRECTION('',(1,0,0));
#15566=DIRECTION('',(-0.6652810946415779,0.7465929715129281,0));
#15567=DIRECTION('',(-0.8829957446848148,-0.4693809911665676,0));
#15568=FACE_SURFACE('',(#15573),#15569,.T.);
#15569=PLANE('',#15570);
#15570=AXIS2_PLACEMENT_3D('',#690,#15571,#15572);
#15571=DIRECTION('',(0,0,1));
#15572=DIRECTION('',(0.8829957446848148,0.4693809911665676,0));
#15573=FACE_BOUND('',#15574,.T.);
#15574=EDGE_LOOP('',(#15575,#15576,#15577));
#15575=ORIENTED_EDGE('',*,*,#15578,.T.);
#15576=ORIENTED_EDGE('',*,*,#15579,.T.);
#15577=ORIENTED_EDGE('',*,*,#15580,.T.);
#15578=EDGE_CURVE('',#691,#619,#15581,.F.);
#15579=EDGE_CURVE('',#619,#679,#15582,.T.);
#15580=EDGE_CURVE('',#679,#691,#15583,.T.);
#15581=LINE('',#690,#15584);
#15582=LINE('',#618,#15585);
#15583=LINE('',#678,#15586);
#15584=VECTOR('',#15587,1.0);
#15585=VECTOR('',#15588,1.0);
#15586=VECTOR('',#15589,1.0);
#15587=DIRECTION('',(0.8829957446848148,0.4693809911665676,0));
#15588=DIRECTION('',(-1,0,0));
#15589=DIRECTION('',(-0.6611319002917969,-0.7502696917885977,0));
#15590=FACE_SURFACE('',(#15595),#15591,.T.);
#15591=PLANE('',#15592);
#15592=AXIS2_PLACEMENT_3D('',#692,#15593,#15594);
#15593=DIRECTION('',(0,0,1));
#15594=DIRECTION('',(1,0,0));
#15595=FACE_BOUND('',#15596,.T.);
#15596=EDGE_LOOP('',(#15597,#15598,#15599));
#15597=ORIENTED_EDGE('',*,*,#15600,.T.);
#15598=ORIENTED_EDGE('',*,*,#15601,.T.);
#15599=ORIENTED_EDGE('',*,*,#15602,.T.);
#15600=EDGE_CURVE('',#693,#691,#15603,.F.);
#15601=EDGE_CURVE('',#691,#679,#15604,.T.);
#15602=EDGE_CURVE('',#679,#693,#15605,.T.);
#15603=LINE('',#692,#15606);
#15604=LINE('',#690,#15607);
#15605=LINE('',#678,#15608);
#15606=VECTOR('',#15609,1.0);
#15607=VECTOR('',#15610,1.0);
#15608=VECTOR('',#15611,1.0);
#15609=DIRECTION('',(1,0,0));
#15610=DIRECTION('',(0.6611319002917969,0.7502696917885977,0));
#15611=DIRECTION('',(-0.9729142261067745,-0.2311664089764254,0));
#15612=FACE_SURFACE('',(#15617),#15613,.T.);
#15613=PLANE('',#15614);
#15614=AXIS2_PLACEMENT_3D('',#692,#15615,#15616);
#15615=DIRECTION('',(0,0,1));
#15616=DIRECTION('',(0.9729142261067745,0.2311664089764254,0));
#15617=FACE_BOUND('',#15618,.T.);
#15618=EDGE_LOOP('',(#15619,#15620,#15621));
#15619=ORIENTED_EDGE('',*,*,#15622,.T.);
#15620=ORIENTED_EDGE('',*,*,#15623,.T.);
#15621=ORIENTED_EDGE('',*,*,#15624,.T.);
#15622=EDGE_CURVE('',#693,#679,#15625,.F.);
#15623=EDGE_CURVE('',#679,#569,#15626,.T.);
#15624=EDGE_CURVE('',#569,#693,#15627,.T.);
#15625=LINE('',#692,#15628);
#15626=LINE('',#678,#15629);
#15627=LINE('',#568,#15630);
#15628=VECTOR('',#15631,1.0);
#15629=VECTOR('',#15632,1.0);
#15630=VECTOR('',#15633,1.0);
#15631=DIRECTION('',(0.9729142261067745,0.2311664089764254,0));
#15632=DIRECTION('',(-1,0,0));
#15633=DIRECTION('',(-0.9620823453574232,-0.27275916254373517,0));
#15634=FACE_SURFACE('',(#15639),#15635,.T.);
#15635=PLANE('',#15636);
#15636=AXIS2_PLACEMENT_3D('',#694,#15637,#15638);
#15637=DIRECTION('',(0,0,1));
#15638=DIRECTION('',(1,0,0));
#15639=FACE_BOUND('',#15640,.T.);
#15640=EDGE_LOOP('',(#15641,#15642,#15643));
#15641=ORIENTED_EDGE('',*,*,#15644,.T.);
#15642=ORIENTED_EDGE('',*,*,#15645,.T.);
#15643=ORIENTED_EDGE('',*,*,#15646,.T.);
#15644=EDGE_CURVE('',#695,#693,#15647,.F.);
#15645=EDGE_CURVE('',#693,#569,#15648,.T.);
#15646=EDGE_CURVE('',#569,#695,#15649,.T.);
#15647=LINE('',#694,#15650);
#15648=LINE('',#692,#15651);
#15649=LINE('',#568,#15652);
#15650=VECTOR('',#15653,1.0);
#15651=VECTOR('',#15654,1.0);
#15652=VECTOR('',#15655,1.0);
#15653=DIRECTION('',(1,0,0));
#15654=DIRECTION('',(0.9620823453574232,0.27275916254373517,0));
#15655=DIRECTION('',(-0.9876336238897461,-0.1567795425507026,0));
#15656=FACE_SURFACE('',(#15661),#15657,.T.);
#15657=PLANE('',#15658);
#15658=AXIS2_PLACEMENT_3D('',#694,#15659,#15660);
#15659=DIRECTION('',(0,0,1));
#15660=DIRECTION('',(0.9876336238897461,0.1567795425507026,0));
#15661=FACE_BOUND('',#15662,.T.);
#15662=EDGE_LOOP('',(#15663,#15664,#15665));
#15663=ORIENTED_EDGE('',*,*,#15666,.T.);
#15664=ORIENTED_EDGE('',*,*,#15667,.T.);
#15665=ORIENTED_EDGE('',*,*,#15668,.T.);
#15666=EDGE_CURVE('',#695,#569,#15669,.F.);
#15667=EDGE_CURVE('',#569,#417,#15670,.T.);
#15668=EDGE_CURVE('',#417,#695,#15671,.T.);
#15669=LINE('',#694,#15672);
#15670=LINE('',#568,#15673);
#15671=LINE('',#416,#15674);
#15672=VECTOR('',#15675,1.0);
#15673=VECTOR('',#15676,1.0);
#15674=VECTOR('',#15677,1.0);
#15675=DIRECTION('',(0.9876336238897461,0.1567795425507026,0));
#15676=DIRECTION('',(-1,0,0));
#15677=DIRECTION('',(-0.9729141887813978,-0.23116656606835373,0));
#15678=FACE_SURFACE('',(#15683),#15679,.T.);
#15679=PLANE('',#15680);
#15680=AXIS2_PLACEMENT_3D('',#468,#15681,#15682);
#15681=DIRECTION('',(0,0,1));
#15682=DIRECTION('',(0.9963770246839594,0.08504601508560343,0));
#15683=FACE_BOUND('',#15684,.T.);
#15684=EDGE_LOOP('',(#15685,#15686,#15687));
#15685=ORIENTED_EDGE('',*,*,#15688,.T.);
#15686=ORIENTED_EDGE('',*,*,#15689,.T.);
#15687=ORIENTED_EDGE('',*,*,#15690,.T.);
#15688=EDGE_CURVE('',#469,#695,#15691,.F.);
#15689=EDGE_CURVE('',#695,#417,#15692,.T.);
#15690=EDGE_CURVE('',#417,#469,#15693,.T.);
#15691=LINE('',#468,#15694);
#15692=LINE('',#694,#15695);
#15693=LINE('',#416,#15696);
#15694=VECTOR('',#15697,1.0);
#15695=VECTOR('',#15698,1.0);
#15696=VECTOR('',#15699,1.0);
#15697=DIRECTION('',(0.9963770246839594,0.08504601508560343,0));
#15698=DIRECTION('',(0.9729141887813978,0.23116656606835373,0));
#15699=DIRECTION('',(-0.9802336526590454,-0.19784333750396055,0));
#15700=FACE_SURFACE('',(#15705),#15701,.T.);
#15701=PLANE('',#15702);
#15702=AXIS2_PLACEMENT_3D('',#468,#15703,#15704);
#15703=DIRECTION('',(0,0,1));
#15704=DIRECTION('',(0.9802336526590454,0.19784333750396055,0));
#15705=FACE_BOUND('',#15706,.T.);
#15706=EDGE_LOOP('',(#15707,#15708,#15709));
#15707=ORIENTED_EDGE('',*,*,#15710,.T.);
#15708=ORIENTED_EDGE('',*,*,#15711,.T.);
#15709=ORIENTED_EDGE('',*,*,#15712,.T.);
#15710=EDGE_CURVE('',#469,#417,#15713,.F.);
#15711=EDGE_CURVE('',#417,#383,#15714,.T.);
#15712=EDGE_CURVE('',#383,#469,#15715,.T.);
#15713=LINE('',#468,#15716);
#15714=LINE('',#416,#15717);
#15715=LINE('',#382,#15718);
#15716=VECTOR('',#15719,1.0);
#15717=VECTOR('',#15720,1.0);
#15718=VECTOR('',#15721,1.0);
#15719=DIRECTION('',(0.9802336526590454,0.19784333750396055,0));
#15720=DIRECTION('',(-1,0,0));
#15721=DIRECTION('',(-0.9412439310710917,-0.3377274969880865,0));
#15722=FACE_SURFACE('',(#15727),#15723,.T.);
#15723=PLANE('',#15724);
#15724=AXIS2_PLACEMENT_3D('',#468,#15725,#15726);
#15725=DIRECTION('',(0,0,1));
#15726=DIRECTION('',(0.9412439310710917,0.3377274969880865,0));
#15727=FACE_BOUND('',#15728,.T.);
#15728=EDGE_LOOP('',(#15729,#15730,#15731));
#15729=ORIENTED_EDGE('',*,*,#15732,.T.);
#15730=ORIENTED_EDGE('',*,*,#15733,.T.);
#15731=ORIENTED_EDGE('',*,*,#15734,.T.);
#15732=EDGE_CURVE('',#469,#383,#15735,.F.);
#15733=EDGE_CURVE('',#383,#401,#15736,.T.);
#15734=EDGE_CURVE('',#401,#469,#15737,.T.);
#15735=LINE('',#468,#15738);
#15736=LINE('',#382,#15739);
#15737=LINE('',#400,#15740);
#15738=VECTOR('',#15741,1.0);
#15739=VECTOR('',#15742,1.0);
#15740=VECTOR('',#15743,1.0);
#15741=DIRECTION('',(0.9412439310710917,0.3377274969880865,0));
#15742=DIRECTION('',(-1,0,0));
#15743=DIRECTION('',(-0.9084390377380177,-0.4180173617370749,0));
#15744=FACE_SURFACE('',(#15749),#15745,.T.);
#15745=PLANE('',#15746);
#15746=AXIS2_PLACEMENT_3D('',#468,#15747,#15748);
#15747=DIRECTION('',(0,0,1));
#15748=DIRECTION('',(0.9084390377380177,0.4180173617370749,0));
#15749=FACE_BOUND('',#15750,.T.);
#15750=EDGE_LOOP('',(#15751,#15752,#15753));
#15751=ORIENTED_EDGE('',*,*,#15754,.T.);
#15752=ORIENTED_EDGE('',*,*,#15755,.T.);
#15753=ORIENTED_EDGE('',*,*,#15756,.T.);
#15754=EDGE_CURVE('',#469,#401,#15757,.F.);
#15755=EDGE_CURVE('',#401,#399,#15758,.T.);
#15756=EDGE_CURVE('',#399,#469,#15759,.T.);
#15757=LINE('',#468,#15760);
#15758=LINE('',#400,#15761);
#15759=LINE('',#398,#15762);
#15760=VECTOR('',#15763,1.0);
#15761=VECTOR('',#15764,1.0);
#15762=VECTOR('',#15765,1.0);
#15763=DIRECTION('',(0.9084390377380177,0.4180173617370749,0));
#15764=DIRECTION('',(-1,0,0));
#15765=DIRECTION('',(-0.2786634113971867,-0.96038882914603,0));
#15766=FACE_SURFACE('',(#15771),#15767,.T.);
#15767=PLANE('',#15768);
#15768=AXIS2_PLACEMENT_3D('',#518,#15769,#15770);
#15769=DIRECTION('',(0,0,1));
#15770=DIRECTION('',(0.9407281547451743,0.33916152327429366,0));
#15771=FACE_BOUND('',#15772,.T.);
#15772=EDGE_LOOP('',(#15773,#15774,#15775));
#15773=ORIENTED_EDGE('',*,*,#15776,.T.);
#15774=ORIENTED_EDGE('',*,*,#15777,.T.);
#15775=ORIENTED_EDGE('',*,*,#15778,.T.);
#15776=EDGE_CURVE('',#519,#469,#15779,.F.);
#15777=EDGE_CURVE('',#469,#399,#15780,.T.);
#15778=EDGE_CURVE('',#399,#519,#15781,.T.);
#15779=LINE('',#518,#15782);
#15780=LINE('',#468,#15783);
#15781=LINE('',#398,#15784);
#15782=VECTOR('',#15785,1.0);
#15783=VECTOR('',#15786,1.0);
#15784=VECTOR('',#15787,1.0);
#15785=DIRECTION('',(0.9407281547451743,0.33916152327429366,0));
#15786=DIRECTION('',(0.2786634113971867,0.96038882914603,0));
#15787=DIRECTION('',(-0.5390052995020207,-0.8423023727312757,0));
#15788=FACE_SURFACE('',(#15793),#15789,.T.);
#15789=PLANE('',#15790);
#15790=AXIS2_PLACEMENT_3D('',#518,#15791,#15792);
#15791=DIRECTION('',(0,0,1));
#15792=DIRECTION('',(0.5390052995020207,0.8423023727312757,0));
#15793=FACE_BOUND('',#15794,.T.);
#15794=EDGE_LOOP('',(#15795,#15796,#15797));
#15795=ORIENTED_EDGE('',*,*,#15798,.T.);
#15796=ORIENTED_EDGE('',*,*,#15799,.T.);
#15797=ORIENTED_EDGE('',*,*,#15800,.T.);
#15798=EDGE_CURVE('',#519,#399,#15801,.F.);
#15799=EDGE_CURVE('',#399,#439,#15802,.T.);
#15800=EDGE_CURVE('',#439,#519,#15803,.T.);
#15801=LINE('',#518,#15804);
#15802=LINE('',#398,#15805);
#15803=LINE('',#438,#15806);
#15804=VECTOR('',#15807,1.0);
#15805=VECTOR('',#15808,1.0);
#15806=VECTOR('',#15809,1.0);
#15807=DIRECTION('',(0.5390052995020207,0.8423023727312757,0));
#15808=DIRECTION('',(0,1,0));
#15809=DIRECTION('',(-0.19937415017076182,-0.9799234399909447,0));
#15810=FACE_SURFACE('',(#15815),#15811,.T.);
#15811=PLANE('',#15812);
#15812=AXIS2_PLACEMENT_3D('',#590,#15813,#15814);
#15813=DIRECTION('',(0,-0,1));
#15814=DIRECTION('',(0.7889673977058028,0.6144350619531194,0));
#15815=FACE_BOUND('',#15816,.T.);
#15816=EDGE_LOOP('',(#15817,#15818,#15819));
#15817=ORIENTED_EDGE('',*,*,#15820,.T.);
#15818=ORIENTED_EDGE('',*,*,#15821,.T.);
#15819=ORIENTED_EDGE('',*,*,#15822,.T.);
#15820=EDGE_CURVE('',#591,#553,#15823,.F.);
#15821=EDGE_CURVE('',#553,#609,#15824,.T.);
#15822=EDGE_CURVE('',#609,#591,#15825,.T.);
#15823=LINE('',#590,#15826);
#15824=LINE('',#552,#15827);
#15825=LINE('',#608,#15828);
#15826=VECTOR('',#15829,1.0);
#15827=VECTOR('',#15830,1.0);
#15828=VECTOR('',#15831,1.0);
#15829=DIRECTION('',(0.7889673977058028,0.6144350619531194,0));
#15830=DIRECTION('',(-0.9999943435467047,0.0033634616981657425,0));
#15831=DIRECTION('',(0.7856739105628455,-0.6186408540186186,0));
#15832=FACE_SURFACE('',(#15837),#15833,.T.);
#15833=PLANE('',#15834);
#15834=AXIS2_PLACEMENT_3D('',#640,#15835,#15836);
#15835=DIRECTION('',(0,-0,1));
#15836=DIRECTION('',(1,0,0));
#15837=FACE_BOUND('',#15838,.T.);
#15838=EDGE_LOOP('',(#15839,#15840,#15841));
#15839=ORIENTED_EDGE('',*,*,#15842,.T.);
#15840=ORIENTED_EDGE('',*,*,#15843,.T.);
#15841=ORIENTED_EDGE('',*,*,#15844,.T.);
#15842=EDGE_CURVE('',#641,#591,#15845,.F.);
#15843=EDGE_CURVE('',#591,#609,#15846,.T.);
#15844=EDGE_CURVE('',#609,#641,#15847,.T.);
#15845=LINE('',#640,#15848);
#15846=LINE('',#590,#15849);
#15847=LINE('',#608,#15850);
#15848=VECTOR('',#15851,1.0);
#15849=VECTOR('',#15852,1.0);
#15850=VECTOR('',#15853,1.0);
#15851=DIRECTION('',(1,0,0));
#15852=DIRECTION('',(-0.7856739105628455,0.6186408540186186,0));
#15853=DIRECTION('',(0.6823178065436483,-0.7310556824712222,0));
#15854=FACE_SURFACE('',(#15859),#15855,.T.);
#15855=PLANE('',#15856);
#15856=AXIS2_PLACEMENT_3D('',#528,#15857,#15858);
#15857=DIRECTION('',(0,0,1));
#15858=DIRECTION('',(0.4513823376439825,0.8923306479456221,0));
#15859=FACE_BOUND('',#15860,.T.);
#15860=EDGE_LOOP('',(#15861,#15862,#15863));
#15861=ORIENTED_EDGE('',*,*,#15864,.T.);
#15862=ORIENTED_EDGE('',*,*,#15865,.T.);
#15863=ORIENTED_EDGE('',*,*,#15866,.T.);
#15864=EDGE_CURVE('',#529,#519,#15867,.F.);
#15865=EDGE_CURVE('',#519,#439,#15868,.T.);
#15866=EDGE_CURVE('',#439,#529,#15869,.T.);
#15867=LINE('',#528,#15870);
#15868=LINE('',#518,#15871);
#15869=LINE('',#438,#15872);
#15870=VECTOR('',#15873,1.0);
#15871=VECTOR('',#15874,1.0);
#15872=VECTOR('',#15875,1.0);
#15873=DIRECTION('',(0.4513823376439825,0.8923306479456221,0));
#15874=DIRECTION('',(0.19937415017076182,0.9799234399909447,0));
#15875=DIRECTION('',(-0.3766546519043175,-0.9263537516515153,0));
#15876=FACE_SURFACE('',(#15881),#15877,.T.);
#15877=PLANE('',#15878);
#15878=AXIS2_PLACEMENT_3D('',#594,#15879,#15880);
#15879=DIRECTION('',(0,0,1));
#15880=DIRECTION('',(1,0,0));
#15881=FACE_BOUND('',#15882,.T.);
#15882=EDGE_LOOP('',(#15883,#15884,#15885));
#15883=ORIENTED_EDGE('',*,*,#15886,.T.);
#15884=ORIENTED_EDGE('',*,*,#15887,.T.);
#15885=ORIENTED_EDGE('',*,*,#15888,.T.);
#15886=EDGE_CURVE('',#595,#641,#15889,.F.);
#15887=EDGE_CURVE('',#641,#609,#15890,.T.);
#15888=EDGE_CURVE('',#609,#595,#15891,.T.);
#15889=LINE('',#594,#15892);
#15890=LINE('',#640,#15893);
#15891=LINE('',#608,#15894);
#15892=VECTOR('',#15895,1.0);
#15893=VECTOR('',#15896,1.0);
#15894=VECTOR('',#15897,1.0);
#15895=DIRECTION('',(1,0,0));
#15896=DIRECTION('',(-0.6823178065436483,0.7310556824712222,0));
#15897=DIRECTION('',(-1.0172524748157992E-06,-0.9999999999994826,0));
#15898=FACE_SURFACE('',(#15903),#15899,.T.);
#15899=PLANE('',#15900);
#15900=AXIS2_PLACEMENT_3D('',#594,#15901,#15902);
#15901=DIRECTION('',(0,-0,1));
#15902=DIRECTION('',(1.0172524748157992E-06,0.9999999999994826,0));
#15903=FACE_BOUND('',#15904,.T.);
#15904=EDGE_LOOP('',(#15905,#15906,#15907));
#15905=ORIENTED_EDGE('',*,*,#15908,.T.);
#15906=ORIENTED_EDGE('',*,*,#15909,.T.);
#15907=ORIENTED_EDGE('',*,*,#15910,.T.);
#15908=EDGE_CURVE('',#595,#609,#15911,.F.);
#15909=EDGE_CURVE('',#609,#529,#15912,.T.);
#15910=EDGE_CURVE('',#529,#595,#15913,.T.);
#15911=LINE('',#594,#15914);
#15912=LINE('',#608,#15915);
#15913=LINE('',#528,#15916);
#15914=VECTOR('',#15917,1.0);
#15915=VECTOR('',#15918,1.0);
#15916=VECTOR('',#15919,1.0);
#15917=DIRECTION('',(1.0172524748157992E-06,0.9999999999994826,0));
#15918=DIRECTION('',(-0.15657565795334752,-0.98766596748925,0));
#15919=DIRECTION('',(0.17921038280519488,0.9838107738253407,0));
#15920=FACE_SURFACE('',(#15925),#15921,.T.);
#15921=PLANE('',#15922);
#15922=AXIS2_PLACEMENT_3D('',#504,#15923,#15924);
#15923=DIRECTION('',(0,-0,1));
#15924=DIRECTION('',(0,1,0));
#15925=FACE_BOUND('',#15926,.T.);
#15926=EDGE_LOOP('',(#15927,#15928,#15929));
#15927=ORIENTED_EDGE('',*,*,#15930,.T.);
#15928=ORIENTED_EDGE('',*,*,#15931,.T.);
#15929=ORIENTED_EDGE('',*,*,#15932,.T.);
#15930=EDGE_CURVE('',#505,#595,#15933,.F.);
#15931=EDGE_CURVE('',#595,#529,#15934,.T.);
#15932=EDGE_CURVE('',#529,#505,#15935,.T.);
#15933=LINE('',#504,#15936);
#15934=LINE('',#594,#15937);
#15935=LINE('',#528,#15938);
#15936=VECTOR('',#15939,1.0);
#15937=VECTOR('',#15940,1.0);
#15938=VECTOR('',#15941,1.0);
#15939=DIRECTION('',(0,1,0));
#15940=DIRECTION('',(-0.17921038280519488,-0.9838107738253407,0));
#15941=DIRECTION('',(0.20701098601461246,0.9783386181017583,0));
#15942=FACE_SURFACE('',(#15947),#15943,.T.);
#15943=PLANE('',#15944);
#15944=AXIS2_PLACEMENT_3D('',#414,#15945,#15946);
#15945=DIRECTION('',(0,0,1));
#15946=DIRECTION('',(1,0,0));
#15947=FACE_BOUND('',#15948,.T.);
#15948=EDGE_LOOP('',(#15949,#15950,#15951));
#15949=ORIENTED_EDGE('',*,*,#15952,.T.);
#15950=ORIENTED_EDGE('',*,*,#15953,.T.);
#15951=ORIENTED_EDGE('',*,*,#15954,.T.);
#15952=EDGE_CURVE('',#415,#491,#15955,.F.);
#15953=EDGE_CURVE('',#491,#575,#15956,.T.);
#15954=EDGE_CURVE('',#575,#415,#15957,.T.);
#15955=LINE('',#414,#15958);
#15956=LINE('',#490,#15959);
#15957=LINE('',#574,#15960);
#15958=VECTOR('',#15961,1.0);
#15959=VECTOR('',#15962,1.0);
#15960=VECTOR('',#15963,1.0);
#15961=DIRECTION('',(1,0,0));
#15962=DIRECTION('',(0.0887536124432052,0.9960536111466497,0));
#15963=DIRECTION('',(-0.9440109757072951,-0.3299140459940446,0));
#15964=FACE_SURFACE('',(#15969),#15965,.T.);
#15965=PLANE('',#15966);
#15966=AXIS2_PLACEMENT_3D('',#574,#15967,#15968);
#15967=DIRECTION('',(0,-0,1));
#15968=DIRECTION('',(0,1,0));
#15969=FACE_BOUND('',#15970,.T.);
#15970=EDGE_LOOP('',(#15971,#15972,#15973));
#15971=ORIENTED_EDGE('',*,*,#15974,.T.);
#15972=ORIENTED_EDGE('',*,*,#15975,.T.);
#15973=ORIENTED_EDGE('',*,*,#15976,.T.);
#15974=EDGE_CURVE('',#575,#573,#15977,.F.);
#15975=EDGE_CURVE('',#573,#579,#15978,.T.);
#15976=EDGE_CURVE('',#579,#575,#15979,.T.);
#15977=LINE('',#574,#15980);
#15978=LINE('',#572,#15981);
#15979=LINE('',#578,#15982);
#15980=VECTOR('',#15983,1.0);
#15981=VECTOR('',#15984,1.0);
#15982=VECTOR('',#15985,1.0);
#15983=DIRECTION('',(0,1,0));
#15984=DIRECTION('',(-1,0,0));
#15985=DIRECTION('',(0.33931305203626777,-0.9406735101605833,0));
#15986=FACE_SURFACE('',(#15991),#15987,.T.);
#15987=PLANE('',#15988);
#15988=AXIS2_PLACEMENT_3D('',#574,#15989,#15990);
#15989=DIRECTION('',(0,0,1));
#15990=DIRECTION('',(-0.33931305203626777,0.9406735101605833,0));
#15991=FACE_BOUND('',#15992,.T.);
#15992=EDGE_LOOP('',(#15993,#15994,#15995));
#15993=ORIENTED_EDGE('',*,*,#15996,.T.);
#15994=ORIENTED_EDGE('',*,*,#15997,.T.);
#15995=ORIENTED_EDGE('',*,*,#15998,.T.);
#15996=EDGE_CURVE('',#575,#579,#15999,.F.);
#15997=EDGE_CURVE('',#579,#577,#16000,.T.);
#15998=EDGE_CURVE('',#577,#575,#16001,.T.);
#15999=LINE('',#574,#16002);
#16000=LINE('',#578,#16003);
#16001=LINE('',#576,#16004);
#16002=VECTOR('',#16005,1.0);
#16003=VECTOR('',#16006,1.0);
#16004=VECTOR('',#16007,1.0);
#16005=DIRECTION('',(-0.33931305203626777,0.9406735101605833,0));
#16006=DIRECTION('',(0,-1,0));
#16007=DIRECTION('',(0.4314752344189292,-0.9021247818806056,0));
#16008=FACE_SURFACE('',(#16013),#16009,.T.);
#16009=PLANE('',#16010);
#16010=AXIS2_PLACEMENT_3D('',#436,#16011,#16012);
#16011=DIRECTION('',(0,0,1));
#16012=DIRECTION('',(1,0,0));
#16013=FACE_BOUND('',#16014,.T.);
#16014=EDGE_LOOP('',(#16015,#16016,#16017));
#16015=ORIENTED_EDGE('',*,*,#16018,.T.);
#16016=ORIENTED_EDGE('',*,*,#16019,.T.);
#16017=ORIENTED_EDGE('',*,*,#16020,.T.);
#16018=EDGE_CURVE('',#437,#415,#16021,.F.);
#16019=EDGE_CURVE('',#415,#575,#16022,.T.);
#16020=EDGE_CURVE('',#575,#437,#16023,.T.);
#16021=LINE('',#436,#16024);
#16022=LINE('',#414,#16025);
#16023=LINE('',#574,#16026);
#16024=VECTOR('',#16027,1.0);
#16025=VECTOR('',#16028,1.0);
#16026=VECTOR('',#16029,1.0);
#16027=DIRECTION('',(1,0,0));
#16028=DIRECTION('',(0.9440109757072951,0.3299140459940446,0));
#16029=DIRECTION('',(-0.9824566071340697,-0.18649132714046573,0));
#16030=FACE_SURFACE('',(#16035),#16031,.T.);
#16031=PLANE('',#16032);
#16032=AXIS2_PLACEMENT_3D('',#438,#16033,#16034);
#16033=DIRECTION('',(0,0,1));
#16034=DIRECTION('',(1,0,0));
#16035=FACE_BOUND('',#16036,.T.);
#16036=EDGE_LOOP('',(#16037,#16038,#16039));
#16037=ORIENTED_EDGE('',*,*,#16040,.T.);
#16038=ORIENTED_EDGE('',*,*,#16041,.T.);
#16039=ORIENTED_EDGE('',*,*,#16042,.T.);
#16040=EDGE_CURVE('',#439,#437,#16043,.F.);
#16041=EDGE_CURVE('',#437,#575,#16044,.T.);
#16042=EDGE_CURVE('',#575,#439,#16045,.T.);
#16043=LINE('',#438,#16046);
#16044=LINE('',#436,#16047);
#16045=LINE('',#574,#16048);
#16046=VECTOR('',#16049,1.0);
#16047=VECTOR('',#16050,1.0);
#16048=VECTOR('',#16051,1.0);
#16049=DIRECTION('',(1,0,0));
#16050=DIRECTION('',(0.9824566071340697,0.18649132714046573,0));
#16051=DIRECTION('',(-0.9923543699689371,-0.12342124777992633,0));
#16052=FACE_SURFACE('',(#16057),#16053,.T.);
#16053=PLANE('',#16054);
#16054=AXIS2_PLACEMENT_3D('',#574,#16055,#16056);
#16055=DIRECTION('',(0,0,1));
#16056=DIRECTION('',(-0.4314752344189292,0.9021247818806056,0));
#16057=FACE_BOUND('',#16058,.T.);
#16058=EDGE_LOOP('',(#16059,#16060,#16061));
#16059=ORIENTED_EDGE('',*,*,#16062,.T.);
#16060=ORIENTED_EDGE('',*,*,#16063,.T.);
#16061=ORIENTED_EDGE('',*,*,#16064,.T.);
#16062=EDGE_CURVE('',#575,#577,#16065,.F.);
#16063=EDGE_CURVE('',#577,#389,#16066,.T.);
#16064=EDGE_CURVE('',#389,#575,#16067,.T.);
#16065=LINE('',#574,#16068);
#16066=LINE('',#576,#16069);
#16067=LINE('',#388,#16070);
#16068=VECTOR('',#16071,1.0);
#16069=VECTOR('',#16072,1.0);
#16070=VECTOR('',#16073,1.0);
#16071=DIRECTION('',(-0.4314752344189292,0.9021247818806056,0));
#16072=DIRECTION('',(0,-1,0));
#16073=DIRECTION('',(1,0,0));
#16074=FACE_SURFACE('',(#16079),#16075,.T.);
#16075=PLANE('',#16076);
#16076=AXIS2_PLACEMENT_3D('',#438,#16077,#16078);
#16077=DIRECTION('',(0,0,1));
#16078=DIRECTION('',(0.9923543699689371,0.12342124777992633,0));
#16079=FACE_BOUND('',#16080,.T.);
#16080=EDGE_LOOP('',(#16081,#16082,#16083));
#16081=ORIENTED_EDGE('',*,*,#16084,.T.);
#16082=ORIENTED_EDGE('',*,*,#16085,.T.);
#16083=ORIENTED_EDGE('',*,*,#16086,.T.);
#16084=EDGE_CURVE('',#439,#575,#16087,.F.);
#16085=EDGE_CURVE('',#575,#389,#16088,.T.);
#16086=EDGE_CURVE('',#389,#439,#16089,.T.);
#16087=LINE('',#438,#16090);
#16088=LINE('',#574,#16091);
#16089=LINE('',#388,#16092);
#16090=VECTOR('',#16093,1.0);
#16091=VECTOR('',#16094,1.0);
#16092=VECTOR('',#16095,1.0);
#16093=DIRECTION('',(0.9923543699689371,0.12342124777992633,0));
#16094=DIRECTION('',(-1,0,0));
#16095=DIRECTION('',(-0.9900627704534105,-0.1406261375495945,0));
#16096=FACE_SURFACE('',(#16101),#16097,.T.);
#16097=PLANE('',#16098);
#16098=AXIS2_PLACEMENT_3D('',#530,#16099,#16100);
#16099=DIRECTION('',(0,-0,1));
#16100=DIRECTION('',(0.07974062838310708,0.9968156460374542,0));
#16101=FACE_BOUND('',#16102,.T.);
#16102=EDGE_LOOP('',(#16103,#16104,#16105));
#16103=ORIENTED_EDGE('',*,*,#16106,.T.);
#16104=ORIENTED_EDGE('',*,*,#16107,.T.);
#16105=ORIENTED_EDGE('',*,*,#16108,.T.);
#16106=EDGE_CURVE('',#531,#677,#16109,.F.);
#16107=EDGE_CURVE('',#677,#515,#16110,.T.);
#16108=EDGE_CURVE('',#515,#531,#16111,.T.);
#16109=LINE('',#530,#16112);
#16110=LINE('',#676,#16113);
#16111=LINE('',#514,#16114);
#16112=VECTOR('',#16115,1.0);
#16113=VECTOR('',#16116,1.0);
#16114=VECTOR('',#16117,1.0);
#16115=DIRECTION('',(0.07974062838310708,0.9968156460374542,0));
#16116=DIRECTION('',(-1,0,0));
#16117=DIRECTION('',(0.6770599600862365,-0.7359278568229525,0));
#16118=FACE_SURFACE('',(#16123),#16119,.T.);
#16119=PLANE('',#16120);
#16120=AXIS2_PLACEMENT_3D('',#524,#16121,#16122);
#16121=DIRECTION('',(0,0,1));
#16122=DIRECTION('',(1,0,0));
#16123=FACE_BOUND('',#16124,.T.);
#16124=EDGE_LOOP('',(#16125,#16126,#16127));
#16125=ORIENTED_EDGE('',*,*,#16128,.T.);
#16126=ORIENTED_EDGE('',*,*,#16129,.T.);
#16127=ORIENTED_EDGE('',*,*,#16130,.T.);
#16128=EDGE_CURVE('',#525,#531,#16131,.F.);
#16129=EDGE_CURVE('',#531,#515,#16132,.T.);
#16130=EDGE_CURVE('',#515,#525,#16133,.T.);
#16131=LINE('',#524,#16134);
#16132=LINE('',#530,#16135);
#16133=LINE('',#514,#16136);
#16134=VECTOR('',#16137,1.0);
#16135=VECTOR('',#16138,1.0);
#16136=VECTOR('',#16139,1.0);
#16137=DIRECTION('',(1,0,0));
#16138=DIRECTION('',(-0.6770599600862365,0.7359278568229525,0));
#16139=DIRECTION('',(-0.8799498713131059,-0.47506654689216793,0));
#16140=FACE_SURFACE('',(#16145),#16141,.T.);
#16141=PLANE('',#16142);
#16142=AXIS2_PLACEMENT_3D('',#524,#16143,#16144);
#16143=DIRECTION('',(0,0,1));
#16144=DIRECTION('',(0.8799498713131059,0.47506654689216793,0));
#16145=FACE_BOUND('',#16146,.T.);
#16146=EDGE_LOOP('',(#16147,#16148,#16149));
#16147=ORIENTED_EDGE('',*,*,#16150,.T.);
#16148=ORIENTED_EDGE('',*,*,#16151,.T.);
#16149=ORIENTED_EDGE('',*,*,#16152,.T.);
#16150=EDGE_CURVE('',#525,#515,#16153,.F.);
#16151=EDGE_CURVE('',#515,#507,#16154,.T.);
#16152=EDGE_CURVE('',#507,#525,#16155,.T.);
#16153=LINE('',#524,#16156);
#16154=LINE('',#514,#16157);
#16155=LINE('',#506,#16158);
#16156=VECTOR('',#16159,1.0);
#16157=VECTOR('',#16160,1.0);
#16158=VECTOR('',#16161,1.0);
#16159=DIRECTION('',(0.8799498713131059,0.47506654689216793,0));
#16160=DIRECTION('',(-1,0,0));
#16161=DIRECTION('',(-0.7603848635721137,-0.6494727548176429,0));
#16162=FACE_SURFACE('',(#16167),#16163,.T.);
#16163=PLANE('',#16164);
#16164=AXIS2_PLACEMENT_3D('',#524,#16165,#16166);
#16165=DIRECTION('',(0,-0,1));
#16166=DIRECTION('',(0.7603848635721137,0.6494727548176429,0));
#16167=FACE_BOUND('',#16168,.T.);
#16168=EDGE_LOOP('',(#16169,#16170,#16171));
#16169=ORIENTED_EDGE('',*,*,#16172,.T.);
#16170=ORIENTED_EDGE('',*,*,#16173,.T.);
#16171=ORIENTED_EDGE('',*,*,#16174,.T.);
#16172=EDGE_CURVE('',#525,#507,#16175,.F.);
#16173=EDGE_CURVE('',#507,#505,#16176,.T.);
#16174=EDGE_CURVE('',#505,#525,#16177,.T.);
#16175=LINE('',#524,#16178);
#16176=LINE('',#506,#16179);
#16177=LINE('',#504,#16180);
#16178=VECTOR('',#16181,1.0);
#16179=VECTOR('',#16182,1.0);
#16180=VECTOR('',#16183,1.0);
#16181=DIRECTION('',(0.7603848635721137,0.6494727548176429,0));
#16182=DIRECTION('',(-1,0,0));
#16183=DIRECTION('',(0.6770611643831835,-0.73592674885758,0));
#16184=FACE_SURFACE('',(#16189),#16185,.T.);
#16185=PLANE('',#16186);
#16186=AXIS2_PLACEMENT_3D('',#438,#16187,#16188);
#16187=DIRECTION('',(0,0,1));
#16188=DIRECTION('',(0.9900627704534105,0.1406261375495945,0));
#16189=FACE_BOUND('',#16190,.T.);
#16190=EDGE_LOOP('',(#16191,#16192,#16193));
#16191=ORIENTED_EDGE('',*,*,#16194,.T.);
#16192=ORIENTED_EDGE('',*,*,#16195,.T.);
#16193=ORIENTED_EDGE('',*,*,#16196,.T.);
#16194=EDGE_CURVE('',#439,#389,#16197,.F.);
#16195=EDGE_CURVE('',#389,#387,#16198,.T.);
#16196=EDGE_CURVE('',#387,#439,#16199,.T.);
#16197=LINE('',#438,#16200);
#16198=LINE('',#388,#16201);
#16199=LINE('',#386,#16202);
#16200=VECTOR('',#16203,1.0);
#16201=VECTOR('',#16204,1.0);
#16202=VECTOR('',#16205,1.0);
#16203=DIRECTION('',(0.9900627704534105,0.1406261375495945,0));
#16204=DIRECTION('',(-1,0,0));
#16205=DIRECTION('',(-0.9878593716067331,-0.15535077060880778,0));
#16206=FACE_SURFACE('',(#16211),#16207,.T.);
#16207=PLANE('',#16208);
#16208=AXIS2_PLACEMENT_3D('',#438,#16209,#16210);
#16209=DIRECTION('',(0,0,1));
#16210=DIRECTION('',(0.9878593716067331,0.15535077060880778,0));
#16211=FACE_BOUND('',#16212,.T.);
#16212=EDGE_LOOP('',(#16213,#16214,#16215));
#16213=ORIENTED_EDGE('',*,*,#16216,.T.);
#16214=ORIENTED_EDGE('',*,*,#16217,.T.);
#16215=ORIENTED_EDGE('',*,*,#16218,.T.);
#16216=EDGE_CURVE('',#439,#387,#16219,.F.);
#16217=EDGE_CURVE('',#387,#471,#16220,.T.);
#16218=EDGE_CURVE('',#471,#439,#16221,.T.);
#16219=LINE('',#438,#16222);
#16220=LINE('',#386,#16223);
#16221=LINE('',#470,#16224);
#16222=VECTOR('',#16225,1.0);
#16223=VECTOR('',#16226,1.0);
#16224=VECTOR('',#16227,1.0);
#16225=DIRECTION('',(0.9878593716067331,0.15535077060880778,0));
#16226=DIRECTION('',(-1,0,0));
#16227=DIRECTION('',(-0.9736334709286819,-0.22811809285404727,0));
#16228=FACE_SURFACE('',(#16233),#16229,.T.);
#16229=PLANE('',#16230);
#16230=AXIS2_PLACEMENT_3D('',#524,#16231,#16232);
#16231=DIRECTION('',(0,0,1));
#16232=DIRECTION('',(-0.6770611643831835,0.73592674885758,0));
#16233=FACE_BOUND('',#16234,.T.);
#16234=EDGE_LOOP('',(#16235,#16236,#16237));
#16235=ORIENTED_EDGE('',*,*,#16238,.T.);
#16236=ORIENTED_EDGE('',*,*,#16239,.T.);
#16237=ORIENTED_EDGE('',*,*,#16240,.T.);
#16238=EDGE_CURVE('',#525,#505,#16241,.F.);
#16239=EDGE_CURVE('',#505,#529,#16242,.T.);
#16240=EDGE_CURVE('',#529,#525,#16243,.T.);
#16241=LINE('',#524,#16244);
#16242=LINE('',#504,#16245);
#16243=LINE('',#528,#16246);
#16244=VECTOR('',#16247,1.0);
#16245=VECTOR('',#16248,1.0);
#16246=VECTOR('',#16249,1.0);
#16247=DIRECTION('',(-0.6770611643831835,0.73592674885758,0));
#16248=DIRECTION('',(-0.20701098601461246,-0.9783386181017583,0));
#16249=DIRECTION('',(0.271089405513052,0.9625541720955658,0));
#16250=FACE_SURFACE('',(#16255),#16251,.T.);
#16251=PLANE('',#16252);
#16252=AXIS2_PLACEMENT_3D('',#526,#16253,#16254);
#16253=DIRECTION('',(0,-0,1));
#16254=DIRECTION('',(0,1,0));
#16255=FACE_BOUND('',#16256,.T.);
#16256=EDGE_LOOP('',(#16257,#16258,#16259));
#16257=ORIENTED_EDGE('',*,*,#16260,.T.);
#16258=ORIENTED_EDGE('',*,*,#16261,.T.);
#16259=ORIENTED_EDGE('',*,*,#16262,.T.);
#16260=EDGE_CURVE('',#527,#525,#16263,.F.);
#16261=EDGE_CURVE('',#525,#529,#16264,.T.);
#16262=EDGE_CURVE('',#529,#527,#16265,.T.);
#16263=LINE('',#526,#16266);
#16264=LINE('',#524,#16267);
#16265=LINE('',#528,#16268);
#16266=VECTOR('',#16269,1.0);
#16267=VECTOR('',#16270,1.0);
#16268=VECTOR('',#16271,1.0);
#16269=DIRECTION('',(0,1,0));
#16270=DIRECTION('',(-0.271089405513052,-0.9625541720955658,0));
#16271=DIRECTION('',(0.3218785444784355,0.9467809686534917,0));
#16272=FACE_SURFACE('',(#16277),#16273,.T.);
#16273=PLANE('',#16274);
#16274=AXIS2_PLACEMENT_3D('',#438,#16275,#16276);
#16275=DIRECTION('',(0,0,1));
#16276=DIRECTION('',(0.9736334709286819,0.22811809285404727,0));
#16277=FACE_BOUND('',#16278,.T.);
#16278=EDGE_LOOP('',(#16279,#16280,#16281));
#16279=ORIENTED_EDGE('',*,*,#16282,.T.);
#16280=ORIENTED_EDGE('',*,*,#16283,.T.);
#16281=ORIENTED_EDGE('',*,*,#16284,.T.);
#16282=EDGE_CURVE('',#439,#471,#16285,.F.);
#16283=EDGE_CURVE('',#471,#487,#16286,.T.);
#16284=EDGE_CURVE('',#487,#439,#16287,.T.);
#16285=LINE('',#438,#16288);
#16286=LINE('',#470,#16289);
#16287=LINE('',#486,#16290);
#16288=VECTOR('',#16291,1.0);
#16289=VECTOR('',#16292,1.0);
#16290=VECTOR('',#16293,1.0);
#16291=DIRECTION('',(0.9736334709286819,0.22811809285404727,0));
#16292=DIRECTION('',(-1,0,0));
#16293=DIRECTION('',(-0.9162481417714792,-0.40061121140116807,0));
#16294=FACE_SURFACE('',(#16299),#16295,.T.);
#16295=PLANE('',#16296);
#16296=AXIS2_PLACEMENT_3D('',#526,#16297,#16298);
#16297=DIRECTION('',(0,0,1));
#16298=DIRECTION('',(-0.3218785444784355,-0.9467809686534917,0));
#16299=FACE_BOUND('',#16300,.T.);
#16300=EDGE_LOOP('',(#16301,#16302,#16303));
#16301=ORIENTED_EDGE('',*,*,#16304,.T.);
#16302=ORIENTED_EDGE('',*,*,#16305,.T.);
#16303=ORIENTED_EDGE('',*,*,#16306,.T.);
#16304=EDGE_CURVE('',#527,#529,#16307,.F.);
#16305=EDGE_CURVE('',#529,#439,#16308,.T.);
#16306=EDGE_CURVE('',#439,#527,#16309,.T.);
#16307=LINE('',#526,#16310);
#16308=LINE('',#528,#16311);
#16309=LINE('',#438,#16312);
#16310=VECTOR('',#16313,1.0);
#16311=VECTOR('',#16314,1.0);
#16312=VECTOR('',#16315,1.0);
#16313=DIRECTION('',(-0.3218785444784355,-0.9467809686534917,0));
#16314=DIRECTION('',(0.3766546519043175,0.9263537516515153,0));
#16315=DIRECTION('',(-0.43649150072678655,0.899708380417387,0));
#16316=FACE_SURFACE('',(#16321),#16317,.T.);
#16317=PLANE('',#16318);
#16318=AXIS2_PLACEMENT_3D('',#438,#16319,#16320);
#16319=DIRECTION('',(0,0,1));
#16320=DIRECTION('',(0.9162481417714792,0.40061121140116807,0));
#16321=FACE_BOUND('',#16322,.T.);
#16322=EDGE_LOOP('',(#16323,#16324,#16325));
#16323=ORIENTED_EDGE('',*,*,#16326,.T.);
#16324=ORIENTED_EDGE('',*,*,#16327,.T.);
#16325=ORIENTED_EDGE('',*,*,#16328,.T.);
#16326=EDGE_CURVE('',#439,#487,#16329,.F.);
#16327=EDGE_CURVE('',#487,#485,#16330,.T.);
#16328=EDGE_CURVE('',#485,#439,#16331,.T.);
#16329=LINE('',#438,#16332);
#16330=LINE('',#486,#16333);
#16331=LINE('',#484,#16334);
#16332=VECTOR('',#16335,1.0);
#16333=VECTOR('',#16336,1.0);
#16334=VECTOR('',#16337,1.0);
#16335=DIRECTION('',(0.9162481417714792,0.40061121140116807,0));
#16336=DIRECTION('',(-1,0,0));
#16337=DIRECTION('',(-0.8488336006747168,-0.5286601161101482,0));
#16338=FACE_SURFACE('',(#16343),#16339,.T.);
#16339=PLANE('',#16340);
#16340=AXIS2_PLACEMENT_3D('',#438,#16341,#16342);
#16341=DIRECTION('',(0,-0,1));
#16342=DIRECTION('',(0.8488336006747168,0.5286601161101482,0));
#16343=FACE_BOUND('',#16344,.T.);
#16344=EDGE_LOOP('',(#16345,#16346,#16347));
#16345=ORIENTED_EDGE('',*,*,#16348,.T.);
#16346=ORIENTED_EDGE('',*,*,#16349,.T.);
#16347=ORIENTED_EDGE('',*,*,#16350,.T.);
#16348=EDGE_CURVE('',#439,#485,#16351,.F.);
#16349=EDGE_CURVE('',#485,#527,#16352,.T.);
#16350=EDGE_CURVE('',#527,#439,#16353,.T.);
#16351=LINE('',#438,#16354);
#16352=LINE('',#484,#16355);
#16353=LINE('',#526,#16356);
#16354=VECTOR('',#16357,1.0);
#16355=VECTOR('',#16358,1.0);
#16356=VECTOR('',#16359,1.0);
#16357=DIRECTION('',(0.8488336006747168,0.5286601161101482,0));
#16358=DIRECTION('',(-1,0,0));
#16359=DIRECTION('',(0.43649150072678655,-0.899708380417387,0));
#16360=FACE_SURFACE('',(#16365),#16361,.T.);
#16361=PLANE('',#16362);
#16362=AXIS2_PLACEMENT_3D('',#384,#16363,#16364);
#16363=DIRECTION('',(0,0,1));
#16364=DIRECTION('',(0,-1,0));
#16365=FACE_BOUND('',#16366,.T.);
#16366=EDGE_LOOP('',(#16367,#16368,#16369));
#16367=ORIENTED_EDGE('',*,*,#16370,.T.);
#16368=ORIENTED_EDGE('',*,*,#16371,.T.);
#16369=ORIENTED_EDGE('',*,*,#16372,.T.);
#16370=EDGE_CURVE('',#385,#383,#16373,.F.);
#16371=EDGE_CURVE('',#383,#417,#16374,.T.);
#16372=EDGE_CURVE('',#417,#385,#16375,.T.);
#16373=LINE('',#384,#16376);
#16374=LINE('',#382,#16377);
#16375=LINE('',#416,#16378);
#16376=VECTOR('',#16379,1.0);
#16377=VECTOR('',#16380,1.0);
#16378=VECTOR('',#16381,1.0);
#16379=DIRECTION('',(0,-1,0));
#16380=DIRECTION('',(1,0,0));
#16381=DIRECTION('',(-0.7549192531594874,0.6558177499954707,0));
#16382=FACE_SURFACE('',(#16387),#16383,.T.);
#16383=PLANE('',#16384);
#16384=AXIS2_PLACEMENT_3D('',#416,#16385,#16386);
#16385=DIRECTION('',(0,-0,1));
#16386=DIRECTION('',(0,1,0));
#16387=FACE_BOUND('',#16388,.T.);
#16388=EDGE_LOOP('',(#16389,#16390,#16391));
#16389=ORIENTED_EDGE('',*,*,#16392,.T.);
#16390=ORIENTED_EDGE('',*,*,#16393,.T.);
#16391=ORIENTED_EDGE('',*,*,#16394,.T.);
#16392=EDGE_CURVE('',#417,#415,#16395,.F.);
#16393=EDGE_CURVE('',#415,#437,#16396,.T.);
#16394=EDGE_CURVE('',#437,#417,#16397,.T.);
#16395=LINE('',#416,#16398);
#16396=LINE('',#414,#16399);
#16397=LINE('',#436,#16400);
#16398=VECTOR('',#16401,1.0);
#16399=VECTOR('',#16402,1.0);
#16400=VECTOR('',#16403,1.0);
#16401=DIRECTION('',(0,1,0));
#16402=DIRECTION('',(-1,0,0));
#16403=DIRECTION('',(0.6555655669922533,-0.7551382571252271,0));
#16404=FACE_SURFACE('',(#16409),#16405,.T.);
#16405=PLANE('',#16406);
#16406=AXIS2_PLACEMENT_3D('',#384,#16407,#16408);
#16407=DIRECTION('',(-0,0,1));
#16408=DIRECTION('',(0.7549192531594874,-0.6558177499954707,0));
#16409=FACE_BOUND('',#16410,.T.);
#16410=EDGE_LOOP('',(#16411,#16412,#16413));
#16411=ORIENTED_EDGE('',*,*,#16414,.T.);
#16412=ORIENTED_EDGE('',*,*,#16415,.T.);
#16413=ORIENTED_EDGE('',*,*,#16416,.T.);
#16414=EDGE_CURVE('',#385,#417,#16417,.F.);
#16415=EDGE_CURVE('',#417,#437,#16418,.T.);
#16416=EDGE_CURVE('',#437,#385,#16419,.T.);
#16417=LINE('',#384,#16420);
#16418=LINE('',#416,#16421);
#16419=LINE('',#436,#16422);
#16420=VECTOR('',#16423,1.0);
#16421=VECTOR('',#16424,1.0);
#16422=VECTOR('',#16425,1.0);
#16423=DIRECTION('',(0.7549192531594874,-0.6558177499954707,0));
#16424=DIRECTION('',(-0.6555655669922533,0.7551382571252271,0));
#16425=DIRECTION('',(0,-1,0));
#16426=FACE_SURFACE('',(#16431),#16427,.T.);
#16427=PLANE('',#16428);
#16428=AXIS2_PLACEMENT_3D('',#480,#16429,#16430);
#16429=DIRECTION('',(0,0,1));
#16430=DIRECTION('',(1,0,0));
#16431=FACE_BOUND('',#16432,.T.);
#16432=EDGE_LOOP('',(#16433,#16434,#16435));
#16433=ORIENTED_EDGE('',*,*,#16436,.T.);
#16434=ORIENTED_EDGE('',*,*,#16437,.T.);
#16435=ORIENTED_EDGE('',*,*,#16438,.T.);
#16436=EDGE_CURVE('',#481,#645,#16439,.F.);
#16437=EDGE_CURVE('',#645,#409,#16440,.T.);
#16438=EDGE_CURVE('',#409,#481,#16441,.T.);
#16439=LINE('',#480,#16442);
#16440=LINE('',#644,#16443);
#16441=LINE('',#408,#16444);
#16442=VECTOR('',#16445,1.0);
#16443=VECTOR('',#16446,1.0);
#16444=VECTOR('',#16447,1.0);
#16445=DIRECTION('',(1,0,0));
#16446=DIRECTION('',(0,1,0));
#16447=DIRECTION('',(-0.9870288343147097,-0.16054307905152929,0));
#16448=FACE_SURFACE('',(#16453),#16449,.T.);
#16449=PLANE('',#16450);
#16450=AXIS2_PLACEMENT_3D('',#480,#16451,#16452);
#16451=DIRECTION('',(0,0,1));
#16452=DIRECTION('',(0.9870288343147097,0.16054307905152929,0));
#16453=FACE_BOUND('',#16454,.T.);
#16454=EDGE_LOOP('',(#16455,#16456,#16457));
#16455=ORIENTED_EDGE('',*,*,#16458,.T.);
#16456=ORIENTED_EDGE('',*,*,#16459,.T.);
#16457=ORIENTED_EDGE('',*,*,#16460,.T.);
#16458=EDGE_CURVE('',#481,#409,#16461,.F.);
#16459=EDGE_CURVE('',#409,#671,#16462,.T.);
#16460=EDGE_CURVE('',#671,#481,#16463,.T.);
#16461=LINE('',#480,#16464);
#16462=LINE('',#408,#16465);
#16463=LINE('',#670,#16466);
#16464=VECTOR('',#16467,1.0);
#16465=VECTOR('',#16468,1.0);
#16466=VECTOR('',#16469,1.0);
#16467=DIRECTION('',(0.9870288343147097,0.16054307905152929,0));
#16468=DIRECTION('',(-1,0,0));
#16469=DIRECTION('',(-0.9838613730496646,-0.1789323856120763,0));
#16470=FACE_SURFACE('',(#16475),#16471,.T.);
#16471=PLANE('',#16472);
#16472=AXIS2_PLACEMENT_3D('',#502,#16473,#16474);
#16473=DIRECTION('',(0,-0,1));
#16474=DIRECTION('',(0,1,0));
#16475=FACE_BOUND('',#16476,.T.);
#16476=EDGE_LOOP('',(#16477,#16478,#16479));
#16477=ORIENTED_EDGE('',*,*,#16480,.T.);
#16478=ORIENTED_EDGE('',*,*,#16481,.T.);
#16479=ORIENTED_EDGE('',*,*,#16482,.T.);
#16480=EDGE_CURVE('',#503,#501,#16483,.F.);
#16481=EDGE_CURVE('',#501,#483,#16484,.T.);
#16482=EDGE_CURVE('',#483,#503,#16485,.T.);
#16483=LINE('',#502,#16486);
#16484=LINE('',#500,#16487);
#16485=LINE('',#482,#16488);
#16486=VECTOR('',#16489,1.0);
#16487=VECTOR('',#16490,1.0);
#16488=VECTOR('',#16491,1.0);
#16489=DIRECTION('',(0,1,0));
#16490=DIRECTION('',(-1,0,0));
#16491=DIRECTION('',(0.9389928569453129,-0.3439366433017556,0));
#16492=FACE_SURFACE('',(#16497),#16493,.T.);
#16493=PLANE('',#16494);
#16494=AXIS2_PLACEMENT_3D('',#480,#16495,#16496);
#16495=DIRECTION('',(0,0,1));
#16496=DIRECTION('',(0.9838613730496646,0.1789323856120763,0));
#16497=FACE_BOUND('',#16498,.T.);
#16498=EDGE_LOOP('',(#16499,#16500,#16501));
#16499=ORIENTED_EDGE('',*,*,#16502,.T.);
#16500=ORIENTED_EDGE('',*,*,#16503,.T.);
#16501=ORIENTED_EDGE('',*,*,#16504,.T.);
#16502=EDGE_CURVE('',#481,#671,#16505,.F.);
#16503=EDGE_CURVE('',#671,#657,#16506,.T.);
#16504=EDGE_CURVE('',#657,#481,#16507,.T.);
#16505=LINE('',#480,#16508);
#16506=LINE('',#670,#16509);
#16507=LINE('',#656,#16510);
#16508=VECTOR('',#16511,1.0);
#16509=VECTOR('',#16512,1.0);
#16510=VECTOR('',#16513,1.0);
#16511=DIRECTION('',(0.9838613730496646,0.1789323856120763,0));
#16512=DIRECTION('',(-1,0,0));
#16513=DIRECTION('',(-0.9772482923818815,-0.21209850314581877,0));
#16514=FACE_SURFACE('',(#16519),#16515,.T.);
#16515=PLANE('',#16516);
#16516=AXIS2_PLACEMENT_3D('',#528,#16517,#16518);
#16517=DIRECTION('',(0,0,1));
#16518=DIRECTION('',(1,0,0));
#16519=FACE_BOUND('',#16520,.T.);
#16520=EDGE_LOOP('',(#16521,#16522,#16523));
#16521=ORIENTED_EDGE('',*,*,#16524,.T.);
#16522=ORIENTED_EDGE('',*,*,#16525,.T.);
#16523=ORIENTED_EDGE('',*,*,#16526,.T.);
#16524=EDGE_CURVE('',#529,#503,#16527,.F.);
#16525=EDGE_CURVE('',#503,#483,#16528,.T.);
#16526=EDGE_CURVE('',#483,#529,#16529,.T.);
#16527=LINE('',#528,#16530);
#16528=LINE('',#502,#16531);
#16529=LINE('',#482,#16532);
#16530=VECTOR('',#16533,1.0);
#16531=VECTOR('',#16534,1.0);
#16532=VECTOR('',#16535,1.0);
#16533=DIRECTION('',(1,0,0));
#16534=DIRECTION('',(-0.9389928569453129,0.3439366433017556,0));
#16535=DIRECTION('',(-0.9955595817618106,-0.09413351774075406,0));
#16536=FACE_SURFACE('',(#16541),#16537,.T.);
#16537=PLANE('',#16538);
#16538=AXIS2_PLACEMENT_3D('',#480,#16539,#16540);
#16539=DIRECTION('',(0,0,1));
#16540=DIRECTION('',(0.9772482923818815,0.21209850314581877,0));
#16541=FACE_BOUND('',#16542,.T.);
#16542=EDGE_LOOP('',(#16543,#16544,#16545));
#16543=ORIENTED_EDGE('',*,*,#16546,.T.);
#16544=ORIENTED_EDGE('',*,*,#16547,.T.);
#16545=ORIENTED_EDGE('',*,*,#16548,.T.);
#16546=EDGE_CURVE('',#481,#657,#16549,.F.);
#16547=EDGE_CURVE('',#657,#479,#16550,.T.);
#16548=EDGE_CURVE('',#479,#481,#16551,.T.);
#16549=LINE('',#480,#16552);
#16550=LINE('',#656,#16553);
#16551=LINE('',#478,#16554);
#16552=VECTOR('',#16555,1.0);
#16553=VECTOR('',#16556,1.0);
#16554=VECTOR('',#16557,1.0);
#16555=DIRECTION('',(0.9772482923818815,0.21209850314581877,0));
#16556=DIRECTION('',(-1,0,0));
#16557=DIRECTION('',(-0.8822507945645025,-0.47077971015147196,0));
#16558=FACE_SURFACE('',(#16563),#16559,.T.);
#16559=PLANE('',#16560);
#16560=AXIS2_PLACEMENT_3D('',#584,#16561,#16562);
#16561=DIRECTION('',(0,0,1));
#16562=DIRECTION('',(-0.8689828222269521,-0.49484225231328144,0));
#16563=FACE_BOUND('',#16564,.T.);
#16564=EDGE_LOOP('',(#16565,#16566,#16567));
#16565=ORIENTED_EDGE('',*,*,#16568,.T.);
#16566=ORIENTED_EDGE('',*,*,#16569,.T.);
#16567=ORIENTED_EDGE('',*,*,#16570,.T.);
#16568=EDGE_CURVE('',#585,#529,#16571,.F.);
#16569=EDGE_CURVE('',#529,#483,#16572,.T.);
#16570=EDGE_CURVE('',#483,#585,#16573,.T.);
#16571=LINE('',#584,#16574);
#16572=LINE('',#528,#16575);
#16573=LINE('',#482,#16576);
#16574=VECTOR('',#16577,1.0);
#16575=VECTOR('',#16578,1.0);
#16576=VECTOR('',#16579,1.0);
#16577=DIRECTION('',(-0.8689828222269521,-0.49484225231328144,0));
#16578=DIRECTION('',(0.9955595817618106,0.09413351774075406,0));
#16579=DIRECTION('',(-0.9997207851479746,0.023629467685863617,0));
#16580=FACE_SURFACE('',(#16585),#16581,.T.);
#16581=PLANE('',#16582);
#16582=AXIS2_PLACEMENT_3D('',#586,#16583,#16584);
#16583=DIRECTION('',(0,0,1));
#16584=DIRECTION('',(-1,0,0));
#16585=FACE_BOUND('',#16586,.T.);
#16586=EDGE_LOOP('',(#16587,#16588,#16589));
#16587=ORIENTED_EDGE('',*,*,#16590,.T.);
#16588=ORIENTED_EDGE('',*,*,#16591,.T.);
#16589=ORIENTED_EDGE('',*,*,#16592,.T.);
#16590=EDGE_CURVE('',#587,#585,#16593,.F.);
#16591=EDGE_CURVE('',#585,#483,#16594,.T.);
#16592=EDGE_CURVE('',#483,#587,#16595,.T.);
#16593=LINE('',#586,#16596);
#16594=LINE('',#584,#16597);
#16595=LINE('',#482,#16598);
#16596=VECTOR('',#16599,1.0);
#16597=VECTOR('',#16600,1.0);
#16598=VECTOR('',#16601,1.0);
#16599=DIRECTION('',(-1,0,0));
#16600=DIRECTION('',(0.9997207851479746,-0.023629467685863617,0));
#16601=DIRECTION('',(-0.9996195888368905,0.027580384579734638,0));
#16602=FACE_SURFACE('',(#16607),#16603,.T.);
#16603=PLANE('',#16604);
#16604=AXIS2_PLACEMENT_3D('',#480,#16605,#16606);
#16605=DIRECTION('',(0,0,1));
#16606=DIRECTION('',(0.8822507945645025,0.47077971015147196,0));
#16607=FACE_BOUND('',#16608,.T.);
#16608=EDGE_LOOP('',(#16609,#16610,#16611));
#16609=ORIENTED_EDGE('',*,*,#16612,.T.);
#16610=ORIENTED_EDGE('',*,*,#16613,.T.);
#16611=ORIENTED_EDGE('',*,*,#16614,.T.);
#16612=EDGE_CURVE('',#481,#479,#16615,.F.);
#16613=EDGE_CURVE('',#479,#521,#16616,.T.);
#16614=EDGE_CURVE('',#521,#481,#16617,.T.);
#16615=LINE('',#480,#16618);
#16616=LINE('',#478,#16619);
#16617=LINE('',#520,#16620);
#16618=VECTOR('',#16621,1.0);
#16619=VECTOR('',#16622,1.0);
#16620=VECTOR('',#16623,1.0);
#16621=DIRECTION('',(0.8822507945645025,0.47077971015147196,0));
#16622=DIRECTION('',(-1,0,0));
#16623=DIRECTION('',(-0.49297968317795876,-0.8700408220157025,0));
#16624=FACE_SURFACE('',(#16629),#16625,.T.);
#16625=PLANE('',#16626);
#16626=AXIS2_PLACEMENT_3D('',#674,#16627,#16628);
#16627=DIRECTION('',(0,0,1));
#16628=DIRECTION('',(-1,0,0));
#16629=FACE_BOUND('',#16630,.T.);
#16630=EDGE_LOOP('',(#16631,#16632,#16633));
#16631=ORIENTED_EDGE('',*,*,#16634,.T.);
#16632=ORIENTED_EDGE('',*,*,#16635,.T.);
#16633=ORIENTED_EDGE('',*,*,#16636,.T.);
#16634=EDGE_CURVE('',#675,#587,#16637,.F.);
#16635=EDGE_CURVE('',#587,#483,#16638,.T.);
#16636=EDGE_CURVE('',#483,#675,#16639,.T.);
#16637=LINE('',#674,#16640);
#16638=LINE('',#586,#16641);
#16639=LINE('',#482,#16642);
#16640=VECTOR('',#16643,1.0);
#16641=VECTOR('',#16644,1.0);
#16642=VECTOR('',#16645,1.0);
#16643=DIRECTION('',(-1,0,0));
#16644=DIRECTION('',(0.9996195888368905,-0.027580384579734638,0));
#16645=DIRECTION('',(-0.9995744641114344,0.029170030790843647,0));
#16646=FACE_SURFACE('',(#16651),#16647,.T.);
#16647=PLANE('',#16648);
#16648=AXIS2_PLACEMENT_3D('',#480,#16649,#16650);
#16649=DIRECTION('',(0,-0,1));
#16650=DIRECTION('',(0.49297968317795876,0.8700408220157025,0));
#16651=FACE_BOUND('',#16652,.T.);
#16652=EDGE_LOOP('',(#16653,#16654,#16655));
#16653=ORIENTED_EDGE('',*,*,#16656,.T.);
#16654=ORIENTED_EDGE('',*,*,#16657,.T.);
#16655=ORIENTED_EDGE('',*,*,#16658,.T.);
#16656=EDGE_CURVE('',#481,#521,#16659,.F.);
#16657=EDGE_CURVE('',#521,#539,#16660,.T.);
#16658=EDGE_CURVE('',#539,#481,#16661,.T.);
#16659=LINE('',#480,#16662);
#16660=LINE('',#520,#16663);
#16661=LINE('',#538,#16664);
#16662=VECTOR('',#16665,1.0);
#16663=VECTOR('',#16666,1.0);
#16664=VECTOR('',#16667,1.0);
#16665=DIRECTION('',(0.49297968317795876,0.8700408220157025,0));
#16666=DIRECTION('',(-1,0,0));
#16667=DIRECTION('',(0.30854705993123993,-0.9512090789136675,0));
#16668=FACE_SURFACE('',(#16673),#16669,.T.);
#16669=PLANE('',#16670);
#16670=AXIS2_PLACEMENT_3D('',#536,#16671,#16672);
#16671=DIRECTION('',(0,-0,1));
#16672=DIRECTION('',(0,1,0));
#16673=FACE_BOUND('',#16674,.T.);
#16674=EDGE_LOOP('',(#16675,#16676,#16677));
#16675=ORIENTED_EDGE('',*,*,#16678,.T.);
#16676=ORIENTED_EDGE('',*,*,#16679,.T.);
#16677=ORIENTED_EDGE('',*,*,#16680,.T.);
#16678=EDGE_CURVE('',#537,#581,#16681,.F.);
#16679=EDGE_CURVE('',#581,#497,#16682,.T.);
#16680=EDGE_CURVE('',#497,#537,#16683,.T.);
#16681=LINE('',#536,#16684);
#16682=LINE('',#580,#16685);
#16683=LINE('',#496,#16686);
#16684=VECTOR('',#16687,1.0);
#16685=VECTOR('',#16688,1.0);
#16686=VECTOR('',#16689,1.0);
#16687=DIRECTION('',(0,1,0));
#16688=DIRECTION('',(-1,0,0));
#16689=DIRECTION('',(0.339314897137556,-0.9406728446067366,0));
#16690=FACE_SURFACE('',(#16695),#16691,.T.);
#16691=PLANE('',#16692);
#16692=AXIS2_PLACEMENT_3D('',#480,#16693,#16694);
#16693=DIRECTION('',(0,0,1));
#16694=DIRECTION('',(-0.30854705993123993,0.9512090789136675,0));
#16695=FACE_BOUND('',#16696,.T.);
#16696=EDGE_LOOP('',(#16697,#16698,#16699));
#16697=ORIENTED_EDGE('',*,*,#16700,.T.);
#16698=ORIENTED_EDGE('',*,*,#16701,.T.);
#16699=ORIENTED_EDGE('',*,*,#16702,.T.);
#16700=EDGE_CURVE('',#481,#539,#16703,.F.);
#16701=EDGE_CURVE('',#539,#537,#16704,.T.);
#16702=EDGE_CURVE('',#537,#481,#16705,.T.);
#16703=LINE('',#480,#16706);
#16704=LINE('',#538,#16707);
#16705=LINE('',#536,#16708);
#16706=VECTOR('',#16709,1.0);
#16707=VECTOR('',#16710,1.0);
#16708=VECTOR('',#16711,1.0);
#16709=DIRECTION('',(-0.30854705993123993,0.9512090789136675,0));
#16710=DIRECTION('',(-1,0,0));
#16711=DIRECTION('',(0.9504668243369032,-0.31082602181111263,0));
#16712=FACE_SURFACE('',(#16717),#16713,.T.);
#16713=PLANE('',#16714);
#16714=AXIS2_PLACEMENT_3D('',#570,#16715,#16716);
#16715=DIRECTION('',(0,-0,1));
#16716=DIRECTION('',(0,1,0));
#16717=FACE_BOUND('',#16718,.T.);
#16718=EDGE_LOOP('',(#16719,#16720,#16721));
#16719=ORIENTED_EDGE('',*,*,#16722,.T.);
#16720=ORIENTED_EDGE('',*,*,#16723,.T.);
#16721=ORIENTED_EDGE('',*,*,#16724,.T.);
#16722=EDGE_CURVE('',#571,#381,#16725,.F.);
#16723=EDGE_CURVE('',#381,#379,#16726,.T.);
#16724=EDGE_CURVE('',#379,#571,#16727,.T.);
#16725=LINE('',#570,#16728);
#16726=LINE('',#380,#16729);
#16727=LINE('',#378,#16730);
#16728=VECTOR('',#16731,1.0);
#16729=VECTOR('',#16732,1.0);
#16730=VECTOR('',#16733,1.0);
#16731=DIRECTION('',(0,1,0));
#16732=DIRECTION('',(-1,0,0));
#16733=DIRECTION('',(0.9595614891493541,-0.2814991093084913,0));
#16734=FACE_SURFACE('',(#16739),#16735,.T.);
#16735=PLANE('',#16736);
#16736=AXIS2_PLACEMENT_3D('',#632,#16737,#16738);
#16737=DIRECTION('',(0,-0,1));
#16738=DIRECTION('',(0.012464332287504222,0.9999223171930041,0));
#16739=FACE_BOUND('',#16740,.T.);
#16740=EDGE_LOOP('',(#16741,#16742,#16743));
#16741=ORIENTED_EDGE('',*,*,#16744,.T.);
#16742=ORIENTED_EDGE('',*,*,#16745,.T.);
#16743=ORIENTED_EDGE('',*,*,#16746,.T.);
#16744=EDGE_CURVE('',#633,#543,#16747,.F.);
#16745=EDGE_CURVE('',#543,#571,#16748,.T.);
#16746=EDGE_CURVE('',#571,#633,#16749,.T.);
#16747=LINE('',#632,#16750);
#16748=LINE('',#542,#16751);
#16749=LINE('',#570,#16752);
#16750=VECTOR('',#16753,1.0);
#16751=VECTOR('',#16754,1.0);
#16752=VECTOR('',#16755,1.0);
#16753=DIRECTION('',(0.012464332287504222,0.9999223171930041,0));
#16754=DIRECTION('',(-1,0,0));
#16755=DIRECTION('',(0.9009709287661358,-0.4338794596639561,0));
#16756=FACE_SURFACE('',(#16761),#16757,.T.);
#16757=PLANE('',#16758);
#16758=AXIS2_PLACEMENT_3D('',#394,#16759,#16760);
#16759=DIRECTION('',(0,-0,1));
#16760=DIRECTION('',(1,0,0));
#16761=FACE_BOUND('',#16762,.T.);
#16762=EDGE_LOOP('',(#16763,#16764,#16765));
#16763=ORIENTED_EDGE('',*,*,#16766,.T.);
#16764=ORIENTED_EDGE('',*,*,#16767,.T.);
#16765=ORIENTED_EDGE('',*,*,#16768,.T.);
#16766=EDGE_CURVE('',#395,#633,#16769,.F.);
#16767=EDGE_CURVE('',#633,#571,#16770,.T.);
#16768=EDGE_CURVE('',#571,#395,#16771,.T.);
#16769=LINE('',#394,#16772);
#16770=LINE('',#632,#16773);
#16771=LINE('',#570,#16774);
#16772=VECTOR('',#16775,1.0);
#16773=VECTOR('',#16776,1.0);
#16774=VECTOR('',#16777,1.0);
#16775=DIRECTION('',(1,0,0));
#16776=DIRECTION('',(-0.9009709287661358,0.4338794596639561,0));
#16777=DIRECTION('',(0.8125793746443345,-0.5828505467979097,0));
#16778=FACE_SURFACE('',(#16783),#16779,.T.);
#16779=PLANE('',#16780);
#16780=AXIS2_PLACEMENT_3D('',#570,#16781,#16782);
#16781=DIRECTION('',(0,0,1));
#16782=DIRECTION('',(-0.9595614891493541,0.2814991093084913,0));
#16783=FACE_BOUND('',#16784,.T.);
#16784=EDGE_LOOP('',(#16785,#16786,#16787));
#16785=ORIENTED_EDGE('',*,*,#16788,.T.);
#16786=ORIENTED_EDGE('',*,*,#16789,.T.);
#16787=ORIENTED_EDGE('',*,*,#16790,.T.);
#16788=EDGE_CURVE('',#571,#379,#16791,.F.);
#16789=EDGE_CURVE('',#379,#475,#16792,.T.);
#16790=EDGE_CURVE('',#475,#571,#16793,.T.);
#16791=LINE('',#570,#16794);
#16792=LINE('',#378,#16795);
#16793=LINE('',#474,#16796);
#16794=VECTOR('',#16797,1.0);
#16795=VECTOR('',#16798,1.0);
#16796=VECTOR('',#16799,1.0);
#16797=DIRECTION('',(-0.9595614891493541,0.2814991093084913,0));
#16798=DIRECTION('',(0.36884250655073036,-0.9294919070983751,0));
#16799=DIRECTION('',(-0.36561782613215305,0.9307650644574057,0));
#16800=FACE_SURFACE('',(#16805),#16801,.T.);
#16801=PLANE('',#16802);
#16802=AXIS2_PLACEMENT_3D('',#394,#16803,#16804);
#16803=DIRECTION('',(0,0,1));
#16804=DIRECTION('',(-0.8125793746443345,0.5828505467979097,0));
#16805=FACE_BOUND('',#16806,.T.);
#16806=EDGE_LOOP('',(#16807,#16808,#16809));
#16807=ORIENTED_EDGE('',*,*,#16810,.T.);
#16808=ORIENTED_EDGE('',*,*,#16811,.T.);
#16809=ORIENTED_EDGE('',*,*,#16812,.T.);
#16810=EDGE_CURVE('',#395,#571,#16813,.F.);
#16811=EDGE_CURVE('',#571,#475,#16814,.T.);
#16812=EDGE_CURVE('',#475,#395,#16815,.T.);
#16813=LINE('',#394,#16816);
#16814=LINE('',#570,#16817);
#16815=LINE('',#474,#16818);
#16816=VECTOR('',#16819,1.0);
#16817=VECTOR('',#16820,1.0);
#16818=VECTOR('',#16821,1.0);
#16819=DIRECTION('',(-0.8125793746443345,0.5828505467979097,0));
#16820=DIRECTION('',(0.36561782613215305,-0.9307650644574057,0));
#16821=DIRECTION('',(1,0,0));
#16822=FACE_SURFACE('',(#16827),#16823,.T.);
#16823=PLANE('',#16824);
#16824=AXIS2_PLACEMENT_3D('',#396,#16825,#16826);
#16825=DIRECTION('',(0,-0,1));
#16826=DIRECTION('',(0,1,0));
#16827=FACE_BOUND('',#16828,.T.);
#16828=EDGE_LOOP('',(#16829,#16830,#16831));
#16829=ORIENTED_EDGE('',*,*,#16832,.T.);
#16830=ORIENTED_EDGE('',*,*,#16833,.T.);
#16831=ORIENTED_EDGE('',*,*,#16834,.T.);
#16832=EDGE_CURVE('',#397,#395,#16835,.F.);
#16833=EDGE_CURVE('',#395,#475,#16836,.T.);
#16834=EDGE_CURVE('',#475,#397,#16837,.T.);
#16835=LINE('',#396,#16838);
#16836=LINE('',#394,#16839);
#16837=LINE('',#474,#16840);
#16838=VECTOR('',#16841,1.0);
#16839=VECTOR('',#16842,1.0);
#16840=VECTOR('',#16843,1.0);
#16841=DIRECTION('',(0,1,0));
#16842=DIRECTION('',(-1,0,0));
#16843=DIRECTION('',(0.3393151462146845,-0.9406727547608186,0));
#16844=FACE_SURFACE('',(#16849),#16845,.T.);
#16845=PLANE('',#16846);
#16846=AXIS2_PLACEMENT_3D('',#396,#16847,#16848);
#16847=DIRECTION('',(0,0,1));
#16848=DIRECTION('',(-0.3393151462146845,0.9406727547608186,0));
#16849=FACE_BOUND('',#16850,.T.);
#16850=EDGE_LOOP('',(#16851,#16852,#16853));
#16851=ORIENTED_EDGE('',*,*,#16854,.T.);
#16852=ORIENTED_EDGE('',*,*,#16855,.T.);
#16853=ORIENTED_EDGE('',*,*,#16856,.T.);
#16854=EDGE_CURVE('',#397,#475,#16857,.F.);
#16855=EDGE_CURVE('',#475,#473,#16858,.T.);
#16856=EDGE_CURVE('',#473,#397,#16859,.T.);
#16857=LINE('',#396,#16860);
#16858=LINE('',#474,#16861);
#16859=LINE('',#472,#16862);
#16860=VECTOR('',#16863,1.0);
#16861=VECTOR('',#16864,1.0);
#16862=VECTOR('',#16865,1.0);
#16863=DIRECTION('',(-0.3393151462146845,0.9406727547608186,0));
#16864=DIRECTION('',(0,-1,0));
#16865=DIRECTION('',(0.43147774421261537,-0.9021235814727342,0));
#16866=FACE_SURFACE('',(#16871),#16867,.T.);
#16867=PLANE('',#16868);
#16868=AXIS2_PLACEMENT_3D('',#396,#16869,#16870);
#16869=DIRECTION('',(0,0,1));
#16870=DIRECTION('',(-0.43147774421261537,0.9021235814727342,0));
#16871=FACE_BOUND('',#16872,.T.);
#16872=EDGE_LOOP('',(#16873,#16874,#16875));
#16873=ORIENTED_EDGE('',*,*,#16876,.T.);
#16874=ORIENTED_EDGE('',*,*,#16877,.T.);
#16875=ORIENTED_EDGE('',*,*,#16878,.T.);
#16876=EDGE_CURVE('',#397,#473,#16879,.F.);
#16877=EDGE_CURVE('',#473,#675,#16880,.T.);
#16878=EDGE_CURVE('',#675,#397,#16881,.T.);
#16879=LINE('',#396,#16882);
#16880=LINE('',#472,#16883);
#16881=LINE('',#674,#16884);
#16882=VECTOR('',#16885,1.0);
#16883=VECTOR('',#16886,1.0);
#16884=VECTOR('',#16887,1.0);
#16885=DIRECTION('',(-0.43147774421261537,0.9021235814727342,0));
#16886=DIRECTION('',(0,-1,0));
#16887=DIRECTION('',(1,0,0));
#16888=FACE_SURFACE('',(#16893),#16889,.T.);
#16889=PLANE('',#16890);
#16890=AXIS2_PLACEMENT_3D('',#482,#16891,#16892);
#16891=DIRECTION('',(0,-0,1));
#16892=DIRECTION('',(0,1,0));
#16893=FACE_BOUND('',#16894,.T.);
#16894=EDGE_LOOP('',(#16895,#16896,#16897));
#16895=ORIENTED_EDGE('',*,*,#16898,.T.);
#16896=ORIENTED_EDGE('',*,*,#16899,.T.);
#16897=ORIENTED_EDGE('',*,*,#16900,.T.);
#16898=EDGE_CURVE('',#483,#481,#16901,.F.);
#16899=EDGE_CURVE('',#481,#537,#16902,.T.);
#16900=EDGE_CURVE('',#537,#483,#16903,.T.);
#16901=LINE('',#482,#16904);
#16902=LINE('',#480,#16905);
#16903=LINE('',#536,#16906);
#16904=VECTOR('',#16907,1.0);
#16905=VECTOR('',#16908,1.0);
#16906=VECTOR('',#16909,1.0);
#16907=DIRECTION('',(0,1,0));
#16908=DIRECTION('',(-0.9504668243369032,0.31082602181111263,0));
#16909=DIRECTION('',(0.49395478370209667,-0.8694875914340668,0));
#16910=FACE_SURFACE('',(#16915),#16911,.T.);
#16911=PLANE('',#16912);
#16912=AXIS2_PLACEMENT_3D('',#536,#16913,#16914);
#16913=DIRECTION('',(0,0,1));
#16914=DIRECTION('',(-0.339314897137556,0.9406728446067366,0));
#16915=FACE_BOUND('',#16916,.T.);
#16916=EDGE_LOOP('',(#16917,#16918,#16919));
#16917=ORIENTED_EDGE('',*,*,#16920,.T.);
#16918=ORIENTED_EDGE('',*,*,#16921,.T.);
#16919=ORIENTED_EDGE('',*,*,#16922,.T.);
#16920=EDGE_CURVE('',#537,#497,#16923,.F.);
#16921=EDGE_CURVE('',#497,#495,#16924,.T.);
#16922=EDGE_CURVE('',#495,#537,#16925,.T.);
#16923=LINE('',#536,#16926);
#16924=LINE('',#496,#16927);
#16925=LINE('',#494,#16928);
#16926=VECTOR('',#16929,1.0);
#16927=VECTOR('',#16930,1.0);
#16928=VECTOR('',#16931,1.0);
#16929=DIRECTION('',(-0.339314897137556,0.9406728446067366,0));
#16930=DIRECTION('',(0,-1,0));
#16931=DIRECTION('',(0.4314774040107129,-0.9021237441882216,0));
#16932=FACE_SURFACE('',(#16937),#16933,.T.);
#16933=PLANE('',#16934);
#16934=AXIS2_PLACEMENT_3D('',#628,#16935,#16936);
#16935=DIRECTION('',(0,0,1));
#16936=DIRECTION('',(-1,0,0));
#16937=FACE_BOUND('',#16938,.T.);
#16938=EDGE_LOOP('',(#16939,#16940,#16941));
#16939=ORIENTED_EDGE('',*,*,#16942,.T.);
#16940=ORIENTED_EDGE('',*,*,#16943,.T.);
#16941=ORIENTED_EDGE('',*,*,#16944,.T.);
#16942=EDGE_CURVE('',#629,#655,#16945,.F.);
#16943=EDGE_CURVE('',#655,#565,#16946,.T.);
#16944=EDGE_CURVE('',#565,#629,#16947,.T.);
#16945=LINE('',#628,#16948);
#16946=LINE('',#654,#16949);
#16947=LINE('',#564,#16950);
#16948=VECTOR('',#16951,1.0);
#16949=VECTOR('',#16952,1.0);
#16950=VECTOR('',#16953,1.0);
#16951=DIRECTION('',(-1,0,0));
#16952=DIRECTION('',(-0.24180206934445964,-0.9703255944582401,0));
#16953=DIRECTION('',(0.9493556961389741,0.3142033771436648,0));
#16954=FACE_SURFACE('',(#16959),#16955,.T.);
#16955=PLANE('',#16956);
#16956=AXIS2_PLACEMENT_3D('',#536,#16957,#16958);
#16957=DIRECTION('',(0,0,1));
#16958=DIRECTION('',(-0.4314774040107129,0.9021237441882216,0));
#16959=FACE_BOUND('',#16960,.T.);
#16960=EDGE_LOOP('',(#16961,#16962,#16963));
#16961=ORIENTED_EDGE('',*,*,#16964,.T.);
#16962=ORIENTED_EDGE('',*,*,#16965,.T.);
#16963=ORIENTED_EDGE('',*,*,#16966,.T.);
#16964=EDGE_CURVE('',#537,#495,#16967,.F.);
#16965=EDGE_CURVE('',#495,#629,#16968,.T.);
#16966=EDGE_CURVE('',#629,#537,#16969,.T.);
#16967=LINE('',#536,#16970);
#16968=LINE('',#494,#16971);
#16969=LINE('',#628,#16972);
#16970=VECTOR('',#16973,1.0);
#16971=VECTOR('',#16974,1.0);
#16972=VECTOR('',#16975,1.0);
#16973=DIRECTION('',(-0.4314774040107129,0.9021237441882216,0));
#16974=DIRECTION('',(0,-1,0));
#16975=DIRECTION('',(1,0,0));
#16976=FACE_SURFACE('',(#16981),#16977,.T.);
#16977=PLANE('',#16978);
#16978=AXIS2_PLACEMENT_3D('',#396,#16979,#16980);
#16979=DIRECTION('',(0,0,1));
#16980=DIRECTION('',(-1,0,0));
#16981=FACE_BOUND('',#16982,.T.);
#16982=EDGE_LOOP('',(#16983,#16984,#16985));
#16983=ORIENTED_EDGE('',*,*,#16986,.T.);
#16984=ORIENTED_EDGE('',*,*,#16987,.T.);
#16985=ORIENTED_EDGE('',*,*,#16988,.T.);
#16986=EDGE_CURVE('',#397,#675,#16989,.F.);
#16987=EDGE_CURVE('',#675,#483,#16990,.T.);
#16988=EDGE_CURVE('',#483,#397,#16991,.T.);
#16989=LINE('',#396,#16992);
#16990=LINE('',#674,#16993);
#16991=LINE('',#482,#16994);
#16992=VECTOR('',#16995,1.0);
#16993=VECTOR('',#16996,1.0);
#16994=VECTOR('',#16997,1.0);
#16995=DIRECTION('',(-1,0,0));
#16996=DIRECTION('',(0.9995744641114344,-0.029170030790843647,0));
#16997=DIRECTION('',(-0.9994921878272205,0.03186481558641196,0));
#16998=FACE_SURFACE('',(#17003),#16999,.T.);
#16999=PLANE('',#17000);
#17000=AXIS2_PLACEMENT_3D('',#422,#17001,#17002);
#17001=DIRECTION('',(0,0,1));
#17002=DIRECTION('',(-1,0,0));
#17003=FACE_BOUND('',#17004,.T.);
#17004=EDGE_LOOP('',(#17005,#17006,#17007));
#17005=ORIENTED_EDGE('',*,*,#17008,.T.);
#17006=ORIENTED_EDGE('',*,*,#17009,.T.);
#17007=ORIENTED_EDGE('',*,*,#17010,.T.);
#17008=EDGE_CURVE('',#423,#397,#17011,.F.);
#17009=EDGE_CURVE('',#397,#483,#17012,.T.);
#17010=EDGE_CURVE('',#483,#423,#17013,.T.);
#17011=LINE('',#422,#17014);
#17012=LINE('',#396,#17015);
#17013=LINE('',#482,#17016);
#17014=VECTOR('',#17017,1.0);
#17015=VECTOR('',#17018,1.0);
#17016=VECTOR('',#17019,1.0);
#17017=DIRECTION('',(-1,0,0));
#17018=DIRECTION('',(0.9994921878272205,-0.03186481558641196,0));
#17019=DIRECTION('',(-0.9992199141521055,0.03949130488929044,0));
#17020=FACE_SURFACE('',(#17025),#17021,.T.);
#17021=PLANE('',#17022);
#17022=AXIS2_PLACEMENT_3D('',#482,#17023,#17024);
#17023=DIRECTION('',(0,0,1));
#17024=DIRECTION('',(-0.49395478370209667,0.8694875914340668,0));
#17025=FACE_BOUND('',#17026,.T.);
#17026=EDGE_LOOP('',(#17027,#17028,#17029));
#17027=ORIENTED_EDGE('',*,*,#17030,.T.);
#17028=ORIENTED_EDGE('',*,*,#17031,.T.);
#17029=ORIENTED_EDGE('',*,*,#17032,.T.);
#17030=EDGE_CURVE('',#483,#537,#17033,.F.);
#17031=EDGE_CURVE('',#537,#629,#17034,.T.);
#17032=EDGE_CURVE('',#629,#483,#17035,.T.);
#17033=LINE('',#482,#17036);
#17034=LINE('',#536,#17037);
#17035=LINE('',#628,#17038);
#17036=VECTOR('',#17039,1.0);
#17037=VECTOR('',#17040,1.0);
#17038=VECTOR('',#17041,1.0);
#17039=DIRECTION('',(-0.49395478370209667,0.8694875914340668,0));
#17040=DIRECTION('',(-1,0,0));
#17041=DIRECTION('',(0.6298867914691416,-0.7766869574884787,0));
#17042=FACE_SURFACE('',(#17047),#17043,.T.);
#17043=PLANE('',#17044);
#17044=AXIS2_PLACEMENT_3D('',#628,#17045,#17046);
#17045=DIRECTION('',(0,0,1));
#17046=DIRECTION('',(-0.9493556961389741,-0.3142033771436648,0));
#17047=FACE_BOUND('',#17048,.T.);
#17048=EDGE_LOOP('',(#17049,#17050,#17051));
#17049=ORIENTED_EDGE('',*,*,#17052,.T.);
#17050=ORIENTED_EDGE('',*,*,#17053,.T.);
#17051=ORIENTED_EDGE('',*,*,#17054,.T.);
#17052=EDGE_CURVE('',#629,#565,#17055,.F.);
#17053=EDGE_CURVE('',#565,#563,#17056,.T.);
#17054=EDGE_CURVE('',#563,#629,#17057,.T.);
#17055=LINE('',#628,#17058);
#17056=LINE('',#564,#17059);
#17057=LINE('',#562,#17060);
#17058=VECTOR('',#17061,1.0);
#17059=VECTOR('',#17062,1.0);
#17060=VECTOR('',#17063,1.0);
#17061=DIRECTION('',(-0.9493556961389741,-0.3142033771436648,0));
#17062=DIRECTION('',(1,0,0));
#17063=DIRECTION('',(0.6812827230052867,0.7320203899718244,0));
#17064=FACE_SURFACE('',(#17069),#17065,.T.);
#17065=PLANE('',#17066);
#17066=AXIS2_PLACEMENT_3D('',#628,#17067,#17068);
#17067=DIRECTION('',(0,0,1));
#17068=DIRECTION('',(-0.6812827230052867,-0.7320203899718244,0));
#17069=FACE_BOUND('',#17070,.T.);
#17070=EDGE_LOOP('',(#17071,#17072,#17073));
#17071=ORIENTED_EDGE('',*,*,#17074,.T.);
#17072=ORIENTED_EDGE('',*,*,#17075,.T.);
#17073=ORIENTED_EDGE('',*,*,#17076,.T.);
#17074=EDGE_CURVE('',#629,#563,#17077,.F.);
#17075=EDGE_CURVE('',#563,#705,#17078,.T.);
#17076=EDGE_CURVE('',#705,#629,#17079,.T.);
#17077=LINE('',#628,#17080);
#17078=LINE('',#562,#17081);
#17079=LINE('',#704,#17082);
#17080=VECTOR('',#17083,1.0);
#17081=VECTOR('',#17084,1.0);
#17082=VECTOR('',#17085,1.0);
#17083=DIRECTION('',(-0.6812827230052867,-0.7320203899718244,0));
#17084=DIRECTION('',(0,-1,0));
#17085=DIRECTION('',(0.4842606649282371,0.87492377291011,0));
#17086=FACE_SURFACE('',(#17091),#17087,.T.);
#17087=PLANE('',#17088);
#17088=AXIS2_PLACEMENT_3D('',#566,#17089,#17090);
#17089=DIRECTION('',(0,0,1));
#17090=DIRECTION('',(-1,0,0));
#17091=FACE_BOUND('',#17092,.T.);
#17092=EDGE_LOOP('',(#17093,#17094,#17095));
#17093=ORIENTED_EDGE('',*,*,#17096,.T.);
#17094=ORIENTED_EDGE('',*,*,#17097,.T.);
#17095=ORIENTED_EDGE('',*,*,#17098,.T.);
#17096=EDGE_CURVE('',#567,#423,#17099,.F.);
#17097=EDGE_CURVE('',#423,#483,#17100,.T.);
#17098=EDGE_CURVE('',#483,#567,#17101,.T.);
#17099=LINE('',#566,#17102);
#17100=LINE('',#422,#17103);
#17101=LINE('',#482,#17104);
#17102=VECTOR('',#17105,1.0);
#17103=VECTOR('',#17106,1.0);
#17104=VECTOR('',#17107,1.0);
#17105=DIRECTION('',(-1,0,0));
#17106=DIRECTION('',(0.9992199141521055,-0.03949130488929044,0));
#17107=DIRECTION('',(-0.9990822875658842,0.0428320285781543,0));
#17108=FACE_SURFACE('',(#17113),#17109,.T.);
#17109=PLANE('',#17110);
#17110=AXIS2_PLACEMENT_3D('',#706,#17111,#17112);
#17111=DIRECTION('',(0,0,1));
#17112=DIRECTION('',(-1,0,0));
#17113=FACE_BOUND('',#17114,.T.);
#17114=EDGE_LOOP('',(#17115,#17116,#17117));
#17115=ORIENTED_EDGE('',*,*,#17118,.T.);
#17116=ORIENTED_EDGE('',*,*,#17119,.T.);
#17117=ORIENTED_EDGE('',*,*,#17120,.T.);
#17118=EDGE_CURVE('',#707,#715,#17121,.F.);
#17119=EDGE_CURVE('',#715,#701,#17122,.T.);
#17120=EDGE_CURVE('',#701,#707,#17123,.T.);
#17121=LINE('',#706,#17124);
#17122=LINE('',#714,#17125);
#17123=LINE('',#700,#17126);
#17124=VECTOR('',#17127,1.0);
#17125=VECTOR('',#17128,1.0);
#17126=VECTOR('',#17129,1.0);
#17127=DIRECTION('',(-1,0,0));
#17128=DIRECTION('',(0,-1,0));
#17129=DIRECTION('',(0.8263523588165795,0.5631534241024154,0));
#17130=FACE_SURFACE('',(#17135),#17131,.T.);
#17131=PLANE('',#17132);
#17132=AXIS2_PLACEMENT_3D('',#482,#17133,#17134);
#17133=DIRECTION('',(0,0,1));
#17134=DIRECTION('',(-0.6298867914691416,0.7766869574884787,0));
#17135=FACE_BOUND('',#17136,.T.);
#17136=EDGE_LOOP('',(#17137,#17138,#17139));
#17137=ORIENTED_EDGE('',*,*,#17140,.T.);
#17138=ORIENTED_EDGE('',*,*,#17141,.T.);
#17139=ORIENTED_EDGE('',*,*,#17142,.T.);
#17140=EDGE_CURVE('',#483,#629,#17143,.F.);
#17141=EDGE_CURVE('',#629,#705,#17144,.T.);
#17142=EDGE_CURVE('',#705,#483,#17145,.T.);
#17143=LINE('',#482,#17146);
#17144=LINE('',#628,#17147);
#17145=LINE('',#704,#17148);
#17146=VECTOR('',#17149,1.0);
#17147=VECTOR('',#17150,1.0);
#17148=VECTOR('',#17151,1.0);
#17149=DIRECTION('',(-0.6298867914691416,0.7766869574884787,0));
#17150=DIRECTION('',(-0.4842606649282371,-0.87492377291011,0));
#17151=DIRECTION('',(0.8686118690612062,-0.4954931088582341,0));
#17152=FACE_SURFACE('',(#17157),#17153,.T.);
#17153=PLANE('',#17154);
#17154=AXIS2_PLACEMENT_3D('',#482,#17155,#17156);
#17155=DIRECTION('',(0,0,1));
#17156=DIRECTION('',(-0.8686118690612062,0.4954931088582341,0));
#17157=FACE_BOUND('',#17158,.T.);
#17158=EDGE_LOOP('',(#17159,#17160,#17161));
#17159=ORIENTED_EDGE('',*,*,#17162,.T.);
#17160=ORIENTED_EDGE('',*,*,#17163,.T.);
#17161=ORIENTED_EDGE('',*,*,#17164,.T.);
#17162=EDGE_CURVE('',#483,#705,#17165,.F.);
#17163=EDGE_CURVE('',#705,#697,#17166,.T.);
#17164=EDGE_CURVE('',#697,#483,#17167,.T.);
#17165=LINE('',#482,#17168);
#17166=LINE('',#704,#17169);
#17167=LINE('',#696,#17170);
#17168=VECTOR('',#17171,1.0);
#17169=VECTOR('',#17172,1.0);
#17170=VECTOR('',#17173,1.0);
#17171=DIRECTION('',(-0.8686118690612062,0.4954931088582341,0));
#17172=DIRECTION('',(0,-1,0));
#17173=DIRECTION('',(0.9967556336220644,-0.08048730858139602,0));
#17174=FACE_SURFACE('',(#17179),#17175,.T.);
#17175=PLANE('',#17176);
#17176=AXIS2_PLACEMENT_3D('',#706,#17177,#17178);
#17177=DIRECTION('',(0,0,1));
#17178=DIRECTION('',(-0.8263523588165795,-0.5631534241024154,0));
#17179=FACE_BOUND('',#17180,.T.);
#17180=EDGE_LOOP('',(#17181,#17182,#17183));
#17181=ORIENTED_EDGE('',*,*,#17184,.T.);
#17182=ORIENTED_EDGE('',*,*,#17185,.T.);
#17183=ORIENTED_EDGE('',*,*,#17186,.T.);
#17184=EDGE_CURVE('',#707,#701,#17187,.F.);
#17185=EDGE_CURVE('',#701,#567,#17188,.T.);
#17186=EDGE_CURVE('',#567,#707,#17189,.T.);
#17187=LINE('',#706,#17190);
#17188=LINE('',#700,#17191);
#17189=LINE('',#566,#17192);
#17190=VECTOR('',#17193,1.0);
#17191=VECTOR('',#17194,1.0);
#17192=VECTOR('',#17195,1.0);
#17193=DIRECTION('',(-0.8263523588165795,-0.5631534241024154,0));
#17194=DIRECTION('',(0,-1,0));
#17195=DIRECTION('',(0.3393146926099163,0.9406729183829191,0));
#17196=FACE_SURFACE('',(#17201),#17197,.T.);
#17197=PLANE('',#17198);
#17198=AXIS2_PLACEMENT_3D('',#686,#17199,#17200);
#17199=DIRECTION('',(0,-0,1));
#17200=DIRECTION('',(0,1,0));
#17201=FACE_BOUND('',#17202,.T.);
#17202=EDGE_LOOP('',(#17203,#17204,#17205));
#17203=ORIENTED_EDGE('',*,*,#17206,.T.);
#17204=ORIENTED_EDGE('',*,*,#17207,.T.);
#17205=ORIENTED_EDGE('',*,*,#17208,.T.);
#17206=EDGE_CURVE('',#687,#707,#17209,.F.);
#17207=EDGE_CURVE('',#707,#567,#17210,.T.);
#17208=EDGE_CURVE('',#567,#687,#17211,.T.);
#17209=LINE('',#686,#17212);
#17210=LINE('',#706,#17213);
#17211=LINE('',#566,#17214);
#17212=VECTOR('',#17215,1.0);
#17213=VECTOR('',#17216,1.0);
#17214=VECTOR('',#17217,1.0);
#17215=DIRECTION('',(0,1,0));
#17216=DIRECTION('',(-0.3393146926099163,-0.9406729183829191,0));
#17217=DIRECTION('',(1,0,0));
#17218=FACE_SURFACE('',(#17223),#17219,.T.);
#17219=PLANE('',#17220);
#17220=AXIS2_PLACEMENT_3D('',#482,#17221,#17222);
#17221=DIRECTION('',(0,0,1));
#17222=DIRECTION('',(-0.9967556336220644,0.08048730858139602,0));
#17223=FACE_BOUND('',#17224,.T.);
#17224=EDGE_LOOP('',(#17225,#17226,#17227));
#17225=ORIENTED_EDGE('',*,*,#17228,.T.);
#17226=ORIENTED_EDGE('',*,*,#17229,.T.);
#17227=ORIENTED_EDGE('',*,*,#17230,.T.);
#17228=EDGE_CURVE('',#483,#697,#17231,.F.);
#17229=EDGE_CURVE('',#697,#689,#17232,.T.);
#17230=EDGE_CURVE('',#689,#483,#17233,.T.);
#17231=LINE('',#482,#17234);
#17232=LINE('',#696,#17235);
#17233=LINE('',#688,#17236);
#17234=VECTOR('',#17237,1.0);
#17235=VECTOR('',#17238,1.0);
#17236=VECTOR('',#17239,1.0);
#17237=DIRECTION('',(-0.9967556336220644,0.08048730858139602,0));
#17238=DIRECTION('',(-1,0,0));
#17239=DIRECTION('',(0.9975842998867548,-0.06946628404811597,0));
#17240=FACE_SURFACE('',(#17245),#17241,.T.);
#17241=PLANE('',#17242);
#17242=AXIS2_PLACEMENT_3D('',#686,#17243,#17244);
#17243=DIRECTION('',(0,0,1));
#17244=DIRECTION('',(-1,0,0));
#17245=FACE_BOUND('',#17246,.T.);
#17246=EDGE_LOOP('',(#17247,#17248,#17249));
#17247=ORIENTED_EDGE('',*,*,#17250,.T.);
#17248=ORIENTED_EDGE('',*,*,#17251,.T.);
#17249=ORIENTED_EDGE('',*,*,#17252,.T.);
#17250=EDGE_CURVE('',#687,#567,#17253,.F.);
#17251=EDGE_CURVE('',#567,#483,#17254,.T.);
#17252=EDGE_CURVE('',#483,#687,#17255,.T.);
#17253=LINE('',#686,#17256);
#17254=LINE('',#566,#17257);
#17255=LINE('',#482,#17258);
#17256=VECTOR('',#17259,1.0);
#17257=VECTOR('',#17260,1.0);
#17258=VECTOR('',#17261,1.0);
#17259=DIRECTION('',(-1,0,0));
#17260=DIRECTION('',(0.9990822875658842,-0.0428320285781543,0));
#17261=DIRECTION('',(-0.9988036358723441,0.04890088923716699,0));
#17262=FACE_SURFACE('',(#17267),#17263,.T.);
#17263=PLANE('',#17264);
#17264=AXIS2_PLACEMENT_3D('',#688,#17265,#17266);
#17265=DIRECTION('',(0,0,1));
#17266=DIRECTION('',(-1,0,0));
#17267=FACE_BOUND('',#17268,.T.);
#17268=EDGE_LOOP('',(#17269,#17270,#17271));
#17269=ORIENTED_EDGE('',*,*,#17272,.T.);
#17270=ORIENTED_EDGE('',*,*,#17273,.T.);
#17271=ORIENTED_EDGE('',*,*,#17274,.T.);
#17272=EDGE_CURVE('',#689,#687,#17275,.F.);
#17273=EDGE_CURVE('',#687,#483,#17276,.T.);
#17274=EDGE_CURVE('',#483,#689,#17277,.T.);
#17275=LINE('',#688,#17278);
#17276=LINE('',#686,#17279);
#17277=LINE('',#482,#17280);
#17278=VECTOR('',#17281,1.0);
#17279=VECTOR('',#17282,1.0);
#17280=VECTOR('',#17283,1.0);
#17281=DIRECTION('',(-1,0,0));
#17282=DIRECTION('',(0.9988036358723441,-0.04890088923716699,0));
#17283=DIRECTION('',(-0.9975842998867548,0.06946628404811597,0));
#17284=FACE_SURFACE('',(#17289),#17285,.T.);
#17285=PLANE('',#17286);
#17286=AXIS2_PLACEMENT_3D('',#522,#17287,#17288);
#17287=DIRECTION('',(0,0,1));
#17288=DIRECTION('',(0,-1,0));
#17289=FACE_BOUND('',#17290,.T.);
#17290=EDGE_LOOP('',(#17291,#17292,#17293));
#17291=ORIENTED_EDGE('',*,*,#17294,.T.);
#17292=ORIENTED_EDGE('',*,*,#17295,.T.);
#17293=ORIENTED_EDGE('',*,*,#17296,.T.);
#17294=EDGE_CURVE('',#523,#521,#17297,.F.);
#17295=EDGE_CURVE('',#521,#479,#17298,.T.);
#17296=EDGE_CURVE('',#479,#523,#17299,.T.);
#17297=LINE('',#522,#17300);
#17298=LINE('',#520,#17301);
#17299=LINE('',#478,#17302);
#17300=VECTOR('',#17303,1.0);
#17301=VECTOR('',#17304,1.0);
#17302=VECTOR('',#17305,1.0);
#17303=DIRECTION('',(0,-1,0));
#17304=DIRECTION('',(1,0,0));
#17305=DIRECTION('',(-0.4314763430032864,0.9021242516574479,0));
#17306=FACE_SURFACE('',(#17311),#17307,.T.);
#17307=PLANE('',#17308);
#17308=AXIS2_PLACEMENT_3D('',#478,#17309,#17310);
#17309=DIRECTION('',(0,-0,1));
#17310=DIRECTION('',(0,1,0));
#17311=FACE_BOUND('',#17312,.T.);
#17312=EDGE_LOOP('',(#17313,#17314,#17315));
#17313=ORIENTED_EDGE('',*,*,#17316,.T.);
#17314=ORIENTED_EDGE('',*,*,#17317,.T.);
#17315=ORIENTED_EDGE('',*,*,#17318,.T.);
#17316=EDGE_CURVE('',#479,#477,#17319,.F.);
#17317=EDGE_CURVE('',#477,#589,#17320,.T.);
#17318=EDGE_CURVE('',#589,#479,#17321,.T.);
#17319=LINE('',#478,#17322);
#17320=LINE('',#476,#17323);
#17321=LINE('',#588,#17324);
#17322=VECTOR('',#17325,1.0);
#17323=VECTOR('',#17326,1.0);
#17324=VECTOR('',#17327,1.0);
#17325=DIRECTION('',(0,1,0));
#17326=DIRECTION('',(-1,0,0));
#17327=DIRECTION('',(0.3393139899269049,-0.940673171850821,0));
#17328=FACE_SURFACE('',(#17333),#17329,.T.);
#17329=PLANE('',#17330);
#17330=AXIS2_PLACEMENT_3D('',#522,#17331,#17332);
#17331=DIRECTION('',(-0,0,1));
#17332=DIRECTION('',(0.4314763430032864,-0.9021242516574479,0));
#17333=FACE_BOUND('',#17334,.T.);
#17334=EDGE_LOOP('',(#17335,#17336,#17337));
#17335=ORIENTED_EDGE('',*,*,#17338,.T.);
#17336=ORIENTED_EDGE('',*,*,#17339,.T.);
#17337=ORIENTED_EDGE('',*,*,#17340,.T.);
#17338=EDGE_CURVE('',#523,#479,#17341,.F.);
#17339=EDGE_CURVE('',#479,#589,#17342,.T.);
#17340=EDGE_CURVE('',#589,#523,#17343,.T.);
#17341=LINE('',#522,#17344);
#17342=LINE('',#478,#17345);
#17343=LINE('',#588,#17346);
#17344=VECTOR('',#17347,1.0);
#17345=VECTOR('',#17348,1.0);
#17346=VECTOR('',#17349,1.0);
#17347=DIRECTION('',(0.4314763430032864,-0.9021242516574479,0));
#17348=DIRECTION('',(-0.3393139899269049,0.940673171850821,0));
#17349=DIRECTION('',(0,-1,0));
ENDSEC;
END-ISO-10303-21;
