ISO-10303-21;
HEADER;
FILE_DESCRIPTION((''),'2;1');
FILE_NAME('Top_Half_1', '2026-09-16T23:28:49', (''), (''), 'ImageToStl.com STEP Converter','', '');
FILE_SCHEMA(('AUTOMOTIVE_DESIGN_CC2'));
ENDSEC;
DATA;
#1=PRODUCT_DEFINITION_CONTEXT('',#4,'design');
#2=APPLICATION_PROTOCOL_DEFINITION('INTERNATIONAL STANDARD','automotive_design',1994,#4);
#3=(GEOMETRIC_REPRESENTATION_CONTEXT(3)GLOBAL_UNCERTAINTY_ASSIGNED_CONTEXT((#5))GLOBAL_UNIT_ASSIGNED_CONTEXT((#6,#7,#8))REPRESENTATION_CONTEXT('NONE','WORKSPACE'));
#4=APPLICATION_CONTEXT(' ');
#5=UNCERTAINTY_MEASURE_WITH_UNIT(LENGTH_MEASURE(1.0E-006),#6,'','');
#6=(CONVERSION_BASED_UNIT('METRE',#10)LENGTH_UNIT()NAMED_UNIT(#11));
#7=(NAMED_UNIT(#12)PLANE_ANGLE_UNIT()SI_UNIT($,.RADIAN.));
#8=(NAMED_UNIT(#12)SOLID_ANGLE_UNIT()SI_UNIT($,.STERADIAN.));
#9=AXIS2_PLACEMENT_3D('',#14,#15,#16);
#10=LENGTH_MEASURE_WITH_UNIT(LENGTH_MEASURE(1.0),#17);
#11=DIMENSIONAL_EXPONENTS(1.0,0.0,0.0,0.0,0.0,0.0,0.0);
#12=DIMENSIONAL_EXPONENTS(0.0,0.0,0.0,0.0,0.0,0.0,0.0);
#13=PRODUCT_CONTEXT('',#4,'mechanical');
#14=CARTESIAN_POINT('',(0.0,0.0,0.0));
#15=DIRECTION('',(0.0,0.0,1.0));
#16=DIRECTION('',(1.0,0.0,0.0));
#17=(NAMED_UNIT(#11)LENGTH_UNIT()SI_UNIT(.MILLI.,.METRE.));
#18=PRESENTATION_STYLE_ASSIGNMENT((#19));
#19=SURFACE_STYLE_USAGE(.BOTH.,#20);
#20=SURFACE_SIDE_STYLE('',(#21));
#21=SURFACE_STYLE_FILL_AREA(#22);
#22=FILL_AREA_STYLE('',(#23));
#23=FILL_AREA_STYLE_COLOUR('',#24);
#24=COLOUR_RGB('',0.9,0.9,0.9);
#25=SHAPE_DEFINITION_REPRESENTATION(#26,#27);
#26=PRODUCT_DEFINITION_SHAPE('productshape0','',#30);
#27=MANIFOLD_SURFACE_SHAPE_REPRESENTATION('',(#28,#9),#3);
#28=SHELL_BASED_SURFACE_MODEL('shell0',(#33));
#29=PRODUCT('product0','','',(#13));
#30=PRODUCT_DEFINITION('mesh0','',#31,#2);
#31=PRODUCT_DEFINITION_FORMATION_WITH_SPECIFIED_SOURCE('prodsource0','',#29,.NOT_KNOWN.);
#32=STYLED_ITEM('',(#18),#33);
#33=CLOSED_SHELL('',(#368,#390,#412,#434,#456,#478,#500,#522,#544,#566,#588,#610,#632,#654,#676,#698,#720,#742,#764,#786,#808,#830,#852,#874,#896,#918,#940,#962,#984,#1006,#1028,#1050,#1072,#1094,#1116,#1138,#1160,#1182,#1204,#1226,#1248,#1270,#1292,#1314,#1336,#1358,#1380,#1402,#1424,#1446,#1468,#1490,#1512,#1534,#1556,#1578,#1600,#1622,#1644,#1666,#1688,#1710,#1732,#1754,#1776,#1798,#1820,#1842,#1864,#1886,#1908,#1930,#1952,#1974,#1996,#2018,#2040,#2062,#2084,#2106,#2128,#2150,#2172,#2194,#2216,#2238,#2260,#2282,#2304,#2326,#2348,#2370,#2392,#2414,#2436,#2458,#2480,#2502,#2524,#2546,#2568,#2590,#2612,#2634,#2656,#2678,#2700,#2722,#2744,#2766,#2788,#2810,#2832,#2854,#2876,#2898,#2920,#2942,#2964,#2986,#3008,#3030,#3052,#3074,#3096,#3118,#3140,#3162,#3184,#3206,#3228,#3250,#3272,#3294,#3316,#3338,#3360,#3382,#3404,#3426,#3448,#3470,#3492,#3514,#3536,#3558,#3580,#3602,#3624,#3646,#3668,#3690,#3712,#3734,#3756,#3778,#3800,#3822,#3844,#3866,#3888,#3910,#3932,#3954,#3976,#3998,#4020,#4042,#4064,#4086,#4108,#4130,#4152,#4174,#4196,#4218,#4240,#4262,#4284,#4306,#4328,#4350,#4372,#4394,#4416,#4438,#4460,#4482,#4504,#4526,#4548,#4570,#4592,#4614,#4636,#4658,#4680,#4702,#4724,#4746,#4768,#4790,#4812,#4834,#4856,#4878,#4900,#4922,#4944,#4966,#4988,#5010,#5032,#5054,#5076,#5098,#5120,#5142,#5164,#5186,#5208,#5230,#5252,#5274,#5296,#5318,#5340,#5362,#5384,#5406,#5428,#5450,#5472,#5494,#5516,#5538,#5560,#5582,#5604,#5626,#5648,#5670,#5692,#5714,#5736,#5758,#5780,#5802,#5824,#5846,#5868,#5890,#5912,#5934,#5956,#5978,#6000,#6022,#6044,#6066,#6088,#6110,#6132,#6154,#6176,#6198,#6220,#6242,#6264,#6286,#6308,#6330,#6352,#6374,#6396,#6418,#6440,#6462,#6484,#6506,#6528,#6550,#6572,#6594,#6616,#6638,#6660,#6682,#6704,#6726,#6748,#6770,#6792,#6814,#6836,#6858,#6880,#6902,#6924,#6946,#6968,#6990,#7012,#7034,#7056,#7078,#7100,#7122,#7144,#7166,#7188,#7210,#7232,#7254,#7276,#7298,#7320,#7342,#7364,#7386,#7408,#7430,#7452,#7474,#7496,#7518,#7540,#7562,#7584,#7606,#7628,#7650,#7672,#7694,#7716,#7738,#7760,#7782));
#34=CARTESIAN_POINT('',(4.364856719970703,68.56816101074219,12.689104080200195));
#35=VERTEX_POINT('',#34);
#36=CARTESIAN_POINT('',(-181.20326232910156,68.56816101074219,12.689104080200195));
#37=VERTEX_POINT('',#36);
#38=CARTESIAN_POINT('',(-181.20326232910156,68.56816101074219,5.943489074707031));
#39=VERTEX_POINT('',#38);
#40=CARTESIAN_POINT('',(4.364857196807861,68.56816101074219,5.943489074707031));
#41=VERTEX_POINT('',#40);
#42=CARTESIAN_POINT('',(4.364857196807861,-70.86920928955078,5.943490982055664));
#43=VERTEX_POINT('',#42);
#44=CARTESIAN_POINT('',(-181.20326232910156,-70.86920928955078,5.943490982055664));
#45=VERTEX_POINT('',#44);
#46=CARTESIAN_POINT('',(-181.20326232910156,-70.86920928955078,12.689104080200195));
#47=VERTEX_POINT('',#46);
#48=CARTESIAN_POINT('',(4.364856719970703,-70.86920928955078,12.689104080200195));
#49=VERTEX_POINT('',#48);
#50=CARTESIAN_POINT('',(-181.20326232910156,68.51549530029297,8.624277114868164));
#51=VERTEX_POINT('',#50);
#52=CARTESIAN_POINT('',(-181.20326232910156,68.51549530029297,5.943489074707031));
#53=VERTEX_POINT('',#52);
#54=CARTESIAN_POINT('',(-181.20326232910156,-70.70890808105469,5.943490982055664));
#55=VERTEX_POINT('',#54);
#56=CARTESIAN_POINT('',(-181.20326232910156,-70.70890808105469,8.624277114868164));
#57=VERTEX_POINT('',#56);
#58=CARTESIAN_POINT('',(-181.20326232910156,67.5409164428711,8.624277114868164));
#59=VERTEX_POINT('',#58);
#60=CARTESIAN_POINT('',(-181.20326232910156,-69.64973449707031,8.624277114868164));
#61=VERTEX_POINT('',#60);
#62=CARTESIAN_POINT('',(-182.84344482421875,-70.70890808105469,8.624277114868164));
#63=VERTEX_POINT('',#62);
#64=CARTESIAN_POINT('',(-182.84344482421875,68.51549530029297,8.624277114868164));
#65=VERTEX_POINT('',#64);
#66=CARTESIAN_POINT('',(-182.84344482421875,68.51549530029297,5.943489074707031));
#67=VERTEX_POINT('',#66);
#68=CARTESIAN_POINT('',(-182.84344482421875,-70.70890808105469,5.943490982055664));
#69=VERTEX_POINT('',#68);
#70=CARTESIAN_POINT('',(-182.20614624023438,-70.70890808105469,5.943490982055664));
#71=VERTEX_POINT('',#70);
#72=CARTESIAN_POINT('',(-187.48269653320312,-70.91883087158203,12.689104080200195));
#73=VERTEX_POINT('',#72);
#74=CARTESIAN_POINT('',(-183.8297882080078,-73.52293395996094,12.689104080200195));
#75=VERTEX_POINT('',#74);
#76=CARTESIAN_POINT('',(-184.10049438476562,-72.35494232177734,12.689104080200195));
#77=VERTEX_POINT('',#76);
#78=CARTESIAN_POINT('',(-187.48269653320312,-70.91883087158203,5.985851287841797));
#79=VERTEX_POINT('',#78);
#80=CARTESIAN_POINT('',(-183.8297882080078,-73.52293395996094,5.985851287841797));
#81=VERTEX_POINT('',#80);
#82=CARTESIAN_POINT('',(4.364856719970703,-73.52293395996094,12.689104080200195));
#83=VERTEX_POINT('',#82);
#84=CARTESIAN_POINT('',(4.364857196807861,-73.52293395996094,5.985851287841797));
#85=VERTEX_POINT('',#84);
#86=CARTESIAN_POINT('',(-183.8297882080078,71.22188568115234,12.689104080200195));
#87=VERTEX_POINT('',#86);
#88=CARTESIAN_POINT('',(-187.48269653320312,68.61778259277344,12.689104080200195));
#89=VERTEX_POINT('',#88);
#90=CARTESIAN_POINT('',(-184.10049438476562,70.05389404296875,12.689104080200195));
#91=VERTEX_POINT('',#90);
#92=CARTESIAN_POINT('',(-183.8297882080078,71.22188568115234,5.985849380493164));
#93=VERTEX_POINT('',#92);
#94=CARTESIAN_POINT('',(-187.48269653320312,68.61778259277344,5.985849380493164));
#95=VERTEX_POINT('',#94);
#96=CARTESIAN_POINT('',(-184.91842651367188,-66.32405853271484,12.689104080200195));
#97=VERTEX_POINT('',#96);
#98=CARTESIAN_POINT('',(-185.1716766357422,-66.24723815917969,12.689104080200195));
#99=VERTEX_POINT('',#98);
#100=CARTESIAN_POINT('',(-183.90501403808594,-66.12248992919922,12.689104080200195));
#101=VERTEX_POINT('',#100);
#102=CARTESIAN_POINT('',(-184.13841247558594,-66.24723815917969,12.689104080200195));
#103=VERTEX_POINT('',#102);
#104=CARTESIAN_POINT('',(-184.3916473388672,-66.32405853271484,12.689104080200195));
#105=VERTEX_POINT('',#104);
#106=CARTESIAN_POINT('',(-184.65504455566406,-66.3499984741211,12.689104080200195));
#107=VERTEX_POINT('',#106);
#108=CARTESIAN_POINT('',(-185.60960388183594,65.95459747314453,12.689104080200195));
#109=VERTEX_POINT('',#108);
#110=CARTESIAN_POINT('',(-185.40602111816406,66.1216812133789,12.689104080200195));
#111=VERTEX_POINT('',#110);
#112=CARTESIAN_POINT('',(-185.40504455566406,-66.12248992919922,12.689104080200195));
#113=VERTEX_POINT('',#112);
#114=CARTESIAN_POINT('',(-185.60960388183594,-65.95459747314453,12.689104080200195));
#115=VERTEX_POINT('',#114);
#116=CARTESIAN_POINT('',(-185.77752685546875,65.75003051757812,12.689104080200195));
#117=VERTEX_POINT('',#116);
#118=CARTESIAN_POINT('',(-185.9022674560547,65.5166244506836,12.689104080200195));
#119=VERTEX_POINT('',#118);
#120=CARTESIAN_POINT('',(-185.77752685546875,-65.7500228881836,12.689104080200195));
#121=VERTEX_POINT('',#120);
#122=CARTESIAN_POINT('',(-185.9022674560547,-65.5166244506836,12.689104080200195));
#123=VERTEX_POINT('',#122);
#124=CARTESIAN_POINT('',(-185.97906494140625,65.26337432861328,12.689104080200195));
#125=VERTEX_POINT('',#124);
#126=CARTESIAN_POINT('',(-186.00502014160156,65.00000762939453,12.689104080200195));
#127=VERTEX_POINT('',#126);
#128=CARTESIAN_POINT('',(-185.97906494140625,-65.26337432861328,12.689104080200195));
#129=VERTEX_POINT('',#128);
#130=CARTESIAN_POINT('',(-186.00502014160156,-65,12.689104080200195));
#131=VERTEX_POINT('',#130);
#132=CARTESIAN_POINT('',(-185.97906494140625,64.73662567138672,12.689104080200195));
#133=VERTEX_POINT('',#132);
#134=CARTESIAN_POINT('',(-185.97906494140625,-64.73663330078125,12.689104080200195));
#135=VERTEX_POINT('',#134);
#136=CARTESIAN_POINT('',(-185.9022674560547,64.4833755493164,12.689104080200195));
#137=VERTEX_POINT('',#136);
#138=CARTESIAN_POINT('',(-185.9022674560547,-64.48338317871094,12.689104080200195));
#139=VERTEX_POINT('',#138);
#140=CARTESIAN_POINT('',(-185.77752685546875,64.24998474121094,12.689104080200195));
#141=VERTEX_POINT('',#140);
#142=CARTESIAN_POINT('',(-185.77752685546875,-64.24998474121094,12.689104080200195));
#143=VERTEX_POINT('',#142);
#144=CARTESIAN_POINT('',(-185.60960388183594,64.04541015625,12.689104080200195));
#145=VERTEX_POINT('',#144);
#146=CARTESIAN_POINT('',(-185.60960388183594,-64.04541015625,12.689104080200195));
#147=VERTEX_POINT('',#146);
#148=CARTESIAN_POINT('',(-185.40504455566406,63.877525329589844,12.689104080200195));
#149=VERTEX_POINT('',#148);
#150=CARTESIAN_POINT('',(-185.40504455566406,-63.87751770019531,12.689104080200195));
#151=VERTEX_POINT('',#150);
#152=CARTESIAN_POINT('',(-185.1716766357422,63.75275802612305,12.689104080200195));
#153=VERTEX_POINT('',#152);
#154=CARTESIAN_POINT('',(-185.1716766357422,-63.75276565551758,12.689104080200195));
#155=VERTEX_POINT('',#154);
#156=CARTESIAN_POINT('',(-184.91842651367188,63.675941467285156,12.689104080200195));
#157=VERTEX_POINT('',#156);
#158=CARTESIAN_POINT('',(-184.91842651367188,-63.675941467285156,12.689104080200195));
#159=VERTEX_POINT('',#158);
#160=CARTESIAN_POINT('',(-184.65504455566406,63.65000915527344,12.689104080200195));
#161=VERTEX_POINT('',#160);
#162=CARTESIAN_POINT('',(-184.65504455566406,-63.650001525878906,12.689104080200195));
#163=VERTEX_POINT('',#162);
#164=CARTESIAN_POINT('',(-184.3916473388672,63.675941467285156,12.689104080200195));
#165=VERTEX_POINT('',#164);
#166=CARTESIAN_POINT('',(-184.3916473388672,-63.675941467285156,12.689104080200195));
#167=VERTEX_POINT('',#166);
#168=CARTESIAN_POINT('',(-184.13841247558594,63.75275802612305,12.689104080200195));
#169=VERTEX_POINT('',#168);
#170=CARTESIAN_POINT('',(-184.13841247558594,-63.75276565551758,12.689104080200195));
#171=VERTEX_POINT('',#170);
#172=CARTESIAN_POINT('',(-183.90501403808594,63.877525329589844,12.689104080200195));
#173=VERTEX_POINT('',#172);
#174=CARTESIAN_POINT('',(-183.90501403808594,-63.87751770019531,12.689104080200195));
#175=VERTEX_POINT('',#174);
#176=CARTESIAN_POINT('',(-183.700439453125,64.04541015625,12.689104080200195));
#177=VERTEX_POINT('',#176);
#178=CARTESIAN_POINT('',(-183.700439453125,-64.04541015625,12.689104080200195));
#179=VERTEX_POINT('',#178);
#180=CARTESIAN_POINT('',(-183.53253173828125,64.24998474121094,12.689104080200195));
#181=VERTEX_POINT('',#180);
#182=CARTESIAN_POINT('',(-183.53253173828125,-64.24998474121094,12.689104080200195));
#183=VERTEX_POINT('',#182);
#184=CARTESIAN_POINT('',(-183.4077911376953,64.4833755493164,12.689104080200195));
#185=VERTEX_POINT('',#184);
#186=CARTESIAN_POINT('',(-183.4077911376953,-64.48338317871094,12.689104080200195));
#187=VERTEX_POINT('',#186);
#188=CARTESIAN_POINT('',(-183.3309783935547,64.73662567138672,12.689104080200195));
#189=VERTEX_POINT('',#188);
#190=CARTESIAN_POINT('',(-183.3309783935547,-64.73663330078125,12.689104080200195));
#191=VERTEX_POINT('',#190);
#192=CARTESIAN_POINT('',(-183.30503845214844,65.00000762939453,12.689104080200195));
#193=VERTEX_POINT('',#192);
#194=CARTESIAN_POINT('',(-183.30503845214844,-65,12.689104080200195));
#195=VERTEX_POINT('',#194);
#196=CARTESIAN_POINT('',(-183.700439453125,-65.95459747314453,12.689104080200195));
#197=VERTEX_POINT('',#196);
#198=CARTESIAN_POINT('',(-183.700439453125,65.95459747314453,12.689104080200195));
#199=VERTEX_POINT('',#198);
#200=CARTESIAN_POINT('',(-183.53253173828125,65.75003051757812,12.689104080200195));
#201=VERTEX_POINT('',#200);
#202=CARTESIAN_POINT('',(-183.4077911376953,65.5166244506836,12.689104080200195));
#203=VERTEX_POINT('',#202);
#204=CARTESIAN_POINT('',(-183.53253173828125,-65.7500228881836,12.689104080200195));
#205=VERTEX_POINT('',#204);
#206=CARTESIAN_POINT('',(-183.4077911376953,-65.5166244506836,12.689104080200195));
#207=VERTEX_POINT('',#206);
#208=CARTESIAN_POINT('',(-183.3309783935547,65.26337432861328,12.689104080200195));
#209=VERTEX_POINT('',#208);
#210=CARTESIAN_POINT('',(-183.3309783935547,-65.26337432861328,12.689104080200195));
#211=VERTEX_POINT('',#210);
#212=CARTESIAN_POINT('',(-183.90501403808594,66.12248229980469,12.689104080200195));
#213=VERTEX_POINT('',#212);
#214=CARTESIAN_POINT('',(-185.40504455566406,66.12248229980469,12.689104080200195));
#215=VERTEX_POINT('',#214);
#216=CARTESIAN_POINT('',(-185.1716766357422,66.24723815917969,12.689104080200195));
#217=VERTEX_POINT('',#216);
#218=CARTESIAN_POINT('',(-184.13841247558594,66.24723815917969,12.689104080200195));
#219=VERTEX_POINT('',#218);
#220=CARTESIAN_POINT('',(-184.91842651367188,66.32405090332031,12.689104080200195));
#221=VERTEX_POINT('',#220);
#222=CARTESIAN_POINT('',(-184.65504455566406,66.35000610351562,12.689104080200195));
#223=VERTEX_POINT('',#222);
#224=CARTESIAN_POINT('',(-184.3916473388672,66.32405090332031,12.689104080200195));
#225=VERTEX_POINT('',#224);
#226=CARTESIAN_POINT('',(4.364856719970703,71.22188568115234,12.689104080200195));
#227=VERTEX_POINT('',#226);
#228=CARTESIAN_POINT('',(4.364857196807861,71.22188568115234,5.985849380493164));
#229=VERTEX_POINT('',#228);
#230=CARTESIAN_POINT('',(4.364857196807861,69.98001098632812,5.985849380493164));
#231=VERTEX_POINT('',#230);
#232=CARTESIAN_POINT('',(4.364857196807861,69.93429565429688,5.965295791625977));
#233=VERTEX_POINT('',#232);
#234=CARTESIAN_POINT('',(-184.3916473388672,-66.32405853271484,5.985851287841797));
#235=VERTEX_POINT('',#234);
#236=CARTESIAN_POINT('',(-184.13841247558594,-66.24723815917969,5.985851287841797));
#237=VERTEX_POINT('',#236);
#238=CARTESIAN_POINT('',(-185.1716766357422,-66.24723815917969,5.985851287841797));
#239=VERTEX_POINT('',#238);
#240=CARTESIAN_POINT('',(-184.91842651367188,-66.32405853271484,5.985851287841797));
#241=VERTEX_POINT('',#240);
#242=CARTESIAN_POINT('',(-184.65504455566406,-66.3499984741211,5.985851287841797));
#243=VERTEX_POINT('',#242);
#244=CARTESIAN_POINT('',(-185.40504455566406,66.12248229980469,5.985849380493164));
#245=VERTEX_POINT('',#244);
#246=CARTESIAN_POINT('',(-185.54345703125,66.00888061523438,5.985849380493164));
#247=VERTEX_POINT('',#246);
#248=CARTESIAN_POINT('',(-183.90501403808594,66.12248229980469,5.985849380493164));
#249=VERTEX_POINT('',#248);
#250=CARTESIAN_POINT('',(-184.13841247558594,66.24723815917969,5.985849380493164));
#251=VERTEX_POINT('',#250);
#252=CARTESIAN_POINT('',(-185.1716766357422,66.24723815917969,5.985849380493164));
#253=VERTEX_POINT('',#252);
#254=CARTESIAN_POINT('',(-184.91842651367188,66.32405090332031,5.985849380493164));
#255=VERTEX_POINT('',#254);
#256=CARTESIAN_POINT('',(-184.3916473388672,66.32405090332031,5.985849380493164));
#257=VERTEX_POINT('',#256);
#258=CARTESIAN_POINT('',(-184.65504455566406,66.35000610351562,5.985849380493164));
#259=VERTEX_POINT('',#258);
#260=CARTESIAN_POINT('',(-183.700439453125,65.95459747314453,5.985849380493164));
#261=VERTEX_POINT('',#260);
#262=CARTESIAN_POINT('',(-183.90501403808594,-66.12248992919922,5.985851287841797));
#263=VERTEX_POINT('',#262);
#264=CARTESIAN_POINT('',(-183.700439453125,-65.95459747314453,5.985851287841797));
#265=VERTEX_POINT('',#264);
#266=CARTESIAN_POINT('',(-183.53253173828125,65.75003051757812,5.985849380493164));
#267=VERTEX_POINT('',#266);
#268=CARTESIAN_POINT('',(-183.4077911376953,65.5166244506836,5.985849380493164));
#269=VERTEX_POINT('',#268);
#270=CARTESIAN_POINT('',(-183.53253173828125,-65.7500228881836,5.985851287841797));
#271=VERTEX_POINT('',#270);
#272=CARTESIAN_POINT('',(-183.4077911376953,-65.5166244506836,5.985851287841797));
#273=VERTEX_POINT('',#272);
#274=CARTESIAN_POINT('',(-183.3309783935547,65.26337432861328,5.985849380493164));
#275=VERTEX_POINT('',#274);
#276=CARTESIAN_POINT('',(-183.30503845214844,65.00000762939453,5.985849380493164));
#277=VERTEX_POINT('',#276);
#278=CARTESIAN_POINT('',(-183.3309783935547,-65.26337432861328,5.985851287841797));
#279=VERTEX_POINT('',#278);
#280=CARTESIAN_POINT('',(-183.30503845214844,-65,5.985851287841797));
#281=VERTEX_POINT('',#280);
#282=CARTESIAN_POINT('',(-183.3309783935547,64.73662567138672,5.985849380493164));
#283=VERTEX_POINT('',#282);
#284=CARTESIAN_POINT('',(-183.4077911376953,64.4833755493164,5.985849380493164));
#285=VERTEX_POINT('',#284);
#286=CARTESIAN_POINT('',(-183.3309783935547,-64.73663330078125,5.985851287841797));
#287=VERTEX_POINT('',#286);
#288=CARTESIAN_POINT('',(-183.53253173828125,64.24998474121094,5.985849380493164));
#289=VERTEX_POINT('',#288);
#290=CARTESIAN_POINT('',(-183.4077911376953,-64.48338317871094,5.985851287841797));
#291=VERTEX_POINT('',#290);
#292=CARTESIAN_POINT('',(-183.700439453125,64.04541015625,5.985849380493164));
#293=VERTEX_POINT('',#292);
#294=CARTESIAN_POINT('',(-183.53253173828125,-64.24998474121094,5.985851287841797));
#295=VERTEX_POINT('',#294);
#296=CARTESIAN_POINT('',(-183.90501403808594,63.877525329589844,5.985849380493164));
#297=VERTEX_POINT('',#296);
#298=CARTESIAN_POINT('',(-183.700439453125,-64.04541015625,5.985851287841797));
#299=VERTEX_POINT('',#298);
#300=CARTESIAN_POINT('',(-184.13841247558594,63.75275802612305,5.985849380493164));
#301=VERTEX_POINT('',#300);
#302=CARTESIAN_POINT('',(-183.90501403808594,-63.87751770019531,5.985851287841797));
#303=VERTEX_POINT('',#302);
#304=CARTESIAN_POINT('',(-184.3916473388672,63.675941467285156,5.985849380493164));
#305=VERTEX_POINT('',#304);
#306=CARTESIAN_POINT('',(-184.13841247558594,-63.75276565551758,5.985851287841797));
#307=VERTEX_POINT('',#306);
#308=CARTESIAN_POINT('',(-184.65504455566406,63.65000915527344,5.985849380493164));
#309=VERTEX_POINT('',#308);
#310=CARTESIAN_POINT('',(-184.3916473388672,-63.675941467285156,5.985851287841797));
#311=VERTEX_POINT('',#310);
#312=CARTESIAN_POINT('',(-184.91842651367188,63.675941467285156,5.985849380493164));
#313=VERTEX_POINT('',#312);
#314=CARTESIAN_POINT('',(-184.65504455566406,-63.650001525878906,5.985851287841797));
#315=VERTEX_POINT('',#314);
#316=CARTESIAN_POINT('',(-185.1716766357422,63.75275802612305,5.985849380493164));
#317=VERTEX_POINT('',#316);
#318=CARTESIAN_POINT('',(-184.91842651367188,-63.675941467285156,5.985851287841797));
#319=VERTEX_POINT('',#318);
#320=CARTESIAN_POINT('',(-185.40504455566406,63.877525329589844,5.985849380493164));
#321=VERTEX_POINT('',#320);
#322=CARTESIAN_POINT('',(-185.1716766357422,-63.75276565551758,5.985851287841797));
#323=VERTEX_POINT('',#322);
#324=CARTESIAN_POINT('',(-185.60960388183594,64.04541015625,5.985849380493164));
#325=VERTEX_POINT('',#324);
#326=CARTESIAN_POINT('',(-185.40504455566406,-63.87751770019531,5.985851287841797));
#327=VERTEX_POINT('',#326);
#328=CARTESIAN_POINT('',(-185.77752685546875,64.24998474121094,5.985849380493164));
#329=VERTEX_POINT('',#328);
#330=CARTESIAN_POINT('',(-185.60960388183594,-64.04541015625,5.985851287841797));
#331=VERTEX_POINT('',#330);
#332=CARTESIAN_POINT('',(-185.9022674560547,64.4833755493164,5.985849380493164));
#333=VERTEX_POINT('',#332);
#334=CARTESIAN_POINT('',(-185.77752685546875,-64.24998474121094,5.985851287841797));
#335=VERTEX_POINT('',#334);
#336=CARTESIAN_POINT('',(-185.97906494140625,64.73662567138672,5.985849380493164));
#337=VERTEX_POINT('',#336);
#338=CARTESIAN_POINT('',(-185.9022674560547,-64.48338317871094,5.985851287841797));
#339=VERTEX_POINT('',#338);
#340=CARTESIAN_POINT('',(-186.00502014160156,65.00000762939453,5.985849380493164));
#341=VERTEX_POINT('',#340);
#342=CARTESIAN_POINT('',(-185.97906494140625,-64.73663330078125,5.985851287841797));
#343=VERTEX_POINT('',#342);
#344=CARTESIAN_POINT('',(-186.00502014160156,-65,5.985851287841797));
#345=VERTEX_POINT('',#344);
#346=CARTESIAN_POINT('',(-185.60960388183594,65.95459747314453,5.985849380493164));
#347=VERTEX_POINT('',#346);
#348=CARTESIAN_POINT('',(-185.40504455566406,-66.12248992919922,5.985851287841797));
#349=VERTEX_POINT('',#348);
#350=CARTESIAN_POINT('',(-185.60960388183594,-65.95459747314453,5.985851287841797));
#351=VERTEX_POINT('',#350);
#352=CARTESIAN_POINT('',(-185.77752685546875,65.75003051757812,5.985849380493164));
#353=VERTEX_POINT('',#352);
#354=CARTESIAN_POINT('',(-185.9022674560547,65.5166244506836,5.985849380493164));
#355=VERTEX_POINT('',#354);
#356=CARTESIAN_POINT('',(-185.77752685546875,-65.7500228881836,5.985851287841797));
#357=VERTEX_POINT('',#356);
#358=CARTESIAN_POINT('',(-185.9022674560547,-65.5166244506836,5.985851287841797));
#359=VERTEX_POINT('',#358);
#360=CARTESIAN_POINT('',(-185.97906494140625,65.26337432861328,5.985849380493164));
#361=VERTEX_POINT('',#360);
#362=CARTESIAN_POINT('',(-185.97906494140625,-65.26337432861328,5.985851287841797));
#363=VERTEX_POINT('',#362);
#364=CARTESIAN_POINT('',(4.364857196807861,-70.89450073242188,5.965078353881836));
#365=VERTEX_POINT('',#364);
#366=CARTESIAN_POINT('',(4.364857196807861,-72.1866455078125,5.985851287841797));
#367=VERTEX_POINT('',#366);
#368=FACE_SURFACE('',(#373),#369,.T.);
#369=PLANE('',#370);
#370=AXIS2_PLACEMENT_3D('',#34,#371,#372);
#371=DIRECTION('',(-0,-1,0));
#372=DIRECTION('',(-1,0,0));
#373=FACE_BOUND('',#374,.T.);
#374=EDGE_LOOP('',(#375,#376,#377));
#375=ORIENTED_EDGE('',*,*,#378,.T.);
#376=ORIENTED_EDGE('',*,*,#379,.T.);
#377=ORIENTED_EDGE('',*,*,#380,.T.);
#378=EDGE_CURVE('',#35,#37,#381,.F.);
#379=EDGE_CURVE('',#37,#39,#382,.T.);
#380=EDGE_CURVE('',#39,#35,#383,.T.);
#381=LINE('',#34,#384);
#382=LINE('',#36,#385);
#383=LINE('',#38,#386);
#384=VECTOR('',#387,1.0);
#385=VECTOR('',#388,1.0);
#386=VECTOR('',#389,1.0);
#387=DIRECTION('',(-1,0,0));
#388=DIRECTION('',(0,0,-1));
#389=DIRECTION('',(0.999339950926609,0,0.03632715901364867));
#390=FACE_SURFACE('',(#395),#391,.T.);
#391=PLANE('',#392);
#392=AXIS2_PLACEMENT_3D('',#34,#393,#394);
#393=DIRECTION('',(0,-1,-0));
#394=DIRECTION('',(-0.999339950926609,0,-0.03632715901364867));
#395=FACE_BOUND('',#396,.T.);
#396=EDGE_LOOP('',(#397,#398,#399));
#397=ORIENTED_EDGE('',*,*,#400,.T.);
#398=ORIENTED_EDGE('',*,*,#401,.T.);
#399=ORIENTED_EDGE('',*,*,#402,.T.);
#400=EDGE_CURVE('',#35,#39,#403,.F.);
#401=EDGE_CURVE('',#39,#41,#404,.T.);
#402=EDGE_CURVE('',#41,#35,#405,.T.);
#403=LINE('',#34,#406);
#404=LINE('',#38,#407);
#405=LINE('',#40,#408);
#406=VECTOR('',#409,1.0);
#407=VECTOR('',#410,1.0);
#408=VECTOR('',#411,1.0);
#409=DIRECTION('',(-0.999339950926609,0,-0.03632715901364867));
#410=DIRECTION('',(1,0,0));
#411=DIRECTION('',(-7.068846321867176E-08,0,0.9999999999999974));
#412=FACE_SURFACE('',(#417),#413,.T.);
#413=PLANE('',#414);
#414=AXIS2_PLACEMENT_3D('',#42,#415,#416);
#415=DIRECTION('',(0,1,0));
#416=DIRECTION('',(-1,0,0));
#417=FACE_BOUND('',#418,.T.);
#418=EDGE_LOOP('',(#419,#420,#421));
#419=ORIENTED_EDGE('',*,*,#422,.T.);
#420=ORIENTED_EDGE('',*,*,#423,.T.);
#421=ORIENTED_EDGE('',*,*,#424,.T.);
#422=EDGE_CURVE('',#43,#45,#425,.F.);
#423=EDGE_CURVE('',#45,#47,#426,.T.);
#424=EDGE_CURVE('',#47,#43,#427,.T.);
#425=LINE('',#42,#428);
#426=LINE('',#44,#429);
#427=LINE('',#46,#430);
#428=VECTOR('',#431,1.0);
#429=VECTOR('',#432,1.0);
#430=VECTOR('',#433,1.0);
#431=DIRECTION('',(-1,0,0));
#432=DIRECTION('',(0,0,1));
#433=DIRECTION('',(0.9993399513028909,0,-0.03632714866233628));
#434=FACE_SURFACE('',(#439),#435,.T.);
#435=PLANE('',#436);
#436=AXIS2_PLACEMENT_3D('',#42,#437,#438);
#437=DIRECTION('',(0,1,0));
#438=DIRECTION('',(-0.9993399513028909,0,0.03632714866233628));
#439=FACE_BOUND('',#440,.T.);
#440=EDGE_LOOP('',(#441,#442,#443));
#441=ORIENTED_EDGE('',*,*,#444,.T.);
#442=ORIENTED_EDGE('',*,*,#445,.T.);
#443=ORIENTED_EDGE('',*,*,#446,.T.);
#444=EDGE_CURVE('',#43,#47,#447,.F.);
#445=EDGE_CURVE('',#47,#49,#448,.T.);
#446=EDGE_CURVE('',#49,#43,#449,.T.);
#447=LINE('',#42,#450);
#448=LINE('',#46,#451);
#449=LINE('',#48,#452);
#450=VECTOR('',#453,1.0);
#451=VECTOR('',#454,1.0);
#452=VECTOR('',#455,1.0);
#453=DIRECTION('',(-0.9993399513028909,0,0.03632714866233628));
#454=DIRECTION('',(1,0,0));
#455=DIRECTION('',(7.068848320611273E-08,0,-0.9999999999999974));
#456=FACE_SURFACE('',(#461),#457,.T.);
#457=PLANE('',#458);
#458=AXIS2_PLACEMENT_3D('',#50,#459,#460);
#459=DIRECTION('',(1,0,0));
#460=DIRECTION('',(0,0,-1));
#461=FACE_BOUND('',#462,.T.);
#462=EDGE_LOOP('',(#463,#464,#465));
#463=ORIENTED_EDGE('',*,*,#466,.T.);
#464=ORIENTED_EDGE('',*,*,#467,.T.);
#465=ORIENTED_EDGE('',*,*,#468,.T.);
#466=EDGE_CURVE('',#51,#53,#469,.F.);
#467=EDGE_CURVE('',#53,#39,#470,.T.);
#468=EDGE_CURVE('',#39,#51,#471,.T.);
#469=LINE('',#50,#472);
#470=LINE('',#52,#473);
#471=LINE('',#38,#474);
#472=VECTOR('',#475,1.0);
#473=VECTOR('',#476,1.0);
#474=VECTOR('',#477,1.0);
#475=DIRECTION('',(0,0,-1));
#476=DIRECTION('',(0,1,0));
#477=DIRECTION('',(0,-0.01964181779323401,0.9998070808879967));
#478=FACE_SURFACE('',(#483),#479,.T.);
#479=PLANE('',#480);
#480=AXIS2_PLACEMENT_3D('',#46,#481,#482);
#481=DIRECTION('',(1,0,0));
#482=DIRECTION('',(0,0,-1));
#483=FACE_BOUND('',#484,.T.);
#484=EDGE_LOOP('',(#485,#486,#487));
#485=ORIENTED_EDGE('',*,*,#488,.T.);
#486=ORIENTED_EDGE('',*,*,#489,.T.);
#487=ORIENTED_EDGE('',*,*,#490,.T.);
#488=EDGE_CURVE('',#47,#45,#491,.F.);
#489=EDGE_CURVE('',#45,#55,#492,.T.);
#490=EDGE_CURVE('',#55,#47,#493,.T.);
#491=LINE('',#46,#494);
#492=LINE('',#44,#495);
#493=LINE('',#54,#496);
#494=VECTOR('',#497,1.0);
#495=VECTOR('',#498,1.0);
#496=VECTOR('',#499,1.0);
#497=DIRECTION('',(0,0,-1));
#498=DIRECTION('',(0,1,0));
#499=DIRECTION('',(0,-0.02375706446990604,0.9997177611144922));
#500=FACE_SURFACE('',(#505),#501,.T.);
#501=PLANE('',#502);
#502=AXIS2_PLACEMENT_3D('',#46,#503,#504);
#503=DIRECTION('',(1,0,0));
#504=DIRECTION('',(0,0.02375706446990604,-0.9997177611144922));
#505=FACE_BOUND('',#506,.T.);
#506=EDGE_LOOP('',(#507,#508,#509));
#507=ORIENTED_EDGE('',*,*,#510,.T.);
#508=ORIENTED_EDGE('',*,*,#511,.T.);
#509=ORIENTED_EDGE('',*,*,#512,.T.);
#510=EDGE_CURVE('',#47,#55,#513,.F.);
#511=EDGE_CURVE('',#55,#57,#514,.T.);
#512=EDGE_CURVE('',#57,#47,#515,.T.);
#513=LINE('',#46,#516);
#514=LINE('',#54,#517);
#515=LINE('',#56,#518);
#516=VECTOR('',#519,1.0);
#517=VECTOR('',#520,1.0);
#518=VECTOR('',#521,1.0);
#519=DIRECTION('',(0,0.02375706446990604,-0.9997177611144922));
#520=DIRECTION('',(0,0,1));
#521=DIRECTION('',(0,-0.039405540241792006,0.9992233000677337));
#522=FACE_SURFACE('',(#527),#523,.T.);
#523=PLANE('',#524);
#524=AXIS2_PLACEMENT_3D('',#50,#525,#526);
#525=DIRECTION('',(1,-0,0));
#526=DIRECTION('',(0,0.01964181779323401,-0.9998070808879967));
#527=FACE_BOUND('',#528,.T.);
#528=EDGE_LOOP('',(#529,#530,#531));
#529=ORIENTED_EDGE('',*,*,#532,.T.);
#530=ORIENTED_EDGE('',*,*,#533,.T.);
#531=ORIENTED_EDGE('',*,*,#534,.T.);
#532=EDGE_CURVE('',#51,#39,#535,.F.);
#533=EDGE_CURVE('',#39,#37,#536,.T.);
#534=EDGE_CURVE('',#37,#51,#537,.T.);
#535=LINE('',#50,#538);
#536=LINE('',#38,#539);
#537=LINE('',#36,#540);
#538=VECTOR('',#541,1.0);
#539=VECTOR('',#542,1.0);
#540=VECTOR('',#543,1.0);
#541=DIRECTION('',(0,0.01964181779323401,-0.9998070808879967));
#542=DIRECTION('',(0,0,1));
#543=DIRECTION('',(0,-0.012955358486812769,-0.9999160758216052));
#544=FACE_SURFACE('',(#549),#545,.T.);
#545=PLANE('',#546);
#546=AXIS2_PLACEMENT_3D('',#58,#547,#548);
#547=DIRECTION('',(1,0,0));
#548=DIRECTION('',(0,1,0));
#549=FACE_BOUND('',#550,.T.);
#550=EDGE_LOOP('',(#551,#552,#553));
#551=ORIENTED_EDGE('',*,*,#554,.T.);
#552=ORIENTED_EDGE('',*,*,#555,.T.);
#553=ORIENTED_EDGE('',*,*,#556,.T.);
#554=EDGE_CURVE('',#59,#51,#557,.F.);
#555=EDGE_CURVE('',#51,#37,#558,.T.);
#556=EDGE_CURVE('',#37,#59,#559,.T.);
#557=LINE('',#58,#560);
#558=LINE('',#50,#561);
#559=LINE('',#36,#562);
#560=VECTOR('',#563,1.0);
#561=VECTOR('',#564,1.0);
#562=VECTOR('',#565,1.0);
#563=DIRECTION('',(0,1,0));
#564=DIRECTION('',(0,0.012955358486812769,0.9999160758216052));
#565=DIRECTION('',(0,-0.24501265127782587,-0.9695198815464336));
#566=FACE_SURFACE('',(#571),#567,.T.);
#567=PLANE('',#568);
#568=AXIS2_PLACEMENT_3D('',#36,#569,#570);
#569=DIRECTION('',(1,0,0));
#570=DIRECTION('',(0,-1,0));
#571=FACE_BOUND('',#572,.T.);
#572=EDGE_LOOP('',(#573,#574,#575));
#573=ORIENTED_EDGE('',*,*,#576,.T.);
#574=ORIENTED_EDGE('',*,*,#577,.T.);
#575=ORIENTED_EDGE('',*,*,#578,.T.);
#576=EDGE_CURVE('',#37,#47,#579,.F.);
#577=EDGE_CURVE('',#47,#57,#580,.T.);
#578=EDGE_CURVE('',#57,#37,#581,.T.);
#579=LINE('',#36,#582);
#580=LINE('',#46,#583);
#581=LINE('',#56,#584);
#582=VECTOR('',#585,1.0);
#583=VECTOR('',#586,1.0);
#584=VECTOR('',#587,1.0);
#585=DIRECTION('',(0,-1,0));
#586=DIRECTION('',(0,0.039405540241792006,-0.9992233000677337));
#587=DIRECTION('',(0,0.9995743843785946,0.02917276288172971));
#588=FACE_SURFACE('',(#593),#589,.T.);
#589=PLANE('',#590);
#590=AXIS2_PLACEMENT_3D('',#60,#591,#592);
#591=DIRECTION('',(1,0,0));
#592=DIRECTION('',(0,1,0));
#593=FACE_BOUND('',#594,.T.);
#594=EDGE_LOOP('',(#595,#596,#597));
#595=ORIENTED_EDGE('',*,*,#598,.T.);
#596=ORIENTED_EDGE('',*,*,#599,.T.);
#597=ORIENTED_EDGE('',*,*,#600,.T.);
#598=EDGE_CURVE('',#61,#59,#601,.F.);
#599=EDGE_CURVE('',#59,#37,#602,.T.);
#600=EDGE_CURVE('',#37,#61,#603,.T.);
#601=LINE('',#60,#604);
#602=LINE('',#58,#605);
#603=LINE('',#36,#606);
#604=VECTOR('',#607,1.0);
#605=VECTOR('',#608,1.0);
#606=VECTOR('',#609,1.0);
#607=DIRECTION('',(0,1,0));
#608=DIRECTION('',(0,0.24501265127782587,0.9695198815464336));
#609=DIRECTION('',(0,-0.9995678405837204,-0.029396123397449347));
#610=FACE_SURFACE('',(#615),#611,.T.);
#611=PLANE('',#612);
#612=AXIS2_PLACEMENT_3D('',#36,#613,#614);
#613=DIRECTION('',(1,0,0));
#614=DIRECTION('',(0,-0.9995743843785946,-0.02917276288172971));
#615=FACE_BOUND('',#616,.T.);
#616=EDGE_LOOP('',(#617,#618,#619));
#617=ORIENTED_EDGE('',*,*,#620,.T.);
#618=ORIENTED_EDGE('',*,*,#621,.T.);
#619=ORIENTED_EDGE('',*,*,#622,.T.);
#620=EDGE_CURVE('',#37,#57,#623,.F.);
#621=EDGE_CURVE('',#57,#61,#624,.T.);
#622=EDGE_CURVE('',#61,#37,#625,.T.);
#623=LINE('',#36,#626);
#624=LINE('',#56,#627);
#625=LINE('',#60,#628);
#626=VECTOR('',#629,1.0);
#627=VECTOR('',#630,1.0);
#628=VECTOR('',#631,1.0);
#629=DIRECTION('',(0,-0.9995743843785946,-0.02917276288172971));
#630=DIRECTION('',(0,1,0));
#631=DIRECTION('',(0,0.9995678405837204,0.029396123397449347));
#632=FACE_SURFACE('',(#637),#633,.T.);
#633=PLANE('',#634);
#634=AXIS2_PLACEMENT_3D('',#56,#635,#636);
#635=DIRECTION('',(0,0,-1));
#636=DIRECTION('',(-1,0,0));
#637=FACE_BOUND('',#638,.T.);
#638=EDGE_LOOP('',(#639,#640,#641));
#639=ORIENTED_EDGE('',*,*,#642,.T.);
#640=ORIENTED_EDGE('',*,*,#643,.T.);
#641=ORIENTED_EDGE('',*,*,#644,.T.);
#642=EDGE_CURVE('',#57,#63,#645,.F.);
#643=EDGE_CURVE('',#63,#61,#646,.T.);
#644=EDGE_CURVE('',#61,#57,#647,.T.);
#645=LINE('',#56,#648);
#646=LINE('',#62,#649);
#647=LINE('',#60,#650);
#648=VECTOR('',#651,1.0);
#649=VECTOR('',#652,1.0);
#650=VECTOR('',#653,1.0);
#651=DIRECTION('',(-1,0,0));
#652=DIRECTION('',(0.8400652735379054,0.5424853327009719,0));
#653=DIRECTION('',(0,-1,0));
#654=FACE_SURFACE('',(#659),#655,.T.);
#655=PLANE('',#656);
#656=AXIS2_PLACEMENT_3D('',#64,#657,#658);
#657=DIRECTION('',(0,0,-1));
#658=DIRECTION('',(1,0,0));
#659=FACE_BOUND('',#660,.T.);
#660=EDGE_LOOP('',(#661,#662,#663));
#661=ORIENTED_EDGE('',*,*,#664,.T.);
#662=ORIENTED_EDGE('',*,*,#665,.T.);
#663=ORIENTED_EDGE('',*,*,#666,.T.);
#664=EDGE_CURVE('',#65,#51,#667,.F.);
#665=EDGE_CURVE('',#51,#59,#668,.T.);
#666=EDGE_CURVE('',#59,#65,#669,.T.);
#667=LINE('',#64,#670);
#668=LINE('',#50,#671);
#669=LINE('',#58,#672);
#670=VECTOR('',#673,1.0);
#671=VECTOR('',#674,1.0);
#672=VECTOR('',#675,1.0);
#673=DIRECTION('',(1,0,0));
#674=DIRECTION('',(0,-1,0));
#675=DIRECTION('',(-0.8596889164538442,0.5108179391196196,0));
#676=FACE_SURFACE('',(#681),#677,.T.);
#677=PLANE('',#678);
#678=AXIS2_PLACEMENT_3D('',#62,#679,#680);
#679=DIRECTION('',(0,0,-1));
#680=DIRECTION('',(0,1,0));
#681=FACE_BOUND('',#682,.T.);
#682=EDGE_LOOP('',(#683,#684,#685));
#683=ORIENTED_EDGE('',*,*,#686,.T.);
#684=ORIENTED_EDGE('',*,*,#687,.T.);
#685=ORIENTED_EDGE('',*,*,#688,.T.);
#686=EDGE_CURVE('',#63,#65,#689,.F.);
#687=EDGE_CURVE('',#65,#59,#690,.T.);
#688=EDGE_CURVE('',#59,#63,#691,.T.);
#689=LINE('',#62,#692);
#690=LINE('',#64,#693);
#691=LINE('',#58,#694);
#692=VECTOR('',#695,1.0);
#693=VECTOR('',#696,1.0);
#694=VECTOR('',#697,1.0);
#695=DIRECTION('',(0,1,0));
#696=DIRECTION('',(0.8596889164538442,-0.5108179391196196,0));
#697=DIRECTION('',(-0.011863068060359538,-0.9999296313322229,0));
#698=FACE_SURFACE('',(#703),#699,.T.);
#699=PLANE('',#700);
#700=AXIS2_PLACEMENT_3D('',#62,#701,#702);
#701=DIRECTION('',(0,0,-1));
#702=DIRECTION('',(0.011863068060359538,0.9999296313322229,0));
#703=FACE_BOUND('',#704,.T.);
#704=EDGE_LOOP('',(#705,#706,#707));
#705=ORIENTED_EDGE('',*,*,#708,.T.);
#706=ORIENTED_EDGE('',*,*,#709,.T.);
#707=ORIENTED_EDGE('',*,*,#710,.T.);
#708=EDGE_CURVE('',#63,#59,#711,.F.);
#709=EDGE_CURVE('',#59,#61,#712,.T.);
#710=EDGE_CURVE('',#61,#63,#713,.T.);
#711=LINE('',#62,#714);
#712=LINE('',#58,#715);
#713=LINE('',#60,#716);
#714=VECTOR('',#717,1.0);
#715=VECTOR('',#718,1.0);
#716=VECTOR('',#719,1.0);
#717=DIRECTION('',(0.011863068060359538,0.9999296313322229,0));
#718=DIRECTION('',(0,-1,0));
#719=DIRECTION('',(-0.8400652735379054,-0.5424853327009719,0));
#720=FACE_SURFACE('',(#725),#721,.T.);
#721=PLANE('',#722);
#722=AXIS2_PLACEMENT_3D('',#66,#723,#724);
#723=DIRECTION('',(1,0,-0));
#724=DIRECTION('',(0,0,1));
#725=FACE_BOUND('',#726,.T.);
#726=EDGE_LOOP('',(#727,#728,#729));
#727=ORIENTED_EDGE('',*,*,#730,.T.);
#728=ORIENTED_EDGE('',*,*,#731,.T.);
#729=ORIENTED_EDGE('',*,*,#732,.T.);
#730=EDGE_CURVE('',#67,#65,#733,.F.);
#731=EDGE_CURVE('',#65,#63,#734,.T.);
#732=EDGE_CURVE('',#63,#67,#735,.T.);
#733=LINE('',#66,#736);
#734=LINE('',#64,#737);
#735=LINE('',#62,#738);
#736=VECTOR('',#739,1.0);
#737=VECTOR('',#740,1.0);
#738=VECTOR('',#741,1.0);
#739=DIRECTION('',(0,0,1));
#740=DIRECTION('',(0,-1,0));
#741=DIRECTION('',(0,0.9998146709566933,-0.019251590577384573));
#742=FACE_SURFACE('',(#747),#743,.T.);
#743=PLANE('',#744);
#744=AXIS2_PLACEMENT_3D('',#66,#745,#746);
#745=DIRECTION('',(1,0,0));
#746=DIRECTION('',(0,-0.9998146709566933,0.019251590577384573));
#747=FACE_BOUND('',#748,.T.);
#748=EDGE_LOOP('',(#749,#750,#751));
#749=ORIENTED_EDGE('',*,*,#752,.T.);
#750=ORIENTED_EDGE('',*,*,#753,.T.);
#751=ORIENTED_EDGE('',*,*,#754,.T.);
#752=EDGE_CURVE('',#67,#63,#755,.F.);
#753=EDGE_CURVE('',#63,#69,#756,.T.);
#754=EDGE_CURVE('',#69,#67,#757,.T.);
#755=LINE('',#66,#758);
#756=LINE('',#62,#759);
#757=LINE('',#68,#760);
#758=VECTOR('',#761,1.0);
#759=VECTOR('',#762,1.0);
#760=VECTOR('',#763,1.0);
#761=DIRECTION('',(0,-0.9998146709566933,0.019251590577384573));
#762=DIRECTION('',(0,0,-1));
#763=DIRECTION('',(0,1,-1.3699815452526001E-08));
#764=FACE_SURFACE('',(#769),#765,.T.);
#765=PLANE('',#766);
#766=AXIS2_PLACEMENT_3D('',#64,#767,#768);
#767=DIRECTION('',(0,-1,0));
#768=DIRECTION('',(0,0,-1));
#769=FACE_BOUND('',#770,.T.);
#770=EDGE_LOOP('',(#771,#772,#773));
#771=ORIENTED_EDGE('',*,*,#774,.T.);
#772=ORIENTED_EDGE('',*,*,#775,.T.);
#773=ORIENTED_EDGE('',*,*,#776,.T.);
#774=EDGE_CURVE('',#65,#67,#777,.F.);
#775=EDGE_CURVE('',#67,#53,#778,.T.);
#776=EDGE_CURVE('',#53,#65,#779,.T.);
#777=LINE('',#64,#780);
#778=LINE('',#66,#781);
#779=LINE('',#52,#782);
#780=VECTOR('',#783,1.0);
#781=VECTOR('',#784,1.0);
#782=VECTOR('',#785,1.0);
#783=DIRECTION('',(0,0,-1));
#784=DIRECTION('',(1,0,0));
#785=DIRECTION('',(-0.5218954783067349,0,0.8530094429272073));
#786=FACE_SURFACE('',(#791),#787,.T.);
#787=PLANE('',#788);
#788=AXIS2_PLACEMENT_3D('',#64,#789,#790);
#789=DIRECTION('',(0,-1,0));
#790=DIRECTION('',(0.5218954783067349,0,-0.8530094429272073));
#791=FACE_BOUND('',#792,.T.);
#792=EDGE_LOOP('',(#793,#794,#795));
#793=ORIENTED_EDGE('',*,*,#796,.T.);
#794=ORIENTED_EDGE('',*,*,#797,.T.);
#795=ORIENTED_EDGE('',*,*,#798,.T.);
#796=EDGE_CURVE('',#65,#53,#799,.F.);
#797=EDGE_CURVE('',#53,#51,#800,.T.);
#798=EDGE_CURVE('',#51,#65,#801,.T.);
#799=LINE('',#64,#802);
#800=LINE('',#52,#803);
#801=LINE('',#50,#804);
#802=VECTOR('',#805,1.0);
#803=VECTOR('',#806,1.0);
#804=VECTOR('',#807,1.0);
#805=DIRECTION('',(0.5218954783067349,0,-0.8530094429272073));
#806=DIRECTION('',(0,0,1));
#807=DIRECTION('',(-1,0,0));
#808=FACE_SURFACE('',(#813),#809,.T.);
#809=PLANE('',#810);
#810=AXIS2_PLACEMENT_3D('',#70,#811,#812);
#811=DIRECTION('',(0,1,0));
#812=DIRECTION('',(-1,0,0));
#813=FACE_BOUND('',#814,.T.);
#814=EDGE_LOOP('',(#815,#816,#817));
#815=ORIENTED_EDGE('',*,*,#818,.T.);
#816=ORIENTED_EDGE('',*,*,#819,.T.);
#817=ORIENTED_EDGE('',*,*,#820,.T.);
#818=EDGE_CURVE('',#71,#69,#821,.F.);
#819=EDGE_CURVE('',#69,#63,#822,.T.);
#820=EDGE_CURVE('',#63,#71,#823,.T.);
#821=LINE('',#70,#824);
#822=LINE('',#68,#825);
#823=LINE('',#62,#826);
#824=VECTOR('',#827,1.0);
#825=VECTOR('',#828,1.0);
#826=VECTOR('',#829,1.0);
#827=DIRECTION('',(-1,0,0));
#828=DIRECTION('',(0,0,1));
#829=DIRECTION('',(0.2312826258019699,0,-0.9728866054181987));
#830=FACE_SURFACE('',(#835),#831,.T.);
#831=PLANE('',#832);
#832=AXIS2_PLACEMENT_3D('',#62,#833,#834);
#833=DIRECTION('',(-0,1,0));
#834=DIRECTION('',(1,0,0));
#835=FACE_BOUND('',#836,.T.);
#836=EDGE_LOOP('',(#837,#838,#839));
#837=ORIENTED_EDGE('',*,*,#840,.T.);
#838=ORIENTED_EDGE('',*,*,#841,.T.);
#839=ORIENTED_EDGE('',*,*,#842,.T.);
#840=EDGE_CURVE('',#63,#57,#843,.F.);
#841=EDGE_CURVE('',#57,#55,#844,.T.);
#842=EDGE_CURVE('',#55,#63,#845,.T.);
#843=LINE('',#62,#846);
#844=LINE('',#56,#847);
#845=LINE('',#54,#848);
#846=VECTOR('',#849,1.0);
#847=VECTOR('',#850,1.0);
#848=VECTOR('',#851,1.0);
#849=DIRECTION('',(1,0,0));
#850=DIRECTION('',(0,0,-1));
#851=DIRECTION('',(-0.5218957484903447,0,0.8530092776211188));
#852=FACE_SURFACE('',(#857),#853,.T.);
#853=PLANE('',#854);
#854=AXIS2_PLACEMENT_3D('',#70,#855,#856);
#855=DIRECTION('',(0,1,-0));
#856=DIRECTION('',(-0.2312826258019699,0,0.9728866054181987));
#857=FACE_BOUND('',#858,.T.);
#858=EDGE_LOOP('',(#859,#860,#861));
#859=ORIENTED_EDGE('',*,*,#862,.T.);
#860=ORIENTED_EDGE('',*,*,#863,.T.);
#861=ORIENTED_EDGE('',*,*,#864,.T.);
#862=EDGE_CURVE('',#71,#63,#865,.F.);
#863=EDGE_CURVE('',#63,#55,#866,.T.);
#864=EDGE_CURVE('',#55,#71,#867,.T.);
#865=LINE('',#70,#868);
#866=LINE('',#62,#869);
#867=LINE('',#54,#870);
#868=VECTOR('',#871,1.0);
#869=VECTOR('',#872,1.0);
#870=VECTOR('',#873,1.0);
#871=DIRECTION('',(-0.2312826258019699,0,0.9728866054181987));
#872=DIRECTION('',(0.5218957484903447,0,-0.8530092776211188));
#873=DIRECTION('',(-1,0,0));
#874=FACE_SURFACE('',(#879),#875,.T.);
#875=PLANE('',#876);
#876=AXIS2_PLACEMENT_3D('',#72,#877,#878);
#877=DIRECTION('',(0,0,1));
#878=DIRECTION('',(0.8142726251011329,-0.5804826371313011,0));
#879=FACE_BOUND('',#880,.T.);
#880=EDGE_LOOP('',(#881,#882,#883));
#881=ORIENTED_EDGE('',*,*,#884,.T.);
#882=ORIENTED_EDGE('',*,*,#885,.T.);
#883=ORIENTED_EDGE('',*,*,#886,.T.);
#884=EDGE_CURVE('',#73,#75,#887,.F.);
#885=EDGE_CURVE('',#75,#77,#888,.T.);
#886=EDGE_CURVE('',#77,#73,#889,.T.);
#887=LINE('',#72,#890);
#888=LINE('',#74,#891);
#889=LINE('',#76,#892);
#890=VECTOR('',#893,1.0);
#891=VECTOR('',#894,1.0);
#892=VECTOR('',#895,1.0);
#893=DIRECTION('',(0.8142726251011329,-0.5804826371313011,0));
#894=DIRECTION('',(-0.2257856351546813,0.9741770100745537,0));
#895=DIRECTION('',(-0.9204606223107055,0.3908353141354922,0));
#896=FACE_SURFACE('',(#901),#897,.T.);
#897=PLANE('',#898);
#898=AXIS2_PLACEMENT_3D('',#72,#899,#900);
#899=DIRECTION('',(-0.5804826371313011,-0.8142726251011329,-0));
#900=DIRECTION('',(0,0,-1));
#901=FACE_BOUND('',#902,.T.);
#902=EDGE_LOOP('',(#903,#904,#905));
#903=ORIENTED_EDGE('',*,*,#906,.T.);
#904=ORIENTED_EDGE('',*,*,#907,.T.);
#905=ORIENTED_EDGE('',*,*,#908,.T.);
#906=EDGE_CURVE('',#73,#79,#909,.F.);
#907=EDGE_CURVE('',#79,#81,#910,.T.);
#908=EDGE_CURVE('',#81,#73,#911,.T.);
#909=LINE('',#72,#912);
#910=LINE('',#78,#913);
#911=LINE('',#80,#914);
#912=VECTOR('',#915,1.0);
#913=VECTOR('',#916,1.0);
#914=VECTOR('',#917,1.0);
#915=DIRECTION('',(0,0,-1));
#916=DIRECTION('',(0.8142726251011329,-0.5804826371313011,0));
#917=DIRECTION('',(-0.4528831009879036,0.3228535120421229,0.8310610727266962));
#918=FACE_SURFACE('',(#923),#919,.T.);
#919=PLANE('',#920);
#920=AXIS2_PLACEMENT_3D('',#72,#921,#922);
#921=DIRECTION('',(-0.5804826371313011,-0.8142726251011329,0));
#922=DIRECTION('',(0.4528831009879036,-0.3228535120421229,-0.8310610727266962));
#923=FACE_BOUND('',#924,.T.);
#924=EDGE_LOOP('',(#925,#926,#927));
#925=ORIENTED_EDGE('',*,*,#928,.T.);
#926=ORIENTED_EDGE('',*,*,#929,.T.);
#927=ORIENTED_EDGE('',*,*,#930,.T.);
#928=EDGE_CURVE('',#73,#81,#931,.F.);
#929=EDGE_CURVE('',#81,#75,#932,.T.);
#930=EDGE_CURVE('',#75,#73,#933,.T.);
#931=LINE('',#72,#934);
#932=LINE('',#80,#935);
#933=LINE('',#74,#936);
#934=VECTOR('',#937,1.0);
#935=VECTOR('',#938,1.0);
#936=VECTOR('',#939,1.0);
#937=DIRECTION('',(0.4528831009879036,-0.3228535120421229,-0.8310610727266962));
#938=DIRECTION('',(0,0,1));
#939=DIRECTION('',(-0.8142726251011329,0.5804826371313011,0));
#940=FACE_SURFACE('',(#945),#941,.T.);
#941=PLANE('',#942);
#942=AXIS2_PLACEMENT_3D('',#82,#943,#944);
#943=DIRECTION('',(0,-0,1));
#944=DIRECTION('',(0,1,0));
#945=FACE_BOUND('',#946,.T.);
#946=EDGE_LOOP('',(#947,#948,#949));
#947=ORIENTED_EDGE('',*,*,#950,.T.);
#948=ORIENTED_EDGE('',*,*,#951,.T.);
#949=ORIENTED_EDGE('',*,*,#952,.T.);
#950=EDGE_CURVE('',#83,#49,#953,.F.);
#951=EDGE_CURVE('',#49,#47,#954,.T.);
#952=EDGE_CURVE('',#47,#83,#955,.T.);
#953=LINE('',#82,#956);
#954=LINE('',#48,#957);
#955=LINE('',#46,#958);
#956=VECTOR('',#959,1.0);
#957=VECTOR('',#960,1.0);
#958=VECTOR('',#961,1.0);
#959=DIRECTION('',(0,1,0));
#960=DIRECTION('',(-1,0,0));
#961=DIRECTION('',(0.999897762930782,-0.014299079901088255,0));
#962=FACE_SURFACE('',(#967),#963,.T.);
#963=PLANE('',#964);
#964=AXIS2_PLACEMENT_3D('',#46,#965,#966);
#965=DIRECTION('',(0,0,1));
#966=DIRECTION('',(-0.8898208293850925,-0.4563100827205399,0));
#967=FACE_BOUND('',#968,.T.);
#968=EDGE_LOOP('',(#969,#970,#971));
#969=ORIENTED_EDGE('',*,*,#972,.T.);
#970=ORIENTED_EDGE('',*,*,#973,.T.);
#971=ORIENTED_EDGE('',*,*,#974,.T.);
#972=EDGE_CURVE('',#47,#77,#975,.F.);
#973=EDGE_CURVE('',#77,#75,#976,.T.);
#974=EDGE_CURVE('',#75,#47,#977,.T.);
#975=LINE('',#46,#978);
#976=LINE('',#76,#979);
#977=LINE('',#74,#980);
#978=VECTOR('',#981,1.0);
#979=VECTOR('',#982,1.0);
#980=VECTOR('',#983,1.0);
#981=DIRECTION('',(-0.8898208293850925,-0.4563100827205399,0));
#982=DIRECTION('',(0.2257856351546813,-0.9741770100745537,0));
#983=DIRECTION('',(0.7034551121645285,0.7107396887536186,0));
#984=FACE_SURFACE('',(#989),#985,.T.);
#985=PLANE('',#986);
#986=AXIS2_PLACEMENT_3D('',#46,#987,#988);
#987=DIRECTION('',(0,0,1));
#988=DIRECTION('',(-0.7034551121645285,-0.7107396887536186,0));
#989=FACE_BOUND('',#990,.T.);
#990=EDGE_LOOP('',(#991,#992,#993));
#991=ORIENTED_EDGE('',*,*,#994,.T.);
#992=ORIENTED_EDGE('',*,*,#995,.T.);
#993=ORIENTED_EDGE('',*,*,#996,.T.);
#994=EDGE_CURVE('',#47,#75,#997,.F.);
#995=EDGE_CURVE('',#75,#83,#998,.T.);
#996=EDGE_CURVE('',#83,#47,#999,.T.);
#997=LINE('',#46,#1000);
#998=LINE('',#74,#1001);
#999=LINE('',#82,#1002);
#1000=VECTOR('',#1003,1.0);
#1001=VECTOR('',#1004,1.0);
#1002=VECTOR('',#1005,1.0);
#1003=DIRECTION('',(-0.7034551121645285,-0.7107396887536186,0));
#1004=DIRECTION('',(1,0,0));
#1005=DIRECTION('',(-0.999897762930782,0.014299079901088255,0));
#1006=FACE_SURFACE('',(#1011),#1007,.T.);
#1007=PLANE('',#1008);
#1008=AXIS2_PLACEMENT_3D('',#82,#1009,#1010);
#1009=DIRECTION('',(-0,-1,0));
#1010=DIRECTION('',(-1,0,0));
#1011=FACE_BOUND('',#1012,.T.);
#1012=EDGE_LOOP('',(#1013,#1014,#1015));
#1013=ORIENTED_EDGE('',*,*,#1016,.T.);
#1014=ORIENTED_EDGE('',*,*,#1017,.T.);
#1015=ORIENTED_EDGE('',*,*,#1018,.T.);
#1016=EDGE_CURVE('',#83,#75,#1019,.F.);
#1017=EDGE_CURVE('',#75,#81,#1020,.T.);
#1018=EDGE_CURVE('',#81,#83,#1021,.T.);
#1019=LINE('',#82,#1022);
#1020=LINE('',#74,#1023);
#1021=LINE('',#80,#1024);
#1022=VECTOR('',#1025,1.0);
#1023=VECTOR('',#1026,1.0);
#1024=VECTOR('',#1027,1.0);
#1025=DIRECTION('',(-1,0,0));
#1026=DIRECTION('',(0,0,-1));
#1027=DIRECTION('',(0.9993662562676974,0,0.03559614913845656));
#1028=FACE_SURFACE('',(#1033),#1029,.T.);
#1029=PLANE('',#1030);
#1030=AXIS2_PLACEMENT_3D('',#82,#1031,#1032);
#1031=DIRECTION('',(0,-1,-0));
#1032=DIRECTION('',(-0.9993662562676974,0,-0.03559614913845656));
#1033=FACE_BOUND('',#1034,.T.);
#1034=EDGE_LOOP('',(#1035,#1036,#1037));
#1035=ORIENTED_EDGE('',*,*,#1038,.T.);
#1036=ORIENTED_EDGE('',*,*,#1039,.T.);
#1037=ORIENTED_EDGE('',*,*,#1040,.T.);
#1038=EDGE_CURVE('',#83,#81,#1041,.F.);
#1039=EDGE_CURVE('',#81,#85,#1042,.T.);
#1040=EDGE_CURVE('',#85,#83,#1043,.T.);
#1041=LINE('',#82,#1044);
#1042=LINE('',#80,#1045);
#1043=LINE('',#84,#1046);
#1044=VECTOR('',#1047,1.0);
#1045=VECTOR('',#1048,1.0);
#1046=VECTOR('',#1049,1.0);
#1047=DIRECTION('',(-0.9993662562676974,0,-0.03559614913845656));
#1048=DIRECTION('',(1,0,0));
#1049=DIRECTION('',(-7.113518958239358E-08,0,0.9999999999999974));
#1050=FACE_SURFACE('',(#1055),#1051,.T.);
#1051=PLANE('',#1052);
#1052=AXIS2_PLACEMENT_3D('',#86,#1053,#1054);
#1053=DIRECTION('',(0,0,1));
#1054=DIRECTION('',(-0.8142726251011329,-0.5804826371313011,0));
#1055=FACE_BOUND('',#1056,.T.);
#1056=EDGE_LOOP('',(#1057,#1058,#1059));
#1057=ORIENTED_EDGE('',*,*,#1060,.T.);
#1058=ORIENTED_EDGE('',*,*,#1061,.T.);
#1059=ORIENTED_EDGE('',*,*,#1062,.T.);
#1060=EDGE_CURVE('',#87,#89,#1063,.F.);
#1061=EDGE_CURVE('',#89,#91,#1064,.T.);
#1062=EDGE_CURVE('',#91,#87,#1065,.T.);
#1063=LINE('',#86,#1066);
#1064=LINE('',#88,#1067);
#1065=LINE('',#90,#1068);
#1066=VECTOR('',#1069,1.0);
#1067=VECTOR('',#1070,1.0);
#1068=VECTOR('',#1071,1.0);
#1069=DIRECTION('',(-0.8142726251011329,-0.5804826371313011,0));
#1070=DIRECTION('',(0.9204606223107055,0.3908353141354922,0));
#1071=DIRECTION('',(0.2257856351546813,0.9741770100745537,0));
#1072=FACE_SURFACE('',(#1077),#1073,.T.);
#1073=PLANE('',#1074);
#1074=AXIS2_PLACEMENT_3D('',#86,#1075,#1076);
#1075=DIRECTION('',(-0.5804826371313011,0.814272625101133,0));
#1076=DIRECTION('',(0,0,-1));
#1077=FACE_BOUND('',#1078,.T.);
#1078=EDGE_LOOP('',(#1079,#1080,#1081));
#1079=ORIENTED_EDGE('',*,*,#1082,.T.);
#1080=ORIENTED_EDGE('',*,*,#1083,.T.);
#1081=ORIENTED_EDGE('',*,*,#1084,.T.);
#1082=EDGE_CURVE('',#87,#93,#1085,.F.);
#1083=EDGE_CURVE('',#93,#95,#1086,.T.);
#1084=EDGE_CURVE('',#95,#87,#1087,.T.);
#1085=LINE('',#86,#1088);
#1086=LINE('',#92,#1089);
#1087=LINE('',#94,#1090);
#1088=VECTOR('',#1091,1.0);
#1089=VECTOR('',#1092,1.0);
#1090=VECTOR('',#1093,1.0);
#1091=DIRECTION('',(0,0,-1));
#1092=DIRECTION('',(-0.8142726251011329,-0.5804826371313011,0));
#1093=DIRECTION('',(0.4528830119865905,0.3228534485944331,0.831061145875943));
#1094=FACE_SURFACE('',(#1099),#1095,.T.);
#1095=PLANE('',#1096);
#1096=AXIS2_PLACEMENT_3D('',#86,#1097,#1098);
#1097=DIRECTION('',(-0.5804826371313011,0.814272625101133,0));
#1098=DIRECTION('',(-0.4528830119865905,-0.3228534485944331,-0.831061145875943));
#1099=FACE_BOUND('',#1100,.T.);
#1100=EDGE_LOOP('',(#1101,#1102,#1103));
#1101=ORIENTED_EDGE('',*,*,#1104,.T.);
#1102=ORIENTED_EDGE('',*,*,#1105,.T.);
#1103=ORIENTED_EDGE('',*,*,#1106,.T.);
#1104=EDGE_CURVE('',#87,#95,#1107,.F.);
#1105=EDGE_CURVE('',#95,#89,#1108,.T.);
#1106=EDGE_CURVE('',#89,#87,#1109,.T.);
#1107=LINE('',#86,#1110);
#1108=LINE('',#94,#1111);
#1109=LINE('',#88,#1112);
#1110=VECTOR('',#1113,1.0);
#1111=VECTOR('',#1114,1.0);
#1112=VECTOR('',#1115,1.0);
#1113=DIRECTION('',(-0.4528830119865905,-0.3228534485944331,-0.831061145875943));
#1114=DIRECTION('',(0,0,1));
#1115=DIRECTION('',(0.8142726251011329,0.5804826371313011,0));
#1116=FACE_SURFACE('',(#1121),#1117,.T.);
#1117=PLANE('',#1118);
#1118=AXIS2_PLACEMENT_3D('',#96,#1119,#1120);
#1119=DIRECTION('',(0,0,1));
#1120=DIRECTION('',(-0.9569426566054738,0.29027702625054275,0));
#1121=FACE_BOUND('',#1122,.T.);
#1122=EDGE_LOOP('',(#1123,#1124,#1125));
#1123=ORIENTED_EDGE('',*,*,#1126,.T.);
#1124=ORIENTED_EDGE('',*,*,#1127,.T.);
#1125=ORIENTED_EDGE('',*,*,#1128,.T.);
#1126=EDGE_CURVE('',#97,#99,#1129,.F.);
#1127=EDGE_CURVE('',#99,#73,#1130,.T.);
#1128=EDGE_CURVE('',#73,#97,#1131,.T.);
#1129=LINE('',#96,#1132);
#1130=LINE('',#98,#1133);
#1131=LINE('',#72,#1134);
#1132=VECTOR('',#1135,1.0);
#1133=VECTOR('',#1136,1.0);
#1134=VECTOR('',#1137,1.0);
#1135=DIRECTION('',(-0.9569426566054738,0.29027702625054275,0));
#1136=DIRECTION('',(-0.44340654154057496,-0.8963206116781128,0));
#1137=DIRECTION('',(0.4873293418128875,0.8732182502720713,0));
#1138=FACE_SURFACE('',(#1143),#1139,.T.);
#1139=PLANE('',#1140);
#1140=AXIS2_PLACEMENT_3D('',#72,#1141,#1142);
#1141=DIRECTION('',(-0,0,1));
#1142=DIRECTION('',(0.9204606223107055,-0.3908353141354922,0));
#1143=FACE_BOUND('',#1144,.T.);
#1144=EDGE_LOOP('',(#1145,#1146,#1147));
#1145=ORIENTED_EDGE('',*,*,#1148,.T.);
#1146=ORIENTED_EDGE('',*,*,#1149,.T.);
#1147=ORIENTED_EDGE('',*,*,#1150,.T.);
#1148=EDGE_CURVE('',#73,#77,#1151,.F.);
#1149=EDGE_CURVE('',#77,#47,#1152,.T.);
#1150=EDGE_CURVE('',#47,#73,#1153,.T.);
#1151=LINE('',#72,#1154);
#1152=LINE('',#76,#1155);
#1153=LINE('',#46,#1156);
#1154=VECTOR('',#1157,1.0);
#1155=VECTOR('',#1158,1.0);
#1156=VECTOR('',#1159,1.0);
#1157=DIRECTION('',(0.9204606223107055,-0.3908353141354922,0));
#1158=DIRECTION('',(0.8898208293850925,0.4563100827205399,0));
#1159=DIRECTION('',(-0.9999687787814601,-0.007901991034890149,0));
#1160=FACE_SURFACE('',(#1165),#1161,.T.);
#1161=PLANE('',#1162);
#1162=AXIS2_PLACEMENT_3D('',#46,#1163,#1164);
#1163=DIRECTION('',(0,0,1));
#1164=DIRECTION('',(-0.4946669942477418,0.869082599527746,0));
#1165=FACE_BOUND('',#1166,.T.);
#1166=EDGE_LOOP('',(#1167,#1168,#1169));
#1167=ORIENTED_EDGE('',*,*,#1170,.T.);
#1168=ORIENTED_EDGE('',*,*,#1171,.T.);
#1169=ORIENTED_EDGE('',*,*,#1172,.T.);
#1170=EDGE_CURVE('',#47,#101,#1173,.F.);
#1171=EDGE_CURVE('',#101,#103,#1174,.T.);
#1172=EDGE_CURVE('',#103,#47,#1175,.T.);
#1173=LINE('',#46,#1176);
#1174=LINE('',#100,#1177);
#1175=LINE('',#102,#1178);
#1176=VECTOR('',#1179,1.0);
#1177=VECTOR('',#1180,1.0);
#1178=VECTOR('',#1181,1.0);
#1179=DIRECTION('',(-0.4946669942477418,0.869082599527746,0));
#1180=DIRECTION('',(-0.8819304288650777,-0.47137959082024333,0));
#1181=DIRECTION('',(0.5360817188893073,-0.8441660918756958,0));
#1182=FACE_SURFACE('',(#1187),#1183,.T.);
#1183=PLANE('',#1184);
#1184=AXIS2_PLACEMENT_3D('',#46,#1185,#1186);
#1185=DIRECTION('',(0,0,1));
#1186=DIRECTION('',(-0.5360817188893073,0.8441660918756958,0));
#1187=FACE_BOUND('',#1188,.T.);
#1188=EDGE_LOOP('',(#1189,#1190,#1191));
#1189=ORIENTED_EDGE('',*,*,#1192,.T.);
#1190=ORIENTED_EDGE('',*,*,#1193,.T.);
#1191=ORIENTED_EDGE('',*,*,#1194,.T.);
#1192=EDGE_CURVE('',#47,#103,#1195,.F.);
#1193=EDGE_CURVE('',#103,#105,#1196,.T.);
#1194=EDGE_CURVE('',#105,#47,#1197,.T.);
#1195=LINE('',#46,#1198);
#1196=LINE('',#102,#1199);
#1197=LINE('',#104,#1200);
#1198=VECTOR('',#1201,1.0);
#1199=VECTOR('',#1202,1.0);
#1200=VECTOR('',#1203,1.0);
#1201=DIRECTION('',(-0.5360817188893073,0.8441660918756958,0));
#1202=DIRECTION('',(-0.9569377979333233,-0.29029304312456716,0));
#1203=DIRECTION('',(0.5742815862745512,-0.8186578404107452,0));
#1204=FACE_SURFACE('',(#1209),#1205,.T.);
#1205=PLANE('',#1206);
#1206=AXIS2_PLACEMENT_3D('',#96,#1207,#1208);
#1207=DIRECTION('',(0,0,1));
#1208=DIRECTION('',(-0.4873293418128875,-0.8732182502720713,0));
#1209=FACE_BOUND('',#1210,.T.);
#1210=EDGE_LOOP('',(#1211,#1212,#1213));
#1211=ORIENTED_EDGE('',*,*,#1214,.T.);
#1212=ORIENTED_EDGE('',*,*,#1215,.T.);
#1213=ORIENTED_EDGE('',*,*,#1216,.T.);
#1214=EDGE_CURVE('',#97,#73,#1217,.F.);
#1215=EDGE_CURVE('',#73,#47,#1218,.T.);
#1216=EDGE_CURVE('',#47,#97,#1219,.T.);
#1217=LINE('',#96,#1220);
#1218=LINE('',#72,#1221);
#1219=LINE('',#46,#1222);
#1220=VECTOR('',#1223,1.0);
#1221=VECTOR('',#1224,1.0);
#1222=VECTOR('',#1225,1.0);
#1223=DIRECTION('',(-0.4873293418128875,-0.8732182502720713,0));
#1224=DIRECTION('',(0.9999687787814601,0.007901991034890149,0));
#1225=DIRECTION('',(-0.6328708311560186,0.7742573932949496,0));
#1226=FACE_SURFACE('',(#1231),#1227,.T.);
#1227=PLANE('',#1228);
#1228=AXIS2_PLACEMENT_3D('',#46,#1229,#1230);
#1229=DIRECTION('',(0,0,1));
#1230=DIRECTION('',(-0.5742815862745512,0.8186578404107452,0));
#1231=FACE_BOUND('',#1232,.T.);
#1232=EDGE_LOOP('',(#1233,#1234,#1235));
#1233=ORIENTED_EDGE('',*,*,#1236,.T.);
#1234=ORIENTED_EDGE('',*,*,#1237,.T.);
#1235=ORIENTED_EDGE('',*,*,#1238,.T.);
#1236=EDGE_CURVE('',#47,#105,#1239,.F.);
#1237=EDGE_CURVE('',#105,#107,#1240,.T.);
#1238=EDGE_CURVE('',#107,#47,#1241,.T.);
#1239=LINE('',#46,#1242);
#1240=LINE('',#104,#1243);
#1241=LINE('',#106,#1244);
#1242=VECTOR('',#1245,1.0);
#1243=VECTOR('',#1246,1.0);
#1244=VECTOR('',#1247,1.0);
#1245=DIRECTION('',(-0.5742815862745512,0.8186578404107452,0));
#1246=DIRECTION('',(-0.9951856185694766,-0.09800808432210116,0));
#1247=DIRECTION('',(0.6069967424953847,-0.794704318976556,0));
#1248=FACE_SURFACE('',(#1253),#1249,.T.);
#1249=PLANE('',#1250);
#1250=AXIS2_PLACEMENT_3D('',#96,#1251,#1252);
#1251=DIRECTION('',(0,0,1));
#1252=DIRECTION('',(0.6328708311560186,-0.7742573932949496,0));
#1253=FACE_BOUND('',#1254,.T.);
#1254=EDGE_LOOP('',(#1255,#1256,#1257));
#1255=ORIENTED_EDGE('',*,*,#1258,.T.);
#1256=ORIENTED_EDGE('',*,*,#1259,.T.);
#1257=ORIENTED_EDGE('',*,*,#1260,.T.);
#1258=EDGE_CURVE('',#97,#47,#1261,.F.);
#1259=EDGE_CURVE('',#47,#107,#1262,.T.);
#1260=EDGE_CURVE('',#107,#97,#1263,.T.);
#1261=LINE('',#96,#1264);
#1262=LINE('',#46,#1265);
#1263=LINE('',#106,#1266);
#1264=VECTOR('',#1267,1.0);
#1265=VECTOR('',#1268,1.0);
#1266=VECTOR('',#1269,1.0);
#1267=DIRECTION('',(0.6328708311560186,-0.7742573932949496,0));
#1268=DIRECTION('',(-0.6069967424953847,0.794704318976556,0));
#1269=DIRECTION('',(-0.9951850647424347,0.09801370778414571,0));
#1270=FACE_SURFACE('',(#1275),#1271,.T.);
#1271=PLANE('',#1272);
#1272=AXIS2_PLACEMENT_3D('',#108,#1273,#1274);
#1273=DIRECTION('',(0,-0,1));
#1274=DIRECTION('',(0.7729961457052088,0.6344107176939018,0));
#1275=FACE_BOUND('',#1276,.T.);
#1276=EDGE_LOOP('',(#1277,#1278,#1279));
#1277=ORIENTED_EDGE('',*,*,#1280,.T.);
#1278=ORIENTED_EDGE('',*,*,#1281,.T.);
#1279=ORIENTED_EDGE('',*,*,#1282,.T.);
#1280=EDGE_CURVE('',#109,#111,#1283,.F.);
#1281=EDGE_CURVE('',#111,#89,#1284,.T.);
#1282=EDGE_CURVE('',#89,#109,#1285,.T.);
#1283=LINE('',#108,#1286);
#1284=LINE('',#110,#1287);
#1285=LINE('',#88,#1288);
#1286=VECTOR('',#1289,1.0);
#1287=VECTOR('',#1290,1.0);
#1288=VECTOR('',#1291,1.0);
#1289=DIRECTION('',(0.7729961457052088,0.6344107176939018,0));
#1290=DIRECTION('',(-0.639564573351962,0.7687373781162996,0));
#1291=DIRECTION('',(0.5752878561111737,-0.8179510270248516,0));
#1292=FACE_SURFACE('',(#1297),#1293,.T.);
#1293=PLANE('',#1294);
#1294=AXIS2_PLACEMENT_3D('',#72,#1295,#1296);
#1295=DIRECTION('',(0,0,1));
#1296=DIRECTION('',(0.44340654154057496,0.8963206116781128,0));
#1297=FACE_BOUND('',#1298,.T.);
#1298=EDGE_LOOP('',(#1299,#1300,#1301));
#1299=ORIENTED_EDGE('',*,*,#1302,.T.);
#1300=ORIENTED_EDGE('',*,*,#1303,.T.);
#1301=ORIENTED_EDGE('',*,*,#1304,.T.);
#1302=EDGE_CURVE('',#73,#99,#1305,.F.);
#1303=EDGE_CURVE('',#99,#113,#1306,.T.);
#1304=EDGE_CURVE('',#113,#73,#1307,.T.);
#1305=LINE('',#72,#1308);
#1306=LINE('',#98,#1309);
#1307=LINE('',#112,#1310);
#1308=VECTOR('',#1311,1.0);
#1309=VECTOR('',#1312,1.0);
#1310=VECTOR('',#1313,1.0);
#1311=DIRECTION('',(0.44340654154057496,0.8963206116781128,0));
#1312=DIRECTION('',(-0.8819048020725494,0.47142753428430284,0));
#1313=DIRECTION('',(-0.39748462999486256,-0.9176088321925892,0));
#1314=FACE_SURFACE('',(#1319),#1315,.T.);
#1315=PLANE('',#1316);
#1316=AXIS2_PLACEMENT_3D('',#72,#1317,#1318);
#1317=DIRECTION('',(0,0,1));
#1318=DIRECTION('',(0.39748462999486256,0.9176088321925892,0));
#1319=FACE_BOUND('',#1320,.T.);
#1320=EDGE_LOOP('',(#1321,#1322,#1323));
#1321=ORIENTED_EDGE('',*,*,#1324,.T.);
#1322=ORIENTED_EDGE('',*,*,#1325,.T.);
#1323=ORIENTED_EDGE('',*,*,#1326,.T.);
#1324=EDGE_CURVE('',#73,#113,#1327,.F.);
#1325=EDGE_CURVE('',#113,#115,#1328,.T.);
#1326=EDGE_CURVE('',#115,#73,#1329,.T.);
#1327=LINE('',#72,#1330);
#1328=LINE('',#112,#1331);
#1329=LINE('',#114,#1332);
#1330=VECTOR('',#1333,1.0);
#1331=VECTOR('',#1334,1.0);
#1332=VECTOR('',#1335,1.0);
#1333=DIRECTION('',(0.39748462999486256,0.9176088321925892,0));
#1334=DIRECTION('',(-0.7729827386850253,0.6344270530919986,0));
#1335=DIRECTION('',(-0.3530237664586923,-0.9356143544833623,0));
#1336=FACE_SURFACE('',(#1341),#1337,.T.);
#1337=PLANE('',#1338);
#1338=AXIS2_PLACEMENT_3D('',#116,#1339,#1340);
#1339=DIRECTION('',(0,-0,1));
#1340=DIRECTION('',(0.6344818114630308,0.772937792401556,0));
#1341=FACE_BOUND('',#1342,.T.);
#1342=EDGE_LOOP('',(#1343,#1344,#1345));
#1343=ORIENTED_EDGE('',*,*,#1346,.T.);
#1344=ORIENTED_EDGE('',*,*,#1347,.T.);
#1345=ORIENTED_EDGE('',*,*,#1348,.T.);
#1346=EDGE_CURVE('',#117,#109,#1349,.F.);
#1347=EDGE_CURVE('',#109,#89,#1350,.T.);
#1348=EDGE_CURVE('',#89,#117,#1351,.T.);
#1349=LINE('',#116,#1352);
#1350=LINE('',#108,#1353);
#1351=LINE('',#88,#1354);
#1352=VECTOR('',#1355,1.0);
#1353=VECTOR('',#1356,1.0);
#1354=VECTOR('',#1357,1.0);
#1355=DIRECTION('',(0.6344818114630308,0.772937792401556,0));
#1356=DIRECTION('',(-0.5752878561111737,0.8179510270248516,0));
#1357=DIRECTION('',(0.5110797762463111,-0.8595332816779234,0));
#1358=FACE_SURFACE('',(#1363),#1359,.T.);
#1359=PLANE('',#1360);
#1360=AXIS2_PLACEMENT_3D('',#118,#1361,#1362);
#1361=DIRECTION('',(0,-0,1));
#1362=DIRECTION('',(0.4713451829756127,0.8819488185182213,0));
#1363=FACE_BOUND('',#1364,.T.);
#1364=EDGE_LOOP('',(#1365,#1366,#1367));
#1365=ORIENTED_EDGE('',*,*,#1368,.T.);
#1366=ORIENTED_EDGE('',*,*,#1369,.T.);
#1367=ORIENTED_EDGE('',*,*,#1370,.T.);
#1368=EDGE_CURVE('',#119,#117,#1371,.F.);
#1369=EDGE_CURVE('',#117,#89,#1372,.T.);
#1370=EDGE_CURVE('',#89,#119,#1373,.T.);
#1371=LINE('',#118,#1374);
#1372=LINE('',#116,#1375);
#1373=LINE('',#88,#1376);
#1374=VECTOR('',#1377,1.0);
#1375=VECTOR('',#1378,1.0);
#1376=VECTOR('',#1379,1.0);
#1377=DIRECTION('',(0.4713451829756127,0.8819488185182213,0));
#1378=DIRECTION('',(-0.5110797762463111,0.8595332816779234,0));
#1379=DIRECTION('',(0.45406122382349984,-0.8909704849319677,0));
#1380=FACE_SURFACE('',(#1385),#1381,.T.);
#1381=PLANE('',#1382);
#1382=AXIS2_PLACEMENT_3D('',#72,#1383,#1384);
#1383=DIRECTION('',(0,0,1));
#1384=DIRECTION('',(0.3530237664586923,0.9356143544833623,0));
#1385=FACE_BOUND('',#1386,.T.);
#1386=EDGE_LOOP('',(#1387,#1388,#1389));
#1387=ORIENTED_EDGE('',*,*,#1390,.T.);
#1388=ORIENTED_EDGE('',*,*,#1391,.T.);
#1389=ORIENTED_EDGE('',*,*,#1392,.T.);
#1390=EDGE_CURVE('',#73,#115,#1393,.F.);
#1391=EDGE_CURVE('',#115,#121,#1394,.T.);
#1392=EDGE_CURVE('',#121,#73,#1395,.T.);
#1393=LINE('',#72,#1396);
#1394=LINE('',#114,#1397);
#1395=LINE('',#120,#1398);
#1396=VECTOR('',#1399,1.0);
#1397=VECTOR('',#1400,1.0);
#1398=VECTOR('',#1401,1.0);
#1399=DIRECTION('',(0.3530237664586923,0.9356143544833623,0));
#1400=DIRECTION('',(-0.6344676744897584,0.7729493968091041,0));
#1401=DIRECTION('',(-0.313288486885604,-0.9496580036965563,0));
#1402=FACE_SURFACE('',(#1407),#1403,.T.);
#1403=PLANE('',#1404);
#1404=AXIS2_PLACEMENT_3D('',#72,#1405,#1406);
#1405=DIRECTION('',(0,0,1));
#1406=DIRECTION('',(0.313288486885604,0.9496580036965563,0));
#1407=FACE_BOUND('',#1408,.T.);
#1408=EDGE_LOOP('',(#1409,#1410,#1411));
#1409=ORIENTED_EDGE('',*,*,#1412,.T.);
#1410=ORIENTED_EDGE('',*,*,#1413,.T.);
#1411=ORIENTED_EDGE('',*,*,#1414,.T.);
#1412=EDGE_CURVE('',#73,#121,#1415,.F.);
#1413=EDGE_CURVE('',#121,#123,#1416,.T.);
#1414=EDGE_CURVE('',#123,#73,#1417,.T.);
#1415=LINE('',#72,#1418);
#1416=LINE('',#120,#1419);
#1417=LINE('',#122,#1420);
#1418=VECTOR('',#1421,1.0);
#1419=VECTOR('',#1422,1.0);
#1420=VECTOR('',#1423,1.0);
#1421=DIRECTION('',(0.313288486885604,0.9496580036965563,0));
#1422=DIRECTION('',(-0.4713571672912036,0.8819424135640673,0));
#1423=DIRECTION('',(-0.2807834621610559,-0.9597711432299113,0));
#1424=FACE_SURFACE('',(#1429),#1425,.T.);
#1425=PLANE('',#1426);
#1426=AXIS2_PLACEMENT_3D('',#124,#1427,#1428);
#1427=DIRECTION('',(0,-0,1));
#1428=DIRECTION('',(0.2901978243212921,0.9569666779774458,0));
#1429=FACE_BOUND('',#1430,.T.);
#1430=EDGE_LOOP('',(#1431,#1432,#1433));
#1431=ORIENTED_EDGE('',*,*,#1434,.T.);
#1432=ORIENTED_EDGE('',*,*,#1435,.T.);
#1433=ORIENTED_EDGE('',*,*,#1436,.T.);
#1434=EDGE_CURVE('',#125,#119,#1437,.F.);
#1435=EDGE_CURVE('',#119,#89,#1438,.T.);
#1436=EDGE_CURVE('',#89,#125,#1439,.T.);
#1437=LINE('',#124,#1440);
#1438=LINE('',#118,#1441);
#1439=LINE('',#88,#1442);
#1440=VECTOR('',#1443,1.0);
#1441=VECTOR('',#1444,1.0);
#1442=VECTOR('',#1445,1.0);
#1443=DIRECTION('',(0.2901978243212921,0.9569666779774458,0));
#1444=DIRECTION('',(-0.45406122382349984,0.8909704849319677,0));
#1445=DIRECTION('',(0.4090403503980568,-0.9125162967017273,0));
#1446=FACE_SURFACE('',(#1451),#1447,.T.);
#1447=PLANE('',#1448);
#1448=AXIS2_PLACEMENT_3D('',#126,#1449,#1450);
#1449=DIRECTION('',(0,-0,1));
#1450=DIRECTION('',(0.09807643586469016,0.9951788847880965,0));
#1451=FACE_BOUND('',#1452,.T.);
#1452=EDGE_LOOP('',(#1453,#1454,#1455));
#1453=ORIENTED_EDGE('',*,*,#1456,.T.);
#1454=ORIENTED_EDGE('',*,*,#1457,.T.);
#1455=ORIENTED_EDGE('',*,*,#1458,.T.);
#1456=EDGE_CURVE('',#127,#125,#1459,.F.);
#1457=EDGE_CURVE('',#125,#89,#1460,.T.);
#1458=EDGE_CURVE('',#89,#127,#1461,.T.);
#1459=LINE('',#126,#1462);
#1460=LINE('',#124,#1463);
#1461=LINE('',#88,#1464);
#1462=VECTOR('',#1465,1.0);
#1463=VECTOR('',#1466,1.0);
#1464=VECTOR('',#1467,1.0);
#1465=DIRECTION('',(0.09807643586469016,0.9951788847880965,0));
#1466=DIRECTION('',(-0.4090403503980568,0.9125162967017273,0));
#1467=DIRECTION('',(0.37812369305533083,-0.9257550824868304,0));
#1468=FACE_SURFACE('',(#1473),#1469,.T.);
#1469=PLANE('',#1470);
#1470=AXIS2_PLACEMENT_3D('',#72,#1471,#1472);
#1471=DIRECTION('',(0,0,1));
#1472=DIRECTION('',(0.2807834621610559,0.9597711432299113,0));
#1473=FACE_BOUND('',#1474,.T.);
#1474=EDGE_LOOP('',(#1475,#1476,#1477));
#1475=ORIENTED_EDGE('',*,*,#1478,.T.);
#1476=ORIENTED_EDGE('',*,*,#1479,.T.);
#1477=ORIENTED_EDGE('',*,*,#1480,.T.);
#1478=EDGE_CURVE('',#73,#123,#1481,.F.);
#1479=EDGE_CURVE('',#123,#129,#1482,.T.);
#1480=EDGE_CURVE('',#129,#73,#1483,.T.);
#1481=LINE('',#72,#1484);
#1482=LINE('',#122,#1485);
#1483=LINE('',#128,#1486);
#1484=VECTOR('',#1487,1.0);
#1485=VECTOR('',#1488,1.0);
#1486=VECTOR('',#1489,1.0);
#1487=DIRECTION('',(0.2807834621610559,0.9597711432299113,0));
#1488=DIRECTION('',(-0.2901978243212921,0.9569666779774458,0));
#1489=DIRECTION('',(-0.2569462261993867,-0.9664257016666588,0));
#1490=FACE_SURFACE('',(#1495),#1491,.T.);
#1491=PLANE('',#1492);
#1492=AXIS2_PLACEMENT_3D('',#72,#1493,#1494);
#1493=DIRECTION('',(0,0,1));
#1494=DIRECTION('',(0.2569462261993867,0.9664257016666588,0));
#1495=FACE_BOUND('',#1496,.T.);
#1496=EDGE_LOOP('',(#1497,#1498,#1499));
#1497=ORIENTED_EDGE('',*,*,#1500,.T.);
#1498=ORIENTED_EDGE('',*,*,#1501,.T.);
#1499=ORIENTED_EDGE('',*,*,#1502,.T.);
#1500=EDGE_CURVE('',#73,#129,#1503,.F.);
#1501=EDGE_CURVE('',#129,#131,#1504,.T.);
#1502=EDGE_CURVE('',#131,#73,#1505,.T.);
#1503=LINE('',#72,#1506);
#1504=LINE('',#128,#1507);
#1505=LINE('',#130,#1508);
#1506=VECTOR('',#1509,1.0);
#1507=VECTOR('',#1510,1.0);
#1508=VECTOR('',#1511,1.0);
#1509=DIRECTION('',(0.2569462261993867,0.9664257016666588,0));
#1510=DIRECTION('',(-0.09807362212579283,0.9951791620824499,0));
#1511=DIRECTION('',(-0.2422222221896146,-0.9702207970753487,0));
#1512=FACE_SURFACE('',(#1517),#1513,.T.);
#1513=PLANE('',#1514);
#1514=AXIS2_PLACEMENT_3D('',#126,#1515,#1516);
#1515=DIRECTION('',(0,0,1));
#1516=DIRECTION('',(-0.37812369305533083,0.9257550824868304,0));
#1517=FACE_BOUND('',#1518,.T.);
#1518=EDGE_LOOP('',(#1519,#1520,#1521));
#1519=ORIENTED_EDGE('',*,*,#1522,.T.);
#1520=ORIENTED_EDGE('',*,*,#1523,.T.);
#1521=ORIENTED_EDGE('',*,*,#1524,.T.);
#1522=EDGE_CURVE('',#127,#89,#1525,.F.);
#1523=EDGE_CURVE('',#89,#73,#1526,.T.);
#1524=EDGE_CURVE('',#73,#127,#1527,.T.);
#1525=LINE('',#126,#1528);
#1526=LINE('',#88,#1529);
#1527=LINE('',#72,#1530);
#1528=VECTOR('',#1531,1.0);
#1529=VECTOR('',#1532,1.0);
#1530=VECTOR('',#1533,1.0);
#1531=DIRECTION('',(-0.37812369305533083,0.9257550824868304,0));
#1532=DIRECTION('',(0,-1,0));
#1533=DIRECTION('',(0.01087111314815641,0.9999409077035103,0));
#1534=FACE_SURFACE('',(#1539),#1535,.T.);
#1535=PLANE('',#1536);
#1536=AXIS2_PLACEMENT_3D('',#132,#1537,#1538);
#1537=DIRECTION('',(0,0,1));
#1538=DIRECTION('',(-0.09807080854755507,0.9951794393529383,0));
#1539=FACE_BOUND('',#1540,.T.);
#1540=EDGE_LOOP('',(#1541,#1542,#1543));
#1541=ORIENTED_EDGE('',*,*,#1544,.T.);
#1542=ORIENTED_EDGE('',*,*,#1545,.T.);
#1543=ORIENTED_EDGE('',*,*,#1546,.T.);
#1544=EDGE_CURVE('',#133,#127,#1547,.F.);
#1545=EDGE_CURVE('',#127,#73,#1548,.T.);
#1546=EDGE_CURVE('',#73,#133,#1549,.T.);
#1547=LINE('',#132,#1550);
#1548=LINE('',#126,#1551);
#1549=LINE('',#72,#1552);
#1550=VECTOR('',#1553,1.0);
#1551=VECTOR('',#1554,1.0);
#1552=VECTOR('',#1555,1.0);
#1553=DIRECTION('',(-0.09807080854755507,0.9951794393529383,0));
#1554=DIRECTION('',(-0.01087111314815641,-0.9999409077035103,0));
#1555=DIRECTION('',(0.011083514596422223,0.9999385759656394,0));
#1556=FACE_SURFACE('',(#1561),#1557,.T.);
#1557=PLANE('',#1558);
#1558=AXIS2_PLACEMENT_3D('',#72,#1559,#1560);
#1559=DIRECTION('',(0,0,1));
#1560=DIRECTION('',(0.2422222221896146,0.9702207970753487,0));
#1561=FACE_BOUND('',#1562,.T.);
#1562=EDGE_LOOP('',(#1563,#1564,#1565));
#1563=ORIENTED_EDGE('',*,*,#1566,.T.);
#1564=ORIENTED_EDGE('',*,*,#1567,.T.);
#1565=ORIENTED_EDGE('',*,*,#1568,.T.);
#1566=EDGE_CURVE('',#73,#131,#1569,.F.);
#1567=EDGE_CURVE('',#131,#135,#1570,.T.);
#1568=EDGE_CURVE('',#135,#73,#1571,.T.);
#1569=LINE('',#72,#1572);
#1570=LINE('',#130,#1573);
#1571=LINE('',#134,#1574);
#1572=VECTOR('',#1575,1.0);
#1573=VECTOR('',#1576,1.0);
#1574=VECTOR('',#1577,1.0);
#1575=DIRECTION('',(0.2422222221896146,0.9702207970753487,0));
#1576=DIRECTION('',(0.09807643586469016,0.9951788847880965,0));
#1577=DIRECTION('',(-0.23632988470913988,-0.97167287993098,0));
#1578=FACE_SURFACE('',(#1583),#1579,.T.);
#1579=PLANE('',#1580);
#1580=AXIS2_PLACEMENT_3D('',#132,#1581,#1582);
#1581=DIRECTION('',(0,0,1));
#1582=DIRECTION('',(-0.011083514596422223,-0.9999385759656394,0));
#1583=FACE_BOUND('',#1584,.T.);
#1584=EDGE_LOOP('',(#1585,#1586,#1587));
#1585=ORIENTED_EDGE('',*,*,#1588,.T.);
#1586=ORIENTED_EDGE('',*,*,#1589,.T.);
#1587=ORIENTED_EDGE('',*,*,#1590,.T.);
#1588=EDGE_CURVE('',#133,#73,#1591,.F.);
#1589=EDGE_CURVE('',#73,#135,#1592,.T.);
#1590=EDGE_CURVE('',#135,#133,#1593,.T.);
#1591=LINE('',#132,#1594);
#1592=LINE('',#72,#1595);
#1593=LINE('',#134,#1596);
#1594=VECTOR('',#1597,1.0);
#1595=VECTOR('',#1598,1.0);
#1596=VECTOR('',#1599,1.0);
#1597=DIRECTION('',(-0.011083514596422223,-0.9999385759656394,0));
#1598=DIRECTION('',(0.23632988470913988,0.97167287993098,0));
#1599=DIRECTION('',(0,1,0));
#1600=FACE_SURFACE('',(#1605),#1601,.T.);
#1601=PLANE('',#1602);
#1602=AXIS2_PLACEMENT_3D('',#136,#1603,#1604);
#1603=DIRECTION('',(0,0,1));
#1604=DIRECTION('',(-0.2901978243212921,0.9569666779774458,0));
#1605=FACE_BOUND('',#1606,.T.);
#1606=EDGE_LOOP('',(#1607,#1608,#1609));
#1607=ORIENTED_EDGE('',*,*,#1610,.T.);
#1608=ORIENTED_EDGE('',*,*,#1611,.T.);
#1609=ORIENTED_EDGE('',*,*,#1612,.T.);
#1610=EDGE_CURVE('',#137,#133,#1613,.F.);
#1611=EDGE_CURVE('',#133,#135,#1614,.T.);
#1612=EDGE_CURVE('',#135,#137,#1615,.T.);
#1613=LINE('',#136,#1616);
#1614=LINE('',#132,#1617);
#1615=LINE('',#134,#1618);
#1616=VECTOR('',#1619,1.0);
#1617=VECTOR('',#1620,1.0);
#1618=VECTOR('',#1621,1.0);
#1619=DIRECTION('',(-0.2901978243212921,0.9569666779774458,0));
#1620=DIRECTION('',(0,-1,0));
#1621=DIRECTION('',(0.0005943156363484652,0.9999998233944466,0));
#1622=FACE_SURFACE('',(#1627),#1623,.T.);
#1623=PLANE('',#1624);
#1624=AXIS2_PLACEMENT_3D('',#136,#1625,#1626);
#1625=DIRECTION('',(0,0,1));
#1626=DIRECTION('',(-0.0005943156363484652,-0.9999998233944466,0));
#1627=FACE_BOUND('',#1628,.T.);
#1628=EDGE_LOOP('',(#1629,#1630,#1631));
#1629=ORIENTED_EDGE('',*,*,#1632,.T.);
#1630=ORIENTED_EDGE('',*,*,#1633,.T.);
#1631=ORIENTED_EDGE('',*,*,#1634,.T.);
#1632=EDGE_CURVE('',#137,#135,#1635,.F.);
#1633=EDGE_CURVE('',#135,#139,#1636,.T.);
#1634=EDGE_CURVE('',#139,#137,#1637,.T.);
#1635=LINE('',#136,#1638);
#1636=LINE('',#134,#1639);
#1637=LINE('',#138,#1640);
#1638=VECTOR('',#1641,1.0);
#1639=VECTOR('',#1642,1.0);
#1640=VECTOR('',#1643,1.0);
#1641=DIRECTION('',(-0.0005943156363484652,-0.9999998233944466,0));
#1642=DIRECTION('',(0.2901978243212921,0.9569666779774458,0));
#1643=DIRECTION('',(0,1,0));
#1644=FACE_SURFACE('',(#1649),#1645,.T.);
#1645=PLANE('',#1646);
#1646=AXIS2_PLACEMENT_3D('',#140,#1647,#1648);
#1647=DIRECTION('',(0,0,1));
#1648=DIRECTION('',(-0.4713691521291874,0.8819360081213439,0));
#1649=FACE_BOUND('',#1650,.T.);
#1650=EDGE_LOOP('',(#1651,#1652,#1653));
#1651=ORIENTED_EDGE('',*,*,#1654,.T.);
#1652=ORIENTED_EDGE('',*,*,#1655,.T.);
#1653=ORIENTED_EDGE('',*,*,#1656,.T.);
#1654=EDGE_CURVE('',#141,#137,#1657,.F.);
#1655=EDGE_CURVE('',#137,#139,#1658,.T.);
#1656=EDGE_CURVE('',#139,#141,#1659,.T.);
#1657=LINE('',#140,#1660);
#1658=LINE('',#136,#1661);
#1659=LINE('',#138,#1662);
#1660=VECTOR('',#1663,1.0);
#1661=VECTOR('',#1664,1.0);
#1662=VECTOR('',#1665,1.0);
#1663=DIRECTION('',(-0.4713691521291874,0.8819360081213439,0));
#1664=DIRECTION('',(0,-1,0));
#1665=DIRECTION('',(0.0009689837533202922,0.9999995305351327,0));
#1666=FACE_SURFACE('',(#1671),#1667,.T.);
#1667=PLANE('',#1668);
#1668=AXIS2_PLACEMENT_3D('',#140,#1669,#1670);
#1669=DIRECTION('',(0,0,1));
#1670=DIRECTION('',(-0.0009689837533202922,-0.9999995305351327,0));
#1671=FACE_BOUND('',#1672,.T.);
#1672=EDGE_LOOP('',(#1673,#1674,#1675));
#1673=ORIENTED_EDGE('',*,*,#1676,.T.);
#1674=ORIENTED_EDGE('',*,*,#1677,.T.);
#1675=ORIENTED_EDGE('',*,*,#1678,.T.);
#1676=EDGE_CURVE('',#141,#139,#1679,.F.);
#1677=EDGE_CURVE('',#139,#143,#1680,.T.);
#1678=EDGE_CURVE('',#143,#141,#1681,.T.);
#1679=LINE('',#140,#1682);
#1680=LINE('',#138,#1683);
#1681=LINE('',#142,#1684);
#1682=VECTOR('',#1685,1.0);
#1683=VECTOR('',#1686,1.0);
#1684=VECTOR('',#1687,1.0);
#1685=DIRECTION('',(-0.0009689837533202922,-0.9999995305351327,0));
#1686=DIRECTION('',(0.4713571672912036,0.8819424135640673,0));
#1687=DIRECTION('',(0,1,0));
#1688=FACE_SURFACE('',(#1693),#1689,.T.);
#1689=PLANE('',#1690);
#1690=AXIS2_PLACEMENT_3D('',#144,#1691,#1692);
#1691=DIRECTION('',(0,0,1));
#1692=DIRECTION('',(-0.6344676744897584,0.7729493968091041,0));
#1693=FACE_BOUND('',#1694,.T.);
#1694=EDGE_LOOP('',(#1695,#1696,#1697));
#1695=ORIENTED_EDGE('',*,*,#1698,.T.);
#1696=ORIENTED_EDGE('',*,*,#1699,.T.);
#1697=ORIENTED_EDGE('',*,*,#1700,.T.);
#1698=EDGE_CURVE('',#145,#141,#1701,.F.);
#1699=EDGE_CURVE('',#141,#143,#1702,.T.);
#1700=EDGE_CURVE('',#143,#145,#1703,.T.);
#1701=LINE('',#144,#1704);
#1702=LINE('',#140,#1705);
#1703=LINE('',#142,#1706);
#1704=VECTOR('',#1707,1.0);
#1705=VECTOR('',#1708,1.0);
#1706=VECTOR('',#1709,1.0);
#1707=DIRECTION('',(-0.6344676744897584,0.7729493968091041,0));
#1708=DIRECTION('',(0,-1,0));
#1709=DIRECTION('',(0.0013088765183480735,0.999999143420763,0));
#1710=FACE_SURFACE('',(#1715),#1711,.T.);
#1711=PLANE('',#1712);
#1712=AXIS2_PLACEMENT_3D('',#144,#1713,#1714);
#1713=DIRECTION('',(0,0,1));
#1714=DIRECTION('',(-0.0013088765183480735,-0.999999143420763,0));
#1715=FACE_BOUND('',#1716,.T.);
#1716=EDGE_LOOP('',(#1717,#1718,#1719));
#1717=ORIENTED_EDGE('',*,*,#1720,.T.);
#1718=ORIENTED_EDGE('',*,*,#1721,.T.);
#1719=ORIENTED_EDGE('',*,*,#1722,.T.);
#1720=EDGE_CURVE('',#145,#143,#1723,.F.);
#1721=EDGE_CURVE('',#143,#147,#1724,.T.);
#1722=EDGE_CURVE('',#147,#145,#1725,.T.);
#1723=LINE('',#144,#1726);
#1724=LINE('',#142,#1727);
#1725=LINE('',#146,#1728);
#1726=VECTOR('',#1729,1.0);
#1727=VECTOR('',#1730,1.0);
#1728=VECTOR('',#1731,1.0);
#1729=DIRECTION('',(-0.0013088765183480735,-0.999999143420763,0));
#1730=DIRECTION('',(0.6344676744897584,0.7729493968091041,0));
#1731=DIRECTION('',(0,1,0));
#1732=FACE_SURFACE('',(#1737),#1733,.T.);
#1733=PLANE('',#1734);
#1734=AXIS2_PLACEMENT_3D('',#148,#1735,#1736);
#1735=DIRECTION('',(0,0,1));
#1736=DIRECTION('',(-0.7729968768850644,0.6344098267885963,0));
#1737=FACE_BOUND('',#1738,.T.);
#1738=EDGE_LOOP('',(#1739,#1740,#1741));
#1739=ORIENTED_EDGE('',*,*,#1742,.T.);
#1740=ORIENTED_EDGE('',*,*,#1743,.T.);
#1741=ORIENTED_EDGE('',*,*,#1744,.T.);
#1742=EDGE_CURVE('',#149,#145,#1745,.F.);
#1743=EDGE_CURVE('',#145,#147,#1746,.T.);
#1744=EDGE_CURVE('',#147,#149,#1747,.T.);
#1745=LINE('',#148,#1748);
#1746=LINE('',#144,#1749);
#1747=LINE('',#146,#1750);
#1748=VECTOR('',#1751,1.0);
#1749=VECTOR('',#1752,1.0);
#1750=VECTOR('',#1753,1.0);
#1751=DIRECTION('',(-0.7729968768850644,0.6344098267885963,0));
#1752=DIRECTION('',(0,-1,0));
#1753=DIRECTION('',(0.0015990804452677108,0.9999987214700474,0));
#1754=FACE_SURFACE('',(#1759),#1755,.T.);
#1755=PLANE('',#1756);
#1756=AXIS2_PLACEMENT_3D('',#148,#1757,#1758);
#1757=DIRECTION('',(0,0,1));
#1758=DIRECTION('',(-0.0015990804452677108,-0.9999987214700474,0));
#1759=FACE_BOUND('',#1760,.T.);
#1760=EDGE_LOOP('',(#1761,#1762,#1763));
#1761=ORIENTED_EDGE('',*,*,#1764,.T.);
#1762=ORIENTED_EDGE('',*,*,#1765,.T.);
#1763=ORIENTED_EDGE('',*,*,#1766,.T.);
#1764=EDGE_CURVE('',#149,#147,#1767,.F.);
#1765=EDGE_CURVE('',#147,#151,#1768,.T.);
#1766=EDGE_CURVE('',#151,#149,#1769,.T.);
#1767=LINE('',#148,#1770);
#1768=LINE('',#146,#1771);
#1769=LINE('',#150,#1772);
#1770=VECTOR('',#1773,1.0);
#1771=VECTOR('',#1774,1.0);
#1772=VECTOR('',#1775,1.0);
#1773=DIRECTION('',(-0.0015990804452677108,-0.9999987214700474,0));
#1774=DIRECTION('',(0.7729827386850253,0.6344270530919986,0));
#1775=DIRECTION('',(0,1,0));
#1776=FACE_SURFACE('',(#1781),#1777,.T.);
#1777=PLANE('',#1778);
#1778=AXIS2_PLACEMENT_3D('',#152,#1779,#1780);
#1779=DIRECTION('',(0,0,1));
#1780=DIRECTION('',(-0.8818748340319156,0.4714835915503116,0));
#1781=FACE_BOUND('',#1782,.T.);
#1782=EDGE_LOOP('',(#1783,#1784,#1785));
#1783=ORIENTED_EDGE('',*,*,#1786,.T.);
#1784=ORIENTED_EDGE('',*,*,#1787,.T.);
#1785=ORIENTED_EDGE('',*,*,#1788,.T.);
#1786=EDGE_CURVE('',#153,#149,#1789,.F.);
#1787=EDGE_CURVE('',#149,#151,#1790,.T.);
#1788=EDGE_CURVE('',#151,#153,#1791,.T.);
#1789=LINE('',#152,#1792);
#1790=LINE('',#148,#1793);
#1791=LINE('',#150,#1794);
#1792=VECTOR('',#1795,1.0);
#1793=VECTOR('',#1796,1.0);
#1794=VECTOR('',#1797,1.0);
#1795=DIRECTION('',(-0.8818748340319156,0.4714835915503116,0));
#1796=DIRECTION('',(0,-1,0));
#1797=DIRECTION('',(0.0018284652954459956,0.9999983283559344,0));
#1798=FACE_SURFACE('',(#1803),#1799,.T.);
#1799=PLANE('',#1800);
#1800=AXIS2_PLACEMENT_3D('',#152,#1801,#1802);
#1801=DIRECTION('',(0,0,1));
#1802=DIRECTION('',(-0.0018284652954459956,-0.9999983283559344,0));
#1803=FACE_BOUND('',#1804,.T.);
#1804=EDGE_LOOP('',(#1805,#1806,#1807));
#1805=ORIENTED_EDGE('',*,*,#1808,.T.);
#1806=ORIENTED_EDGE('',*,*,#1809,.T.);
#1807=ORIENTED_EDGE('',*,*,#1810,.T.);
#1808=EDGE_CURVE('',#153,#151,#1811,.F.);
#1809=EDGE_CURVE('',#151,#155,#1812,.T.);
#1810=EDGE_CURVE('',#155,#153,#1813,.T.);
#1811=LINE('',#152,#1814);
#1812=LINE('',#150,#1815);
#1813=LINE('',#154,#1816);
#1814=VECTOR('',#1817,1.0);
#1815=VECTOR('',#1818,1.0);
#1816=VECTOR('',#1819,1.0);
#1817=DIRECTION('',(-0.0018284652954459956,-0.9999983283559344,0));
#1818=DIRECTION('',(0.8818988085865538,0.4714387461946853,0));
#1819=DIRECTION('',(0,1,0));
#1820=FACE_SURFACE('',(#1825),#1821,.T.);
#1821=PLANE('',#1822);
#1822=AXIS2_PLACEMENT_3D('',#156,#1823,#1824);
#1823=DIRECTION('',(0,0,1));
#1824=DIRECTION('',(-0.9569466605389272,0.2902638263432002,0));
#1825=FACE_BOUND('',#1826,.T.);
#1826=EDGE_LOOP('',(#1827,#1828,#1829));
#1827=ORIENTED_EDGE('',*,*,#1830,.T.);
#1828=ORIENTED_EDGE('',*,*,#1831,.T.);
#1829=ORIENTED_EDGE('',*,*,#1832,.T.);
#1830=EDGE_CURVE('',#157,#153,#1833,.F.);
#1831=EDGE_CURVE('',#153,#155,#1834,.T.);
#1832=EDGE_CURVE('',#155,#157,#1835,.T.);
#1833=LINE('',#156,#1836);
#1834=LINE('',#152,#1837);
#1835=LINE('',#154,#1838);
#1836=VECTOR('',#1839,1.0);
#1837=VECTOR('',#1840,1.0);
#1838=VECTOR('',#1841,1.0);
#1839=DIRECTION('',(-0.9569466605389272,0.2902638263432002,0));
#1840=DIRECTION('',(0,-1,0));
#1841=DIRECTION('',(0.001987382809243845,0.9999980251528348,0));
#1842=FACE_SURFACE('',(#1847),#1843,.T.);
#1843=PLANE('',#1844);
#1844=AXIS2_PLACEMENT_3D('',#156,#1845,#1846);
#1845=DIRECTION('',(0,0,1));
#1846=DIRECTION('',(-0.001987382809243845,-0.9999980251528348,0));
#1847=FACE_BOUND('',#1848,.T.);
#1848=EDGE_LOOP('',(#1849,#1850,#1851));
#1849=ORIENTED_EDGE('',*,*,#1852,.T.);
#1850=ORIENTED_EDGE('',*,*,#1853,.T.);
#1851=ORIENTED_EDGE('',*,*,#1854,.T.);
#1852=EDGE_CURVE('',#157,#155,#1855,.F.);
#1853=EDGE_CURVE('',#155,#159,#1856,.T.);
#1854=EDGE_CURVE('',#159,#157,#1857,.T.);
#1855=LINE('',#156,#1858);
#1856=LINE('',#154,#1859);
#1857=LINE('',#158,#1860);
#1858=VECTOR('',#1861,1.0);
#1859=VECTOR('',#1862,1.0);
#1860=VECTOR('',#1863,1.0);
#1861=DIRECTION('',(-0.001987382809243845,-0.9999980251528348,0));
#1862=DIRECTION('',(0.9569386525234524,0.2902902259921945,0));
#1863=DIRECTION('',(0,1,0));
#1864=FACE_SURFACE('',(#1869),#1865,.T.);
#1865=PLANE('',#1866);
#1866=AXIS2_PLACEMENT_3D('',#160,#1867,#1868);
#1867=DIRECTION('',(0,0,1));
#1868=DIRECTION('',(-0.9951878762324052,0.09798515703939359,0));
#1869=FACE_BOUND('',#1870,.T.);
#1870=EDGE_LOOP('',(#1871,#1872,#1873));
#1871=ORIENTED_EDGE('',*,*,#1874,.T.);
#1872=ORIENTED_EDGE('',*,*,#1875,.T.);
#1873=ORIENTED_EDGE('',*,*,#1876,.T.);
#1874=EDGE_CURVE('',#161,#157,#1877,.F.);
#1875=EDGE_CURVE('',#157,#159,#1878,.T.);
#1876=EDGE_CURVE('',#159,#161,#1879,.T.);
#1877=LINE('',#160,#1880);
#1878=LINE('',#156,#1881);
#1879=LINE('',#158,#1882);
#1880=VECTOR('',#1883,1.0);
#1881=VECTOR('',#1884,1.0);
#1882=VECTOR('',#1885,1.0);
#1883=DIRECTION('',(-0.9951878762324052,0.09798515703939359,0));
#1884=DIRECTION('',(0,-1,0));
#1885=DIRECTION('',(0.002068560204902756,0.9999978605270508,0));
#1886=FACE_SURFACE('',(#1891),#1887,.T.);
#1887=PLANE('',#1888);
#1888=AXIS2_PLACEMENT_3D('',#160,#1889,#1890);
#1889=DIRECTION('',(0,0,1));
#1890=DIRECTION('',(-0.002068560204902756,-0.9999978605270508,0));
#1891=FACE_BOUND('',#1892,.T.);
#1892=EDGE_LOOP('',(#1893,#1894,#1895));
#1893=ORIENTED_EDGE('',*,*,#1896,.T.);
#1894=ORIENTED_EDGE('',*,*,#1897,.T.);
#1895=ORIENTED_EDGE('',*,*,#1898,.T.);
#1896=EDGE_CURVE('',#161,#159,#1899,.F.);
#1897=EDGE_CURVE('',#159,#163,#1900,.T.);
#1898=EDGE_CURVE('',#163,#161,#1901,.T.);
#1899=LINE('',#160,#1902);
#1900=LINE('',#158,#1903);
#1901=LINE('',#162,#1904);
#1902=VECTOR('',#1905,1.0);
#1903=VECTOR('',#1906,1.0);
#1904=VECTOR('',#1907,1.0);
#1905=DIRECTION('',(-0.002068560204902756,-0.9999978605270508,0));
#1906=DIRECTION('',(0.9951850647424347,0.09801370778414571,0));
#1907=DIRECTION('',(0,1,0));
#1908=FACE_SURFACE('',(#1913),#1909,.T.);
#1909=PLANE('',#1910);
#1910=AXIS2_PLACEMENT_3D('',#164,#1911,#1912);
#1911=DIRECTION('',(0,0,1));
#1912=DIRECTION('',(-0.9951884297384054,-0.09797953518366469,0));
#1913=FACE_BOUND('',#1914,.T.);
#1914=EDGE_LOOP('',(#1915,#1916,#1917));
#1915=ORIENTED_EDGE('',*,*,#1918,.T.);
#1916=ORIENTED_EDGE('',*,*,#1919,.T.);
#1917=ORIENTED_EDGE('',*,*,#1920,.T.);
#1918=EDGE_CURVE('',#165,#161,#1921,.F.);
#1919=EDGE_CURVE('',#161,#163,#1922,.T.);
#1920=EDGE_CURVE('',#163,#165,#1923,.T.);
#1921=LINE('',#164,#1924);
#1922=LINE('',#160,#1925);
#1923=LINE('',#162,#1926);
#1924=VECTOR('',#1927,1.0);
#1925=VECTOR('',#1928,1.0);
#1926=VECTOR('',#1929,1.0);
#1927=DIRECTION('',(-0.9951884297384054,-0.09797953518366469,0));
#1928=DIRECTION('',(0,-1,0));
#1929=DIRECTION('',(0.0020686801684589255,0.9999978602788911,0));
#1930=FACE_SURFACE('',(#1935),#1931,.T.);
#1931=PLANE('',#1932);
#1932=AXIS2_PLACEMENT_3D('',#164,#1933,#1934);
#1933=DIRECTION('',(0,0,1));
#1934=DIRECTION('',(-0.0020686801684589255,-0.9999978602788911,0));
#1935=FACE_BOUND('',#1936,.T.);
#1936=EDGE_LOOP('',(#1937,#1938,#1939));
#1937=ORIENTED_EDGE('',*,*,#1940,.T.);
#1938=ORIENTED_EDGE('',*,*,#1941,.T.);
#1939=ORIENTED_EDGE('',*,*,#1942,.T.);
#1940=EDGE_CURVE('',#165,#163,#1943,.F.);
#1941=EDGE_CURVE('',#163,#167,#1944,.T.);
#1942=EDGE_CURVE('',#167,#165,#1945,.T.);
#1943=LINE('',#164,#1946);
#1944=LINE('',#162,#1947);
#1945=LINE('',#166,#1948);
#1946=VECTOR('',#1949,1.0);
#1947=VECTOR('',#1950,1.0);
#1948=VECTOR('',#1951,1.0);
#1949=DIRECTION('',(-0.0020686801684589255,-0.9999978602788911,0));
#1950=DIRECTION('',(0.9951856185694766,-0.09800808432210116,0));
#1951=DIRECTION('',(0,1,0));
#1952=FACE_SURFACE('',(#1957),#1953,.T.);
#1953=PLANE('',#1954);
#1954=AXIS2_PLACEMENT_3D('',#168,#1955,#1956);
#1955=DIRECTION('',(0,0,1));
#1956=DIRECTION('',(-0.9569418022883175,-0.29027984262291895,0));
#1957=FACE_BOUND('',#1958,.T.);
#1958=EDGE_LOOP('',(#1959,#1960,#1961));
#1959=ORIENTED_EDGE('',*,*,#1962,.T.);
#1960=ORIENTED_EDGE('',*,*,#1963,.T.);
#1961=ORIENTED_EDGE('',*,*,#1964,.T.);
#1962=EDGE_CURVE('',#169,#165,#1965,.F.);
#1963=EDGE_CURVE('',#165,#167,#1966,.T.);
#1964=EDGE_CURVE('',#167,#169,#1967,.T.);
#1965=LINE('',#168,#1968);
#1966=LINE('',#164,#1969);
#1967=LINE('',#166,#1970);
#1968=VECTOR('',#1971,1.0);
#1969=VECTOR('',#1972,1.0);
#1970=VECTOR('',#1973,1.0);
#1971=DIRECTION('',(-0.9569418022883175,-0.29027984262291895,0));
#1972=DIRECTION('',(0,-1,0));
#1973=DIRECTION('',(0.0019872631852010684,0.9999980253905668,0));
#1974=FACE_SURFACE('',(#1979),#1975,.T.);
#1975=PLANE('',#1976);
#1976=AXIS2_PLACEMENT_3D('',#168,#1977,#1978);
#1977=DIRECTION('',(0,0,1));
#1978=DIRECTION('',(-0.0019872631852010684,-0.9999980253905668,0));
#1979=FACE_BOUND('',#1980,.T.);
#1980=EDGE_LOOP('',(#1981,#1982,#1983));
#1981=ORIENTED_EDGE('',*,*,#1984,.T.);
#1982=ORIENTED_EDGE('',*,*,#1985,.T.);
#1983=ORIENTED_EDGE('',*,*,#1986,.T.);
#1984=EDGE_CURVE('',#169,#167,#1987,.F.);
#1985=EDGE_CURVE('',#167,#171,#1988,.T.);
#1986=EDGE_CURVE('',#171,#169,#1989,.T.);
#1987=LINE('',#168,#1990);
#1988=LINE('',#166,#1991);
#1989=LINE('',#170,#1992);
#1990=VECTOR('',#1993,1.0);
#1991=VECTOR('',#1994,1.0);
#1992=VECTOR('',#1995,1.0);
#1993=DIRECTION('',(-0.0019872631852010684,-0.9999980253905668,0));
#1994=DIRECTION('',(0.9569337934297512,-0.2903062434604989,0));
#1995=DIRECTION('',(0,1,0));
#1996=FACE_SURFACE('',(#2001),#1997,.T.);
#1997=PLANE('',#1998);
#1998=AXIS2_PLACEMENT_3D('',#172,#1999,#2000);
#1999=DIRECTION('',(0,0,1));
#2000=DIRECTION('',(-0.8819004660485841,-0.4714356456434859,0));
#2001=FACE_BOUND('',#2002,.T.);
#2002=EDGE_LOOP('',(#2003,#2004,#2005));
#2003=ORIENTED_EDGE('',*,*,#2006,.T.);
#2004=ORIENTED_EDGE('',*,*,#2007,.T.);
#2005=ORIENTED_EDGE('',*,*,#2008,.T.);
#2006=EDGE_CURVE('',#173,#169,#2009,.F.);
#2007=EDGE_CURVE('',#169,#171,#2010,.T.);
#2008=EDGE_CURVE('',#171,#173,#2011,.T.);
#2009=LINE('',#172,#2012);
#2010=LINE('',#168,#2013);
#2011=LINE('',#170,#2014);
#2012=VECTOR('',#2015,1.0);
#2013=VECTOR('',#2016,1.0);
#2014=VECTOR('',#2017,1.0);
#2015=DIRECTION('',(-0.8819004660485841,-0.4714356456434859,0));
#2016=DIRECTION('',(0,-1,0));
#2017=DIRECTION('',(0.0018287041848566003,0.9999983279191043,0));
#2018=FACE_SURFACE('',(#2023),#2019,.T.);
#2019=PLANE('',#2020);
#2020=AXIS2_PLACEMENT_3D('',#172,#2021,#2022);
#2021=DIRECTION('',(0,0,1));
#2022=DIRECTION('',(-0.0018287041848566003,-0.9999983279191043,0));
#2023=FACE_BOUND('',#2024,.T.);
#2024=EDGE_LOOP('',(#2025,#2026,#2027));
#2025=ORIENTED_EDGE('',*,*,#2028,.T.);
#2026=ORIENTED_EDGE('',*,*,#2029,.T.);
#2027=ORIENTED_EDGE('',*,*,#2030,.T.);
#2028=EDGE_CURVE('',#173,#171,#2031,.F.);
#2029=EDGE_CURVE('',#171,#175,#2032,.T.);
#2030=EDGE_CURVE('',#175,#173,#2033,.T.);
#2031=LINE('',#172,#2034);
#2032=LINE('',#170,#2035);
#2033=LINE('',#174,#2036);
#2034=VECTOR('',#2037,1.0);
#2035=VECTOR('',#2038,1.0);
#2036=VECTOR('',#2039,1.0);
#2037=DIRECTION('',(-0.0018287041848566003,-0.9999983279191043,0));
#2038=DIRECTION('',(0.8819244364239385,-0.47139080224195967,0));
#2039=DIRECTION('',(0,1,0));
#2040=FACE_SURFACE('',(#2045),#2041,.T.);
#2041=PLANE('',#2042);
#2042=AXIS2_PLACEMENT_3D('',#176,#2043,#2044);
#2043=DIRECTION('',(0,0,1));
#2044=DIRECTION('',(-0.7730200822975113,-0.6343815510910993,0));
#2045=FACE_BOUND('',#2046,.T.);
#2046=EDGE_LOOP('',(#2047,#2048,#2049));
#2047=ORIENTED_EDGE('',*,*,#2050,.T.);
#2048=ORIENTED_EDGE('',*,*,#2051,.T.);
#2049=ORIENTED_EDGE('',*,*,#2052,.T.);
#2050=EDGE_CURVE('',#177,#173,#2053,.F.);
#2051=EDGE_CURVE('',#173,#175,#2054,.T.);
#2052=EDGE_CURVE('',#175,#177,#2055,.T.);
#2053=LINE('',#176,#2056);
#2054=LINE('',#172,#2057);
#2055=LINE('',#174,#2058);
#2056=VECTOR('',#2059,1.0);
#2057=VECTOR('',#2060,1.0);
#2058=VECTOR('',#2061,1.0);
#2059=DIRECTION('',(-0.7730200822975113,-0.6343815510910993,0));
#2060=DIRECTION('',(0,-1,0));
#2061=DIRECTION('',(0.0015991998212917906,0.9999987212791482,0));
#2062=FACE_SURFACE('',(#2067),#2063,.T.);
#2063=PLANE('',#2064);
#2064=AXIS2_PLACEMENT_3D('',#176,#2065,#2066);
#2065=DIRECTION('',(0,0,1));
#2066=DIRECTION('',(-0.0015991998212917906,-0.9999987212791482,0));
#2067=FACE_BOUND('',#2068,.T.);
#2068=EDGE_LOOP('',(#2069,#2070,#2071));
#2069=ORIENTED_EDGE('',*,*,#2072,.T.);
#2070=ORIENTED_EDGE('',*,*,#2073,.T.);
#2071=ORIENTED_EDGE('',*,*,#2074,.T.);
#2072=EDGE_CURVE('',#177,#175,#2075,.F.);
#2073=EDGE_CURVE('',#175,#179,#2076,.T.);
#2074=EDGE_CURVE('',#179,#177,#2077,.T.);
#2075=LINE('',#176,#2078);
#2076=LINE('',#174,#2079);
#2077=LINE('',#178,#2080);
#2078=VECTOR('',#2081,1.0);
#2079=VECTOR('',#2082,1.0);
#2080=VECTOR('',#2083,1.0);
#2081=DIRECTION('',(-0.0015991998212917906,-0.9999987212791482,0));
#2082=DIRECTION('',(0.7730059449332992,-0.6343987776610048,0));
#2083=DIRECTION('',(0,1,0));
#2084=FACE_SURFACE('',(#2089),#2085,.T.);
#2085=PLANE('',#2086);
#2086=AXIS2_PLACEMENT_3D('',#180,#2087,#2088);
#2087=DIRECTION('',(0,0,1));
#2088=DIRECTION('',(-0.6344332279654685,-0.7729776706046017,0));
#2089=FACE_BOUND('',#2090,.T.);
#2090=EDGE_LOOP('',(#2091,#2092,#2093));
#2091=ORIENTED_EDGE('',*,*,#2094,.T.);
#2092=ORIENTED_EDGE('',*,*,#2095,.T.);
#2093=ORIENTED_EDGE('',*,*,#2096,.T.);
#2094=EDGE_CURVE('',#181,#177,#2097,.F.);
#2095=EDGE_CURVE('',#177,#179,#2098,.T.);
#2096=EDGE_CURVE('',#179,#181,#2099,.T.);
#2097=LINE('',#180,#2100);
#2098=LINE('',#176,#2101);
#2099=LINE('',#178,#2102);
#2100=VECTOR('',#2103,1.0);
#2101=VECTOR('',#2104,1.0);
#2102=VECTOR('',#2105,1.0);
#2103=DIRECTION('',(-0.6344332279654685,-0.7729776706046017,0));
#2104=DIRECTION('',(0,-1,0));
#2105=DIRECTION('',(0.0013087575838386376,0.9999991435764267,0));
#2106=FACE_SURFACE('',(#2111),#2107,.T.);
#2107=PLANE('',#2108);
#2108=AXIS2_PLACEMENT_3D('',#180,#2109,#2110);
#2109=DIRECTION('',(0,0,1));
#2110=DIRECTION('',(-0.0013087575838386376,-0.9999991435764267,0));
#2111=FACE_BOUND('',#2112,.T.);
#2112=EDGE_LOOP('',(#2113,#2114,#2115));
#2113=ORIENTED_EDGE('',*,*,#2116,.T.);
#2114=ORIENTED_EDGE('',*,*,#2117,.T.);
#2115=ORIENTED_EDGE('',*,*,#2118,.T.);
#2116=EDGE_CURVE('',#181,#179,#2119,.F.);
#2117=EDGE_CURVE('',#179,#183,#2120,.T.);
#2118=EDGE_CURVE('',#183,#181,#2121,.T.);
#2119=LINE('',#180,#2122);
#2120=LINE('',#178,#2123);
#2121=LINE('',#182,#2124);
#2122=VECTOR('',#2125,1.0);
#2123=VECTOR('',#2126,1.0);
#2124=VECTOR('',#2127,1.0);
#2125=DIRECTION('',(-0.0013087575838386376,-0.9999991435764267,0));
#2126=DIRECTION('',(0.6344332279654685,-0.7729776706046017,0));
#2127=DIRECTION('',(0,1,0));
#2128=FACE_SURFACE('',(#2133),#2129,.T.);
#2129=PLANE('',#2130);
#2130=AXIS2_PLACEMENT_3D('',#184,#2131,#2132);
#2131=DIRECTION('',(0,0,1));
#2132=DIRECTION('',(-0.4713691521291874,-0.8819360081213439,0));
#2133=FACE_BOUND('',#2134,.T.);
#2134=EDGE_LOOP('',(#2135,#2136,#2137));
#2135=ORIENTED_EDGE('',*,*,#2138,.T.);
#2136=ORIENTED_EDGE('',*,*,#2139,.T.);
#2137=ORIENTED_EDGE('',*,*,#2140,.T.);
#2138=EDGE_CURVE('',#185,#181,#2141,.F.);
#2139=EDGE_CURVE('',#181,#183,#2142,.T.);
#2140=EDGE_CURVE('',#183,#185,#2143,.T.);
#2141=LINE('',#184,#2144);
#2142=LINE('',#180,#2145);
#2143=LINE('',#182,#2146);
#2144=VECTOR('',#2147,1.0);
#2145=VECTOR('',#2148,1.0);
#2146=VECTOR('',#2149,1.0);
#2147=DIRECTION('',(-0.4713691521291874,-0.8819360081213439,0));
#2148=DIRECTION('',(0,-1,0));
#2149=DIRECTION('',(0.0009689838107471503,0.9999995305350771,0));
#2150=FACE_SURFACE('',(#2155),#2151,.T.);
#2151=PLANE('',#2152);
#2152=AXIS2_PLACEMENT_3D('',#184,#2153,#2154);
#2153=DIRECTION('',(0,0,1));
#2154=DIRECTION('',(-0.0009689838107471503,-0.9999995305350771,0));
#2155=FACE_BOUND('',#2156,.T.);
#2156=EDGE_LOOP('',(#2157,#2158,#2159));
#2157=ORIENTED_EDGE('',*,*,#2160,.T.);
#2158=ORIENTED_EDGE('',*,*,#2161,.T.);
#2159=ORIENTED_EDGE('',*,*,#2162,.T.);
#2160=EDGE_CURVE('',#185,#183,#2163,.F.);
#2161=EDGE_CURVE('',#183,#187,#2164,.T.);
#2162=EDGE_CURVE('',#187,#185,#2165,.T.);
#2163=LINE('',#184,#2166);
#2164=LINE('',#182,#2167);
#2165=LINE('',#186,#2168);
#2166=VECTOR('',#2169,1.0);
#2167=VECTOR('',#2170,1.0);
#2168=VECTOR('',#2171,1.0);
#2169=DIRECTION('',(-0.0009689838107471503,-0.9999995305350771,0));
#2170=DIRECTION('',(0.4713571672912036,-0.8819424135640673,0));
#2171=DIRECTION('',(0,1,0));
#2172=FACE_SURFACE('',(#2177),#2173,.T.);
#2173=PLANE('',#2174);
#2174=AXIS2_PLACEMENT_3D('',#188,#2175,#2176);
#2175=DIRECTION('',(0,0,1));
#2176=DIRECTION('',(-0.2902506262701716,-0.9569506643238057,0));
#2177=FACE_BOUND('',#2178,.T.);
#2178=EDGE_LOOP('',(#2179,#2180,#2181));
#2179=ORIENTED_EDGE('',*,*,#2182,.T.);
#2180=ORIENTED_EDGE('',*,*,#2183,.T.);
#2181=ORIENTED_EDGE('',*,*,#2184,.T.);
#2182=EDGE_CURVE('',#189,#185,#2185,.F.);
#2183=EDGE_CURVE('',#185,#187,#2186,.T.);
#2184=EDGE_CURVE('',#187,#189,#2187,.T.);
#2185=LINE('',#188,#2188);
#2186=LINE('',#184,#2189);
#2187=LINE('',#186,#2190);
#2188=VECTOR('',#2191,1.0);
#2189=VECTOR('',#2192,1.0);
#2190=VECTOR('',#2193,1.0);
#2191=DIRECTION('',(-0.2902506262701716,-0.9569506643238057,0));
#2192=DIRECTION('',(0,-1,0));
#2193=DIRECTION('',(0.0005944337200811033,0.9999998233242607,0));
#2194=FACE_SURFACE('',(#2199),#2195,.T.);
#2195=PLANE('',#2196);
#2196=AXIS2_PLACEMENT_3D('',#188,#2197,#2198);
#2197=DIRECTION('',(0,0,1));
#2198=DIRECTION('',(-0.0005944337200811033,-0.9999998233242607,0));
#2199=FACE_BOUND('',#2200,.T.);
#2200=EDGE_LOOP('',(#2201,#2202,#2203));
#2201=ORIENTED_EDGE('',*,*,#2204,.T.);
#2202=ORIENTED_EDGE('',*,*,#2205,.T.);
#2203=ORIENTED_EDGE('',*,*,#2206,.T.);
#2204=EDGE_CURVE('',#189,#187,#2207,.F.);
#2205=EDGE_CURVE('',#187,#191,#2208,.T.);
#2206=EDGE_CURVE('',#191,#189,#2209,.T.);
#2207=LINE('',#188,#2210);
#2208=LINE('',#186,#2211);
#2209=LINE('',#190,#2212);
#2210=VECTOR('',#2213,1.0);
#2211=VECTOR('',#2214,1.0);
#2212=VECTOR('',#2215,1.0);
#2213=DIRECTION('',(-0.0005944337200811033,-0.9999998233242607,0));
#2214=DIRECTION('',(0.2902506262701716,-0.9569506643238057,0));
#2215=DIRECTION('',(0,1,0));
#2216=FACE_SURFACE('',(#2221),#2217,.T.);
#2217=PLANE('',#2218);
#2218=AXIS2_PLACEMENT_3D('',#192,#2219,#2220);
#2219=DIRECTION('',(0,0,1));
#2220=DIRECTION('',(-0.09801370778414571,-0.9951850647424347,0));
#2221=FACE_BOUND('',#2222,.T.);
#2222=EDGE_LOOP('',(#2223,#2224,#2225));
#2223=ORIENTED_EDGE('',*,*,#2226,.T.);
#2224=ORIENTED_EDGE('',*,*,#2227,.T.);
#2225=ORIENTED_EDGE('',*,*,#2228,.T.);
#2226=EDGE_CURVE('',#193,#189,#2229,.F.);
#2227=EDGE_CURVE('',#189,#191,#2230,.T.);
#2228=EDGE_CURVE('',#191,#193,#2231,.T.);
#2229=LINE('',#192,#2232);
#2230=LINE('',#188,#2233);
#2231=LINE('',#190,#2234);
#2232=VECTOR('',#2235,1.0);
#2233=VECTOR('',#2236,1.0);
#2234=VECTOR('',#2237,1.0);
#2235=DIRECTION('',(-0.09801370778414571,-0.9951850647424347,0));
#2236=DIRECTION('',(0,-1,0));
#2237=DIRECTION('',(0.00019994305927580937,0.9999999800113862,0));
#2238=FACE_SURFACE('',(#2243),#2239,.T.);
#2239=PLANE('',#2240);
#2240=AXIS2_PLACEMENT_3D('',#192,#2241,#2242);
#2241=DIRECTION('',(0,0,1));
#2242=DIRECTION('',(-0.00019994305927580937,-0.9999999800113862,0));
#2243=FACE_BOUND('',#2244,.T.);
#2244=EDGE_LOOP('',(#2245,#2246,#2247));
#2245=ORIENTED_EDGE('',*,*,#2248,.T.);
#2246=ORIENTED_EDGE('',*,*,#2249,.T.);
#2247=ORIENTED_EDGE('',*,*,#2250,.T.);
#2248=EDGE_CURVE('',#193,#191,#2251,.F.);
#2249=EDGE_CURVE('',#191,#195,#2252,.T.);
#2250=EDGE_CURVE('',#195,#193,#2253,.T.);
#2251=LINE('',#192,#2254);
#2252=LINE('',#190,#2255);
#2253=LINE('',#194,#2256);
#2254=VECTOR('',#2257,1.0);
#2255=VECTOR('',#2258,1.0);
#2256=VECTOR('',#2259,1.0);
#2257=DIRECTION('',(-0.00019994305927580937,-0.9999999800113862,0));
#2258=DIRECTION('',(0.09801933188841773,-0.995184510820053,0));
#2259=DIRECTION('',(0,1,0));
#2260=FACE_SURFACE('',(#2265),#2261,.T.);
#2261=PLANE('',#2262);
#2262=AXIS2_PLACEMENT_3D('',#196,#2263,#2264);
#2263=DIRECTION('',(0,0,1));
#2264=DIRECTION('',(-0.7730059449332992,-0.6343987776610048,0));
#2265=FACE_BOUND('',#2266,.T.);
#2266=EDGE_LOOP('',(#2267,#2268,#2269));
#2267=ORIENTED_EDGE('',*,*,#2270,.T.);
#2268=ORIENTED_EDGE('',*,*,#2271,.T.);
#2269=ORIENTED_EDGE('',*,*,#2272,.T.);
#2270=EDGE_CURVE('',#197,#101,#2273,.F.);
#2271=EDGE_CURVE('',#101,#47,#2274,.T.);
#2272=EDGE_CURVE('',#47,#197,#2275,.T.);
#2273=LINE('',#196,#2276);
#2274=LINE('',#100,#2277);
#2275=LINE('',#46,#2278);
#2276=VECTOR('',#2279,1.0);
#2277=VECTOR('',#2280,1.0);
#2278=VECTOR('',#2281,1.0);
#2279=DIRECTION('',(-0.7730059449332992,-0.6343987776610048,0));
#2280=DIRECTION('',(0.4946669942477418,-0.869082599527746,0));
#2281=DIRECTION('',(-0.4529903797409908,0.8915154041642314,0));
#2282=FACE_SURFACE('',(#2287),#2283,.T.);
#2283=PLANE('',#2284);
#2284=AXIS2_PLACEMENT_3D('',#36,#2285,#2286);
#2285=DIRECTION('',(0,0,1));
#2286=DIRECTION('',(-0.6908247959021052,-0.72302219977454,0));
#2287=FACE_BOUND('',#2288,.T.);
#2288=EDGE_LOOP('',(#2289,#2290,#2291));
#2289=ORIENTED_EDGE('',*,*,#2292,.T.);
#2290=ORIENTED_EDGE('',*,*,#2293,.T.);
#2291=ORIENTED_EDGE('',*,*,#2294,.T.);
#2292=EDGE_CURVE('',#37,#199,#2295,.F.);
#2293=EDGE_CURVE('',#199,#201,#2296,.T.);
#2294=EDGE_CURVE('',#201,#37,#2297,.T.);
#2295=LINE('',#36,#2298);
#2296=LINE('',#198,#2299);
#2297=LINE('',#200,#2300);
#2298=VECTOR('',#2301,1.0);
#2299=VECTOR('',#2302,1.0);
#2300=VECTOR('',#2303,1.0);
#2301=DIRECTION('',(-0.6908247959021052,-0.72302219977454,0));
#2302=DIRECTION('',(0.6344473652054492,-0.7729660670326113,0));
#2303=DIRECTION('',(0.6370844056337559,0.7707940451886509,0));
#2304=FACE_SURFACE('',(#2309),#2305,.T.);
#2305=PLANE('',#2306);
#2306=AXIS2_PLACEMENT_3D('',#36,#2307,#2308);
#2307=DIRECTION('',(0,0,1));
#2308=DIRECTION('',(-0.6370844056337559,-0.7707940451886509,0));
#2309=FACE_BOUND('',#2310,.T.);
#2310=EDGE_LOOP('',(#2311,#2312,#2313));
#2311=ORIENTED_EDGE('',*,*,#2314,.T.);
#2312=ORIENTED_EDGE('',*,*,#2315,.T.);
#2313=ORIENTED_EDGE('',*,*,#2316,.T.);
#2314=EDGE_CURVE('',#37,#201,#2317,.F.);
#2315=EDGE_CURVE('',#201,#203,#2318,.T.);
#2316=EDGE_CURVE('',#203,#37,#2319,.T.);
#2317=LINE('',#36,#2320);
#2318=LINE('',#200,#2321);
#2319=LINE('',#202,#2322);
#2320=VECTOR('',#2323,1.0);
#2321=VECTOR('',#2324,1.0);
#2322=VECTOR('',#2325,1.0);
#2323=DIRECTION('',(-0.6370844056337559,-0.7707940451886509,0));
#2324=DIRECTION('',(0.4713451829756127,-0.8819488185182213,0));
#2325=DIRECTION('',(0.585602502807284,0.81059836460842,0));
#2326=FACE_SURFACE('',(#2331),#2327,.T.);
#2327=PLANE('',#2328);
#2328=AXIS2_PLACEMENT_3D('',#204,#2329,#2330);
#2329=DIRECTION('',(0,0,1));
#2330=DIRECTION('',(-0.6344332279654685,-0.7729776706046017,0));
#2331=FACE_BOUND('',#2332,.T.);
#2332=EDGE_LOOP('',(#2333,#2334,#2335));
#2333=ORIENTED_EDGE('',*,*,#2336,.T.);
#2334=ORIENTED_EDGE('',*,*,#2337,.T.);
#2335=ORIENTED_EDGE('',*,*,#2338,.T.);
#2336=EDGE_CURVE('',#205,#197,#2339,.F.);
#2337=EDGE_CURVE('',#197,#47,#2340,.T.);
#2338=EDGE_CURVE('',#47,#205,#2341,.T.);
#2339=LINE('',#204,#2342);
#2340=LINE('',#196,#2343);
#2341=LINE('',#46,#2344);
#2342=VECTOR('',#2345,1.0);
#2343=VECTOR('',#2346,1.0);
#2344=VECTOR('',#2347,1.0);
#2345=DIRECTION('',(-0.6344332279654685,-0.7729776706046017,0));
#2346=DIRECTION('',(0.4529903797409908,-0.8915154041642314,0));
#2347=DIRECTION('',(-0.4141516353289194,0.9102079009514153,0));
#2348=FACE_SURFACE('',(#2353),#2349,.T.);
#2349=PLANE('',#2350);
#2350=AXIS2_PLACEMENT_3D('',#206,#2351,#2352);
#2351=DIRECTION('',(0,0,1));
#2352=DIRECTION('',(-0.4713571672912036,-0.8819424135640673,0));
#2353=FACE_BOUND('',#2354,.T.);
#2354=EDGE_LOOP('',(#2355,#2356,#2357));
#2355=ORIENTED_EDGE('',*,*,#2358,.T.);
#2356=ORIENTED_EDGE('',*,*,#2359,.T.);
#2357=ORIENTED_EDGE('',*,*,#2360,.T.);
#2358=EDGE_CURVE('',#207,#205,#2361,.F.);
#2359=EDGE_CURVE('',#205,#47,#2362,.T.);
#2360=EDGE_CURVE('',#47,#207,#2363,.T.);
#2361=LINE('',#206,#2364);
#2362=LINE('',#204,#2365);
#2363=LINE('',#46,#2366);
#2364=VECTOR('',#2367,1.0);
#2365=VECTOR('',#2368,1.0);
#2366=VECTOR('',#2369,1.0);
#2367=DIRECTION('',(-0.4713571672912036,-0.8819424135640673,0));
#2368=DIRECTION('',(0.4141516353289194,-0.9102079009514153,0));
#2369=DIRECTION('',(-0.38082709563267025,0.9246462692467781,0));
#2370=FACE_SURFACE('',(#2375),#2371,.T.);
#2371=PLANE('',#2372);
#2372=AXIS2_PLACEMENT_3D('',#36,#2373,#2374);
#2373=DIRECTION('',(0,0,1));
#2374=DIRECTION('',(-0.585602502807284,-0.81059836460842,0));
#2375=FACE_BOUND('',#2376,.T.);
#2376=EDGE_LOOP('',(#2377,#2378,#2379));
#2377=ORIENTED_EDGE('',*,*,#2380,.T.);
#2378=ORIENTED_EDGE('',*,*,#2381,.T.);
#2379=ORIENTED_EDGE('',*,*,#2382,.T.);
#2380=EDGE_CURVE('',#37,#203,#2383,.F.);
#2381=EDGE_CURVE('',#203,#209,#2384,.T.);
#2382=EDGE_CURVE('',#209,#37,#2385,.T.);
#2383=LINE('',#36,#2386);
#2384=LINE('',#202,#2387);
#2385=LINE('',#208,#2388);
#2386=VECTOR('',#2389,1.0);
#2387=VECTOR('',#2390,1.0);
#2388=VECTOR('',#2391,1.0);
#2389=DIRECTION('',(-0.585602502807284,-0.81059836460842,0));
#2390=DIRECTION('',(0.2902506262701716,-0.9569506643238057,0));
#2391=DIRECTION('',(0.5413354001761579,0.840806746236089,0));
#2392=FACE_SURFACE('',(#2397),#2393,.T.);
#2393=PLANE('',#2394);
#2394=AXIS2_PLACEMENT_3D('',#36,#2395,#2396);
#2395=DIRECTION('',(0,0,1));
#2396=DIRECTION('',(-0.5413354001761579,-0.840806746236089,0));
#2397=FACE_BOUND('',#2398,.T.);
#2398=EDGE_LOOP('',(#2399,#2400,#2401));
#2399=ORIENTED_EDGE('',*,*,#2402,.T.);
#2400=ORIENTED_EDGE('',*,*,#2403,.T.);
#2401=ORIENTED_EDGE('',*,*,#2404,.T.);
#2402=EDGE_CURVE('',#37,#209,#2405,.F.);
#2403=EDGE_CURVE('',#209,#193,#2406,.T.);
#2404=EDGE_CURVE('',#193,#37,#2407,.T.);
#2405=LINE('',#36,#2408);
#2406=LINE('',#208,#2409);
#2407=LINE('',#192,#2410);
#2408=VECTOR('',#2411,1.0);
#2409=VECTOR('',#2412,1.0);
#2410=VECTOR('',#2413,1.0);
#2411=DIRECTION('',(-0.5413354001761579,-0.840806746236089,0));
#2412=DIRECTION('',(0.09801933188841773,-0.995184510820053,0));
#2413=DIRECTION('',(0.507533550491133,0.8616319951846406,0));
#2414=FACE_SURFACE('',(#2419),#2415,.T.);
#2415=PLANE('',#2416);
#2416=AXIS2_PLACEMENT_3D('',#210,#2417,#2418);
#2417=DIRECTION('',(0,0,1));
#2418=DIRECTION('',(-0.2902506262701716,-0.9569506643238057,0));
#2419=FACE_BOUND('',#2420,.T.);
#2420=EDGE_LOOP('',(#2421,#2422,#2423));
#2421=ORIENTED_EDGE('',*,*,#2424,.T.);
#2422=ORIENTED_EDGE('',*,*,#2425,.T.);
#2423=ORIENTED_EDGE('',*,*,#2426,.T.);
#2424=EDGE_CURVE('',#211,#207,#2427,.F.);
#2425=EDGE_CURVE('',#207,#47,#2428,.T.);
#2426=EDGE_CURVE('',#47,#211,#2429,.T.);
#2427=LINE('',#210,#2430);
#2428=LINE('',#206,#2431);
#2429=LINE('',#46,#2432);
#2430=VECTOR('',#2433,1.0);
#2431=VECTOR('',#2434,1.0);
#2432=VECTOR('',#2435,1.0);
#2433=DIRECTION('',(-0.2902506262701716,-0.9569506643238057,0));
#2434=DIRECTION('',(0.38082709563267025,-0.9246462692467781,0));
#2435=DIRECTION('',(-0.35485322378466,0.9349220232562896,0));
#2436=FACE_SURFACE('',(#2441),#2437,.T.);
#2437=PLANE('',#2438);
#2438=AXIS2_PLACEMENT_3D('',#36,#2439,#2440);
#2439=DIRECTION('',(0,0,1));
#2440=DIRECTION('',(-0.507533550491133,-0.8616319951846406,0));
#2441=FACE_BOUND('',#2442,.T.);
#2442=EDGE_LOOP('',(#2443,#2444,#2445));
#2443=ORIENTED_EDGE('',*,*,#2446,.T.);
#2444=ORIENTED_EDGE('',*,*,#2447,.T.);
#2445=ORIENTED_EDGE('',*,*,#2448,.T.);
#2446=EDGE_CURVE('',#37,#193,#2449,.F.);
#2447=EDGE_CURVE('',#193,#195,#2450,.T.);
#2448=EDGE_CURVE('',#195,#37,#2451,.T.);
#2449=LINE('',#36,#2452);
#2450=LINE('',#192,#2453);
#2451=LINE('',#194,#2454);
#2452=VECTOR('',#2455,1.0);
#2453=VECTOR('',#2456,1.0);
#2454=VECTOR('',#2457,1.0);
#2455=DIRECTION('',(-0.507533550491133,-0.8616319951846406,0));
#2456=DIRECTION('',(0,-1,0));
#2457=DIRECTION('',(0.015733659472154892,0.9998762183188549,0));
#2458=FACE_SURFACE('',(#2463),#2459,.T.);
#2459=PLANE('',#2460);
#2460=AXIS2_PLACEMENT_3D('',#194,#2461,#2462);
#2461=DIRECTION('',(0,0,1));
#2462=DIRECTION('',(-0.09801651975599646,-0.9951847877931628,0));
#2463=FACE_BOUND('',#2464,.T.);
#2464=EDGE_LOOP('',(#2465,#2466,#2467));
#2465=ORIENTED_EDGE('',*,*,#2468,.T.);
#2466=ORIENTED_EDGE('',*,*,#2469,.T.);
#2467=ORIENTED_EDGE('',*,*,#2470,.T.);
#2468=EDGE_CURVE('',#195,#211,#2471,.F.);
#2469=EDGE_CURVE('',#211,#47,#2472,.T.);
#2470=EDGE_CURVE('',#47,#195,#2473,.T.);
#2471=LINE('',#194,#2474);
#2472=LINE('',#210,#2475);
#2473=LINE('',#46,#2476);
#2474=VECTOR('',#2477,1.0);
#2475=VECTOR('',#2478,1.0);
#2476=VECTOR('',#2479,1.0);
#2477=DIRECTION('',(-0.09801651975599646,-0.9951847877931628,0));
#2478=DIRECTION('',(0.35485322378466,-0.9349220232562896,0));
#2479=DIRECTION('',(-0.3371371940218772,0.9414555286401239,0));
#2480=FACE_SURFACE('',(#2485),#2481,.T.);
#2481=PLANE('',#2482);
#2482=AXIS2_PLACEMENT_3D('',#194,#2483,#2484);
#2483=DIRECTION('',(-0,0,1));
#2484=DIRECTION('',(0.3371371940218772,-0.9414555286401239,0));
#2485=FACE_BOUND('',#2486,.T.);
#2486=EDGE_LOOP('',(#2487,#2488,#2489));
#2487=ORIENTED_EDGE('',*,*,#2490,.T.);
#2488=ORIENTED_EDGE('',*,*,#2491,.T.);
#2489=ORIENTED_EDGE('',*,*,#2492,.T.);
#2490=EDGE_CURVE('',#195,#47,#2493,.F.);
#2491=EDGE_CURVE('',#47,#37,#2494,.T.);
#2492=EDGE_CURVE('',#37,#195,#2495,.T.);
#2493=LINE('',#194,#2496);
#2494=LINE('',#46,#2497);
#2495=LINE('',#36,#2498);
#2496=VECTOR('',#2499,1.0);
#2497=VECTOR('',#2500,1.0);
#2498=VECTOR('',#2501,1.0);
#2499=DIRECTION('',(0.3371371940218772,-0.9414555286401239,0));
#2500=DIRECTION('',(0,1,0));
#2501=DIRECTION('',(-0.015733659472154892,-0.9998762183188549,0));
#2502=FACE_SURFACE('',(#2507),#2503,.T.);
#2503=PLANE('',#2504);
#2504=AXIS2_PLACEMENT_3D('',#212,#2505,#2506);
#2505=DIRECTION('',(-0,0,1));
#2506=DIRECTION('',(0.7730200822975113,-0.6343815510910993,0));
#2507=FACE_BOUND('',#2508,.T.);
#2508=EDGE_LOOP('',(#2509,#2510,#2511));
#2509=ORIENTED_EDGE('',*,*,#2512,.T.);
#2510=ORIENTED_EDGE('',*,*,#2513,.T.);
#2511=ORIENTED_EDGE('',*,*,#2514,.T.);
#2512=EDGE_CURVE('',#213,#199,#2515,.F.);
#2513=EDGE_CURVE('',#199,#37,#2516,.T.);
#2514=EDGE_CURVE('',#37,#213,#2517,.T.);
#2515=LINE('',#212,#2518);
#2516=LINE('',#198,#2519);
#2517=LINE('',#36,#2520);
#2518=VECTOR('',#2521,1.0);
#2519=VECTOR('',#2522,1.0);
#2520=VECTOR('',#2523,1.0);
#2521=DIRECTION('',(0.7730200822975113,-0.6343815510910993,0));
#2522=DIRECTION('',(0.6908247959021052,0.72302219977454,0));
#2523=DIRECTION('',(-0.7413669268079425,-0.6710999030214108,0));
#2524=FACE_SURFACE('',(#2529),#2525,.T.);
#2525=PLANE('',#2526);
#2526=AXIS2_PLACEMENT_3D('',#36,#2527,#2528);
#2527=DIRECTION('',(0,0,1));
#2528=DIRECTION('',(-0.8898208293850925,0.4563100827205399,0));
#2529=FACE_BOUND('',#2530,.T.);
#2530=EDGE_LOOP('',(#2531,#2532,#2533));
#2531=ORIENTED_EDGE('',*,*,#2534,.T.);
#2532=ORIENTED_EDGE('',*,*,#2535,.T.);
#2533=ORIENTED_EDGE('',*,*,#2536,.T.);
#2534=EDGE_CURVE('',#37,#91,#2537,.F.);
#2535=EDGE_CURVE('',#91,#89,#2538,.T.);
#2536=EDGE_CURVE('',#89,#37,#2539,.T.);
#2537=LINE('',#36,#2540);
#2538=LINE('',#90,#2541);
#2539=LINE('',#88,#2542);
#2540=VECTOR('',#2543,1.0);
#2541=VECTOR('',#2544,1.0);
#2542=VECTOR('',#2545,1.0);
#2543=DIRECTION('',(-0.8898208293850925,0.4563100827205399,0));
#2544=DIRECTION('',(-0.9204606223107055,-0.3908353141354922,0));
#2545=DIRECTION('',(0.9999687787814601,-0.007901991034890149,0));
#2546=FACE_SURFACE('',(#2551),#2547,.T.);
#2547=PLANE('',#2548);
#2548=AXIS2_PLACEMENT_3D('',#88,#2549,#2550);
#2549=DIRECTION('',(0,0,1));
#2550=DIRECTION('',(0.639564573351962,-0.7687373781162996,0));
#2551=FACE_BOUND('',#2552,.T.);
#2552=EDGE_LOOP('',(#2553,#2554,#2555));
#2553=ORIENTED_EDGE('',*,*,#2556,.T.);
#2554=ORIENTED_EDGE('',*,*,#2557,.T.);
#2555=ORIENTED_EDGE('',*,*,#2558,.T.);
#2556=EDGE_CURVE('',#89,#111,#2559,.F.);
#2557=EDGE_CURVE('',#111,#215,#2560,.T.);
#2558=EDGE_CURVE('',#215,#89,#2561,.T.);
#2559=LINE('',#88,#2562);
#2560=LINE('',#110,#2563);
#2561=LINE('',#214,#2564);
#2562=VECTOR('',#2565,1.0);
#2563=VECTOR('',#2566,1.0);
#2564=VECTOR('',#2567,1.0);
#2565=DIRECTION('',(0.639564573351962,-0.7687373781162996,0));
#2566=DIRECTION('',(0.7731493128109427,0.6342240456652264,0));
#2567=DIRECTION('',(-0.6398635577603125,0.768488534364902,0));
#2568=FACE_SURFACE('',(#2573),#2569,.T.);
#2569=PLANE('',#2570);
#2570=AXIS2_PLACEMENT_3D('',#88,#2571,#2572);
#2571=DIRECTION('',(0,0,1));
#2572=DIRECTION('',(0.6398635577603125,-0.768488534364902,0));
#2573=FACE_BOUND('',#2574,.T.);
#2574=EDGE_LOOP('',(#2575,#2576,#2577));
#2575=ORIENTED_EDGE('',*,*,#2578,.T.);
#2576=ORIENTED_EDGE('',*,*,#2579,.T.);
#2577=ORIENTED_EDGE('',*,*,#2580,.T.);
#2578=EDGE_CURVE('',#89,#215,#2581,.F.);
#2579=EDGE_CURVE('',#215,#217,#2582,.T.);
#2580=EDGE_CURVE('',#217,#89,#2583,.T.);
#2581=LINE('',#88,#2584);
#2582=LINE('',#214,#2585);
#2583=LINE('',#216,#2586);
#2584=VECTOR('',#2587,1.0);
#2585=VECTOR('',#2588,1.0);
#2586=VECTOR('',#2589,1.0);
#2587=DIRECTION('',(0.6398635577603125,-0.768488534364902,0));
#2588=DIRECTION('',(0.8818928150394856,0.4714499578764767,0));
#2589=DIRECTION('',(-0.6980597303731059,0.7160395330087764,0));
#2590=FACE_SURFACE('',(#2595),#2591,.T.);
#2591=PLANE('',#2592);
#2592=AXIS2_PLACEMENT_3D('',#212,#2593,#2594);
#2593=DIRECTION('',(0,-0,1));
#2594=DIRECTION('',(0.7413669268079425,0.6710999030214108,0));
#2595=FACE_BOUND('',#2596,.T.);
#2596=EDGE_LOOP('',(#2597,#2598,#2599));
#2597=ORIENTED_EDGE('',*,*,#2600,.T.);
#2598=ORIENTED_EDGE('',*,*,#2601,.T.);
#2599=ORIENTED_EDGE('',*,*,#2602,.T.);
#2600=EDGE_CURVE('',#213,#37,#2603,.F.);
#2601=EDGE_CURVE('',#37,#89,#2604,.T.);
#2602=EDGE_CURVE('',#89,#213,#2605,.T.);
#2603=LINE('',#212,#2606);
#2604=LINE('',#36,#2607);
#2605=LINE('',#88,#2608);
#2606=VECTOR('',#2609,1.0);
#2607=VECTOR('',#2610,1.0);
#2608=VECTOR('',#2611,1.0);
#2609=DIRECTION('',(0.7413669268079425,0.6710999030214108,0));
#2610=DIRECTION('',(-0.9999687787814601,0.007901991034890149,0));
#2611=DIRECTION('',(0.8202084133070758,-0.5720648204008782,0));
#2612=FACE_SURFACE('',(#2617),#2613,.T.);
#2613=PLANE('',#2614);
#2614=AXIS2_PLACEMENT_3D('',#218,#2615,#2616);
#2615=DIRECTION('',(-0,-0,1));
#2616=DIRECTION('',(0.8819184439217125,-0.4714020134351413,0));
#2617=FACE_BOUND('',#2618,.T.);
#2618=EDGE_LOOP('',(#2619,#2620,#2621));
#2619=ORIENTED_EDGE('',*,*,#2622,.T.);
#2620=ORIENTED_EDGE('',*,*,#2623,.T.);
#2621=ORIENTED_EDGE('',*,*,#2624,.T.);
#2622=EDGE_CURVE('',#219,#213,#2625,.F.);
#2623=EDGE_CURVE('',#213,#89,#2626,.T.);
#2624=EDGE_CURVE('',#89,#219,#2627,.T.);
#2625=LINE('',#218,#2628);
#2626=LINE('',#212,#2629);
#2627=LINE('',#88,#2630);
#2628=VECTOR('',#2631,1.0);
#2629=VECTOR('',#2632,1.0);
#2630=VECTOR('',#2633,1.0);
#2631=DIRECTION('',(0.8819184439217125,-0.4714020134351413,0));
#2632=DIRECTION('',(-0.8202084133070758,0.5720648204008782,0));
#2633=DIRECTION('',(0.815831523168372,-0.5782896556266368,0));
#2634=FACE_SURFACE('',(#2639),#2635,.T.);
#2635=PLANE('',#2636);
#2636=AXIS2_PLACEMENT_3D('',#88,#2637,#2638);
#2637=DIRECTION('',(0,0,1));
#2638=DIRECTION('',(0.6980597303731059,-0.7160395330087764,0));
#2639=FACE_BOUND('',#2640,.T.);
#2640=EDGE_LOOP('',(#2641,#2642,#2643));
#2641=ORIENTED_EDGE('',*,*,#2644,.T.);
#2642=ORIENTED_EDGE('',*,*,#2645,.T.);
#2643=ORIENTED_EDGE('',*,*,#2646,.T.);
#2644=EDGE_CURVE('',#89,#217,#2647,.F.);
#2645=EDGE_CURVE('',#217,#221,#2648,.T.);
#2646=EDGE_CURVE('',#221,#89,#2649,.T.);
#2647=LINE('',#88,#2650);
#2648=LINE('',#216,#2651);
#2649=LINE('',#220,#2652);
#2650=VECTOR('',#2653,1.0);
#2651=VECTOR('',#2654,1.0);
#2652=VECTOR('',#2655,1.0);
#2653=DIRECTION('',(0.6980597303731059,-0.7160395330087764,0));
#2654=DIRECTION('',(0.9569506643238057,0.2902506262701716,0));
#2655=DIRECTION('',(-0.7453301593457292,0.6666955478849922,0));
#2656=FACE_SURFACE('',(#2661),#2657,.T.);
#2657=PLANE('',#2658);
#2658=AXIS2_PLACEMENT_3D('',#88,#2659,#2660);
#2659=DIRECTION('',(0,0,1));
#2660=DIRECTION('',(0.7453301593457292,-0.6666955478849922,0));
#2661=FACE_BOUND('',#2662,.T.);
#2662=EDGE_LOOP('',(#2663,#2664,#2665));
#2663=ORIENTED_EDGE('',*,*,#2666,.T.);
#2664=ORIENTED_EDGE('',*,*,#2667,.T.);
#2665=ORIENTED_EDGE('',*,*,#2668,.T.);
#2666=EDGE_CURVE('',#89,#221,#2669,.F.);
#2667=EDGE_CURVE('',#221,#223,#2670,.T.);
#2668=EDGE_CURVE('',#223,#89,#2671,.T.);
#2669=LINE('',#88,#2672);
#2670=LINE('',#220,#2673);
#2671=LINE('',#222,#2674);
#2672=VECTOR('',#2675,1.0);
#2673=VECTOR('',#2676,1.0);
#2674=VECTOR('',#2677,1.0);
#2675=DIRECTION('',(0.7453301593457292,-0.6666955478849922,0));
#2676=DIRECTION('',(0.9951794393529383,0.09807080854755507,0));
#2677=DIRECTION('',(-0.7801072031910334,0.6256458675077009,0));
#2678=FACE_SURFACE('',(#2683),#2679,.T.);
#2679=PLANE('',#2680);
#2680=AXIS2_PLACEMENT_3D('',#224,#2681,#2682);
#2681=DIRECTION('',(-0,-0,1));
#2682=DIRECTION('',(0.956945806494727,-0.2902666419555589,0));
#2683=FACE_BOUND('',#2684,.T.);
#2684=EDGE_LOOP('',(#2685,#2686,#2687));
#2685=ORIENTED_EDGE('',*,*,#2688,.T.);
#2686=ORIENTED_EDGE('',*,*,#2689,.T.);
#2687=ORIENTED_EDGE('',*,*,#2690,.T.);
#2688=EDGE_CURVE('',#225,#219,#2691,.F.);
#2689=EDGE_CURVE('',#219,#89,#2692,.T.);
#2690=EDGE_CURVE('',#89,#225,#2693,.T.);
#2691=LINE('',#224,#2694);
#2692=LINE('',#218,#2695);
#2693=LINE('',#88,#2696);
#2694=VECTOR('',#2697,1.0);
#2695=VECTOR('',#2698,1.0);
#2696=VECTOR('',#2699,1.0);
#2697=DIRECTION('',(0.956945806494727,-0.2902666419555589,0));
#2698=DIRECTION('',(-0.815831523168372,0.5782896556266368,0));
#2699=DIRECTION('',(0.8030517029744,-0.5959093574948426,0));
#2700=FACE_SURFACE('',(#2705),#2701,.T.);
#2701=PLANE('',#2702);
#2702=AXIS2_PLACEMENT_3D('',#88,#2703,#2704);
#2703=DIRECTION('',(0,0,1));
#2704=DIRECTION('',(0.7801072031910334,-0.6256458675077009,0));
#2705=FACE_BOUND('',#2706,.T.);
#2706=EDGE_LOOP('',(#2707,#2708,#2709));
#2707=ORIENTED_EDGE('',*,*,#2710,.T.);
#2708=ORIENTED_EDGE('',*,*,#2711,.T.);
#2709=ORIENTED_EDGE('',*,*,#2712,.T.);
#2710=EDGE_CURVE('',#89,#223,#2713,.F.);
#2711=EDGE_CURVE('',#223,#225,#2714,.T.);
#2712=EDGE_CURVE('',#225,#89,#2715,.T.);
#2713=LINE('',#88,#2716);
#2714=LINE('',#222,#2717);
#2715=LINE('',#224,#2718);
#2716=VECTOR('',#2719,1.0);
#2717=VECTOR('',#2720,1.0);
#2718=VECTOR('',#2721,1.0);
#2719=DIRECTION('',(0.7801072031910334,-0.6256458675077009,0));
#2720=DIRECTION('',(0.9951799938223309,-0.09806518187300341,0));
#2721=DIRECTION('',(-0.8030517029744,0.5959093574948426,0));
#2722=FACE_SURFACE('',(#2727),#2723,.T.);
#2723=PLANE('',#2724);
#2724=AXIS2_PLACEMENT_3D('',#88,#2725,#2726);
#2725=DIRECTION('',(-1,0,-0));
#2726=DIRECTION('',(0,0,-1));
#2727=FACE_BOUND('',#2728,.T.);
#2728=EDGE_LOOP('',(#2729,#2730,#2731));
#2729=ORIENTED_EDGE('',*,*,#2732,.T.);
#2730=ORIENTED_EDGE('',*,*,#2733,.T.);
#2731=ORIENTED_EDGE('',*,*,#2734,.T.);
#2732=EDGE_CURVE('',#89,#95,#2735,.F.);
#2733=EDGE_CURVE('',#95,#79,#2736,.T.);
#2734=EDGE_CURVE('',#79,#89,#2737,.T.);
#2735=LINE('',#88,#2738);
#2736=LINE('',#94,#2739);
#2737=LINE('',#78,#2740);
#2738=VECTOR('',#2741,1.0);
#2739=VECTOR('',#2742,1.0);
#2740=VECTOR('',#2743,1.0);
#2741=DIRECTION('',(0,0,-1));
#2742=DIRECTION('',(0,-1,1.3669162418792189E-08));
#2743=DIRECTION('',(0,0.9988481022128919,0.047984046366517444));
#2744=FACE_SURFACE('',(#2749),#2745,.T.);
#2745=PLANE('',#2746);
#2746=AXIS2_PLACEMENT_3D('',#88,#2747,#2748);
#2747=DIRECTION('',(-1,-0,0));
#2748=DIRECTION('',(0,-0.9988481022128919,-0.047984046366517444));
#2749=FACE_BOUND('',#2750,.T.);
#2750=EDGE_LOOP('',(#2751,#2752,#2753));
#2751=ORIENTED_EDGE('',*,*,#2754,.T.);
#2752=ORIENTED_EDGE('',*,*,#2755,.T.);
#2753=ORIENTED_EDGE('',*,*,#2756,.T.);
#2754=EDGE_CURVE('',#89,#79,#2757,.F.);
#2755=EDGE_CURVE('',#79,#73,#2758,.T.);
#2756=EDGE_CURVE('',#73,#89,#2759,.T.);
#2757=LINE('',#88,#2760);
#2758=LINE('',#78,#2761);
#2759=LINE('',#72,#2762);
#2760=VECTOR('',#2763,1.0);
#2761=VECTOR('',#2764,1.0);
#2762=VECTOR('',#2765,1.0);
#2763=DIRECTION('',(0,-0.9988481022128919,-0.047984046366517444));
#2764=DIRECTION('',(0,0,1));
#2765=DIRECTION('',(0,1,0));
#2766=FACE_SURFACE('',(#2771),#2767,.T.);
#2767=PLANE('',#2768);
#2768=AXIS2_PLACEMENT_3D('',#226,#2769,#2770);
#2769=DIRECTION('',(0,0,1));
#2770=DIRECTION('',(-1,0,0));
#2771=FACE_BOUND('',#2772,.T.);
#2772=EDGE_LOOP('',(#2773,#2774,#2775));
#2773=ORIENTED_EDGE('',*,*,#2776,.T.);
#2774=ORIENTED_EDGE('',*,*,#2777,.T.);
#2775=ORIENTED_EDGE('',*,*,#2778,.T.);
#2776=EDGE_CURVE('',#227,#87,#2779,.F.);
#2777=EDGE_CURVE('',#87,#91,#2780,.T.);
#2778=EDGE_CURVE('',#91,#227,#2781,.T.);
#2779=LINE('',#226,#2782);
#2780=LINE('',#86,#2783);
#2781=LINE('',#90,#2784);
#2782=VECTOR('',#2785,1.0);
#2783=VECTOR('',#2786,1.0);
#2784=VECTOR('',#2787,1.0);
#2785=DIRECTION('',(-1,0,0));
#2786=DIRECTION('',(-0.2257856351546813,-0.9741770100745537,0));
#2787=DIRECTION('',(0.9999807967858169,0.006197262266743785,0));
#2788=FACE_SURFACE('',(#2793),#2789,.T.);
#2789=PLANE('',#2790);
#2790=AXIS2_PLACEMENT_3D('',#90,#2791,#2792);
#2791=DIRECTION('',(0,0,1));
#2792=DIRECTION('',(0.8898208293850925,-0.4563100827205399,0));
#2793=FACE_BOUND('',#2794,.T.);
#2794=EDGE_LOOP('',(#2795,#2796,#2797));
#2795=ORIENTED_EDGE('',*,*,#2798,.T.);
#2796=ORIENTED_EDGE('',*,*,#2799,.T.);
#2797=ORIENTED_EDGE('',*,*,#2800,.T.);
#2798=EDGE_CURVE('',#91,#37,#2801,.F.);
#2799=EDGE_CURVE('',#37,#35,#2802,.T.);
#2800=EDGE_CURVE('',#35,#91,#2803,.T.);
#2801=LINE('',#90,#2804);
#2802=LINE('',#36,#2805);
#2803=LINE('',#34,#2806);
#2804=VECTOR('',#2807,1.0);
#2805=VECTOR('',#2808,1.0);
#2806=VECTOR('',#2809,1.0);
#2807=DIRECTION('',(0.8898208293850925,-0.4563100827205399,0));
#2808=DIRECTION('',(1,0,0));
#2809=DIRECTION('',(-0.9999689280660647,0.00788307696305564,0));
#2810=FACE_SURFACE('',(#2815),#2811,.T.);
#2811=PLANE('',#2812);
#2812=AXIS2_PLACEMENT_3D('',#90,#2813,#2814);
#2813=DIRECTION('',(-0,0,1));
#2814=DIRECTION('',(0.9999689280660647,-0.00788307696305564,0));
#2815=FACE_BOUND('',#2816,.T.);
#2816=EDGE_LOOP('',(#2817,#2818,#2819));
#2817=ORIENTED_EDGE('',*,*,#2820,.T.);
#2818=ORIENTED_EDGE('',*,*,#2821,.T.);
#2819=ORIENTED_EDGE('',*,*,#2822,.T.);
#2820=EDGE_CURVE('',#91,#35,#2823,.F.);
#2821=EDGE_CURVE('',#35,#227,#2824,.T.);
#2822=EDGE_CURVE('',#227,#91,#2825,.T.);
#2823=LINE('',#90,#2826);
#2824=LINE('',#34,#2827);
#2825=LINE('',#226,#2828);
#2826=VECTOR('',#2829,1.0);
#2827=VECTOR('',#2830,1.0);
#2828=VECTOR('',#2831,1.0);
#2829=DIRECTION('',(0.9999689280660647,-0.00788307696305564,0));
#2830=DIRECTION('',(0,1,0));
#2831=DIRECTION('',(-0.9999807967858169,-0.006197262266743785,0));
#2832=FACE_SURFACE('',(#2837),#2833,.T.);
#2833=PLANE('',#2834);
#2834=AXIS2_PLACEMENT_3D('',#228,#2835,#2836);
#2835=DIRECTION('',(0,1,0));
#2836=DIRECTION('',(-1,0,0));
#2837=FACE_BOUND('',#2838,.T.);
#2838=EDGE_LOOP('',(#2839,#2840,#2841));
#2839=ORIENTED_EDGE('',*,*,#2842,.T.);
#2840=ORIENTED_EDGE('',*,*,#2843,.T.);
#2841=ORIENTED_EDGE('',*,*,#2844,.T.);
#2842=EDGE_CURVE('',#229,#93,#2845,.F.);
#2843=EDGE_CURVE('',#93,#87,#2846,.T.);
#2844=EDGE_CURVE('',#87,#229,#2847,.T.);
#2845=LINE('',#228,#2848);
#2846=LINE('',#92,#2849);
#2847=LINE('',#86,#2850);
#2848=VECTOR('',#2851,1.0);
#2849=VECTOR('',#2852,1.0);
#2850=VECTOR('',#2853,1.0);
#2851=DIRECTION('',(-1,0,0));
#2852=DIRECTION('',(0,0,1));
#2853=DIRECTION('',(0.9993662559105965,0,-0.03559615916410078));
#2854=FACE_SURFACE('',(#2859),#2855,.T.);
#2855=PLANE('',#2856);
#2856=AXIS2_PLACEMENT_3D('',#228,#2857,#2858);
#2857=DIRECTION('',(0,1,0));
#2858=DIRECTION('',(-0.9993662559105965,0,0.03559615916410078));
#2859=FACE_BOUND('',#2860,.T.);
#2860=EDGE_LOOP('',(#2861,#2862,#2863));
#2861=ORIENTED_EDGE('',*,*,#2864,.T.);
#2862=ORIENTED_EDGE('',*,*,#2865,.T.);
#2863=ORIENTED_EDGE('',*,*,#2866,.T.);
#2864=EDGE_CURVE('',#229,#87,#2867,.F.);
#2865=EDGE_CURVE('',#87,#227,#2868,.T.);
#2866=EDGE_CURVE('',#227,#229,#2869,.T.);
#2867=LINE('',#228,#2870);
#2868=LINE('',#86,#2871);
#2869=LINE('',#226,#2872);
#2870=VECTOR('',#2873,1.0);
#2871=VECTOR('',#2874,1.0);
#2872=VECTOR('',#2875,1.0);
#2873=DIRECTION('',(-0.9993662559105965,0,0.03559615916410078));
#2874=DIRECTION('',(1,0,0));
#2875=DIRECTION('',(7.113516934153855E-08,0,-0.9999999999999974));
#2876=FACE_SURFACE('',(#2881),#2877,.T.);
#2877=PLANE('',#2878);
#2878=AXIS2_PLACEMENT_3D('',#230,#2879,#2880);
#2879=DIRECTION('',(-1,0,0));
#2880=DIRECTION('',(0,-0.9120581611472459,-0.4100608621713419));
#2881=FACE_BOUND('',#2882,.T.);
#2882=EDGE_LOOP('',(#2883,#2884,#2885));
#2883=ORIENTED_EDGE('',*,*,#2886,.T.);
#2884=ORIENTED_EDGE('',*,*,#2887,.T.);
#2885=ORIENTED_EDGE('',*,*,#2888,.T.);
#2886=EDGE_CURVE('',#231,#233,#2889,.F.);
#2887=EDGE_CURVE('',#233,#41,#2890,.T.);
#2888=EDGE_CURVE('',#41,#231,#2891,.T.);
#2889=LINE('',#230,#2892);
#2890=LINE('',#232,#2893);
#2891=LINE('',#40,#2894);
#2892=VECTOR('',#2895,1.0);
#2893=VECTOR('',#2896,1.0);
#2894=VECTOR('',#2897,1.0);
#2895=DIRECTION('',(0,-0.9120581611472459,-0.4100608621713419));
#2896=DIRECTION('',(0,-0.9998726260596964,-0.01596031504973209));
#2897=DIRECTION('',(0,0.9995502015219684,0.029989908926045094));
#2898=FACE_SURFACE('',(#2903),#2899,.T.);
#2899=PLANE('',#2900);
#2900=AXIS2_PLACEMENT_3D('',#38,#2901,#2902);
#2901=DIRECTION('',(0,-0,-1));
#2902=DIRECTION('',(0,-1,0));
#2903=FACE_BOUND('',#2904,.T.);
#2904=EDGE_LOOP('',(#2905,#2906,#2907));
#2905=ORIENTED_EDGE('',*,*,#2908,.T.);
#2906=ORIENTED_EDGE('',*,*,#2909,.T.);
#2907=ORIENTED_EDGE('',*,*,#2910,.T.);
#2908=EDGE_CURVE('',#39,#53,#2911,.F.);
#2909=EDGE_CURVE('',#53,#67,#2912,.T.);
#2910=EDGE_CURVE('',#67,#39,#2913,.T.);
#2911=LINE('',#38,#2914);
#2912=LINE('',#52,#2915);
#2913=LINE('',#66,#2916);
#2914=VECTOR('',#2917,1.0);
#2915=VECTOR('',#2918,1.0);
#2916=VECTOR('',#2919,1.0);
#2917=DIRECTION('',(0,-1,0));
#2918=DIRECTION('',(-1,0,0));
#2919=DIRECTION('',(0.9994848829987794,0.03209312476086637,0));
#2920=FACE_SURFACE('',(#2925),#2921,.T.);
#2921=PLANE('',#2922);
#2922=AXIS2_PLACEMENT_3D('',#230,#2923,#2924);
#2923=DIRECTION('',(0,0.02998990892604509,-0.9995502015219683));
#2924=DIRECTION('',(0,-0.9995502015219684,-0.029989908926045094));
#2925=FACE_BOUND('',#2926,.T.);
#2926=EDGE_LOOP('',(#2927,#2928,#2929));
#2927=ORIENTED_EDGE('',*,*,#2930,.T.);
#2928=ORIENTED_EDGE('',*,*,#2931,.T.);
#2929=ORIENTED_EDGE('',*,*,#2932,.T.);
#2930=EDGE_CURVE('',#231,#41,#2933,.F.);
#2931=EDGE_CURVE('',#41,#39,#2934,.T.);
#2932=EDGE_CURVE('',#39,#231,#2935,.T.);
#2933=LINE('',#230,#2936);
#2934=LINE('',#40,#2937);
#2935=LINE('',#38,#2938);
#2936=VECTOR('',#2939,1.0);
#2937=VECTOR('',#2940,1.0);
#2938=VECTOR('',#2941,1.0);
#2939=DIRECTION('',(0,-0.9995502015219684,-0.029989908926045094));
#2940=DIRECTION('',(-1,0,0));
#2941=DIRECTION('',(0.9999710324157387,0.007608036775442376,0.00022826700415257131));
#2942=FACE_SURFACE('',(#2947),#2943,.T.);
#2943=PLANE('',#2944);
#2944=AXIS2_PLACEMENT_3D('',#92,#2945,#2946);
#2945=DIRECTION('',(0,0,-1));
#2946=DIRECTION('',(1,0,0));
#2947=FACE_BOUND('',#2948,.T.);
#2948=EDGE_LOOP('',(#2949,#2950,#2951));
#2949=ORIENTED_EDGE('',*,*,#2952,.T.);
#2950=ORIENTED_EDGE('',*,*,#2953,.T.);
#2951=ORIENTED_EDGE('',*,*,#2954,.T.);
#2952=EDGE_CURVE('',#93,#229,#2955,.F.);
#2953=EDGE_CURVE('',#229,#231,#2956,.T.);
#2954=EDGE_CURVE('',#231,#93,#2957,.T.);
#2955=LINE('',#92,#2958);
#2956=LINE('',#228,#2959);
#2957=LINE('',#230,#2960);
#2958=VECTOR('',#2961,1.0);
#2959=VECTOR('',#2962,1.0);
#2960=VECTOR('',#2963,1.0);
#2961=DIRECTION('',(1,0,0));
#2962=DIRECTION('',(0,-1,0));
#2963=DIRECTION('',(-0.999978228073906,0.0065987406503988,0));
#2964=FACE_SURFACE('',(#2969),#2965,.T.);
#2965=PLANE('',#2966);
#2966=AXIS2_PLACEMENT_3D('',#66,#2967,#2968);
#2967=DIRECTION('',(-0.008855889583988197,0.012422608357067443,-0.9998836192384007));
#2968=DIRECTION('',(-0.999715373124143,0.02204195529419906,0.009128249890521125));
#2969=FACE_BOUND('',#2970,.T.);
#2970=EDGE_LOOP('',(#2971,#2972,#2973));
#2971=ORIENTED_EDGE('',*,*,#2974,.T.);
#2972=ORIENTED_EDGE('',*,*,#2975,.T.);
#2973=ORIENTED_EDGE('',*,*,#2976,.T.);
#2974=EDGE_CURVE('',#67,#95,#2977,.F.);
#2975=EDGE_CURVE('',#95,#93,#2978,.T.);
#2976=EDGE_CURVE('',#93,#67,#2979,.T.);
#2977=LINE('',#66,#2980);
#2978=LINE('',#94,#2981);
#2979=LINE('',#92,#2982);
#2980=VECTOR('',#2983,1.0);
#2981=VECTOR('',#2984,1.0);
#2982=VECTOR('',#2985,1.0);
#2983=DIRECTION('',(-0.999715373124143,0.02204195529419906,0.009128249890521125));
#2984=DIRECTION('',(0.8142726251011329,0.5804826371313011,0));
#2985=DIRECTION('',(0.3423809456768451,-0.9394461535390745,-0.014704170771138003));
#2986=FACE_SURFACE('',(#2991),#2987,.T.);
#2987=PLANE('',#2988);
#2988=AXIS2_PLACEMENT_3D('',#92,#2989,#2990);
#2989=DIRECTION('',(0.00010601406176439097,0.016065452371986526,-0.9998709366718798));
#2990=DIRECTION('',(0.999978228073906,-0.0065987406503988,0));
#2991=FACE_BOUND('',#2992,.T.);
#2992=EDGE_LOOP('',(#2993,#2994,#2995));
#2993=ORIENTED_EDGE('',*,*,#2996,.T.);
#2994=ORIENTED_EDGE('',*,*,#2997,.T.);
#2995=ORIENTED_EDGE('',*,*,#2998,.T.);
#2996=EDGE_CURVE('',#93,#231,#2999,.F.);
#2997=EDGE_CURVE('',#231,#39,#3000,.T.);
#2998=EDGE_CURVE('',#39,#93,#3001,.T.);
#2999=LINE('',#92,#3002);
#3000=LINE('',#230,#3003);
#3001=LINE('',#38,#3004);
#3002=VECTOR('',#3005,1.0);
#3003=VECTOR('',#3006,1.0);
#3004=VECTOR('',#3007,1.0);
#3005=DIRECTION('',(0.999978228073906,-0.0065987406503988,0));
#3006=DIRECTION('',(-0.9999710324157387,-0.007608036775442376,-0.00022826700415257131));
#3007=DIRECTION('',(-0.7034098440864147,0.7106939519053214,0.011344512661297133));
#3008=FACE_SURFACE('',(#3013),#3009,.T.);
#3009=PLANE('',#3010);
#3010=AXIS2_PLACEMENT_3D('',#38,#3011,#3012);
#3011=DIRECTION('',(-0.0004967062620274496,0.015469057746368996,-0.9998802235944706));
#3012=DIRECTION('',(-0.9994848829987794,-0.03209312476086637,0));
#3013=FACE_BOUND('',#3014,.T.);
#3014=EDGE_LOOP('',(#3015,#3016,#3017));
#3015=ORIENTED_EDGE('',*,*,#3018,.T.);
#3016=ORIENTED_EDGE('',*,*,#3019,.T.);
#3017=ORIENTED_EDGE('',*,*,#3020,.T.);
#3018=EDGE_CURVE('',#39,#67,#3021,.F.);
#3019=EDGE_CURVE('',#67,#93,#3022,.T.);
#3020=EDGE_CURVE('',#93,#39,#3023,.T.);
#3021=LINE('',#38,#3024);
#3022=LINE('',#66,#3025);
#3023=LINE('',#92,#3026);
#3024=VECTOR('',#3027,1.0);
#3025=VECTOR('',#3028,1.0);
#3026=VECTOR('',#3029,1.0);
#3027=DIRECTION('',(-0.9994848829987794,-0.03209312476086637,0));
#3028=DIRECTION('',(-0.3423809456768451,0.9394461535390745,0.014704170771138003));
#3029=DIRECTION('',(0.7034098440864147,-0.7106939519053214,-0.011344512661297133));
#3030=FACE_SURFACE('',(#3035),#3031,.T.);
#3031=PLANE('',#3032);
#3032=AXIS2_PLACEMENT_3D('',#234,#3033,#3034);
#3033=DIRECTION('',(-0.0026469690917553337,0.008725613079108454,-0.9999584277513844));
#3034=DIRECTION('',(0.9569377979333233,0.29029304312456716,0));
#3035=FACE_BOUND('',#3036,.T.);
#3036=EDGE_LOOP('',(#3037,#3038,#3039));
#3037=ORIENTED_EDGE('',*,*,#3040,.T.);
#3038=ORIENTED_EDGE('',*,*,#3041,.T.);
#3039=ORIENTED_EDGE('',*,*,#3042,.T.);
#3040=EDGE_CURVE('',#235,#237,#3043,.F.);
#3041=EDGE_CURVE('',#237,#69,#3044,.T.);
#3042=EDGE_CURVE('',#69,#235,#3045,.T.);
#3043=LINE('',#234,#3046);
#3044=LINE('',#236,#3047);
#3045=LINE('',#68,#3048);
#3046=VECTOR('',#3049,1.0);
#3047=VECTOR('',#3050,1.0);
#3048=VECTOR('',#3051,1.0);
#3049=DIRECTION('',(0.9569377979333233,0.29029304312456716,0));
#3050=DIRECTION('',(0.278727961241156,-0.9603268156870636,-0.009117603560872945));
#3051=DIRECTION('',(-0.33292267426477734,0.9429101322791054,0.009109083696453928));
#3052=FACE_SURFACE('',(#3057),#3053,.T.);
#3053=PLANE('',#3054);
#3054=AXIS2_PLACEMENT_3D('',#68,#3055,#3056);
#3055=DIRECTION('',(-0.009339412601527998,0.004620173392990284,-0.9999457132115109));
#3056=DIRECTION('',(-0.9989362649272254,-0.04520114480668964,0.009121135971395331));
#3057=FACE_BOUND('',#3058,.T.);
#3058=EDGE_LOOP('',(#3059,#3060,#3061));
#3059=ORIENTED_EDGE('',*,*,#3062,.T.);
#3060=ORIENTED_EDGE('',*,*,#3063,.T.);
#3061=ORIENTED_EDGE('',*,*,#3064,.T.);
#3062=EDGE_CURVE('',#69,#79,#3065,.F.);
#3063=EDGE_CURVE('',#79,#239,#3066,.T.);
#3064=EDGE_CURVE('',#239,#69,#3067,.T.);
#3065=LINE('',#68,#3068);
#3066=LINE('',#78,#3069);
#3067=LINE('',#238,#3070);
#3068=VECTOR('',#3071,1.0);
#3069=VECTOR('',#3072,1.0);
#3070=VECTOR('',#3073,1.0);
#3071=DIRECTION('',(-0.9989362649272254,-0.04520114480668964,0.009121135971395331));
#3072=DIRECTION('',(0.44340654154057496,0.8963206116781128,0));
#3073=DIRECTION('',(0.4626127220649741,-0.8865205162554048,-0.008416866512276114));
#3074=FACE_SURFACE('',(#3079),#3075,.T.);
#3075=PLANE('',#3076);
#3076=AXIS2_PLACEMENT_3D('',#68,#3077,#3078);
#3077=DIRECTION('',(0.0034213391811452284,0.011278968395961337,-0.9999305372425279));
#3078=DIRECTION('',(-0.4626127220649741,0.8865205162554048,0.008416866512276114));
#3079=FACE_BOUND('',#3080,.T.);
#3080=EDGE_LOOP('',(#3081,#3082,#3083));
#3081=ORIENTED_EDGE('',*,*,#3084,.T.);
#3082=ORIENTED_EDGE('',*,*,#3085,.T.);
#3083=ORIENTED_EDGE('',*,*,#3086,.T.);
#3084=EDGE_CURVE('',#69,#239,#3087,.F.);
#3085=EDGE_CURVE('',#239,#241,#3088,.T.);
#3086=EDGE_CURVE('',#241,#69,#3089,.T.);
#3087=LINE('',#68,#3090);
#3088=LINE('',#238,#3091);
#3089=LINE('',#240,#3092);
#3090=VECTOR('',#3093,1.0);
#3091=VECTOR('',#3094,1.0);
#3092=VECTOR('',#3095,1.0);
#3093=DIRECTION('',(-0.4626127220649741,0.8865205162554048,0.008416866512276114));
#3094=DIRECTION('',(0.9569426566054738,-0.29027702625054275,0));
#3095=DIRECTION('',(0.4277244700533354,-0.9038669877716218,-0.008731903243178091));
#3096=FACE_SURFACE('',(#3101),#3097,.T.);
#3097=PLANE('',#3098);
#3098=AXIS2_PLACEMENT_3D('',#242,#3099,#3100);
#3099=DIRECTION('',(-0.0009193870461517987,0.009335564229807263,-0.999956000015986));
#3100=DIRECTION('',(0.9951856185694766,0.09800808432210116,0));
#3101=FACE_BOUND('',#3102,.T.);
#3102=EDGE_LOOP('',(#3103,#3104,#3105));
#3103=ORIENTED_EDGE('',*,*,#3106,.T.);
#3104=ORIENTED_EDGE('',*,*,#3107,.T.);
#3105=ORIENTED_EDGE('',*,*,#3108,.T.);
#3106=EDGE_CURVE('',#243,#235,#3109,.F.);
#3107=EDGE_CURVE('',#235,#69,#3110,.T.);
#3108=EDGE_CURVE('',#69,#243,#3111,.T.);
#3109=LINE('',#242,#3112);
#3110=LINE('',#234,#3113);
#3111=LINE('',#68,#3114);
#3112=VECTOR('',#3115,1.0);
#3113=VECTOR('',#3116,1.0);
#3114=VECTOR('',#3117,1.0);
#3115=DIRECTION('',(0.9951856185694766,0.09800808432210116,0));
#3116=DIRECTION('',(0.33292267426477734,-0.9429101322791054,-0.009109083696453928));
#3117=DIRECTION('',(-0.38376715922077065,0.9233862911971452,0.008973557421703617));
#3118=FACE_SURFACE('',(#3123),#3119,.T.);
#3119=PLANE('',#3120);
#3120=AXIS2_PLACEMENT_3D('',#68,#3121,#3122);
#3121=DIRECTION('',(0.000997912512967028,0.010132334050778746,-0.9999481686454053));
#3122=DIRECTION('',(-0.4277244700533354,0.9038669877716218,0.008731903243178091));
#3123=FACE_BOUND('',#3124,.T.);
#3124=EDGE_LOOP('',(#3125,#3126,#3127));
#3125=ORIENTED_EDGE('',*,*,#3128,.T.);
#3126=ORIENTED_EDGE('',*,*,#3129,.T.);
#3127=ORIENTED_EDGE('',*,*,#3130,.T.);
#3128=EDGE_CURVE('',#69,#241,#3131,.F.);
#3129=EDGE_CURVE('',#241,#243,#3132,.T.);
#3130=EDGE_CURVE('',#243,#69,#3133,.T.);
#3131=LINE('',#68,#3134);
#3132=LINE('',#240,#3135);
#3133=LINE('',#242,#3136);
#3134=VECTOR('',#3137,1.0);
#3135=VECTOR('',#3138,1.0);
#3136=VECTOR('',#3139,1.0);
#3137=DIRECTION('',(-0.4277244700533354,0.9038669877716218,0.008731903243178091));
#3138=DIRECTION('',(0.9951850647424347,-0.09801370778414571,0));
#3139=DIRECTION('',(0.38376715922077065,-0.9233862911971452,-0.008973557421703617));
#3140=FACE_SURFACE('',(#3145),#3141,.T.);
#3141=PLANE('',#3142);
#3142=AXIS2_PLACEMENT_3D('',#244,#3143,#3144);
#3143=DIRECTION('',(-0,0,-1));
#3144=DIRECTION('',(-0.7729844313342954,-0.6344249907710098,0));
#3145=FACE_BOUND('',#3146,.T.);
#3146=EDGE_LOOP('',(#3147,#3148,#3149));
#3147=ORIENTED_EDGE('',*,*,#3150,.T.);
#3148=ORIENTED_EDGE('',*,*,#3151,.T.);
#3149=ORIENTED_EDGE('',*,*,#3152,.T.);
#3150=EDGE_CURVE('',#245,#247,#3153,.F.);
#3151=EDGE_CURVE('',#247,#95,#3154,.T.);
#3152=EDGE_CURVE('',#95,#245,#3155,.T.);
#3153=LINE('',#244,#3156);
#3154=LINE('',#246,#3157);
#3155=LINE('',#94,#3158);
#3156=VECTOR('',#3159,1.0);
#3157=VECTOR('',#3160,1.0);
#3158=VECTOR('',#3161,1.0);
#3159=DIRECTION('',(-0.7729844313342954,-0.6344249907710098,0));
#3160=DIRECTION('',(-0.5965614658671836,0.802567391215465,0));
#3161=DIRECTION('',(0.6398635577603125,-0.768488534364902,0));
#3162=FACE_SURFACE('',(#3167),#3163,.T.);
#3163=PLANE('',#3164);
#3164=AXIS2_PLACEMENT_3D('',#94,#3165,#3166);
#3165=DIRECTION('',(-0.009427635699593772,-0.013517045346333762,-0.9998641953636608));
#3166=DIRECTION('',(0.999715373124143,-0.02204195529419906,-0.009128249890521125));
#3167=FACE_BOUND('',#3168,.T.);
#3168=EDGE_LOOP('',(#3169,#3170,#3171));
#3169=ORIENTED_EDGE('',*,*,#3172,.T.);
#3170=ORIENTED_EDGE('',*,*,#3173,.T.);
#3171=ORIENTED_EDGE('',*,*,#3174,.T.);
#3172=EDGE_CURVE('',#95,#67,#3175,.F.);
#3173=EDGE_CURVE('',#67,#249,#3176,.T.);
#3174=EDGE_CURVE('',#249,#95,#3177,.T.);
#3175=LINE('',#94,#3178);
#3176=LINE('',#66,#3179);
#3177=LINE('',#248,#3180);
#3178=VECTOR('',#3181,1.0);
#3179=VECTOR('',#3182,1.0);
#3180=VECTOR('',#3183,1.0);
#3181=DIRECTION('',(0.999715373124143,-0.02204195529419906,-0.009128249890521125));
#3182=DIRECTION('',(-0.4054498533064851,-0.9139741029922827,0.01617886007115703));
#3183=DIRECTION('',(-0.8202084133070758,0.5720648204008782,0));
#3184=FACE_SURFACE('',(#3189),#3185,.T.);
#3185=PLANE('',#3186);
#3186=AXIS2_PLACEMENT_3D('',#94,#3187,#3188);
#3187=DIRECTION('',(0,0,-1));
#3188=DIRECTION('',(0.8202084133070758,-0.5720648204008782,0));
#3189=FACE_BOUND('',#3190,.T.);
#3190=EDGE_LOOP('',(#3191,#3192,#3193));
#3191=ORIENTED_EDGE('',*,*,#3194,.T.);
#3192=ORIENTED_EDGE('',*,*,#3195,.T.);
#3193=ORIENTED_EDGE('',*,*,#3196,.T.);
#3194=EDGE_CURVE('',#95,#249,#3197,.F.);
#3195=EDGE_CURVE('',#249,#251,#3198,.T.);
#3196=EDGE_CURVE('',#251,#95,#3199,.T.);
#3197=LINE('',#94,#3200);
#3198=LINE('',#248,#3201);
#3199=LINE('',#250,#3202);
#3200=VECTOR('',#3203,1.0);
#3201=VECTOR('',#3204,1.0);
#3202=VECTOR('',#3205,1.0);
#3203=DIRECTION('',(0.8202084133070758,-0.5720648204008782,0));
#3204=DIRECTION('',(-0.8819184439217125,0.4714020134351413,0));
#3205=DIRECTION('',(-0.815831523168372,0.5782896556266368,0));
#3206=FACE_SURFACE('',(#3211),#3207,.T.);
#3207=PLANE('',#3208);
#3208=AXIS2_PLACEMENT_3D('',#252,#3209,#3210);
#3209=DIRECTION('',(-0,0,-1));
#3210=DIRECTION('',(-0.8818928150394856,-0.4714499578764767,0));
#3211=FACE_BOUND('',#3212,.T.);
#3212=EDGE_LOOP('',(#3213,#3214,#3215));
#3213=ORIENTED_EDGE('',*,*,#3216,.T.);
#3214=ORIENTED_EDGE('',*,*,#3217,.T.);
#3215=ORIENTED_EDGE('',*,*,#3218,.T.);
#3216=EDGE_CURVE('',#253,#245,#3219,.F.);
#3217=EDGE_CURVE('',#245,#95,#3220,.T.);
#3218=EDGE_CURVE('',#95,#253,#3221,.T.);
#3219=LINE('',#252,#3222);
#3220=LINE('',#244,#3223);
#3221=LINE('',#94,#3224);
#3222=VECTOR('',#3225,1.0);
#3223=VECTOR('',#3226,1.0);
#3224=VECTOR('',#3227,1.0);
#3225=DIRECTION('',(-0.8818928150394856,-0.4714499578764767,0));
#3226=DIRECTION('',(-0.6398635577603125,0.768488534364902,0));
#3227=DIRECTION('',(0.6980597303731059,-0.7160395330087764,0));
#3228=FACE_SURFACE('',(#3233),#3229,.T.);
#3229=PLANE('',#3230);
#3230=AXIS2_PLACEMENT_3D('',#254,#3231,#3232);
#3231=DIRECTION('',(-0,0,-1));
#3232=DIRECTION('',(-0.9569506643238057,-0.2902506262701716,0));
#3233=FACE_BOUND('',#3234,.T.);
#3234=EDGE_LOOP('',(#3235,#3236,#3237));
#3235=ORIENTED_EDGE('',*,*,#3238,.T.);
#3236=ORIENTED_EDGE('',*,*,#3239,.T.);
#3237=ORIENTED_EDGE('',*,*,#3240,.T.);
#3238=EDGE_CURVE('',#255,#253,#3241,.F.);
#3239=EDGE_CURVE('',#253,#95,#3242,.T.);
#3240=EDGE_CURVE('',#95,#255,#3243,.T.);
#3241=LINE('',#254,#3244);
#3242=LINE('',#252,#3245);
#3243=LINE('',#94,#3246);
#3244=VECTOR('',#3247,1.0);
#3245=VECTOR('',#3248,1.0);
#3246=VECTOR('',#3249,1.0);
#3247=DIRECTION('',(-0.9569506643238057,-0.2902506262701716,0));
#3248=DIRECTION('',(-0.6980597303731059,0.7160395330087764,0));
#3249=DIRECTION('',(0.7453301593457292,-0.6666955478849922,0));
#3250=FACE_SURFACE('',(#3255),#3251,.T.);
#3251=PLANE('',#3252);
#3252=AXIS2_PLACEMENT_3D('',#94,#3253,#3254);
#3253=DIRECTION('',(0,0,-1));
#3254=DIRECTION('',(0.815831523168372,-0.5782896556266368,0));
#3255=FACE_BOUND('',#3256,.T.);
#3256=EDGE_LOOP('',(#3257,#3258,#3259));
#3257=ORIENTED_EDGE('',*,*,#3260,.T.);
#3258=ORIENTED_EDGE('',*,*,#3261,.T.);
#3259=ORIENTED_EDGE('',*,*,#3262,.T.);
#3260=EDGE_CURVE('',#95,#251,#3263,.F.);
#3261=EDGE_CURVE('',#251,#257,#3264,.T.);
#3262=EDGE_CURVE('',#257,#95,#3265,.T.);
#3263=LINE('',#94,#3266);
#3264=LINE('',#250,#3267);
#3265=LINE('',#256,#3268);
#3266=VECTOR('',#3269,1.0);
#3267=VECTOR('',#3270,1.0);
#3268=VECTOR('',#3271,1.0);
#3269=DIRECTION('',(0.815831523168372,-0.5782896556266368,0));
#3270=DIRECTION('',(-0.956945806494727,0.2902666419555589,0));
#3271=DIRECTION('',(-0.8030517029744,0.5959093574948426,0));
#3272=FACE_SURFACE('',(#3277),#3273,.T.);
#3273=PLANE('',#3274);
#3274=AXIS2_PLACEMENT_3D('',#258,#3275,#3276);
#3275=DIRECTION('',(-0,0,-1));
#3276=DIRECTION('',(-0.9951794393529383,-0.09807080854755507,0));
#3277=FACE_BOUND('',#3278,.T.);
#3278=EDGE_LOOP('',(#3279,#3280,#3281));
#3279=ORIENTED_EDGE('',*,*,#3282,.T.);
#3280=ORIENTED_EDGE('',*,*,#3283,.T.);
#3281=ORIENTED_EDGE('',*,*,#3284,.T.);
#3282=EDGE_CURVE('',#259,#255,#3285,.F.);
#3283=EDGE_CURVE('',#255,#95,#3286,.T.);
#3284=EDGE_CURVE('',#95,#259,#3287,.T.);
#3285=LINE('',#258,#3288);
#3286=LINE('',#254,#3289);
#3287=LINE('',#94,#3290);
#3288=VECTOR('',#3291,1.0);
#3289=VECTOR('',#3292,1.0);
#3290=VECTOR('',#3293,1.0);
#3291=DIRECTION('',(-0.9951794393529383,-0.09807080854755507,0));
#3292=DIRECTION('',(-0.7453301593457292,0.6666955478849922,0));
#3293=DIRECTION('',(0.7801072031910334,-0.6256458675077009,0));
#3294=FACE_SURFACE('',(#3299),#3295,.T.);
#3295=PLANE('',#3296);
#3296=AXIS2_PLACEMENT_3D('',#94,#3297,#3298);
#3297=DIRECTION('',(0,0,-1));
#3298=DIRECTION('',(0.8030517029744,-0.5959093574948426,0));
#3299=FACE_BOUND('',#3300,.T.);
#3300=EDGE_LOOP('',(#3301,#3302,#3303));
#3301=ORIENTED_EDGE('',*,*,#3304,.T.);
#3302=ORIENTED_EDGE('',*,*,#3305,.T.);
#3303=ORIENTED_EDGE('',*,*,#3306,.T.);
#3304=EDGE_CURVE('',#95,#257,#3307,.F.);
#3305=EDGE_CURVE('',#257,#259,#3308,.T.);
#3306=EDGE_CURVE('',#259,#95,#3309,.T.);
#3307=LINE('',#94,#3310);
#3308=LINE('',#256,#3311);
#3309=LINE('',#258,#3312);
#3310=VECTOR('',#3313,1.0);
#3311=VECTOR('',#3314,1.0);
#3312=VECTOR('',#3315,1.0);
#3313=DIRECTION('',(0.8030517029744,-0.5959093574948426,0));
#3314=DIRECTION('',(-0.9951799938223309,0.09806518187300341,0));
#3315=DIRECTION('',(-0.7801072031910334,0.6256458675077009,0));
#3316=FACE_SURFACE('',(#3321),#3317,.T.);
#3317=PLANE('',#3318);
#3318=AXIS2_PLACEMENT_3D('',#260,#3319,#3320);
#3319=DIRECTION('',(-0.010648336961833172,-0.01297543773208792,-0.999859115543589));
#3320=DIRECTION('',(-0.7730200822975113,0.6343815510910993,0));
#3321=FACE_BOUND('',#3322,.T.);
#3322=EDGE_LOOP('',(#3323,#3324,#3325));
#3323=ORIENTED_EDGE('',*,*,#3326,.T.);
#3324=ORIENTED_EDGE('',*,*,#3327,.T.);
#3325=ORIENTED_EDGE('',*,*,#3328,.T.);
#3326=EDGE_CURVE('',#261,#249,#3329,.F.);
#3327=EDGE_CURVE('',#249,#67,#3330,.T.);
#3328=EDGE_CURVE('',#67,#261,#3331,.T.);
#3329=LINE('',#260,#3332);
#3330=LINE('',#248,#3333);
#3331=LINE('',#66,#3334);
#3332=VECTOR('',#3335,1.0);
#3333=VECTOR('',#3336,1.0);
#3334=VECTOR('',#3337,1.0);
#3335=DIRECTION('',(-0.7730200822975113,0.6343815510910993,0));
#3336=DIRECTION('',(0.4054498533064851,0.9139741029922827,-0.01617886007115703));
#3337=DIRECTION('',(-0.3173089806190975,-0.9481924992216322,0.015684235343301618));
#3338=FACE_SURFACE('',(#3343),#3339,.T.);
#3339=PLANE('',#3340);
#3340=AXIS2_PLACEMENT_3D('',#68,#3341,#3342);
#3341=DIRECTION('',(-0.004392867329592281,0.008218861069468966,-0.9999565755768324));
#3342=DIRECTION('',(-0.278727961241156,0.9603268156870636,0.009117603560872945));
#3343=FACE_BOUND('',#3344,.T.);
#3344=EDGE_LOOP('',(#3345,#3346,#3347));
#3345=ORIENTED_EDGE('',*,*,#3348,.T.);
#3346=ORIENTED_EDGE('',*,*,#3349,.T.);
#3347=ORIENTED_EDGE('',*,*,#3350,.T.);
#3348=EDGE_CURVE('',#69,#237,#3351,.F.);
#3349=EDGE_CURVE('',#237,#263,#3352,.T.);
#3350=EDGE_CURVE('',#263,#69,#3353,.T.);
#3351=LINE('',#68,#3354);
#3352=LINE('',#236,#3355);
#3353=LINE('',#262,#3356);
#3354=VECTOR('',#3357,1.0);
#3355=VECTOR('',#3358,1.0);
#3356=VECTOR('',#3359,1.0);
#3357=DIRECTION('',(-0.278727961241156,0.9603268156870636,0.009117603560872945));
#3358=DIRECTION('',(0.8819304288650777,0.47137959082024333,0));
#3359=DIRECTION('',(0.22548864913969627,-0.9742042440023685,-0.008997781778225689));
#3360=FACE_SURFACE('',(#3365),#3361,.T.);
#3361=PLANE('',#3362);
#3362=AXIS2_PLACEMENT_3D('',#68,#3363,#3364);
#3363=DIRECTION('',(-0.0063695971128650926,0.007761264063635581,-0.9999495942360066));
#3364=DIRECTION('',(-0.22548864913969627,0.9742042440023685,0.008997781778225689));
#3365=FACE_BOUND('',#3366,.T.);
#3366=EDGE_LOOP('',(#3367,#3368,#3369));
#3367=ORIENTED_EDGE('',*,*,#3370,.T.);
#3368=ORIENTED_EDGE('',*,*,#3371,.T.);
#3369=ORIENTED_EDGE('',*,*,#3372,.T.);
#3370=EDGE_CURVE('',#69,#263,#3373,.F.);
#3371=EDGE_CURVE('',#263,#265,#3374,.T.);
#3372=EDGE_CURVE('',#265,#69,#3375,.T.);
#3373=LINE('',#68,#3376);
#3374=LINE('',#262,#3377);
#3375=LINE('',#264,#3378);
#3376=VECTOR('',#3379,1.0);
#3377=VECTOR('',#3380,1.0);
#3378=VECTOR('',#3381,1.0);
#3379=DIRECTION('',(-0.22548864913969627,0.9742042440023685,0.008997781778225689));
#3380=DIRECTION('',(0.7730059449332992,0.6343987776610048,0));
#3381=DIRECTION('',(0.17739053042167952,-0.9841014775121301,-0.008768219611617497));
#3382=FACE_SURFACE('',(#3387),#3383,.T.);
#3383=PLANE('',#3384);
#3384=AXIS2_PLACEMENT_3D('',#266,#3385,#3386);
#3385=DIRECTION('',(-0.014313445725563296,-0.011748417317278822,-0.9998285352809253));
#3386=DIRECTION('',(-0.6344473652054492,0.7729660670326113,0));
#3387=FACE_BOUND('',#3388,.T.);
#3388=EDGE_LOOP('',(#3389,#3390,#3391));
#3389=ORIENTED_EDGE('',*,*,#3392,.T.);
#3390=ORIENTED_EDGE('',*,*,#3393,.T.);
#3391=ORIENTED_EDGE('',*,*,#3394,.T.);
#3392=EDGE_CURVE('',#267,#261,#3395,.F.);
#3393=EDGE_CURVE('',#261,#67,#3396,.T.);
#3394=EDGE_CURVE('',#67,#267,#3397,.T.);
#3395=LINE('',#266,#3398);
#3396=LINE('',#260,#3399);
#3397=LINE('',#66,#3400);
#3398=VECTOR('',#3401,1.0);
#3399=VECTOR('',#3402,1.0);
#3400=VECTOR('',#3403,1.0);
#3401=DIRECTION('',(-0.6344473652054492,0.7729660670326113,0));
#3402=DIRECTION('',(0.3173089806190975,0.9481924992216322,-0.015684235343301618));
#3403=DIRECTION('',(-0.241756152353385,-0.9702232210395618,0.01486149907998319));
#3404=FACE_SURFACE('',(#3409),#3405,.T.);
#3405=PLANE('',#3406);
#3406=AXIS2_PLACEMENT_3D('',#268,#3407,#3408);
#3407=DIRECTION('',(-0.01954264527129563,-0.010444292818150673,-0.9997544707393555));
#3408=DIRECTION('',(-0.4713451829756127,0.8819488185182213,0));
#3409=FACE_BOUND('',#3410,.T.);
#3410=EDGE_LOOP('',(#3411,#3412,#3413));
#3411=ORIENTED_EDGE('',*,*,#3414,.T.);
#3412=ORIENTED_EDGE('',*,*,#3415,.T.);
#3413=ORIENTED_EDGE('',*,*,#3416,.T.);
#3414=EDGE_CURVE('',#269,#267,#3417,.F.);
#3415=EDGE_CURVE('',#267,#67,#3418,.T.);
#3416=EDGE_CURVE('',#67,#269,#3419,.T.);
#3417=LINE('',#268,#3420);
#3418=LINE('',#266,#3421);
#3419=LINE('',#66,#3422);
#3420=VECTOR('',#3423,1.0);
#3421=VECTOR('',#3424,1.0);
#3422=VECTOR('',#3425,1.0);
#3423=DIRECTION('',(-0.4713451829756127,0.8819488185182213,0));
#3424=DIRECTION('',(0.241756152353385,0.9702232210395618,-0.01486149907998319));
#3425=DIRECTION('',(-0.18492220249261815,-0.9826551343702641,0.013880415016758674));
#3426=FACE_SURFACE('',(#3431),#3427,.T.);
#3427=PLANE('',#3428);
#3428=AXIS2_PLACEMENT_3D('',#68,#3429,#3430);
#3429=DIRECTION('',(-0.008900190258720903,0.0073049670774196175,-0.9999337098374854));
#3430=DIRECTION('',(-0.17739053042167952,0.9841014775121301,0.008768219611617497));
#3431=FACE_BOUND('',#3432,.T.);
#3432=EDGE_LOOP('',(#3433,#3434,#3435));
#3433=ORIENTED_EDGE('',*,*,#3436,.T.);
#3434=ORIENTED_EDGE('',*,*,#3437,.T.);
#3435=ORIENTED_EDGE('',*,*,#3438,.T.);
#3436=EDGE_CURVE('',#69,#265,#3439,.F.);
#3437=EDGE_CURVE('',#265,#271,#3440,.T.);
#3438=EDGE_CURVE('',#271,#69,#3441,.T.);
#3439=LINE('',#68,#3442);
#3440=LINE('',#264,#3443);
#3441=LINE('',#270,#3444);
#3442=VECTOR('',#3445,1.0);
#3443=VECTOR('',#3446,1.0);
#3444=VECTOR('',#3447,1.0);
#3445=DIRECTION('',(-0.17739053042167952,0.9841014775121301,0.008768219611617497));
#3446=DIRECTION('',(0.6344332279654685,0.7729776706046017,0));
#3447=DIRECTION('',(0.13763259052756555,-0.9904472154317129,-0.00846070140341758));
#3448=FACE_SURFACE('',(#3453),#3449,.T.);
#3449=PLANE('',#3450);
#3450=AXIS2_PLACEMENT_3D('',#68,#3451,#3452);
#3451=DIRECTION('',(-0.012683768248978771,0.006778883723548735,-0.999896579031286));
#3452=DIRECTION('',(-0.13763259052756555,0.9904472154317129,0.00846070140341758));
#3453=FACE_BOUND('',#3454,.T.);
#3454=EDGE_LOOP('',(#3455,#3456,#3457));
#3455=ORIENTED_EDGE('',*,*,#3458,.T.);
#3456=ORIENTED_EDGE('',*,*,#3459,.T.);
#3457=ORIENTED_EDGE('',*,*,#3460,.T.);
#3458=EDGE_CURVE('',#69,#271,#3461,.F.);
#3459=EDGE_CURVE('',#271,#273,#3462,.T.);
#3460=EDGE_CURVE('',#273,#69,#3463,.T.);
#3461=LINE('',#68,#3464);
#3462=LINE('',#270,#3465);
#3463=LINE('',#272,#3466);
#3464=VECTOR('',#3467,1.0);
#3465=VECTOR('',#3468,1.0);
#3466=VECTOR('',#3469,1.0);
#3467=DIRECTION('',(-0.13763259052756555,0.9904472154317129,0.00846070140341758));
#3468=DIRECTION('',(0.4713571672912036,0.8819424135640673,0));
#3469=DIRECTION('',(0.10804950693686992,-0.9941124319247938,-0.008110286263218008));
#3470=FACE_SURFACE('',(#3475),#3471,.T.);
#3471=PLANE('',#3472);
#3472=AXIS2_PLACEMENT_3D('',#274,#3473,#3474);
#3473=DIRECTION('',(-0.028726799942217916,-0.008713063258969993,-0.9995493251929716));
#3474=DIRECTION('',(-0.2902506262701716,0.9569506643238057,0));
#3475=FACE_BOUND('',#3476,.T.);
#3476=EDGE_LOOP('',(#3477,#3478,#3479));
#3477=ORIENTED_EDGE('',*,*,#3480,.T.);
#3478=ORIENTED_EDGE('',*,*,#3481,.T.);
#3479=ORIENTED_EDGE('',*,*,#3482,.T.);
#3480=EDGE_CURVE('',#275,#269,#3483,.F.);
#3481=EDGE_CURVE('',#269,#67,#3484,.T.);
#3482=EDGE_CURVE('',#67,#275,#3485,.T.);
#3483=LINE('',#274,#3486);
#3484=LINE('',#268,#3487);
#3485=LINE('',#66,#3488);
#3486=VECTOR('',#3489,1.0);
#3487=VECTOR('',#3490,1.0);
#3488=VECTOR('',#3491,1.0);
#3489=DIRECTION('',(-0.2902506262701716,0.9569506643238057,0));
#3490=DIRECTION('',(0.18492220249261815,0.9826551343702641,-0.013880415016758674));
#3491=DIRECTION('',(-0.14824352005582875,-0.9888670048830658,0.012880427595849507));
#3492=FACE_SURFACE('',(#3497),#3493,.T.);
#3493=PLANE('',#3494);
#3494=AXIS2_PLACEMENT_3D('',#276,#3495,#3496);
#3495=DIRECTION('',(-0.0523634301024942,-0.005157464146827355,-0.998614776453601));
#3496=DIRECTION('',(-0.09801933188841773,0.995184510820053,0));
#3497=FACE_BOUND('',#3498,.T.);
#3498=EDGE_LOOP('',(#3499,#3500,#3501));
#3499=ORIENTED_EDGE('',*,*,#3502,.T.);
#3500=ORIENTED_EDGE('',*,*,#3503,.T.);
#3501=ORIENTED_EDGE('',*,*,#3504,.T.);
#3502=EDGE_CURVE('',#277,#275,#3505,.F.);
#3503=EDGE_CURVE('',#275,#67,#3506,.T.);
#3504=EDGE_CURVE('',#67,#277,#3507,.T.);
#3505=LINE('',#276,#3508);
#3506=LINE('',#274,#3509);
#3507=LINE('',#66,#3510);
#3508=VECTOR('',#3511,1.0);
#3509=VECTOR('',#3512,1.0);
#3510=VECTOR('',#3513,1.0);
#3511=DIRECTION('',(-0.09801933188841773,0.995184510820053,0));
#3512=DIRECTION('',(0.14824352005582875,0.9888670048830658,-0.012880427595849507));
#3513=DIRECTION('',(-0.13017615047306014,-0.9914189112306635,0.011946225438234244));
#3514=FACE_SURFACE('',(#3519),#3515,.T.);
#3515=PLANE('',#3516);
#3516=AXIS2_PLACEMENT_3D('',#68,#3517,#3518);
#3517=DIRECTION('',(-0.019797639032042486,0.006004778868910156,-0.9997859751564294));
#3518=DIRECTION('',(-0.10804950693686992,0.9941124319247938,0.008110286263218008));
#3519=FACE_BOUND('',#3520,.T.);
#3520=EDGE_LOOP('',(#3521,#3522,#3523));
#3521=ORIENTED_EDGE('',*,*,#3524,.T.);
#3522=ORIENTED_EDGE('',*,*,#3525,.T.);
#3523=ORIENTED_EDGE('',*,*,#3526,.T.);
#3524=EDGE_CURVE('',#69,#273,#3527,.F.);
#3525=EDGE_CURVE('',#273,#279,#3528,.T.);
#3526=EDGE_CURVE('',#279,#69,#3529,.T.);
#3527=LINE('',#68,#3530);
#3528=LINE('',#272,#3531);
#3529=LINE('',#278,#3532);
#3530=VECTOR('',#3533,1.0);
#3531=VECTOR('',#3534,1.0);
#3532=VECTOR('',#3535,1.0);
#3533=DIRECTION('',(-0.10804950693686992,0.9941124319247938,0.008110286263218008));
#3534=DIRECTION('',(0.2902506262701716,0.9569506643238057,0));
#3535=DIRECTION('',(0.08916972763622277,-0.9959863116717389,-0.007747685835626707));
#3536=FACE_SURFACE('',(#3541),#3537,.T.);
#3537=PLANE('',#3538);
#3538=AXIS2_PLACEMENT_3D('',#68,#3539,#3540);
#3539=DIRECTION('',(-0.041337096787467685,0.0040713226464294235,-0.9991369619632197));
#3540=DIRECTION('',(-0.08916972763622277,0.9959863116717389,0.007747685835626707));
#3541=FACE_BOUND('',#3542,.T.);
#3542=EDGE_LOOP('',(#3543,#3544,#3545));
#3543=ORIENTED_EDGE('',*,*,#3546,.T.);
#3544=ORIENTED_EDGE('',*,*,#3547,.T.);
#3545=ORIENTED_EDGE('',*,*,#3548,.T.);
#3546=EDGE_CURVE('',#69,#279,#3549,.F.);
#3547=EDGE_CURVE('',#279,#281,#3550,.T.);
#3548=EDGE_CURVE('',#281,#69,#3551,.T.);
#3549=LINE('',#68,#3552);
#3550=LINE('',#278,#3553);
#3551=LINE('',#280,#3554);
#3552=VECTOR('',#3555,1.0);
#3553=VECTOR('',#3556,1.0);
#3554=VECTOR('',#3557,1.0);
#3555=DIRECTION('',(-0.08916972763622277,0.9959863116717389,0.007747685835626707));
#3556=DIRECTION('',(0.09801651975599646,0.9951847877931628,0));
#3557=DIRECTION('',(0.08058976534297409,-0.9967199172144716,-0.007395698069907241));
#3558=FACE_SURFACE('',(#3563),#3559,.T.);
#3559=PLANE('',#3560);
#3560=AXIS2_PLACEMENT_3D('',#276,#3561,#3562);
#3561=DIRECTION('',(-0.09138558695795909,-1.3642489706007649E-08,-0.9958155825735753));
#3562=DIRECTION('',(0.13017615047306014,0.9914189112306635,-0.011946225438234244));
#3563=FACE_BOUND('',#3564,.T.);
#3564=EDGE_LOOP('',(#3565,#3566,#3567));
#3565=ORIENTED_EDGE('',*,*,#3568,.T.);
#3566=ORIENTED_EDGE('',*,*,#3569,.T.);
#3567=ORIENTED_EDGE('',*,*,#3570,.T.);
#3568=EDGE_CURVE('',#277,#67,#3571,.F.);
#3569=EDGE_CURVE('',#67,#69,#3572,.T.);
#3570=EDGE_CURVE('',#69,#277,#3573,.T.);
#3571=LINE('',#276,#3574);
#3572=LINE('',#66,#3575);
#3573=LINE('',#68,#3576);
#3574=VECTOR('',#3577,1.0);
#3575=VECTOR('',#3578,1.0);
#3576=VECTOR('',#3579,1.0);
#3577=DIRECTION('',(0.13017615047306014,0.9914189112306635,-0.011946225438234244));
#3578=DIRECTION('',(0,-1,1.3699815452526001E-08));
#3579=DIRECTION('',(-0.0034013309510304967,0.9999941667458457,0.00031212504446334534));
#3580=FACE_SURFACE('',(#3585),#3581,.T.);
#3581=PLANE('',#3582);
#3582=AXIS2_PLACEMENT_3D('',#282,#3583,#3584);
#3583=DIRECTION('',(-0.003063378329369699,0.0003017057621185614,-0.9999952623321994));
#3584=DIRECTION('',(0.09801370778414571,0.9951850647424347,0));
#3585=FACE_BOUND('',#3586,.T.);
#3586=EDGE_LOOP('',(#3587,#3588,#3589));
#3587=ORIENTED_EDGE('',*,*,#3590,.T.);
#3588=ORIENTED_EDGE('',*,*,#3591,.T.);
#3589=ORIENTED_EDGE('',*,*,#3592,.T.);
#3590=EDGE_CURVE('',#283,#277,#3593,.F.);
#3591=EDGE_CURVE('',#277,#69,#3594,.T.);
#3592=EDGE_CURVE('',#69,#283,#3595,.T.);
#3593=LINE('',#282,#3596);
#3594=LINE('',#276,#3597);
#3595=LINE('',#68,#3598);
#3596=VECTOR('',#3599,1.0);
#3597=VECTOR('',#3600,1.0);
#3598=VECTOR('',#3601,1.0);
#3599=DIRECTION('',(0.09801370778414571,0.9951850647424347,0));
#3600=DIRECTION('',(0.0034013309510304967,-0.9999941667458457,-0.00031212504446334534));
#3601=DIRECTION('',(-0.0035994570932934575,0.9999934730324351,0.0003127317733711821));
#3602=FACE_SURFACE('',(#3607),#3603,.T.);
#3603=PLANE('',#3604);
#3604=AXIS2_PLACEMENT_3D('',#282,#3605,#3606);
#3605=DIRECTION('',(-0.0916105153196331,-1.8331529090957794E-05,-0.9957949152043438));
#3606=DIRECTION('',(0.0035994570932934575,-0.9999934730324351,-0.0003127317733711821));
#3607=FACE_BOUND('',#3608,.T.);
#3608=EDGE_LOOP('',(#3609,#3610,#3611));
#3609=ORIENTED_EDGE('',*,*,#3612,.T.);
#3610=ORIENTED_EDGE('',*,*,#3613,.T.);
#3611=ORIENTED_EDGE('',*,*,#3614,.T.);
#3612=EDGE_CURVE('',#283,#69,#3615,.F.);
#3613=EDGE_CURVE('',#69,#281,#3616,.T.);
#3614=EDGE_CURVE('',#281,#283,#3617,.T.);
#3615=LINE('',#282,#3618);
#3616=LINE('',#68,#3619);
#3617=LINE('',#280,#3620);
#3618=VECTOR('',#3621,1.0);
#3619=VECTOR('',#3622,1.0);
#3620=VECTOR('',#3623,1.0);
#3621=DIRECTION('',(0.0035994570932934575,-0.9999934730324351,-0.0003127317733711821));
#3622=DIRECTION('',(-0.08058976534297409,0.9967199172144716,0.007395698069907241));
#3623=DIRECTION('',(-0.0001999430827918275,0.9999999800113815,-1.4701697264104963E-08));
#3624=FACE_SURFACE('',(#3629),#3625,.T.);
#3625=PLANE('',#3626);
#3626=AXIS2_PLACEMENT_3D('',#284,#3627,#3628);
#3627=DIRECTION('',(4.8439279058787416E-08,-1.4692012458994749E-08,-0.9999999999999988));
#3628=DIRECTION('',(0.2902506262701716,0.9569506643238057,0));
#3629=FACE_BOUND('',#3630,.T.);
#3630=EDGE_LOOP('',(#3631,#3632,#3633));
#3631=ORIENTED_EDGE('',*,*,#3634,.T.);
#3632=ORIENTED_EDGE('',*,*,#3635,.T.);
#3633=ORIENTED_EDGE('',*,*,#3636,.T.);
#3634=EDGE_CURVE('',#285,#283,#3637,.F.);
#3635=EDGE_CURVE('',#283,#281,#3638,.T.);
#3636=EDGE_CURVE('',#281,#285,#3639,.T.);
#3637=LINE('',#284,#3640);
#3638=LINE('',#282,#3641);
#3639=LINE('',#280,#3642);
#3640=VECTOR('',#3643,1.0);
#3641=VECTOR('',#3644,1.0);
#3642=VECTOR('',#3645,1.0);
#3643=DIRECTION('',(0.2902506262701716,0.9569506643238057,0));
#3644=DIRECTION('',(0.0001999430827918275,-0.9999999800113815,1.4701697264104963E-08));
#3645=DIRECTION('',(-0.0007935586538229836,0.9999996851322818,-1.4730447242036375E-08));
#3646=FACE_SURFACE('',(#3651),#3647,.T.);
#3647=PLANE('',#3648);
#3648=AXIS2_PLACEMENT_3D('',#284,#3649,#3650);
#3649=DIRECTION('',(-1.5077217636434378E-07,-1.4850098483162481E-08,-0.9999999999999886));
#3650=DIRECTION('',(0.0007935586538229836,-0.9999996851322818,1.4730447242036375E-08));
#3651=FACE_BOUND('',#3652,.T.);
#3652=EDGE_LOOP('',(#3653,#3654,#3655));
#3653=ORIENTED_EDGE('',*,*,#3656,.T.);
#3654=ORIENTED_EDGE('',*,*,#3657,.T.);
#3655=ORIENTED_EDGE('',*,*,#3658,.T.);
#3656=EDGE_CURVE('',#285,#281,#3659,.F.);
#3657=EDGE_CURVE('',#281,#287,#3660,.T.);
#3658=EDGE_CURVE('',#287,#285,#3661,.T.);
#3659=LINE('',#284,#3662);
#3660=LINE('',#280,#3663);
#3661=LINE('',#286,#3664);
#3662=VECTOR('',#3665,1.0);
#3663=VECTOR('',#3666,1.0);
#3664=VECTOR('',#3667,1.0);
#3665=DIRECTION('',(0.0007935586538229836,-0.9999996851322818,1.4730447242036375E-08));
#3666=DIRECTION('',(-0.09801933188841773,0.995184510820053,0));
#3667=DIRECTION('',(-0.0005944337200811031,0.9999998233242605,-1.4760471793829538E-08));
#3668=FACE_SURFACE('',(#3673),#3669,.T.);
#3669=PLANE('',#3670);
#3670=AXIS2_PLACEMENT_3D('',#288,#3671,#3672);
#3671=DIRECTION('',(2.7586301782242814E-08,-1.4744076170758395E-08,-0.9999999999999996));
#3672=DIRECTION('',(0.4713691521291874,0.8819360081213439,0));
#3673=FACE_BOUND('',#3674,.T.);
#3674=EDGE_LOOP('',(#3675,#3676,#3677));
#3675=ORIENTED_EDGE('',*,*,#3678,.T.);
#3676=ORIENTED_EDGE('',*,*,#3679,.T.);
#3677=ORIENTED_EDGE('',*,*,#3680,.T.);
#3678=EDGE_CURVE('',#289,#285,#3681,.F.);
#3679=EDGE_CURVE('',#285,#287,#3682,.T.);
#3680=EDGE_CURVE('',#287,#289,#3683,.T.);
#3681=LINE('',#288,#3684);
#3682=LINE('',#284,#3685);
#3683=LINE('',#286,#3686);
#3684=VECTOR('',#3687,1.0);
#3685=VECTOR('',#3688,1.0);
#3686=VECTOR('',#3689,1.0);
#3687=DIRECTION('',(0.4713691521291874,0.8819360081213439,0));
#3688=DIRECTION('',(0.0005944337200811031,-0.9999998233242605,1.4760471793829538E-08));
#3689=DIRECTION('',(-0.001562589218331935,0.9999987791567221,-1.4787164228290703E-08));
#3690=FACE_SURFACE('',(#3695),#3691,.T.);
#3691=PLANE('',#3692);
#3692=AXIS2_PLACEMENT_3D('',#288,#3693,#3694);
#3693=DIRECTION('',(-4.9005520343100504E-08,-1.4863757872336442E-08,-0.9999999999999988));
#3694=DIRECTION('',(0.001562589218331935,-0.9999987791567221,1.4787164228290703E-08));
#3695=FACE_BOUND('',#3696,.T.);
#3696=EDGE_LOOP('',(#3697,#3698,#3699));
#3697=ORIENTED_EDGE('',*,*,#3700,.T.);
#3698=ORIENTED_EDGE('',*,*,#3701,.T.);
#3699=ORIENTED_EDGE('',*,*,#3702,.T.);
#3700=EDGE_CURVE('',#289,#287,#3703,.F.);
#3701=EDGE_CURVE('',#287,#291,#3704,.T.);
#3702=EDGE_CURVE('',#291,#289,#3705,.T.);
#3703=LINE('',#288,#3706);
#3704=LINE('',#286,#3707);
#3705=LINE('',#290,#3708);
#3706=VECTOR('',#3709,1.0);
#3707=VECTOR('',#3710,1.0);
#3708=VECTOR('',#3711,1.0);
#3709=DIRECTION('',(0.001562589218331935,-0.9999987791567221,1.4787164228290703E-08));
#3710=DIRECTION('',(-0.2902506262701716,0.9569506643238057,0));
#3711=DIRECTION('',(-0.0009689837533202922,0.9999995305351327,-1.4816265341288871E-08));
#3712=FACE_SURFACE('',(#3717),#3713,.T.);
#3713=PLANE('',#3714);
#3714=AXIS2_PLACEMENT_3D('',#292,#3715,#3716);
#3715=DIRECTION('',(1.8030491229205158E-08,-1.479880103574055E-08,-0.9999999999999999));
#3716=DIRECTION('',(0.6344332279654685,0.7729776706046017,0));
#3717=FACE_BOUND('',#3718,.T.);
#3718=EDGE_LOOP('',(#3719,#3720,#3721));
#3719=ORIENTED_EDGE('',*,*,#3722,.T.);
#3720=ORIENTED_EDGE('',*,*,#3723,.T.);
#3721=ORIENTED_EDGE('',*,*,#3724,.T.);
#3722=EDGE_CURVE('',#293,#289,#3725,.F.);
#3723=EDGE_CURVE('',#289,#291,#3726,.T.);
#3724=EDGE_CURVE('',#291,#293,#3727,.T.);
#3725=LINE('',#292,#3728);
#3726=LINE('',#288,#3729);
#3727=LINE('',#290,#3730);
#3728=VECTOR('',#3731,1.0);
#3729=VECTOR('',#3732,1.0);
#3730=VECTOR('',#3733,1.0);
#3731=DIRECTION('',(0.6344332279654685,0.7729776706046017,0));
#3732=DIRECTION('',(0.0009689837533202922,-0.9999995305351327,1.4816265341288871E-08));
#3733=DIRECTION('',(-0.0022769027021031854,0.9999974078536827,-1.4839816349282974E-08));
#3734=FACE_SURFACE('',(#3739),#3735,.T.);
#3735=PLANE('',#3736);
#3736=AXIS2_PLACEMENT_3D('',#292,#3737,#3738);
#3737=DIRECTION('',(-2.788521028178319E-08,-1.4903346891578032E-08,-0.9999999999999994));
#3738=DIRECTION('',(0.0022769027021031854,-0.9999974078536827,1.4839816349282974E-08));
#3739=FACE_BOUND('',#3740,.T.);
#3740=EDGE_LOOP('',(#3741,#3742,#3743));
#3741=ORIENTED_EDGE('',*,*,#3744,.T.);
#3742=ORIENTED_EDGE('',*,*,#3745,.T.);
#3743=ORIENTED_EDGE('',*,*,#3746,.T.);
#3744=EDGE_CURVE('',#293,#291,#3747,.F.);
#3745=EDGE_CURVE('',#291,#295,#3748,.T.);
#3746=EDGE_CURVE('',#295,#293,#3749,.T.);
#3747=LINE('',#292,#3750);
#3748=LINE('',#290,#3751);
#3749=LINE('',#294,#3752);
#3750=VECTOR('',#3753,1.0);
#3751=VECTOR('',#3754,1.0);
#3752=VECTOR('',#3755,1.0);
#3753=DIRECTION('',(0.0022769027021031854,-0.9999974078536827,1.4839816349282974E-08));
#3754=DIRECTION('',(-0.4713571672912036,0.8819424135640673,0));
#3755=DIRECTION('',(-0.0013087575838386374,0.9999991435764265,-1.4866839147567218E-08));
#3756=FACE_SURFACE('',(#3761),#3757,.T.);
#3757=PLANE('',#3758);
#3758=AXIS2_PLACEMENT_3D('',#296,#3759,#3760);
#3759=DIRECTION('',(1.218744262657952E-08,-1.485090145826418E-08,-0.9999999999999999));
#3760=DIRECTION('',(0.7730200822975113,0.6343815510910993,0));
#3761=FACE_BOUND('',#3762,.T.);
#3762=EDGE_LOOP('',(#3763,#3764,#3765));
#3763=ORIENTED_EDGE('',*,*,#3766,.T.);
#3764=ORIENTED_EDGE('',*,*,#3767,.T.);
#3765=ORIENTED_EDGE('',*,*,#3768,.T.);
#3766=EDGE_CURVE('',#297,#293,#3769,.F.);
#3767=EDGE_CURVE('',#293,#295,#3770,.T.);
#3768=EDGE_CURVE('',#295,#297,#3771,.T.);
#3769=LINE('',#296,#3772);
#3770=LINE('',#292,#3773);
#3771=LINE('',#294,#3774);
#3772=VECTOR('',#3775,1.0);
#3773=VECTOR('',#3776,1.0);
#3774=VECTOR('',#3777,1.0);
#3775=DIRECTION('',(0.7730200822975113,0.6343815510910993,0));
#3776=DIRECTION('',(0.0013087575838386374,-0.9999991435764265,1.4866839147567218E-08));
#3777=DIRECTION('',(-0.0029071096879832916,0.9999957743477029,-1.488626893604979E-08));
#3778=FACE_SURFACE('',(#3783),#3779,.T.);
#3779=PLANE('',#3780);
#3780=AXIS2_PLACEMENT_3D('',#296,#3781,#3782);
#3781=DIRECTION('',(-1.8201606039292287E-08,-1.4939246129363194E-08,-0.9999999999999999));
#3782=DIRECTION('',(0.0029071096879832916,-0.9999957743477029,1.488626893604979E-08));
#3783=FACE_BOUND('',#3784,.T.);
#3784=EDGE_LOOP('',(#3785,#3786,#3787));
#3785=ORIENTED_EDGE('',*,*,#3788,.T.);
#3786=ORIENTED_EDGE('',*,*,#3789,.T.);
#3787=ORIENTED_EDGE('',*,*,#3790,.T.);
#3788=EDGE_CURVE('',#297,#295,#3791,.F.);
#3789=EDGE_CURVE('',#295,#299,#3792,.T.);
#3790=EDGE_CURVE('',#299,#297,#3793,.T.);
#3791=LINE('',#296,#3794);
#3792=LINE('',#294,#3795);
#3793=LINE('',#298,#3796);
#3794=VECTOR('',#3797,1.0);
#3795=VECTOR('',#3798,1.0);
#3796=VECTOR('',#3799,1.0);
#3797=DIRECTION('',(0.0029071096879832916,-0.9999957743477029,1.488626893604979E-08));
#3798=DIRECTION('',(-0.6344332279654685,0.7729776706046017,0));
#3799=DIRECTION('',(-0.0015991997259148737,0.9999987212793006,-1.491011902285069E-08));
#3800=FACE_SURFACE('',(#3805),#3801,.T.);
#3801=PLANE('',#3802);
#3802=AXIS2_PLACEMENT_3D('',#300,#3803,#3804);
#3803=DIRECTION('',(7.963672624167016E-09,-1.4897402569389877E-08,-0.9999999999999999));
#3804=DIRECTION('',(0.8819004660485841,0.4714356456434859,0));
#3805=FACE_BOUND('',#3806,.T.);
#3806=EDGE_LOOP('',(#3807,#3808,#3809));
#3807=ORIENTED_EDGE('',*,*,#3810,.T.);
#3808=ORIENTED_EDGE('',*,*,#3811,.T.);
#3809=ORIENTED_EDGE('',*,*,#3812,.T.);
#3810=EDGE_CURVE('',#301,#297,#3813,.F.);
#3811=EDGE_CURVE('',#297,#299,#3814,.T.);
#3812=EDGE_CURVE('',#299,#301,#3815,.T.);
#3813=LINE('',#300,#3816);
#3814=LINE('',#296,#3817);
#3815=LINE('',#298,#3818);
#3816=VECTOR('',#3819,1.0);
#3817=VECTOR('',#3820,1.0);
#3818=VECTOR('',#3821,1.0);
#3819=DIRECTION('',(0.8819004660485841,0.4714356456434859,0));
#3820=DIRECTION('',(0.0015991997259148737,-0.9999987212793006,1.491011902285069E-08));
#3821=DIRECTION('',(-0.003427047951945422,0.9999941276539251,-1.492460697464299E-08));
#3822=FACE_SURFACE('',(#3827),#3823,.T.);
#3823=PLANE('',#3824);
#3824=AXIS2_PLACEMENT_3D('',#300,#3825,#3826);
#3825=DIRECTION('',(-1.2283104838066346E-08,-1.4966789654090293E-08,-0.9999999999999999));
#3826=DIRECTION('',(0.003427047951945422,-0.9999941276539251,1.492460697464299E-08));
#3827=FACE_BOUND('',#3828,.T.);
#3828=EDGE_LOOP('',(#3829,#3830,#3831));
#3829=ORIENTED_EDGE('',*,*,#3832,.T.);
#3830=ORIENTED_EDGE('',*,*,#3833,.T.);
#3831=ORIENTED_EDGE('',*,*,#3834,.T.);
#3832=EDGE_CURVE('',#301,#299,#3835,.F.);
#3833=EDGE_CURVE('',#299,#303,#3836,.T.);
#3834=EDGE_CURVE('',#303,#301,#3837,.T.);
#3835=LINE('',#300,#3838);
#3836=LINE('',#298,#3839);
#3837=LINE('',#302,#3840);
#3838=VECTOR('',#3841,1.0);
#3839=VECTOR('',#3842,1.0);
#3840=VECTOR('',#3843,1.0);
#3841=DIRECTION('',(0.003427047951945422,-0.9999941276539251,1.492460697464299E-08));
#3842=DIRECTION('',(-0.7730059449332992,0.6343987776610048,0));
#3843=DIRECTION('',(-0.0018287044034859018,0.9999983279187042,-1.4944302460495406E-08));
#3844=FACE_SURFACE('',(#3849),#3845,.T.);
#3845=PLANE('',#3846);
#3846=AXIS2_PLACEMENT_3D('',#304,#3847,#3848);
#3847=DIRECTION('',(4.530716432279791E-09,-1.4936042093681363E-08,-0.9999999999999998));
#3848=DIRECTION('',(0.9569418022883175,0.29027984262291895,0));
#3849=FACE_BOUND('',#3850,.T.);
#3850=EDGE_LOOP('',(#3851,#3852,#3853));
#3851=ORIENTED_EDGE('',*,*,#3854,.T.);
#3852=ORIENTED_EDGE('',*,*,#3855,.T.);
#3853=ORIENTED_EDGE('',*,*,#3856,.T.);
#3854=EDGE_CURVE('',#305,#301,#3857,.F.);
#3855=EDGE_CURVE('',#301,#303,#3858,.T.);
#3856=EDGE_CURVE('',#303,#305,#3859,.T.);
#3857=LINE('',#304,#3860);
#3858=LINE('',#300,#3861);
#3859=LINE('',#302,#3862);
#3860=VECTOR('',#3863,1.0);
#3861=VECTOR('',#3864,1.0);
#3862=VECTOR('',#3865,1.0);
#3863=DIRECTION('',(0.9569418022883175,0.29027984262291895,0));
#3864=DIRECTION('',(0.0018287044034859018,-0.9999983279187042,1.4944302460495406E-08));
#3865=DIRECTION('',(-0.0038151043685171124,0.9999927224628473,-1.495321855213342E-08));
#3866=FACE_SURFACE('',(#3871),#3867,.T.);
#3867=PLANE('',#3868);
#3868=AXIS2_PLACEMENT_3D('',#304,#3869,#3870);
#3869=DIRECTION('',(-8.00892240629052E-09,-1.4983882472754157E-08,-0.9999999999999999));
#3870=DIRECTION('',(0.0038151043685171124,-0.9999927224628473,1.495321855213342E-08));
#3871=FACE_BOUND('',#3872,.T.);
#3872=EDGE_LOOP('',(#3873,#3874,#3875));
#3873=ORIENTED_EDGE('',*,*,#3876,.T.);
#3874=ORIENTED_EDGE('',*,*,#3877,.T.);
#3875=ORIENTED_EDGE('',*,*,#3878,.T.);
#3876=EDGE_CURVE('',#305,#303,#3879,.F.);
#3877=EDGE_CURVE('',#303,#307,#3880,.T.);
#3878=EDGE_CURVE('',#307,#305,#3881,.T.);
#3879=LINE('',#304,#3882);
#3880=LINE('',#302,#3883);
#3881=LINE('',#306,#3884);
#3882=VECTOR('',#3885,1.0);
#3883=VECTOR('',#3886,1.0);
#3884=VECTOR('',#3887,1.0);
#3885=DIRECTION('',(0.0038151043685171124,-0.9999927224628473,1.495321855213342E-08));
#3886=DIRECTION('',(-0.8819244364239385,0.47139080224195967,0));
#3887=DIRECTION('',(-0.001987263066220382,0.9999980253908032,-1.496793704974378E-08));
#3888=FACE_SURFACE('',(#3893),#3889,.T.);
#3889=PLANE('',#3890);
#3890=AXIS2_PLACEMENT_3D('',#308,#3891,#3892);
#3891=DIRECTION('',(1.4733566904150731E-09,-1.49650386525125E-08,-0.9999999999999998));
#3892=DIRECTION('',(0.9951884297384054,0.09797953518366469,0));
#3893=FACE_BOUND('',#3894,.T.);
#3894=EDGE_LOOP('',(#3895,#3896,#3897));
#3895=ORIENTED_EDGE('',*,*,#3898,.T.);
#3896=ORIENTED_EDGE('',*,*,#3899,.T.);
#3897=ORIENTED_EDGE('',*,*,#3900,.T.);
#3898=EDGE_CURVE('',#309,#305,#3901,.F.);
#3899=EDGE_CURVE('',#305,#307,#3902,.T.);
#3900=EDGE_CURVE('',#307,#309,#3903,.T.);
#3901=LINE('',#308,#3904);
#3902=LINE('',#304,#3905);
#3903=LINE('',#306,#3906);
#3904=VECTOR('',#3907,1.0);
#3905=VECTOR('',#3908,1.0);
#3906=VECTOR('',#3909,1.0);
#3907=DIRECTION('',(0.9951884297384054,0.09797953518366469,0));
#3908=DIRECTION('',(0.001987263066220382,-0.9999980253908032,1.496793704974378E-08));
#3909=DIRECTION('',(-0.004055075198897956,0.9999917781487662,-1.4970890184365426E-08));
#3910=FACE_SURFACE('',(#3915),#3911,.T.);
#3911=PLANE('',#3912);
#3912=AXIS2_PLACEMENT_3D('',#308,#3913,#3914);
#3913=DIRECTION('',(-4.54736986411629E-09,-1.4989453352177157E-08,-1));
#3914=DIRECTION('',(0.004055075198897956,-0.9999917781487662,1.4970890184365426E-08));
#3915=FACE_BOUND('',#3916,.T.);
#3916=EDGE_LOOP('',(#3917,#3918,#3919));
#3917=ORIENTED_EDGE('',*,*,#3920,.T.);
#3918=ORIENTED_EDGE('',*,*,#3921,.T.);
#3919=ORIENTED_EDGE('',*,*,#3922,.T.);
#3920=EDGE_CURVE('',#309,#307,#3923,.F.);
#3921=EDGE_CURVE('',#307,#311,#3924,.T.);
#3922=EDGE_CURVE('',#311,#309,#3925,.T.);
#3923=LINE('',#308,#3926);
#3924=LINE('',#306,#3927);
#3925=LINE('',#310,#3928);
#3926=VECTOR('',#3929,1.0);
#3927=VECTOR('',#3930,1.0);
#3928=VECTOR('',#3931,1.0);
#3929=DIRECTION('',(0.004055075198897956,-0.9999917781487662,1.4970890184365426E-08));
#3930=DIRECTION('',(-0.9569337934297512,0.2903062434604989,0));
#3931=DIRECTION('',(-0.0020686800445037573,0.9999978602791475,-1.4980014225638377E-08));
#3932=FACE_SURFACE('',(#3937),#3933,.T.);
#3933=PLANE('',#3934);
#3934=AXIS2_PLACEMENT_3D('',#312,#3935,#3936);
#3935=DIRECTION('',(-1.4752201567355845E-09,-1.4983098043785185E-08,-1));
#3936=DIRECTION('',(0.9951878762324052,-0.09798515703939359,0));
#3937=FACE_BOUND('',#3938,.T.);
#3938=EDGE_LOOP('',(#3939,#3940,#3941));
#3939=ORIENTED_EDGE('',*,*,#3942,.T.);
#3940=ORIENTED_EDGE('',*,*,#3943,.T.);
#3941=ORIENTED_EDGE('',*,*,#3944,.T.);
#3942=EDGE_CURVE('',#313,#309,#3945,.F.);
#3943=EDGE_CURVE('',#309,#311,#3946,.T.);
#3944=EDGE_CURVE('',#311,#313,#3947,.T.);
#3945=LINE('',#312,#3948);
#3946=LINE('',#308,#3949);
#3947=LINE('',#310,#3950);
#3948=VECTOR('',#3951,1.0);
#3949=VECTOR('',#3952,1.0);
#3950=VECTOR('',#3953,1.0);
#3951=DIRECTION('',(0.9951878762324052,-0.09798515703939359,0));
#3952=DIRECTION('',(0.0020686800445037573,-0.9999978602791475,1.4980014225638377E-08));
#3953=DIRECTION('',(-0.004136371258634709,0.9999914451798128,-1.4976867807819093E-08));
#3954=FACE_SURFACE('',(#3959),#3955,.T.);
#3955=PLANE('',#3956);
#3956=AXIS2_PLACEMENT_3D('',#312,#3957,#3958);
#3957=DIRECTION('',(-1.4755688290036093E-09,-1.4983099486035474E-08,-1));
#3958=DIRECTION('',(0.004136371258634709,-0.9999914451798128,1.4976867807819093E-08));
#3959=FACE_BOUND('',#3960,.T.);
#3960=EDGE_LOOP('',(#3961,#3962,#3963));
#3961=ORIENTED_EDGE('',*,*,#3964,.T.);
#3962=ORIENTED_EDGE('',*,*,#3965,.T.);
#3963=ORIENTED_EDGE('',*,*,#3966,.T.);
#3964=EDGE_CURVE('',#313,#311,#3967,.F.);
#3965=EDGE_CURVE('',#311,#315,#3968,.T.);
#3966=EDGE_CURVE('',#315,#313,#3969,.T.);
#3967=LINE('',#312,#3970);
#3968=LINE('',#310,#3971);
#3969=LINE('',#314,#3972);
#3970=VECTOR('',#3973,1.0);
#3971=VECTOR('',#3974,1.0);
#3972=VECTOR('',#3975,1.0);
#3973=DIRECTION('',(0.004136371258634709,-0.9999914451798128,1.4976867807819093E-08));
#3974=DIRECTION('',(-0.9951856185694766,0.09800808432210116,0));
#3975=DIRECTION('',(-0.002068560328850743,0.9999978605267942,-1.4980015126953415E-08));
#3976=FACE_SURFACE('',(#3981),#3977,.T.);
#3977=PLANE('',#3978);
#3978=AXIS2_PLACEMENT_3D('',#316,#3979,#3980);
#3979=DIRECTION('',(-4.546643957160939E-09,-1.4989452203803963E-08,-0.9999999999999998));
#3980=DIRECTION('',(0.9569466605389272,-0.2902638263432002,0));
#3981=FACE_BOUND('',#3982,.T.);
#3982=EDGE_LOOP('',(#3983,#3984,#3985));
#3983=ORIENTED_EDGE('',*,*,#3986,.T.);
#3984=ORIENTED_EDGE('',*,*,#3987,.T.);
#3985=ORIENTED_EDGE('',*,*,#3988,.T.);
#3986=EDGE_CURVE('',#317,#313,#3989,.F.);
#3987=EDGE_CURVE('',#313,#315,#3990,.T.);
#3988=EDGE_CURVE('',#315,#317,#3991,.T.);
#3989=LINE('',#316,#3992);
#3990=LINE('',#312,#3993);
#3991=LINE('',#314,#3994);
#3992=VECTOR('',#3995,1.0);
#3993=VECTOR('',#3996,1.0);
#3994=VECTOR('',#3997,1.0);
#3995=DIRECTION('',(0.9569466605389272,-0.2902638263432002,0));
#3996=DIRECTION('',(0.002068560328850743,-0.9999978605267942,1.4980015126953415E-08));
#3997=DIRECTION('',(-0.004055075684558706,0.9999917781467967,-1.497089197737132E-08));
#3998=FACE_SURFACE('',(#4003),#3999,.T.);
#3999=PLANE('',#4000);
#4000=AXIS2_PLACEMENT_3D('',#316,#4001,#4002);
#4001=DIRECTION('',(1.4738755100898214E-09,-1.496503834097671E-08,-1));
#4002=DIRECTION('',(0.004055075684558706,-0.9999917781467967,1.497089197737132E-08));
#4003=FACE_BOUND('',#4004,.T.);
#4004=EDGE_LOOP('',(#4005,#4006,#4007));
#4005=ORIENTED_EDGE('',*,*,#4008,.T.);
#4006=ORIENTED_EDGE('',*,*,#4009,.T.);
#4007=ORIENTED_EDGE('',*,*,#4010,.T.);
#4008=EDGE_CURVE('',#317,#315,#4011,.F.);
#4009=EDGE_CURVE('',#315,#319,#4012,.T.);
#4010=EDGE_CURVE('',#319,#317,#4013,.T.);
#4011=LINE('',#316,#4014);
#4012=LINE('',#314,#4015);
#4013=LINE('',#318,#4016);
#4014=VECTOR('',#4017,1.0);
#4015=VECTOR('',#4018,1.0);
#4016=VECTOR('',#4019,1.0);
#4017=DIRECTION('',(0.004055075684558706,-0.9999917781467967,1.497089197737132E-08));
#4018=DIRECTION('',(-0.9951850647424347,-0.09801370778414571,0));
#4019=DIRECTION('',(-0.0019873829282317,0.9999980251525982,-1.4967937942336716E-08));
#4020=FACE_SURFACE('',(#4025),#4021,.T.);
#4021=PLANE('',#4022);
#4022=AXIS2_PLACEMENT_3D('',#320,#4023,#4024);
#4023=DIRECTION('',(-8.01095260740977E-09,-1.498388836368056E-08,-0.9999999999999999));
#4024=DIRECTION('',(0.8818748340319156,-0.4714835915503116,0));
#4025=FACE_BOUND('',#4026,.T.);
#4026=EDGE_LOOP('',(#4027,#4028,#4029));
#4027=ORIENTED_EDGE('',*,*,#4030,.T.);
#4028=ORIENTED_EDGE('',*,*,#4031,.T.);
#4029=ORIENTED_EDGE('',*,*,#4032,.T.);
#4030=EDGE_CURVE('',#321,#317,#4033,.F.);
#4031=EDGE_CURVE('',#317,#319,#4034,.T.);
#4032=EDGE_CURVE('',#319,#321,#4035,.T.);
#4033=LINE('',#320,#4036);
#4034=LINE('',#316,#4037);
#4035=LINE('',#318,#4038);
#4036=VECTOR('',#4039,1.0);
#4037=VECTOR('',#4040,1.0);
#4038=VECTOR('',#4041,1.0);
#4039=DIRECTION('',(0.8818748340319156,-0.4714835915503116,0));
#4040=DIRECTION('',(0.0019873829282317,-0.9999980251525982,1.4967937942336716E-08));
#4041=DIRECTION('',(-0.0038149845163262396,0.999992722920092,-1.4953217664569313E-08));
#4042=FACE_SURFACE('',(#4047),#4043,.T.);
#4043=PLANE('',#4044);
#4044=AXIS2_PLACEMENT_3D('',#320,#4045,#4046);
#4045=DIRECTION('',(4.5308930992768556E-09,-1.4936041068314807E-08,-1));
#4046=DIRECTION('',(0.0038149845163262396,-0.999992722920092,1.4953217664569313E-08));
#4047=FACE_BOUND('',#4048,.T.);
#4048=EDGE_LOOP('',(#4049,#4050,#4051));
#4049=ORIENTED_EDGE('',*,*,#4052,.T.);
#4050=ORIENTED_EDGE('',*,*,#4053,.T.);
#4051=ORIENTED_EDGE('',*,*,#4054,.T.);
#4052=EDGE_CURVE('',#321,#319,#4055,.F.);
#4053=EDGE_CURVE('',#319,#323,#4056,.T.);
#4054=EDGE_CURVE('',#323,#321,#4057,.T.);
#4055=LINE('',#320,#4058);
#4056=LINE('',#318,#4059);
#4057=LINE('',#322,#4060);
#4058=VECTOR('',#4061,1.0);
#4059=VECTOR('',#4062,1.0);
#4060=VECTOR('',#4063,1.0);
#4061=DIRECTION('',(0.0038149845163262396,-0.999992722920092,1.4953217664569313E-08));
#4062=DIRECTION('',(-0.9569386525234524,-0.2902902259921945,0));
#4063=DIRECTION('',(-0.0018284650768452795,0.9999983283563341,-1.4944300680375305E-08));
#4064=FACE_SURFACE('',(#4069),#4065,.T.);
#4065=PLANE('',#4066);
#4066=AXIS2_PLACEMENT_3D('',#324,#4067,#4068);
#4067=DIRECTION('',(-1.22834595183349E-08,-1.496678557625973E-08,-0.9999999999999999));
#4068=DIRECTION('',(0.7729968768850644,-0.6344098267885963,0));
#4069=FACE_BOUND('',#4070,.T.);
#4070=EDGE_LOOP('',(#4071,#4072,#4073));
#4071=ORIENTED_EDGE('',*,*,#4074,.T.);
#4072=ORIENTED_EDGE('',*,*,#4075,.T.);
#4073=ORIENTED_EDGE('',*,*,#4076,.T.);
#4074=EDGE_CURVE('',#325,#321,#4077,.F.);
#4075=EDGE_CURVE('',#321,#323,#4078,.T.);
#4076=EDGE_CURVE('',#323,#325,#4079,.T.);
#4077=LINE('',#324,#4080);
#4078=LINE('',#320,#4081);
#4079=LINE('',#322,#4082);
#4080=VECTOR('',#4083,1.0);
#4081=VECTOR('',#4084,1.0);
#4082=VECTOR('',#4085,1.0);
#4083=DIRECTION('',(0.7729968768850644,-0.6344098267885963,0));
#4084=DIRECTION('',(0.0018284650768452795,-0.9999983283563341,1.4944300680375305E-08));
#4085=DIRECTION('',(-0.003426689561017418,0.999994128882091,-1.492460610199224E-08));
#4086=FACE_SURFACE('',(#4091),#4087,.T.);
#4087=PLANE('',#4088);
#4088=AXIS2_PLACEMENT_3D('',#324,#4089,#4090);
#4089=DIRECTION('',(7.963740891494915E-09,-1.4897404298629879E-08,-0.9999999999999999));
#4090=DIRECTION('',(0.003426689561017418,-0.999994128882091,1.492460610199224E-08));
#4091=FACE_BOUND('',#4092,.T.);
#4092=EDGE_LOOP('',(#4093,#4094,#4095));
#4093=ORIENTED_EDGE('',*,*,#4096,.T.);
#4094=ORIENTED_EDGE('',*,*,#4097,.T.);
#4095=ORIENTED_EDGE('',*,*,#4098,.T.);
#4096=EDGE_CURVE('',#325,#323,#4099,.F.);
#4097=EDGE_CURVE('',#323,#327,#4100,.T.);
#4098=EDGE_CURVE('',#327,#325,#4101,.T.);
#4099=LINE('',#324,#4102);
#4100=LINE('',#322,#4103);
#4101=LINE('',#326,#4104);
#4102=VECTOR('',#4105,1.0);
#4103=VECTOR('',#4106,1.0);
#4104=VECTOR('',#4107,1.0);
#4105=DIRECTION('',(0.003426689561017418,-0.999994128882091,1.492460610199224E-08));
#4106=DIRECTION('',(-0.8818988085865538,-0.4714387461946853,0));
#4107=DIRECTION('',(-0.0015990805406375136,0.9999987214698949,-1.4910119914940264E-08));
#4108=FACE_SURFACE('',(#4113),#4109,.T.);
#4109=PLANE('',#4110);
#4110=AXIS2_PLACEMENT_3D('',#328,#4111,#4112);
#4111=DIRECTION('',(-1.8199947308714747E-08,-1.4939242196793153E-08,-0.9999999999999999));
#4112=DIRECTION('',(0.6344676744897584,-0.7729493968091041,0));
#4113=FACE_BOUND('',#4114,.T.);
#4114=EDGE_LOOP('',(#4115,#4116,#4117));
#4115=ORIENTED_EDGE('',*,*,#4118,.T.);
#4116=ORIENTED_EDGE('',*,*,#4119,.T.);
#4117=ORIENTED_EDGE('',*,*,#4120,.T.);
#4118=EDGE_CURVE('',#329,#325,#4121,.F.);
#4119=EDGE_CURVE('',#325,#327,#4122,.T.);
#4120=EDGE_CURVE('',#327,#329,#4123,.T.);
#4121=LINE('',#328,#4124);
#4122=LINE('',#324,#4125);
#4123=LINE('',#326,#4126);
#4124=VECTOR('',#4127,1.0);
#4125=VECTOR('',#4128,1.0);
#4126=VECTOR('',#4129,1.0);
#4127=DIRECTION('',(0.6344676744897584,-0.7729493968091041,0));
#4128=DIRECTION('',(0.0015990805406375136,-0.9999987214698949,1.4910119914940264E-08));
#4129=DIRECTION('',(-0.0029071098610866366,0.9999957743471994,-1.4886269822450107E-08));
#4130=FACE_SURFACE('',(#4135),#4131,.T.);
#4131=PLANE('',#4132);
#4132=AXIS2_PLACEMENT_3D('',#328,#4133,#4134);
#4133=DIRECTION('',(1.2188902861898547E-08,-1.4850898097483588E-08,-0.9999999999999999));
#4134=DIRECTION('',(0.0029071098610866366,-0.9999957743471994,1.4886269822450107E-08));
#4135=FACE_BOUND('',#4136,.T.);
#4136=EDGE_LOOP('',(#4137,#4138,#4139));
#4137=ORIENTED_EDGE('',*,*,#4140,.T.);
#4138=ORIENTED_EDGE('',*,*,#4141,.T.);
#4139=ORIENTED_EDGE('',*,*,#4142,.T.);
#4140=EDGE_CURVE('',#329,#327,#4143,.F.);
#4141=EDGE_CURVE('',#327,#331,#4144,.T.);
#4142=EDGE_CURVE('',#331,#329,#4145,.T.);
#4143=LINE('',#328,#4146);
#4144=LINE('',#326,#4147);
#4145=LINE('',#330,#4148);
#4146=VECTOR('',#4149,1.0);
#4147=VECTOR('',#4150,1.0);
#4148=VECTOR('',#4151,1.0);
#4149=DIRECTION('',(0.0029071098610866366,-0.9999957743471994,1.4886269822450107E-08));
#4150=DIRECTION('',(-0.7729827386850253,-0.6344270530919986,0));
#4151=DIRECTION('',(-0.0013088765183480735,0.999999143420763,-1.4866839145252993E-08));
#4152=FACE_SURFACE('',(#4157),#4153,.T.);
#4153=PLANE('',#4154);
#4154=AXIS2_PLACEMENT_3D('',#332,#4155,#4156);
#4155=DIRECTION('',(-2.788430274485211E-08,-1.4903349020245563E-08,-0.9999999999999994));
#4156=DIRECTION('',(0.4713691521291874,-0.8819360081213439,0));
#4157=FACE_BOUND('',#4158,.T.);
#4158=EDGE_LOOP('',(#4159,#4160,#4161));
#4159=ORIENTED_EDGE('',*,*,#4162,.T.);
#4160=ORIENTED_EDGE('',*,*,#4163,.T.);
#4161=ORIENTED_EDGE('',*,*,#4164,.T.);
#4162=EDGE_CURVE('',#333,#329,#4165,.F.);
#4163=EDGE_CURVE('',#329,#331,#4166,.T.);
#4164=EDGE_CURVE('',#331,#333,#4167,.T.);
#4165=LINE('',#332,#4168);
#4166=LINE('',#328,#4169);
#4167=LINE('',#330,#4170);
#4168=VECTOR('',#4171,1.0);
#4169=VECTOR('',#4172,1.0);
#4170=VECTOR('',#4173,1.0);
#4171=DIRECTION('',(0.4713691521291874,-0.8819360081213439,0));
#4172=DIRECTION('',(0.0013088765183480735,-0.999999143420763,1.4866839145252993E-08));
#4173=DIRECTION('',(-0.0022770215551804374,0.9999974075830582,-1.4839817226149878E-08));
#4174=FACE_SURFACE('',(#4179),#4175,.T.);
#4175=PLANE('',#4176);
#4176=AXIS2_PLACEMENT_3D('',#332,#4177,#4178);
#4177=DIRECTION('',(1.8028855837389403E-08,-1.4798803497461804E-08,-0.9999999999999999));
#4178=DIRECTION('',(0.0022770215551804374,-0.9999974075830582,1.4839817226149878E-08));
#4179=FACE_BOUND('',#4180,.T.);
#4180=EDGE_LOOP('',(#4181,#4182,#4183));
#4181=ORIENTED_EDGE('',*,*,#4184,.T.);
#4182=ORIENTED_EDGE('',*,*,#4185,.T.);
#4183=ORIENTED_EDGE('',*,*,#4186,.T.);
#4184=EDGE_CURVE('',#333,#331,#4187,.F.);
#4185=EDGE_CURVE('',#331,#335,#4188,.T.);
#4186=EDGE_CURVE('',#335,#333,#4189,.T.);
#4187=LINE('',#332,#4190);
#4188=LINE('',#330,#4191);
#4189=LINE('',#334,#4192);
#4190=VECTOR('',#4193,1.0);
#4191=VECTOR('',#4194,1.0);
#4192=VECTOR('',#4195,1.0);
#4193=DIRECTION('',(0.0022770215551804374,-0.9999974075830582,1.4839817226149878E-08));
#4194=DIRECTION('',(-0.6344676744897584,-0.7729493968091041,0));
#4195=DIRECTION('',(-0.0009689838107471503,0.9999995305350771,-1.4816266219375386E-08));
#4196=FACE_SURFACE('',(#4201),#4197,.T.);
#4197=PLANE('',#4198);
#4198=AXIS2_PLACEMENT_3D('',#336,#4199,#4200);
#4199=DIRECTION('',(-4.90152913106425E-08,-1.4863768221152238E-08,-0.9999999999999988));
#4200=DIRECTION('',(0.2901978243212921,-0.9569666779774458,0));
#4201=FACE_BOUND('',#4202,.T.);
#4202=EDGE_LOOP('',(#4203,#4204,#4205));
#4203=ORIENTED_EDGE('',*,*,#4206,.T.);
#4204=ORIENTED_EDGE('',*,*,#4207,.T.);
#4205=ORIENTED_EDGE('',*,*,#4208,.T.);
#4206=EDGE_CURVE('',#337,#333,#4209,.F.);
#4207=EDGE_CURVE('',#333,#335,#4210,.T.);
#4208=EDGE_CURVE('',#335,#337,#4211,.T.);
#4209=LINE('',#336,#4212);
#4210=LINE('',#332,#4213);
#4211=LINE('',#334,#4214);
#4212=VECTOR('',#4215,1.0);
#4213=VECTOR('',#4216,1.0);
#4214=VECTOR('',#4217,1.0);
#4215=DIRECTION('',(0.2901978243212921,-0.9569666779774458,0));
#4216=DIRECTION('',(0.0009689838107471503,-0.9999995305350771,1.4816266219375386E-08));
#4217=DIRECTION('',(-0.00156247101372487,0.9999987793414206,-1.4787165105663896E-08));
#4218=FACE_SURFACE('',(#4223),#4219,.T.);
#4219=PLANE('',#4220);
#4220=AXIS2_PLACEMENT_3D('',#336,#4221,#4222);
#4221=DIRECTION('',(2.7587208647164807E-08,-1.4744078889289506E-08,-0.9999999999999996));
#4222=DIRECTION('',(0.00156247101372487,-0.9999987793414206,1.4787165105663896E-08));
#4223=FACE_BOUND('',#4224,.T.);
#4224=EDGE_LOOP('',(#4225,#4226,#4227));
#4225=ORIENTED_EDGE('',*,*,#4228,.T.);
#4226=ORIENTED_EDGE('',*,*,#4229,.T.);
#4227=ORIENTED_EDGE('',*,*,#4230,.T.);
#4228=EDGE_CURVE('',#337,#335,#4231,.F.);
#4229=EDGE_CURVE('',#335,#339,#4232,.T.);
#4230=EDGE_CURVE('',#339,#337,#4233,.T.);
#4231=LINE('',#336,#4234);
#4232=LINE('',#334,#4235);
#4233=LINE('',#338,#4236);
#4234=VECTOR('',#4237,1.0);
#4235=VECTOR('',#4238,1.0);
#4236=VECTOR('',#4239,1.0);
#4237=DIRECTION('',(0.00156247101372487,-0.9999987793414206,1.4787165105663896E-08));
#4238=DIRECTION('',(-0.4713571672912036,-0.8819424135640673,0));
#4239=DIRECTION('',(-0.0005943156363484652,0.9999998233944466,-1.4760471794865519E-08));
#4240=FACE_SURFACE('',(#4245),#4241,.T.);
#4241=PLANE('',#4242);
#4242=AXIS2_PLACEMENT_3D('',#340,#4243,#4244);
#4243=DIRECTION('',(-1.506916026118598E-07,-1.4850032793162247E-08,-0.9999999999999886));
#4244=DIRECTION('',(0.09807080854755507,-0.9951794393529383,0));
#4245=FACE_BOUND('',#4246,.T.);
#4246=EDGE_LOOP('',(#4247,#4248,#4249));
#4247=ORIENTED_EDGE('',*,*,#4250,.T.);
#4248=ORIENTED_EDGE('',*,*,#4251,.T.);
#4249=ORIENTED_EDGE('',*,*,#4252,.T.);
#4250=EDGE_CURVE('',#341,#337,#4253,.F.);
#4251=EDGE_CURVE('',#337,#339,#4254,.T.);
#4252=EDGE_CURVE('',#339,#341,#4255,.T.);
#4253=LINE('',#340,#4256);
#4254=LINE('',#336,#4257);
#4255=LINE('',#338,#4258);
#4256=VECTOR('',#4259,1.0);
#4257=VECTOR('',#4260,1.0);
#4258=VECTOR('',#4261,1.0);
#4259=DIRECTION('',(0.09807080854755507,-0.9951794393529383,0));
#4260=DIRECTION('',(0.0005943156363484652,-0.9999998233944466,1.4760471794865519E-08));
#4261=DIRECTION('',(-0.000793558560307233,0.9999996851323559,-1.4730445506148518E-08));
#4262=FACE_SURFACE('',(#4267),#4263,.T.);
#4263=PLANE('',#4264);
#4264=AXIS2_PLACEMENT_3D('',#340,#4265,#4266);
#4265=DIRECTION('',(4.844887257961798E-08,-1.4692003114612117E-08,-0.9999999999999988));
#4266=DIRECTION('',(0.000793558560307233,-0.9999996851323559,1.4730445506148518E-08));
#4267=FACE_BOUND('',#4268,.T.);
#4268=EDGE_LOOP('',(#4269,#4270,#4271));
#4269=ORIENTED_EDGE('',*,*,#4272,.T.);
#4270=ORIENTED_EDGE('',*,*,#4273,.T.);
#4271=ORIENTED_EDGE('',*,*,#4274,.T.);
#4272=EDGE_CURVE('',#341,#339,#4275,.F.);
#4273=EDGE_CURVE('',#339,#343,#4276,.T.);
#4274=EDGE_CURVE('',#343,#341,#4277,.T.);
#4275=LINE('',#340,#4278);
#4276=LINE('',#338,#4279);
#4277=LINE('',#342,#4280);
#4278=VECTOR('',#4281,1.0);
#4279=VECTOR('',#4282,1.0);
#4280=VECTOR('',#4283,1.0);
#4281=DIRECTION('',(0.000793558560307233,-0.9999996851323559,1.4730445506148518E-08));
#4282=DIRECTION('',(-0.2901978243212921,-0.9569666779774458,0));
#4283=DIRECTION('',(-0.00020006067283538323,0.9999999799878634,-1.4701695534640156E-08));
#4284=FACE_SURFACE('',(#4289),#4285,.T.);
#4285=PLANE('',#4286);
#4286=AXIS2_PLACEMENT_3D('',#340,#4287,#4288);
#4287=DIRECTION('',(1.4887548261338083E-07,-1.4671911699035968E-08,-0.9999999999999888));
#4288=DIRECTION('',(0.00020006067283538323,-0.9999999799878634,1.4701695534640156E-08));
#4289=FACE_BOUND('',#4290,.T.);
#4290=EDGE_LOOP('',(#4291,#4292,#4293));
#4291=ORIENTED_EDGE('',*,*,#4294,.T.);
#4292=ORIENTED_EDGE('',*,*,#4295,.T.);
#4293=ORIENTED_EDGE('',*,*,#4296,.T.);
#4294=EDGE_CURVE('',#341,#343,#4297,.F.);
#4295=EDGE_CURVE('',#343,#345,#4298,.T.);
#4296=EDGE_CURVE('',#345,#341,#4299,.T.);
#4297=LINE('',#340,#4300);
#4298=LINE('',#342,#4301);
#4299=LINE('',#344,#4302);
#4300=VECTOR('',#4303,1.0);
#4301=VECTOR('',#4304,1.0);
#4302=VECTOR('',#4305,1.0);
#4303=DIRECTION('',(0.00020006067283538323,-0.9999999799878634,1.4701695534640156E-08));
#4304=DIRECTION('',(-0.09807643586469016,-0.9951788847880965,0));
#4305=DIRECTION('',(0,1,-1.4671911699036132E-08));
#4306=FACE_SURFACE('',(#4311),#4307,.T.);
#4307=PLANE('',#4308);
#4308=AXIS2_PLACEMENT_3D('',#94,#4309,#4310);
#4309=DIRECTION('',(0,0,-1));
#4310=DIRECTION('',(0.5965614658671836,-0.802567391215465,0));
#4311=FACE_BOUND('',#4312,.T.);
#4312=EDGE_LOOP('',(#4313,#4314,#4315));
#4313=ORIENTED_EDGE('',*,*,#4316,.T.);
#4314=ORIENTED_EDGE('',*,*,#4317,.T.);
#4315=ORIENTED_EDGE('',*,*,#4318,.T.);
#4316=EDGE_CURVE('',#95,#247,#4319,.F.);
#4317=EDGE_CURVE('',#247,#347,#4320,.T.);
#4318=EDGE_CURVE('',#347,#95,#4321,.T.);
#4319=LINE('',#94,#4322);
#4320=LINE('',#246,#4323);
#4321=LINE('',#346,#4324);
#4322=VECTOR('',#4325,1.0);
#4323=VECTOR('',#4326,1.0);
#4324=VECTOR('',#4327,1.0);
#4325=DIRECTION('',(0.5965614658671836,-0.802567391215465,0));
#4326=DIRECTION('',(-0.7730229195700458,-0.6343780937417388,0));
#4327=DIRECTION('',(-0.5752878561111737,0.8179510270248516,0));
#4328=FACE_SURFACE('',(#4333),#4329,.T.);
#4329=PLANE('',#4330);
#4330=AXIS2_PLACEMENT_3D('',#348,#4331,#4332);
#4331=DIRECTION('',(0,-0,-1));
#4332=DIRECTION('',(0.8819048020725494,-0.47142753428430284,0));
#4333=FACE_BOUND('',#4334,.T.);
#4334=EDGE_LOOP('',(#4335,#4336,#4337));
#4335=ORIENTED_EDGE('',*,*,#4338,.T.);
#4336=ORIENTED_EDGE('',*,*,#4339,.T.);
#4337=ORIENTED_EDGE('',*,*,#4340,.T.);
#4338=EDGE_CURVE('',#349,#239,#4341,.F.);
#4339=EDGE_CURVE('',#239,#79,#4342,.T.);
#4340=EDGE_CURVE('',#79,#349,#4343,.T.);
#4341=LINE('',#348,#4344);
#4342=LINE('',#238,#4345);
#4343=LINE('',#78,#4346);
#4344=VECTOR('',#4347,1.0);
#4345=VECTOR('',#4348,1.0);
#4346=VECTOR('',#4349,1.0);
#4347=DIRECTION('',(0.8819048020725494,-0.47142753428430284,0));
#4348=DIRECTION('',(-0.44340654154057496,-0.8963206116781128,0));
#4349=DIRECTION('',(0.39748462999486256,0.9176088321925892,0));
#4350=FACE_SURFACE('',(#4355),#4351,.T.);
#4351=PLANE('',#4352);
#4352=AXIS2_PLACEMENT_3D('',#350,#4353,#4354);
#4353=DIRECTION('',(0,-0,-1));
#4354=DIRECTION('',(0.7729827386850253,-0.6344270530919986,0));
#4355=FACE_BOUND('',#4356,.T.);
#4356=EDGE_LOOP('',(#4357,#4358,#4359));
#4357=ORIENTED_EDGE('',*,*,#4360,.T.);
#4358=ORIENTED_EDGE('',*,*,#4361,.T.);
#4359=ORIENTED_EDGE('',*,*,#4362,.T.);
#4360=EDGE_CURVE('',#351,#349,#4363,.F.);
#4361=EDGE_CURVE('',#349,#79,#4364,.T.);
#4362=EDGE_CURVE('',#79,#351,#4365,.T.);
#4363=LINE('',#350,#4366);
#4364=LINE('',#348,#4367);
#4365=LINE('',#78,#4368);
#4366=VECTOR('',#4369,1.0);
#4367=VECTOR('',#4370,1.0);
#4368=VECTOR('',#4371,1.0);
#4369=DIRECTION('',(0.7729827386850253,-0.6344270530919986,0));
#4370=DIRECTION('',(-0.39748462999486256,-0.9176088321925892,0));
#4371=DIRECTION('',(0.3530237664586923,0.9356143544833623,0));
#4372=FACE_SURFACE('',(#4377),#4373,.T.);
#4373=PLANE('',#4374);
#4374=AXIS2_PLACEMENT_3D('',#94,#4375,#4376);
#4375=DIRECTION('',(0,0,-1));
#4376=DIRECTION('',(0.5752878561111737,-0.8179510270248516,0));
#4377=FACE_BOUND('',#4378,.T.);
#4378=EDGE_LOOP('',(#4379,#4380,#4381));
#4379=ORIENTED_EDGE('',*,*,#4382,.T.);
#4380=ORIENTED_EDGE('',*,*,#4383,.T.);
#4381=ORIENTED_EDGE('',*,*,#4384,.T.);
#4382=EDGE_CURVE('',#95,#347,#4385,.F.);
#4383=EDGE_CURVE('',#347,#353,#4386,.T.);
#4384=EDGE_CURVE('',#353,#95,#4387,.T.);
#4385=LINE('',#94,#4388);
#4386=LINE('',#346,#4389);
#4387=LINE('',#352,#4390);
#4388=VECTOR('',#4391,1.0);
#4389=VECTOR('',#4392,1.0);
#4390=VECTOR('',#4393,1.0);
#4391=DIRECTION('',(0.5752878561111737,-0.8179510270248516,0));
#4392=DIRECTION('',(-0.6344818114630308,-0.772937792401556,0));
#4393=DIRECTION('',(-0.5110797762463111,0.8595332816779234,0));
#4394=FACE_SURFACE('',(#4399),#4395,.T.);
#4395=PLANE('',#4396);
#4396=AXIS2_PLACEMENT_3D('',#94,#4397,#4398);
#4397=DIRECTION('',(0,0,-1));
#4398=DIRECTION('',(0.5110797762463111,-0.8595332816779234,0));
#4399=FACE_BOUND('',#4400,.T.);
#4400=EDGE_LOOP('',(#4401,#4402,#4403));
#4401=ORIENTED_EDGE('',*,*,#4404,.T.);
#4402=ORIENTED_EDGE('',*,*,#4405,.T.);
#4403=ORIENTED_EDGE('',*,*,#4406,.T.);
#4404=EDGE_CURVE('',#95,#353,#4407,.F.);
#4405=EDGE_CURVE('',#353,#355,#4408,.T.);
#4406=EDGE_CURVE('',#355,#95,#4409,.T.);
#4407=LINE('',#94,#4410);
#4408=LINE('',#352,#4411);
#4409=LINE('',#354,#4412);
#4410=VECTOR('',#4413,1.0);
#4411=VECTOR('',#4414,1.0);
#4412=VECTOR('',#4415,1.0);
#4413=DIRECTION('',(0.5110797762463111,-0.8595332816779234,0));
#4414=DIRECTION('',(-0.4713451829756127,-0.8819488185182213,0));
#4415=DIRECTION('',(-0.45406122382349984,0.8909704849319677,0));
#4416=FACE_SURFACE('',(#4421),#4417,.T.);
#4417=PLANE('',#4418);
#4418=AXIS2_PLACEMENT_3D('',#356,#4419,#4420);
#4419=DIRECTION('',(0,-0,-1));
#4420=DIRECTION('',(0.6344676744897584,-0.7729493968091041,0));
#4421=FACE_BOUND('',#4422,.T.);
#4422=EDGE_LOOP('',(#4423,#4424,#4425));
#4423=ORIENTED_EDGE('',*,*,#4426,.T.);
#4424=ORIENTED_EDGE('',*,*,#4427,.T.);
#4425=ORIENTED_EDGE('',*,*,#4428,.T.);
#4426=EDGE_CURVE('',#357,#351,#4429,.F.);
#4427=EDGE_CURVE('',#351,#79,#4430,.T.);
#4428=EDGE_CURVE('',#79,#357,#4431,.T.);
#4429=LINE('',#356,#4432);
#4430=LINE('',#350,#4433);
#4431=LINE('',#78,#4434);
#4432=VECTOR('',#4435,1.0);
#4433=VECTOR('',#4436,1.0);
#4434=VECTOR('',#4437,1.0);
#4435=DIRECTION('',(0.6344676744897584,-0.7729493968091041,0));
#4436=DIRECTION('',(-0.3530237664586923,-0.9356143544833623,0));
#4437=DIRECTION('',(0.313288486885604,0.9496580036965563,0));
#4438=FACE_SURFACE('',(#4443),#4439,.T.);
#4439=PLANE('',#4440);
#4440=AXIS2_PLACEMENT_3D('',#358,#4441,#4442);
#4441=DIRECTION('',(0,-0,-1));
#4442=DIRECTION('',(0.4713571672912036,-0.8819424135640673,0));
#4443=FACE_BOUND('',#4444,.T.);
#4444=EDGE_LOOP('',(#4445,#4446,#4447));
#4445=ORIENTED_EDGE('',*,*,#4448,.T.);
#4446=ORIENTED_EDGE('',*,*,#4449,.T.);
#4447=ORIENTED_EDGE('',*,*,#4450,.T.);
#4448=EDGE_CURVE('',#359,#357,#4451,.F.);
#4449=EDGE_CURVE('',#357,#79,#4452,.T.);
#4450=EDGE_CURVE('',#79,#359,#4453,.T.);
#4451=LINE('',#358,#4454);
#4452=LINE('',#356,#4455);
#4453=LINE('',#78,#4456);
#4454=VECTOR('',#4457,1.0);
#4455=VECTOR('',#4458,1.0);
#4456=VECTOR('',#4459,1.0);
#4457=DIRECTION('',(0.4713571672912036,-0.8819424135640673,0));
#4458=DIRECTION('',(-0.313288486885604,-0.9496580036965563,0));
#4459=DIRECTION('',(0.2807834621610559,0.9597711432299113,0));
#4460=FACE_SURFACE('',(#4465),#4461,.T.);
#4461=PLANE('',#4462);
#4462=AXIS2_PLACEMENT_3D('',#94,#4463,#4464);
#4463=DIRECTION('',(0,0,-1));
#4464=DIRECTION('',(0.45406122382349984,-0.8909704849319677,0));
#4465=FACE_BOUND('',#4466,.T.);
#4466=EDGE_LOOP('',(#4467,#4468,#4469));
#4467=ORIENTED_EDGE('',*,*,#4470,.T.);
#4468=ORIENTED_EDGE('',*,*,#4471,.T.);
#4469=ORIENTED_EDGE('',*,*,#4472,.T.);
#4470=EDGE_CURVE('',#95,#355,#4473,.F.);
#4471=EDGE_CURVE('',#355,#361,#4474,.T.);
#4472=EDGE_CURVE('',#361,#95,#4475,.T.);
#4473=LINE('',#94,#4476);
#4474=LINE('',#354,#4477);
#4475=LINE('',#360,#4478);
#4476=VECTOR('',#4479,1.0);
#4477=VECTOR('',#4480,1.0);
#4478=VECTOR('',#4481,1.0);
#4479=DIRECTION('',(0.45406122382349984,-0.8909704849319677,0));
#4480=DIRECTION('',(-0.2901978243212921,-0.9569666779774458,0));
#4481=DIRECTION('',(-0.4090403503980568,0.9125162967017273,0));
#4482=FACE_SURFACE('',(#4487),#4483,.T.);
#4483=PLANE('',#4484);
#4484=AXIS2_PLACEMENT_3D('',#94,#4485,#4486);
#4485=DIRECTION('',(0,0,-1));
#4486=DIRECTION('',(0.4090403503980568,-0.9125162967017273,0));
#4487=FACE_BOUND('',#4488,.T.);
#4488=EDGE_LOOP('',(#4489,#4490,#4491));
#4489=ORIENTED_EDGE('',*,*,#4492,.T.);
#4490=ORIENTED_EDGE('',*,*,#4493,.T.);
#4491=ORIENTED_EDGE('',*,*,#4494,.T.);
#4492=EDGE_CURVE('',#95,#361,#4495,.F.);
#4493=EDGE_CURVE('',#361,#341,#4496,.T.);
#4494=EDGE_CURVE('',#341,#95,#4497,.T.);
#4495=LINE('',#94,#4498);
#4496=LINE('',#360,#4499);
#4497=LINE('',#340,#4500);
#4498=VECTOR('',#4501,1.0);
#4499=VECTOR('',#4502,1.0);
#4500=VECTOR('',#4503,1.0);
#4501=DIRECTION('',(0.4090403503980568,-0.9125162967017273,0));
#4502=DIRECTION('',(-0.09807643586469016,-0.9951788847880965,0));
#4503=DIRECTION('',(-0.37812369305533083,0.9257550824868304,0));
#4504=FACE_SURFACE('',(#4509),#4505,.T.);
#4505=PLANE('',#4506);
#4506=AXIS2_PLACEMENT_3D('',#362,#4507,#4508);
#4507=DIRECTION('',(0,-0,-1));
#4508=DIRECTION('',(0.2901978243212921,-0.9569666779774458,0));
#4509=FACE_BOUND('',#4510,.T.);
#4510=EDGE_LOOP('',(#4511,#4512,#4513));
#4511=ORIENTED_EDGE('',*,*,#4514,.T.);
#4512=ORIENTED_EDGE('',*,*,#4515,.T.);
#4513=ORIENTED_EDGE('',*,*,#4516,.T.);
#4514=EDGE_CURVE('',#363,#359,#4517,.F.);
#4515=EDGE_CURVE('',#359,#79,#4518,.T.);
#4516=EDGE_CURVE('',#79,#363,#4519,.T.);
#4517=LINE('',#362,#4520);
#4518=LINE('',#358,#4521);
#4519=LINE('',#78,#4522);
#4520=VECTOR('',#4523,1.0);
#4521=VECTOR('',#4524,1.0);
#4522=VECTOR('',#4525,1.0);
#4523=DIRECTION('',(0.2901978243212921,-0.9569666779774458,0));
#4524=DIRECTION('',(-0.2807834621610559,-0.9597711432299113,0));
#4525=DIRECTION('',(0.2569462261993867,0.9664257016666588,0));
#4526=FACE_SURFACE('',(#4531),#4527,.T.);
#4527=PLANE('',#4528);
#4528=AXIS2_PLACEMENT_3D('',#94,#4529,#4530);
#4529=DIRECTION('',(-3.5921041380480574E-08,-1.4671911699036118E-08,-0.9999999999999991));
#4530=DIRECTION('',(0.37812369305533083,-0.9257550824868304,0));
#4531=FACE_BOUND('',#4532,.T.);
#4532=EDGE_LOOP('',(#4533,#4534,#4535));
#4533=ORIENTED_EDGE('',*,*,#4536,.T.);
#4534=ORIENTED_EDGE('',*,*,#4537,.T.);
#4535=ORIENTED_EDGE('',*,*,#4538,.T.);
#4536=EDGE_CURVE('',#95,#341,#4539,.F.);
#4537=EDGE_CURVE('',#341,#345,#4540,.T.);
#4538=EDGE_CURVE('',#345,#95,#4541,.T.);
#4539=LINE('',#94,#4542);
#4540=LINE('',#340,#4543);
#4541=LINE('',#344,#4544);
#4542=VECTOR('',#4545,1.0);
#4543=VECTOR('',#4546,1.0);
#4544=VECTOR('',#4547,1.0);
#4545=DIRECTION('',(0.37812369305533083,-0.9257550824868304,0));
#4546=DIRECTION('',(0,-1,1.4671911699036132E-08));
#4547=DIRECTION('',(-0.011058303846523608,0.9999388550886688,-1.4273788796227332E-08));
#4548=FACE_SURFACE('',(#4553),#4549,.T.);
#4549=PLANE('',#4550);
#4550=AXIS2_PLACEMENT_3D('',#344,#4551,#4552);
#4551=DIRECTION('',(0,-0,-1));
#4552=DIRECTION('',(0.09807362212579283,-0.9951791620824499,0));
#4553=FACE_BOUND('',#4554,.T.);
#4554=EDGE_LOOP('',(#4555,#4556,#4557));
#4555=ORIENTED_EDGE('',*,*,#4558,.T.);
#4556=ORIENTED_EDGE('',*,*,#4559,.T.);
#4557=ORIENTED_EDGE('',*,*,#4560,.T.);
#4558=EDGE_CURVE('',#345,#363,#4561,.F.);
#4559=EDGE_CURVE('',#363,#79,#4562,.T.);
#4560=EDGE_CURVE('',#79,#345,#4563,.T.);
#4561=LINE('',#344,#4564);
#4562=LINE('',#362,#4565);
#4563=LINE('',#78,#4566);
#4564=VECTOR('',#4567,1.0);
#4565=VECTOR('',#4568,1.0);
#4566=VECTOR('',#4569,1.0);
#4567=DIRECTION('',(0.09807362212579283,-0.9951791620824499,0));
#4568=DIRECTION('',(-0.2569462261993867,-0.9664257016666588,0));
#4569=DIRECTION('',(0.2422222221896146,0.9702207970753487,0));
#4570=FACE_SURFACE('',(#4575),#4571,.T.);
#4571=PLANE('',#4572);
#4572=AXIS2_PLACEMENT_3D('',#344,#4573,#4574);
#4573=DIRECTION('',(5.47518123540754E-08,-1.3669162418792167E-08,-0.9999999999999983));
#4574=DIRECTION('',(-0.2422222221896146,-0.9702207970753487,0));
#4575=FACE_BOUND('',#4576,.T.);
#4576=EDGE_LOOP('',(#4577,#4578,#4579));
#4577=ORIENTED_EDGE('',*,*,#4580,.T.);
#4578=ORIENTED_EDGE('',*,*,#4581,.T.);
#4579=ORIENTED_EDGE('',*,*,#4582,.T.);
#4580=EDGE_CURVE('',#345,#79,#4583,.F.);
#4581=EDGE_CURVE('',#79,#95,#4584,.T.);
#4582=EDGE_CURVE('',#95,#345,#4585,.T.);
#4583=LINE('',#344,#4586);
#4584=LINE('',#78,#4587);
#4585=LINE('',#94,#4588);
#4586=VECTOR('',#4589,1.0);
#4587=VECTOR('',#4590,1.0);
#4588=VECTOR('',#4591,1.0);
#4589=DIRECTION('',(-0.2422222221896146,-0.9702207970753487,0));
#4590=DIRECTION('',(0,1,-1.3669162418792189E-08));
#4591=DIRECTION('',(0.011058303846523608,-0.9999388550886688,1.4273788796227332E-08));
#4592=FACE_SURFACE('',(#4597),#4593,.T.);
#4593=PLANE('',#4594);
#4594=AXIS2_PLACEMENT_3D('',#68,#4595,#4596);
#4595=DIRECTION('',(NaN,NaN,NaN));
#4596=DIRECTION('',(1,0,0));
#4597=FACE_BOUND('',#4598,.T.);
#4598=EDGE_LOOP('',(#4599,#4600,#4601));
#4599=ORIENTED_EDGE('',*,*,#4602,.T.);
#4600=ORIENTED_EDGE('',*,*,#4603,.T.);
#4601=ORIENTED_EDGE('',*,*,#4604,.T.);
#4602=EDGE_CURVE('',#69,#71,#4605,.F.);
#4603=EDGE_CURVE('',#71,#55,#4606,.T.);
#4604=EDGE_CURVE('',#55,#69,#4607,.T.);
#4605=LINE('',#68,#4608);
#4606=LINE('',#70,#4609);
#4607=LINE('',#54,#4610);
#4608=VECTOR('',#4611,1.0);
#4609=VECTOR('',#4612,1.0);
#4610=VECTOR('',#4613,1.0);
#4611=DIRECTION('',(1,0,0));
#4612=DIRECTION('',(1,0,0));
#4613=DIRECTION('',(-1,0,0));
#4614=FACE_SURFACE('',(#4619),#4615,.T.);
#4615=PLANE('',#4616);
#4616=AXIS2_PLACEMENT_3D('',#44,#4617,#4618);
#4617=DIRECTION('',(0,-0.6492122024134117,-0.7606073338047217));
#4618=DIRECTION('',(1,0,0));
#4619=FACE_BOUND('',#4620,.T.);
#4620=EDGE_LOOP('',(#4621,#4622,#4623));
#4621=ORIENTED_EDGE('',*,*,#4624,.T.);
#4622=ORIENTED_EDGE('',*,*,#4625,.T.);
#4623=ORIENTED_EDGE('',*,*,#4626,.T.);
#4624=EDGE_CURVE('',#45,#43,#4627,.F.);
#4625=EDGE_CURVE('',#43,#365,#4628,.T.);
#4626=EDGE_CURVE('',#365,#45,#4629,.T.);
#4627=LINE('',#44,#4630);
#4628=LINE('',#42,#4631);
#4629=LINE('',#364,#4632);
#4630=VECTOR('',#4633,1.0);
#4631=VECTOR('',#4634,1.0);
#4632=VECTOR('',#4635,1.0);
#4633=DIRECTION('',(1,0,0));
#4634=DIRECTION('',(0,-0.7606073338047216,0.6492122024134117));
#4635=DIRECTION('',(-0.9999999839457709,0.00013629195860621893,-0.00011633125094307584));
#4636=FACE_SURFACE('',(#4641),#4637,.T.);
#4637=PLANE('',#4638);
#4638=AXIS2_PLACEMENT_3D('',#68,#4639,#4640);
#4639=DIRECTION('',(0,0,-1));
#4640=DIRECTION('',(1,0,0));
#4641=FACE_BOUND('',#4642,.T.);
#4642=EDGE_LOOP('',(#4643,#4644,#4645));
#4643=ORIENTED_EDGE('',*,*,#4646,.T.);
#4644=ORIENTED_EDGE('',*,*,#4647,.T.);
#4645=ORIENTED_EDGE('',*,*,#4648,.T.);
#4646=EDGE_CURVE('',#69,#55,#4649,.F.);
#4647=EDGE_CURVE('',#55,#45,#4650,.T.);
#4648=EDGE_CURVE('',#45,#69,#4651,.T.);
#4649=LINE('',#68,#4652);
#4650=LINE('',#54,#4653);
#4651=LINE('',#44,#4654);
#4652=VECTOR('',#4655,1.0);
#4653=VECTOR('',#4656,1.0);
#4654=VECTOR('',#4657,1.0);
#4655=DIRECTION('',(1,0,0));
#4656=DIRECTION('',(0,-1,0));
#4657=DIRECTION('',(-0.9952580000895824,0.0972703102579854,0));
#4658=FACE_SURFACE('',(#4663),#4659,.T.);
#4659=PLANE('',#4660);
#4660=AXIS2_PLACEMENT_3D('',#80,#4661,#4662);
#4661=DIRECTION('',(-0.00858493455209804,-0.012042525903280536,-0.9998906322536505));
#4662=DIRECTION('',(-0.8142726251011329,0.5804826371313011,0));
#4663=FACE_BOUND('',#4664,.T.);
#4664=EDGE_LOOP('',(#4665,#4666,#4667));
#4665=ORIENTED_EDGE('',*,*,#4668,.T.);
#4666=ORIENTED_EDGE('',*,*,#4669,.T.);
#4667=ORIENTED_EDGE('',*,*,#4670,.T.);
#4668=EDGE_CURVE('',#81,#79,#4671,.F.);
#4669=EDGE_CURVE('',#79,#69,#4672,.T.);
#4670=EDGE_CURVE('',#69,#81,#4673,.T.);
#4671=LINE('',#80,#4674);
#4672=LINE('',#78,#4675);
#4673=LINE('',#68,#4676);
#4674=VECTOR('',#4677,1.0);
#4675=VECTOR('',#4678,1.0);
#4676=VECTOR('',#4679,1.0);
#4677=DIRECTION('',(-0.8142726251011329,0.5804826371313011,0));
#4678=DIRECTION('',(0.9989362649272254,0.04520114480668964,-0.009121135971395331));
#4679=DIRECTION('',(-0.33074553903473897,-0.9436130676936705,0.014204467126944426));
#4680=FACE_SURFACE('',(#4685),#4681,.T.);
#4681=PLANE('',#4682);
#4682=AXIS2_PLACEMENT_3D('',#366,#4683,#4684);
#4683=DIRECTION('',(0,-0,-1));
#4684=DIRECTION('',(0,-1,0));
#4685=FACE_BOUND('',#4686,.T.);
#4686=EDGE_LOOP('',(#4687,#4688,#4689));
#4687=ORIENTED_EDGE('',*,*,#4690,.T.);
#4688=ORIENTED_EDGE('',*,*,#4691,.T.);
#4689=ORIENTED_EDGE('',*,*,#4692,.T.);
#4690=EDGE_CURVE('',#367,#85,#4693,.F.);
#4691=EDGE_CURVE('',#85,#81,#4694,.T.);
#4692=EDGE_CURVE('',#81,#367,#4695,.T.);
#4693=LINE('',#366,#4696);
#4694=LINE('',#84,#4697);
#4695=LINE('',#80,#4698);
#4696=VECTOR('',#4699,1.0);
#4697=VECTOR('',#4700,1.0);
#4698=VECTOR('',#4701,1.0);
#4699=DIRECTION('',(0,-1,0));
#4700=DIRECTION('',(-1,0,0));
#4701=DIRECTION('',(0.9999747919362674,0.0071003867513319665,0));
#4702=FACE_SURFACE('',(#4707),#4703,.T.);
#4703=PLANE('',#4704);
#4704=AXIS2_PLACEMENT_3D('',#44,#4705,#4706);
#4705=DIRECTION('',(0.00011412543198266707,-0.01607424367448945,-0.9998707944858071));
#4706=DIRECTION('',(0.9999999839457709,-0.00013629195860621893,0.00011633125094307584));
#4707=FACE_BOUND('',#4708,.T.);
#4708=EDGE_LOOP('',(#4709,#4710,#4711));
#4709=ORIENTED_EDGE('',*,*,#4712,.T.);
#4710=ORIENTED_EDGE('',*,*,#4713,.T.);
#4711=ORIENTED_EDGE('',*,*,#4714,.T.);
#4712=EDGE_CURVE('',#45,#365,#4715,.F.);
#4713=EDGE_CURVE('',#365,#367,#4716,.T.);
#4714=EDGE_CURVE('',#367,#45,#4717,.T.);
#4715=LINE('',#44,#4718);
#4716=LINE('',#364,#4719);
#4717=LINE('',#366,#4720);
#4718=VECTOR('',#4721,1.0);
#4719=VECTOR('',#4722,1.0);
#4720=VECTOR('',#4723,1.0);
#4721=DIRECTION('',(0.9999999839457709,-0.00013629195860621893,0.00011633125094307584));
#4722=DIRECTION('',(0,-0.9998708009972728,0.016074243779169863));
#4723=DIRECTION('',(-0.9999747736277989,0.007099295867690177,-0.0002282678581725791));
#4724=FACE_SURFACE('',(#4729),#4725,.T.);
#4725=PLANE('',#4726);
#4726=AXIS2_PLACEMENT_3D('',#80,#4727,#4728);
#4727=DIRECTION('',(-0.0014223316493402242,-0.014553124679380329,-0.9998930860520767));
#4728=DIRECTION('',(0.33074553903473897,0.9436130676936705,-0.014204467126944426));
#4729=FACE_BOUND('',#4730,.T.);
#4730=EDGE_LOOP('',(#4731,#4732,#4733));
#4731=ORIENTED_EDGE('',*,*,#4734,.T.);
#4732=ORIENTED_EDGE('',*,*,#4735,.T.);
#4733=ORIENTED_EDGE('',*,*,#4736,.T.);
#4734=EDGE_CURVE('',#81,#69,#4737,.F.);
#4735=EDGE_CURVE('',#69,#45,#4738,.T.);
#4736=EDGE_CURVE('',#45,#81,#4739,.T.);
#4737=LINE('',#80,#4740);
#4738=LINE('',#68,#4741);
#4739=LINE('',#44,#4742);
#4740=VECTOR('',#4743,1.0);
#4741=VECTOR('',#4744,1.0);
#4742=VECTOR('',#4745,1.0);
#4743=DIRECTION('',(0.33074553903473897,0.9436130676936705,-0.014204467126944426));
#4744=DIRECTION('',(0.9952580000895824,-0.0972703102579854,0));
#4745=DIRECTION('',(-0.7034098440864147,-0.7106939519053214,0.011344512661297133));
#4746=FACE_SURFACE('',(#4751),#4747,.T.);
#4747=PLANE('',#4748);
#4748=AXIS2_PLACEMENT_3D('',#44,#4749,#4750);
#4749=DIRECTION('',(0.0001141308289596183,-0.016073483873395866,-0.9998708066997084));
#4750=DIRECTION('',(0.9999747736277989,-0.007099295867690177,0.0002282678581725791));
#4751=FACE_BOUND('',#4752,.T.);
#4752=EDGE_LOOP('',(#4753,#4754,#4755));
#4753=ORIENTED_EDGE('',*,*,#4756,.T.);
#4754=ORIENTED_EDGE('',*,*,#4757,.T.);
#4755=ORIENTED_EDGE('',*,*,#4758,.T.);
#4756=EDGE_CURVE('',#45,#367,#4759,.F.);
#4757=EDGE_CURVE('',#367,#81,#4760,.T.);
#4758=EDGE_CURVE('',#81,#45,#4761,.T.);
#4759=LINE('',#44,#4762);
#4760=LINE('',#366,#4763);
#4761=LINE('',#80,#4764);
#4762=VECTOR('',#4765,1.0);
#4763=VECTOR('',#4766,1.0);
#4764=VECTOR('',#4767,1.0);
#4765=DIRECTION('',(0.9999747736277989,-0.007099295867690177,0.0002282678581725791));
#4766=DIRECTION('',(-0.9999747919362674,-0.0071003867513319665,0));
#4767=DIRECTION('',(0.7034098440864147,0.7106939519053214,-0.011344512661297133));
#4768=FACE_SURFACE('',(#4773),#4769,.T.);
#4769=PLANE('',#4770);
#4770=AXIS2_PLACEMENT_3D('',#310,#4771,#4772);
#4771=DIRECTION('',(-0.09800808432210117,-0.9951856185694767,0));
#4772=DIRECTION('',(0,0,1));
#4773=FACE_BOUND('',#4774,.T.);
#4774=EDGE_LOOP('',(#4775,#4776,#4777));
#4775=ORIENTED_EDGE('',*,*,#4778,.T.);
#4776=ORIENTED_EDGE('',*,*,#4779,.T.);
#4777=ORIENTED_EDGE('',*,*,#4780,.T.);
#4778=EDGE_CURVE('',#311,#167,#4781,.F.);
#4779=EDGE_CURVE('',#167,#163,#4782,.T.);
#4780=EDGE_CURVE('',#163,#311,#4783,.T.);
#4781=LINE('',#310,#4784);
#4782=LINE('',#166,#4785);
#4783=LINE('',#162,#4786);
#4784=VECTOR('',#4787,1.0);
#4785=VECTOR('',#4788,1.0);
#4786=VECTOR('',#4789,1.0);
#4787=DIRECTION('',(0,0,1));
#4788=DIRECTION('',(-0.9951856185694766,0.09800808432210116,0));
#4789=DIRECTION('',(0.03926334692308984,-0.003866741383921488,-0.9992214158530967));
#4790=FACE_SURFACE('',(#4795),#4791,.T.);
#4791=PLANE('',#4792);
#4792=AXIS2_PLACEMENT_3D('',#310,#4793,#4794);
#4793=DIRECTION('',(-0.09800808432210117,-0.9951856185694767,0));
#4794=DIRECTION('',(-0.03926334692308984,0.003866741383921488,0.9992214158530967));
#4795=FACE_BOUND('',#4796,.T.);
#4796=EDGE_LOOP('',(#4797,#4798,#4799));
#4797=ORIENTED_EDGE('',*,*,#4800,.T.);
#4798=ORIENTED_EDGE('',*,*,#4801,.T.);
#4799=ORIENTED_EDGE('',*,*,#4802,.T.);
#4800=EDGE_CURVE('',#311,#163,#4803,.F.);
#4801=EDGE_CURVE('',#163,#315,#4804,.T.);
#4802=EDGE_CURVE('',#315,#311,#4805,.T.);
#4803=LINE('',#310,#4806);
#4804=LINE('',#162,#4807);
#4805=LINE('',#314,#4808);
#4806=VECTOR('',#4809,1.0);
#4807=VECTOR('',#4810,1.0);
#4808=VECTOR('',#4811,1.0);
#4809=DIRECTION('',(-0.03926334692308984,0.003866741383921488,0.9992214158530967));
#4810=DIRECTION('',(0,0,-1));
#4811=DIRECTION('',(0.9951856185694766,-0.09800808432210116,0));
#4812=FACE_SURFACE('',(#4817),#4813,.T.);
#4813=PLANE('',#4814);
#4814=AXIS2_PLACEMENT_3D('',#306,#4815,#4816);
#4815=DIRECTION('',(-0.2903062434604989,-0.956933793429751,0));
#4816=DIRECTION('',(0,0,1));
#4817=FACE_BOUND('',#4818,.T.);
#4818=EDGE_LOOP('',(#4819,#4820,#4821));
#4819=ORIENTED_EDGE('',*,*,#4822,.T.);
#4820=ORIENTED_EDGE('',*,*,#4823,.T.);
#4821=ORIENTED_EDGE('',*,*,#4824,.T.);
#4822=EDGE_CURVE('',#307,#171,#4825,.F.);
#4823=EDGE_CURVE('',#171,#167,#4826,.T.);
#4824=EDGE_CURVE('',#167,#307,#4827,.T.);
#4825=LINE('',#306,#4828);
#4826=LINE('',#170,#4829);
#4827=LINE('',#166,#4830);
#4828=VECTOR('',#4831,1.0);
#4829=VECTOR('',#4832,1.0);
#4830=VECTOR('',#4833,1.0);
#4831=DIRECTION('',(0,0,1));
#4832=DIRECTION('',(-0.9569337934297512,0.2903062434604989,0));
#4833=DIRECTION('',(0.03774850298074046,-0.01145181220669336,-0.9992216503458557));
#4834=FACE_SURFACE('',(#4839),#4835,.T.);
#4835=PLANE('',#4836);
#4836=AXIS2_PLACEMENT_3D('',#306,#4837,#4838);
#4837=DIRECTION('',(-0.2903062434604989,-0.956933793429751,0));
#4838=DIRECTION('',(-0.03774850298074046,0.01145181220669336,0.9992216503458557));
#4839=FACE_BOUND('',#4840,.T.);
#4840=EDGE_LOOP('',(#4841,#4842,#4843));
#4841=ORIENTED_EDGE('',*,*,#4844,.T.);
#4842=ORIENTED_EDGE('',*,*,#4845,.T.);
#4843=ORIENTED_EDGE('',*,*,#4846,.T.);
#4844=EDGE_CURVE('',#307,#167,#4847,.F.);
#4845=EDGE_CURVE('',#167,#311,#4848,.T.);
#4846=EDGE_CURVE('',#311,#307,#4849,.T.);
#4847=LINE('',#306,#4850);
#4848=LINE('',#166,#4851);
#4849=LINE('',#310,#4852);
#4850=VECTOR('',#4853,1.0);
#4851=VECTOR('',#4854,1.0);
#4852=VECTOR('',#4855,1.0);
#4853=DIRECTION('',(-0.03774850298074046,0.01145181220669336,0.9992216503458557));
#4854=DIRECTION('',(0,0,-1));
#4855=DIRECTION('',(0.9569337934297512,-0.2903062434604989,0));
#4856=FACE_SURFACE('',(#4861),#4857,.T.);
#4857=PLANE('',#4858);
#4858=AXIS2_PLACEMENT_3D('',#302,#4859,#4860);
#4859=DIRECTION('',(-0.47139080224195967,-0.8819244364239385,0));
#4860=DIRECTION('',(0,0,1));
#4861=FACE_BOUND('',#4862,.T.);
#4862=EDGE_LOOP('',(#4863,#4864,#4865));
#4863=ORIENTED_EDGE('',*,*,#4866,.T.);
#4864=ORIENTED_EDGE('',*,*,#4867,.T.);
#4865=ORIENTED_EDGE('',*,*,#4868,.T.);
#4866=EDGE_CURVE('',#303,#175,#4869,.F.);
#4867=EDGE_CURVE('',#175,#171,#4870,.T.);
#4868=EDGE_CURVE('',#171,#303,#4871,.T.);
#4869=LINE('',#302,#4872);
#4870=LINE('',#174,#4873);
#4871=LINE('',#170,#4874);
#4872=VECTOR('',#4875,1.0);
#4873=VECTOR('',#4876,1.0);
#4874=VECTOR('',#4877,1.0);
#4875=DIRECTION('',(0,0,1));
#4876=DIRECTION('',(-0.8819244364239385,0.47139080224195967,0));
#4877=DIRECTION('',(0.0347915792927979,-0.01859618556505573,-0.9992215609627041));
#4878=FACE_SURFACE('',(#4883),#4879,.T.);
#4879=PLANE('',#4880);
#4880=AXIS2_PLACEMENT_3D('',#302,#4881,#4882);
#4881=DIRECTION('',(-0.47139080224195967,-0.8819244364239385,0));
#4882=DIRECTION('',(-0.0347915792927979,0.01859618556505573,0.9992215609627041));
#4883=FACE_BOUND('',#4884,.T.);
#4884=EDGE_LOOP('',(#4885,#4886,#4887));
#4885=ORIENTED_EDGE('',*,*,#4888,.T.);
#4886=ORIENTED_EDGE('',*,*,#4889,.T.);
#4887=ORIENTED_EDGE('',*,*,#4890,.T.);
#4888=EDGE_CURVE('',#303,#171,#4891,.F.);
#4889=EDGE_CURVE('',#171,#307,#4892,.T.);
#4890=EDGE_CURVE('',#307,#303,#4893,.T.);
#4891=LINE('',#302,#4894);
#4892=LINE('',#170,#4895);
#4893=LINE('',#306,#4896);
#4894=VECTOR('',#4897,1.0);
#4895=VECTOR('',#4898,1.0);
#4896=VECTOR('',#4899,1.0);
#4897=DIRECTION('',(-0.0347915792927979,0.01859618556505573,0.9992215609627041));
#4898=DIRECTION('',(0,0,-1));
#4899=DIRECTION('',(0.8819244364239385,-0.47139080224195967,0));
#4900=FACE_SURFACE('',(#4905),#4901,.T.);
#4901=PLANE('',#4902);
#4902=AXIS2_PLACEMENT_3D('',#298,#4903,#4904);
#4903=DIRECTION('',(-0.6343987776610048,-0.7730059449332992,0));
#4904=DIRECTION('',(0,0,1));
#4905=FACE_BOUND('',#4906,.T.);
#4906=EDGE_LOOP('',(#4907,#4908,#4909));
#4907=ORIENTED_EDGE('',*,*,#4910,.T.);
#4908=ORIENTED_EDGE('',*,*,#4911,.T.);
#4909=ORIENTED_EDGE('',*,*,#4912,.T.);
#4910=EDGE_CURVE('',#299,#179,#4913,.F.);
#4911=EDGE_CURVE('',#179,#175,#4914,.T.);
#4912=EDGE_CURVE('',#175,#299,#4915,.T.);
#4913=LINE('',#298,#4916);
#4914=LINE('',#178,#4917);
#4915=LINE('',#174,#4918);
#4916=VECTOR('',#4919,1.0);
#4917=VECTOR('',#4920,1.0);
#4918=VECTOR('',#4921,1.0);
#4919=DIRECTION('',(0,0,1));
#4920=DIRECTION('',(-0.7730059449332992,0.6343987776610048,0));
#4921=DIRECTION('',(0.03049494637637009,-0.025026918399283962,-0.9992215528104555));
#4922=FACE_SURFACE('',(#4927),#4923,.T.);
#4923=PLANE('',#4924);
#4924=AXIS2_PLACEMENT_3D('',#298,#4925,#4926);
#4925=DIRECTION('',(-0.6343987776610048,-0.7730059449332992,0));
#4926=DIRECTION('',(-0.03049494637637009,0.025026918399283962,0.9992215528104555));
#4927=FACE_BOUND('',#4928,.T.);
#4928=EDGE_LOOP('',(#4929,#4930,#4931));
#4929=ORIENTED_EDGE('',*,*,#4932,.T.);
#4930=ORIENTED_EDGE('',*,*,#4933,.T.);
#4931=ORIENTED_EDGE('',*,*,#4934,.T.);
#4932=EDGE_CURVE('',#299,#175,#4935,.F.);
#4933=EDGE_CURVE('',#175,#303,#4936,.T.);
#4934=EDGE_CURVE('',#303,#299,#4937,.T.);
#4935=LINE('',#298,#4938);
#4936=LINE('',#174,#4939);
#4937=LINE('',#302,#4940);
#4938=VECTOR('',#4941,1.0);
#4939=VECTOR('',#4942,1.0);
#4940=VECTOR('',#4943,1.0);
#4941=DIRECTION('',(-0.03049494637637009,0.025026918399283962,0.9992215528104555));
#4942=DIRECTION('',(0,0,-1));
#4943=DIRECTION('',(0.7730059449332992,-0.6343987776610048,0));
#4944=FACE_SURFACE('',(#4949),#4945,.T.);
#4945=PLANE('',#4946);
#4946=AXIS2_PLACEMENT_3D('',#182,#4947,#4948);
#4947=DIRECTION('',(-0.7729776706046015,-0.6344332279654684,0));
#4948=DIRECTION('',(-0.6344332279654685,0.7729776706046017,0));
#4949=FACE_BOUND('',#4950,.T.);
#4950=EDGE_LOOP('',(#4951,#4952,#4953));
#4951=ORIENTED_EDGE('',*,*,#4954,.T.);
#4952=ORIENTED_EDGE('',*,*,#4955,.T.);
#4953=ORIENTED_EDGE('',*,*,#4956,.T.);
#4954=EDGE_CURVE('',#183,#179,#4957,.F.);
#4955=EDGE_CURVE('',#179,#299,#4958,.T.);
#4956=EDGE_CURVE('',#299,#183,#4959,.T.);
#4957=LINE('',#182,#4960);
#4958=LINE('',#178,#4961);
#4959=LINE('',#298,#4962);
#4960=VECTOR('',#4963,1.0);
#4961=VECTOR('',#4964,1.0);
#4962=VECTOR('',#4965,1.0);
#4963=DIRECTION('',(-0.6344332279654685,0.7729776706046017,0));
#4964=DIRECTION('',(0,0,-1));
#4965=DIRECTION('',(0.02502919152849756,-0.030494944640364122,0.9992214959271097));
#4966=FACE_SURFACE('',(#4971),#4967,.T.);
#4967=PLANE('',#4968);
#4968=AXIS2_PLACEMENT_3D('',#182,#4969,#4970);
#4969=DIRECTION('',(-0.7729776706046015,-0.6344332279654684,-0));
#4970=DIRECTION('',(-0.02502919152849756,0.030494944640364122,-0.9992214959271097));
#4971=FACE_BOUND('',#4972,.T.);
#4972=EDGE_LOOP('',(#4973,#4974,#4975));
#4973=ORIENTED_EDGE('',*,*,#4976,.T.);
#4974=ORIENTED_EDGE('',*,*,#4977,.T.);
#4975=ORIENTED_EDGE('',*,*,#4978,.T.);
#4976=EDGE_CURVE('',#183,#299,#4979,.F.);
#4977=EDGE_CURVE('',#299,#295,#4980,.T.);
#4978=EDGE_CURVE('',#295,#183,#4981,.T.);
#4979=LINE('',#182,#4982);
#4980=LINE('',#298,#4983);
#4981=LINE('',#294,#4984);
#4982=VECTOR('',#4985,1.0);
#4983=VECTOR('',#4986,1.0);
#4984=VECTOR('',#4987,1.0);
#4985=DIRECTION('',(-0.02502919152849756,0.030494944640364122,-0.9992214959271097));
#4986=DIRECTION('',(0.6344332279654685,-0.7729776706046017,0));
#4987=DIRECTION('',(0,0,1));
#4988=FACE_SURFACE('',(#4993),#4989,.T.);
#4989=PLANE('',#4990);
#4990=AXIS2_PLACEMENT_3D('',#186,#4991,#4992);
#4991=DIRECTION('',(-0.8819424135640673,-0.47135716729120364,0));
#4992=DIRECTION('',(-0.4713571672912036,0.8819424135640673,0));
#4993=FACE_BOUND('',#4994,.T.);
#4994=EDGE_LOOP('',(#4995,#4996,#4997));
#4995=ORIENTED_EDGE('',*,*,#4998,.T.);
#4996=ORIENTED_EDGE('',*,*,#4999,.T.);
#4997=ORIENTED_EDGE('',*,*,#5000,.T.);
#4998=EDGE_CURVE('',#187,#183,#5001,.F.);
#4999=EDGE_CURVE('',#183,#295,#5002,.T.);
#5000=EDGE_CURVE('',#295,#187,#5003,.T.);
#5001=LINE('',#186,#5004);
#5002=LINE('',#182,#5005);
#5003=LINE('',#294,#5006);
#5004=VECTOR('',#5007,1.0);
#5005=VECTOR('',#5008,1.0);
#5006=VECTOR('',#5009,1.0);
#5007=DIRECTION('',(-0.4713571672912036,0.8819424135640673,0));
#5008=DIRECTION('',(0,0,-1));
#5009=DIRECTION('',(0.018594480239346917,-0.03479158039645877,0.9992215926600793));
#5010=FACE_SURFACE('',(#5015),#5011,.T.);
#5011=PLANE('',#5012);
#5012=AXIS2_PLACEMENT_3D('',#186,#5013,#5014);
#5013=DIRECTION('',(-0.8819424135640673,-0.47135716729120364,-0));
#5014=DIRECTION('',(-0.018594480239346917,0.03479158039645877,-0.9992215926600793));
#5015=FACE_BOUND('',#5016,.T.);
#5016=EDGE_LOOP('',(#5017,#5018,#5019));
#5017=ORIENTED_EDGE('',*,*,#5020,.T.);
#5018=ORIENTED_EDGE('',*,*,#5021,.T.);
#5019=ORIENTED_EDGE('',*,*,#5022,.T.);
#5020=EDGE_CURVE('',#187,#295,#5023,.F.);
#5021=EDGE_CURVE('',#295,#291,#5024,.T.);
#5022=EDGE_CURVE('',#291,#187,#5025,.T.);
#5023=LINE('',#186,#5026);
#5024=LINE('',#294,#5027);
#5025=LINE('',#290,#5028);
#5026=VECTOR('',#5029,1.0);
#5027=VECTOR('',#5030,1.0);
#5028=VECTOR('',#5031,1.0);
#5029=DIRECTION('',(-0.018594480239346917,0.03479158039645877,-0.9992215926600793));
#5030=DIRECTION('',(0.4713571672912036,-0.8819424135640673,0));
#5031=DIRECTION('',(0,0,1));
#5032=FACE_SURFACE('',(#5037),#5033,.T.);
#5033=PLANE('',#5034);
#5034=AXIS2_PLACEMENT_3D('',#190,#5035,#5036);
#5035=DIRECTION('',(-0.9569506643238057,-0.2902506262701716,0));
#5036=DIRECTION('',(-0.2902506262701716,0.9569506643238057,0));
#5037=FACE_BOUND('',#5038,.T.);
#5038=EDGE_LOOP('',(#5039,#5040,#5041));
#5039=ORIENTED_EDGE('',*,*,#5042,.T.);
#5040=ORIENTED_EDGE('',*,*,#5043,.T.);
#5041=ORIENTED_EDGE('',*,*,#5044,.T.);
#5042=EDGE_CURVE('',#191,#187,#5045,.F.);
#5043=EDGE_CURVE('',#187,#291,#5046,.T.);
#5044=EDGE_CURVE('',#291,#191,#5047,.T.);
#5045=LINE('',#190,#5048);
#5046=LINE('',#186,#5049);
#5047=LINE('',#290,#5050);
#5048=VECTOR('',#5051,1.0);
#5049=VECTOR('',#5052,1.0);
#5050=VECTOR('',#5053,1.0);
#5051=DIRECTION('',(-0.2902506262701716,0.9569506643238057,0));
#5052=DIRECTION('',(0,0,-1));
#5053=DIRECTION('',(0.011450105531499876,-0.037750775031049545,0.9992215840682549));
#5054=FACE_SURFACE('',(#5059),#5055,.T.);
#5055=PLANE('',#5056);
#5056=AXIS2_PLACEMENT_3D('',#190,#5057,#5058);
#5057=DIRECTION('',(-0.9569506643238057,-0.2902506262701716,-0));
#5058=DIRECTION('',(-0.011450105531499876,0.037750775031049545,-0.9992215840682549));
#5059=FACE_BOUND('',#5060,.T.);
#5060=EDGE_LOOP('',(#5061,#5062,#5063));
#5061=ORIENTED_EDGE('',*,*,#5064,.T.);
#5062=ORIENTED_EDGE('',*,*,#5065,.T.);
#5063=ORIENTED_EDGE('',*,*,#5066,.T.);
#5064=EDGE_CURVE('',#191,#291,#5067,.F.);
#5065=EDGE_CURVE('',#291,#287,#5068,.T.);
#5066=EDGE_CURVE('',#287,#191,#5069,.T.);
#5067=LINE('',#190,#5070);
#5068=LINE('',#290,#5071);
#5069=LINE('',#286,#5072);
#5070=VECTOR('',#5073,1.0);
#5071=VECTOR('',#5074,1.0);
#5072=VECTOR('',#5075,1.0);
#5073=DIRECTION('',(-0.011450105531499876,0.037750775031049545,-0.9992215840682549));
#5074=DIRECTION('',(0.2902506262701716,-0.9569506643238057,0));
#5075=DIRECTION('',(0,0,1));
#5076=FACE_SURFACE('',(#5081),#5077,.T.);
#5077=PLANE('',#5078);
#5078=AXIS2_PLACEMENT_3D('',#194,#5079,#5080);
#5079=DIRECTION('',(-0.995184510820053,-0.09801933188841773,0));
#5080=DIRECTION('',(-0.09801933188841773,0.995184510820053,0));
#5081=FACE_BOUND('',#5082,.T.);
#5082=EDGE_LOOP('',(#5083,#5084,#5085));
#5083=ORIENTED_EDGE('',*,*,#5086,.T.);
#5084=ORIENTED_EDGE('',*,*,#5087,.T.);
#5085=ORIENTED_EDGE('',*,*,#5088,.T.);
#5086=EDGE_CURVE('',#195,#191,#5089,.F.);
#5087=EDGE_CURVE('',#191,#287,#5090,.T.);
#5088=EDGE_CURVE('',#287,#195,#5091,.T.);
#5089=LINE('',#194,#5092);
#5090=LINE('',#190,#5093);
#5091=LINE('',#286,#5094);
#5092=VECTOR('',#5095,1.0);
#5093=VECTOR('',#5096,1.0);
#5094=VECTOR('',#5097,1.0);
#5095=DIRECTION('',(-0.09801933188841773,0.995184510820053,0));
#5096=DIRECTION('',(0,0,-1));
#5097=DIRECTION('',(0.0038667420745326624,-0.039258804827313976,0.9992215943169263));
#5098=FACE_SURFACE('',(#5103),#5099,.T.);
#5099=PLANE('',#5100);
#5100=AXIS2_PLACEMENT_3D('',#194,#5101,#5102);
#5101=DIRECTION('',(-0.995184510820053,-0.09801933188841773,-0));
#5102=DIRECTION('',(-0.0038667420745326624,0.039258804827313976,-0.9992215943169263));
#5103=FACE_BOUND('',#5104,.T.);
#5104=EDGE_LOOP('',(#5105,#5106,#5107));
#5105=ORIENTED_EDGE('',*,*,#5108,.T.);
#5106=ORIENTED_EDGE('',*,*,#5109,.T.);
#5107=ORIENTED_EDGE('',*,*,#5110,.T.);
#5108=EDGE_CURVE('',#195,#287,#5111,.F.);
#5109=EDGE_CURVE('',#287,#281,#5112,.T.);
#5110=EDGE_CURVE('',#281,#195,#5113,.T.);
#5111=LINE('',#194,#5114);
#5112=LINE('',#286,#5115);
#5113=LINE('',#280,#5116);
#5114=VECTOR('',#5117,1.0);
#5115=VECTOR('',#5118,1.0);
#5116=VECTOR('',#5119,1.0);
#5117=DIRECTION('',(-0.0038667420745326624,0.039258804827313976,-0.9992215943169263));
#5118=DIRECTION('',(0.09801933188841773,-0.995184510820053,0));
#5119=DIRECTION('',(0,0,1));
#5120=FACE_SURFACE('',(#5125),#5121,.T.);
#5121=PLANE('',#5122);
#5122=AXIS2_PLACEMENT_3D('',#210,#5123,#5124);
#5123=DIRECTION('',(-0.9951847877931627,0.09801651975599644,0));
#5124=DIRECTION('',(0.09801651975599646,0.9951847877931628,0));
#5125=FACE_BOUND('',#5126,.T.);
#5126=EDGE_LOOP('',(#5127,#5128,#5129));
#5127=ORIENTED_EDGE('',*,*,#5130,.T.);
#5128=ORIENTED_EDGE('',*,*,#5131,.T.);
#5129=ORIENTED_EDGE('',*,*,#5132,.T.);
#5130=EDGE_CURVE('',#211,#195,#5133,.F.);
#5131=EDGE_CURVE('',#195,#281,#5134,.T.);
#5132=EDGE_CURVE('',#281,#211,#5135,.T.);
#5133=LINE('',#210,#5136);
#5134=LINE('',#194,#5137);
#5135=LINE('',#280,#5138);
#5136=VECTOR('',#5139,1.0);
#5137=VECTOR('',#5140,1.0);
#5138=VECTOR('',#5141,1.0);
#5139=DIRECTION('',(0.09801651975599646,0.9951847877931628,0));
#5140=DIRECTION('',(0,0,-1));
#5141=DIRECTION('',(-0.0038667419018873356,-0.03925994035148609,0.9992215497028984));
#5142=FACE_SURFACE('',(#5147),#5143,.T.);
#5143=PLANE('',#5144);
#5144=AXIS2_PLACEMENT_3D('',#210,#5145,#5146);
#5145=DIRECTION('',(-0.9951847877931627,0.09801651975599644,0));
#5146=DIRECTION('',(0.0038667419018873356,0.03925994035148609,-0.9992215497028984));
#5147=FACE_BOUND('',#5148,.T.);
#5148=EDGE_LOOP('',(#5149,#5150,#5151));
#5149=ORIENTED_EDGE('',*,*,#5152,.T.);
#5150=ORIENTED_EDGE('',*,*,#5153,.T.);
#5151=ORIENTED_EDGE('',*,*,#5154,.T.);
#5152=EDGE_CURVE('',#211,#281,#5155,.F.);
#5153=EDGE_CURVE('',#281,#279,#5156,.T.);
#5154=EDGE_CURVE('',#279,#211,#5157,.T.);
#5155=LINE('',#210,#5158);
#5156=LINE('',#280,#5159);
#5157=LINE('',#278,#5160);
#5158=VECTOR('',#5161,1.0);
#5159=VECTOR('',#5162,1.0);
#5160=VECTOR('',#5163,1.0);
#5161=DIRECTION('',(0.0038667419018873356,0.03925994035148609,-0.9992215497028984));
#5162=DIRECTION('',(-0.09801651975599646,-0.9951847877931628,0));
#5163=DIRECTION('',(0,0,1));
#5164=FACE_SURFACE('',(#5169),#5165,.T.);
#5165=PLANE('',#5166);
#5166=AXIS2_PLACEMENT_3D('',#206,#5167,#5168);
#5167=DIRECTION('',(-0.9569506643238057,0.2902506262701716,0));
#5168=DIRECTION('',(0.2902506262701716,0.9569506643238057,0));
#5169=FACE_BOUND('',#5170,.T.);
#5170=EDGE_LOOP('',(#5171,#5172,#5173));
#5171=ORIENTED_EDGE('',*,*,#5174,.T.);
#5172=ORIENTED_EDGE('',*,*,#5175,.T.);
#5173=ORIENTED_EDGE('',*,*,#5176,.T.);
#5174=EDGE_CURVE('',#207,#211,#5177,.F.);
#5175=EDGE_CURVE('',#211,#279,#5178,.T.);
#5176=EDGE_CURVE('',#279,#207,#5179,.T.);
#5177=LINE('',#206,#5180);
#5178=LINE('',#210,#5181);
#5179=LINE('',#278,#5182);
#5180=VECTOR('',#5183,1.0);
#5181=VECTOR('',#5184,1.0);
#5182=VECTOR('',#5185,1.0);
#5183=DIRECTION('',(0.2902506262701716,0.9569506643238057,0));
#5184=DIRECTION('',(0,0,-1));
#5185=DIRECTION('',(-0.011450105531499876,-0.037750775031049545,0.9992215840682549));
#5186=FACE_SURFACE('',(#5191),#5187,.T.);
#5187=PLANE('',#5188);
#5188=AXIS2_PLACEMENT_3D('',#206,#5189,#5190);
#5189=DIRECTION('',(-0.9569506643238057,0.2902506262701716,0));
#5190=DIRECTION('',(0.011450105531499876,0.037750775031049545,-0.9992215840682549));
#5191=FACE_BOUND('',#5192,.T.);
#5192=EDGE_LOOP('',(#5193,#5194,#5195));
#5193=ORIENTED_EDGE('',*,*,#5196,.T.);
#5194=ORIENTED_EDGE('',*,*,#5197,.T.);
#5195=ORIENTED_EDGE('',*,*,#5198,.T.);
#5196=EDGE_CURVE('',#207,#279,#5199,.F.);
#5197=EDGE_CURVE('',#279,#273,#5200,.T.);
#5198=EDGE_CURVE('',#273,#207,#5201,.T.);
#5199=LINE('',#206,#5202);
#5200=LINE('',#278,#5203);
#5201=LINE('',#272,#5204);
#5202=VECTOR('',#5205,1.0);
#5203=VECTOR('',#5206,1.0);
#5204=VECTOR('',#5207,1.0);
#5205=DIRECTION('',(0.011450105531499876,0.037750775031049545,-0.9992215840682549));
#5206=DIRECTION('',(-0.2902506262701716,-0.9569506643238057,0));
#5207=DIRECTION('',(0,0,1));
#5208=FACE_SURFACE('',(#5213),#5209,.T.);
#5209=PLANE('',#5210);
#5210=AXIS2_PLACEMENT_3D('',#204,#5211,#5212);
#5211=DIRECTION('',(-0.8819424135640673,0.47135716729120364,0));
#5212=DIRECTION('',(0.4713571672912036,0.8819424135640673,0));
#5213=FACE_BOUND('',#5214,.T.);
#5214=EDGE_LOOP('',(#5215,#5216,#5217));
#5215=ORIENTED_EDGE('',*,*,#5218,.T.);
#5216=ORIENTED_EDGE('',*,*,#5219,.T.);
#5217=ORIENTED_EDGE('',*,*,#5220,.T.);
#5218=EDGE_CURVE('',#205,#207,#5221,.F.);
#5219=EDGE_CURVE('',#207,#273,#5222,.T.);
#5220=EDGE_CURVE('',#273,#205,#5223,.T.);
#5221=LINE('',#204,#5224);
#5222=LINE('',#206,#5225);
#5223=LINE('',#272,#5226);
#5224=VECTOR('',#5227,1.0);
#5225=VECTOR('',#5228,1.0);
#5226=VECTOR('',#5229,1.0);
#5227=DIRECTION('',(0.4713571672912036,0.8819424135640673,0));
#5228=DIRECTION('',(0,0,-1));
#5229=DIRECTION('',(-0.018594480239346917,-0.03479158039645877,0.9992215926600793));
#5230=FACE_SURFACE('',(#5235),#5231,.T.);
#5231=PLANE('',#5232);
#5232=AXIS2_PLACEMENT_3D('',#204,#5233,#5234);
#5233=DIRECTION('',(-0.8819424135640673,0.47135716729120364,0));
#5234=DIRECTION('',(0.018594480239346917,0.03479158039645877,-0.9992215926600793));
#5235=FACE_BOUND('',#5236,.T.);
#5236=EDGE_LOOP('',(#5237,#5238,#5239));
#5237=ORIENTED_EDGE('',*,*,#5240,.T.);
#5238=ORIENTED_EDGE('',*,*,#5241,.T.);
#5239=ORIENTED_EDGE('',*,*,#5242,.T.);
#5240=EDGE_CURVE('',#205,#273,#5243,.F.);
#5241=EDGE_CURVE('',#273,#271,#5244,.T.);
#5242=EDGE_CURVE('',#271,#205,#5245,.T.);
#5243=LINE('',#204,#5246);
#5244=LINE('',#272,#5247);
#5245=LINE('',#270,#5248);
#5246=VECTOR('',#5249,1.0);
#5247=VECTOR('',#5250,1.0);
#5248=VECTOR('',#5251,1.0);
#5249=DIRECTION('',(0.018594480239346917,0.03479158039645877,-0.9992215926600793));
#5250=DIRECTION('',(-0.4713571672912036,-0.8819424135640673,0));
#5251=DIRECTION('',(0,0,1));
#5252=FACE_SURFACE('',(#5257),#5253,.T.);
#5253=PLANE('',#5254);
#5254=AXIS2_PLACEMENT_3D('',#196,#5255,#5256);
#5255=DIRECTION('',(-0.7729776706046015,0.6344332279654684,0));
#5256=DIRECTION('',(0.6344332279654685,0.7729776706046017,0));
#5257=FACE_BOUND('',#5258,.T.);
#5258=EDGE_LOOP('',(#5259,#5260,#5261));
#5259=ORIENTED_EDGE('',*,*,#5262,.T.);
#5260=ORIENTED_EDGE('',*,*,#5263,.T.);
#5261=ORIENTED_EDGE('',*,*,#5264,.T.);
#5262=EDGE_CURVE('',#197,#205,#5265,.F.);
#5263=EDGE_CURVE('',#205,#271,#5266,.T.);
#5264=EDGE_CURVE('',#271,#197,#5267,.T.);
#5265=LINE('',#196,#5268);
#5266=LINE('',#204,#5269);
#5267=LINE('',#270,#5270);
#5268=VECTOR('',#5271,1.0);
#5269=VECTOR('',#5272,1.0);
#5270=VECTOR('',#5273,1.0);
#5271=DIRECTION('',(0.6344332279654685,0.7729776706046017,0));
#5272=DIRECTION('',(0,0,-1));
#5273=DIRECTION('',(-0.02502919152849756,-0.030494944640364122,0.9992214959271097));
#5274=FACE_SURFACE('',(#5279),#5275,.T.);
#5275=PLANE('',#5276);
#5276=AXIS2_PLACEMENT_3D('',#196,#5277,#5278);
#5277=DIRECTION('',(-0.7729776706046015,0.6344332279654684,0));
#5278=DIRECTION('',(0.02502919152849756,0.030494944640364122,-0.9992214959271097));
#5279=FACE_BOUND('',#5280,.T.);
#5280=EDGE_LOOP('',(#5281,#5282,#5283));
#5281=ORIENTED_EDGE('',*,*,#5284,.T.);
#5282=ORIENTED_EDGE('',*,*,#5285,.T.);
#5283=ORIENTED_EDGE('',*,*,#5286,.T.);
#5284=EDGE_CURVE('',#197,#271,#5287,.F.);
#5285=EDGE_CURVE('',#271,#265,#5288,.T.);
#5286=EDGE_CURVE('',#265,#197,#5289,.T.);
#5287=LINE('',#196,#5290);
#5288=LINE('',#270,#5291);
#5289=LINE('',#264,#5292);
#5290=VECTOR('',#5293,1.0);
#5291=VECTOR('',#5294,1.0);
#5292=VECTOR('',#5295,1.0);
#5293=DIRECTION('',(0.02502919152849756,0.030494944640364122,-0.9992214959271097));
#5294=DIRECTION('',(-0.6344332279654685,-0.7729776706046017,0));
#5295=DIRECTION('',(0,0,1));
#5296=FACE_SURFACE('',(#5301),#5297,.T.);
#5297=PLANE('',#5298);
#5298=AXIS2_PLACEMENT_3D('',#100,#5299,#5300);
#5299=DIRECTION('',(-0.6343987776610048,0.7730059449332992,0));
#5300=DIRECTION('',(0.7730059449332992,0.6343987776610048,0));
#5301=FACE_BOUND('',#5302,.T.);
#5302=EDGE_LOOP('',(#5303,#5304,#5305));
#5303=ORIENTED_EDGE('',*,*,#5306,.T.);
#5304=ORIENTED_EDGE('',*,*,#5307,.T.);
#5305=ORIENTED_EDGE('',*,*,#5308,.T.);
#5306=EDGE_CURVE('',#101,#197,#5309,.F.);
#5307=EDGE_CURVE('',#197,#265,#5310,.T.);
#5308=EDGE_CURVE('',#265,#101,#5311,.T.);
#5309=LINE('',#100,#5312);
#5310=LINE('',#196,#5313);
#5311=LINE('',#264,#5314);
#5312=VECTOR('',#5315,1.0);
#5313=VECTOR('',#5316,1.0);
#5314=VECTOR('',#5317,1.0);
#5315=DIRECTION('',(0.7730059449332992,0.6343987776610048,0));
#5316=DIRECTION('',(0,0,-1));
#5317=DIRECTION('',(-0.03049494637637009,-0.025026918399283962,0.9992215528104555));
#5318=FACE_SURFACE('',(#5323),#5319,.T.);
#5319=PLANE('',#5320);
#5320=AXIS2_PLACEMENT_3D('',#100,#5321,#5322);
#5321=DIRECTION('',(-0.6343987776610048,0.7730059449332992,0));
#5322=DIRECTION('',(0.03049494637637009,0.025026918399283962,-0.9992215528104555));
#5323=FACE_BOUND('',#5324,.T.);
#5324=EDGE_LOOP('',(#5325,#5326,#5327));
#5325=ORIENTED_EDGE('',*,*,#5328,.T.);
#5326=ORIENTED_EDGE('',*,*,#5329,.T.);
#5327=ORIENTED_EDGE('',*,*,#5330,.T.);
#5328=EDGE_CURVE('',#101,#265,#5331,.F.);
#5329=EDGE_CURVE('',#265,#263,#5332,.T.);
#5330=EDGE_CURVE('',#263,#101,#5333,.T.);
#5331=LINE('',#100,#5334);
#5332=LINE('',#264,#5335);
#5333=LINE('',#262,#5336);
#5334=VECTOR('',#5337,1.0);
#5335=VECTOR('',#5338,1.0);
#5336=VECTOR('',#5339,1.0);
#5337=DIRECTION('',(0.03049494637637009,0.025026918399283962,-0.9992215528104555));
#5338=DIRECTION('',(-0.7730059449332992,-0.6343987776610048,0));
#5339=DIRECTION('',(0,0,1));
#5340=FACE_SURFACE('',(#5345),#5341,.T.);
#5341=PLANE('',#5342);
#5342=AXIS2_PLACEMENT_3D('',#102,#5343,#5344);
#5343=DIRECTION('',(-0.4713795908202434,0.8819304288650777,0));
#5344=DIRECTION('',(0.8819304288650777,0.47137959082024333,0));
#5345=FACE_BOUND('',#5346,.T.);
#5346=EDGE_LOOP('',(#5347,#5348,#5349));
#5347=ORIENTED_EDGE('',*,*,#5350,.T.);
#5348=ORIENTED_EDGE('',*,*,#5351,.T.);
#5349=ORIENTED_EDGE('',*,*,#5352,.T.);
#5350=EDGE_CURVE('',#103,#101,#5353,.F.);
#5351=EDGE_CURVE('',#101,#263,#5354,.T.);
#5352=EDGE_CURVE('',#263,#103,#5355,.T.);
#5353=LINE('',#102,#5356);
#5354=LINE('',#100,#5357);
#5355=LINE('',#262,#5358);
#5356=VECTOR('',#5359,1.0);
#5357=VECTOR('',#5360,1.0);
#5358=VECTOR('',#5361,1.0);
#5359=DIRECTION('',(0.8819304288650777,0.47137959082024333,0));
#5360=DIRECTION('',(0,0,-1));
#5361=DIRECTION('',(-0.03479157966069609,-0.018595617123170823,0.9992215715288186));
#5362=FACE_SURFACE('',(#5367),#5363,.T.);
#5363=PLANE('',#5364);
#5364=AXIS2_PLACEMENT_3D('',#102,#5365,#5366);
#5365=DIRECTION('',(-0.4713795908202434,0.8819304288650777,0));
#5366=DIRECTION('',(0.03479157966069609,0.018595617123170823,-0.9992215715288186));
#5367=FACE_BOUND('',#5368,.T.);
#5368=EDGE_LOOP('',(#5369,#5370,#5371));
#5369=ORIENTED_EDGE('',*,*,#5372,.T.);
#5370=ORIENTED_EDGE('',*,*,#5373,.T.);
#5371=ORIENTED_EDGE('',*,*,#5374,.T.);
#5372=EDGE_CURVE('',#103,#263,#5375,.F.);
#5373=EDGE_CURVE('',#263,#237,#5376,.T.);
#5374=EDGE_CURVE('',#237,#103,#5377,.T.);
#5375=LINE('',#102,#5378);
#5376=LINE('',#262,#5379);
#5377=LINE('',#236,#5380);
#5378=VECTOR('',#5381,1.0);
#5379=VECTOR('',#5382,1.0);
#5380=VECTOR('',#5383,1.0);
#5381=DIRECTION('',(0.03479157966069609,0.018595617123170823,-0.9992215715288186));
#5382=DIRECTION('',(-0.8819304288650777,-0.47137959082024333,0));
#5383=DIRECTION('',(0,0,1));
#5384=FACE_SURFACE('',(#5389),#5385,.T.);
#5385=PLANE('',#5386);
#5386=AXIS2_PLACEMENT_3D('',#104,#5387,#5388);
#5387=DIRECTION('',(-0.29029304312456716,0.9569377979333235,0));
#5388=DIRECTION('',(0.9569377979333233,0.29029304312456716,0));
#5389=FACE_BOUND('',#5390,.T.);
#5390=EDGE_LOOP('',(#5391,#5392,#5393));
#5391=ORIENTED_EDGE('',*,*,#5394,.T.);
#5392=ORIENTED_EDGE('',*,*,#5395,.T.);
#5393=ORIENTED_EDGE('',*,*,#5396,.T.);
#5394=EDGE_CURVE('',#105,#103,#5397,.F.);
#5395=EDGE_CURVE('',#103,#237,#5398,.T.);
#5396=EDGE_CURVE('',#237,#105,#5399,.T.);
#5397=LINE('',#104,#5400);
#5398=LINE('',#102,#5401);
#5399=LINE('',#236,#5402);
#5400=VECTOR('',#5403,1.0);
#5401=VECTOR('',#5404,1.0);
#5402=VECTOR('',#5405,1.0);
#5403=DIRECTION('',(0.9569377979333233,0.29029304312456716,0));
#5404=DIRECTION('',(0,0,-1));
#5405=DIRECTION('',(-0.03774850322655042,-0.011451243642689088,0.9992216568525679));
#5406=FACE_SURFACE('',(#5411),#5407,.T.);
#5407=PLANE('',#5408);
#5408=AXIS2_PLACEMENT_3D('',#104,#5409,#5410);
#5409=DIRECTION('',(-0.29029304312456716,0.9569377979333235,0));
#5410=DIRECTION('',(0.03774850322655042,0.011451243642689088,-0.9992216568525679));
#5411=FACE_BOUND('',#5412,.T.);
#5412=EDGE_LOOP('',(#5413,#5414,#5415));
#5413=ORIENTED_EDGE('',*,*,#5416,.T.);
#5414=ORIENTED_EDGE('',*,*,#5417,.T.);
#5415=ORIENTED_EDGE('',*,*,#5418,.T.);
#5416=EDGE_CURVE('',#105,#237,#5419,.F.);
#5417=EDGE_CURVE('',#237,#235,#5420,.T.);
#5418=EDGE_CURVE('',#235,#105,#5421,.T.);
#5419=LINE('',#104,#5422);
#5420=LINE('',#236,#5423);
#5421=LINE('',#234,#5424);
#5422=VECTOR('',#5425,1.0);
#5423=VECTOR('',#5426,1.0);
#5424=VECTOR('',#5427,1.0);
#5425=DIRECTION('',(0.03774850322655042,0.011451243642689088,-0.9992216568525679));
#5426=DIRECTION('',(-0.9569377979333233,-0.29029304312456716,0));
#5427=DIRECTION('',(0,0,1));
#5428=FACE_SURFACE('',(#5433),#5429,.T.);
#5429=PLANE('',#5430);
#5430=AXIS2_PLACEMENT_3D('',#106,#5431,#5432);
#5431=DIRECTION('',(-0.09800808432210117,0.9951856185694767,0));
#5432=DIRECTION('',(0.9951856185694766,0.09800808432210116,0));
#5433=FACE_BOUND('',#5434,.T.);
#5434=EDGE_LOOP('',(#5435,#5436,#5437));
#5435=ORIENTED_EDGE('',*,*,#5438,.T.);
#5436=ORIENTED_EDGE('',*,*,#5439,.T.);
#5437=ORIENTED_EDGE('',*,*,#5440,.T.);
#5438=EDGE_CURVE('',#107,#105,#5441,.F.);
#5439=EDGE_CURVE('',#105,#235,#5442,.T.);
#5440=EDGE_CURVE('',#235,#107,#5443,.T.);
#5441=LINE('',#106,#5444);
#5442=LINE('',#104,#5445);
#5443=LINE('',#234,#5446);
#5444=VECTOR('',#5447,1.0);
#5445=VECTOR('',#5448,1.0);
#5446=VECTOR('',#5449,1.0);
#5447=DIRECTION('',(0.9951856185694766,0.09800808432210116,0));
#5448=DIRECTION('',(0,0,-1));
#5449=DIRECTION('',(-0.03926334692308984,-0.003866741383921488,0.9992214158530967));
#5450=FACE_SURFACE('',(#5455),#5451,.T.);
#5451=PLANE('',#5452);
#5452=AXIS2_PLACEMENT_3D('',#106,#5453,#5454);
#5453=DIRECTION('',(-0.09800808432210117,0.9951856185694767,0));
#5454=DIRECTION('',(0.03926334692308984,0.003866741383921488,-0.9992214158530967));
#5455=FACE_BOUND('',#5456,.T.);
#5456=EDGE_LOOP('',(#5457,#5458,#5459));
#5457=ORIENTED_EDGE('',*,*,#5460,.T.);
#5458=ORIENTED_EDGE('',*,*,#5461,.T.);
#5459=ORIENTED_EDGE('',*,*,#5462,.T.);
#5460=EDGE_CURVE('',#107,#235,#5463,.F.);
#5461=EDGE_CURVE('',#235,#243,#5464,.T.);
#5462=EDGE_CURVE('',#243,#107,#5465,.T.);
#5463=LINE('',#106,#5466);
#5464=LINE('',#234,#5467);
#5465=LINE('',#242,#5468);
#5466=VECTOR('',#5469,1.0);
#5467=VECTOR('',#5470,1.0);
#5468=VECTOR('',#5471,1.0);
#5469=DIRECTION('',(0.03926334692308984,0.003866741383921488,-0.9992214158530967));
#5470=DIRECTION('',(-0.9951856185694766,-0.09800808432210116,0));
#5471=DIRECTION('',(0,0,1));
#5472=FACE_SURFACE('',(#5477),#5473,.T.);
#5473=PLANE('',#5474);
#5474=AXIS2_PLACEMENT_3D('',#96,#5475,#5476);
#5475=DIRECTION('',(0.09801370778414571,0.9951850647424347,0));
#5476=DIRECTION('',(0.9951850647424347,-0.09801370778414571,0));
#5477=FACE_BOUND('',#5478,.T.);
#5478=EDGE_LOOP('',(#5479,#5480,#5481));
#5479=ORIENTED_EDGE('',*,*,#5482,.T.);
#5480=ORIENTED_EDGE('',*,*,#5483,.T.);
#5481=ORIENTED_EDGE('',*,*,#5484,.T.);
#5482=EDGE_CURVE('',#97,#107,#5485,.F.);
#5483=EDGE_CURVE('',#107,#243,#5486,.T.);
#5484=EDGE_CURVE('',#243,#97,#5487,.T.);
#5485=LINE('',#96,#5488);
#5486=LINE('',#106,#5489);
#5487=LINE('',#242,#5490);
#5488=VECTOR('',#5491,1.0);
#5489=VECTOR('',#5492,1.0);
#5490=VECTOR('',#5493,1.0);
#5491=DIRECTION('',(0.9951850647424347,-0.09801370778414571,0));
#5492=DIRECTION('',(0,0,-1));
#5493=DIRECTION('',(-0.03926107587550611,0.003866741729237031,0.9992215050875842));
#5494=FACE_SURFACE('',(#5499),#5495,.T.);
#5495=PLANE('',#5496);
#5496=AXIS2_PLACEMENT_3D('',#96,#5497,#5498);
#5497=DIRECTION('',(0.09801370778414571,0.9951850647424347,0));
#5498=DIRECTION('',(0.03926107587550611,-0.003866741729237031,-0.9992215050875842));
#5499=FACE_BOUND('',#5500,.T.);
#5500=EDGE_LOOP('',(#5501,#5502,#5503));
#5501=ORIENTED_EDGE('',*,*,#5504,.T.);
#5502=ORIENTED_EDGE('',*,*,#5505,.T.);
#5503=ORIENTED_EDGE('',*,*,#5506,.T.);
#5504=EDGE_CURVE('',#97,#243,#5507,.F.);
#5505=EDGE_CURVE('',#243,#241,#5508,.T.);
#5506=EDGE_CURVE('',#241,#97,#5509,.T.);
#5507=LINE('',#96,#5510);
#5508=LINE('',#242,#5511);
#5509=LINE('',#240,#5512);
#5510=VECTOR('',#5513,1.0);
#5511=VECTOR('',#5514,1.0);
#5512=VECTOR('',#5515,1.0);
#5513=DIRECTION('',(0.03926107587550611,-0.003866741729237031,-0.9992215050875842));
#5514=DIRECTION('',(-0.9951850647424347,0.09801370778414571,0));
#5515=DIRECTION('',(0,0,1));
#5516=FACE_SURFACE('',(#5521),#5517,.T.);
#5517=PLANE('',#5518);
#5518=AXIS2_PLACEMENT_3D('',#98,#5519,#5520);
#5519=DIRECTION('',(0.29027702625054275,0.9569426566054737,0));
#5520=DIRECTION('',(0.9569426566054738,-0.29027702625054275,0));
#5521=FACE_BOUND('',#5522,.T.);
#5522=EDGE_LOOP('',(#5523,#5524,#5525));
#5523=ORIENTED_EDGE('',*,*,#5526,.T.);
#5524=ORIENTED_EDGE('',*,*,#5527,.T.);
#5525=ORIENTED_EDGE('',*,*,#5528,.T.);
#5526=EDGE_CURVE('',#99,#97,#5529,.F.);
#5527=EDGE_CURVE('',#97,#241,#5530,.T.);
#5528=EDGE_CURVE('',#241,#99,#5531,.T.);
#5529=LINE('',#98,#5532);
#5530=LINE('',#96,#5533);
#5531=LINE('',#240,#5534);
#5532=VECTOR('',#5535,1.0);
#5533=VECTOR('',#5536,1.0);
#5534=VECTOR('',#5537,1.0);
#5535=DIRECTION('',(0.9569426566054738,-0.29027702625054275,0));
#5536=DIRECTION('',(0,0,-1));
#5537=DIRECTION('',(-0.03775077453943672,0.011451242659444126,0.999221571055803));
#5538=FACE_SURFACE('',(#5543),#5539,.T.);
#5539=PLANE('',#5540);
#5540=AXIS2_PLACEMENT_3D('',#98,#5541,#5542);
#5541=DIRECTION('',(0.29027702625054275,0.9569426566054737,0));
#5542=DIRECTION('',(0.03775077453943672,-0.011451242659444126,-0.999221571055803));
#5543=FACE_BOUND('',#5544,.T.);
#5544=EDGE_LOOP('',(#5545,#5546,#5547));
#5545=ORIENTED_EDGE('',*,*,#5548,.T.);
#5546=ORIENTED_EDGE('',*,*,#5549,.T.);
#5547=ORIENTED_EDGE('',*,*,#5550,.T.);
#5548=EDGE_CURVE('',#99,#241,#5551,.F.);
#5549=EDGE_CURVE('',#241,#239,#5552,.T.);
#5550=EDGE_CURVE('',#239,#99,#5553,.T.);
#5551=LINE('',#98,#5554);
#5552=LINE('',#240,#5555);
#5553=LINE('',#238,#5556);
#5554=VECTOR('',#5557,1.0);
#5555=VECTOR('',#5558,1.0);
#5556=VECTOR('',#5559,1.0);
#5557=DIRECTION('',(0.03775077453943672,-0.011451242659444126,-0.999221571055803));
#5558=DIRECTION('',(-0.9569426566054738,0.29027702625054275,0));
#5559=DIRECTION('',(0,0,1));
#5560=FACE_SURFACE('',(#5565),#5561,.T.);
#5561=PLANE('',#5562);
#5562=AXIS2_PLACEMENT_3D('',#112,#5563,#5564);
#5563=DIRECTION('',(0.47142753428430284,0.8819048020725494,0));
#5564=DIRECTION('',(0.8819048020725494,-0.47142753428430284,0));
#5565=FACE_BOUND('',#5566,.T.);
#5566=EDGE_LOOP('',(#5567,#5568,#5569));
#5567=ORIENTED_EDGE('',*,*,#5570,.T.);
#5568=ORIENTED_EDGE('',*,*,#5571,.T.);
#5569=ORIENTED_EDGE('',*,*,#5572,.T.);
#5570=EDGE_CURVE('',#113,#99,#5573,.F.);
#5571=EDGE_CURVE('',#99,#239,#5574,.T.);
#5572=EDGE_CURVE('',#239,#113,#5575,.T.);
#5573=LINE('',#112,#5576);
#5574=LINE('',#98,#5577);
#5575=LINE('',#238,#5578);
#5576=VECTOR('',#5579,1.0);
#5577=VECTOR('',#5580,1.0);
#5578=VECTOR('',#5581,1.0);
#5579=DIRECTION('',(0.8819048020725494,-0.47142753428430284,0));
#5580=DIRECTION('',(0,0,-1));
#5581=DIRECTION('',(-0.03478703605788454,0.018595620066119724,0.9992217296659756));
#5582=FACE_SURFACE('',(#5587),#5583,.T.);
#5583=PLANE('',#5584);
#5584=AXIS2_PLACEMENT_3D('',#112,#5585,#5586);
#5585=DIRECTION('',(0.47142753428430284,0.8819048020725494,0));
#5586=DIRECTION('',(0.03478703605788454,-0.018595620066119724,-0.9992217296659756));
#5587=FACE_BOUND('',#5588,.T.);
#5588=EDGE_LOOP('',(#5589,#5590,#5591));
#5589=ORIENTED_EDGE('',*,*,#5592,.T.);
#5590=ORIENTED_EDGE('',*,*,#5593,.T.);
#5591=ORIENTED_EDGE('',*,*,#5594,.T.);
#5592=EDGE_CURVE('',#113,#239,#5595,.F.);
#5593=EDGE_CURVE('',#239,#349,#5596,.T.);
#5594=EDGE_CURVE('',#349,#113,#5597,.T.);
#5595=LINE('',#112,#5598);
#5596=LINE('',#238,#5599);
#5597=LINE('',#348,#5600);
#5598=VECTOR('',#5601,1.0);
#5599=VECTOR('',#5602,1.0);
#5600=VECTOR('',#5603,1.0);
#5601=DIRECTION('',(0.03478703605788454,-0.018595620066119724,-0.9992217296659756));
#5602=DIRECTION('',(-0.8819048020725494,0.47142753428430284,0));
#5603=DIRECTION('',(0,0,1));
#5604=FACE_SURFACE('',(#5609),#5605,.T.);
#5605=PLANE('',#5606);
#5606=AXIS2_PLACEMENT_3D('',#114,#5607,#5608);
#5607=DIRECTION('',(0.6344270530919986,0.7729827386850254,0));
#5608=DIRECTION('',(0.7729827386850253,-0.6344270530919986,0));
#5609=FACE_BOUND('',#5610,.T.);
#5610=EDGE_LOOP('',(#5611,#5612,#5613));
#5611=ORIENTED_EDGE('',*,*,#5614,.T.);
#5612=ORIENTED_EDGE('',*,*,#5615,.T.);
#5613=ORIENTED_EDGE('',*,*,#5616,.T.);
#5614=EDGE_CURVE('',#115,#113,#5617,.F.);
#5615=EDGE_CURVE('',#113,#349,#5618,.T.);
#5616=EDGE_CURVE('',#349,#115,#5619,.T.);
#5617=LINE('',#114,#5620);
#5618=LINE('',#112,#5621);
#5619=LINE('',#348,#5622);
#5620=VECTOR('',#5623,1.0);
#5621=VECTOR('',#5624,1.0);
#5622=VECTOR('',#5625,1.0);
#5623=DIRECTION('',(0.7729827386850253,-0.6344270530919986,0));
#5624=DIRECTION('',(0,0,-1));
#5625=DIRECTION('',(-0.030492673937269454,0.025026920135146635,0.9992216221162872));
#5626=FACE_SURFACE('',(#5631),#5627,.T.);
#5627=PLANE('',#5628);
#5628=AXIS2_PLACEMENT_3D('',#114,#5629,#5630);
#5629=DIRECTION('',(0.6344270530919986,0.7729827386850254,0));
#5630=DIRECTION('',(0.030492673937269454,-0.025026920135146635,-0.9992216221162872));
#5631=FACE_BOUND('',#5632,.T.);
#5632=EDGE_LOOP('',(#5633,#5634,#5635));
#5633=ORIENTED_EDGE('',*,*,#5636,.T.);
#5634=ORIENTED_EDGE('',*,*,#5637,.T.);
#5635=ORIENTED_EDGE('',*,*,#5638,.T.);
#5636=EDGE_CURVE('',#115,#349,#5639,.F.);
#5637=EDGE_CURVE('',#349,#351,#5640,.T.);
#5638=EDGE_CURVE('',#351,#115,#5641,.T.);
#5639=LINE('',#114,#5642);
#5640=LINE('',#348,#5643);
#5641=LINE('',#350,#5644);
#5642=VECTOR('',#5645,1.0);
#5643=VECTOR('',#5646,1.0);
#5644=VECTOR('',#5647,1.0);
#5645=DIRECTION('',(0.030492673937269454,-0.025026920135146635,-0.9992216221162872));
#5646=DIRECTION('',(-0.7729827386850253,0.6344270530919986,0));
#5647=DIRECTION('',(0,0,1));
#5648=FACE_SURFACE('',(#5653),#5649,.T.);
#5649=PLANE('',#5650);
#5650=AXIS2_PLACEMENT_3D('',#356,#5651,#5652);
#5651=DIRECTION('',(0.7729493968091041,0.6344676744897584,-0));
#5652=DIRECTION('',(0,0,1));
#5653=FACE_BOUND('',#5654,.T.);
#5654=EDGE_LOOP('',(#5655,#5656,#5657));
#5655=ORIENTED_EDGE('',*,*,#5658,.T.);
#5656=ORIENTED_EDGE('',*,*,#5659,.T.);
#5657=ORIENTED_EDGE('',*,*,#5660,.T.);
#5658=EDGE_CURVE('',#357,#121,#5661,.F.);
#5659=EDGE_CURVE('',#121,#115,#5662,.T.);
#5660=EDGE_CURVE('',#115,#357,#5663,.T.);
#5661=LINE('',#356,#5664);
#5662=LINE('',#120,#5665);
#5663=LINE('',#114,#5666);
#5664=VECTOR('',#5667,1.0);
#5665=VECTOR('',#5668,1.0);
#5666=VECTOR('',#5669,1.0);
#5667=DIRECTION('',(0,0,1));
#5668=DIRECTION('',(0.6344676744897584,-0.7729493968091041,0));
#5669=DIRECTION('',(-0.025031464657322925,0.03049494290420068,-0.999221439038604));
#5670=FACE_SURFACE('',(#5675),#5671,.T.);
#5671=PLANE('',#5672);
#5672=AXIS2_PLACEMENT_3D('',#356,#5673,#5674);
#5673=DIRECTION('',(0.7729493968091041,0.6344676744897584,0));
#5674=DIRECTION('',(0.025031464657322925,-0.03049494290420068,0.999221439038604));
#5675=FACE_BOUND('',#5676,.T.);
#5676=EDGE_LOOP('',(#5677,#5678,#5679));
#5677=ORIENTED_EDGE('',*,*,#5680,.T.);
#5678=ORIENTED_EDGE('',*,*,#5681,.T.);
#5679=ORIENTED_EDGE('',*,*,#5682,.T.);
#5680=EDGE_CURVE('',#357,#115,#5683,.F.);
#5681=EDGE_CURVE('',#115,#351,#5684,.T.);
#5682=EDGE_CURVE('',#351,#357,#5685,.T.);
#5683=LINE('',#356,#5686);
#5684=LINE('',#114,#5687);
#5685=LINE('',#350,#5688);
#5686=VECTOR('',#5689,1.0);
#5687=VECTOR('',#5690,1.0);
#5688=VECTOR('',#5691,1.0);
#5689=DIRECTION('',(0.025031464657322925,-0.03049494290420068,0.999221439038604));
#5690=DIRECTION('',(0,0,-1));
#5691=DIRECTION('',(-0.6344676744897584,0.7729493968091041,0));
#5692=FACE_SURFACE('',(#5697),#5693,.T.);
#5693=PLANE('',#5694);
#5694=AXIS2_PLACEMENT_3D('',#358,#5695,#5696);
#5695=DIRECTION('',(0.8819424135640673,0.47135716729120364,-0));
#5696=DIRECTION('',(0,0,1));
#5697=FACE_BOUND('',#5698,.T.);
#5698=EDGE_LOOP('',(#5699,#5700,#5701));
#5699=ORIENTED_EDGE('',*,*,#5702,.T.);
#5700=ORIENTED_EDGE('',*,*,#5703,.T.);
#5701=ORIENTED_EDGE('',*,*,#5704,.T.);
#5702=EDGE_CURVE('',#359,#123,#5705,.F.);
#5703=EDGE_CURVE('',#123,#121,#5706,.T.);
#5704=EDGE_CURVE('',#121,#359,#5707,.T.);
#5705=LINE('',#358,#5708);
#5706=LINE('',#122,#5709);
#5707=LINE('',#120,#5710);
#5708=VECTOR('',#5711,1.0);
#5709=VECTOR('',#5712,1.0);
#5710=VECTOR('',#5713,1.0);
#5711=DIRECTION('',(0,0,1));
#5712=DIRECTION('',(0.4713571672912036,-0.8819424135640673,0));
#5713=DIRECTION('',(-0.018594480239346917,0.03479158039645877,-0.9992215926600793));
#5714=FACE_SURFACE('',(#5719),#5715,.T.);
#5715=PLANE('',#5716);
#5716=AXIS2_PLACEMENT_3D('',#358,#5717,#5718);
#5717=DIRECTION('',(0.8819424135640673,0.47135716729120364,0));
#5718=DIRECTION('',(0.018594480239346917,-0.03479158039645877,0.9992215926600793));
#5719=FACE_BOUND('',#5720,.T.);
#5720=EDGE_LOOP('',(#5721,#5722,#5723));
#5721=ORIENTED_EDGE('',*,*,#5724,.T.);
#5722=ORIENTED_EDGE('',*,*,#5725,.T.);
#5723=ORIENTED_EDGE('',*,*,#5726,.T.);
#5724=EDGE_CURVE('',#359,#121,#5727,.F.);
#5725=EDGE_CURVE('',#121,#357,#5728,.T.);
#5726=EDGE_CURVE('',#357,#359,#5729,.T.);
#5727=LINE('',#358,#5730);
#5728=LINE('',#120,#5731);
#5729=LINE('',#356,#5732);
#5730=VECTOR('',#5733,1.0);
#5731=VECTOR('',#5734,1.0);
#5732=VECTOR('',#5735,1.0);
#5733=DIRECTION('',(0.018594480239346917,-0.03479158039645877,0.9992215926600793));
#5734=DIRECTION('',(0,0,-1));
#5735=DIRECTION('',(-0.4713571672912036,0.8819424135640673,0));
#5736=FACE_SURFACE('',(#5741),#5737,.T.);
#5737=PLANE('',#5738);
#5738=AXIS2_PLACEMENT_3D('',#362,#5739,#5740);
#5739=DIRECTION('',(0.9569666779774457,0.2901978243212921,-0));
#5740=DIRECTION('',(0,0,1));
#5741=FACE_BOUND('',#5742,.T.);
#5742=EDGE_LOOP('',(#5743,#5744,#5745));
#5743=ORIENTED_EDGE('',*,*,#5746,.T.);
#5744=ORIENTED_EDGE('',*,*,#5747,.T.);
#5745=ORIENTED_EDGE('',*,*,#5748,.T.);
#5746=EDGE_CURVE('',#363,#129,#5749,.F.);
#5747=EDGE_CURVE('',#129,#123,#5750,.T.);
#5748=EDGE_CURVE('',#123,#363,#5751,.T.);
#5749=LINE('',#362,#5752);
#5750=LINE('',#128,#5753);
#5751=LINE('',#122,#5754);
#5752=VECTOR('',#5755,1.0);
#5753=VECTOR('',#5756,1.0);
#5754=VECTOR('',#5757,1.0);
#5755=DIRECTION('',(0,0,1));
#5756=DIRECTION('',(0.2901978243212921,-0.9569666779774458,0));
#5757=DIRECTION('',(-0.011447831275478104,0.037750776014128774,-0.999221610089283));
#5758=FACE_SURFACE('',(#5763),#5759,.T.);
#5759=PLANE('',#5760);
#5760=AXIS2_PLACEMENT_3D('',#362,#5761,#5762);
#5761=DIRECTION('',(0.9569666779774457,0.2901978243212921,0));
#5762=DIRECTION('',(0.011447831275478104,-0.037750776014128774,0.999221610089283));
#5763=FACE_BOUND('',#5764,.T.);
#5764=EDGE_LOOP('',(#5765,#5766,#5767));
#5765=ORIENTED_EDGE('',*,*,#5768,.T.);
#5766=ORIENTED_EDGE('',*,*,#5769,.T.);
#5767=ORIENTED_EDGE('',*,*,#5770,.T.);
#5768=EDGE_CURVE('',#363,#123,#5771,.F.);
#5769=EDGE_CURVE('',#123,#359,#5772,.T.);
#5770=EDGE_CURVE('',#359,#363,#5773,.T.);
#5771=LINE('',#362,#5774);
#5772=LINE('',#122,#5775);
#5773=LINE('',#358,#5776);
#5774=VECTOR('',#5777,1.0);
#5775=VECTOR('',#5778,1.0);
#5776=VECTOR('',#5779,1.0);
#5777=DIRECTION('',(0.011447831275478104,-0.037750776014128774,0.999221610089283));
#5778=DIRECTION('',(0,0,-1));
#5779=DIRECTION('',(-0.2901978243212921,0.9569666779774458,0));
#5780=FACE_SURFACE('',(#5785),#5781,.T.);
#5781=PLANE('',#5782);
#5782=AXIS2_PLACEMENT_3D('',#344,#5783,#5784);
#5783=DIRECTION('',(0.9951791620824498,0.09807362212579283,-0));
#5784=DIRECTION('',(0,0,1));
#5785=FACE_BOUND('',#5786,.T.);
#5786=EDGE_LOOP('',(#5787,#5788,#5789));
#5787=ORIENTED_EDGE('',*,*,#5790,.T.);
#5788=ORIENTED_EDGE('',*,*,#5791,.T.);
#5789=ORIENTED_EDGE('',*,*,#5792,.T.);
#5790=EDGE_CURVE('',#345,#131,#5793,.F.);
#5791=EDGE_CURVE('',#131,#129,#5794,.T.);
#5792=EDGE_CURVE('',#129,#345,#5795,.T.);
#5793=LINE('',#344,#5796);
#5794=LINE('',#130,#5797);
#5795=LINE('',#128,#5798);
#5796=VECTOR('',#5799,1.0);
#5797=VECTOR('',#5800,1.0);
#5798=VECTOR('',#5801,1.0);
#5799=DIRECTION('',(0,0,1));
#5800=DIRECTION('',(0.09807362212579283,-0.9951791620824499,0));
#5801=DIRECTION('',(-0.003869016421908823,0.03925994000608891,-0.9992215409120468));
#5802=FACE_SURFACE('',(#5807),#5803,.T.);
#5803=PLANE('',#5804);
#5804=AXIS2_PLACEMENT_3D('',#344,#5805,#5806);
#5805=DIRECTION('',(0.9951791620824498,0.09807362212579283,0));
#5806=DIRECTION('',(0.003869016421908823,-0.03925994000608891,0.9992215409120468));
#5807=FACE_BOUND('',#5808,.T.);
#5808=EDGE_LOOP('',(#5809,#5810,#5811));
#5809=ORIENTED_EDGE('',*,*,#5812,.T.);
#5810=ORIENTED_EDGE('',*,*,#5813,.T.);
#5811=ORIENTED_EDGE('',*,*,#5814,.T.);
#5812=EDGE_CURVE('',#345,#129,#5815,.F.);
#5813=EDGE_CURVE('',#129,#363,#5816,.T.);
#5814=EDGE_CURVE('',#363,#345,#5817,.T.);
#5815=LINE('',#344,#5818);
#5816=LINE('',#128,#5819);
#5817=LINE('',#362,#5820);
#5818=VECTOR('',#5821,1.0);
#5819=VECTOR('',#5822,1.0);
#5820=VECTOR('',#5823,1.0);
#5821=DIRECTION('',(0.003869016421908823,-0.03925994000608891,0.9992215409120468));
#5822=DIRECTION('',(0,0,-1));
#5823=DIRECTION('',(-0.09807362212579283,0.9951791620824499,0));
#5824=FACE_SURFACE('',(#5829),#5825,.T.);
#5825=PLANE('',#5826);
#5826=AXIS2_PLACEMENT_3D('',#342,#5827,#5828);
#5827=DIRECTION('',(0.9951788847880965,-0.09807643586469016,0));
#5828=DIRECTION('',(0,0,1));
#5829=FACE_BOUND('',#5830,.T.);
#5830=EDGE_LOOP('',(#5831,#5832,#5833));
#5831=ORIENTED_EDGE('',*,*,#5834,.T.);
#5832=ORIENTED_EDGE('',*,*,#5835,.T.);
#5833=ORIENTED_EDGE('',*,*,#5836,.T.);
#5834=EDGE_CURVE('',#343,#135,#5837,.F.);
#5835=EDGE_CURVE('',#135,#131,#5838,.T.);
#5836=EDGE_CURVE('',#131,#343,#5839,.T.);
#5837=LINE('',#342,#5840);
#5838=LINE('',#134,#5841);
#5839=LINE('',#130,#5842);
#5840=VECTOR('',#5843,1.0);
#5841=VECTOR('',#5844,1.0);
#5842=VECTOR('',#5845,1.0);
#5843=DIRECTION('',(0,0,1));
#5844=DIRECTION('',(-0.09807643586469016,-0.9951788847880965,0));
#5845=DIRECTION('',(0.003869016594655701,0.03925880448192675,-0.9992215855260735));
#5846=FACE_SURFACE('',(#5851),#5847,.T.);
#5847=PLANE('',#5848);
#5848=AXIS2_PLACEMENT_3D('',#342,#5849,#5850);
#5849=DIRECTION('',(0.9951788847880965,-0.09807643586469016,0));
#5850=DIRECTION('',(-0.003869016594655701,-0.03925880448192675,0.9992215855260735));
#5851=FACE_BOUND('',#5852,.T.);
#5852=EDGE_LOOP('',(#5853,#5854,#5855));
#5853=ORIENTED_EDGE('',*,*,#5856,.T.);
#5854=ORIENTED_EDGE('',*,*,#5857,.T.);
#5855=ORIENTED_EDGE('',*,*,#5858,.T.);
#5856=EDGE_CURVE('',#343,#131,#5859,.F.);
#5857=EDGE_CURVE('',#131,#345,#5860,.T.);
#5858=EDGE_CURVE('',#345,#343,#5861,.T.);
#5859=LINE('',#342,#5862);
#5860=LINE('',#130,#5863);
#5861=LINE('',#344,#5864);
#5862=VECTOR('',#5865,1.0);
#5863=VECTOR('',#5866,1.0);
#5864=VECTOR('',#5867,1.0);
#5865=DIRECTION('',(-0.003869016594655701,-0.03925880448192675,0.9992215855260735));
#5866=DIRECTION('',(0,0,-1));
#5867=DIRECTION('',(0.09807643586469016,0.9951788847880965,0));
#5868=FACE_SURFACE('',(#5873),#5869,.T.);
#5869=PLANE('',#5870);
#5870=AXIS2_PLACEMENT_3D('',#338,#5871,#5872);
#5871=DIRECTION('',(0.9569666779774457,-0.2901978243212921,0));
#5872=DIRECTION('',(0,0,1));
#5873=FACE_BOUND('',#5874,.T.);
#5874=EDGE_LOOP('',(#5875,#5876,#5877));
#5875=ORIENTED_EDGE('',*,*,#5878,.T.);
#5876=ORIENTED_EDGE('',*,*,#5879,.T.);
#5877=ORIENTED_EDGE('',*,*,#5880,.T.);
#5878=EDGE_CURVE('',#339,#139,#5881,.F.);
#5879=EDGE_CURVE('',#139,#135,#5882,.T.);
#5880=EDGE_CURVE('',#135,#339,#5883,.T.);
#5881=LINE('',#338,#5884);
#5882=LINE('',#138,#5885);
#5883=LINE('',#134,#5886);
#5884=VECTOR('',#5887,1.0);
#5885=VECTOR('',#5888,1.0);
#5886=VECTOR('',#5889,1.0);
#5887=DIRECTION('',(0,0,1));
#5888=DIRECTION('',(-0.2901978243212921,-0.9569666779774458,0));
#5889=DIRECTION('',(0.011447831275478104,0.037750776014128774,-0.999221610089283));
#5890=FACE_SURFACE('',(#5895),#5891,.T.);
#5891=PLANE('',#5892);
#5892=AXIS2_PLACEMENT_3D('',#338,#5893,#5894);
#5893=DIRECTION('',(0.9569666779774457,-0.2901978243212921,0));
#5894=DIRECTION('',(-0.011447831275478104,-0.037750776014128774,0.999221610089283));
#5895=FACE_BOUND('',#5896,.T.);
#5896=EDGE_LOOP('',(#5897,#5898,#5899));
#5897=ORIENTED_EDGE('',*,*,#5900,.T.);
#5898=ORIENTED_EDGE('',*,*,#5901,.T.);
#5899=ORIENTED_EDGE('',*,*,#5902,.T.);
#5900=EDGE_CURVE('',#339,#135,#5903,.F.);
#5901=EDGE_CURVE('',#135,#343,#5904,.T.);
#5902=EDGE_CURVE('',#343,#339,#5905,.T.);
#5903=LINE('',#338,#5906);
#5904=LINE('',#134,#5907);
#5905=LINE('',#342,#5908);
#5906=VECTOR('',#5909,1.0);
#5907=VECTOR('',#5910,1.0);
#5908=VECTOR('',#5911,1.0);
#5909=DIRECTION('',(-0.011447831275478104,-0.037750776014128774,0.999221610089283));
#5910=DIRECTION('',(0,0,-1));
#5911=DIRECTION('',(0.2901978243212921,0.9569666779774458,0));
#5912=FACE_SURFACE('',(#5917),#5913,.T.);
#5913=PLANE('',#5914);
#5914=AXIS2_PLACEMENT_3D('',#334,#5915,#5916);
#5915=DIRECTION('',(0.8819424135640673,-0.47135716729120364,0));
#5916=DIRECTION('',(0,0,1));
#5917=FACE_BOUND('',#5918,.T.);
#5918=EDGE_LOOP('',(#5919,#5920,#5921));
#5919=ORIENTED_EDGE('',*,*,#5922,.T.);
#5920=ORIENTED_EDGE('',*,*,#5923,.T.);
#5921=ORIENTED_EDGE('',*,*,#5924,.T.);
#5922=EDGE_CURVE('',#335,#143,#5925,.F.);
#5923=EDGE_CURVE('',#143,#139,#5926,.T.);
#5924=EDGE_CURVE('',#139,#335,#5927,.T.);
#5925=LINE('',#334,#5928);
#5926=LINE('',#142,#5929);
#5927=LINE('',#138,#5930);
#5928=VECTOR('',#5931,1.0);
#5929=VECTOR('',#5932,1.0);
#5930=VECTOR('',#5933,1.0);
#5931=DIRECTION('',(0,0,1));
#5932=DIRECTION('',(-0.4713571672912036,-0.8819424135640673,0));
#5933=DIRECTION('',(0.018594480239346917,0.03479158039645877,-0.9992215926600793));
#5934=FACE_SURFACE('',(#5939),#5935,.T.);
#5935=PLANE('',#5936);
#5936=AXIS2_PLACEMENT_3D('',#334,#5937,#5938);
#5937=DIRECTION('',(0.8819424135640673,-0.47135716729120364,0));
#5938=DIRECTION('',(-0.018594480239346917,-0.03479158039645877,0.9992215926600793));
#5939=FACE_BOUND('',#5940,.T.);
#5940=EDGE_LOOP('',(#5941,#5942,#5943));
#5941=ORIENTED_EDGE('',*,*,#5944,.T.);
#5942=ORIENTED_EDGE('',*,*,#5945,.T.);
#5943=ORIENTED_EDGE('',*,*,#5946,.T.);
#5944=EDGE_CURVE('',#335,#139,#5947,.F.);
#5945=EDGE_CURVE('',#139,#339,#5948,.T.);
#5946=EDGE_CURVE('',#339,#335,#5949,.T.);
#5947=LINE('',#334,#5950);
#5948=LINE('',#138,#5951);
#5949=LINE('',#338,#5952);
#5950=VECTOR('',#5953,1.0);
#5951=VECTOR('',#5954,1.0);
#5952=VECTOR('',#5955,1.0);
#5953=DIRECTION('',(-0.018594480239346917,-0.03479158039645877,0.9992215926600793));
#5954=DIRECTION('',(0,0,-1));
#5955=DIRECTION('',(0.4713571672912036,0.8819424135640673,0));
#5956=FACE_SURFACE('',(#5961),#5957,.T.);
#5957=PLANE('',#5958);
#5958=AXIS2_PLACEMENT_3D('',#330,#5959,#5960);
#5959=DIRECTION('',(0.7729493968091041,-0.6344676744897584,0));
#5960=DIRECTION('',(0,0,1));
#5961=FACE_BOUND('',#5962,.T.);
#5962=EDGE_LOOP('',(#5963,#5964,#5965));
#5963=ORIENTED_EDGE('',*,*,#5966,.T.);
#5964=ORIENTED_EDGE('',*,*,#5967,.T.);
#5965=ORIENTED_EDGE('',*,*,#5968,.T.);
#5966=EDGE_CURVE('',#331,#147,#5969,.F.);
#5967=EDGE_CURVE('',#147,#143,#5970,.T.);
#5968=EDGE_CURVE('',#143,#331,#5971,.T.);
#5969=LINE('',#330,#5972);
#5970=LINE('',#146,#5973);
#5971=LINE('',#142,#5974);
#5972=VECTOR('',#5975,1.0);
#5973=VECTOR('',#5976,1.0);
#5974=VECTOR('',#5977,1.0);
#5975=DIRECTION('',(0,0,1));
#5976=DIRECTION('',(-0.6344676744897584,-0.7729493968091041,0));
#5977=DIRECTION('',(0.025031464657322925,0.03049494290420068,-0.999221439038604));
#5978=FACE_SURFACE('',(#5983),#5979,.T.);
#5979=PLANE('',#5980);
#5980=AXIS2_PLACEMENT_3D('',#330,#5981,#5982);
#5981=DIRECTION('',(0.7729493968091041,-0.6344676744897584,0));
#5982=DIRECTION('',(-0.025031464657322925,-0.03049494290420068,0.999221439038604));
#5983=FACE_BOUND('',#5984,.T.);
#5984=EDGE_LOOP('',(#5985,#5986,#5987));
#5985=ORIENTED_EDGE('',*,*,#5988,.T.);
#5986=ORIENTED_EDGE('',*,*,#5989,.T.);
#5987=ORIENTED_EDGE('',*,*,#5990,.T.);
#5988=EDGE_CURVE('',#331,#143,#5991,.F.);
#5989=EDGE_CURVE('',#143,#335,#5992,.T.);
#5990=EDGE_CURVE('',#335,#331,#5993,.T.);
#5991=LINE('',#330,#5994);
#5992=LINE('',#142,#5995);
#5993=LINE('',#334,#5996);
#5994=VECTOR('',#5997,1.0);
#5995=VECTOR('',#5998,1.0);
#5996=VECTOR('',#5999,1.0);
#5997=DIRECTION('',(-0.025031464657322925,-0.03049494290420068,0.999221439038604));
#5998=DIRECTION('',(0,0,-1));
#5999=DIRECTION('',(0.6344676744897584,0.7729493968091041,0));
#6000=FACE_SURFACE('',(#6005),#6001,.T.);
#6001=PLANE('',#6002);
#6002=AXIS2_PLACEMENT_3D('',#326,#6003,#6004);
#6003=DIRECTION('',(0.6344270530919986,-0.7729827386850254,0));
#6004=DIRECTION('',(0,0,1));
#6005=FACE_BOUND('',#6006,.T.);
#6006=EDGE_LOOP('',(#6007,#6008,#6009));
#6007=ORIENTED_EDGE('',*,*,#6010,.T.);
#6008=ORIENTED_EDGE('',*,*,#6011,.T.);
#6009=ORIENTED_EDGE('',*,*,#6012,.T.);
#6010=EDGE_CURVE('',#327,#151,#6013,.F.);
#6011=EDGE_CURVE('',#151,#147,#6014,.T.);
#6012=EDGE_CURVE('',#147,#327,#6015,.T.);
#6013=LINE('',#326,#6016);
#6014=LINE('',#150,#6017);
#6015=LINE('',#146,#6018);
#6016=VECTOR('',#6019,1.0);
#6017=VECTOR('',#6020,1.0);
#6018=VECTOR('',#6021,1.0);
#6019=DIRECTION('',(0,0,1));
#6020=DIRECTION('',(-0.7729827386850253,-0.6344270530919986,0));
#6021=DIRECTION('',(0.030492673937269454,0.025026920135146635,-0.9992216221162872));
#6022=FACE_SURFACE('',(#6027),#6023,.T.);
#6023=PLANE('',#6024);
#6024=AXIS2_PLACEMENT_3D('',#326,#6025,#6026);
#6025=DIRECTION('',(0.6344270530919986,-0.7729827386850254,0));
#6026=DIRECTION('',(-0.030492673937269454,-0.025026920135146635,0.9992216221162872));
#6027=FACE_BOUND('',#6028,.T.);
#6028=EDGE_LOOP('',(#6029,#6030,#6031));
#6029=ORIENTED_EDGE('',*,*,#6032,.T.);
#6030=ORIENTED_EDGE('',*,*,#6033,.T.);
#6031=ORIENTED_EDGE('',*,*,#6034,.T.);
#6032=EDGE_CURVE('',#327,#147,#6035,.F.);
#6033=EDGE_CURVE('',#147,#331,#6036,.T.);
#6034=EDGE_CURVE('',#331,#327,#6037,.T.);
#6035=LINE('',#326,#6038);
#6036=LINE('',#146,#6039);
#6037=LINE('',#330,#6040);
#6038=VECTOR('',#6041,1.0);
#6039=VECTOR('',#6042,1.0);
#6040=VECTOR('',#6043,1.0);
#6041=DIRECTION('',(-0.030492673937269454,-0.025026920135146635,0.9992216221162872));
#6042=DIRECTION('',(0,0,-1));
#6043=DIRECTION('',(0.7729827386850253,0.6344270530919986,0));
#6044=FACE_SURFACE('',(#6049),#6045,.T.);
#6045=PLANE('',#6046);
#6046=AXIS2_PLACEMENT_3D('',#322,#6047,#6048);
#6047=DIRECTION('',(0.47143874619468534,-0.8818988085865539,0));
#6048=DIRECTION('',(0,0,1));
#6049=FACE_BOUND('',#6050,.T.);
#6050=EDGE_LOOP('',(#6051,#6052,#6053));
#6051=ORIENTED_EDGE('',*,*,#6054,.T.);
#6052=ORIENTED_EDGE('',*,*,#6055,.T.);
#6053=ORIENTED_EDGE('',*,*,#6056,.T.);
#6054=EDGE_CURVE('',#323,#155,#6057,.F.);
#6055=EDGE_CURVE('',#155,#151,#6058,.T.);
#6056=EDGE_CURVE('',#151,#323,#6059,.T.);
#6057=LINE('',#322,#6060);
#6058=LINE('',#154,#6061);
#6059=LINE('',#150,#6062);
#6060=VECTOR('',#6063,1.0);
#6061=VECTOR('',#6064,1.0);
#6062=VECTOR('',#6065,1.0);
#6063=DIRECTION('',(0,0,1));
#6064=DIRECTION('',(-0.8818988085865538,-0.4714387461946853,0));
#6065=DIRECTION('',(0.034787035690034274,0.018596188508094528,-0.9992217190998561));
#6066=FACE_SURFACE('',(#6071),#6067,.T.);
#6067=PLANE('',#6068);
#6068=AXIS2_PLACEMENT_3D('',#322,#6069,#6070);
#6069=DIRECTION('',(0.47143874619468534,-0.8818988085865539,0));
#6070=DIRECTION('',(-0.034787035690034274,-0.018596188508094528,0.9992217190998561));
#6071=FACE_BOUND('',#6072,.T.);
#6072=EDGE_LOOP('',(#6073,#6074,#6075));
#6073=ORIENTED_EDGE('',*,*,#6076,.T.);
#6074=ORIENTED_EDGE('',*,*,#6077,.T.);
#6075=ORIENTED_EDGE('',*,*,#6078,.T.);
#6076=EDGE_CURVE('',#323,#151,#6079,.F.);
#6077=EDGE_CURVE('',#151,#327,#6080,.T.);
#6078=EDGE_CURVE('',#327,#323,#6081,.T.);
#6079=LINE('',#322,#6082);
#6080=LINE('',#150,#6083);
#6081=LINE('',#326,#6084);
#6082=VECTOR('',#6085,1.0);
#6083=VECTOR('',#6086,1.0);
#6084=VECTOR('',#6087,1.0);
#6085=DIRECTION('',(-0.034787035690034274,-0.018596188508094528,0.9992217190998561));
#6086=DIRECTION('',(0,0,-1));
#6087=DIRECTION('',(0.8818988085865538,0.4714387461946853,0));
#6088=FACE_SURFACE('',(#6093),#6089,.T.);
#6089=PLANE('',#6090);
#6090=AXIS2_PLACEMENT_3D('',#318,#6091,#6092);
#6091=DIRECTION('',(0.2902902259921945,-0.9569386525234523,0));
#6092=DIRECTION('',(0,0,1));
#6093=FACE_BOUND('',#6094,.T.);
#6094=EDGE_LOOP('',(#6095,#6096,#6097));
#6095=ORIENTED_EDGE('',*,*,#6098,.T.);
#6096=ORIENTED_EDGE('',*,*,#6099,.T.);
#6097=ORIENTED_EDGE('',*,*,#6100,.T.);
#6098=EDGE_CURVE('',#319,#159,#6101,.F.);
#6099=EDGE_CURVE('',#159,#155,#6102,.T.);
#6100=EDGE_CURVE('',#155,#319,#6103,.T.);
#6101=LINE('',#318,#6104);
#6102=LINE('',#158,#6105);
#6103=LINE('',#154,#6106);
#6104=VECTOR('',#6107,1.0);
#6105=VECTOR('',#6108,1.0);
#6106=VECTOR('',#6109,1.0);
#6107=DIRECTION('',(0,0,1));
#6108=DIRECTION('',(-0.9569386525234524,-0.2902902259921945,0));
#6109=DIRECTION('',(0.037750774293612004,0.011451811223399593,-0.9992215645490925));
#6110=FACE_SURFACE('',(#6115),#6111,.T.);
#6111=PLANE('',#6112);
#6112=AXIS2_PLACEMENT_3D('',#318,#6113,#6114);
#6113=DIRECTION('',(0.2902902259921945,-0.9569386525234523,0));
#6114=DIRECTION('',(-0.037750774293612004,-0.011451811223399593,0.9992215645490925));
#6115=FACE_BOUND('',#6116,.T.);
#6116=EDGE_LOOP('',(#6117,#6118,#6119));
#6117=ORIENTED_EDGE('',*,*,#6120,.T.);
#6118=ORIENTED_EDGE('',*,*,#6121,.T.);
#6119=ORIENTED_EDGE('',*,*,#6122,.T.);
#6120=EDGE_CURVE('',#319,#155,#6123,.F.);
#6121=EDGE_CURVE('',#155,#323,#6124,.T.);
#6122=EDGE_CURVE('',#323,#319,#6125,.T.);
#6123=LINE('',#318,#6126);
#6124=LINE('',#154,#6127);
#6125=LINE('',#322,#6128);
#6126=VECTOR('',#6129,1.0);
#6127=VECTOR('',#6130,1.0);
#6128=VECTOR('',#6131,1.0);
#6129=DIRECTION('',(-0.037750774293612004,-0.011451811223399593,0.9992215645490925));
#6130=DIRECTION('',(0,0,-1));
#6131=DIRECTION('',(0.9569386525234524,0.2902902259921945,0));
#6132=FACE_SURFACE('',(#6137),#6133,.T.);
#6133=PLANE('',#6134);
#6134=AXIS2_PLACEMENT_3D('',#314,#6135,#6136);
#6135=DIRECTION('',(0.09801370778414571,-0.9951850647424347,0));
#6136=DIRECTION('',(0,0,1));
#6137=FACE_BOUND('',#6138,.T.);
#6138=EDGE_LOOP('',(#6139,#6140,#6141));
#6139=ORIENTED_EDGE('',*,*,#6142,.T.);
#6140=ORIENTED_EDGE('',*,*,#6143,.T.);
#6141=ORIENTED_EDGE('',*,*,#6144,.T.);
#6142=EDGE_CURVE('',#315,#163,#6145,.F.);
#6143=EDGE_CURVE('',#163,#159,#6146,.T.);
#6144=EDGE_CURVE('',#159,#315,#6147,.T.);
#6145=LINE('',#314,#6148);
#6146=LINE('',#162,#6149);
#6147=LINE('',#158,#6150);
#6148=VECTOR('',#6151,1.0);
#6149=VECTOR('',#6152,1.0);
#6150=VECTOR('',#6153,1.0);
#6151=DIRECTION('',(0,0,1));
#6152=DIRECTION('',(-0.9951850647424347,-0.09801370778414571,0));
#6153=DIRECTION('',(0.03926107587550611,0.003866741729237031,-0.9992215050875842));
#6154=FACE_SURFACE('',(#6159),#6155,.T.);
#6155=PLANE('',#6156);
#6156=AXIS2_PLACEMENT_3D('',#314,#6157,#6158);
#6157=DIRECTION('',(0.09801370778414571,-0.9951850647424347,0));
#6158=DIRECTION('',(-0.03926107587550611,-0.003866741729237031,0.9992215050875842));
#6159=FACE_BOUND('',#6160,.T.);
#6160=EDGE_LOOP('',(#6161,#6162,#6163));
#6161=ORIENTED_EDGE('',*,*,#6164,.T.);
#6162=ORIENTED_EDGE('',*,*,#6165,.T.);
#6163=ORIENTED_EDGE('',*,*,#6166,.T.);
#6164=EDGE_CURVE('',#315,#159,#6167,.F.);
#6165=EDGE_CURVE('',#159,#319,#6168,.T.);
#6166=EDGE_CURVE('',#319,#315,#6169,.T.);
#6167=LINE('',#314,#6170);
#6168=LINE('',#158,#6171);
#6169=LINE('',#318,#6172);
#6170=VECTOR('',#6173,1.0);
#6171=VECTOR('',#6174,1.0);
#6172=VECTOR('',#6175,1.0);
#6173=DIRECTION('',(-0.03926107587550611,-0.003866741729237031,0.9992215050875842));
#6174=DIRECTION('',(0,0,-1));
#6175=DIRECTION('',(0.9951850647424347,0.09801370778414571,0));
#6176=FACE_SURFACE('',(#6181),#6177,.T.);
#6177=PLANE('',#6178);
#6178=AXIS2_PLACEMENT_3D('',#256,#6179,#6180);
#6179=DIRECTION('',(-0.09806518187300342,-0.995179993822331,0));
#6180=DIRECTION('',(0,0,1));
#6181=FACE_BOUND('',#6182,.T.);
#6182=EDGE_LOOP('',(#6183,#6184,#6185));
#6183=ORIENTED_EDGE('',*,*,#6186,.T.);
#6184=ORIENTED_EDGE('',*,*,#6187,.T.);
#6185=ORIENTED_EDGE('',*,*,#6188,.T.);
#6186=EDGE_CURVE('',#257,#225,#6189,.F.);
#6187=EDGE_CURVE('',#225,#223,#6190,.T.);
#6188=EDGE_CURVE('',#223,#257,#6191,.T.);
#6189=LINE('',#256,#6192);
#6190=LINE('',#224,#6193);
#6191=LINE('',#222,#6194);
#6192=VECTOR('',#6195,1.0);
#6193=VECTOR('',#6196,1.0);
#6194=VECTOR('',#6197,1.0);
#6195=DIRECTION('',(0,0,1));
#6196=DIRECTION('',(-0.9951799938223309,0.09806518187300341,0));
#6197=DIRECTION('',(0.039263335423033674,-0.003869014804459523,-0.9992214075048139));
#6198=FACE_SURFACE('',(#6203),#6199,.T.);
#6199=PLANE('',#6200);
#6200=AXIS2_PLACEMENT_3D('',#256,#6201,#6202);
#6201=DIRECTION('',(-0.09806518187300342,-0.995179993822331,0));
#6202=DIRECTION('',(-0.039263335423033674,0.003869014804459523,0.9992214075048139));
#6203=FACE_BOUND('',#6204,.T.);
#6204=EDGE_LOOP('',(#6205,#6206,#6207));
#6205=ORIENTED_EDGE('',*,*,#6208,.T.);
#6206=ORIENTED_EDGE('',*,*,#6209,.T.);
#6207=ORIENTED_EDGE('',*,*,#6210,.T.);
#6208=EDGE_CURVE('',#257,#223,#6211,.F.);
#6209=EDGE_CURVE('',#223,#259,#6212,.T.);
#6210=EDGE_CURVE('',#259,#257,#6213,.T.);
#6211=LINE('',#256,#6214);
#6212=LINE('',#222,#6215);
#6213=LINE('',#258,#6216);
#6214=VECTOR('',#6217,1.0);
#6215=VECTOR('',#6218,1.0);
#6216=VECTOR('',#6219,1.0);
#6217=DIRECTION('',(-0.039263335423033674,0.003869014804459523,0.9992214075048139));
#6218=DIRECTION('',(0,0,-1));
#6219=DIRECTION('',(0.9951799938223309,-0.09806518187300341,0));
#6220=FACE_SURFACE('',(#6225),#6221,.T.);
#6221=PLANE('',#6222);
#6222=AXIS2_PLACEMENT_3D('',#250,#6223,#6224);
#6223=DIRECTION('',(-0.2902666419555589,-0.9569458064947269,0));
#6224=DIRECTION('',(0,0,1));
#6225=FACE_BOUND('',#6226,.T.);
#6226=EDGE_LOOP('',(#6227,#6228,#6229));
#6227=ORIENTED_EDGE('',*,*,#6230,.T.);
#6228=ORIENTED_EDGE('',*,*,#6231,.T.);
#6229=ORIENTED_EDGE('',*,*,#6232,.T.);
#6230=EDGE_CURVE('',#251,#219,#6233,.F.);
#6231=EDGE_CURVE('',#219,#225,#6234,.T.);
#6232=EDGE_CURVE('',#225,#251,#6235,.T.);
#6233=LINE('',#250,#6236);
#6234=LINE('',#218,#6237);
#6235=LINE('',#224,#6238);
#6236=VECTOR('',#6239,1.0);
#6237=VECTOR('',#6240,1.0);
#6238=VECTOR('',#6241,1.0);
#6239=DIRECTION('',(0,0,1));
#6240=DIRECTION('',(-0.956945806494727,0.2902666419555589,0));
#6241=DIRECTION('',(0.03774849299386249,-0.011450103261695816,-0.9992216703074392));
#6242=FACE_SURFACE('',(#6247),#6243,.T.);
#6243=PLANE('',#6244);
#6244=AXIS2_PLACEMENT_3D('',#250,#6245,#6246);
#6245=DIRECTION('',(-0.2902666419555589,-0.9569458064947269,0));
#6246=DIRECTION('',(-0.03774849299386249,0.011450103261695816,0.9992216703074392));
#6247=FACE_BOUND('',#6248,.T.);
#6248=EDGE_LOOP('',(#6249,#6250,#6251));
#6249=ORIENTED_EDGE('',*,*,#6252,.T.);
#6250=ORIENTED_EDGE('',*,*,#6253,.T.);
#6251=ORIENTED_EDGE('',*,*,#6254,.T.);
#6252=EDGE_CURVE('',#251,#225,#6255,.F.);
#6253=EDGE_CURVE('',#225,#257,#6256,.T.);
#6254=EDGE_CURVE('',#257,#251,#6257,.T.);
#6255=LINE('',#250,#6258);
#6256=LINE('',#224,#6259);
#6257=LINE('',#256,#6260);
#6258=VECTOR('',#6261,1.0);
#6259=VECTOR('',#6262,1.0);
#6260=VECTOR('',#6263,1.0);
#6261=DIRECTION('',(-0.03774849299386249,0.011450103261695816,0.9992216703074392));
#6262=DIRECTION('',(0,0,-1));
#6263=DIRECTION('',(0.956945806494727,-0.2902666419555589,0));
#6264=FACE_SURFACE('',(#6269),#6265,.T.);
#6265=PLANE('',#6266);
#6266=AXIS2_PLACEMENT_3D('',#248,#6267,#6268);
#6267=DIRECTION('',(-0.4714020134351414,-0.8819184439217126,0));
#6268=DIRECTION('',(0,0,1));
#6269=FACE_BOUND('',#6270,.T.);
#6270=EDGE_LOOP('',(#6271,#6272,#6273));
#6271=ORIENTED_EDGE('',*,*,#6274,.T.);
#6272=ORIENTED_EDGE('',*,*,#6275,.T.);
#6273=ORIENTED_EDGE('',*,*,#6276,.T.);
#6274=EDGE_CURVE('',#249,#213,#6277,.F.);
#6275=EDGE_CURVE('',#213,#219,#6278,.T.);
#6276=EDGE_CURVE('',#219,#249,#6279,.T.);
#6277=LINE('',#248,#6280);
#6278=LINE('',#212,#6281);
#6279=LINE('',#218,#6282);
#6280=VECTOR('',#6283,1.0);
#6281=VECTOR('',#6284,1.0);
#6282=VECTOR('',#6285,1.0);
#6283=DIRECTION('',(0,0,1));
#6284=DIRECTION('',(-0.8819184439217125,0.4714020134351413,0));
#6285=DIRECTION('',(0.03479156904067573,-0.01859674872362479,-0.9992215508387507));
#6286=FACE_SURFACE('',(#6291),#6287,.T.);
#6287=PLANE('',#6288);
#6288=AXIS2_PLACEMENT_3D('',#248,#6289,#6290);
#6289=DIRECTION('',(-0.4714020134351414,-0.8819184439217126,0));
#6290=DIRECTION('',(-0.03479156904067573,0.01859674872362479,0.9992215508387507));
#6291=FACE_BOUND('',#6292,.T.);
#6292=EDGE_LOOP('',(#6293,#6294,#6295));
#6293=ORIENTED_EDGE('',*,*,#6296,.T.);
#6294=ORIENTED_EDGE('',*,*,#6297,.T.);
#6295=ORIENTED_EDGE('',*,*,#6298,.T.);
#6296=EDGE_CURVE('',#249,#219,#6299,.F.);
#6297=EDGE_CURVE('',#219,#251,#6300,.T.);
#6298=EDGE_CURVE('',#251,#249,#6301,.T.);
#6299=LINE('',#248,#6302);
#6300=LINE('',#218,#6303);
#6301=LINE('',#250,#6304);
#6302=VECTOR('',#6305,1.0);
#6303=VECTOR('',#6306,1.0);
#6304=VECTOR('',#6307,1.0);
#6305=DIRECTION('',(-0.03479156904067573,0.01859674872362479,0.9992215508387507));
#6306=DIRECTION('',(0,0,-1));
#6307=DIRECTION('',(0.8819184439217125,-0.4714020134351413,0));
#6308=FACE_SURFACE('',(#6313),#6309,.T.);
#6309=PLANE('',#6310);
#6310=AXIS2_PLACEMENT_3D('',#260,#6311,#6312);
#6311=DIRECTION('',(-0.6343815510910992,-0.7730200822975112,0));
#6312=DIRECTION('',(0,0,1));
#6313=FACE_BOUND('',#6314,.T.);
#6314=EDGE_LOOP('',(#6315,#6316,#6317));
#6315=ORIENTED_EDGE('',*,*,#6318,.T.);
#6316=ORIENTED_EDGE('',*,*,#6319,.T.);
#6317=ORIENTED_EDGE('',*,*,#6320,.T.);
#6318=EDGE_CURVE('',#261,#199,#6321,.F.);
#6319=EDGE_CURVE('',#199,#213,#6322,.T.);
#6320=EDGE_CURVE('',#213,#261,#6323,.T.);
#6321=LINE('',#260,#6324);
#6322=LINE('',#198,#6325);
#6323=LINE('',#212,#6326);
#6324=VECTOR('',#6327,1.0);
#6325=VECTOR('',#6328,1.0);
#6326=VECTOR('',#6329,1.0);
#6327=DIRECTION('',(0,0,1));
#6328=DIRECTION('',(-0.7730200822975113,0.6343815510910993,0));
#6329=DIRECTION('',(0.030494938580764575,-0.025025774724760367,-0.99922158169266));
#6330=FACE_SURFACE('',(#6335),#6331,.T.);
#6331=PLANE('',#6332);
#6332=AXIS2_PLACEMENT_3D('',#260,#6333,#6334);
#6333=DIRECTION('',(-0.6343815510910992,-0.7730200822975112,0));
#6334=DIRECTION('',(-0.030494938580764575,0.025025774724760367,0.99922158169266));
#6335=FACE_BOUND('',#6336,.T.);
#6336=EDGE_LOOP('',(#6337,#6338,#6339));
#6337=ORIENTED_EDGE('',*,*,#6340,.T.);
#6338=ORIENTED_EDGE('',*,*,#6341,.T.);
#6339=ORIENTED_EDGE('',*,*,#6342,.T.);
#6340=EDGE_CURVE('',#261,#213,#6343,.F.);
#6341=EDGE_CURVE('',#213,#249,#6344,.T.);
#6342=EDGE_CURVE('',#249,#261,#6345,.T.);
#6343=LINE('',#260,#6346);
#6344=LINE('',#212,#6347);
#6345=LINE('',#248,#6348);
#6346=VECTOR('',#6349,1.0);
#6347=VECTOR('',#6350,1.0);
#6348=VECTOR('',#6351,1.0);
#6349=DIRECTION('',(-0.030494938580764575,0.025025774724760367,0.99922158169266));
#6350=DIRECTION('',(0,0,-1));
#6351=DIRECTION('',(0.7730200822975113,-0.6343815510910993,0));
#6352=FACE_SURFACE('',(#6357),#6353,.T.);
#6353=PLANE('',#6354);
#6354=AXIS2_PLACEMENT_3D('',#200,#6355,#6356);
#6355=DIRECTION('',(-0.7729660670326113,-0.6344473652054492,0));
#6356=DIRECTION('',(-0.6344473652054492,0.7729660670326113,0));
#6357=FACE_BOUND('',#6358,.T.);
#6358=EDGE_LOOP('',(#6359,#6360,#6361));
#6359=ORIENTED_EDGE('',*,*,#6362,.T.);
#6360=ORIENTED_EDGE('',*,*,#6363,.T.);
#6361=ORIENTED_EDGE('',*,*,#6364,.T.);
#6362=EDGE_CURVE('',#201,#199,#6365,.F.);
#6363=EDGE_CURVE('',#199,#261,#6366,.T.);
#6364=EDGE_CURVE('',#261,#201,#6367,.T.);
#6365=LINE('',#200,#6368);
#6366=LINE('',#198,#6369);
#6367=LINE('',#260,#6370);
#6368=VECTOR('',#6371,1.0);
#6369=VECTOR('',#6372,1.0);
#6370=VECTOR('',#6373,1.0);
#6371=DIRECTION('',(-0.6344473652054492,0.7729660670326113,0));
#6372=DIRECTION('',(0,0,-1));
#6373=DIRECTION('',(0.025029185285784333,-0.03049379975771244,0.9992215310231592));
#6374=FACE_SURFACE('',(#6379),#6375,.T.);
#6375=PLANE('',#6376);
#6376=AXIS2_PLACEMENT_3D('',#200,#6377,#6378);
#6377=DIRECTION('',(-0.7729660670326113,-0.6344473652054492,-0));
#6378=DIRECTION('',(-0.025029185285784333,0.03049379975771244,-0.9992215310231592));
#6379=FACE_BOUND('',#6380,.T.);
#6380=EDGE_LOOP('',(#6381,#6382,#6383));
#6381=ORIENTED_EDGE('',*,*,#6384,.T.);
#6382=ORIENTED_EDGE('',*,*,#6385,.T.);
#6383=ORIENTED_EDGE('',*,*,#6386,.T.);
#6384=EDGE_CURVE('',#201,#261,#6387,.F.);
#6385=EDGE_CURVE('',#261,#267,#6388,.T.);
#6386=EDGE_CURVE('',#267,#201,#6389,.T.);
#6387=LINE('',#200,#6390);
#6388=LINE('',#260,#6391);
#6389=LINE('',#266,#6392);
#6390=VECTOR('',#6393,1.0);
#6391=VECTOR('',#6394,1.0);
#6392=VECTOR('',#6395,1.0);
#6393=DIRECTION('',(-0.025029185285784333,0.03049379975771244,-0.9992215310231592));
#6394=DIRECTION('',(0.6344473652054492,-0.7729660670326113,0));
#6395=DIRECTION('',(0,0,1));
#6396=FACE_SURFACE('',(#6401),#6397,.T.);
#6397=PLANE('',#6398);
#6398=AXIS2_PLACEMENT_3D('',#202,#6399,#6400);
#6399=DIRECTION('',(-0.8819488185182212,-0.4713451829756126,0));
#6400=DIRECTION('',(-0.4713451829756127,0.8819488185182213,0));
#6401=FACE_BOUND('',#6402,.T.);
#6402=EDGE_LOOP('',(#6403,#6404,#6405));
#6403=ORIENTED_EDGE('',*,*,#6406,.T.);
#6404=ORIENTED_EDGE('',*,*,#6407,.T.);
#6405=ORIENTED_EDGE('',*,*,#6408,.T.);
#6406=EDGE_CURVE('',#203,#201,#6409,.F.);
#6407=EDGE_CURVE('',#201,#267,#6410,.T.);
#6408=EDGE_CURVE('',#267,#203,#6411,.T.);
#6409=LINE('',#202,#6412);
#6410=LINE('',#200,#6413);
#6411=LINE('',#266,#6414);
#6412=VECTOR('',#6415,1.0);
#6413=VECTOR('',#6416,1.0);
#6414=VECTOR('',#6417,1.0);
#6415=DIRECTION('',(-0.4713451829756127,0.8819488185182213,0));
#6416=DIRECTION('',(0,0,-1));
#6417=DIRECTION('',(0.01859447422094308,-0.03479270641231264,0.9992215535650507));
#6418=FACE_SURFACE('',(#6423),#6419,.T.);
#6419=PLANE('',#6420);
#6420=AXIS2_PLACEMENT_3D('',#202,#6421,#6422);
#6421=DIRECTION('',(-0.8819488185182212,-0.4713451829756126,-0));
#6422=DIRECTION('',(-0.01859447422094308,0.03479270641231264,-0.9992215535650507));
#6423=FACE_BOUND('',#6424,.T.);
#6424=EDGE_LOOP('',(#6425,#6426,#6427));
#6425=ORIENTED_EDGE('',*,*,#6428,.T.);
#6426=ORIENTED_EDGE('',*,*,#6429,.T.);
#6427=ORIENTED_EDGE('',*,*,#6430,.T.);
#6428=EDGE_CURVE('',#203,#267,#6431,.F.);
#6429=EDGE_CURVE('',#267,#269,#6432,.T.);
#6430=EDGE_CURVE('',#269,#203,#6433,.T.);
#6431=LINE('',#202,#6434);
#6432=LINE('',#266,#6435);
#6433=LINE('',#268,#6436);
#6434=VECTOR('',#6437,1.0);
#6435=VECTOR('',#6438,1.0);
#6436=VECTOR('',#6439,1.0);
#6437=DIRECTION('',(-0.01859447422094308,0.03479270641231264,-0.9992215535650507));
#6438=DIRECTION('',(0.4713451829756127,-0.8819488185182213,0));
#6439=DIRECTION('',(0,0,1));
#6440=FACE_SURFACE('',(#6445),#6441,.T.);
#6441=PLANE('',#6442);
#6442=AXIS2_PLACEMENT_3D('',#208,#6443,#6444);
#6443=DIRECTION('',(-0.9569506643238057,-0.2902506262701716,0));
#6444=DIRECTION('',(-0.2902506262701716,0.9569506643238057,0));
#6445=FACE_BOUND('',#6446,.T.);
#6446=EDGE_LOOP('',(#6447,#6448,#6449));
#6447=ORIENTED_EDGE('',*,*,#6450,.T.);
#6448=ORIENTED_EDGE('',*,*,#6451,.T.);
#6449=ORIENTED_EDGE('',*,*,#6452,.T.);
#6450=EDGE_CURVE('',#209,#203,#6453,.F.);
#6451=EDGE_CURVE('',#203,#269,#6454,.T.);
#6452=EDGE_CURVE('',#269,#209,#6455,.T.);
#6453=LINE('',#208,#6456);
#6454=LINE('',#202,#6457);
#6455=LINE('',#268,#6458);
#6456=VECTOR('',#6459,1.0);
#6457=VECTOR('',#6460,1.0);
#6458=VECTOR('',#6461,1.0);
#6459=DIRECTION('',(-0.2902506262701716,0.9569506643238057,0));
#6460=DIRECTION('',(0,0,-1));
#6461=DIRECTION('',(0.011450102278549305,-0.037750764306134846,0.9992215845107197));
#6462=FACE_SURFACE('',(#6467),#6463,.T.);
#6463=PLANE('',#6464);
#6464=AXIS2_PLACEMENT_3D('',#208,#6465,#6466);
#6465=DIRECTION('',(-0.9569506643238057,-0.2902506262701716,-0));
#6466=DIRECTION('',(-0.011450102278549305,0.037750764306134846,-0.9992215845107197));
#6467=FACE_BOUND('',#6468,.T.);
#6468=EDGE_LOOP('',(#6469,#6470,#6471));
#6469=ORIENTED_EDGE('',*,*,#6472,.T.);
#6470=ORIENTED_EDGE('',*,*,#6473,.T.);
#6471=ORIENTED_EDGE('',*,*,#6474,.T.);
#6472=EDGE_CURVE('',#209,#269,#6475,.F.);
#6473=EDGE_CURVE('',#269,#275,#6476,.T.);
#6474=EDGE_CURVE('',#275,#209,#6477,.T.);
#6475=LINE('',#208,#6478);
#6476=LINE('',#268,#6479);
#6477=LINE('',#274,#6480);
#6478=VECTOR('',#6481,1.0);
#6479=VECTOR('',#6482,1.0);
#6480=VECTOR('',#6483,1.0);
#6481=DIRECTION('',(-0.011450102278549305,0.037750764306134846,-0.9992215845107197));
#6482=DIRECTION('',(0.2902506262701716,-0.9569506643238057,0));
#6483=DIRECTION('',(0,0,1));
#6484=FACE_SURFACE('',(#6489),#6485,.T.);
#6485=PLANE('',#6486);
#6486=AXIS2_PLACEMENT_3D('',#192,#6487,#6488);
#6487=DIRECTION('',(-0.9951845108200529,-0.09801933188841773,0));
#6488=DIRECTION('',(-0.09801933188841773,0.995184510820053,0));
#6489=FACE_BOUND('',#6490,.T.);
#6490=EDGE_LOOP('',(#6491,#6492,#6493));
#6491=ORIENTED_EDGE('',*,*,#6494,.T.);
#6492=ORIENTED_EDGE('',*,*,#6495,.T.);
#6493=ORIENTED_EDGE('',*,*,#6496,.T.);
#6494=EDGE_CURVE('',#193,#209,#6497,.F.);
#6495=EDGE_CURVE('',#209,#275,#6498,.T.);
#6496=EDGE_CURVE('',#275,#193,#6499,.T.);
#6497=LINE('',#192,#6500);
#6498=LINE('',#208,#6501);
#6499=LINE('',#274,#6502);
#6500=VECTOR('',#6503,1.0);
#6501=VECTOR('',#6504,1.0);
#6502=VECTOR('',#6505,1.0);
#6503=DIRECTION('',(-0.09801933188841773,0.995184510820053,0));
#6504=DIRECTION('',(0,0,-1));
#6505=DIRECTION('',(0.0038667409759994605,-0.03925879367397099,0.9992215947593853));
#6506=FACE_SURFACE('',(#6511),#6507,.T.);
#6507=PLANE('',#6508);
#6508=AXIS2_PLACEMENT_3D('',#192,#6509,#6510);
#6509=DIRECTION('',(-0.9951845108200529,-0.09801933188841773,-0));
#6510=DIRECTION('',(-0.0038667409759994605,0.03925879367397099,-0.9992215947593853));
#6511=FACE_BOUND('',#6512,.T.);
#6512=EDGE_LOOP('',(#6513,#6514,#6515));
#6513=ORIENTED_EDGE('',*,*,#6516,.T.);
#6514=ORIENTED_EDGE('',*,*,#6517,.T.);
#6515=ORIENTED_EDGE('',*,*,#6518,.T.);
#6516=EDGE_CURVE('',#193,#275,#6519,.F.);
#6517=EDGE_CURVE('',#275,#277,#6520,.T.);
#6518=EDGE_CURVE('',#277,#193,#6521,.T.);
#6519=LINE('',#192,#6522);
#6520=LINE('',#274,#6523);
#6521=LINE('',#276,#6524);
#6522=VECTOR('',#6525,1.0);
#6523=VECTOR('',#6526,1.0);
#6524=VECTOR('',#6527,1.0);
#6525=DIRECTION('',(-0.0038667409759994605,0.03925879367397099,-0.9992215947593853));
#6526=DIRECTION('',(0.09801933188841773,-0.995184510820053,0));
#6527=DIRECTION('',(0,0,1));
#6528=FACE_SURFACE('',(#6533),#6529,.T.);
#6529=PLANE('',#6530);
#6530=AXIS2_PLACEMENT_3D('',#188,#6531,#6532);
#6531=DIRECTION('',(-0.9951850647424347,0.0980137077841457,0));
#6532=DIRECTION('',(0.09801370778414571,0.9951850647424347,0));
#6533=FACE_BOUND('',#6534,.T.);
#6534=EDGE_LOOP('',(#6535,#6536,#6537));
#6535=ORIENTED_EDGE('',*,*,#6538,.T.);
#6536=ORIENTED_EDGE('',*,*,#6539,.T.);
#6537=ORIENTED_EDGE('',*,*,#6540,.T.);
#6538=EDGE_CURVE('',#189,#193,#6541,.F.);
#6539=EDGE_CURVE('',#193,#277,#6542,.T.);
#6540=EDGE_CURVE('',#277,#189,#6543,.T.);
#6541=LINE('',#188,#6544);
#6542=LINE('',#192,#6545);
#6543=LINE('',#276,#6546);
#6544=VECTOR('',#6547,1.0);
#6545=VECTOR('',#6548,1.0);
#6546=VECTOR('',#6549,1.0);
#6547=DIRECTION('',(0.09801370778414571,0.9951850647424347,0));
#6548=DIRECTION('',(0,0,-1));
#6549=DIRECTION('',(-0.0038667406307041235,-0.039261064721519925,0.9992215055300939));
#6550=FACE_SURFACE('',(#6555),#6551,.T.);
#6551=PLANE('',#6552);
#6552=AXIS2_PLACEMENT_3D('',#188,#6553,#6554);
#6553=DIRECTION('',(-0.9951850647424347,0.0980137077841457,0));
#6554=DIRECTION('',(0.0038667406307041235,0.039261064721519925,-0.9992215055300939));
#6555=FACE_BOUND('',#6556,.T.);
#6556=EDGE_LOOP('',(#6557,#6558,#6559));
#6557=ORIENTED_EDGE('',*,*,#6560,.T.);
#6558=ORIENTED_EDGE('',*,*,#6561,.T.);
#6559=ORIENTED_EDGE('',*,*,#6562,.T.);
#6560=EDGE_CURVE('',#189,#277,#6563,.F.);
#6561=EDGE_CURVE('',#277,#283,#6564,.T.);
#6562=EDGE_CURVE('',#283,#189,#6565,.T.);
#6563=LINE('',#188,#6566);
#6564=LINE('',#276,#6567);
#6565=LINE('',#282,#6568);
#6566=VECTOR('',#6569,1.0);
#6567=VECTOR('',#6570,1.0);
#6568=VECTOR('',#6571,1.0);
#6569=DIRECTION('',(0.0038667406307041235,0.039261064721519925,-0.9992215055300939));
#6570=DIRECTION('',(-0.09801370778414571,-0.9951850647424347,0));
#6571=DIRECTION('',(0,0,1));
#6572=FACE_SURFACE('',(#6577),#6573,.T.);
#6573=PLANE('',#6574);
#6574=AXIS2_PLACEMENT_3D('',#184,#6575,#6576);
#6575=DIRECTION('',(-0.9569506643238057,0.2902506262701716,0));
#6576=DIRECTION('',(0.2902506262701716,0.9569506643238057,0));
#6577=FACE_BOUND('',#6578,.T.);
#6578=EDGE_LOOP('',(#6579,#6580,#6581));
#6579=ORIENTED_EDGE('',*,*,#6582,.T.);
#6580=ORIENTED_EDGE('',*,*,#6583,.T.);
#6581=ORIENTED_EDGE('',*,*,#6584,.T.);
#6582=EDGE_CURVE('',#185,#189,#6585,.F.);
#6583=EDGE_CURVE('',#189,#283,#6586,.T.);
#6584=EDGE_CURVE('',#283,#185,#6587,.T.);
#6585=LINE('',#184,#6588);
#6586=LINE('',#188,#6589);
#6587=LINE('',#282,#6590);
#6588=VECTOR('',#6591,1.0);
#6589=VECTOR('',#6592,1.0);
#6590=VECTOR('',#6593,1.0);
#6591=DIRECTION('',(0.2902506262701716,0.9569506643238057,0));
#6592=DIRECTION('',(0,0,-1));
#6593=DIRECTION('',(-0.011450102278549305,-0.037750764306134846,0.9992215845107197));
#6594=FACE_SURFACE('',(#6599),#6595,.T.);
#6595=PLANE('',#6596);
#6596=AXIS2_PLACEMENT_3D('',#184,#6597,#6598);
#6597=DIRECTION('',(-0.9569506643238057,0.2902506262701716,0));
#6598=DIRECTION('',(0.011450102278549305,0.037750764306134846,-0.9992215845107197));
#6599=FACE_BOUND('',#6600,.T.);
#6600=EDGE_LOOP('',(#6601,#6602,#6603));
#6601=ORIENTED_EDGE('',*,*,#6604,.T.);
#6602=ORIENTED_EDGE('',*,*,#6605,.T.);
#6603=ORIENTED_EDGE('',*,*,#6606,.T.);
#6604=EDGE_CURVE('',#185,#283,#6607,.F.);
#6605=EDGE_CURVE('',#283,#285,#6608,.T.);
#6606=EDGE_CURVE('',#285,#185,#6609,.T.);
#6607=LINE('',#184,#6610);
#6608=LINE('',#282,#6611);
#6609=LINE('',#284,#6612);
#6610=VECTOR('',#6613,1.0);
#6611=VECTOR('',#6614,1.0);
#6612=VECTOR('',#6615,1.0);
#6613=DIRECTION('',(0.011450102278549305,0.037750764306134846,-0.9992215845107197));
#6614=DIRECTION('',(-0.2902506262701716,-0.9569506643238057,0));
#6615=DIRECTION('',(0,0,1));
#6616=FACE_SURFACE('',(#6621),#6617,.T.);
#6617=PLANE('',#6618);
#6618=AXIS2_PLACEMENT_3D('',#180,#6619,#6620);
#6619=DIRECTION('',(-0.8819360081213438,0.4713691521291874,0));
#6620=DIRECTION('',(0.4713691521291874,0.8819360081213439,0));
#6621=FACE_BOUND('',#6622,.T.);
#6622=EDGE_LOOP('',(#6623,#6624,#6625));
#6623=ORIENTED_EDGE('',*,*,#6626,.T.);
#6624=ORIENTED_EDGE('',*,*,#6627,.T.);
#6625=ORIENTED_EDGE('',*,*,#6628,.T.);
#6626=EDGE_CURVE('',#181,#185,#6629,.F.);
#6627=EDGE_CURVE('',#185,#285,#6630,.T.);
#6628=EDGE_CURVE('',#285,#181,#6631,.T.);
#6629=LINE('',#180,#6632);
#6630=LINE('',#184,#6633);
#6631=LINE('',#284,#6634);
#6632=VECTOR('',#6635,1.0);
#6633=VECTOR('',#6636,1.0);
#6634=VECTOR('',#6637,1.0);
#6635=DIRECTION('',(0.4713691521291874,0.8819360081213439,0));
#6636=DIRECTION('',(0,0,-1));
#6637=DIRECTION('',(-0.018594475692422226,-0.0347904346120421,0.9992216326387401));
#6638=FACE_SURFACE('',(#6643),#6639,.T.);
#6639=PLANE('',#6640);
#6640=AXIS2_PLACEMENT_3D('',#180,#6641,#6642);
#6641=DIRECTION('',(-0.8819360081213438,0.4713691521291874,0));
#6642=DIRECTION('',(0.018594475692422226,0.0347904346120421,-0.9992216326387401));
#6643=FACE_BOUND('',#6644,.T.);
#6644=EDGE_LOOP('',(#6645,#6646,#6647));
#6645=ORIENTED_EDGE('',*,*,#6648,.T.);
#6646=ORIENTED_EDGE('',*,*,#6649,.T.);
#6647=ORIENTED_EDGE('',*,*,#6650,.T.);
#6648=EDGE_CURVE('',#181,#285,#6651,.F.);
#6649=EDGE_CURVE('',#285,#289,#6652,.T.);
#6650=EDGE_CURVE('',#289,#181,#6653,.T.);
#6651=LINE('',#180,#6654);
#6652=LINE('',#284,#6655);
#6653=LINE('',#288,#6656);
#6654=VECTOR('',#6657,1.0);
#6655=VECTOR('',#6658,1.0);
#6656=VECTOR('',#6659,1.0);
#6657=DIRECTION('',(0.018594475692422226,0.0347904346120421,-0.9992216326387401));
#6658=DIRECTION('',(-0.4713691521291874,-0.8819360081213439,0));
#6659=DIRECTION('',(0,0,1));
#6660=FACE_SURFACE('',(#6665),#6661,.T.);
#6661=PLANE('',#6662);
#6662=AXIS2_PLACEMENT_3D('',#176,#6663,#6664);
#6663=DIRECTION('',(-0.7729776706046015,0.6344332279654684,0));
#6664=DIRECTION('',(0.6344332279654685,0.7729776706046017,0));
#6665=FACE_BOUND('',#6666,.T.);
#6666=EDGE_LOOP('',(#6667,#6668,#6669));
#6667=ORIENTED_EDGE('',*,*,#6670,.T.);
#6668=ORIENTED_EDGE('',*,*,#6671,.T.);
#6669=ORIENTED_EDGE('',*,*,#6672,.T.);
#6670=EDGE_CURVE('',#177,#181,#6673,.F.);
#6671=EDGE_CURVE('',#181,#289,#6674,.T.);
#6672=EDGE_CURVE('',#289,#177,#6675,.T.);
#6673=LINE('',#176,#6676);
#6674=LINE('',#180,#6677);
#6675=LINE('',#288,#6678);
#6676=VECTOR('',#6679,1.0);
#6677=VECTOR('',#6680,1.0);
#6678=VECTOR('',#6681,1.0);
#6679=DIRECTION('',(0.6344332279654685,0.7729776706046017,0));
#6680=DIRECTION('',(0,0,-1));
#6681=DIRECTION('',(-0.025029184417758865,-0.030494935976816892,0.9992214963696245));
#6682=FACE_SURFACE('',(#6687),#6683,.T.);
#6683=PLANE('',#6684);
#6684=AXIS2_PLACEMENT_3D('',#176,#6685,#6686);
#6685=DIRECTION('',(-0.7729776706046015,0.6344332279654684,0));
#6686=DIRECTION('',(0.025029184417758865,0.030494935976816892,-0.9992214963696245));
#6687=FACE_BOUND('',#6688,.T.);
#6688=EDGE_LOOP('',(#6689,#6690,#6691));
#6689=ORIENTED_EDGE('',*,*,#6692,.T.);
#6690=ORIENTED_EDGE('',*,*,#6693,.T.);
#6691=ORIENTED_EDGE('',*,*,#6694,.T.);
#6692=EDGE_CURVE('',#177,#289,#6695,.F.);
#6693=EDGE_CURVE('',#289,#293,#6696,.T.);
#6694=EDGE_CURVE('',#293,#177,#6697,.T.);
#6695=LINE('',#176,#6698);
#6696=LINE('',#288,#6699);
#6697=LINE('',#292,#6700);
#6698=VECTOR('',#6701,1.0);
#6699=VECTOR('',#6702,1.0);
#6700=VECTOR('',#6703,1.0);
#6701=DIRECTION('',(0.025029184417758865,0.030494935976816892,-0.9992214963696245));
#6702=DIRECTION('',(-0.6344332279654685,-0.7729776706046017,0));
#6703=DIRECTION('',(0,0,1));
#6704=FACE_SURFACE('',(#6709),#6705,.T.);
#6705=PLANE('',#6706);
#6706=AXIS2_PLACEMENT_3D('',#172,#6707,#6708);
#6707=DIRECTION('',(-0.6343815510910992,0.7730200822975112,0));
#6708=DIRECTION('',(0.7730200822975113,0.6343815510910993,0));
#6709=FACE_BOUND('',#6710,.T.);
#6710=EDGE_LOOP('',(#6711,#6712,#6713));
#6711=ORIENTED_EDGE('',*,*,#6714,.T.);
#6712=ORIENTED_EDGE('',*,*,#6715,.T.);
#6713=ORIENTED_EDGE('',*,*,#6716,.T.);
#6714=EDGE_CURVE('',#173,#177,#6717,.F.);
#6715=EDGE_CURVE('',#177,#293,#6718,.T.);
#6716=EDGE_CURVE('',#293,#173,#6719,.T.);
#6717=LINE('',#172,#6720);
#6718=LINE('',#176,#6721);
#6719=LINE('',#292,#6722);
#6720=VECTOR('',#6723,1.0);
#6721=VECTOR('',#6724,1.0);
#6722=VECTOR('',#6725,1.0);
#6723=DIRECTION('',(0.7730200822975113,0.6343815510910993,0));
#6724=DIRECTION('',(0,0,-1));
#6725=DIRECTION('',(-0.030494938580764575,-0.025025774724760367,0.99922158169266));
#6726=FACE_SURFACE('',(#6731),#6727,.T.);
#6727=PLANE('',#6728);
#6728=AXIS2_PLACEMENT_3D('',#172,#6729,#6730);
#6729=DIRECTION('',(-0.6343815510910992,0.7730200822975112,0));
#6730=DIRECTION('',(0.030494938580764575,0.025025774724760367,-0.99922158169266));
#6731=FACE_BOUND('',#6732,.T.);
#6732=EDGE_LOOP('',(#6733,#6734,#6735));
#6733=ORIENTED_EDGE('',*,*,#6736,.T.);
#6734=ORIENTED_EDGE('',*,*,#6737,.T.);
#6735=ORIENTED_EDGE('',*,*,#6738,.T.);
#6736=EDGE_CURVE('',#173,#293,#6739,.F.);
#6737=EDGE_CURVE('',#293,#297,#6740,.T.);
#6738=EDGE_CURVE('',#297,#173,#6741,.T.);
#6739=LINE('',#172,#6742);
#6740=LINE('',#292,#6743);
#6741=LINE('',#296,#6744);
#6742=VECTOR('',#6745,1.0);
#6743=VECTOR('',#6746,1.0);
#6744=VECTOR('',#6747,1.0);
#6745=DIRECTION('',(0.030494938580764575,0.025025774724760367,-0.99922158169266));
#6746=DIRECTION('',(-0.7730200822975113,-0.6343815510910993,0));
#6747=DIRECTION('',(0,0,1));
#6748=FACE_SURFACE('',(#6753),#6749,.T.);
#6749=PLANE('',#6750);
#6750=AXIS2_PLACEMENT_3D('',#168,#6751,#6752);
#6751=DIRECTION('',(-0.47143564564348583,0.8819004660485841,0));
#6752=DIRECTION('',(0.8819004660485841,0.4714356456434859,0));
#6753=FACE_BOUND('',#6754,.T.);
#6754=EDGE_LOOP('',(#6755,#6756,#6757));
#6755=ORIENTED_EDGE('',*,*,#6758,.T.);
#6756=ORIENTED_EDGE('',*,*,#6759,.T.);
#6757=ORIENTED_EDGE('',*,*,#6760,.T.);
#6758=EDGE_CURVE('',#169,#173,#6761,.F.);
#6759=EDGE_CURVE('',#173,#297,#6762,.T.);
#6760=EDGE_CURVE('',#297,#169,#6763,.T.);
#6761=LINE('',#168,#6764);
#6762=LINE('',#172,#6765);
#6763=LINE('',#296,#6766);
#6764=VECTOR('',#6767,1.0);
#6765=VECTOR('',#6768,1.0);
#6766=VECTOR('',#6769,1.0);
#6767=DIRECTION('',(0.8819004660485841,0.4714356456434859,0));
#6768=DIRECTION('',(0,0,-1));
#6769=DIRECTION('',(-0.03479156793688094,-0.018598454048633056,0.9992215191375204));
#6770=FACE_SURFACE('',(#6775),#6771,.T.);
#6771=PLANE('',#6772);
#6772=AXIS2_PLACEMENT_3D('',#168,#6773,#6774);
#6773=DIRECTION('',(-0.47143564564348583,0.8819004660485841,0));
#6774=DIRECTION('',(0.03479156793688094,0.018598454048633056,-0.9992215191375204));
#6775=FACE_BOUND('',#6776,.T.);
#6776=EDGE_LOOP('',(#6777,#6778,#6779));
#6777=ORIENTED_EDGE('',*,*,#6780,.T.);
#6778=ORIENTED_EDGE('',*,*,#6781,.T.);
#6779=ORIENTED_EDGE('',*,*,#6782,.T.);
#6780=EDGE_CURVE('',#169,#297,#6783,.F.);
#6781=EDGE_CURVE('',#297,#301,#6784,.T.);
#6782=EDGE_CURVE('',#301,#169,#6785,.T.);
#6783=LINE('',#168,#6786);
#6784=LINE('',#296,#6787);
#6785=LINE('',#300,#6788);
#6786=VECTOR('',#6789,1.0);
#6787=VECTOR('',#6790,1.0);
#6788=VECTOR('',#6791,1.0);
#6789=DIRECTION('',(0.03479156793688094,0.018598454048633056,-0.9992215191375204));
#6790=DIRECTION('',(-0.8819004660485841,-0.4714356456434859,0));
#6791=DIRECTION('',(0,0,1));
#6792=FACE_SURFACE('',(#6797),#6793,.T.);
#6793=PLANE('',#6794);
#6794=AXIS2_PLACEMENT_3D('',#164,#6795,#6796);
#6795=DIRECTION('',(-0.29027984262291895,0.9569418022883176,0));
#6796=DIRECTION('',(0.9569418022883175,0.29027984262291895,0));
#6797=FACE_BOUND('',#6798,.T.);
#6798=EDGE_LOOP('',(#6799,#6800,#6801));
#6799=ORIENTED_EDGE('',*,*,#6802,.T.);
#6800=ORIENTED_EDGE('',*,*,#6803,.T.);
#6801=ORIENTED_EDGE('',*,*,#6804,.T.);
#6802=EDGE_CURVE('',#165,#169,#6805,.F.);
#6803=EDGE_CURVE('',#169,#301,#6806,.T.);
#6804=EDGE_CURVE('',#301,#165,#6807,.T.);
#6805=LINE('',#164,#6808);
#6806=LINE('',#168,#6809);
#6807=LINE('',#300,#6810);
#6808=VECTOR('',#6811,1.0);
#6809=VECTOR('',#6812,1.0);
#6810=VECTOR('',#6813,1.0);
#6811=DIRECTION('',(0.9569418022883175,0.29027984262291895,0));
#6812=DIRECTION('',(0,0,-1));
#6813=DIRECTION('',(-0.03774849274807713,-0.011450671825560815,0.9992216638013769));
#6814=FACE_SURFACE('',(#6819),#6815,.T.);
#6815=PLANE('',#6816);
#6816=AXIS2_PLACEMENT_3D('',#164,#6817,#6818);
#6817=DIRECTION('',(-0.29027984262291895,0.9569418022883176,0));
#6818=DIRECTION('',(0.03774849274807713,0.011450671825560815,-0.9992216638013769));
#6819=FACE_BOUND('',#6820,.T.);
#6820=EDGE_LOOP('',(#6821,#6822,#6823));
#6821=ORIENTED_EDGE('',*,*,#6824,.T.);
#6822=ORIENTED_EDGE('',*,*,#6825,.T.);
#6823=ORIENTED_EDGE('',*,*,#6826,.T.);
#6824=EDGE_CURVE('',#165,#301,#6827,.F.);
#6825=EDGE_CURVE('',#301,#305,#6828,.T.);
#6826=EDGE_CURVE('',#305,#165,#6829,.T.);
#6827=LINE('',#164,#6830);
#6828=LINE('',#300,#6831);
#6829=LINE('',#304,#6832);
#6830=VECTOR('',#6833,1.0);
#6831=VECTOR('',#6834,1.0);
#6832=VECTOR('',#6835,1.0);
#6833=DIRECTION('',(0.03774849274807713,0.011450671825560815,-0.9992216638013769));
#6834=DIRECTION('',(-0.9569418022883175,-0.29027984262291895,0));
#6835=DIRECTION('',(0,0,1));
#6836=FACE_SURFACE('',(#6841),#6837,.T.);
#6837=PLANE('',#6838);
#6838=AXIS2_PLACEMENT_3D('',#160,#6839,#6840);
#6839=DIRECTION('',(-0.0979795351836647,0.9951884297384054,0));
#6840=DIRECTION('',(0.9951884297384054,0.09797953518366469,0));
#6841=FACE_BOUND('',#6842,.T.);
#6842=EDGE_LOOP('',(#6843,#6844,#6845));
#6843=ORIENTED_EDGE('',*,*,#6846,.T.);
#6844=ORIENTED_EDGE('',*,*,#6847,.T.);
#6845=ORIENTED_EDGE('',*,*,#6848,.T.);
#6846=EDGE_CURVE('',#161,#165,#6849,.F.);
#6847=EDGE_CURVE('',#165,#305,#6850,.T.);
#6848=EDGE_CURVE('',#305,#161,#6851,.T.);
#6849=LINE('',#160,#6852);
#6850=LINE('',#164,#6853);
#6851=LINE('',#304,#6854);
#6852=VECTOR('',#6855,1.0);
#6853=VECTOR('',#6856,1.0);
#6854=VECTOR('',#6857,1.0);
#6855=DIRECTION('',(0.9951884297384054,0.09797953518366469,0));
#6856=DIRECTION('',(0,0,-1));
#6857=DIRECTION('',(-0.03926333594109765,-0.0038656030258310426,0.9992214206891399));
#6858=FACE_SURFACE('',(#6863),#6859,.T.);
#6859=PLANE('',#6860);
#6860=AXIS2_PLACEMENT_3D('',#160,#6861,#6862);
#6861=DIRECTION('',(-0.0979795351836647,0.9951884297384054,0));
#6862=DIRECTION('',(0.03926333594109765,0.0038656030258310426,-0.9992214206891399));
#6863=FACE_BOUND('',#6864,.T.);
#6864=EDGE_LOOP('',(#6865,#6866,#6867));
#6865=ORIENTED_EDGE('',*,*,#6868,.T.);
#6866=ORIENTED_EDGE('',*,*,#6869,.T.);
#6867=ORIENTED_EDGE('',*,*,#6870,.T.);
#6868=EDGE_CURVE('',#161,#305,#6871,.F.);
#6869=EDGE_CURVE('',#305,#309,#6872,.T.);
#6870=EDGE_CURVE('',#309,#161,#6873,.T.);
#6871=LINE('',#160,#6874);
#6872=LINE('',#304,#6875);
#6873=LINE('',#308,#6876);
#6874=VECTOR('',#6877,1.0);
#6875=VECTOR('',#6878,1.0);
#6876=VECTOR('',#6879,1.0);
#6877=DIRECTION('',(0.03926333594109765,0.0038656030258310426,-0.9992214206891399));
#6878=DIRECTION('',(-0.9951884297384054,-0.09797953518366469,0));
#6879=DIRECTION('',(0,0,1));
#6880=FACE_SURFACE('',(#6885),#6881,.T.);
#6881=PLANE('',#6882);
#6882=AXIS2_PLACEMENT_3D('',#156,#6883,#6884);
#6883=DIRECTION('',(0.09798515703939359,0.9951878762324053,0));
#6884=DIRECTION('',(0.9951878762324052,-0.09798515703939359,0));
#6885=FACE_BOUND('',#6886,.T.);
#6886=EDGE_LOOP('',(#6887,#6888,#6889));
#6887=ORIENTED_EDGE('',*,*,#6890,.T.);
#6888=ORIENTED_EDGE('',*,*,#6891,.T.);
#6889=ORIENTED_EDGE('',*,*,#6892,.T.);
#6890=EDGE_CURVE('',#157,#161,#6893,.F.);
#6891=EDGE_CURVE('',#161,#309,#6894,.T.);
#6892=EDGE_CURVE('',#309,#157,#6895,.T.);
#6893=LINE('',#156,#6896);
#6894=LINE('',#160,#6897);
#6895=LINE('',#308,#6898);
#6896=VECTOR('',#6899,1.0);
#6897=VECTOR('',#6900,1.0);
#6898=VECTOR('',#6901,1.0);
#6899=DIRECTION('',(0.9951878762324052,-0.09798515703939359,0));
#6900=DIRECTION('',(0,0,-1));
#6901=DIRECTION('',(-0.039261064894147185,0.003865603371044733,0.999221509923578));
#6902=FACE_SURFACE('',(#6907),#6903,.T.);
#6903=PLANE('',#6904);
#6904=AXIS2_PLACEMENT_3D('',#156,#6905,#6906);
#6905=DIRECTION('',(0.09798515703939359,0.9951878762324053,0));
#6906=DIRECTION('',(0.039261064894147185,-0.003865603371044733,-0.999221509923578));
#6907=FACE_BOUND('',#6908,.T.);
#6908=EDGE_LOOP('',(#6909,#6910,#6911));
#6909=ORIENTED_EDGE('',*,*,#6912,.T.);
#6910=ORIENTED_EDGE('',*,*,#6913,.T.);
#6911=ORIENTED_EDGE('',*,*,#6914,.T.);
#6912=EDGE_CURVE('',#157,#309,#6915,.F.);
#6913=EDGE_CURVE('',#309,#313,#6916,.T.);
#6914=EDGE_CURVE('',#313,#157,#6917,.T.);
#6915=LINE('',#156,#6918);
#6916=LINE('',#308,#6919);
#6917=LINE('',#312,#6920);
#6918=VECTOR('',#6921,1.0);
#6919=VECTOR('',#6922,1.0);
#6920=VECTOR('',#6923,1.0);
#6921=DIRECTION('',(0.039261064894147185,-0.003865603371044733,-0.999221509923578));
#6922=DIRECTION('',(-0.9951878762324052,0.09798515703939359,0));
#6923=DIRECTION('',(0,0,1));
#6924=FACE_SURFACE('',(#6929),#6925,.T.);
#6925=PLANE('',#6926);
#6926=AXIS2_PLACEMENT_3D('',#152,#6927,#6928);
#6927=DIRECTION('',(0.2902638263432002,0.9569466605389271,0));
#6928=DIRECTION('',(0.9569466605389272,-0.2902638263432002,0));
#6929=FACE_BOUND('',#6930,.T.);
#6930=EDGE_LOOP('',(#6931,#6932,#6933));
#6931=ORIENTED_EDGE('',*,*,#6934,.T.);
#6932=ORIENTED_EDGE('',*,*,#6935,.T.);
#6933=ORIENTED_EDGE('',*,*,#6936,.T.);
#6934=EDGE_CURVE('',#153,#157,#6937,.F.);
#6935=EDGE_CURVE('',#157,#313,#6938,.T.);
#6936=EDGE_CURVE('',#313,#153,#6939,.T.);
#6937=LINE('',#152,#6940);
#6938=LINE('',#156,#6941);
#6939=LINE('',#312,#6942);
#6940=VECTOR('',#6943,1.0);
#6941=VECTOR('',#6944,1.0);
#6942=VECTOR('',#6945,1.0);
#6943=DIRECTION('',(0.9569466605389272,-0.2902638263432002,0));
#6944=DIRECTION('',(0,0,-1));
#6945=DIRECTION('',(-0.03775076406033474,0.0114506708423655,0.9992215780046589));
#6946=FACE_SURFACE('',(#6951),#6947,.T.);
#6947=PLANE('',#6948);
#6948=AXIS2_PLACEMENT_3D('',#152,#6949,#6950);
#6949=DIRECTION('',(0.2902638263432002,0.9569466605389271,0));
#6950=DIRECTION('',(0.03775076406033474,-0.0114506708423655,-0.9992215780046589));
#6951=FACE_BOUND('',#6952,.T.);
#6952=EDGE_LOOP('',(#6953,#6954,#6955));
#6953=ORIENTED_EDGE('',*,*,#6956,.T.);
#6954=ORIENTED_EDGE('',*,*,#6957,.T.);
#6955=ORIENTED_EDGE('',*,*,#6958,.T.);
#6956=EDGE_CURVE('',#153,#313,#6959,.F.);
#6957=EDGE_CURVE('',#313,#317,#6960,.T.);
#6958=EDGE_CURVE('',#317,#153,#6961,.T.);
#6959=LINE('',#152,#6962);
#6960=LINE('',#312,#6963);
#6961=LINE('',#316,#6964);
#6962=VECTOR('',#6965,1.0);
#6963=VECTOR('',#6966,1.0);
#6964=VECTOR('',#6967,1.0);
#6965=DIRECTION('',(0.03775076406033474,-0.0114506708423655,-0.9992215780046589));
#6966=DIRECTION('',(-0.9569466605389272,0.2902638263432002,0));
#6967=DIRECTION('',(0,0,1));
#6968=FACE_SURFACE('',(#6973),#6969,.T.);
#6969=PLANE('',#6970);
#6970=AXIS2_PLACEMENT_3D('',#148,#6971,#6972);
#6971=DIRECTION('',(0.47148359155031166,0.8818748340319157,0));
#6972=DIRECTION('',(0.8818748340319156,-0.4714835915503116,0));
#6973=FACE_BOUND('',#6974,.T.);
#6974=EDGE_LOOP('',(#6975,#6976,#6977));
#6975=ORIENTED_EDGE('',*,*,#6978,.T.);
#6976=ORIENTED_EDGE('',*,*,#6979,.T.);
#6977=ORIENTED_EDGE('',*,*,#6980,.T.);
#6978=EDGE_CURVE('',#149,#153,#6981,.F.);
#6979=EDGE_CURVE('',#153,#317,#6982,.T.);
#6980=EDGE_CURVE('',#317,#149,#6983,.T.);
#6981=LINE('',#148,#6984);
#6982=LINE('',#152,#6985);
#6983=LINE('',#316,#6986);
#6984=VECTOR('',#6987,1.0);
#6985=VECTOR('',#6988,1.0);
#6986=VECTOR('',#6989,1.0);
#6987=DIRECTION('',(0.8818748340319156,-0.4714835915503116,0));
#6988=DIRECTION('',(0,0,-1));
#6989=DIRECTION('',(-0.034787024335596745,0.018598456992028944,0.9992216772745626));
#6990=FACE_SURFACE('',(#6995),#6991,.T.);
#6991=PLANE('',#6992);
#6992=AXIS2_PLACEMENT_3D('',#148,#6993,#6994);
#6993=DIRECTION('',(0.47148359155031166,0.8818748340319157,0));
#6994=DIRECTION('',(0.034787024335596745,-0.018598456992028944,-0.9992216772745626));
#6995=FACE_BOUND('',#6996,.T.);
#6996=EDGE_LOOP('',(#6997,#6998,#6999));
#6997=ORIENTED_EDGE('',*,*,#7000,.T.);
#6998=ORIENTED_EDGE('',*,*,#7001,.T.);
#6999=ORIENTED_EDGE('',*,*,#7002,.T.);
#7000=EDGE_CURVE('',#149,#317,#7003,.F.);
#7001=EDGE_CURVE('',#317,#321,#7004,.T.);
#7002=EDGE_CURVE('',#321,#149,#7005,.T.);
#7003=LINE('',#148,#7006);
#7004=LINE('',#316,#7007);
#7005=LINE('',#320,#7008);
#7006=VECTOR('',#7009,1.0);
#7007=VECTOR('',#7010,1.0);
#7008=VECTOR('',#7011,1.0);
#7009=DIRECTION('',(0.034787024335596745,-0.018598456992028944,-0.9992216772745626));
#7010=DIRECTION('',(-0.8818748340319156,0.4714835915503116,0));
#7011=DIRECTION('',(0,0,1));
#7012=FACE_SURFACE('',(#7017),#7013,.T.);
#7013=PLANE('',#7014);
#7014=AXIS2_PLACEMENT_3D('',#144,#7015,#7016);
#7015=DIRECTION('',(0.6344098267885963,0.7729968768850644,0));
#7016=DIRECTION('',(0.7729968768850644,-0.6344098267885963,0));
#7017=FACE_BOUND('',#7018,.T.);
#7018=EDGE_LOOP('',(#7019,#7020,#7021));
#7019=ORIENTED_EDGE('',*,*,#7022,.T.);
#7020=ORIENTED_EDGE('',*,*,#7023,.T.);
#7021=ORIENTED_EDGE('',*,*,#7024,.T.);
#7022=EDGE_CURVE('',#145,#149,#7025,.F.);
#7023=EDGE_CURVE('',#149,#321,#7026,.T.);
#7024=EDGE_CURVE('',#321,#145,#7027,.T.);
#7025=LINE('',#144,#7028);
#7026=LINE('',#148,#7029);
#7027=LINE('',#320,#7030);
#7028=VECTOR('',#7031,1.0);
#7029=VECTOR('',#7032,1.0);
#7030=VECTOR('',#7033,1.0);
#7031=DIRECTION('',(0.7729968768850644,-0.6344098267885963,0));
#7032=DIRECTION('',(0,0,-1));
#7033=DIRECTION('',(-0.030492666142243774,0.025025776460542826,0.9992216509984582));
#7034=FACE_SURFACE('',(#7039),#7035,.T.);
#7035=PLANE('',#7036);
#7036=AXIS2_PLACEMENT_3D('',#144,#7037,#7038);
#7037=DIRECTION('',(0.6344098267885963,0.7729968768850644,0));
#7038=DIRECTION('',(0.030492666142243774,-0.025025776460542826,-0.9992216509984582));
#7039=FACE_BOUND('',#7040,.T.);
#7040=EDGE_LOOP('',(#7041,#7042,#7043));
#7041=ORIENTED_EDGE('',*,*,#7044,.T.);
#7042=ORIENTED_EDGE('',*,*,#7045,.T.);
#7043=ORIENTED_EDGE('',*,*,#7046,.T.);
#7044=EDGE_CURVE('',#145,#321,#7047,.F.);
#7045=EDGE_CURVE('',#321,#325,#7048,.T.);
#7046=EDGE_CURVE('',#325,#145,#7049,.T.);
#7047=LINE('',#144,#7050);
#7048=LINE('',#320,#7051);
#7049=LINE('',#324,#7052);
#7050=VECTOR('',#7053,1.0);
#7051=VECTOR('',#7054,1.0);
#7052=VECTOR('',#7055,1.0);
#7053=DIRECTION('',(0.030492666142243774,-0.025025776460542826,-0.9992216509984582));
#7054=DIRECTION('',(-0.7729968768850644,0.6344098267885963,0));
#7055=DIRECTION('',(0,0,1));
#7056=FACE_SURFACE('',(#7061),#7057,.T.);
#7057=PLANE('',#7058);
#7058=AXIS2_PLACEMENT_3D('',#328,#7059,#7060);
#7059=DIRECTION('',(0.7729493968091042,0.6344676744897585,-0));
#7060=DIRECTION('',(0,0,1));
#7061=FACE_BOUND('',#7062,.T.);
#7062=EDGE_LOOP('',(#7063,#7064,#7065));
#7063=ORIENTED_EDGE('',*,*,#7066,.T.);
#7064=ORIENTED_EDGE('',*,*,#7067,.T.);
#7065=ORIENTED_EDGE('',*,*,#7068,.T.);
#7066=EDGE_CURVE('',#329,#141,#7069,.F.);
#7067=EDGE_CURVE('',#141,#145,#7070,.T.);
#7068=EDGE_CURVE('',#145,#329,#7071,.T.);
#7069=LINE('',#328,#7072);
#7070=LINE('',#140,#7073);
#7071=LINE('',#144,#7074);
#7072=VECTOR('',#7075,1.0);
#7073=VECTOR('',#7076,1.0);
#7074=VECTOR('',#7077,1.0);
#7075=DIRECTION('',(0,0,1));
#7076=DIRECTION('',(0.6344676744897584,-0.7729493968091041,0));
#7077=DIRECTION('',(-0.025031457545939252,0.03049493424065493,-0.9992214394811513));
#7078=FACE_SURFACE('',(#7083),#7079,.T.);
#7079=PLANE('',#7080);
#7080=AXIS2_PLACEMENT_3D('',#328,#7081,#7082);
#7081=DIRECTION('',(0.7729493968091042,0.6344676744897585,0));
#7082=DIRECTION('',(0.025031457545939252,-0.03049493424065493,0.9992214394811513));
#7083=FACE_BOUND('',#7084,.T.);
#7084=EDGE_LOOP('',(#7085,#7086,#7087));
#7085=ORIENTED_EDGE('',*,*,#7088,.T.);
#7086=ORIENTED_EDGE('',*,*,#7089,.T.);
#7087=ORIENTED_EDGE('',*,*,#7090,.T.);
#7088=EDGE_CURVE('',#329,#145,#7091,.F.);
#7089=EDGE_CURVE('',#145,#325,#7092,.T.);
#7090=EDGE_CURVE('',#325,#329,#7093,.T.);
#7091=LINE('',#328,#7094);
#7092=LINE('',#144,#7095);
#7093=LINE('',#324,#7096);
#7094=VECTOR('',#7097,1.0);
#7095=VECTOR('',#7098,1.0);
#7096=VECTOR('',#7099,1.0);
#7097=DIRECTION('',(0.025031457545939252,-0.03049493424065493,0.9992214394811513));
#7098=DIRECTION('',(0,0,-1));
#7099=DIRECTION('',(-0.6344676744897584,0.7729493968091041,0));
#7100=FACE_SURFACE('',(#7105),#7101,.T.);
#7101=PLANE('',#7102);
#7102=AXIS2_PLACEMENT_3D('',#332,#7103,#7104);
#7103=DIRECTION('',(0.8819360081213438,0.4713691521291874,-0));
#7104=DIRECTION('',(0,0,1));
#7105=FACE_BOUND('',#7106,.T.);
#7106=EDGE_LOOP('',(#7107,#7108,#7109));
#7107=ORIENTED_EDGE('',*,*,#7110,.T.);
#7108=ORIENTED_EDGE('',*,*,#7111,.T.);
#7109=ORIENTED_EDGE('',*,*,#7112,.T.);
#7110=EDGE_CURVE('',#333,#137,#7113,.F.);
#7111=EDGE_CURVE('',#137,#141,#7114,.T.);
#7112=EDGE_CURVE('',#141,#333,#7115,.T.);
#7113=LINE('',#332,#7116);
#7114=LINE('',#136,#7117);
#7115=LINE('',#140,#7118);
#7116=VECTOR('',#7119,1.0);
#7117=VECTOR('',#7120,1.0);
#7118=VECTOR('',#7121,1.0);
#7119=DIRECTION('',(0,0,1));
#7120=DIRECTION('',(0.4713691521291874,-0.8819360081213439,0));
#7121=DIRECTION('',(-0.018594475692422226,0.0347904346120421,-0.9992216326387401));
#7122=FACE_SURFACE('',(#7127),#7123,.T.);
#7123=PLANE('',#7124);
#7124=AXIS2_PLACEMENT_3D('',#332,#7125,#7126);
#7125=DIRECTION('',(0.8819360081213438,0.4713691521291874,0));
#7126=DIRECTION('',(0.018594475692422226,-0.0347904346120421,0.9992216326387401));
#7127=FACE_BOUND('',#7128,.T.);
#7128=EDGE_LOOP('',(#7129,#7130,#7131));
#7129=ORIENTED_EDGE('',*,*,#7132,.T.);
#7130=ORIENTED_EDGE('',*,*,#7133,.T.);
#7131=ORIENTED_EDGE('',*,*,#7134,.T.);
#7132=EDGE_CURVE('',#333,#141,#7135,.F.);
#7133=EDGE_CURVE('',#141,#329,#7136,.T.);
#7134=EDGE_CURVE('',#329,#333,#7137,.T.);
#7135=LINE('',#332,#7138);
#7136=LINE('',#140,#7139);
#7137=LINE('',#328,#7140);
#7138=VECTOR('',#7141,1.0);
#7139=VECTOR('',#7142,1.0);
#7140=VECTOR('',#7143,1.0);
#7141=DIRECTION('',(0.018594475692422226,-0.0347904346120421,0.9992216326387401));
#7142=DIRECTION('',(0,0,-1));
#7143=DIRECTION('',(-0.4713691521291874,0.8819360081213439,0));
#7144=FACE_SURFACE('',(#7149),#7145,.T.);
#7145=PLANE('',#7146);
#7146=AXIS2_PLACEMENT_3D('',#336,#7147,#7148);
#7147=DIRECTION('',(0.9569666779774458,0.2901978243212921,-0));
#7148=DIRECTION('',(0,0,1));
#7149=FACE_BOUND('',#7150,.T.);
#7150=EDGE_LOOP('',(#7151,#7152,#7153));
#7151=ORIENTED_EDGE('',*,*,#7154,.T.);
#7152=ORIENTED_EDGE('',*,*,#7155,.T.);
#7153=ORIENTED_EDGE('',*,*,#7156,.T.);
#7154=EDGE_CURVE('',#337,#133,#7157,.F.);
#7155=EDGE_CURVE('',#133,#137,#7158,.T.);
#7156=EDGE_CURVE('',#137,#337,#7159,.T.);
#7157=LINE('',#336,#7160);
#7158=LINE('',#132,#7161);
#7159=LINE('',#136,#7162);
#7160=VECTOR('',#7163,1.0);
#7161=VECTOR('',#7164,1.0);
#7162=VECTOR('',#7165,1.0);
#7163=DIRECTION('',(0,0,1));
#7164=DIRECTION('',(0.2901978243212921,-0.9569666779774458,0));
#7165=DIRECTION('',(-0.011447828023173477,0.037750765289213235,-0.9992216105317331));
#7166=FACE_SURFACE('',(#7171),#7167,.T.);
#7167=PLANE('',#7168);
#7168=AXIS2_PLACEMENT_3D('',#336,#7169,#7170);
#7169=DIRECTION('',(0.9569666779774458,0.2901978243212921,0));
#7170=DIRECTION('',(0.011447828023173477,-0.037750765289213235,0.9992216105317331));
#7171=FACE_BOUND('',#7172,.T.);
#7172=EDGE_LOOP('',(#7173,#7174,#7175));
#7173=ORIENTED_EDGE('',*,*,#7176,.T.);
#7174=ORIENTED_EDGE('',*,*,#7177,.T.);
#7175=ORIENTED_EDGE('',*,*,#7178,.T.);
#7176=EDGE_CURVE('',#337,#137,#7179,.F.);
#7177=EDGE_CURVE('',#137,#333,#7180,.T.);
#7178=EDGE_CURVE('',#333,#337,#7181,.T.);
#7179=LINE('',#336,#7182);
#7180=LINE('',#136,#7183);
#7181=LINE('',#332,#7184);
#7182=VECTOR('',#7185,1.0);
#7183=VECTOR('',#7186,1.0);
#7184=VECTOR('',#7187,1.0);
#7185=DIRECTION('',(0.011447828023173477,-0.037750765289213235,0.9992216105317331));
#7186=DIRECTION('',(0,0,-1));
#7187=DIRECTION('',(-0.2901978243212921,0.9569666779774458,0));
#7188=FACE_SURFACE('',(#7193),#7189,.T.);
#7189=PLANE('',#7190);
#7190=AXIS2_PLACEMENT_3D('',#340,#7191,#7192);
#7191=DIRECTION('',(0.9951794393529384,0.09807080854755508,-0));
#7192=DIRECTION('',(0,0,1));
#7193=FACE_BOUND('',#7194,.T.);
#7194=EDGE_LOOP('',(#7195,#7196,#7197));
#7195=ORIENTED_EDGE('',*,*,#7198,.T.);
#7196=ORIENTED_EDGE('',*,*,#7199,.T.);
#7197=ORIENTED_EDGE('',*,*,#7200,.T.);
#7198=EDGE_CURVE('',#341,#127,#7201,.F.);
#7199=EDGE_CURVE('',#127,#133,#7202,.T.);
#7200=EDGE_CURVE('',#133,#341,#7203,.T.);
#7201=LINE('',#340,#7204);
#7202=LINE('',#126,#7205);
#7203=LINE('',#132,#7206);
#7204=VECTOR('',#7207,1.0);
#7205=VECTOR('',#7208,1.0);
#7206=VECTOR('',#7209,1.0);
#7207=DIRECTION('',(0,0,1));
#7208=DIRECTION('',(0.09807080854755507,-0.9951794393529383,0));
#7209=DIRECTION('',(-0.0038690151499778894,0.03926106437611308,-0.9992214967392485));
#7210=FACE_SURFACE('',(#7215),#7211,.T.);
#7211=PLANE('',#7212);
#7212=AXIS2_PLACEMENT_3D('',#340,#7213,#7214);
#7213=DIRECTION('',(0.9951794393529384,0.09807080854755508,0));
#7214=DIRECTION('',(0.0038690151499778894,-0.03926106437611308,0.9992214967392485));
#7215=FACE_BOUND('',#7216,.T.);
#7216=EDGE_LOOP('',(#7217,#7218,#7219));
#7217=ORIENTED_EDGE('',*,*,#7220,.T.);
#7218=ORIENTED_EDGE('',*,*,#7221,.T.);
#7219=ORIENTED_EDGE('',*,*,#7222,.T.);
#7220=EDGE_CURVE('',#341,#133,#7223,.F.);
#7221=EDGE_CURVE('',#133,#337,#7224,.T.);
#7222=EDGE_CURVE('',#337,#341,#7225,.T.);
#7223=LINE('',#340,#7226);
#7224=LINE('',#132,#7227);
#7225=LINE('',#336,#7228);
#7226=VECTOR('',#7229,1.0);
#7227=VECTOR('',#7230,1.0);
#7228=VECTOR('',#7231,1.0);
#7229=DIRECTION('',(0.0038690151499778894,-0.03926106437611308,0.9992214967392485));
#7230=DIRECTION('',(0,0,-1));
#7231=DIRECTION('',(-0.09807080854755507,0.9951794393529383,0));
#7232=FACE_SURFACE('',(#7237),#7233,.T.);
#7233=PLANE('',#7234);
#7234=AXIS2_PLACEMENT_3D('',#360,#7235,#7236);
#7235=DIRECTION('',(0.9951788847880964,-0.09807643586469016,0));
#7236=DIRECTION('',(0,0,1));
#7237=FACE_BOUND('',#7238,.T.);
#7238=EDGE_LOOP('',(#7239,#7240,#7241));
#7239=ORIENTED_EDGE('',*,*,#7242,.T.);
#7240=ORIENTED_EDGE('',*,*,#7243,.T.);
#7241=ORIENTED_EDGE('',*,*,#7244,.T.);
#7242=EDGE_CURVE('',#361,#125,#7245,.F.);
#7243=EDGE_CURVE('',#125,#127,#7246,.T.);
#7244=EDGE_CURVE('',#127,#361,#7247,.T.);
#7245=LINE('',#360,#7248);
#7246=LINE('',#124,#7249);
#7247=LINE('',#126,#7250);
#7248=VECTOR('',#7251,1.0);
#7249=VECTOR('',#7252,1.0);
#7250=VECTOR('',#7253,1.0);
#7251=DIRECTION('',(0,0,1));
#7252=DIRECTION('',(-0.09807643586469016,-0.9951788847880965,0));
#7253=DIRECTION('',(0.0038690154954763322,0.03925879332858406,-0.9992215859685375));
#7254=FACE_SURFACE('',(#7259),#7255,.T.);
#7255=PLANE('',#7256);
#7256=AXIS2_PLACEMENT_3D('',#360,#7257,#7258);
#7257=DIRECTION('',(0.9951788847880964,-0.09807643586469016,0));
#7258=DIRECTION('',(-0.0038690154954763322,-0.03925879332858406,0.9992215859685375));
#7259=FACE_BOUND('',#7260,.T.);
#7260=EDGE_LOOP('',(#7261,#7262,#7263));
#7261=ORIENTED_EDGE('',*,*,#7264,.T.);
#7262=ORIENTED_EDGE('',*,*,#7265,.T.);
#7263=ORIENTED_EDGE('',*,*,#7266,.T.);
#7264=EDGE_CURVE('',#361,#127,#7267,.F.);
#7265=EDGE_CURVE('',#127,#341,#7268,.T.);
#7266=EDGE_CURVE('',#341,#361,#7269,.T.);
#7267=LINE('',#360,#7270);
#7268=LINE('',#126,#7271);
#7269=LINE('',#340,#7272);
#7270=VECTOR('',#7273,1.0);
#7271=VECTOR('',#7274,1.0);
#7272=VECTOR('',#7275,1.0);
#7273=DIRECTION('',(-0.0038690154954763322,-0.03925879332858406,0.9992215859685375));
#7274=DIRECTION('',(0,0,-1));
#7275=DIRECTION('',(0.09807643586469016,0.9951788847880965,0));
#7276=FACE_SURFACE('',(#7281),#7277,.T.);
#7277=PLANE('',#7278);
#7278=AXIS2_PLACEMENT_3D('',#354,#7279,#7280);
#7279=DIRECTION('',(0.9569666779774458,-0.2901978243212921,0));
#7280=DIRECTION('',(0,0,1));
#7281=FACE_BOUND('',#7282,.T.);
#7282=EDGE_LOOP('',(#7283,#7284,#7285));
#7283=ORIENTED_EDGE('',*,*,#7286,.T.);
#7284=ORIENTED_EDGE('',*,*,#7287,.T.);
#7285=ORIENTED_EDGE('',*,*,#7288,.T.);
#7286=EDGE_CURVE('',#355,#119,#7289,.F.);
#7287=EDGE_CURVE('',#119,#125,#7290,.T.);
#7288=EDGE_CURVE('',#125,#355,#7291,.T.);
#7289=LINE('',#354,#7292);
#7290=LINE('',#118,#7293);
#7291=LINE('',#124,#7294);
#7292=VECTOR('',#7295,1.0);
#7293=VECTOR('',#7296,1.0);
#7294=VECTOR('',#7297,1.0);
#7295=DIRECTION('',(0,0,1));
#7296=DIRECTION('',(-0.2901978243212921,-0.9569666779774458,0));
#7297=DIRECTION('',(0.011447828023173477,0.037750765289213235,-0.9992216105317331));
#7298=FACE_SURFACE('',(#7303),#7299,.T.);
#7299=PLANE('',#7300);
#7300=AXIS2_PLACEMENT_3D('',#354,#7301,#7302);
#7301=DIRECTION('',(0.9569666779774458,-0.2901978243212921,0));
#7302=DIRECTION('',(-0.011447828023173477,-0.037750765289213235,0.9992216105317331));
#7303=FACE_BOUND('',#7304,.T.);
#7304=EDGE_LOOP('',(#7305,#7306,#7307));
#7305=ORIENTED_EDGE('',*,*,#7308,.T.);
#7306=ORIENTED_EDGE('',*,*,#7309,.T.);
#7307=ORIENTED_EDGE('',*,*,#7310,.T.);
#7308=EDGE_CURVE('',#355,#125,#7311,.F.);
#7309=EDGE_CURVE('',#125,#361,#7312,.T.);
#7310=EDGE_CURVE('',#361,#355,#7313,.T.);
#7311=LINE('',#354,#7314);
#7312=LINE('',#124,#7315);
#7313=LINE('',#360,#7316);
#7314=VECTOR('',#7317,1.0);
#7315=VECTOR('',#7318,1.0);
#7316=VECTOR('',#7319,1.0);
#7317=DIRECTION('',(-0.011447828023173477,-0.037750765289213235,0.9992216105317331));
#7318=DIRECTION('',(0,0,-1));
#7319=DIRECTION('',(0.2901978243212921,0.9569666779774458,0));
#7320=FACE_SURFACE('',(#7325),#7321,.T.);
#7321=PLANE('',#7322);
#7322=AXIS2_PLACEMENT_3D('',#352,#7323,#7324);
#7323=DIRECTION('',(0.8819488185182212,-0.4713451829756126,0));
#7324=DIRECTION('',(0,0,1));
#7325=FACE_BOUND('',#7326,.T.);
#7326=EDGE_LOOP('',(#7327,#7328,#7329));
#7327=ORIENTED_EDGE('',*,*,#7330,.T.);
#7328=ORIENTED_EDGE('',*,*,#7331,.T.);
#7329=ORIENTED_EDGE('',*,*,#7332,.T.);
#7330=EDGE_CURVE('',#353,#117,#7333,.F.);
#7331=EDGE_CURVE('',#117,#119,#7334,.T.);
#7332=EDGE_CURVE('',#119,#353,#7335,.T.);
#7333=LINE('',#352,#7336);
#7334=LINE('',#116,#7337);
#7335=LINE('',#118,#7338);
#7336=VECTOR('',#7339,1.0);
#7337=VECTOR('',#7340,1.0);
#7338=VECTOR('',#7341,1.0);
#7339=DIRECTION('',(0,0,1));
#7340=DIRECTION('',(-0.4713451829756127,-0.8819488185182213,0));
#7341=DIRECTION('',(0.01859447422094308,0.03479270641231264,-0.9992215535650507));
#7342=FACE_SURFACE('',(#7347),#7343,.T.);
#7343=PLANE('',#7344);
#7344=AXIS2_PLACEMENT_3D('',#352,#7345,#7346);
#7345=DIRECTION('',(0.8819488185182212,-0.4713451829756126,0));
#7346=DIRECTION('',(-0.01859447422094308,-0.03479270641231264,0.9992215535650507));
#7347=FACE_BOUND('',#7348,.T.);
#7348=EDGE_LOOP('',(#7349,#7350,#7351));
#7349=ORIENTED_EDGE('',*,*,#7352,.T.);
#7350=ORIENTED_EDGE('',*,*,#7353,.T.);
#7351=ORIENTED_EDGE('',*,*,#7354,.T.);
#7352=EDGE_CURVE('',#353,#119,#7355,.F.);
#7353=EDGE_CURVE('',#119,#355,#7356,.T.);
#7354=EDGE_CURVE('',#355,#353,#7357,.T.);
#7355=LINE('',#352,#7358);
#7356=LINE('',#118,#7359);
#7357=LINE('',#354,#7360);
#7358=VECTOR('',#7361,1.0);
#7359=VECTOR('',#7362,1.0);
#7360=VECTOR('',#7363,1.0);
#7361=DIRECTION('',(-0.01859447422094308,-0.03479270641231264,0.9992215535650507));
#7362=DIRECTION('',(0,0,-1));
#7363=DIRECTION('',(0.4713451829756127,0.8819488185182213,0));
#7364=FACE_SURFACE('',(#7369),#7365,.T.);
#7365=PLANE('',#7366);
#7366=AXIS2_PLACEMENT_3D('',#346,#7367,#7368);
#7367=DIRECTION('',(0.772937792401556,-0.6344818114630308,0));
#7368=DIRECTION('',(0,0,1));
#7369=FACE_BOUND('',#7370,.T.);
#7370=EDGE_LOOP('',(#7371,#7372,#7373));
#7371=ORIENTED_EDGE('',*,*,#7374,.T.);
#7372=ORIENTED_EDGE('',*,*,#7375,.T.);
#7373=ORIENTED_EDGE('',*,*,#7376,.T.);
#7374=EDGE_CURVE('',#347,#109,#7377,.F.);
#7375=EDGE_CURVE('',#109,#117,#7378,.T.);
#7376=EDGE_CURVE('',#117,#347,#7379,.T.);
#7377=LINE('',#346,#7380);
#7378=LINE('',#108,#7381);
#7379=LINE('',#116,#7382);
#7380=VECTOR('',#7383,1.0);
#7381=VECTOR('',#7384,1.0);
#7382=VECTOR('',#7385,1.0);
#7383=DIRECTION('',(0,0,1));
#7384=DIRECTION('',(-0.6344818114630308,-0.772937792401556,0));
#7385=DIRECTION('',(0.025031458414043455,0.030493798021615046,-0.99922147413468));
#7386=FACE_SURFACE('',(#7391),#7387,.T.);
#7387=PLANE('',#7388);
#7388=AXIS2_PLACEMENT_3D('',#346,#7389,#7390);
#7389=DIRECTION('',(0.772937792401556,-0.6344818114630308,0));
#7390=DIRECTION('',(-0.025031458414043455,-0.030493798021615046,0.99922147413468));
#7391=FACE_BOUND('',#7392,.T.);
#7392=EDGE_LOOP('',(#7393,#7394,#7395));
#7393=ORIENTED_EDGE('',*,*,#7396,.T.);
#7394=ORIENTED_EDGE('',*,*,#7397,.T.);
#7395=ORIENTED_EDGE('',*,*,#7398,.T.);
#7396=EDGE_CURVE('',#347,#117,#7399,.F.);
#7397=EDGE_CURVE('',#117,#353,#7400,.T.);
#7398=EDGE_CURVE('',#353,#347,#7401,.T.);
#7399=LINE('',#346,#7402);
#7400=LINE('',#116,#7403);
#7401=LINE('',#352,#7404);
#7402=VECTOR('',#7405,1.0);
#7403=VECTOR('',#7406,1.0);
#7404=VECTOR('',#7407,1.0);
#7405=DIRECTION('',(-0.025031458414043455,-0.030493798021615046,0.99922147413468));
#7406=DIRECTION('',(0,0,-1));
#7407=DIRECTION('',(0.6344818114630308,0.772937792401556,0));
#7408=FACE_SURFACE('',(#7413),#7409,.T.);
#7409=PLANE('',#7410);
#7410=AXIS2_PLACEMENT_3D('',#246,#7411,#7412);
#7411=DIRECTION('',(0.6344249907710099,-0.7729844313342955,0));
#7412=DIRECTION('',(0.7729844313342954,0.6344249907710098,0));
#7413=FACE_BOUND('',#7414,.T.);
#7414=EDGE_LOOP('',(#7415,#7416,#7417));
#7415=ORIENTED_EDGE('',*,*,#7418,.T.);
#7416=ORIENTED_EDGE('',*,*,#7419,.T.);
#7417=ORIENTED_EDGE('',*,*,#7420,.T.);
#7418=EDGE_CURVE('',#247,#245,#7421,.F.);
#7419=EDGE_CURVE('',#245,#215,#7422,.T.);
#7420=EDGE_CURVE('',#215,#247,#7423,.T.);
#7421=LINE('',#246,#7424);
#7422=LINE('',#244,#7425);
#7423=LINE('',#214,#7426);
#7424=VECTOR('',#7427,1.0);
#7425=VECTOR('',#7428,1.0);
#7426=VECTOR('',#7429,1.0);
#7427=DIRECTION('',(0.7729844313342954,0.6344249907710098,0));
#7428=DIRECTION('',(0,0,1));
#7429=DIRECTION('',(-0.020641184707162204,-0.016941199442710022,-0.9996434050476836));
#7430=FACE_SURFACE('',(#7435),#7431,.T.);
#7431=PLANE('',#7432);
#7432=AXIS2_PLACEMENT_3D('',#110,#7433,#7434);
#7433=DIRECTION('',(0.6344107176939017,-0.7729961457052088,0));
#7434=DIRECTION('',(-0.7729961457052088,-0.6344107176939018,0));
#7435=FACE_BOUND('',#7436,.T.);
#7436=EDGE_LOOP('',(#7437,#7438,#7439));
#7437=ORIENTED_EDGE('',*,*,#7440,.T.);
#7438=ORIENTED_EDGE('',*,*,#7441,.T.);
#7439=ORIENTED_EDGE('',*,*,#7442,.T.);
#7440=EDGE_CURVE('',#111,#109,#7443,.F.);
#7441=EDGE_CURVE('',#109,#347,#7444,.T.);
#7442=EDGE_CURVE('',#347,#111,#7445,.T.);
#7443=LINE('',#110,#7446);
#7444=LINE('',#108,#7447);
#7445=LINE('',#346,#7448);
#7446=VECTOR('',#7449,1.0);
#7447=VECTOR('',#7450,1.0);
#7448=VECTOR('',#7451,1.0);
#7449=DIRECTION('',(-0.7729961457052088,-0.6344107176939018,0));
#7450=DIRECTION('',(0,0,-1));
#7451=DIRECTION('',(0.03034731957035574,0.02490654694164258,0.9992290548789794));
#7452=FACE_SURFACE('',(#7457),#7453,.T.);
#7453=PLANE('',#7454);
#7454=AXIS2_PLACEMENT_3D('',#246,#7455,#7456);
#7455=DIRECTION('',(0.6342240456499377,-0.773149312792305,6.943511045586582E-06));
#7456=DIRECTION('',(0.020641184707162204,0.016941199442710022,0.9996434050476836));
#7457=FACE_BOUND('',#7458,.T.);
#7458=EDGE_LOOP('',(#7459,#7460,#7461));
#7459=ORIENTED_EDGE('',*,*,#7462,.T.);
#7460=ORIENTED_EDGE('',*,*,#7463,.T.);
#7461=ORIENTED_EDGE('',*,*,#7464,.T.);
#7462=EDGE_CURVE('',#247,#215,#7465,.F.);
#7463=EDGE_CURVE('',#215,#111,#7466,.T.);
#7464=EDGE_CURVE('',#111,#247,#7467,.T.);
#7465=LINE('',#246,#7468);
#7466=LINE('',#214,#7469);
#7467=LINE('',#110,#7470);
#7468=VECTOR('',#7471,1.0);
#7469=VECTOR('',#7472,1.0);
#7470=VECTOR('',#7473,1.0);
#7471=DIRECTION('',(0.020641184707162204,0.016941199442710022,0.9996434050476836));
#7472=DIRECTION('',(-0.7731493128109427,-0.6342240456652264,0));
#7473=DIRECTION('',(-0.020495654558707974,-0.016821819287803786,-0.9996484154641864));
#7474=FACE_SURFACE('',(#7479),#7475,.T.);
#7475=PLANE('',#7476);
#7476=AXIS2_PLACEMENT_3D('',#246,#7477,#7478);
#7477=DIRECTION('',(0.6343780937408667,-0.7730229195689831,1.6581723832119045E-06));
#7478=DIRECTION('',(0.020495654558707974,0.016821819287803786,0.9996484154641864));
#7479=FACE_BOUND('',#7480,.T.);
#7480=EDGE_LOOP('',(#7481,#7482,#7483));
#7481=ORIENTED_EDGE('',*,*,#7484,.T.);
#7482=ORIENTED_EDGE('',*,*,#7485,.T.);
#7483=ORIENTED_EDGE('',*,*,#7486,.T.);
#7484=EDGE_CURVE('',#247,#111,#7487,.F.);
#7485=EDGE_CURVE('',#111,#347,#7488,.T.);
#7486=EDGE_CURVE('',#347,#247,#7489,.T.);
#7487=LINE('',#246,#7490);
#7488=LINE('',#110,#7491);
#7489=LINE('',#346,#7492);
#7490=VECTOR('',#7493,1.0);
#7491=VECTOR('',#7494,1.0);
#7492=VECTOR('',#7495,1.0);
#7493=DIRECTION('',(0.020495654558707974,0.016821819287803786,0.9996484154641864));
#7494=DIRECTION('',(-0.03034731957035574,-0.02490654694164258,-0.9992290548789794));
#7495=DIRECTION('',(0.7730229195700458,0.6343780937417388,0));
#7496=FACE_SURFACE('',(#7501),#7497,.T.);
#7497=PLANE('',#7498);
#7498=AXIS2_PLACEMENT_3D('',#252,#7499,#7500);
#7499=DIRECTION('',(0.4714499578764767,-0.8818928150394856,0));
#7500=DIRECTION('',(0,0,1));
#7501=FACE_BOUND('',#7502,.T.);
#7502=EDGE_LOOP('',(#7503,#7504,#7505));
#7503=ORIENTED_EDGE('',*,*,#7506,.T.);
#7504=ORIENTED_EDGE('',*,*,#7507,.T.);
#7505=ORIENTED_EDGE('',*,*,#7508,.T.);
#7506=EDGE_CURVE('',#253,#217,#7509,.F.);
#7507=EDGE_CURVE('',#217,#215,#7510,.T.);
#7508=EDGE_CURVE('',#215,#253,#7511,.T.);
#7509=LINE('',#252,#7512);
#7510=LINE('',#216,#7513);
#7511=LINE('',#214,#7514);
#7512=VECTOR('',#7515,1.0);
#7513=VECTOR('',#7516,1.0);
#7514=VECTOR('',#7517,1.0);
#7515=DIRECTION('',(0,0,1));
#7516=DIRECTION('',(-0.8818928150394856,-0.4714499578764767,0));
#7517=DIRECTION('',(0.03478702543924774,0.018596751666750982,-0.9992217089758081));
#7518=FACE_SURFACE('',(#7523),#7519,.T.);
#7519=PLANE('',#7520);
#7520=AXIS2_PLACEMENT_3D('',#252,#7521,#7522);
#7521=DIRECTION('',(0.4714499578764767,-0.8818928150394856,0));
#7522=DIRECTION('',(-0.03478702543924774,-0.018596751666750982,0.9992217089758081));
#7523=FACE_BOUND('',#7524,.T.);
#7524=EDGE_LOOP('',(#7525,#7526,#7527));
#7525=ORIENTED_EDGE('',*,*,#7528,.T.);
#7526=ORIENTED_EDGE('',*,*,#7529,.T.);
#7527=ORIENTED_EDGE('',*,*,#7530,.T.);
#7528=EDGE_CURVE('',#253,#215,#7531,.F.);
#7529=EDGE_CURVE('',#215,#245,#7532,.T.);
#7530=EDGE_CURVE('',#245,#253,#7533,.T.);
#7531=LINE('',#252,#7534);
#7532=LINE('',#214,#7535);
#7533=LINE('',#244,#7536);
#7534=VECTOR('',#7537,1.0);
#7535=VECTOR('',#7538,1.0);
#7536=VECTOR('',#7539,1.0);
#7537=DIRECTION('',(-0.03478702543924774,-0.018596751666750982,0.9992217089758081));
#7538=DIRECTION('',(0,0,-1));
#7539=DIRECTION('',(0.8818928150394856,0.4714499578764767,0));
#7540=FACE_SURFACE('',(#7545),#7541,.T.);
#7541=PLANE('',#7542);
#7542=AXIS2_PLACEMENT_3D('',#254,#7543,#7544);
#7543=DIRECTION('',(0.2902506262701716,-0.9569506643238057,0));
#7544=DIRECTION('',(0,0,1));
#7545=FACE_BOUND('',#7546,.T.);
#7546=EDGE_LOOP('',(#7547,#7548,#7549));
#7547=ORIENTED_EDGE('',*,*,#7550,.T.);
#7548=ORIENTED_EDGE('',*,*,#7551,.T.);
#7549=ORIENTED_EDGE('',*,*,#7552,.T.);
#7550=EDGE_CURVE('',#255,#221,#7553,.F.);
#7551=EDGE_CURVE('',#221,#217,#7554,.T.);
#7552=EDGE_CURVE('',#217,#255,#7555,.T.);
#7553=LINE('',#254,#7556);
#7554=LINE('',#220,#7557);
#7555=LINE('',#216,#7558);
#7556=VECTOR('',#7559,1.0);
#7557=VECTOR('',#7560,1.0);
#7558=VECTOR('',#7561,1.0);
#7559=DIRECTION('',(0,0,1));
#7560=DIRECTION('',(-0.9569506643238057,-0.2902506262701716,0));
#7561=DIRECTION('',(0.037750764306134846,0.011450102278549305,-0.9992215845107197));
#7562=FACE_SURFACE('',(#7567),#7563,.T.);
#7563=PLANE('',#7564);
#7564=AXIS2_PLACEMENT_3D('',#254,#7565,#7566);
#7565=DIRECTION('',(0.2902506262701716,-0.9569506643238057,0));
#7566=DIRECTION('',(-0.037750764306134846,-0.011450102278549305,0.9992215845107197));
#7567=FACE_BOUND('',#7568,.T.);
#7568=EDGE_LOOP('',(#7569,#7570,#7571));
#7569=ORIENTED_EDGE('',*,*,#7572,.T.);
#7570=ORIENTED_EDGE('',*,*,#7573,.T.);
#7571=ORIENTED_EDGE('',*,*,#7574,.T.);
#7572=EDGE_CURVE('',#255,#217,#7575,.F.);
#7573=EDGE_CURVE('',#217,#253,#7576,.T.);
#7574=EDGE_CURVE('',#253,#255,#7577,.T.);
#7575=LINE('',#254,#7578);
#7576=LINE('',#216,#7579);
#7577=LINE('',#252,#7580);
#7578=VECTOR('',#7581,1.0);
#7579=VECTOR('',#7582,1.0);
#7580=VECTOR('',#7583,1.0);
#7581=DIRECTION('',(-0.037750764306134846,-0.011450102278549305,0.9992215845107197));
#7582=DIRECTION('',(0,0,-1));
#7583=DIRECTION('',(0.9569506643238057,0.2902506262701716,0));
#7584=FACE_SURFACE('',(#7589),#7585,.T.);
#7585=PLANE('',#7586);
#7586=AXIS2_PLACEMENT_3D('',#258,#7587,#7588);
#7587=DIRECTION('',(0.09807080854755508,-0.9951794393529384,0));
#7588=DIRECTION('',(0,0,1));
#7589=FACE_BOUND('',#7590,.T.);
#7590=EDGE_LOOP('',(#7591,#7592,#7593));
#7591=ORIENTED_EDGE('',*,*,#7594,.T.);
#7592=ORIENTED_EDGE('',*,*,#7595,.T.);
#7593=ORIENTED_EDGE('',*,*,#7596,.T.);
#7594=EDGE_CURVE('',#259,#223,#7597,.F.);
#7595=EDGE_CURVE('',#223,#221,#7598,.T.);
#7596=EDGE_CURVE('',#221,#259,#7599,.T.);
#7597=LINE('',#258,#7600);
#7598=LINE('',#222,#7601);
#7599=LINE('',#220,#7602);
#7600=VECTOR('',#7603,1.0);
#7601=VECTOR('',#7604,1.0);
#7602=VECTOR('',#7605,1.0);
#7603=DIRECTION('',(0,0,1));
#7604=DIRECTION('',(-0.9951794393529383,-0.09807080854755507,0));
#7605=DIRECTION('',(0.03926106437611308,0.0038690151499778894,-0.9992214967392485));
#7606=FACE_SURFACE('',(#7611),#7607,.T.);
#7607=PLANE('',#7608);
#7608=AXIS2_PLACEMENT_3D('',#258,#7609,#7610);
#7609=DIRECTION('',(0.09807080854755508,-0.9951794393529384,0));
#7610=DIRECTION('',(-0.03926106437611308,-0.0038690151499778894,0.9992214967392485));
#7611=FACE_BOUND('',#7612,.T.);
#7612=EDGE_LOOP('',(#7613,#7614,#7615));
#7613=ORIENTED_EDGE('',*,*,#7616,.T.);
#7614=ORIENTED_EDGE('',*,*,#7617,.T.);
#7615=ORIENTED_EDGE('',*,*,#7618,.T.);
#7616=EDGE_CURVE('',#259,#221,#7619,.F.);
#7617=EDGE_CURVE('',#221,#255,#7620,.T.);
#7618=EDGE_CURVE('',#255,#259,#7621,.T.);
#7619=LINE('',#258,#7622);
#7620=LINE('',#220,#7623);
#7621=LINE('',#254,#7624);
#7622=VECTOR('',#7625,1.0);
#7623=VECTOR('',#7626,1.0);
#7624=VECTOR('',#7627,1.0);
#7625=DIRECTION('',(-0.03926106437611308,-0.0038690151499778894,0.9992214967392485));
#7626=DIRECTION('',(0,0,-1));
#7627=DIRECTION('',(0.9951794393529383,0.09807080854755507,0));
#7628=FACE_SURFACE('',(#7633),#7629,.T.);
#7629=PLANE('',#7630);
#7630=AXIS2_PLACEMENT_3D('',#226,#7631,#7632);
#7631=DIRECTION('',(0.9999999999999974,0,7.068846321867175E-08));
#7632=DIRECTION('',(0,-1,0));
#7633=FACE_BOUND('',#7634,.T.);
#7634=EDGE_LOOP('',(#7635,#7636,#7637));
#7635=ORIENTED_EDGE('',*,*,#7638,.T.);
#7636=ORIENTED_EDGE('',*,*,#7639,.T.);
#7637=ORIENTED_EDGE('',*,*,#7640,.T.);
#7638=EDGE_CURVE('',#227,#35,#7641,.F.);
#7639=EDGE_CURVE('',#35,#41,#7642,.T.);
#7640=EDGE_CURVE('',#41,#227,#7643,.T.);
#7641=LINE('',#226,#7644);
#7642=LINE('',#34,#7645);
#7643=LINE('',#40,#7646);
#7644=VECTOR('',#7647,1.0);
#7645=VECTOR('',#7648,1.0);
#7646=VECTOR('',#7649,1.0);
#7647=DIRECTION('',(0,-1,0));
#7648=DIRECTION('',(7.068846321867176E-08,0,-0.9999999999999974));
#7649=DIRECTION('',(-6.578123316965129E-08,0.3660899288346662,0.9305794775331254));
#7650=FACE_SURFACE('',(#7655),#7651,.T.);
#7651=PLANE('',#7652);
#7652=AXIS2_PLACEMENT_3D('',#40,#7653,#7654);
#7653=DIRECTION('',(1,0,0));
#7654=DIRECTION('',(0,0.9998726260596964,0.01596031504973209));
#7655=FACE_BOUND('',#7656,.T.);
#7656=EDGE_LOOP('',(#7657,#7658,#7659));
#7657=ORIENTED_EDGE('',*,*,#7660,.T.);
#7658=ORIENTED_EDGE('',*,*,#7661,.T.);
#7659=ORIENTED_EDGE('',*,*,#7662,.T.);
#7660=EDGE_CURVE('',#41,#233,#7663,.F.);
#7661=EDGE_CURVE('',#233,#231,#7664,.T.);
#7662=EDGE_CURVE('',#231,#41,#7665,.T.);
#7663=LINE('',#40,#7666);
#7664=LINE('',#232,#7667);
#7665=LINE('',#230,#7668);
#7666=VECTOR('',#7669,1.0);
#7667=VECTOR('',#7670,1.0);
#7668=VECTOR('',#7671,1.0);
#7669=DIRECTION('',(0,0.9998726260596964,0.01596031504973209));
#7670=DIRECTION('',(0,0.9120581611472459,0.4100608621713419));
#7671=DIRECTION('',(0,-0.9995502015219684,-0.029989908926045094));
#7672=FACE_SURFACE('',(#7677),#7673,.T.);
#7673=PLANE('',#7674);
#7674=AXIS2_PLACEMENT_3D('',#230,#7675,#7676);
#7675=DIRECTION('',(0.9999999999999974,-0,7.113516934153855E-08));
#7676=DIRECTION('',(0,1,0));
#7677=FACE_BOUND('',#7678,.T.);
#7678=EDGE_LOOP('',(#7679,#7680,#7681));
#7679=ORIENTED_EDGE('',*,*,#7682,.T.);
#7680=ORIENTED_EDGE('',*,*,#7683,.T.);
#7681=ORIENTED_EDGE('',*,*,#7684,.T.);
#7682=EDGE_CURVE('',#231,#229,#7685,.F.);
#7683=EDGE_CURVE('',#229,#227,#7686,.T.);
#7684=EDGE_CURVE('',#227,#231,#7687,.T.);
#7685=LINE('',#230,#7688);
#7686=LINE('',#228,#7689);
#7687=LINE('',#226,#7690);
#7688=VECTOR('',#7691,1.0);
#7689=VECTOR('',#7692,1.0);
#7690=VECTOR('',#7693,1.0);
#7691=DIRECTION('',(0,1,0));
#7692=DIRECTION('',(-7.113516934153855E-08,0,0.9999999999999974));
#7693=DIRECTION('',(6.994493926026472E-08,-0.18216459980943342,-0.9832680502163507));
#7694=FACE_SURFACE('',(#7699),#7695,.T.);
#7695=PLANE('',#7696);
#7696=AXIS2_PLACEMENT_3D('',#40,#7697,#7698);
#7697=DIRECTION('',(0.9999999999999973,-2.146227194367113E-09,7.153278891015565E-08));
#7698=DIRECTION('',(0,0.9995502015219684,0.029989908926045094));
#7699=FACE_BOUND('',#7700,.T.);
#7700=EDGE_LOOP('',(#7701,#7702,#7703));
#7701=ORIENTED_EDGE('',*,*,#7704,.T.);
#7702=ORIENTED_EDGE('',*,*,#7705,.T.);
#7703=ORIENTED_EDGE('',*,*,#7706,.T.);
#7704=EDGE_CURVE('',#41,#231,#7707,.F.);
#7705=EDGE_CURVE('',#231,#227,#7708,.T.);
#7706=EDGE_CURVE('',#227,#41,#7709,.T.);
#7707=LINE('',#40,#7710);
#7708=LINE('',#230,#7711);
#7709=LINE('',#226,#7712);
#7710=VECTOR('',#7713,1.0);
#7711=VECTOR('',#7714,1.0);
#7712=VECTOR('',#7715,1.0);
#7713=DIRECTION('',(0,0.9995502015219684,0.029989908926045094));
#7714=DIRECTION('',(-6.994493926026472E-08,0.18216459980943342,0.9832680502163507));
#7715=DIRECTION('',(6.578123316965129E-08,-0.3660899288346662,-0.9305794775331254));
#7716=FACE_SURFACE('',(#7721),#7717,.T.);
#7717=PLANE('',#7718);
#7718=AXIS2_PLACEMENT_3D('',#364,#7719,#7720);
#7719=DIRECTION('',(0.9999999999999956,6.033576568075282E-08,7.06884832061126E-08));
#7720=DIRECTION('',(0,0.7606073338047216,-0.6492122024134117));
#7721=FACE_BOUND('',#7722,.T.);
#7722=EDGE_LOOP('',(#7723,#7724,#7725));
#7723=ORIENTED_EDGE('',*,*,#7726,.T.);
#7724=ORIENTED_EDGE('',*,*,#7727,.T.);
#7725=ORIENTED_EDGE('',*,*,#7728,.T.);
#7726=EDGE_CURVE('',#365,#43,#7729,.F.);
#7727=EDGE_CURVE('',#43,#49,#7730,.T.);
#7728=EDGE_CURVE('',#49,#365,#7731,.T.);
#7729=LINE('',#364,#7732);
#7730=LINE('',#42,#7733);
#7731=LINE('',#48,#7734);
#7732=VECTOR('',#7735,1.0);
#7733=VECTOR('',#7736,1.0);
#7734=VECTOR('',#7737,1.0);
#7735=DIRECTION('',(0,0.7606073338047216,-0.6492122024134117));
#7736=DIRECTION('',(-7.068848320611273E-08,0,0.9999999999999974));
#7737=DIRECTION('',(7.091492575311388E-08,-0.00376132766194516,-0.9999929261820877));
#7738=FACE_SURFACE('',(#7743),#7739,.T.);
#7739=PLANE('',#7740);
#7740=AXIS2_PLACEMENT_3D('',#48,#7741,#7742);
#7741=DIRECTION('',(0.9999999999999974,0,7.113518958239358E-08));
#7742=DIRECTION('',(0,-1,0));
#7743=FACE_BOUND('',#7744,.T.);
#7744=EDGE_LOOP('',(#7745,#7746,#7747));
#7745=ORIENTED_EDGE('',*,*,#7748,.T.);
#7746=ORIENTED_EDGE('',*,*,#7749,.T.);
#7747=ORIENTED_EDGE('',*,*,#7750,.T.);
#7748=EDGE_CURVE('',#49,#83,#7751,.F.);
#7749=EDGE_CURVE('',#83,#85,#7752,.T.);
#7750=EDGE_CURVE('',#85,#49,#7753,.T.);
#7751=LINE('',#48,#7754);
#7752=LINE('',#82,#7755);
#7753=LINE('',#84,#7756);
#7754=VECTOR('',#7757,1.0);
#7755=VECTOR('',#7758,1.0);
#7756=VECTOR('',#7759,1.0);
#7757=DIRECTION('',(0,-1,0));
#7758=DIRECTION('',(7.113518958239358E-08,0,-0.9999999999999974));
#7759=DIRECTION('',(-6.614077507091026E-08,0.3680908744342343,0.929789819345338));
#7760=FACE_SURFACE('',(#7765),#7761,.T.);
#7761=PLANE('',#7762);
#7762=AXIS2_PLACEMENT_3D('',#366,#7763,#7764);
#7763=DIRECTION('',(0.9999999999999973,1.139990228402671E-09,7.091113948882194E-08));
#7764=DIRECTION('',(0,0.9998708009972728,-0.016074243779169863));
#7765=FACE_BOUND('',#7766,.T.);
#7766=EDGE_LOOP('',(#7767,#7768,#7769));
#7767=ORIENTED_EDGE('',*,*,#7770,.T.);
#7768=ORIENTED_EDGE('',*,*,#7771,.T.);
#7769=ORIENTED_EDGE('',*,*,#7772,.T.);
#7770=EDGE_CURVE('',#367,#365,#7773,.F.);
#7771=EDGE_CURVE('',#365,#49,#7774,.T.);
#7772=EDGE_CURVE('',#49,#367,#7775,.T.);
#7773=LINE('',#366,#7776);
#7774=LINE('',#364,#7777);
#7775=LINE('',#48,#7778);
#7776=VECTOR('',#7779,1.0);
#7777=VECTOR('',#7780,1.0);
#7778=VECTOR('',#7781,1.0);
#7779=DIRECTION('',(0,0.9998708009972728,-0.016074243779169863));
#7780=DIRECTION('',(-7.091492575311388E-08,0.00376132766194516,0.9999929261820877));
#7781=DIRECTION('',(6.97998910162311E-08,-0.19284760609266832,-0.9812287199345127));
#7782=FACE_SURFACE('',(#7787),#7783,.T.);
#7783=PLANE('',#7784);
#7784=AXIS2_PLACEMENT_3D('',#48,#7785,#7786);
#7785=DIRECTION('',(0.9999999999999974,0,7.113518958239358E-08));
#7786=DIRECTION('',(6.614077507091026E-08,-0.3680908744342343,-0.929789819345338));
#7787=FACE_BOUND('',#7788,.T.);
#7788=EDGE_LOOP('',(#7789,#7790,#7791));
#7789=ORIENTED_EDGE('',*,*,#7792,.T.);
#7790=ORIENTED_EDGE('',*,*,#7793,.T.);
#7791=ORIENTED_EDGE('',*,*,#7794,.T.);
#7792=EDGE_CURVE('',#49,#85,#7795,.F.);
#7793=EDGE_CURVE('',#85,#367,#7796,.T.);
#7794=EDGE_CURVE('',#367,#49,#7797,.T.);
#7795=LINE('',#48,#7798);
#7796=LINE('',#84,#7799);
#7797=LINE('',#366,#7800);
#7798=VECTOR('',#7801,1.0);
#7799=VECTOR('',#7802,1.0);
#7800=VECTOR('',#7803,1.0);
#7801=DIRECTION('',(6.614077507091026E-08,-0.3680908744342343,-0.929789819345338));
#7802=DIRECTION('',(0,1,0));
#7803=DIRECTION('',(-6.97998910162311E-08,0.19284760609266832,0.9812287199345127));
ENDSEC;
END-ISO-10303-21;
