ISO-10303-21;
HEADER;
FILE_DESCRIPTION((''),'2;1');
FILE_NAME('Top_Half_2', '2026-09-16T23:28:48', (''), (''), 'ImageToStl.com STEP Converter','', '');
FILE_SCHEMA(('AUTOMOTIVE_DESIGN_CC2'));
ENDSEC;
DATA;
#1=PRODUCT_DEFINITION_CONTEXT('',#4,'design');
#2=APPLICATION_PROTOCOL_DEFINITION('INTERNATIONAL STANDARD','automotive_design',1994,#4);
#3=(GEOMETRIC_REPRESENTATION_CONTEXT(3)GLOBAL_UNCERTAINTY_ASSIGNED_CONTEXT((#5))GLOBAL_UNIT_ASSIGNED_CONTEXT((#6,#7,#8))REPRESENTATION_CONTEXT('NONE','WORKSPACE'));
#4=APPLICATION_CONTEXT(' ');
#5=UNCERTAINTY_MEASURE_WITH_UNIT(LENGTH_MEASURE(1.0E-006),#6,'','');
#6=(CONVERSION_BASED_UNIT('METRE',#10)LENGTH_UNIT()NAMED_UNIT(#11));
#7=(NAMED_UNIT(#12)PLANE_ANGLE_UNIT()SI_UNIT($,.RADIAN.));
#8=(NAMED_UNIT(#12)SOLID_ANGLE_UNIT()SI_UNIT($,.STERADIAN.));
#9=AXIS2_PLACEMENT_3D('',#14,#15,#16);
#10=LENGTH_MEASURE_WITH_UNIT(LENGTH_MEASURE(1.0),#17);
#11=DIMENSIONAL_EXPONENTS(1.0,0.0,0.0,0.0,0.0,0.0,0.0);
#12=DIMENSIONAL_EXPONENTS(0.0,0.0,0.0,0.0,0.0,0.0,0.0);
#13=PRODUCT_CONTEXT('',#4,'mechanical');
#14=CARTESIAN_POINT('',(0.0,0.0,0.0));
#15=DIRECTION('',(0.0,0.0,1.0));
#16=DIRECTION('',(1.0,0.0,0.0));
#17=(NAMED_UNIT(#11)LENGTH_UNIT()SI_UNIT(.MILLI.,.METRE.));
#18=PRESENTATION_STYLE_ASSIGNMENT((#19));
#19=SURFACE_STYLE_USAGE(.BOTH.,#20);
#20=SURFACE_SIDE_STYLE('',(#21));
#21=SURFACE_STYLE_FILL_AREA(#22);
#22=FILL_AREA_STYLE('',(#23));
#23=FILL_AREA_STYLE_COLOUR('',#24);
#24=COLOUR_RGB('',0.9,0.9,0.9);
#25=SHAPE_DEFINITION_REPRESENTATION(#26,#27);
#26=PRODUCT_DEFINITION_SHAPE('productshape0','',#30);
#27=MANIFOLD_SURFACE_SHAPE_REPRESENTATION('',(#28,#9),#3);
#28=SHELL_BASED_SURFACE_MODEL('shell0',(#33));
#29=PRODUCT('product0','','',(#13));
#30=PRODUCT_DEFINITION('mesh0','',#31,#2);
#31=PRODUCT_DEFINITION_FORMATION_WITH_SPECIFIED_SOURCE('prodsource0','',#29,.NOT_KNOWN.);
#32=STYLED_ITEM('',(#18),#33);
#33=CLOSED_SHELL('',(#350,#372,#394,#416,#438,#460,#482,#504,#526,#548,#570,#592,#614,#636,#658,#680,#702,#724,#746,#768,#790,#812,#834,#856,#878,#900,#922,#944,#966,#988,#1010,#1032,#1054,#1076,#1098,#1120,#1142,#1164,#1186,#1208,#1230,#1252,#1274,#1296,#1318,#1340,#1362,#1384,#1406,#1428,#1450,#1472,#1494,#1516,#1538,#1560,#1582,#1604,#1626,#1648,#1670,#1692,#1714,#1736,#1758,#1780,#1802,#1824,#1846,#1868,#1890,#1912,#1934,#1956,#1978,#2000,#2022,#2044,#2066,#2088,#2110,#2132,#2154,#2176,#2198,#2220,#2242,#2264,#2286,#2308,#2330,#2352,#2374,#2396,#2418,#2440,#2462,#2484,#2506,#2528,#2550,#2572,#2594,#2616,#2638,#2660,#2682,#2704,#2726,#2748,#2770,#2792,#2814,#2836,#2858,#2880,#2902,#2924,#2946,#2968,#2990,#3012,#3034,#3056,#3078,#3100,#3122,#3144,#3166,#3188,#3210,#3232,#3254,#3276,#3298,#3320,#3342,#3364,#3386,#3408,#3430,#3452,#3474,#3496,#3518,#3540,#3562,#3584,#3606,#3628,#3650,#3672,#3694,#3716,#3738,#3760,#3782,#3804,#3826,#3848,#3870,#3892,#3914,#3936,#3958,#3980,#4002,#4024,#4046,#4068,#4090,#4112,#4134,#4156,#4178,#4200,#4222,#4244,#4266,#4288,#4310,#4332,#4354,#4376,#4398,#4420,#4442,#4464,#4486,#4508,#4530,#4552,#4574,#4596,#4618,#4640,#4662,#4684,#4706,#4728,#4750,#4772,#4794,#4816,#4838,#4860,#4882,#4904,#4926,#4948,#4970,#4992,#5014,#5036,#5058,#5080,#5102,#5124,#5146,#5168,#5190,#5212,#5234,#5256,#5278,#5300,#5322,#5344,#5366,#5388,#5410,#5432,#5454,#5476,#5498,#5520,#5542,#5564,#5586,#5608,#5630,#5652,#5674,#5696,#5718,#5740,#5762,#5784,#5806,#5828,#5850,#5872,#5894,#5916,#5938,#5960,#5982,#6004,#6026,#6048,#6070,#6092,#6114,#6136,#6158,#6180,#6202,#6224,#6246,#6268,#6290,#6312,#6334,#6356,#6378,#6400,#6422,#6444,#6466,#6488,#6510,#6532,#6554,#6576,#6598,#6620,#6642,#6664,#6686,#6708,#6730,#6752,#6774,#6796,#6818,#6840,#6862,#6884,#6906,#6928,#6950,#6972,#6994,#7016,#7038,#7060,#7082,#7104,#7126,#7148,#7170,#7192,#7214,#7236,#7258,#7280,#7302,#7324,#7346,#7368));
#34=CARTESIAN_POINT('',(176.6373291015625,-70.70890808105469,8.624277114868164));
#35=VERTEX_POINT('',#34);
#36=CARTESIAN_POINT('',(176.6373291015625,-70.70890808105469,5.943490982055664));
#37=VERTEX_POINT('',#36);
#38=CARTESIAN_POINT('',(176.6373291015625,-70.86920928955078,5.943490982055664));
#39=VERTEX_POINT('',#38);
#40=CARTESIAN_POINT('',(176.6373291015625,68.56816101074219,12.689104080200195));
#41=VERTEX_POINT('',#40);
#42=CARTESIAN_POINT('',(176.6373291015625,68.56816101074219,5.943489074707031));
#43=VERTEX_POINT('',#42);
#44=CARTESIAN_POINT('',(176.6373291015625,68.51549530029297,5.943489074707031));
#45=VERTEX_POINT('',#44);
#46=CARTESIAN_POINT('',(176.6373291015625,68.51549530029297,8.624277114868164));
#47=VERTEX_POINT('',#46);
#48=CARTESIAN_POINT('',(176.6373291015625,-70.86920928955078,12.689104080200195));
#49=VERTEX_POINT('',#48);
#50=CARTESIAN_POINT('',(4.364861488342285,-70.86920928955078,5.943490982055664));
#51=VERTEX_POINT('',#50);
#52=CARTESIAN_POINT('',(4.364861488342285,-70.86920928955078,12.689102172851562));
#53=VERTEX_POINT('',#52);
#54=CARTESIAN_POINT('',(178.3640899658203,68.51549530029297,8.624277114868164));
#55=VERTEX_POINT('',#54);
#56=CARTESIAN_POINT('',(178.3640899658203,-70.70890808105469,8.624277114868164));
#57=VERTEX_POINT('',#56);
#58=CARTESIAN_POINT('',(178.3640899658203,68.51549530029297,5.943489074707031));
#59=VERTEX_POINT('',#58);
#60=CARTESIAN_POINT('',(178.3640899658203,-70.70890808105469,5.943490982055664));
#61=VERTEX_POINT('',#60);
#62=CARTESIAN_POINT('',(179.2638397216797,-73.52293395996094,12.689104080200195));
#63=VERTEX_POINT('',#62);
#64=CARTESIAN_POINT('',(182.916748046875,-70.91883087158203,12.689104080200195));
#65=VERTEX_POINT('',#64);
#66=CARTESIAN_POINT('',(179.5345458984375,-72.35494232177734,12.689104080200195));
#67=VERTEX_POINT('',#66);
#68=CARTESIAN_POINT('',(179.2638397216797,-73.52293395996094,5.985851287841797));
#69=VERTEX_POINT('',#68);
#70=CARTESIAN_POINT('',(182.916748046875,-70.91883087158203,5.985851287841797));
#71=VERTEX_POINT('',#70);
#72=CARTESIAN_POINT('',(4.364838123321533,-73.52293395996094,12.689104080200195));
#73=VERTEX_POINT('',#72);
#74=CARTESIAN_POINT('',(182.916748046875,68.61778259277344,12.689104080200195));
#75=VERTEX_POINT('',#74);
#76=CARTESIAN_POINT('',(179.2638397216797,71.22188568115234,12.689104080200195));
#77=VERTEX_POINT('',#76);
#78=CARTESIAN_POINT('',(179.5345458984375,70.05389404296875,12.689104080200195));
#79=VERTEX_POINT('',#78);
#80=CARTESIAN_POINT('',(182.91676330566406,68.61778259277344,5.985849380493164));
#81=VERTEX_POINT('',#80);
#82=CARTESIAN_POINT('',(179.26385498046875,71.22188568115234,5.985849380493164));
#83=VERTEX_POINT('',#82);
#84=CARTESIAN_POINT('',(179.1049346923828,65.75003051757812,12.689104080200195));
#85=VERTEX_POINT('',#84);
#86=CARTESIAN_POINT('',(179.2728271484375,65.95459747314453,12.689104080200195));
#87=VERTEX_POINT('',#86);
#88=CARTESIAN_POINT('',(179.47738647460938,-66.12248229980469,12.689104080200195));
#89=VERTEX_POINT('',#88);
#90=CARTESIAN_POINT('',(179.2728271484375,-65.95458984375,12.689104080200195));
#91=VERTEX_POINT('',#90);
#92=CARTESIAN_POINT('',(179.1049346923828,-65.75001525878906,12.689104080200195));
#93=VERTEX_POINT('',#92);
#94=CARTESIAN_POINT('',(178.98019409179688,65.51663208007812,12.689104080200195));
#95=VERTEX_POINT('',#94);
#96=CARTESIAN_POINT('',(178.9033660888672,65.26338195800781,12.689104080200195));
#97=VERTEX_POINT('',#96);
#98=CARTESIAN_POINT('',(178.98019409179688,-65.5166244506836,12.689104080200195));
#99=VERTEX_POINT('',#98);
#100=CARTESIAN_POINT('',(178.9033660888672,-65.26336669921875,12.689104080200195));
#101=VERTEX_POINT('',#100);
#102=CARTESIAN_POINT('',(178.87742614746094,65.00000762939453,12.689104080200195));
#103=VERTEX_POINT('',#102);
#104=CARTESIAN_POINT('',(178.9033660888672,64.73663330078125,12.689104080200195));
#105=VERTEX_POINT('',#104);
#106=CARTESIAN_POINT('',(178.87742614746094,-65,12.689104080200195));
#107=VERTEX_POINT('',#106);
#108=CARTESIAN_POINT('',(178.9033660888672,-64.73662567138672,12.689104080200195));
#109=VERTEX_POINT('',#108);
#110=CARTESIAN_POINT('',(178.98019409179688,64.48339080810547,12.689104080200195));
#111=VERTEX_POINT('',#110);
#112=CARTESIAN_POINT('',(178.98019409179688,-64.4833755493164,12.689104080200195));
#113=VERTEX_POINT('',#112);
#114=CARTESIAN_POINT('',(179.1049346923828,64.24998474121094,12.689104080200195));
#115=VERTEX_POINT('',#114);
#116=CARTESIAN_POINT('',(179.1049346923828,-64.2499771118164,12.689104080200195));
#117=VERTEX_POINT('',#116);
#118=CARTESIAN_POINT('',(179.2728271484375,64.04541015625,12.689104080200195));
#119=VERTEX_POINT('',#118);
#120=CARTESIAN_POINT('',(179.2728271484375,-64.04540252685547,12.689104080200195));
#121=VERTEX_POINT('',#120);
#122=CARTESIAN_POINT('',(179.47738647460938,63.877525329589844,12.689104080200195));
#123=VERTEX_POINT('',#122);
#124=CARTESIAN_POINT('',(179.47738647460938,-63.87751388549805,12.689104080200195));
#125=VERTEX_POINT('',#124);
#126=CARTESIAN_POINT('',(179.71080017089844,63.75276565551758,12.689104080200195));
#127=VERTEX_POINT('',#126);
#128=CARTESIAN_POINT('',(179.71080017089844,-63.75276184082031,12.689104080200195));
#129=VERTEX_POINT('',#128);
#130=CARTESIAN_POINT('',(179.9640350341797,63.67594909667969,12.689104080200195));
#131=VERTEX_POINT('',#130);
#132=CARTESIAN_POINT('',(179.9640350341797,-63.67593765258789,12.689104080200195));
#133=VERTEX_POINT('',#132);
#134=CARTESIAN_POINT('',(180.2274169921875,63.65000915527344,12.689104080200195));
#135=VERTEX_POINT('',#134);
#136=CARTESIAN_POINT('',(180.2274169921875,-63.64999771118164,12.689104080200195));
#137=VERTEX_POINT('',#136);
#138=CARTESIAN_POINT('',(180.49078369140625,63.67594909667969,12.689104080200195));
#139=VERTEX_POINT('',#138);
#140=CARTESIAN_POINT('',(180.49078369140625,-63.67593765258789,12.689104080200195));
#141=VERTEX_POINT('',#140);
#142=CARTESIAN_POINT('',(180.74404907226562,63.75276565551758,12.689104080200195));
#143=VERTEX_POINT('',#142);
#144=CARTESIAN_POINT('',(180.74404907226562,-63.75276184082031,12.689104080200195));
#145=VERTEX_POINT('',#144);
#146=CARTESIAN_POINT('',(180.97744750976562,63.877525329589844,12.689104080200195));
#147=VERTEX_POINT('',#146);
#148=CARTESIAN_POINT('',(180.97744750976562,-63.87751388549805,12.689104080200195));
#149=VERTEX_POINT('',#148);
#150=CARTESIAN_POINT('',(181.1820068359375,64.04541015625,12.689104080200195));
#151=VERTEX_POINT('',#150);
#152=CARTESIAN_POINT('',(181.1820068359375,-64.04540252685547,12.689104080200195));
#153=VERTEX_POINT('',#152);
#154=CARTESIAN_POINT('',(181.3498992919922,64.24998474121094,12.689104080200195));
#155=VERTEX_POINT('',#154);
#156=CARTESIAN_POINT('',(181.3498992919922,-64.2499771118164,12.689104080200195));
#157=VERTEX_POINT('',#156);
#158=CARTESIAN_POINT('',(181.4746551513672,64.48339080810547,12.689104080200195));
#159=VERTEX_POINT('',#158);
#160=CARTESIAN_POINT('',(181.4746551513672,-64.4833755493164,12.689104080200195));
#161=VERTEX_POINT('',#160);
#162=CARTESIAN_POINT('',(181.5514678955078,64.73663330078125,12.689104080200195));
#163=VERTEX_POINT('',#162);
#164=CARTESIAN_POINT('',(181.5514678955078,-64.73662567138672,12.689104080200195));
#165=VERTEX_POINT('',#164);
#166=CARTESIAN_POINT('',(181.57742309570312,65.00000762939453,12.689104080200195));
#167=VERTEX_POINT('',#166);
#168=CARTESIAN_POINT('',(181.57742309570312,-65,12.689104080200195));
#169=VERTEX_POINT('',#168);
#170=CARTESIAN_POINT('',(180.97744750976562,-66.12248229980469,12.689104080200195));
#171=VERTEX_POINT('',#170);
#172=CARTESIAN_POINT('',(180.74404907226562,-66.24723052978516,12.689104080200195));
#173=VERTEX_POINT('',#172);
#174=CARTESIAN_POINT('',(180.97744750976562,66.12248229980469,12.689104080200195));
#175=VERTEX_POINT('',#174);
#176=CARTESIAN_POINT('',(181.1820068359375,65.95459747314453,12.689104080200195));
#177=VERTEX_POINT('',#176);
#178=CARTESIAN_POINT('',(181.3498992919922,65.75003051757812,12.689104080200195));
#179=VERTEX_POINT('',#178);
#180=CARTESIAN_POINT('',(181.1820068359375,-65.95458984375,12.689104080200195));
#181=VERTEX_POINT('',#180);
#182=CARTESIAN_POINT('',(181.3498992919922,-65.75001525878906,12.689104080200195));
#183=VERTEX_POINT('',#182);
#184=CARTESIAN_POINT('',(181.4746551513672,65.51663208007812,12.689104080200195));
#185=VERTEX_POINT('',#184);
#186=CARTESIAN_POINT('',(181.5514678955078,65.26338195800781,12.689104080200195));
#187=VERTEX_POINT('',#186);
#188=CARTESIAN_POINT('',(181.4746551513672,-65.5166244506836,12.689104080200195));
#189=VERTEX_POINT('',#188);
#190=CARTESIAN_POINT('',(181.5514678955078,-65.26336669921875,12.689104080200195));
#191=VERTEX_POINT('',#190);
#192=CARTESIAN_POINT('',(180.74404907226562,66.24724578857422,12.689104080200195));
#193=VERTEX_POINT('',#192);
#194=CARTESIAN_POINT('',(179.47738647460938,66.12248229980469,12.689104080200195));
#195=VERTEX_POINT('',#194);
#196=CARTESIAN_POINT('',(179.71080017089844,66.24724578857422,12.689104080200195));
#197=VERTEX_POINT('',#196);
#198=CARTESIAN_POINT('',(180.49078369140625,66.32405853271484,12.689104080200195));
#199=VERTEX_POINT('',#198);
#200=CARTESIAN_POINT('',(179.9640350341797,66.32405853271484,12.689104080200195));
#201=VERTEX_POINT('',#200);
#202=CARTESIAN_POINT('',(180.2274169921875,66.35000610351562,12.689104080200195));
#203=VERTEX_POINT('',#202);
#204=CARTESIAN_POINT('',(179.71080017089844,-66.24723052978516,12.689104080200195));
#205=VERTEX_POINT('',#204);
#206=CARTESIAN_POINT('',(180.49078369140625,-66.32405853271484,12.689104080200195));
#207=VERTEX_POINT('',#206);
#208=CARTESIAN_POINT('',(180.2274169921875,-66.3499984741211,12.689104080200195));
#209=VERTEX_POINT('',#208);
#210=CARTESIAN_POINT('',(179.9640350341797,-66.32405853271484,12.689104080200195));
#211=VERTEX_POINT('',#210);
#212=CARTESIAN_POINT('',(4.364869117736816,71.22188568115234,5.985849380493164));
#213=VERTEX_POINT('',#212);
#214=CARTESIAN_POINT('',(4.364884853363037,71.22188568115234,12.689104080200195));
#215=VERTEX_POINT('',#214);
#216=CARTESIAN_POINT('',(4.3648457527160645,68.56816101074219,5.943489074707031));
#217=VERTEX_POINT('',#216);
#218=CARTESIAN_POINT('',(179.71080017089844,66.24724578857422,5.985849380493164));
#219=VERTEX_POINT('',#218);
#220=CARTESIAN_POINT('',(179.47738647460938,66.12248229980469,5.985849380493164));
#221=VERTEX_POINT('',#220);
#222=CARTESIAN_POINT('',(180.97744750976562,66.12248229980469,5.985849380493164));
#223=VERTEX_POINT('',#222);
#224=CARTESIAN_POINT('',(180.74404907226562,66.24724578857422,5.985849380493164));
#225=VERTEX_POINT('',#224);
#226=CARTESIAN_POINT('',(179.9640350341797,66.32405853271484,5.985849380493164));
#227=VERTEX_POINT('',#226);
#228=CARTESIAN_POINT('',(180.2274169921875,66.35000610351562,5.985849380493164));
#229=VERTEX_POINT('',#228);
#230=CARTESIAN_POINT('',(180.49078369140625,66.32405853271484,5.985849380493164));
#231=VERTEX_POINT('',#230);
#232=CARTESIAN_POINT('',(181.1820068359375,65.95459747314453,5.985849380493164));
#233=VERTEX_POINT('',#232);
#234=CARTESIAN_POINT('',(180.74404907226562,-66.24723052978516,5.985851287841797));
#235=VERTEX_POINT('',#234);
#236=CARTESIAN_POINT('',(180.97744750976562,-66.12248229980469,5.985851287841797));
#237=VERTEX_POINT('',#236);
#238=CARTESIAN_POINT('',(181.1820068359375,-65.95458984375,5.985851287841797));
#239=VERTEX_POINT('',#238);
#240=CARTESIAN_POINT('',(181.3498992919922,65.75003051757812,5.985849380493164));
#241=VERTEX_POINT('',#240);
#242=CARTESIAN_POINT('',(181.4746551513672,65.51663208007812,5.985849380493164));
#243=VERTEX_POINT('',#242);
#244=CARTESIAN_POINT('',(181.3498992919922,-65.75001525878906,5.985851287841797));
#245=VERTEX_POINT('',#244);
#246=CARTESIAN_POINT('',(181.4746551513672,-65.5166244506836,5.985851287841797));
#247=VERTEX_POINT('',#246);
#248=CARTESIAN_POINT('',(181.5514678955078,65.26338195800781,5.985849380493164));
#249=VERTEX_POINT('',#248);
#250=CARTESIAN_POINT('',(181.57742309570312,65.00000762939453,5.985849380493164));
#251=VERTEX_POINT('',#250);
#252=CARTESIAN_POINT('',(181.5514678955078,-65.26336669921875,5.985851287841797));
#253=VERTEX_POINT('',#252);
#254=CARTESIAN_POINT('',(181.57742309570312,-65,5.985851287841797));
#255=VERTEX_POINT('',#254);
#256=CARTESIAN_POINT('',(181.5514678955078,64.73663330078125,5.985849380493164));
#257=VERTEX_POINT('',#256);
#258=CARTESIAN_POINT('',(181.5514678955078,-64.73662567138672,5.985851287841797));
#259=VERTEX_POINT('',#258);
#260=CARTESIAN_POINT('',(181.4746551513672,64.48339080810547,5.985849380493164));
#261=VERTEX_POINT('',#260);
#262=CARTESIAN_POINT('',(181.4746551513672,-64.4833755493164,5.985851287841797));
#263=VERTEX_POINT('',#262);
#264=CARTESIAN_POINT('',(181.3498992919922,64.24998474121094,5.985849380493164));
#265=VERTEX_POINT('',#264);
#266=CARTESIAN_POINT('',(181.3498992919922,-64.2499771118164,5.985851287841797));
#267=VERTEX_POINT('',#266);
#268=CARTESIAN_POINT('',(181.1820068359375,64.04541015625,5.985849380493164));
#269=VERTEX_POINT('',#268);
#270=CARTESIAN_POINT('',(181.1820068359375,-64.04540252685547,5.985851287841797));
#271=VERTEX_POINT('',#270);
#272=CARTESIAN_POINT('',(180.97744750976562,63.877525329589844,5.985849380493164));
#273=VERTEX_POINT('',#272);
#274=CARTESIAN_POINT('',(180.97744750976562,-63.87751388549805,5.985851287841797));
#275=VERTEX_POINT('',#274);
#276=CARTESIAN_POINT('',(180.74404907226562,63.75276565551758,5.985849380493164));
#277=VERTEX_POINT('',#276);
#278=CARTESIAN_POINT('',(180.74404907226562,-63.75276184082031,5.985851287841797));
#279=VERTEX_POINT('',#278);
#280=CARTESIAN_POINT('',(180.49078369140625,63.67594909667969,5.985849380493164));
#281=VERTEX_POINT('',#280);
#282=CARTESIAN_POINT('',(180.49078369140625,-63.67593765258789,5.985851287841797));
#283=VERTEX_POINT('',#282);
#284=CARTESIAN_POINT('',(180.2274169921875,63.65000915527344,5.985849380493164));
#285=VERTEX_POINT('',#284);
#286=CARTESIAN_POINT('',(180.2274169921875,-63.64999771118164,5.985851287841797));
#287=VERTEX_POINT('',#286);
#288=CARTESIAN_POINT('',(179.9640350341797,63.67594909667969,5.985849380493164));
#289=VERTEX_POINT('',#288);
#290=CARTESIAN_POINT('',(179.9640350341797,-63.67593765258789,5.985851287841797));
#291=VERTEX_POINT('',#290);
#292=CARTESIAN_POINT('',(179.71080017089844,63.75276565551758,5.985849380493164));
#293=VERTEX_POINT('',#292);
#294=CARTESIAN_POINT('',(179.71080017089844,-63.75276184082031,5.985851287841797));
#295=VERTEX_POINT('',#294);
#296=CARTESIAN_POINT('',(179.47738647460938,63.877525329589844,5.985849380493164));
#297=VERTEX_POINT('',#296);
#298=CARTESIAN_POINT('',(179.47738647460938,-63.87751388549805,5.985851287841797));
#299=VERTEX_POINT('',#298);
#300=CARTESIAN_POINT('',(179.2728271484375,64.04541015625,5.985849380493164));
#301=VERTEX_POINT('',#300);
#302=CARTESIAN_POINT('',(179.2728271484375,-64.04540252685547,5.985851287841797));
#303=VERTEX_POINT('',#302);
#304=CARTESIAN_POINT('',(179.1049346923828,64.24998474121094,5.985849380493164));
#305=VERTEX_POINT('',#304);
#306=CARTESIAN_POINT('',(179.1049346923828,-64.2499771118164,5.985851287841797));
#307=VERTEX_POINT('',#306);
#308=CARTESIAN_POINT('',(178.98019409179688,64.48339080810547,5.985849380493164));
#309=VERTEX_POINT('',#308);
#310=CARTESIAN_POINT('',(178.98019409179688,-64.4833755493164,5.985851287841797));
#311=VERTEX_POINT('',#310);
#312=CARTESIAN_POINT('',(178.9033660888672,64.73663330078125,5.985849380493164));
#313=VERTEX_POINT('',#312);
#314=CARTESIAN_POINT('',(178.9033660888672,-64.73662567138672,5.985851287841797));
#315=VERTEX_POINT('',#314);
#316=CARTESIAN_POINT('',(178.87742614746094,65.00000762939453,5.985849380493164));
#317=VERTEX_POINT('',#316);
#318=CARTESIAN_POINT('',(178.87742614746094,-65,5.985851287841797));
#319=VERTEX_POINT('',#318);
#320=CARTESIAN_POINT('',(179.47738647460938,-66.12248229980469,5.985851287841797));
#321=VERTEX_POINT('',#320);
#322=CARTESIAN_POINT('',(179.71080017089844,-66.24723052978516,5.985851287841797));
#323=VERTEX_POINT('',#322);
#324=CARTESIAN_POINT('',(179.2728271484375,65.95459747314453,5.985849380493164));
#325=VERTEX_POINT('',#324);
#326=CARTESIAN_POINT('',(179.1049346923828,65.75003051757812,5.985849380493164));
#327=VERTEX_POINT('',#326);
#328=CARTESIAN_POINT('',(179.2728271484375,-65.95458984375,5.985851287841797));
#329=VERTEX_POINT('',#328);
#330=CARTESIAN_POINT('',(179.1049346923828,-65.75001525878906,5.985851287841797));
#331=VERTEX_POINT('',#330);
#332=CARTESIAN_POINT('',(178.98019409179688,65.51663208007812,5.985849380493164));
#333=VERTEX_POINT('',#332);
#334=CARTESIAN_POINT('',(178.9033660888672,65.26338195800781,5.985849380493164));
#335=VERTEX_POINT('',#334);
#336=CARTESIAN_POINT('',(178.98019409179688,-65.5166244506836,5.985851287841797));
#337=VERTEX_POINT('',#336);
#338=CARTESIAN_POINT('',(178.9033660888672,-65.26336669921875,5.985851287841797));
#339=VERTEX_POINT('',#338);
#340=CARTESIAN_POINT('',(180.49078369140625,-66.32405853271484,5.985851287841797));
#341=VERTEX_POINT('',#340);
#342=CARTESIAN_POINT('',(179.9640350341797,-66.32405853271484,5.985851287841797));
#343=VERTEX_POINT('',#342);
#344=CARTESIAN_POINT('',(180.2274169921875,-66.3499984741211,5.985851287841797));
#345=VERTEX_POINT('',#344);
#346=CARTESIAN_POINT('',(4.364838123321533,-73.52293395996094,5.985851287841797));
#347=VERTEX_POINT('',#346);
#348=CARTESIAN_POINT('',(4.3648457527160645,68.56816101074219,12.689102172851562));
#349=VERTEX_POINT('',#348);
#350=FACE_SURFACE('',(#355),#351,.T.);
#351=PLANE('',#352);
#352=AXIS2_PLACEMENT_3D('',#34,#353,#354);
#353=DIRECTION('',(-1,0,-0));
#354=DIRECTION('',(0,0,-1));
#355=FACE_BOUND('',#356,.T.);
#356=EDGE_LOOP('',(#357,#358,#359));
#357=ORIENTED_EDGE('',*,*,#360,.T.);
#358=ORIENTED_EDGE('',*,*,#361,.T.);
#359=ORIENTED_EDGE('',*,*,#362,.T.);
#360=EDGE_CURVE('',#35,#37,#363,.F.);
#361=EDGE_CURVE('',#37,#39,#364,.T.);
#362=EDGE_CURVE('',#39,#35,#365,.T.);
#363=LINE('',#34,#366);
#364=LINE('',#36,#367);
#365=LINE('',#38,#368);
#366=VECTOR('',#369,1.0);
#367=VECTOR('',#370,1.0);
#368=VECTOR('',#371,1.0);
#369=DIRECTION('',(0,0,-1));
#370=DIRECTION('',(0,-1,0));
#371=DIRECTION('',(0,0.05968972536751193,0.998216978760405));
#372=FACE_SURFACE('',(#377),#373,.T.);
#373=PLANE('',#374);
#374=AXIS2_PLACEMENT_3D('',#40,#375,#376);
#375=DIRECTION('',(-1,0,-0));
#376=DIRECTION('',(0,0,-1));
#377=FACE_BOUND('',#378,.T.);
#378=EDGE_LOOP('',(#379,#380,#381));
#379=ORIENTED_EDGE('',*,*,#382,.T.);
#380=ORIENTED_EDGE('',*,*,#383,.T.);
#381=ORIENTED_EDGE('',*,*,#384,.T.);
#382=EDGE_CURVE('',#41,#43,#385,.F.);
#383=EDGE_CURVE('',#43,#45,#386,.T.);
#384=EDGE_CURVE('',#45,#41,#387,.T.);
#385=LINE('',#40,#388);
#386=LINE('',#42,#389);
#387=LINE('',#44,#390);
#388=VECTOR('',#391,1.0);
#389=VECTOR('',#392,1.0);
#390=VECTOR('',#393,1.0);
#391=DIRECTION('',(0,0,-1));
#392=DIRECTION('',(0,-1,0));
#393=DIRECTION('',(0,0.007807161444544965,0.9999695236506855));
#394=FACE_SURFACE('',(#399),#395,.T.);
#395=PLANE('',#396);
#396=AXIS2_PLACEMENT_3D('',#40,#397,#398);
#397=DIRECTION('',(-1,0,0));
#398=DIRECTION('',(0,-0.007807161444544965,-0.9999695236506855));
#399=FACE_BOUND('',#400,.T.);
#400=EDGE_LOOP('',(#401,#402,#403));
#401=ORIENTED_EDGE('',*,*,#404,.T.);
#402=ORIENTED_EDGE('',*,*,#405,.T.);
#403=ORIENTED_EDGE('',*,*,#406,.T.);
#404=EDGE_CURVE('',#41,#45,#407,.F.);
#405=EDGE_CURVE('',#45,#47,#408,.T.);
#406=EDGE_CURVE('',#47,#41,#409,.T.);
#407=LINE('',#40,#410);
#408=LINE('',#44,#411);
#409=LINE('',#46,#412);
#410=VECTOR('',#413,1.0);
#411=VECTOR('',#414,1.0);
#412=VECTOR('',#415,1.0);
#413=DIRECTION('',(0,-0.007807161444544965,-0.9999695236506855));
#414=DIRECTION('',(0,0,1));
#415=DIRECTION('',(0,0.012955358486812769,0.9999160758216052));
#416=FACE_SURFACE('',(#421),#417,.T.);
#417=PLANE('',#418);
#418=AXIS2_PLACEMENT_3D('',#34,#419,#420);
#419=DIRECTION('',(-1,-0,0));
#420=DIRECTION('',(0,-0.05968972536751193,-0.998216978760405));
#421=FACE_BOUND('',#422,.T.);
#422=EDGE_LOOP('',(#423,#424,#425));
#423=ORIENTED_EDGE('',*,*,#426,.T.);
#424=ORIENTED_EDGE('',*,*,#427,.T.);
#425=ORIENTED_EDGE('',*,*,#428,.T.);
#426=EDGE_CURVE('',#35,#39,#429,.F.);
#427=EDGE_CURVE('',#39,#49,#430,.T.);
#428=EDGE_CURVE('',#49,#35,#431,.T.);
#429=LINE('',#34,#432);
#430=LINE('',#38,#433);
#431=LINE('',#48,#434);
#432=VECTOR('',#435,1.0);
#433=VECTOR('',#436,1.0);
#434=VECTOR('',#437,1.0);
#435=DIRECTION('',(0,-0.05968972536751193,-0.998216978760405));
#436=DIRECTION('',(0,0,1));
#437=DIRECTION('',(0,0.039405540241792006,-0.9992233000677337));
#438=FACE_SURFACE('',(#443),#439,.T.);
#439=PLANE('',#440);
#440=AXIS2_PLACEMENT_3D('',#40,#441,#442);
#441=DIRECTION('',(-1,0,0));
#442=DIRECTION('',(0,-0.012955358486812769,-0.9999160758216052));
#443=FACE_BOUND('',#444,.T.);
#444=EDGE_LOOP('',(#445,#446,#447));
#445=ORIENTED_EDGE('',*,*,#448,.T.);
#446=ORIENTED_EDGE('',*,*,#449,.T.);
#447=ORIENTED_EDGE('',*,*,#450,.T.);
#448=EDGE_CURVE('',#41,#47,#451,.F.);
#449=EDGE_CURVE('',#47,#35,#452,.T.);
#450=EDGE_CURVE('',#35,#41,#453,.T.);
#451=LINE('',#40,#454);
#452=LINE('',#46,#455);
#453=LINE('',#34,#456);
#454=VECTOR('',#457,1.0);
#455=VECTOR('',#458,1.0);
#456=VECTOR('',#459,1.0);
#457=DIRECTION('',(0,-0.012955358486812769,-0.9999160758216052));
#458=DIRECTION('',(0,-1,0));
#459=DIRECTION('',(0,0.9995743843785946,0.02917276288172971));
#460=FACE_SURFACE('',(#465),#461,.T.);
#461=PLANE('',#462);
#462=AXIS2_PLACEMENT_3D('',#34,#463,#464);
#463=DIRECTION('',(-1,0,0));
#464=DIRECTION('',(0,-0.039405540241792006,0.9992233000677337));
#465=FACE_BOUND('',#466,.T.);
#466=EDGE_LOOP('',(#467,#468,#469));
#467=ORIENTED_EDGE('',*,*,#470,.T.);
#468=ORIENTED_EDGE('',*,*,#471,.T.);
#469=ORIENTED_EDGE('',*,*,#472,.T.);
#470=EDGE_CURVE('',#35,#49,#473,.F.);
#471=EDGE_CURVE('',#49,#41,#474,.T.);
#472=EDGE_CURVE('',#41,#35,#475,.T.);
#473=LINE('',#34,#476);
#474=LINE('',#48,#477);
#475=LINE('',#40,#478);
#476=VECTOR('',#479,1.0);
#477=VECTOR('',#480,1.0);
#478=VECTOR('',#481,1.0);
#479=DIRECTION('',(0,-0.039405540241792006,0.9992233000677337));
#480=DIRECTION('',(0,1,0));
#481=DIRECTION('',(0,-0.9995743843785946,-0.02917276288172971));
#482=FACE_SURFACE('',(#487),#483,.T.);
#483=PLANE('',#484);
#484=AXIS2_PLACEMENT_3D('',#38,#485,#486);
#485=DIRECTION('',(0,1,0));
#486=DIRECTION('',(-1,0,0));
#487=FACE_BOUND('',#488,.T.);
#488=EDGE_LOOP('',(#489,#490,#491));
#489=ORIENTED_EDGE('',*,*,#492,.T.);
#490=ORIENTED_EDGE('',*,*,#493,.T.);
#491=ORIENTED_EDGE('',*,*,#494,.T.);
#492=EDGE_CURVE('',#39,#51,#495,.F.);
#493=EDGE_CURVE('',#51,#53,#496,.T.);
#494=EDGE_CURVE('',#53,#39,#497,.T.);
#495=LINE('',#38,#498);
#496=LINE('',#50,#499);
#497=LINE('',#52,#500);
#498=VECTOR('',#501,1.0);
#499=VECTOR('',#502,1.0);
#500=VECTOR('',#503,1.0);
#501=DIRECTION('',(-1,0,0));
#502=DIRECTION('',(0,0,1));
#503=DIRECTION('',(0.9992342591651319,0,-0.03912665729026627));
#504=FACE_SURFACE('',(#509),#505,.T.);
#505=PLANE('',#506);
#506=AXIS2_PLACEMENT_3D('',#38,#507,#508);
#507=DIRECTION('',(0,1,-0));
#508=DIRECTION('',(-0.9992342591651319,0,0.03912665729026627));
#509=FACE_BOUND('',#510,.T.);
#510=EDGE_LOOP('',(#511,#512,#513));
#511=ORIENTED_EDGE('',*,*,#514,.T.);
#512=ORIENTED_EDGE('',*,*,#515,.T.);
#513=ORIENTED_EDGE('',*,*,#516,.T.);
#514=EDGE_CURVE('',#39,#53,#517,.F.);
#515=EDGE_CURVE('',#53,#49,#518,.T.);
#516=EDGE_CURVE('',#49,#39,#519,.T.);
#517=LINE('',#38,#520);
#518=LINE('',#52,#521);
#519=LINE('',#48,#522);
#520=VECTOR('',#523,1.0);
#521=VECTOR('',#524,1.0);
#522=VECTOR('',#525,1.0);
#523=DIRECTION('',(-0.9992342591651319,0,0.03912665729026627));
#524=DIRECTION('',(1,0,1.1071697406081213E-08));
#525=DIRECTION('',(0,0,-1));
#526=FACE_SURFACE('',(#531),#527,.T.);
#527=PLANE('',#528);
#528=AXIS2_PLACEMENT_3D('',#54,#529,#530);
#529=DIRECTION('',(0,-0,-1));
#530=DIRECTION('',(0,-1,0));
#531=FACE_BOUND('',#532,.T.);
#532=EDGE_LOOP('',(#533,#534,#535));
#533=ORIENTED_EDGE('',*,*,#536,.T.);
#534=ORIENTED_EDGE('',*,*,#537,.T.);
#535=ORIENTED_EDGE('',*,*,#538,.T.);
#536=EDGE_CURVE('',#55,#57,#539,.F.);
#537=EDGE_CURVE('',#57,#35,#540,.T.);
#538=EDGE_CURVE('',#35,#55,#541,.T.);
#539=LINE('',#54,#542);
#540=LINE('',#56,#543);
#541=LINE('',#34,#544);
#542=VECTOR('',#545,1.0);
#543=VECTOR('',#546,1.0);
#544=VECTOR('',#547,1.0);
#545=DIRECTION('',(0,-1,0));
#546=DIRECTION('',(-1,0,0));
#547=DIRECTION('',(0.012401763096754163,0.9999230951788702,0));
#548=FACE_SURFACE('',(#553),#549,.T.);
#549=PLANE('',#550);
#550=AXIS2_PLACEMENT_3D('',#54,#551,#552);
#551=DIRECTION('',(-0,0,-1));
#552=DIRECTION('',(-0.012401763096754163,-0.9999230951788702,0));
#553=FACE_BOUND('',#554,.T.);
#554=EDGE_LOOP('',(#555,#556,#557));
#555=ORIENTED_EDGE('',*,*,#558,.T.);
#556=ORIENTED_EDGE('',*,*,#559,.T.);
#557=ORIENTED_EDGE('',*,*,#560,.T.);
#558=EDGE_CURVE('',#55,#35,#561,.F.);
#559=EDGE_CURVE('',#35,#47,#562,.T.);
#560=EDGE_CURVE('',#47,#55,#563,.T.);
#561=LINE('',#54,#564);
#562=LINE('',#34,#565);
#563=LINE('',#46,#566);
#564=VECTOR('',#567,1.0);
#565=VECTOR('',#568,1.0);
#566=VECTOR('',#569,1.0);
#567=DIRECTION('',(-0.012401763096754163,-0.9999230951788702,0));
#568=DIRECTION('',(0,1,0));
#569=DIRECTION('',(1,0,0));
#570=FACE_SURFACE('',(#575),#571,.T.);
#571=PLANE('',#572);
#572=AXIS2_PLACEMENT_3D('',#56,#573,#574);
#573=DIRECTION('',(-1,0,0));
#574=DIRECTION('',(0,1,0));
#575=FACE_BOUND('',#576,.T.);
#576=EDGE_LOOP('',(#577,#578,#579));
#577=ORIENTED_EDGE('',*,*,#580,.T.);
#578=ORIENTED_EDGE('',*,*,#581,.T.);
#579=ORIENTED_EDGE('',*,*,#582,.T.);
#580=EDGE_CURVE('',#57,#55,#583,.F.);
#581=EDGE_CURVE('',#55,#59,#584,.T.);
#582=EDGE_CURVE('',#59,#57,#585,.T.);
#583=LINE('',#56,#586);
#584=LINE('',#54,#587);
#585=LINE('',#58,#588);
#586=VECTOR('',#589,1.0);
#587=VECTOR('',#590,1.0);
#588=VECTOR('',#591,1.0);
#589=DIRECTION('',(0,1,0));
#590=DIRECTION('',(0,0,-1));
#591=DIRECTION('',(0,-0.9998146709566933,0.019251590577384573));
#592=FACE_SURFACE('',(#597),#593,.T.);
#593=PLANE('',#594);
#594=AXIS2_PLACEMENT_3D('',#56,#595,#596);
#595=DIRECTION('',(-1,0,0));
#596=DIRECTION('',(0,0.9998146709566933,-0.019251590577384573));
#597=FACE_BOUND('',#598,.T.);
#598=EDGE_LOOP('',(#599,#600,#601));
#599=ORIENTED_EDGE('',*,*,#602,.T.);
#600=ORIENTED_EDGE('',*,*,#603,.T.);
#601=ORIENTED_EDGE('',*,*,#604,.T.);
#602=EDGE_CURVE('',#57,#59,#605,.F.);
#603=EDGE_CURVE('',#59,#61,#606,.T.);
#604=EDGE_CURVE('',#61,#57,#607,.T.);
#605=LINE('',#56,#608);
#606=LINE('',#58,#609);
#607=LINE('',#60,#610);
#608=VECTOR('',#611,1.0);
#609=VECTOR('',#612,1.0);
#610=VECTOR('',#613,1.0);
#611=DIRECTION('',(0,0.9998146709566933,-0.019251590577384573));
#612=DIRECTION('',(0,-1,1.3699815452526001E-08));
#613=DIRECTION('',(0,0,1));
#614=FACE_SURFACE('',(#619),#615,.T.);
#615=PLANE('',#616);
#616=AXIS2_PLACEMENT_3D('',#58,#617,#618);
#617=DIRECTION('',(0,-1,0));
#618=DIRECTION('',(0,0,1));
#619=FACE_BOUND('',#620,.T.);
#620=EDGE_LOOP('',(#621,#622,#623));
#621=ORIENTED_EDGE('',*,*,#624,.T.);
#622=ORIENTED_EDGE('',*,*,#625,.T.);
#623=ORIENTED_EDGE('',*,*,#626,.T.);
#624=EDGE_CURVE('',#59,#55,#627,.F.);
#625=EDGE_CURVE('',#55,#47,#628,.T.);
#626=EDGE_CURVE('',#47,#59,#629,.T.);
#627=LINE('',#58,#630);
#628=LINE('',#54,#631);
#629=LINE('',#46,#632);
#630=VECTOR('',#633,1.0);
#631=VECTOR('',#634,1.0);
#632=VECTOR('',#635,1.0);
#633=DIRECTION('',(0,0,1));
#634=DIRECTION('',(-1,0,0));
#635=DIRECTION('',(0.5415111860259912,0,-0.8406935442887166));
#636=FACE_SURFACE('',(#641),#637,.T.);
#637=PLANE('',#638);
#638=AXIS2_PLACEMENT_3D('',#58,#639,#640);
#639=DIRECTION('',(0,-1,0));
#640=DIRECTION('',(-0.5415111860259912,0,0.8406935442887166));
#641=FACE_BOUND('',#642,.T.);
#642=EDGE_LOOP('',(#643,#644,#645));
#643=ORIENTED_EDGE('',*,*,#646,.T.);
#644=ORIENTED_EDGE('',*,*,#647,.T.);
#645=ORIENTED_EDGE('',*,*,#648,.T.);
#646=EDGE_CURVE('',#59,#47,#649,.F.);
#647=EDGE_CURVE('',#47,#45,#650,.T.);
#648=EDGE_CURVE('',#45,#59,#651,.T.);
#649=LINE('',#58,#652);
#650=LINE('',#46,#653);
#651=LINE('',#44,#654);
#652=VECTOR('',#655,1.0);
#653=VECTOR('',#656,1.0);
#654=VECTOR('',#657,1.0);
#655=DIRECTION('',(-0.5415111860259912,0,0.8406935442887166));
#656=DIRECTION('',(0,0,-1));
#657=DIRECTION('',(1,0,0));
#658=FACE_SURFACE('',(#663),#659,.T.);
#659=PLANE('',#660);
#660=AXIS2_PLACEMENT_3D('',#36,#661,#662);
#661=DIRECTION('',(0,1,0));
#662=DIRECTION('',(0,0,1));
#663=FACE_BOUND('',#664,.T.);
#664=EDGE_LOOP('',(#665,#666,#667));
#665=ORIENTED_EDGE('',*,*,#668,.T.);
#666=ORIENTED_EDGE('',*,*,#669,.T.);
#667=ORIENTED_EDGE('',*,*,#670,.T.);
#668=EDGE_CURVE('',#37,#35,#671,.F.);
#669=EDGE_CURVE('',#35,#57,#672,.T.);
#670=EDGE_CURVE('',#57,#37,#673,.T.);
#671=LINE('',#36,#674);
#672=LINE('',#34,#675);
#673=LINE('',#56,#676);
#674=VECTOR('',#677,1.0);
#675=VECTOR('',#678,1.0);
#676=VECTOR('',#679,1.0);
#677=DIRECTION('',(0,0,1));
#678=DIRECTION('',(1,0,0));
#679=DIRECTION('',(-0.5415114583278685,0,-0.8406933688923834));
#680=FACE_SURFACE('',(#685),#681,.T.);
#681=PLANE('',#682);
#682=AXIS2_PLACEMENT_3D('',#36,#683,#684);
#683=DIRECTION('',(0,1,0));
#684=DIRECTION('',(0.5415114583278685,0,0.8406933688923834));
#685=FACE_BOUND('',#686,.T.);
#686=EDGE_LOOP('',(#687,#688,#689));
#687=ORIENTED_EDGE('',*,*,#690,.T.);
#688=ORIENTED_EDGE('',*,*,#691,.T.);
#689=ORIENTED_EDGE('',*,*,#692,.T.);
#690=EDGE_CURVE('',#37,#57,#693,.F.);
#691=EDGE_CURVE('',#57,#61,#694,.T.);
#692=EDGE_CURVE('',#61,#37,#695,.T.);
#693=LINE('',#36,#696);
#694=LINE('',#56,#697);
#695=LINE('',#60,#698);
#696=VECTOR('',#699,1.0);
#697=VECTOR('',#700,1.0);
#698=VECTOR('',#701,1.0);
#699=DIRECTION('',(0.5415114583278685,0,0.8406933688923834));
#700=DIRECTION('',(0,0,-1));
#701=DIRECTION('',(-1,0,0));
#702=FACE_SURFACE('',(#707),#703,.T.);
#703=PLANE('',#704);
#704=AXIS2_PLACEMENT_3D('',#62,#705,#706);
#705=DIRECTION('',(0,0,1));
#706=DIRECTION('',(0.8142726251011329,0.5804826371313011,0));
#707=FACE_BOUND('',#708,.T.);
#708=EDGE_LOOP('',(#709,#710,#711));
#709=ORIENTED_EDGE('',*,*,#712,.T.);
#710=ORIENTED_EDGE('',*,*,#713,.T.);
#711=ORIENTED_EDGE('',*,*,#714,.T.);
#712=EDGE_CURVE('',#63,#65,#715,.F.);
#713=EDGE_CURVE('',#65,#67,#716,.T.);
#714=EDGE_CURVE('',#67,#63,#717,.T.);
#715=LINE('',#62,#718);
#716=LINE('',#64,#719);
#717=LINE('',#66,#720);
#718=VECTOR('',#721,1.0);
#719=VECTOR('',#722,1.0);
#720=VECTOR('',#723,1.0);
#721=DIRECTION('',(0.8142726251011329,0.5804826371313011,0));
#722=DIRECTION('',(-0.9204606223107055,-0.3908353141354922,0));
#723=DIRECTION('',(-0.2257856351546813,-0.9741770100745537,0));
#724=FACE_SURFACE('',(#729),#725,.T.);
#725=PLANE('',#726);
#726=AXIS2_PLACEMENT_3D('',#62,#727,#728);
#727=DIRECTION('',(0.5804826371313011,-0.8142726251011329,0));
#728=DIRECTION('',(0,0,-1));
#729=FACE_BOUND('',#730,.T.);
#730=EDGE_LOOP('',(#731,#732,#733));
#731=ORIENTED_EDGE('',*,*,#734,.T.);
#732=ORIENTED_EDGE('',*,*,#735,.T.);
#733=ORIENTED_EDGE('',*,*,#736,.T.);
#734=EDGE_CURVE('',#63,#69,#737,.F.);
#735=EDGE_CURVE('',#69,#71,#738,.T.);
#736=EDGE_CURVE('',#71,#63,#739,.T.);
#737=LINE('',#62,#740);
#738=LINE('',#68,#741);
#739=LINE('',#70,#742);
#740=VECTOR('',#743,1.0);
#741=VECTOR('',#744,1.0);
#742=VECTOR('',#745,1.0);
#743=DIRECTION('',(0,0,-1));
#744=DIRECTION('',(0.8142726251011329,0.5804826371313011,0));
#745=DIRECTION('',(-0.4528831009879036,-0.3228535120421229,0.8310610727266962));
#746=FACE_SURFACE('',(#751),#747,.T.);
#747=PLANE('',#748);
#748=AXIS2_PLACEMENT_3D('',#62,#749,#750);
#749=DIRECTION('',(0.5804826371313011,-0.8142726251011329,0));
#750=DIRECTION('',(0.4528831009879036,0.3228535120421229,-0.8310610727266962));
#751=FACE_BOUND('',#752,.T.);
#752=EDGE_LOOP('',(#753,#754,#755));
#753=ORIENTED_EDGE('',*,*,#756,.T.);
#754=ORIENTED_EDGE('',*,*,#757,.T.);
#755=ORIENTED_EDGE('',*,*,#758,.T.);
#756=EDGE_CURVE('',#63,#71,#759,.F.);
#757=EDGE_CURVE('',#71,#65,#760,.T.);
#758=EDGE_CURVE('',#65,#63,#761,.T.);
#759=LINE('',#62,#762);
#760=LINE('',#70,#763);
#761=LINE('',#64,#764);
#762=VECTOR('',#765,1.0);
#763=VECTOR('',#766,1.0);
#764=VECTOR('',#767,1.0);
#765=DIRECTION('',(0.4528831009879036,0.3228535120421229,-0.8310610727266962));
#766=DIRECTION('',(0,0,1));
#767=DIRECTION('',(-0.8142726251011329,-0.5804826371313011,0));
#768=FACE_SURFACE('',(#773),#769,.T.);
#769=PLANE('',#770);
#770=AXIS2_PLACEMENT_3D('',#62,#771,#772);
#771=DIRECTION('',(0,-0,1));
#772=DIRECTION('',(0.2257856351546813,0.9741770100745537,0));
#773=FACE_BOUND('',#774,.T.);
#774=EDGE_LOOP('',(#775,#776,#777));
#775=ORIENTED_EDGE('',*,*,#778,.T.);
#776=ORIENTED_EDGE('',*,*,#779,.T.);
#777=ORIENTED_EDGE('',*,*,#780,.T.);
#778=EDGE_CURVE('',#63,#67,#781,.F.);
#779=EDGE_CURVE('',#67,#49,#782,.T.);
#780=EDGE_CURVE('',#49,#63,#783,.T.);
#781=LINE('',#62,#784);
#782=LINE('',#66,#785);
#783=LINE('',#48,#786);
#784=VECTOR('',#787,1.0);
#785=VECTOR('',#788,1.0);
#786=VECTOR('',#789,1.0);
#787=DIRECTION('',(0.2257856351546813,0.9741770100745537,0));
#788=DIRECTION('',(-0.8898198535819729,0.45631198556618735,0));
#789=DIRECTION('',(0.7034530477458322,-0.7107417320075555,0));
#790=FACE_SURFACE('',(#795),#791,.T.);
#791=PLANE('',#792);
#792=AXIS2_PLACEMENT_3D('',#48,#793,#794);
#793=DIRECTION('',(-1.1071697406078352E-08,7.187440780009968E-07,0.9999999999997417));
#794=DIRECTION('',(-1,0,-1.1071697406081213E-08));
#795=FACE_BOUND('',#796,.T.);
#796=EDGE_LOOP('',(#797,#798,#799));
#797=ORIENTED_EDGE('',*,*,#800,.T.);
#798=ORIENTED_EDGE('',*,*,#801,.T.);
#799=ORIENTED_EDGE('',*,*,#802,.T.);
#800=EDGE_CURVE('',#49,#53,#803,.F.);
#801=EDGE_CURVE('',#53,#73,#804,.T.);
#802=EDGE_CURVE('',#73,#49,#805,.T.);
#803=LINE('',#48,#806);
#804=LINE('',#52,#807);
#805=LINE('',#72,#808);
#806=VECTOR('',#809,1.0);
#807=VECTOR('',#810,1.0);
#808=VECTOR('',#811,1.0);
#809=DIRECTION('',(-1,0,-1.1071697406081213E-08));
#810=DIRECTION('',(-8.804613761016202E-06,-0.999999999960981,7.187439804911185E-07));
#811=DIRECTION('',(0.9998813759959355,0.015402400347825753,0));
#812=FACE_SURFACE('',(#817),#813,.T.);
#813=PLANE('',#814);
#814=AXIS2_PLACEMENT_3D('',#48,#815,#816);
#815=DIRECTION('',(0,0,1));
#816=DIRECTION('',(-0.9998813759959355,-0.015402400347825753,0));
#817=FACE_BOUND('',#818,.T.);
#818=EDGE_LOOP('',(#819,#820,#821));
#819=ORIENTED_EDGE('',*,*,#822,.T.);
#820=ORIENTED_EDGE('',*,*,#823,.T.);
#821=ORIENTED_EDGE('',*,*,#824,.T.);
#822=EDGE_CURVE('',#49,#73,#825,.F.);
#823=EDGE_CURVE('',#73,#63,#826,.T.);
#824=EDGE_CURVE('',#63,#49,#827,.T.);
#825=LINE('',#48,#828);
#826=LINE('',#72,#829);
#827=LINE('',#62,#830);
#828=VECTOR('',#831,1.0);
#829=VECTOR('',#832,1.0);
#830=VECTOR('',#833,1.0);
#831=DIRECTION('',(-0.9998813759959355,-0.015402400347825753,0));
#832=DIRECTION('',(1,0,0));
#833=DIRECTION('',(-0.7034530477458322,0.7107417320075555,0));
#834=FACE_SURFACE('',(#839),#835,.T.);
#835=PLANE('',#836);
#836=AXIS2_PLACEMENT_3D('',#74,#837,#838);
#837=DIRECTION('',(0,0,1));
#838=DIRECTION('',(-0.8142726251011329,0.5804826371313011,0));
#839=FACE_BOUND('',#840,.T.);
#840=EDGE_LOOP('',(#841,#842,#843));
#841=ORIENTED_EDGE('',*,*,#844,.T.);
#842=ORIENTED_EDGE('',*,*,#845,.T.);
#843=ORIENTED_EDGE('',*,*,#846,.T.);
#844=EDGE_CURVE('',#75,#77,#847,.F.);
#845=EDGE_CURVE('',#77,#79,#848,.T.);
#846=EDGE_CURVE('',#79,#75,#849,.T.);
#847=LINE('',#74,#850);
#848=LINE('',#76,#851);
#849=LINE('',#78,#852);
#850=VECTOR('',#853,1.0);
#851=VECTOR('',#854,1.0);
#852=VECTOR('',#855,1.0);
#853=DIRECTION('',(-0.8142726251011329,0.5804826371313011,0));
#854=DIRECTION('',(0.2257856351546813,-0.9741770100745537,0));
#855=DIRECTION('',(0.9204606223107055,-0.3908353141354922,0));
#856=FACE_SURFACE('',(#861),#857,.T.);
#857=PLANE('',#858);
#858=AXIS2_PLACEMENT_3D('',#74,#859,#860);
#859=DIRECTION('',(0.5804826371307944,0.8142726251004221,1.321367382147905E-06));
#860=DIRECTION('',(2.276325418923342E-06,0,-0.9999999999974092));
#861=FACE_BOUND('',#862,.T.);
#862=EDGE_LOOP('',(#863,#864,#865));
#863=ORIENTED_EDGE('',*,*,#866,.T.);
#864=ORIENTED_EDGE('',*,*,#867,.T.);
#865=ORIENTED_EDGE('',*,*,#868,.T.);
#866=EDGE_CURVE('',#75,#81,#869,.F.);
#867=EDGE_CURVE('',#81,#83,#870,.T.);
#868=EDGE_CURVE('',#83,#75,#871,.T.);
#869=LINE('',#74,#872);
#870=LINE('',#80,#873);
#871=LINE('',#82,#874);
#872=VECTOR('',#875,1.0);
#873=VECTOR('',#876,1.0);
#874=VECTOR('',#877,1.0);
#875=DIRECTION('',(2.276325418923342E-06,0,-0.9999999999974092));
#876=DIRECTION('',(-0.8142726251011329,0.5804826371313011,0));
#877=DIRECTION('',(0.4528815082258917,-0.3228537251984212,0.8310618578857676));
#878=FACE_SURFACE('',(#883),#879,.T.);
#879=PLANE('',#880);
#880=AXIS2_PLACEMENT_3D('',#74,#881,#882);
#881=DIRECTION('',(0.5804826371307944,0.8142726251004221,1.321367382147905E-06));
#882=DIRECTION('',(-0.4528815082258917,0.3228537251984212,-0.8310618578857676));
#883=FACE_BOUND('',#884,.T.);
#884=EDGE_LOOP('',(#885,#886,#887));
#885=ORIENTED_EDGE('',*,*,#888,.T.);
#886=ORIENTED_EDGE('',*,*,#889,.T.);
#887=ORIENTED_EDGE('',*,*,#890,.T.);
#888=EDGE_CURVE('',#75,#83,#891,.F.);
#889=EDGE_CURVE('',#83,#77,#892,.T.);
#890=EDGE_CURVE('',#77,#75,#893,.T.);
#891=LINE('',#74,#894);
#892=LINE('',#82,#895);
#893=LINE('',#76,#896);
#894=VECTOR('',#897,1.0);
#895=VECTOR('',#898,1.0);
#896=VECTOR('',#899,1.0);
#897=DIRECTION('',(-0.4528815082258917,0.3228537251984212,-0.8310618578857676));
#898=DIRECTION('',(-2.276325418923342E-06,0,0.9999999999974092));
#899=DIRECTION('',(0.8142726251011329,-0.5804826371313011,0));
#900=FACE_SURFACE('',(#905),#901,.T.);
#901=PLANE('',#902);
#902=AXIS2_PLACEMENT_3D('',#84,#903,#904);
#903=DIRECTION('',(0,-0,1));
#904=DIRECTION('',(0.6344129151675546,0.7729943421970209,0));
#905=FACE_BOUND('',#906,.T.);
#906=EDGE_LOOP('',(#907,#908,#909));
#907=ORIENTED_EDGE('',*,*,#910,.T.);
#908=ORIENTED_EDGE('',*,*,#911,.T.);
#909=ORIENTED_EDGE('',*,*,#912,.T.);
#910=EDGE_CURVE('',#85,#87,#913,.F.);
#911=EDGE_CURVE('',#87,#41,#914,.T.);
#912=EDGE_CURVE('',#41,#85,#915,.T.);
#913=LINE('',#84,#916);
#914=LINE('',#86,#917);
#915=LINE('',#40,#918);
#916=VECTOR('',#919,1.0);
#917=VECTOR('',#920,1.0);
#918=VECTOR('',#921,1.0);
#919=DIRECTION('',(0.6344129151675546,0.7729943421970209,0));
#920=DIRECTION('',(-0.7100554032842552,0.7041458117938597,0));
#921=DIRECTION('',(0.6587678725342139,-0.7523462567971916,0));
#922=FACE_SURFACE('',(#927),#923,.T.);
#923=PLANE('',#924);
#924=AXIS2_PLACEMENT_3D('',#48,#925,#926);
#925=DIRECTION('',(0,0,1));
#926=DIRECTION('',(0.5134347464307495,0.8581286390498758,0));
#927=FACE_BOUND('',#928,.T.);
#928=EDGE_LOOP('',(#929,#930,#931));
#929=ORIENTED_EDGE('',*,*,#932,.T.);
#930=ORIENTED_EDGE('',*,*,#933,.T.);
#931=ORIENTED_EDGE('',*,*,#934,.T.);
#932=EDGE_CURVE('',#49,#89,#935,.F.);
#933=EDGE_CURVE('',#89,#91,#936,.T.);
#934=EDGE_CURVE('',#91,#49,#937,.T.);
#935=LINE('',#48,#938);
#936=LINE('',#88,#939);
#937=LINE('',#90,#940);
#938=VECTOR('',#941,1.0);
#939=VECTOR('',#942,1.0);
#940=VECTOR('',#943,1.0);
#941=DIRECTION('',(0.5134347464307495,0.8581286390498758,0));
#942=DIRECTION('',(-0.7729827386850253,0.6344270530919986,0));
#943=DIRECTION('',(-0.47259285638499415,-0.8812808814979889,0));
#944=FACE_SURFACE('',(#949),#945,.T.);
#945=PLANE('',#946);
#946=AXIS2_PLACEMENT_3D('',#48,#947,#948);
#947=DIRECTION('',(0,0,1));
#948=DIRECTION('',(0.47259285638499415,0.8812808814979889,0));
#949=FACE_BOUND('',#950,.T.);
#950=EDGE_LOOP('',(#951,#952,#953));
#951=ORIENTED_EDGE('',*,*,#954,.T.);
#952=ORIENTED_EDGE('',*,*,#955,.T.);
#953=ORIENTED_EDGE('',*,*,#956,.T.);
#954=EDGE_CURVE('',#49,#91,#957,.F.);
#955=EDGE_CURVE('',#91,#93,#958,.T.);
#956=EDGE_CURVE('',#93,#49,#959,.T.);
#957=LINE('',#48,#960);
#958=LINE('',#90,#961);
#959=LINE('',#92,#962);
#960=VECTOR('',#963,1.0);
#961=VECTOR('',#964,1.0);
#962=VECTOR('',#965,1.0);
#963=DIRECTION('',(0.47259285638499415,0.8812808814979889,0));
#964=DIRECTION('',(-0.6343987776610048,0.7730059449332992,0));
#965=DIRECTION('',(-0.4342167666318525,-0.9008084144676821,0));
#966=FACE_SURFACE('',(#971),#967,.T.);
#967=PLANE('',#968);
#968=AXIS2_PLACEMENT_3D('',#94,#969,#970);
#969=DIRECTION('',(0,-0,1));
#970=DIRECTION('',(0.4713571672912036,0.8819424135640673,0));
#971=FACE_BOUND('',#972,.T.);
#972=EDGE_LOOP('',(#973,#974,#975));
#973=ORIENTED_EDGE('',*,*,#976,.T.);
#974=ORIENTED_EDGE('',*,*,#977,.T.);
#975=ORIENTED_EDGE('',*,*,#978,.T.);
#976=EDGE_CURVE('',#95,#85,#979,.F.);
#977=EDGE_CURVE('',#85,#41,#980,.T.);
#978=EDGE_CURVE('',#41,#95,#981,.T.);
#979=LINE('',#94,#982);
#980=LINE('',#84,#983);
#981=LINE('',#40,#984);
#982=VECTOR('',#985,1.0);
#983=VECTOR('',#986,1.0);
#984=VECTOR('',#987,1.0);
#985=DIRECTION('',(0.4713571672912036,0.8819424135640673,0));
#986=DIRECTION('',(-0.6587678725342139,0.7523462567971916,0));
#987=DIRECTION('',(0.608981367126187,-0.793184527391401,0));
#988=FACE_SURFACE('',(#993),#989,.T.);
#989=PLANE('',#990);
#990=AXIS2_PLACEMENT_3D('',#96,#991,#992);
#991=DIRECTION('',(0,-0,1));
#992=DIRECTION('',(0.29030342556815064,0.9569346482928692,0));
#993=FACE_BOUND('',#994,.T.);
#994=EDGE_LOOP('',(#995,#996,#997));
#995=ORIENTED_EDGE('',*,*,#998,.T.);
#996=ORIENTED_EDGE('',*,*,#999,.T.);
#997=ORIENTED_EDGE('',*,*,#1000,.T.);
#998=EDGE_CURVE('',#97,#95,#1001,.F.);
#999=EDGE_CURVE('',#95,#41,#1002,.T.);
#1000=EDGE_CURVE('',#41,#97,#1003,.T.);
#1001=LINE('',#96,#1004);
#1002=LINE('',#94,#1005);
#1003=LINE('',#40,#1006);
#1004=VECTOR('',#1007,1.0);
#1005=VECTOR('',#1008,1.0);
#1006=VECTOR('',#1009,1.0);
#1007=DIRECTION('',(0.29030342556815064,0.9569346482928692,0));
#1008=DIRECTION('',(-0.608981367126187,0.793184527391401,0));
#1009=DIRECTION('',(0.5655118527771936,-0.8247401677913508,0));
#1010=FACE_SURFACE('',(#1015),#1011,.T.);
#1011=PLANE('',#1012);
#1012=AXIS2_PLACEMENT_3D('',#48,#1013,#1014);
#1013=DIRECTION('',(0,0,1));
#1014=DIRECTION('',(0.4342167666318525,0.9008084144676821,0));
#1015=FACE_BOUND('',#1016,.T.);
#1016=EDGE_LOOP('',(#1017,#1018,#1019));
#1017=ORIENTED_EDGE('',*,*,#1020,.T.);
#1018=ORIENTED_EDGE('',*,*,#1021,.T.);
#1019=ORIENTED_EDGE('',*,*,#1022,.T.);
#1020=EDGE_CURVE('',#49,#93,#1023,.F.);
#1021=EDGE_CURVE('',#93,#99,#1024,.T.);
#1022=EDGE_CURVE('',#99,#49,#1025,.T.);
#1023=LINE('',#48,#1026);
#1024=LINE('',#92,#1027);
#1025=LINE('',#98,#1028);
#1026=VECTOR('',#1029,1.0);
#1027=VECTOR('',#1030,1.0);
#1028=VECTOR('',#1031,1.0);
#1029=DIRECTION('',(0.4342167666318525,0.9008084144676821,0));
#1030=DIRECTION('',(-0.4713691521291874,0.8819360081213439,0));
#1031=DIRECTION('',(-0.400978156426134,-0.9160876148431977,0));
#1032=FACE_SURFACE('',(#1037),#1033,.T.);
#1033=PLANE('',#1034);
#1034=AXIS2_PLACEMENT_3D('',#48,#1035,#1036);
#1035=DIRECTION('',(0,0,1));
#1036=DIRECTION('',(0.400978156426134,0.9160876148431977,0));
#1037=FACE_BOUND('',#1038,.T.);
#1038=EDGE_LOOP('',(#1039,#1040,#1041));
#1039=ORIENTED_EDGE('',*,*,#1042,.T.);
#1040=ORIENTED_EDGE('',*,*,#1043,.T.);
#1041=ORIENTED_EDGE('',*,*,#1044,.T.);
#1042=EDGE_CURVE('',#49,#99,#1045,.F.);
#1043=EDGE_CURVE('',#99,#101,#1046,.T.);
#1044=EDGE_CURVE('',#101,#49,#1047,.T.);
#1045=LINE('',#48,#1048);
#1046=LINE('',#98,#1049);
#1047=LINE('',#100,#1050);
#1048=VECTOR('',#1051,1.0);
#1049=VECTOR('',#1052,1.0);
#1050=VECTOR('',#1053,1.0);
#1051=DIRECTION('',(0.400978156426134,0.9160876148431977,0));
#1052=DIRECTION('',(-0.2902954171691889,0.9569370777488803,0));
#1053=DIRECTION('',(-0.37476718452910607,-0.9271189553666385,0));
#1054=FACE_SURFACE('',(#1059),#1055,.T.);
#1055=PLANE('',#1056);
#1056=AXIS2_PLACEMENT_3D('',#102,#1057,#1058);
#1057=DIRECTION('',(0,-0,1));
#1058=DIRECTION('',(0.09801651975599646,0.9951847877931628,0));
#1059=FACE_BOUND('',#1060,.T.);
#1060=EDGE_LOOP('',(#1061,#1062,#1063));
#1061=ORIENTED_EDGE('',*,*,#1064,.T.);
#1062=ORIENTED_EDGE('',*,*,#1065,.T.);
#1063=ORIENTED_EDGE('',*,*,#1066,.T.);
#1064=EDGE_CURVE('',#103,#97,#1067,.F.);
#1065=EDGE_CURVE('',#97,#41,#1068,.T.);
#1066=EDGE_CURVE('',#41,#103,#1069,.T.);
#1067=LINE('',#102,#1070);
#1068=LINE('',#96,#1071);
#1069=LINE('',#40,#1072);
#1070=VECTOR('',#1073,1.0);
#1071=VECTOR('',#1074,1.0);
#1072=VECTOR('',#1075,1.0);
#1073=DIRECTION('',(0.09801651975599646,0.9951847877931628,0));
#1074=DIRECTION('',(-0.5655118527771936,0.8247401677913508,0));
#1075=DIRECTION('',(0.5317049118994734,-0.8469296822416684,0));
#1076=FACE_SURFACE('',(#1081),#1077,.T.);
#1077=PLANE('',#1078);
#1078=AXIS2_PLACEMENT_3D('',#104,#1079,#1080);
#1079=DIRECTION('',(0,0,1));
#1080=DIRECTION('',(-0.09801651975599646,0.9951847877931628,0));
#1081=FACE_BOUND('',#1082,.T.);
#1082=EDGE_LOOP('',(#1083,#1084,#1085));
#1083=ORIENTED_EDGE('',*,*,#1086,.T.);
#1084=ORIENTED_EDGE('',*,*,#1087,.T.);
#1085=ORIENTED_EDGE('',*,*,#1088,.T.);
#1086=EDGE_CURVE('',#105,#103,#1089,.F.);
#1087=EDGE_CURVE('',#103,#41,#1090,.T.);
#1088=EDGE_CURVE('',#41,#105,#1091,.T.);
#1089=LINE('',#104,#1092);
#1090=LINE('',#102,#1093);
#1091=LINE('',#40,#1094);
#1092=VECTOR('',#1095,1.0);
#1093=VECTOR('',#1096,1.0);
#1094=VECTOR('',#1097,1.0);
#1095=DIRECTION('',(-0.09801651975599646,0.9951847877931628,0));
#1096=DIRECTION('',(-0.5317049118994734,0.8469296822416684,0));
#1097=DIRECTION('',(0.5090543670035312,-0.8607343675226602,0));
#1098=FACE_SURFACE('',(#1103),#1099,.T.);
#1099=PLANE('',#1100);
#1100=AXIS2_PLACEMENT_3D('',#48,#1101,#1102);
#1101=DIRECTION('',(0,0,1));
#1102=DIRECTION('',(0.37476718452910607,0.9271189553666385,0));
#1103=FACE_BOUND('',#1104,.T.);
#1104=EDGE_LOOP('',(#1105,#1106,#1107));
#1105=ORIENTED_EDGE('',*,*,#1108,.T.);
#1106=ORIENTED_EDGE('',*,*,#1109,.T.);
#1107=ORIENTED_EDGE('',*,*,#1110,.T.);
#1108=EDGE_CURVE('',#49,#101,#1111,.F.);
#1109=EDGE_CURVE('',#101,#107,#1112,.T.);
#1110=EDGE_CURVE('',#107,#49,#1113,.T.);
#1111=LINE('',#48,#1114);
#1112=LINE('',#100,#1115);
#1113=LINE('',#106,#1116);
#1114=VECTOR('',#1117,1.0);
#1115=VECTOR('',#1118,1.0);
#1116=VECTOR('',#1119,1.0);
#1117=DIRECTION('',(0.37476718452910607,0.9271189553666385,0));
#1118=DIRECTION('',(-0.09801933188841773,0.995184510820053,0));
#1119=DIRECTION('',(-0.35658017171014117,-0.9342647275495133,0));
#1120=FACE_SURFACE('',(#1125),#1121,.T.);
#1121=PLANE('',#1122);
#1122=AXIS2_PLACEMENT_3D('',#48,#1123,#1124);
#1123=DIRECTION('',(0,0,1));
#1124=DIRECTION('',(0.35658017171014117,0.9342647275495133,0));
#1125=FACE_BOUND('',#1126,.T.);
#1126=EDGE_LOOP('',(#1127,#1128,#1129));
#1127=ORIENTED_EDGE('',*,*,#1130,.T.);
#1128=ORIENTED_EDGE('',*,*,#1131,.T.);
#1129=ORIENTED_EDGE('',*,*,#1132,.T.);
#1130=EDGE_CURVE('',#49,#107,#1133,.F.);
#1131=EDGE_CURVE('',#107,#109,#1134,.T.);
#1132=EDGE_CURVE('',#109,#49,#1135,.T.);
#1133=LINE('',#48,#1136);
#1134=LINE('',#106,#1137);
#1135=LINE('',#108,#1138);
#1136=VECTOR('',#1139,1.0);
#1137=VECTOR('',#1140,1.0);
#1138=VECTOR('',#1141,1.0);
#1139=DIRECTION('',(0.35658017171014117,0.9342647275495133,0));
#1140=DIRECTION('',(0.09801651975599646,0.9951847877931628,0));
#1141=DIRECTION('',(-0.3466026877183836,-0.9380120344997673,0));
#1142=FACE_SURFACE('',(#1147),#1143,.T.);
#1143=PLANE('',#1144);
#1144=AXIS2_PLACEMENT_3D('',#104,#1145,#1146);
#1145=DIRECTION('',(0,0,1));
#1146=DIRECTION('',(-0.5090543670035312,0.8607343675226602,0));
#1147=FACE_BOUND('',#1148,.T.);
#1148=EDGE_LOOP('',(#1149,#1150,#1151));
#1149=ORIENTED_EDGE('',*,*,#1152,.T.);
#1150=ORIENTED_EDGE('',*,*,#1153,.T.);
#1151=ORIENTED_EDGE('',*,*,#1154,.T.);
#1152=EDGE_CURVE('',#105,#41,#1155,.F.);
#1153=EDGE_CURVE('',#41,#49,#1156,.T.);
#1154=EDGE_CURVE('',#49,#105,#1157,.T.);
#1155=LINE('',#104,#1158);
#1156=LINE('',#40,#1159);
#1157=LINE('',#48,#1160);
#1158=VECTOR('',#1161,1.0);
#1159=VECTOR('',#1162,1.0);
#1160=VECTOR('',#1163,1.0);
#1161=DIRECTION('',(-0.5090543670035312,0.8607343675226602,0));
#1162=DIRECTION('',(0,-1,0));
#1163=DIRECTION('',(0.016708134594416803,0.9998604093764163,0));
#1164=FACE_SURFACE('',(#1169),#1165,.T.);
#1165=PLANE('',#1166);
#1166=AXIS2_PLACEMENT_3D('',#110,#1167,#1168);
#1167=DIRECTION('',(0,0,1));
#1168=DIRECTION('',(-0.2903114343886469,0.9569322186357853,0));
#1169=FACE_BOUND('',#1170,.T.);
#1170=EDGE_LOOP('',(#1171,#1172,#1173));
#1171=ORIENTED_EDGE('',*,*,#1174,.T.);
#1172=ORIENTED_EDGE('',*,*,#1175,.T.);
#1173=ORIENTED_EDGE('',*,*,#1176,.T.);
#1174=EDGE_CURVE('',#111,#105,#1177,.F.);
#1175=EDGE_CURVE('',#105,#49,#1178,.T.);
#1176=EDGE_CURVE('',#49,#111,#1179,.T.);
#1177=LINE('',#110,#1180);
#1178=LINE('',#104,#1181);
#1179=LINE('',#48,#1182);
#1180=VECTOR('',#1183,1.0);
#1181=VECTOR('',#1184,1.0);
#1182=VECTOR('',#1185,1.0);
#1183=DIRECTION('',(-0.2903114343886469,0.9569322186357853,0));
#1184=DIRECTION('',(-0.016708134594416803,-0.9998604093764163,0));
#1185=DIRECTION('',(0.017306753549247742,0.9998502269248057,0));
#1186=FACE_SURFACE('',(#1191),#1187,.T.);
#1187=PLANE('',#1188);
#1188=AXIS2_PLACEMENT_3D('',#48,#1189,#1190);
#1189=DIRECTION('',(0,0,1));
#1190=DIRECTION('',(0.3466026877183836,0.9380120344997673,0));
#1191=FACE_BOUND('',#1192,.T.);
#1192=EDGE_LOOP('',(#1193,#1194,#1195));
#1193=ORIENTED_EDGE('',*,*,#1196,.T.);
#1194=ORIENTED_EDGE('',*,*,#1197,.T.);
#1195=ORIENTED_EDGE('',*,*,#1198,.T.);
#1196=EDGE_CURVE('',#49,#109,#1199,.F.);
#1197=EDGE_CURVE('',#109,#113,#1200,.T.);
#1198=EDGE_CURVE('',#113,#49,#1201,.T.);
#1199=LINE('',#48,#1202);
#1200=LINE('',#108,#1203);
#1201=LINE('',#112,#1204);
#1202=VECTOR('',#1205,1.0);
#1203=VECTOR('',#1206,1.0);
#1204=VECTOR('',#1207,1.0);
#1205=DIRECTION('',(0.3466026877183836,0.9380120344997673,0));
#1206=DIRECTION('',(0.29030342556815064,0.9569346482928692,0));
#1207=DIRECTION('',(-0.3444351145294128,-0.9388101255733826,0));
#1208=FACE_SURFACE('',(#1213),#1209,.T.);
#1209=PLANE('',#1210);
#1210=AXIS2_PLACEMENT_3D('',#110,#1211,#1212);
#1211=DIRECTION('',(0,0,1));
#1212=DIRECTION('',(-0.017306753549247742,-0.9998502269248057,0));
#1213=FACE_BOUND('',#1214,.T.);
#1214=EDGE_LOOP('',(#1215,#1216,#1217));
#1215=ORIENTED_EDGE('',*,*,#1218,.T.);
#1216=ORIENTED_EDGE('',*,*,#1219,.T.);
#1217=ORIENTED_EDGE('',*,*,#1220,.T.);
#1218=EDGE_CURVE('',#111,#49,#1221,.F.);
#1219=EDGE_CURVE('',#49,#113,#1222,.T.);
#1220=EDGE_CURVE('',#113,#111,#1223,.T.);
#1221=LINE('',#110,#1224);
#1222=LINE('',#48,#1225);
#1223=LINE('',#112,#1226);
#1224=VECTOR('',#1227,1.0);
#1225=VECTOR('',#1228,1.0);
#1226=VECTOR('',#1229,1.0);
#1227=DIRECTION('',(-0.017306753549247742,-0.9998502269248057,0));
#1228=DIRECTION('',(0.3444351145294128,0.9388101255733826,0));
#1229=DIRECTION('',(0,1,0));
#1230=FACE_SURFACE('',(#1235),#1231,.T.);
#1231=PLANE('',#1232);
#1232=AXIS2_PLACEMENT_3D('',#114,#1233,#1234);
#1233=DIRECTION('',(0,0,1));
#1234=DIRECTION('',(-0.4713451829756127,0.8819488185182213,0));
#1235=FACE_BOUND('',#1236,.T.);
#1236=EDGE_LOOP('',(#1237,#1238,#1239));
#1237=ORIENTED_EDGE('',*,*,#1240,.T.);
#1238=ORIENTED_EDGE('',*,*,#1241,.T.);
#1239=ORIENTED_EDGE('',*,*,#1242,.T.);
#1240=EDGE_CURVE('',#115,#111,#1243,.F.);
#1241=EDGE_CURVE('',#111,#113,#1244,.T.);
#1242=EDGE_CURVE('',#113,#115,#1245,.T.);
#1243=LINE('',#114,#1246);
#1244=LINE('',#110,#1247);
#1245=LINE('',#112,#1248);
#1246=VECTOR('',#1249,1.0);
#1247=VECTOR('',#1250,1.0);
#1248=VECTOR('',#1251,1.0);
#1249=DIRECTION('',(-0.4713451829756127,0.8819488185182213,0));
#1250=DIRECTION('',(0,-1,0));
#1251=DIRECTION('',(0.0009689838107471503,0.9999995305350771,0));
#1252=FACE_SURFACE('',(#1257),#1253,.T.);
#1253=PLANE('',#1254);
#1254=AXIS2_PLACEMENT_3D('',#114,#1255,#1256);
#1255=DIRECTION('',(0,0,1));
#1256=DIRECTION('',(-0.0009689838107471503,-0.9999995305350771,0));
#1257=FACE_BOUND('',#1258,.T.);
#1258=EDGE_LOOP('',(#1259,#1260,#1261));
#1259=ORIENTED_EDGE('',*,*,#1262,.T.);
#1260=ORIENTED_EDGE('',*,*,#1263,.T.);
#1261=ORIENTED_EDGE('',*,*,#1264,.T.);
#1262=EDGE_CURVE('',#115,#113,#1265,.F.);
#1263=EDGE_CURVE('',#113,#117,#1266,.T.);
#1264=EDGE_CURVE('',#117,#115,#1267,.T.);
#1265=LINE('',#114,#1268);
#1266=LINE('',#112,#1269);
#1267=LINE('',#116,#1270);
#1268=VECTOR('',#1271,1.0);
#1269=VECTOR('',#1272,1.0);
#1270=VECTOR('',#1273,1.0);
#1271=DIRECTION('',(-0.0009689838107471503,-0.9999995305350771,0));
#1272=DIRECTION('',(0.4713571672912036,0.8819424135640673,0));
#1273=DIRECTION('',(0,1,0));
#1274=FACE_SURFACE('',(#1279),#1275,.T.);
#1275=PLANE('',#1276);
#1276=AXIS2_PLACEMENT_3D('',#118,#1277,#1278);
#1277=DIRECTION('',(0,0,1));
#1278=DIRECTION('',(-0.6343987776610048,0.7730059449332992,0));
#1279=FACE_BOUND('',#1280,.T.);
#1280=EDGE_LOOP('',(#1281,#1282,#1283));
#1281=ORIENTED_EDGE('',*,*,#1284,.T.);
#1282=ORIENTED_EDGE('',*,*,#1285,.T.);
#1283=ORIENTED_EDGE('',*,*,#1286,.T.);
#1284=EDGE_CURVE('',#119,#115,#1287,.F.);
#1285=EDGE_CURVE('',#115,#117,#1288,.T.);
#1286=EDGE_CURVE('',#117,#119,#1289,.T.);
#1287=LINE('',#118,#1290);
#1288=LINE('',#114,#1291);
#1289=LINE('',#116,#1292);
#1290=VECTOR('',#1293,1.0);
#1291=VECTOR('',#1294,1.0);
#1292=VECTOR('',#1295,1.0);
#1293=DIRECTION('',(-0.6343987776610048,0.7730059449332992,0));
#1294=DIRECTION('',(0,-1,0));
#1295=DIRECTION('',(0.0013086387271503655,0.9999991437319743,0));
#1296=FACE_SURFACE('',(#1301),#1297,.T.);
#1297=PLANE('',#1298);
#1298=AXIS2_PLACEMENT_3D('',#118,#1299,#1300);
#1299=DIRECTION('',(0,0,1));
#1300=DIRECTION('',(-0.0013086387271503655,-0.9999991437319743,0));
#1301=FACE_BOUND('',#1302,.T.);
#1302=EDGE_LOOP('',(#1303,#1304,#1305));
#1303=ORIENTED_EDGE('',*,*,#1306,.T.);
#1304=ORIENTED_EDGE('',*,*,#1307,.T.);
#1305=ORIENTED_EDGE('',*,*,#1308,.T.);
#1306=EDGE_CURVE('',#119,#117,#1309,.F.);
#1307=EDGE_CURVE('',#117,#121,#1310,.T.);
#1308=EDGE_CURVE('',#121,#119,#1311,.T.);
#1309=LINE('',#118,#1312);
#1310=LINE('',#116,#1313);
#1311=LINE('',#120,#1314);
#1312=VECTOR('',#1315,1.0);
#1313=VECTOR('',#1316,1.0);
#1314=VECTOR('',#1317,1.0);
#1315=DIRECTION('',(-0.0013086387271503655,-0.9999991437319743,0));
#1316=DIRECTION('',(0.6343987776610048,0.7730059449332992,0));
#1317=DIRECTION('',(0,1,0));
#1318=FACE_SURFACE('',(#1323),#1319,.T.);
#1319=PLANE('',#1320);
#1320=AXIS2_PLACEMENT_3D('',#122,#1321,#1322);
#1321=DIRECTION('',(0,0,1));
#1322=DIRECTION('',(-0.7729968768850644,0.6344098267885963,0));
#1323=FACE_BOUND('',#1324,.T.);
#1324=EDGE_LOOP('',(#1325,#1326,#1327));
#1325=ORIENTED_EDGE('',*,*,#1328,.T.);
#1326=ORIENTED_EDGE('',*,*,#1329,.T.);
#1327=ORIENTED_EDGE('',*,*,#1330,.T.);
#1328=EDGE_CURVE('',#123,#119,#1331,.F.);
#1329=EDGE_CURVE('',#119,#121,#1332,.T.);
#1330=EDGE_CURVE('',#121,#123,#1333,.T.);
#1331=LINE('',#122,#1334);
#1332=LINE('',#118,#1335);
#1333=LINE('',#120,#1336);
#1334=VECTOR('',#1337,1.0);
#1335=VECTOR('',#1338,1.0);
#1336=VECTOR('',#1339,1.0);
#1337=DIRECTION('',(-0.7729968768850644,0.6344098267885963,0));
#1338=DIRECTION('',(0,-1,0));
#1339=DIRECTION('',(0.0015990805406375136,0.999998721469895,0));
#1340=FACE_SURFACE('',(#1345),#1341,.T.);
#1341=PLANE('',#1342);
#1342=AXIS2_PLACEMENT_3D('',#122,#1343,#1344);
#1343=DIRECTION('',(0,0,1));
#1344=DIRECTION('',(-0.0015990805406375136,-0.999998721469895,0));
#1345=FACE_BOUND('',#1346,.T.);
#1346=EDGE_LOOP('',(#1347,#1348,#1349));
#1347=ORIENTED_EDGE('',*,*,#1350,.T.);
#1348=ORIENTED_EDGE('',*,*,#1351,.T.);
#1349=ORIENTED_EDGE('',*,*,#1352,.T.);
#1350=EDGE_CURVE('',#123,#121,#1353,.F.);
#1351=EDGE_CURVE('',#121,#125,#1354,.T.);
#1352=EDGE_CURVE('',#125,#123,#1355,.T.);
#1353=LINE('',#122,#1356);
#1354=LINE('',#120,#1357);
#1355=LINE('',#124,#1358);
#1356=VECTOR('',#1359,1.0);
#1357=VECTOR('',#1360,1.0);
#1358=VECTOR('',#1361,1.0);
#1359=DIRECTION('',(-0.0015990805406375136,-0.999998721469895,0));
#1360=DIRECTION('',(0.7729898077683837,0.6344184400584502,0));
#1361=DIRECTION('',(0,1,0));
#1362=FACE_SURFACE('',(#1367),#1363,.T.);
#1363=PLANE('',#1364);
#1364=AXIS2_PLACEMENT_3D('',#126,#1365,#1366);
#1365=DIRECTION('',(0,0,1));
#1366=DIRECTION('',(-0.8819252633899336,0.4713892550690949,0));
#1367=FACE_BOUND('',#1368,.T.);
#1368=EDGE_LOOP('',(#1369,#1370,#1371));
#1369=ORIENTED_EDGE('',*,*,#1372,.T.);
#1370=ORIENTED_EDGE('',*,*,#1373,.T.);
#1371=ORIENTED_EDGE('',*,*,#1374,.T.);
#1372=EDGE_CURVE('',#127,#123,#1375,.F.);
#1373=EDGE_CURVE('',#123,#125,#1376,.T.);
#1374=EDGE_CURVE('',#125,#127,#1377,.T.);
#1375=LINE('',#126,#1378);
#1376=LINE('',#122,#1379);
#1377=LINE('',#124,#1380);
#1378=VECTOR('',#1381,1.0);
#1379=VECTOR('',#1382,1.0);
#1380=VECTOR('',#1383,1.0);
#1381=DIRECTION('',(-0.8819252633899336,0.4713892550690949,0));
#1382=DIRECTION('',(0,-1,0));
#1383=DIRECTION('',(0.0018288239028448343,0.9999983277001679,0));
#1384=FACE_SURFACE('',(#1389),#1385,.T.);
#1385=PLANE('',#1386);
#1386=AXIS2_PLACEMENT_3D('',#126,#1387,#1388);
#1387=DIRECTION('',(0,0,1));
#1388=DIRECTION('',(-0.0018288239028448343,-0.9999983277001679,0));
#1389=FACE_BOUND('',#1390,.T.);
#1390=EDGE_LOOP('',(#1391,#1392,#1393));
#1391=ORIENTED_EDGE('',*,*,#1394,.T.);
#1392=ORIENTED_EDGE('',*,*,#1395,.T.);
#1393=ORIENTED_EDGE('',*,*,#1396,.T.);
#1394=EDGE_CURVE('',#127,#125,#1397,.F.);
#1395=EDGE_CURVE('',#125,#129,#1398,.T.);
#1396=EDGE_CURVE('',#129,#127,#1399,.T.);
#1397=LINE('',#126,#1400);
#1398=LINE('',#124,#1401);
#1399=LINE('',#128,#1402);
#1400=VECTOR('',#1403,1.0);
#1401=VECTOR('',#1404,1.0);
#1402=VECTOR('',#1405,1.0);
#1403=DIRECTION('',(-0.0018288239028448343,-0.9999983277001679,0));
#1404=DIRECTION('',(0.8819372474107897,0.4713668333999323,0));
#1405=DIRECTION('',(0,1,0));
#1406=FACE_SURFACE('',(#1411),#1407,.T.);
#1407=PLANE('',#1408);
#1408=AXIS2_PLACEMENT_3D('',#130,#1409,#1410);
#1409=DIRECTION('',(0,0,1));
#1410=DIRECTION('',(-0.9569418022883175,0.29027984262291895,0));
#1411=FACE_BOUND('',#1412,.T.);
#1412=EDGE_LOOP('',(#1413,#1414,#1415));
#1413=ORIENTED_EDGE('',*,*,#1416,.T.);
#1414=ORIENTED_EDGE('',*,*,#1417,.T.);
#1415=ORIENTED_EDGE('',*,*,#1418,.T.);
#1416=EDGE_CURVE('',#131,#127,#1419,.F.);
#1417=EDGE_CURVE('',#127,#129,#1420,.T.);
#1418=EDGE_CURVE('',#129,#131,#1421,.T.);
#1419=LINE('',#130,#1422);
#1420=LINE('',#126,#1423);
#1421=LINE('',#128,#1424);
#1422=VECTOR('',#1425,1.0);
#1423=VECTOR('',#1426,1.0);
#1424=VECTOR('',#1427,1.0);
#1425=DIRECTION('',(-0.9569418022883175,0.29027984262291895,0));
#1426=DIRECTION('',(0,-1,0));
#1427=DIRECTION('',(0.001987263006730045,0.9999980253909215,0));
#1428=FACE_SURFACE('',(#1433),#1429,.T.);
#1429=PLANE('',#1430);
#1430=AXIS2_PLACEMENT_3D('',#130,#1431,#1432);
#1431=DIRECTION('',(0,0,1));
#1432=DIRECTION('',(-0.001987263006730045,-0.9999980253909215,0));
#1433=FACE_BOUND('',#1434,.T.);
#1434=EDGE_LOOP('',(#1435,#1436,#1437));
#1435=ORIENTED_EDGE('',*,*,#1438,.T.);
#1436=ORIENTED_EDGE('',*,*,#1439,.T.);
#1437=ORIENTED_EDGE('',*,*,#1440,.T.);
#1438=EDGE_CURVE('',#131,#129,#1441,.F.);
#1439=EDGE_CURVE('',#129,#133,#1442,.T.);
#1440=EDGE_CURVE('',#133,#131,#1443,.T.);
#1441=LINE('',#130,#1444);
#1442=LINE('',#128,#1445);
#1443=LINE('',#132,#1446);
#1444=VECTOR('',#1447,1.0);
#1445=VECTOR('',#1448,1.0);
#1446=VECTOR('',#1449,1.0);
#1447=DIRECTION('',(-0.001987263006730045,-0.9999980253909215,0));
#1448=DIRECTION('',(0.9569337934297512,0.2903062434604989,0));
#1449=DIRECTION('',(0,1,0));
#1450=FACE_SURFACE('',(#1455),#1451,.T.);
#1451=PLANE('',#1452);
#1452=AXIS2_PLACEMENT_3D('',#134,#1453,#1454);
#1453=DIRECTION('',(0,0,1));
#1454=DIRECTION('',(-0.9951850647424347,0.09801370778414571,0));
#1455=FACE_BOUND('',#1456,.T.);
#1456=EDGE_LOOP('',(#1457,#1458,#1459));
#1457=ORIENTED_EDGE('',*,*,#1460,.T.);
#1458=ORIENTED_EDGE('',*,*,#1461,.T.);
#1459=ORIENTED_EDGE('',*,*,#1462,.T.);
#1460=EDGE_CURVE('',#135,#131,#1463,.F.);
#1461=EDGE_CURVE('',#131,#133,#1464,.T.);
#1462=EDGE_CURVE('',#133,#135,#1465,.T.);
#1463=LINE('',#134,#1466);
#1464=LINE('',#130,#1467);
#1465=LINE('',#132,#1468);
#1466=VECTOR('',#1469,1.0);
#1467=VECTOR('',#1470,1.0);
#1468=VECTOR('',#1471,1.0);
#1469=DIRECTION('',(-0.9951850647424347,0.09801370778414571,0));
#1470=DIRECTION('',(0,-1,0));
#1471=DIRECTION('',(0.002068560266876748,0.9999978605269224,0));
#1472=FACE_SURFACE('',(#1477),#1473,.T.);
#1473=PLANE('',#1474);
#1474=AXIS2_PLACEMENT_3D('',#134,#1475,#1476);
#1475=DIRECTION('',(0,0,1));
#1476=DIRECTION('',(-0.002068560266876748,-0.9999978605269224,0));
#1477=FACE_BOUND('',#1478,.T.);
#1478=EDGE_LOOP('',(#1479,#1480,#1481));
#1479=ORIENTED_EDGE('',*,*,#1482,.T.);
#1480=ORIENTED_EDGE('',*,*,#1483,.T.);
#1481=ORIENTED_EDGE('',*,*,#1484,.T.);
#1482=EDGE_CURVE('',#135,#133,#1485,.F.);
#1483=EDGE_CURVE('',#133,#137,#1486,.T.);
#1484=EDGE_CURVE('',#137,#135,#1487,.T.);
#1485=LINE('',#134,#1488);
#1486=LINE('',#132,#1489);
#1487=LINE('',#136,#1490);
#1488=VECTOR('',#1491,1.0);
#1489=VECTOR('',#1492,1.0);
#1490=VECTOR('',#1493,1.0);
#1491=DIRECTION('',(-0.002068560266876748,-0.9999978605269224,0));
#1492=DIRECTION('',(0.9951850647424347,0.09801370778414571,0));
#1493=DIRECTION('',(0,1,0));
#1494=FACE_SURFACE('',(#1499),#1495,.T.);
#1495=PLANE('',#1496);
#1496=AXIS2_PLACEMENT_3D('',#138,#1497,#1498);
#1497=DIRECTION('',(0,0,1));
#1498=DIRECTION('',(-0.995184510820053,-0.09801933188841773,0));
#1499=FACE_BOUND('',#1500,.T.);
#1500=EDGE_LOOP('',(#1501,#1502,#1503));
#1501=ORIENTED_EDGE('',*,*,#1504,.T.);
#1502=ORIENTED_EDGE('',*,*,#1505,.T.);
#1503=ORIENTED_EDGE('',*,*,#1506,.T.);
#1504=EDGE_CURVE('',#139,#135,#1507,.F.);
#1505=EDGE_CURVE('',#135,#137,#1508,.T.);
#1506=EDGE_CURVE('',#137,#139,#1509,.T.);
#1507=LINE('',#138,#1510);
#1508=LINE('',#134,#1511);
#1509=LINE('',#136,#1512);
#1510=VECTOR('',#1513,1.0);
#1511=VECTOR('',#1514,1.0);
#1512=VECTOR('',#1515,1.0);
#1513=DIRECTION('',(-0.995184510820053,-0.09801933188841773,0));
#1514=DIRECTION('',(0,-1,0));
#1515=DIRECTION('',(0.002068440427272067,0.9999978607748113,0));
#1516=FACE_SURFACE('',(#1521),#1517,.T.);
#1517=PLANE('',#1518);
#1518=AXIS2_PLACEMENT_3D('',#138,#1519,#1520);
#1519=DIRECTION('',(0,0,1));
#1520=DIRECTION('',(-0.002068440427272067,-0.9999978607748113,0));
#1521=FACE_BOUND('',#1522,.T.);
#1522=EDGE_LOOP('',(#1523,#1524,#1525));
#1523=ORIENTED_EDGE('',*,*,#1526,.T.);
#1524=ORIENTED_EDGE('',*,*,#1527,.T.);
#1525=ORIENTED_EDGE('',*,*,#1528,.T.);
#1526=EDGE_CURVE('',#139,#137,#1529,.F.);
#1527=EDGE_CURVE('',#137,#141,#1530,.T.);
#1528=EDGE_CURVE('',#141,#139,#1531,.T.);
#1529=LINE('',#138,#1532);
#1530=LINE('',#136,#1533);
#1531=LINE('',#140,#1534);
#1532=VECTOR('',#1535,1.0);
#1533=VECTOR('',#1536,1.0);
#1534=VECTOR('',#1537,1.0);
#1535=DIRECTION('',(-0.002068440427272067,-0.9999978607748113,0));
#1536=DIRECTION('',(0.995184510820053,-0.09801933188841773,0));
#1537=DIRECTION('',(0,1,0));
#1538=FACE_SURFACE('',(#1543),#1539,.T.);
#1539=PLANE('',#1540);
#1540=AXIS2_PLACEMENT_3D('',#142,#1541,#1542);
#1541=DIRECTION('',(0,0,1));
#1542=DIRECTION('',(-0.9569515179854348,-0.29024781174949843,0));
#1543=FACE_BOUND('',#1544,.T.);
#1544=EDGE_LOOP('',(#1545,#1546,#1547));
#1545=ORIENTED_EDGE('',*,*,#1548,.T.);
#1546=ORIENTED_EDGE('',*,*,#1549,.T.);
#1547=ORIENTED_EDGE('',*,*,#1550,.T.);
#1548=EDGE_CURVE('',#143,#139,#1551,.F.);
#1549=EDGE_CURVE('',#139,#141,#1552,.T.);
#1550=EDGE_CURVE('',#141,#143,#1553,.T.);
#1551=LINE('',#142,#1554);
#1552=LINE('',#138,#1555);
#1553=LINE('',#140,#1556);
#1554=VECTOR('',#1557,1.0);
#1555=VECTOR('',#1558,1.0);
#1556=VECTOR('',#1559,1.0);
#1557=DIRECTION('',(-0.9569515179854348,-0.29024781174949843,0));
#1558=DIRECTION('',(0,-1,0));
#1559=DIRECTION('',(0.001987502611764732,0.9999980249147336,0));
#1560=FACE_SURFACE('',(#1565),#1561,.T.);
#1561=PLANE('',#1562);
#1562=AXIS2_PLACEMENT_3D('',#142,#1563,#1564);
#1563=DIRECTION('',(0,0,1));
#1564=DIRECTION('',(-0.001987502611764732,-0.9999980249147336,0));
#1565=FACE_BOUND('',#1566,.T.);
#1566=EDGE_LOOP('',(#1567,#1568,#1569));
#1567=ORIENTED_EDGE('',*,*,#1570,.T.);
#1568=ORIENTED_EDGE('',*,*,#1571,.T.);
#1569=ORIENTED_EDGE('',*,*,#1572,.T.);
#1570=EDGE_CURVE('',#143,#141,#1573,.F.);
#1571=EDGE_CURVE('',#141,#145,#1574,.T.);
#1572=EDGE_CURVE('',#145,#143,#1575,.T.);
#1573=LINE('',#142,#1576);
#1574=LINE('',#140,#1577);
#1575=LINE('',#144,#1578);
#1576=VECTOR('',#1579,1.0);
#1577=VECTOR('',#1580,1.0);
#1578=VECTOR('',#1581,1.0);
#1579=DIRECTION('',(-0.001987502611764732,-0.9999980249147336,0));
#1580=DIRECTION('',(0.9569435108129255,-0.2902742102099877,0));
#1581=DIRECTION('',(0,1,0));
#1582=FACE_SURFACE('',(#1587),#1583,.T.);
#1583=PLANE('',#1584);
#1584=AXIS2_PLACEMENT_3D('',#146,#1585,#1586);
#1585=DIRECTION('',(0,0,1));
#1586=DIRECTION('',(-0.8819124513584067,-0.471413224399789,0));
#1587=FACE_BOUND('',#1588,.T.);
#1588=EDGE_LOOP('',(#1589,#1590,#1591));
#1589=ORIENTED_EDGE('',*,*,#1592,.T.);
#1590=ORIENTED_EDGE('',*,*,#1593,.T.);
#1591=ORIENTED_EDGE('',*,*,#1594,.T.);
#1592=EDGE_CURVE('',#147,#143,#1595,.F.);
#1593=EDGE_CURVE('',#143,#145,#1596,.T.);
#1594=EDGE_CURVE('',#145,#147,#1597,.T.);
#1595=LINE('',#146,#1598);
#1596=LINE('',#142,#1599);
#1597=LINE('',#144,#1600);
#1598=VECTOR('',#1601,1.0);
#1599=VECTOR('',#1602,1.0);
#1600=VECTOR('',#1603,1.0);
#1601=DIRECTION('',(-0.8819124513584067,-0.471413224399789,0));
#1602=DIRECTION('',(0,-1,0));
#1603=DIRECTION('',(0.0018287042395139209,0.9999983279190043,0));
#1604=FACE_SURFACE('',(#1609),#1605,.T.);
#1605=PLANE('',#1606);
#1606=AXIS2_PLACEMENT_3D('',#146,#1607,#1608);
#1607=DIRECTION('',(0,0,1));
#1608=DIRECTION('',(-0.0018287042395139209,-0.9999983279190043,0));
#1609=FACE_BOUND('',#1610,.T.);
#1610=EDGE_LOOP('',(#1611,#1612,#1613));
#1611=ORIENTED_EDGE('',*,*,#1614,.T.);
#1612=ORIENTED_EDGE('',*,*,#1615,.T.);
#1613=ORIENTED_EDGE('',*,*,#1616,.T.);
#1614=EDGE_CURVE('',#147,#145,#1617,.F.);
#1615=EDGE_CURVE('',#145,#149,#1618,.T.);
#1616=EDGE_CURVE('',#149,#147,#1619,.T.);
#1617=LINE('',#146,#1620);
#1618=LINE('',#144,#1621);
#1619=LINE('',#148,#1622);
#1620=VECTOR('',#1623,1.0);
#1621=VECTOR('',#1624,1.0);
#1622=VECTOR('',#1625,1.0);
#1623=DIRECTION('',(-0.0018287042395139209,-0.9999983279190043,0));
#1624=DIRECTION('',(0.8819244364239385,-0.47139080224195967,0));
#1625=DIRECTION('',(0,1,0));
#1626=FACE_SURFACE('',(#1631),#1627,.T.);
#1627=PLANE('',#1628);
#1628=AXIS2_PLACEMENT_3D('',#150,#1629,#1630);
#1629=DIRECTION('',(0,0,1));
#1630=DIRECTION('',(-0.7729968768850644,-0.6344098267885963,0));
#1631=FACE_BOUND('',#1632,.T.);
#1632=EDGE_LOOP('',(#1633,#1634,#1635));
#1633=ORIENTED_EDGE('',*,*,#1636,.T.);
#1634=ORIENTED_EDGE('',*,*,#1637,.T.);
#1635=ORIENTED_EDGE('',*,*,#1638,.T.);
#1636=EDGE_CURVE('',#151,#147,#1639,.F.);
#1637=EDGE_CURVE('',#147,#149,#1640,.T.);
#1638=EDGE_CURVE('',#149,#151,#1641,.T.);
#1639=LINE('',#150,#1642);
#1640=LINE('',#146,#1643);
#1641=LINE('',#148,#1644);
#1642=VECTOR('',#1645,1.0);
#1643=VECTOR('',#1646,1.0);
#1644=VECTOR('',#1647,1.0);
#1645=DIRECTION('',(-0.7729968768850644,-0.6344098267885963,0));
#1646=DIRECTION('',(0,-1,0));
#1647=DIRECTION('',(0.0015990805883224193,0.9999987214698186,0));
#1648=FACE_SURFACE('',(#1653),#1649,.T.);
#1649=PLANE('',#1650);
#1650=AXIS2_PLACEMENT_3D('',#150,#1651,#1652);
#1651=DIRECTION('',(0,0,1));
#1652=DIRECTION('',(-0.0015990805883224193,-0.9999987214698186,0));
#1653=FACE_BOUND('',#1654,.T.);
#1654=EDGE_LOOP('',(#1655,#1656,#1657));
#1655=ORIENTED_EDGE('',*,*,#1658,.T.);
#1656=ORIENTED_EDGE('',*,*,#1659,.T.);
#1657=ORIENTED_EDGE('',*,*,#1660,.T.);
#1658=EDGE_CURVE('',#151,#149,#1661,.F.);
#1659=EDGE_CURVE('',#149,#153,#1662,.T.);
#1660=EDGE_CURVE('',#153,#151,#1663,.T.);
#1661=LINE('',#150,#1664);
#1662=LINE('',#148,#1665);
#1663=LINE('',#152,#1666);
#1664=VECTOR('',#1667,1.0);
#1665=VECTOR('',#1668,1.0);
#1666=VECTOR('',#1669,1.0);
#1667=DIRECTION('',(-0.0015990805883224193,-0.9999987214698186,0));
#1668=DIRECTION('',(0.7729898077683837,-0.6344184400584502,0));
#1669=DIRECTION('',(0,1,0));
#1670=FACE_SURFACE('',(#1675),#1671,.T.);
#1671=PLANE('',#1672);
#1672=AXIS2_PLACEMENT_3D('',#154,#1673,#1674);
#1673=DIRECTION('',(0,0,1));
#1674=DIRECTION('',(-0.6343987776610048,-0.7730059449332992,0));
#1675=FACE_BOUND('',#1676,.T.);
#1676=EDGE_LOOP('',(#1677,#1678,#1679));
#1677=ORIENTED_EDGE('',*,*,#1680,.T.);
#1678=ORIENTED_EDGE('',*,*,#1681,.T.);
#1679=ORIENTED_EDGE('',*,*,#1682,.T.);
#1680=EDGE_CURVE('',#155,#151,#1683,.F.);
#1681=EDGE_CURVE('',#151,#153,#1684,.T.);
#1682=EDGE_CURVE('',#153,#155,#1685,.T.);
#1683=LINE('',#154,#1686);
#1684=LINE('',#150,#1687);
#1685=LINE('',#152,#1688);
#1686=VECTOR('',#1689,1.0);
#1687=VECTOR('',#1690,1.0);
#1688=VECTOR('',#1691,1.0);
#1689=DIRECTION('',(-0.6343987776610048,-0.7730059449332992,0));
#1690=DIRECTION('',(0,-1,0));
#1691=DIRECTION('',(0.0013086387271503655,0.9999991437319743,0));
#1692=FACE_SURFACE('',(#1697),#1693,.T.);
#1693=PLANE('',#1694);
#1694=AXIS2_PLACEMENT_3D('',#154,#1695,#1696);
#1695=DIRECTION('',(0,0,1));
#1696=DIRECTION('',(-0.0013086387271503655,-0.9999991437319743,0));
#1697=FACE_BOUND('',#1698,.T.);
#1698=EDGE_LOOP('',(#1699,#1700,#1701));
#1699=ORIENTED_EDGE('',*,*,#1702,.T.);
#1700=ORIENTED_EDGE('',*,*,#1703,.T.);
#1701=ORIENTED_EDGE('',*,*,#1704,.T.);
#1702=EDGE_CURVE('',#155,#153,#1705,.F.);
#1703=EDGE_CURVE('',#153,#157,#1706,.T.);
#1704=EDGE_CURVE('',#157,#155,#1707,.T.);
#1705=LINE('',#154,#1708);
#1706=LINE('',#152,#1709);
#1707=LINE('',#156,#1710);
#1708=VECTOR('',#1711,1.0);
#1709=VECTOR('',#1712,1.0);
#1710=VECTOR('',#1713,1.0);
#1711=DIRECTION('',(-0.0013086387271503655,-0.9999991437319743,0));
#1712=DIRECTION('',(0.6343987776610048,-0.7730059449332992,0));
#1713=DIRECTION('',(0,1,0));
#1714=FACE_SURFACE('',(#1719),#1715,.T.);
#1715=PLANE('',#1716);
#1716=AXIS2_PLACEMENT_3D('',#158,#1717,#1718);
#1717=DIRECTION('',(0,0,1));
#1718=DIRECTION('',(-0.4713900286307849,-0.881924849920597,0));
#1719=FACE_BOUND('',#1720,.T.);
#1720=EDGE_LOOP('',(#1721,#1722,#1723));
#1721=ORIENTED_EDGE('',*,*,#1724,.T.);
#1722=ORIENTED_EDGE('',*,*,#1725,.T.);
#1723=ORIENTED_EDGE('',*,*,#1726,.T.);
#1724=EDGE_CURVE('',#159,#155,#1727,.F.);
#1725=EDGE_CURVE('',#155,#157,#1728,.T.);
#1726=EDGE_CURVE('',#157,#159,#1729,.T.);
#1727=LINE('',#158,#1730);
#1728=LINE('',#154,#1731);
#1729=LINE('',#156,#1732);
#1730=VECTOR('',#1733,1.0);
#1731=VECTOR('',#1734,1.0);
#1732=VECTOR('',#1735,1.0);
#1733=DIRECTION('',(-0.4713900286307849,-0.881924849920597,0));
#1734=DIRECTION('',(0,-1,0));
#1735=DIRECTION('',(0.0009691022833317106,0.9999995304202719,0));
#1736=FACE_SURFACE('',(#1741),#1737,.T.);
#1737=PLANE('',#1738);
#1738=AXIS2_PLACEMENT_3D('',#158,#1739,#1740);
#1739=DIRECTION('',(0,0,1));
#1740=DIRECTION('',(-0.0009691022833317106,-0.9999995304202719,0));
#1741=FACE_BOUND('',#1742,.T.);
#1742=EDGE_LOOP('',(#1743,#1744,#1745));
#1743=ORIENTED_EDGE('',*,*,#1746,.T.);
#1744=ORIENTED_EDGE('',*,*,#1747,.T.);
#1745=ORIENTED_EDGE('',*,*,#1748,.T.);
#1746=EDGE_CURVE('',#159,#157,#1749,.F.);
#1747=EDGE_CURVE('',#157,#161,#1750,.T.);
#1748=EDGE_CURVE('',#161,#159,#1751,.T.);
#1749=LINE('',#158,#1752);
#1750=LINE('',#156,#1753);
#1751=LINE('',#160,#1754);
#1752=VECTOR('',#1755,1.0);
#1753=VECTOR('',#1756,1.0);
#1754=VECTOR('',#1757,1.0);
#1755=DIRECTION('',(-0.0009691022833317106,-0.9999995304202719,0));
#1756=DIRECTION('',(0.4714020134351413,-0.8819184439217125,0));
#1757=DIRECTION('',(0,1,0));
#1758=FACE_SURFACE('',(#1763),#1759,.T.);
#1759=PLANE('',#1760);
#1760=AXIS2_PLACEMENT_3D('',#162,#1761,#1762);
#1761=DIRECTION('',(0,0,1));
#1762=DIRECTION('',(-0.29025863390210244,-0.9569482355097821,0));
#1763=FACE_BOUND('',#1764,.T.);
#1764=EDGE_LOOP('',(#1765,#1766,#1767));
#1765=ORIENTED_EDGE('',*,*,#1768,.T.);
#1766=ORIENTED_EDGE('',*,*,#1769,.T.);
#1767=ORIENTED_EDGE('',*,*,#1770,.T.);
#1768=EDGE_CURVE('',#163,#159,#1771,.F.);
#1769=EDGE_CURVE('',#159,#161,#1772,.T.);
#1770=EDGE_CURVE('',#161,#163,#1773,.T.);
#1771=LINE('',#162,#1774);
#1772=LINE('',#158,#1775);
#1773=LINE('',#160,#1776);
#1774=VECTOR('',#1777,1.0);
#1775=VECTOR('',#1778,1.0);
#1776=VECTOR('',#1779,1.0);
#1777=DIRECTION('',(-0.29025863390210244,-0.9569482355097821,0));
#1778=DIRECTION('',(0,-1,0));
#1779=DIRECTION('',(0.0005944337200811033,0.9999998233242607,0));
#1780=FACE_SURFACE('',(#1785),#1781,.T.);
#1781=PLANE('',#1782);
#1782=AXIS2_PLACEMENT_3D('',#162,#1783,#1784);
#1783=DIRECTION('',(0,0,1));
#1784=DIRECTION('',(-0.0005944337200811033,-0.9999998233242607,0));
#1785=FACE_BOUND('',#1786,.T.);
#1786=EDGE_LOOP('',(#1787,#1788,#1789));
#1787=ORIENTED_EDGE('',*,*,#1790,.T.);
#1788=ORIENTED_EDGE('',*,*,#1791,.T.);
#1789=ORIENTED_EDGE('',*,*,#1792,.T.);
#1790=EDGE_CURVE('',#163,#161,#1793,.F.);
#1791=EDGE_CURVE('',#161,#165,#1794,.T.);
#1792=EDGE_CURVE('',#165,#163,#1795,.T.);
#1793=LINE('',#162,#1796);
#1794=LINE('',#160,#1797);
#1795=LINE('',#164,#1798);
#1796=VECTOR('',#1799,1.0);
#1797=VECTOR('',#1800,1.0);
#1798=VECTOR('',#1801,1.0);
#1799=DIRECTION('',(-0.0005944337200811033,-0.9999998233242607,0));
#1800=DIRECTION('',(0.2902506262701716,-0.9569506643238057,0));
#1801=DIRECTION('',(0,1,0));
#1802=FACE_SURFACE('',(#1807),#1803,.T.);
#1803=PLANE('',#1804);
#1804=AXIS2_PLACEMENT_3D('',#166,#1805,#1806);
#1805=DIRECTION('',(0,0,1));
#1806=DIRECTION('',(-0.09807362212579283,-0.9951791620824499,0));
#1807=FACE_BOUND('',#1808,.T.);
#1808=EDGE_LOOP('',(#1809,#1810,#1811));
#1809=ORIENTED_EDGE('',*,*,#1812,.T.);
#1810=ORIENTED_EDGE('',*,*,#1813,.T.);
#1811=ORIENTED_EDGE('',*,*,#1814,.T.);
#1812=EDGE_CURVE('',#167,#163,#1815,.F.);
#1813=EDGE_CURVE('',#163,#165,#1816,.T.);
#1814=EDGE_CURVE('',#165,#167,#1817,.T.);
#1815=LINE('',#166,#1818);
#1816=LINE('',#162,#1819);
#1817=LINE('',#164,#1820);
#1818=VECTOR('',#1821,1.0);
#1819=VECTOR('',#1822,1.0);
#1820=VECTOR('',#1823,1.0);
#1821=DIRECTION('',(-0.09807362212579283,-0.9951791620824499,0));
#1822=DIRECTION('',(0,-1,0));
#1823=DIRECTION('',(0.00020006068460030812,0.999999979987861,0));
#1824=FACE_SURFACE('',(#1829),#1825,.T.);
#1825=PLANE('',#1826);
#1826=AXIS2_PLACEMENT_3D('',#166,#1827,#1828);
#1827=DIRECTION('',(0,0,1));
#1828=DIRECTION('',(-0.00020006068460030812,-0.999999979987861,0));
#1829=FACE_BOUND('',#1830,.T.);
#1830=EDGE_LOOP('',(#1831,#1832,#1833));
#1831=ORIENTED_EDGE('',*,*,#1834,.T.);
#1832=ORIENTED_EDGE('',*,*,#1835,.T.);
#1833=ORIENTED_EDGE('',*,*,#1836,.T.);
#1834=EDGE_CURVE('',#167,#165,#1837,.F.);
#1835=EDGE_CURVE('',#165,#169,#1838,.T.);
#1836=EDGE_CURVE('',#169,#167,#1839,.T.);
#1837=LINE('',#166,#1840);
#1838=LINE('',#164,#1841);
#1839=LINE('',#168,#1842);
#1840=VECTOR('',#1843,1.0);
#1841=VECTOR('',#1844,1.0);
#1842=VECTOR('',#1845,1.0);
#1843=DIRECTION('',(-0.00020006068460030812,-0.999999979987861,0));
#1844=DIRECTION('',(0.09807362212579283,-0.9951791620824499,0));
#1845=DIRECTION('',(0,1,0));
#1846=FACE_SURFACE('',(#1851),#1847,.T.);
#1847=PLANE('',#1848);
#1848=AXIS2_PLACEMENT_3D('',#170,#1849,#1850);
#1849=DIRECTION('',(0,0,1));
#1850=DIRECTION('',(-0.8819304288650777,-0.47137959082024333,0));
#1851=FACE_BOUND('',#1852,.T.);
#1852=EDGE_LOOP('',(#1853,#1854,#1855));
#1853=ORIENTED_EDGE('',*,*,#1856,.T.);
#1854=ORIENTED_EDGE('',*,*,#1857,.T.);
#1855=ORIENTED_EDGE('',*,*,#1858,.T.);
#1856=EDGE_CURVE('',#171,#173,#1859,.F.);
#1857=EDGE_CURVE('',#173,#65,#1860,.T.);
#1858=EDGE_CURVE('',#65,#171,#1861,.T.);
#1859=LINE('',#170,#1862);
#1860=LINE('',#172,#1863);
#1861=LINE('',#64,#1864);
#1862=VECTOR('',#1865,1.0);
#1863=VECTOR('',#1866,1.0);
#1864=VECTOR('',#1867,1.0);
#1865=DIRECTION('',(-0.8819304288650777,-0.47137959082024333,0));
#1866=DIRECTION('',(0.421708665646227,-0.9067313832215574,0));
#1867=DIRECTION('',(-0.37484750863215865,0.9270864820890572,0));
#1868=FACE_SURFACE('',(#1873),#1869,.T.);
#1869=PLANE('',#1870);
#1870=AXIS2_PLACEMENT_3D('',#74,#1871,#1872);
#1871=DIRECTION('',(0,0,1));
#1872=DIRECTION('',(-0.6136470851394704,-0.7895804296585824,0));
#1873=FACE_BOUND('',#1874,.T.);
#1874=EDGE_LOOP('',(#1875,#1876,#1877));
#1875=ORIENTED_EDGE('',*,*,#1878,.T.);
#1876=ORIENTED_EDGE('',*,*,#1879,.T.);
#1877=ORIENTED_EDGE('',*,*,#1880,.T.);
#1878=EDGE_CURVE('',#75,#175,#1881,.F.);
#1879=EDGE_CURVE('',#175,#177,#1882,.T.);
#1880=EDGE_CURVE('',#177,#75,#1883,.T.);
#1881=LINE('',#74,#1884);
#1882=LINE('',#174,#1885);
#1883=LINE('',#176,#1886);
#1884=VECTOR('',#1887,1.0);
#1885=VECTOR('',#1888,1.0);
#1886=VECTOR('',#1889,1.0);
#1887=DIRECTION('',(-0.6136470851394704,-0.7895804296585824,0));
#1888=DIRECTION('',(0.7729968768850644,-0.6344098267885963,0));
#1889=DIRECTION('',(0.5458000223602186,0.8379154704333753,0));
#1890=FACE_SURFACE('',(#1895),#1891,.T.);
#1891=PLANE('',#1892);
#1892=AXIS2_PLACEMENT_3D('',#74,#1893,#1894);
#1893=DIRECTION('',(0,0,1));
#1894=DIRECTION('',(-0.5458000223602186,-0.8379154704333753,0));
#1895=FACE_BOUND('',#1896,.T.);
#1896=EDGE_LOOP('',(#1897,#1898,#1899));
#1897=ORIENTED_EDGE('',*,*,#1900,.T.);
#1898=ORIENTED_EDGE('',*,*,#1901,.T.);
#1899=ORIENTED_EDGE('',*,*,#1902,.T.);
#1900=EDGE_CURVE('',#75,#177,#1903,.F.);
#1901=EDGE_CURVE('',#177,#179,#1904,.T.);
#1902=EDGE_CURVE('',#179,#75,#1905,.T.);
#1903=LINE('',#74,#1906);
#1904=LINE('',#176,#1907);
#1905=LINE('',#178,#1908);
#1906=VECTOR('',#1909,1.0);
#1907=VECTOR('',#1910,1.0);
#1908=VECTOR('',#1911,1.0);
#1909=DIRECTION('',(-0.5458000223602186,-0.8379154704333753,0));
#1910=DIRECTION('',(0.6344129151675546,-0.7729943421970209,0));
#1911=DIRECTION('',(0.47946999915366284,0.8775582715190977,0));
#1912=FACE_SURFACE('',(#1917),#1913,.T.);
#1913=PLANE('',#1914);
#1914=AXIS2_PLACEMENT_3D('',#180,#1915,#1916);
#1915=DIRECTION('',(0,0,1));
#1916=DIRECTION('',(-0.7729827386850253,-0.6344270530919986,0));
#1917=FACE_BOUND('',#1918,.T.);
#1918=EDGE_LOOP('',(#1919,#1920,#1921));
#1919=ORIENTED_EDGE('',*,*,#1922,.T.);
#1920=ORIENTED_EDGE('',*,*,#1923,.T.);
#1921=ORIENTED_EDGE('',*,*,#1924,.T.);
#1922=EDGE_CURVE('',#181,#171,#1925,.F.);
#1923=EDGE_CURVE('',#171,#65,#1926,.T.);
#1924=EDGE_CURVE('',#65,#181,#1927,.T.);
#1925=LINE('',#180,#1928);
#1926=LINE('',#170,#1929);
#1927=LINE('',#64,#1930);
#1928=VECTOR('',#1931,1.0);
#1929=VECTOR('',#1932,1.0);
#1930=VECTOR('',#1933,1.0);
#1931=DIRECTION('',(-0.7729827386850253,-0.6344270530919986,0));
#1932=DIRECTION('',(0.37484750863215865,-0.9270864820890572,0));
#1933=DIRECTION('',(-0.32988566425732585,0.9440208941106669,0));
#1934=FACE_SURFACE('',(#1939),#1935,.T.);
#1935=PLANE('',#1936);
#1936=AXIS2_PLACEMENT_3D('',#182,#1937,#1938);
#1937=DIRECTION('',(0,0,1));
#1938=DIRECTION('',(-0.6343987776610048,-0.7730059449332992,0));
#1939=FACE_BOUND('',#1940,.T.);
#1940=EDGE_LOOP('',(#1941,#1942,#1943));
#1941=ORIENTED_EDGE('',*,*,#1944,.T.);
#1942=ORIENTED_EDGE('',*,*,#1945,.T.);
#1943=ORIENTED_EDGE('',*,*,#1946,.T.);
#1944=EDGE_CURVE('',#183,#181,#1947,.F.);
#1945=EDGE_CURVE('',#181,#65,#1948,.T.);
#1946=EDGE_CURVE('',#65,#183,#1949,.T.);
#1947=LINE('',#182,#1950);
#1948=LINE('',#180,#1951);
#1949=LINE('',#64,#1952);
#1950=VECTOR('',#1953,1.0);
#1951=VECTOR('',#1954,1.0);
#1952=VECTOR('',#1955,1.0);
#1953=DIRECTION('',(-0.6343987776610048,-0.7730059449332992,0));
#1954=DIRECTION('',(0.32988566425732585,-0.9440208941106669,0));
#1955=DIRECTION('',(-0.29009913366221923,0.9569966001237569,0));
#1956=FACE_SURFACE('',(#1961),#1957,.T.);
#1957=PLANE('',#1958);
#1958=AXIS2_PLACEMENT_3D('',#74,#1959,#1960);
#1959=DIRECTION('',(0,0,1));
#1960=DIRECTION('',(-0.47946999915366284,-0.8775582715190977,0));
#1961=FACE_BOUND('',#1962,.T.);
#1962=EDGE_LOOP('',(#1963,#1964,#1965));
#1963=ORIENTED_EDGE('',*,*,#1966,.T.);
#1964=ORIENTED_EDGE('',*,*,#1967,.T.);
#1965=ORIENTED_EDGE('',*,*,#1968,.T.);
#1966=EDGE_CURVE('',#75,#179,#1969,.F.);
#1967=EDGE_CURVE('',#179,#185,#1970,.T.);
#1968=EDGE_CURVE('',#185,#75,#1971,.T.);
#1969=LINE('',#74,#1972);
#1970=LINE('',#178,#1973);
#1971=LINE('',#184,#1974);
#1972=VECTOR('',#1975,1.0);
#1973=VECTOR('',#1976,1.0);
#1974=VECTOR('',#1977,1.0);
#1975=DIRECTION('',(-0.47946999915366284,-0.8775582715190977,0));
#1976=DIRECTION('',(0.4714020134351413,-0.8819184439217125,0));
#1977=DIRECTION('',(0.4216579845876904,0.9067549525828061,0));
#1978=FACE_SURFACE('',(#1983),#1979,.T.);
#1979=PLANE('',#1980);
#1980=AXIS2_PLACEMENT_3D('',#74,#1981,#1982);
#1981=DIRECTION('',(0,0,1));
#1982=DIRECTION('',(-0.4216579845876904,-0.9067549525828061,0));
#1983=FACE_BOUND('',#1984,.T.);
#1984=EDGE_LOOP('',(#1985,#1986,#1987));
#1985=ORIENTED_EDGE('',*,*,#1988,.T.);
#1986=ORIENTED_EDGE('',*,*,#1989,.T.);
#1987=ORIENTED_EDGE('',*,*,#1990,.T.);
#1988=EDGE_CURVE('',#75,#185,#1991,.F.);
#1989=EDGE_CURVE('',#185,#187,#1992,.T.);
#1990=EDGE_CURVE('',#187,#75,#1993,.T.);
#1991=LINE('',#74,#1994);
#1992=LINE('',#184,#1995);
#1993=LINE('',#186,#1996);
#1994=VECTOR('',#1997,1.0);
#1995=VECTOR('',#1998,1.0);
#1996=VECTOR('',#1999,1.0);
#1997=DIRECTION('',(-0.4216579845876904,-0.9067549525828061,0));
#1998=DIRECTION('',(0.2902506262701716,-0.9569506643238057,0));
#1999=DIRECTION('',(0.3769824910626822,0.9262203849150453,0));
#2000=FACE_SURFACE('',(#2005),#2001,.T.);
#2001=PLANE('',#2002);
#2002=AXIS2_PLACEMENT_3D('',#188,#2003,#2004);
#2003=DIRECTION('',(0,0,1));
#2004=DIRECTION('',(-0.4714139987618622,-0.8819120374342053,0));
#2005=FACE_BOUND('',#2006,.T.);
#2006=EDGE_LOOP('',(#2007,#2008,#2009));
#2007=ORIENTED_EDGE('',*,*,#2010,.T.);
#2008=ORIENTED_EDGE('',*,*,#2011,.T.);
#2009=ORIENTED_EDGE('',*,*,#2012,.T.);
#2010=EDGE_CURVE('',#189,#183,#2013,.F.);
#2011=EDGE_CURVE('',#183,#65,#2014,.T.);
#2012=EDGE_CURVE('',#65,#189,#2015,.T.);
#2013=LINE('',#188,#2016);
#2014=LINE('',#182,#2017);
#2015=LINE('',#64,#2018);
#2016=VECTOR('',#2019,1.0);
#2017=VECTOR('',#2020,1.0);
#2018=VECTOR('',#2021,1.0);
#2019=DIRECTION('',(-0.4714139987618622,-0.8819120374342053,0));
#2020=DIRECTION('',(0.29009913366221923,-0.9569966001237569,0));
#2021=DIRECTION('',(-0.25791385588548305,0.9661679165353619,0));
#2022=FACE_SURFACE('',(#2027),#2023,.T.);
#2023=PLANE('',#2024);
#2024=AXIS2_PLACEMENT_3D('',#190,#2025,#2026);
#2025=DIRECTION('',(0,0,1));
#2026=DIRECTION('',(-0.2902426190597349,-0.9569530929368197,0));
#2027=FACE_BOUND('',#2028,.T.);
#2028=EDGE_LOOP('',(#2029,#2030,#2031));
#2029=ORIENTED_EDGE('',*,*,#2032,.T.);
#2030=ORIENTED_EDGE('',*,*,#2033,.T.);
#2031=ORIENTED_EDGE('',*,*,#2034,.T.);
#2032=EDGE_CURVE('',#191,#189,#2035,.F.);
#2033=EDGE_CURVE('',#189,#65,#2036,.T.);
#2034=EDGE_CURVE('',#65,#191,#2037,.T.);
#2035=LINE('',#190,#2038);
#2036=LINE('',#188,#2039);
#2037=LINE('',#64,#2040);
#2038=VECTOR('',#2041,1.0);
#2039=VECTOR('',#2042,1.0);
#2040=VECTOR('',#2043,1.0);
#2041=DIRECTION('',(-0.2902426190597349,-0.9569530929368197,0));
#2042=DIRECTION('',(0.25791385588548305,-0.9661679165353619,0));
#2043=DIRECTION('',(-0.23466783729062302,0.9720756175017156,0));
#2044=FACE_SURFACE('',(#2049),#2045,.T.);
#2045=PLANE('',#2046);
#2046=AXIS2_PLACEMENT_3D('',#74,#2047,#2048);
#2047=DIRECTION('',(0,0,1));
#2048=DIRECTION('',(-0.3769824910626822,-0.9262203849150453,0));
#2049=FACE_BOUND('',#2050,.T.);
#2050=EDGE_LOOP('',(#2051,#2052,#2053));
#2051=ORIENTED_EDGE('',*,*,#2054,.T.);
#2052=ORIENTED_EDGE('',*,*,#2055,.T.);
#2053=ORIENTED_EDGE('',*,*,#2056,.T.);
#2054=EDGE_CURVE('',#75,#187,#2057,.F.);
#2055=EDGE_CURVE('',#187,#167,#2058,.T.);
#2056=EDGE_CURVE('',#167,#75,#2059,.T.);
#2057=LINE('',#74,#2060);
#2058=LINE('',#186,#2061);
#2059=LINE('',#166,#2062);
#2060=VECTOR('',#2063,1.0);
#2061=VECTOR('',#2064,1.0);
#2062=VECTOR('',#2065,1.0);
#2063=DIRECTION('',(-0.3769824910626822,-0.9262203849150453,0));
#2064=DIRECTION('',(0.09807362212579283,-0.9951791620824499,0));
#2065=DIRECTION('',(0.34717947331561294,0.9377987061775536,0));
#2066=FACE_SURFACE('',(#2071),#2067,.T.);
#2067=PLANE('',#2068);
#2068=AXIS2_PLACEMENT_3D('',#168,#2069,#2070);
#2069=DIRECTION('',(0,0,1));
#2070=DIRECTION('',(-0.09807643586469016,-0.9951788847880965,0));
#2071=FACE_BOUND('',#2072,.T.);
#2072=EDGE_LOOP('',(#2073,#2074,#2075));
#2073=ORIENTED_EDGE('',*,*,#2076,.T.);
#2074=ORIENTED_EDGE('',*,*,#2077,.T.);
#2075=ORIENTED_EDGE('',*,*,#2078,.T.);
#2076=EDGE_CURVE('',#169,#191,#2079,.F.);
#2077=EDGE_CURVE('',#191,#65,#2080,.T.);
#2078=EDGE_CURVE('',#65,#169,#2081,.T.);
#2079=LINE('',#168,#2082);
#2080=LINE('',#190,#2083);
#2081=LINE('',#64,#2084);
#2082=VECTOR('',#2085,1.0);
#2083=VECTOR('',#2086,1.0);
#2084=VECTOR('',#2087,1.0);
#2085=DIRECTION('',(-0.09807643586469016,-0.9951788847880965,0));
#2086=DIRECTION('',(0.23466783729062302,-0.9720756175017156,0));
#2087=DIRECTION('',(-0.22070217861137595,0.9753412471315833,0));
#2088=FACE_SURFACE('',(#2093),#2089,.T.);
#2089=PLANE('',#2090);
#2090=AXIS2_PLACEMENT_3D('',#74,#2091,#2092);
#2091=DIRECTION('',(0,0,1));
#2092=DIRECTION('',(-0.34717947331561294,-0.9377987061775536,0));
#2093=FACE_BOUND('',#2094,.T.);
#2094=EDGE_LOOP('',(#2095,#2096,#2097));
#2095=ORIENTED_EDGE('',*,*,#2098,.T.);
#2096=ORIENTED_EDGE('',*,*,#2099,.T.);
#2097=ORIENTED_EDGE('',*,*,#2100,.T.);
#2098=EDGE_CURVE('',#75,#167,#2101,.F.);
#2099=EDGE_CURVE('',#167,#169,#2102,.T.);
#2100=EDGE_CURVE('',#169,#75,#2103,.T.);
#2101=LINE('',#74,#2104);
#2102=LINE('',#166,#2105);
#2103=LINE('',#168,#2106);
#2104=VECTOR('',#2107,1.0);
#2105=VECTOR('',#2108,1.0);
#2106=VECTOR('',#2109,1.0);
#2107=DIRECTION('',(-0.34717947331561294,-0.9377987061775536,0));
#2108=DIRECTION('',(0,-1,0));
#2109=DIRECTION('',(0.010023049688305545,0.9999497679758447,0));
#2110=FACE_SURFACE('',(#2115),#2111,.T.);
#2111=PLANE('',#2112);
#2112=AXIS2_PLACEMENT_3D('',#168,#2113,#2114);
#2113=DIRECTION('',(-0,0,1));
#2114=DIRECTION('',(0.22070217861137595,-0.9753412471315833,0));
#2115=FACE_BOUND('',#2116,.T.);
#2116=EDGE_LOOP('',(#2117,#2118,#2119));
#2117=ORIENTED_EDGE('',*,*,#2120,.T.);
#2118=ORIENTED_EDGE('',*,*,#2121,.T.);
#2119=ORIENTED_EDGE('',*,*,#2122,.T.);
#2120=EDGE_CURVE('',#169,#65,#2123,.F.);
#2121=EDGE_CURVE('',#65,#75,#2124,.T.);
#2122=EDGE_CURVE('',#75,#169,#2125,.T.);
#2123=LINE('',#168,#2126);
#2124=LINE('',#64,#2127);
#2125=LINE('',#74,#2128);
#2126=VECTOR('',#2129,1.0);
#2127=VECTOR('',#2130,1.0);
#2128=VECTOR('',#2131,1.0);
#2129=DIRECTION('',(0.22070217861137595,-0.9753412471315833,0));
#2130=DIRECTION('',(0,1,0));
#2131=DIRECTION('',(-0.010023049688305545,-0.9999497679758447,0));
#2132=FACE_SURFACE('',(#2137),#2133,.T.);
#2133=PLANE('',#2134);
#2134=AXIS2_PLACEMENT_3D('',#192,#2135,#2136);
#2135=DIRECTION('',(-0,0,1));
#2136=DIRECTION('',(0.8819064587340282,-0.4714244351359036,0));
#2137=FACE_BOUND('',#2138,.T.);
#2138=EDGE_LOOP('',(#2139,#2140,#2141));
#2139=ORIENTED_EDGE('',*,*,#2142,.T.);
#2140=ORIENTED_EDGE('',*,*,#2143,.T.);
#2141=ORIENTED_EDGE('',*,*,#2144,.T.);
#2142=EDGE_CURVE('',#193,#175,#2145,.F.);
#2143=EDGE_CURVE('',#175,#75,#2146,.T.);
#2144=EDGE_CURVE('',#75,#193,#2147,.T.);
#2145=LINE('',#192,#2148);
#2146=LINE('',#174,#2149);
#2147=LINE('',#74,#2150);
#2148=VECTOR('',#2151,1.0);
#2149=VECTOR('',#2152,1.0);
#2150=VECTOR('',#2153,1.0);
#2151=DIRECTION('',(0.8819064587340282,-0.4714244351359036,0));
#2152=DIRECTION('',(0.6136470851394704,0.7895804296585824,0));
#2153=DIRECTION('',(-0.6756750974029941,-0.7371995406600945,0));
#2154=FACE_SURFACE('',(#2159),#2155,.T.);
#2155=PLANE('',#2156);
#2156=AXIS2_PLACEMENT_3D('',#74,#2157,#2158);
#2157=DIRECTION('',(0,0,1));
#2158=DIRECTION('',(-0.9204606223107055,0.3908353141354922,0));
#2159=FACE_BOUND('',#2160,.T.);
#2160=EDGE_LOOP('',(#2161,#2162,#2163));
#2161=ORIENTED_EDGE('',*,*,#2164,.T.);
#2162=ORIENTED_EDGE('',*,*,#2165,.T.);
#2163=ORIENTED_EDGE('',*,*,#2166,.T.);
#2164=EDGE_CURVE('',#75,#79,#2167,.F.);
#2165=EDGE_CURVE('',#79,#41,#2168,.T.);
#2166=EDGE_CURVE('',#41,#75,#2169,.T.);
#2167=LINE('',#74,#2170);
#2168=LINE('',#78,#2171);
#2169=LINE('',#40,#2172);
#2170=VECTOR('',#2173,1.0);
#2171=VECTOR('',#2174,1.0);
#2172=VECTOR('',#2175,1.0);
#2173=DIRECTION('',(-0.9204606223107055,0.3908353141354922,0));
#2174=DIRECTION('',(-0.8898198535819729,-0.45631198556618735,0));
#2175=DIRECTION('',(0.9999687786297338,0.007902010235278995,0));
#2176=FACE_SURFACE('',(#2181),#2177,.T.);
#2177=PLANE('',#2178);
#2178=AXIS2_PLACEMENT_3D('',#40,#2179,#2180);
#2179=DIRECTION('',(0,0,1));
#2180=DIRECTION('',(0.7100554032842552,-0.7041458117938597,0));
#2181=FACE_BOUND('',#2182,.T.);
#2182=EDGE_LOOP('',(#2183,#2184,#2185));
#2183=ORIENTED_EDGE('',*,*,#2186,.T.);
#2184=ORIENTED_EDGE('',*,*,#2187,.T.);
#2185=ORIENTED_EDGE('',*,*,#2188,.T.);
#2186=EDGE_CURVE('',#41,#87,#2189,.F.);
#2187=EDGE_CURVE('',#87,#195,#2190,.T.);
#2188=EDGE_CURVE('',#195,#41,#2191,.T.);
#2189=LINE('',#40,#2192);
#2190=LINE('',#86,#2193);
#2191=LINE('',#194,#2194);
#2192=VECTOR('',#2195,1.0);
#2193=VECTOR('',#2196,1.0);
#2194=VECTOR('',#2197,1.0);
#2195=DIRECTION('',(0.7100554032842552,-0.7041458117938597,0));
#2196=DIRECTION('',(0.7729968768850644,0.6344098267885963,0));
#2197=DIRECTION('',(-0.7577590724787886,0.6525344343987419,0));
#2198=FACE_SURFACE('',(#2203),#2199,.T.);
#2199=PLANE('',#2200);
#2200=AXIS2_PLACEMENT_3D('',#40,#2201,#2202);
#2201=DIRECTION('',(0,0,1));
#2202=DIRECTION('',(0.7577590724787886,-0.6525344343987419,0));
#2203=FACE_BOUND('',#2204,.T.);
#2204=EDGE_LOOP('',(#2205,#2206,#2207));
#2205=ORIENTED_EDGE('',*,*,#2208,.T.);
#2206=ORIENTED_EDGE('',*,*,#2209,.T.);
#2207=ORIENTED_EDGE('',*,*,#2210,.T.);
#2208=EDGE_CURVE('',#41,#195,#2211,.F.);
#2209=EDGE_CURVE('',#195,#197,#2212,.T.);
#2210=EDGE_CURVE('',#197,#41,#2213,.T.);
#2211=LINE('',#40,#2214);
#2212=LINE('',#194,#2215);
#2213=LINE('',#196,#2216);
#2214=VECTOR('',#2217,1.0);
#2215=VECTOR('',#2218,1.0);
#2216=VECTOR('',#2219,1.0);
#2217=DIRECTION('',(0.7577590724787886,-0.6525344343987419,0));
#2218=DIRECTION('',(0.8819192712878823,0.47140046556091847,0));
#2219=DIRECTION('',(-0.7980250180324319,0.6026243196174021,0));
#2220=FACE_SURFACE('',(#2225),#2221,.T.);
#2221=PLANE('',#2222);
#2222=AXIS2_PLACEMENT_3D('',#192,#2223,#2224);
#2223=DIRECTION('',(0,-0,1));
#2224=DIRECTION('',(0.6756750974029941,0.7371995406600945,0));
#2225=FACE_BOUND('',#2226,.T.);
#2226=EDGE_LOOP('',(#2227,#2228,#2229));
#2227=ORIENTED_EDGE('',*,*,#2230,.T.);
#2228=ORIENTED_EDGE('',*,*,#2231,.T.);
#2229=ORIENTED_EDGE('',*,*,#2232,.T.);
#2230=EDGE_CURVE('',#193,#75,#2233,.F.);
#2231=EDGE_CURVE('',#75,#41,#2234,.T.);
#2232=EDGE_CURVE('',#41,#193,#2235,.T.);
#2233=LINE('',#192,#2236);
#2234=LINE('',#74,#2237);
#2235=LINE('',#40,#2238);
#2236=VECTOR('',#2239,1.0);
#2237=VECTOR('',#2240,1.0);
#2238=VECTOR('',#2241,1.0);
#2239=DIRECTION('',(0.6756750974029941,0.7371995406600945,0));
#2240=DIRECTION('',(-0.9999687786297338,-0.007902010235278995,0));
#2241=DIRECTION('',(0.8705877491673035,-0.49201318173379066,0));
#2242=FACE_SURFACE('',(#2247),#2243,.T.);
#2243=PLANE('',#2244);
#2244=AXIS2_PLACEMENT_3D('',#198,#2245,#2246);
#2245=DIRECTION('',(-0,-0,1));
#2246=DIRECTION('',(0.9569555213488457,-0.29023461227076086,0));
#2247=FACE_BOUND('',#2248,.T.);
#2248=EDGE_LOOP('',(#2249,#2250,#2251));
#2249=ORIENTED_EDGE('',*,*,#2252,.T.);
#2250=ORIENTED_EDGE('',*,*,#2253,.T.);
#2251=ORIENTED_EDGE('',*,*,#2254,.T.);
#2252=EDGE_CURVE('',#199,#193,#2255,.F.);
#2253=EDGE_CURVE('',#193,#41,#2256,.T.);
#2254=EDGE_CURVE('',#41,#199,#2257,.T.);
#2255=LINE('',#198,#2258);
#2256=LINE('',#192,#2259);
#2257=LINE('',#40,#2260);
#2258=VECTOR('',#2261,1.0);
#2259=VECTOR('',#2262,1.0);
#2260=VECTOR('',#2263,1.0);
#2261=DIRECTION('',(0.9569555213488457,-0.29023461227076086,0));
#2262=DIRECTION('',(-0.8705877491673035,0.49201318173379066,0));
#2263=DIRECTION('',(0.8641442931765727,-0.5032441162799238,0));
#2264=FACE_SURFACE('',(#2269),#2265,.T.);
#2265=PLANE('',#2266);
#2266=AXIS2_PLACEMENT_3D('',#40,#2267,#2268);
#2267=DIRECTION('',(0,0,1));
#2268=DIRECTION('',(0.7980250180324319,-0.6026243196174021,0));
#2269=FACE_BOUND('',#2270,.T.);
#2270=EDGE_LOOP('',(#2271,#2272,#2273));
#2271=ORIENTED_EDGE('',*,*,#2274,.T.);
#2272=ORIENTED_EDGE('',*,*,#2275,.T.);
#2273=ORIENTED_EDGE('',*,*,#2276,.T.);
#2274=EDGE_CURVE('',#41,#197,#2277,.F.);
#2275=EDGE_CURVE('',#197,#201,#2278,.T.);
#2276=EDGE_CURVE('',#201,#41,#2279,.T.);
#2277=LINE('',#40,#2280);
#2278=LINE('',#196,#2281);
#2279=LINE('',#200,#2282);
#2280=VECTOR('',#2283,1.0);
#2281=VECTOR('',#2284,1.0);
#2282=VECTOR('',#2285,1.0);
#2283=DIRECTION('',(0.7980250180324319,-0.6026243196174021,0));
#2284=DIRECTION('',(0.956945806494727,0.2902666419555589,0));
#2285=DIRECTION('',(-0.8290131963611439,0.5592290409653987,0));
#2286=FACE_SURFACE('',(#2291),#2287,.T.);
#2287=PLANE('',#2288);
#2288=AXIS2_PLACEMENT_3D('',#202,#2289,#2290);
#2289=DIRECTION('',(-0,-0,1));
#2290=DIRECTION('',(0.9951816982057049,-0.09804788399761305,0));
#2291=FACE_BOUND('',#2292,.T.);
#2292=EDGE_LOOP('',(#2293,#2294,#2295));
#2293=ORIENTED_EDGE('',*,*,#2296,.T.);
#2294=ORIENTED_EDGE('',*,*,#2297,.T.);
#2295=ORIENTED_EDGE('',*,*,#2298,.T.);
#2296=EDGE_CURVE('',#203,#199,#2299,.F.);
#2297=EDGE_CURVE('',#199,#41,#2300,.T.);
#2298=EDGE_CURVE('',#41,#203,#2301,.T.);
#2299=LINE('',#202,#2302);
#2300=LINE('',#198,#2303);
#2301=LINE('',#40,#2304);
#2302=VECTOR('',#2305,1.0);
#2303=VECTOR('',#2306,1.0);
#2304=VECTOR('',#2307,1.0);
#2305=DIRECTION('',(0.9951816982057049,-0.09804788399761305,0));
#2306=DIRECTION('',(-0.8641442931765727,0.5032441162799238,0));
#2307=DIRECTION('',(0.8507187758021828,-0.5256211225756015,0));
#2308=FACE_SURFACE('',(#2313),#2309,.T.);
#2309=PLANE('',#2310);
#2310=AXIS2_PLACEMENT_3D('',#40,#2311,#2312);
#2311=DIRECTION('',(0,0,1));
#2312=DIRECTION('',(0.8290131963611439,-0.5592290409653987,0));
#2313=FACE_BOUND('',#2314,.T.);
#2314=EDGE_LOOP('',(#2315,#2316,#2317));
#2315=ORIENTED_EDGE('',*,*,#2318,.T.);
#2316=ORIENTED_EDGE('',*,*,#2319,.T.);
#2317=ORIENTED_EDGE('',*,*,#2320,.T.);
#2318=EDGE_CURVE('',#41,#201,#2321,.F.);
#2319=EDGE_CURVE('',#201,#203,#2322,.T.);
#2320=EDGE_CURVE('',#203,#41,#2323,.T.);
#2321=LINE('',#40,#2324);
#2322=LINE('',#200,#2325);
#2323=LINE('',#202,#2326);
#2324=VECTOR('',#2327,1.0);
#2325=VECTOR('',#2328,1.0);
#2326=VECTOR('',#2329,1.0);
#2327=DIRECTION('',(0.8290131963611439,-0.5592290409653987,0));
#2328=DIRECTION('',(0.9951822524492722,0.09804225828688878,0));
#2329=DIRECTION('',(-0.8507187758021828,0.5256211225756015,0));
#2330=FACE_SURFACE('',(#2335),#2331,.T.);
#2331=PLANE('',#2332);
#2332=AXIS2_PLACEMENT_3D('',#204,#2333,#2334);
#2333=DIRECTION('',(0,0,1));
#2334=DIRECTION('',(-0.8819432393295803,0.47135562222259164,0));
#2335=FACE_BOUND('',#2336,.T.);
#2336=EDGE_LOOP('',(#2337,#2338,#2339));
#2337=ORIENTED_EDGE('',*,*,#2340,.T.);
#2338=ORIENTED_EDGE('',*,*,#2341,.T.);
#2339=ORIENTED_EDGE('',*,*,#2342,.T.);
#2340=EDGE_CURVE('',#205,#89,#2343,.F.);
#2341=EDGE_CURVE('',#89,#49,#2344,.T.);
#2342=EDGE_CURVE('',#49,#205,#2345,.T.);
#2343=LINE('',#204,#2346);
#2344=LINE('',#88,#2347);
#2345=LINE('',#48,#2348);
#2346=VECTOR('',#2349,1.0);
#2347=VECTOR('',#2350,1.0);
#2348=VECTOR('',#2351,1.0);
#2349=DIRECTION('',(-0.8819432393295803,0.47135562222259164,0));
#2350=DIRECTION('',(-0.5134347464307495,-0.8581286390498758,0));
#2351=DIRECTION('',(0.5537209407853054,0.8327022995860143,0));
#2352=FACE_SURFACE('',(#2357),#2353,.T.);
#2353=PLANE('',#2354);
#2354=AXIS2_PLACEMENT_3D('',#48,#2355,#2356);
#2355=DIRECTION('',(0,0,1));
#2356=DIRECTION('',(0.8898198535819729,-0.45631198556618735,0));
#2357=FACE_BOUND('',#2358,.T.);
#2358=EDGE_LOOP('',(#2359,#2360,#2361));
#2359=ORIENTED_EDGE('',*,*,#2362,.T.);
#2360=ORIENTED_EDGE('',*,*,#2363,.T.);
#2361=ORIENTED_EDGE('',*,*,#2364,.T.);
#2362=EDGE_CURVE('',#49,#67,#2365,.F.);
#2363=EDGE_CURVE('',#67,#65,#2366,.T.);
#2364=EDGE_CURVE('',#65,#49,#2367,.T.);
#2365=LINE('',#48,#2368);
#2366=LINE('',#66,#2369);
#2367=LINE('',#64,#2370);
#2368=VECTOR('',#2371,1.0);
#2369=VECTOR('',#2372,1.0);
#2370=VECTOR('',#2373,1.0);
#2371=DIRECTION('',(0.8898198535819729,-0.45631198556618735,0));
#2372=DIRECTION('',(0.9204606223107055,0.3908353141354922,0));
#2373=DIRECTION('',(-0.9999687786297338,0.007902010235278995,0));
#2374=FACE_SURFACE('',(#2379),#2375,.T.);
#2375=PLANE('',#2376);
#2376=AXIS2_PLACEMENT_3D('',#64,#2377,#2378);
#2377=DIRECTION('',(0,0,1));
#2378=DIRECTION('',(-0.421708665646227,0.9067313832215574,0));
#2379=FACE_BOUND('',#2380,.T.);
#2380=EDGE_LOOP('',(#2381,#2382,#2383));
#2381=ORIENTED_EDGE('',*,*,#2384,.T.);
#2382=ORIENTED_EDGE('',*,*,#2385,.T.);
#2383=ORIENTED_EDGE('',*,*,#2386,.T.);
#2384=EDGE_CURVE('',#65,#173,#2387,.F.);
#2385=EDGE_CURVE('',#173,#207,#2388,.T.);
#2386=EDGE_CURVE('',#207,#65,#2389,.T.);
#2387=LINE('',#64,#2390);
#2388=LINE('',#172,#2391);
#2389=LINE('',#206,#2392);
#2390=VECTOR('',#2393,1.0);
#2391=VECTOR('',#2394,1.0);
#2392=VECTOR('',#2395,1.0);
#2393=DIRECTION('',(-0.421708665646227,0.9067313832215574,0));
#2394=DIRECTION('',(-0.9569395070038403,-0.2902874091917301,0));
#2395=DIRECTION('',(0.4669009577795492,-0.8843096152505295,0));
#2396=FACE_SURFACE('',(#2401),#2397,.T.);
#2397=PLANE('',#2398);
#2398=AXIS2_PLACEMENT_3D('',#64,#2399,#2400);
#2399=DIRECTION('',(0,0,1));
#2400=DIRECTION('',(-0.4669009577795492,0.8843096152505295,0));
#2401=FACE_BOUND('',#2402,.T.);
#2402=EDGE_LOOP('',(#2403,#2404,#2405));
#2403=ORIENTED_EDGE('',*,*,#2406,.T.);
#2404=ORIENTED_EDGE('',*,*,#2407,.T.);
#2405=ORIENTED_EDGE('',*,*,#2408,.T.);
#2406=EDGE_CURVE('',#65,#207,#2409,.F.);
#2407=EDGE_CURVE('',#207,#209,#2410,.T.);
#2408=EDGE_CURVE('',#209,#65,#2411,.T.);
#2409=LINE('',#64,#2412);
#2410=LINE('',#206,#2413);
#2411=LINE('',#208,#2414);
#2412=VECTOR('',#2415,1.0);
#2413=VECTOR('',#2416,1.0);
#2414=VECTOR('',#2417,1.0);
#2415=DIRECTION('',(-0.4669009577795492,0.8843096152505295,0));
#2416=DIRECTION('',(-0.995184510820053,-0.09801933188841773,0));
#2417=DIRECTION('',(0.5072699058635357,-0.8617872374346232,0));
#2418=FACE_SURFACE('',(#2423),#2419,.T.);
#2419=PLANE('',#2420);
#2420=AXIS2_PLACEMENT_3D('',#204,#2421,#2422);
#2421=DIRECTION('',(0,0,1));
#2422=DIRECTION('',(-0.5537209407853054,-0.8327022995860143,0));
#2423=FACE_BOUND('',#2424,.T.);
#2424=EDGE_LOOP('',(#2425,#2426,#2427));
#2425=ORIENTED_EDGE('',*,*,#2428,.T.);
#2426=ORIENTED_EDGE('',*,*,#2429,.T.);
#2427=ORIENTED_EDGE('',*,*,#2430,.T.);
#2428=EDGE_CURVE('',#205,#49,#2431,.F.);
#2429=EDGE_CURVE('',#49,#65,#2432,.T.);
#2430=EDGE_CURVE('',#65,#205,#2433,.T.);
#2431=LINE('',#204,#2434);
#2432=LINE('',#48,#2435);
#2433=LINE('',#64,#2436);
#2434=VECTOR('',#2437,1.0);
#2435=VECTOR('',#2438,1.0);
#2436=VECTOR('',#2439,1.0);
#2437=DIRECTION('',(-0.5537209407853054,-0.8327022995860143,0));
#2438=DIRECTION('',(0.9999687786297338,-0.007902010235278995,0));
#2439=DIRECTION('',(-0.5658362146113287,0.8245176639916953,0));
#2440=FACE_SURFACE('',(#2445),#2441,.T.);
#2441=PLANE('',#2442);
#2442=AXIS2_PLACEMENT_3D('',#64,#2443,#2444);
#2443=DIRECTION('',(0,0,1));
#2444=DIRECTION('',(-0.5072699058635357,0.8617872374346232,0));
#2445=FACE_BOUND('',#2446,.T.);
#2446=EDGE_LOOP('',(#2447,#2448,#2449));
#2447=ORIENTED_EDGE('',*,*,#2450,.T.);
#2448=ORIENTED_EDGE('',*,*,#2451,.T.);
#2449=ORIENTED_EDGE('',*,*,#2452,.T.);
#2450=EDGE_CURVE('',#65,#209,#2453,.F.);
#2451=EDGE_CURVE('',#209,#211,#2454,.T.);
#2452=EDGE_CURVE('',#211,#65,#2455,.T.);
#2453=LINE('',#64,#2456);
#2454=LINE('',#208,#2457);
#2455=LINE('',#210,#2458);
#2456=VECTOR('',#2459,1.0);
#2457=VECTOR('',#2460,1.0);
#2458=VECTOR('',#2461,1.0);
#2459=DIRECTION('',(-0.5072699058635357,0.8617872374346232,0));
#2460=DIRECTION('',(-0.9951850647424347,0.09801370778414571,0));
#2461=DIRECTION('',(0.5406190655828157,-0.8412675115136465,0));
#2462=FACE_SURFACE('',(#2467),#2463,.T.);
#2463=PLANE('',#2464);
#2464=AXIS2_PLACEMENT_3D('',#64,#2465,#2466);
#2465=DIRECTION('',(0,0,1));
#2466=DIRECTION('',(-0.5406190655828157,0.8412675115136465,0));
#2467=FACE_BOUND('',#2468,.T.);
#2468=EDGE_LOOP('',(#2469,#2470,#2471));
#2469=ORIENTED_EDGE('',*,*,#2472,.T.);
#2470=ORIENTED_EDGE('',*,*,#2473,.T.);
#2471=ORIENTED_EDGE('',*,*,#2474,.T.);
#2472=EDGE_CURVE('',#65,#211,#2475,.F.);
#2473=EDGE_CURVE('',#211,#205,#2476,.T.);
#2474=EDGE_CURVE('',#205,#65,#2477,.T.);
#2475=LINE('',#64,#2478);
#2476=LINE('',#210,#2479);
#2477=LINE('',#204,#2480);
#2478=VECTOR('',#2481,1.0);
#2479=VECTOR('',#2482,1.0);
#2480=VECTOR('',#2483,1.0);
#2481=DIRECTION('',(-0.5406190655828157,0.8412675115136465,0));
#2482=DIRECTION('',(-0.956929788777607,0.2903194436307093,0));
#2483=DIRECTION('',(0.5658362146113287,-0.8245176639916953,0));
#2484=FACE_SURFACE('',(#2489),#2485,.T.);
#2485=PLANE('',#2486);
#2486=AXIS2_PLACEMENT_3D('',#82,#2487,#2488);
#2487=DIRECTION('',(0,1,0));
#2488=DIRECTION('',(-1,0,0));
#2489=FACE_BOUND('',#2490,.T.);
#2490=EDGE_LOOP('',(#2491,#2492,#2493));
#2491=ORIENTED_EDGE('',*,*,#2494,.T.);
#2492=ORIENTED_EDGE('',*,*,#2495,.T.);
#2493=ORIENTED_EDGE('',*,*,#2496,.T.);
#2494=EDGE_CURVE('',#83,#213,#2497,.F.);
#2495=EDGE_CURVE('',#213,#215,#2498,.T.);
#2496=EDGE_CURVE('',#215,#83,#2499,.T.);
#2497=LINE('',#82,#2500);
#2498=LINE('',#212,#2501);
#2499=LINE('',#214,#2502);
#2500=VECTOR('',#2503,1.0);
#2501=VECTOR('',#2504,1.0);
#2502=VECTOR('',#2505,1.0);
#2503=DIRECTION('',(-1,0,0));
#2504=DIRECTION('',(2.34746058826431E-06,0,0.9999999999972446));
#2505=DIRECTION('',(0.9992663501925353,0,-0.03829832075808833));
#2506=FACE_SURFACE('',(#2511),#2507,.T.);
#2507=PLANE('',#2508);
#2508=AXIS2_PLACEMENT_3D('',#82,#2509,#2510);
#2509=DIRECTION('',(0,1,0));
#2510=DIRECTION('',(-0.9992663501925353,0,0.03829832075808833));
#2511=FACE_BOUND('',#2512,.T.);
#2512=EDGE_LOOP('',(#2513,#2514,#2515));
#2513=ORIENTED_EDGE('',*,*,#2516,.T.);
#2514=ORIENTED_EDGE('',*,*,#2517,.T.);
#2515=ORIENTED_EDGE('',*,*,#2518,.T.);
#2516=EDGE_CURVE('',#83,#215,#2519,.F.);
#2517=EDGE_CURVE('',#215,#77,#2520,.T.);
#2518=EDGE_CURVE('',#77,#83,#2521,.T.);
#2519=LINE('',#82,#2522);
#2520=LINE('',#214,#2523);
#2521=LINE('',#76,#2524);
#2522=VECTOR('',#2525,1.0);
#2523=VECTOR('',#2526,1.0);
#2524=VECTOR('',#2527,1.0);
#2525=DIRECTION('',(-0.9992663501925353,0,0.03829832075808833));
#2526=DIRECTION('',(1,0,0));
#2527=DIRECTION('',(2.276325418923342E-06,0,-0.9999999999974092));
#2528=FACE_SURFACE('',(#2533),#2529,.T.);
#2529=PLANE('',#2530);
#2530=AXIS2_PLACEMENT_3D('',#74,#2531,#2532);
#2531=DIRECTION('',(1,0,0));
#2532=DIRECTION('',(0,-1,0));
#2533=FACE_BOUND('',#2534,.T.);
#2534=EDGE_LOOP('',(#2535,#2536,#2537));
#2535=ORIENTED_EDGE('',*,*,#2538,.T.);
#2536=ORIENTED_EDGE('',*,*,#2539,.T.);
#2537=ORIENTED_EDGE('',*,*,#2540,.T.);
#2538=EDGE_CURVE('',#75,#65,#2541,.F.);
#2539=EDGE_CURVE('',#65,#71,#2542,.T.);
#2540=EDGE_CURVE('',#71,#75,#2543,.T.);
#2541=LINE('',#74,#2544);
#2542=LINE('',#64,#2545);
#2543=LINE('',#70,#2546);
#2544=VECTOR('',#2547,1.0);
#2545=VECTOR('',#2548,1.0);
#2546=VECTOR('',#2549,1.0);
#2547=DIRECTION('',(0,-1,0));
#2548=DIRECTION('',(0,0,-1));
#2549=DIRECTION('',(0,0.9988481022128919,0.047984046366517444));
#2550=FACE_SURFACE('',(#2555),#2551,.T.);
#2551=PLANE('',#2552);
#2552=AXIS2_PLACEMENT_3D('',#74,#2553,#2554);
#2553=DIRECTION('',(0.9999999999974032,-1.0935326823459168E-07,2.276325418923328E-06));
#2554=DIRECTION('',(0,-0.9988481022128919,-0.047984046366517444));
#2555=FACE_BOUND('',#2556,.T.);
#2556=EDGE_LOOP('',(#2557,#2558,#2559));
#2557=ORIENTED_EDGE('',*,*,#2560,.T.);
#2558=ORIENTED_EDGE('',*,*,#2561,.T.);
#2559=ORIENTED_EDGE('',*,*,#2562,.T.);
#2560=EDGE_CURVE('',#75,#71,#2563,.F.);
#2561=EDGE_CURVE('',#71,#81,#2564,.T.);
#2562=EDGE_CURVE('',#81,#75,#2565,.T.);
#2563=LINE('',#74,#2566);
#2564=LINE('',#70,#2567);
#2565=LINE('',#80,#2568);
#2566=VECTOR('',#2569,1.0);
#2567=VECTOR('',#2570,1.0);
#2568=VECTOR('',#2571,1.0);
#2569=DIRECTION('',(0,-0.9988481022128919,-0.047984046366517444));
#2570=DIRECTION('',(1.0935329935033685E-07,0.9999999999999939,-1.3669162418792106E-08));
#2571=DIRECTION('',(-2.276325418923342E-06,0,0.9999999999974092));
#2572=FACE_SURFACE('',(#2577),#2573,.T.);
#2573=PLANE('',#2574);
#2574=AXIS2_PLACEMENT_3D('',#82,#2575,#2576);
#2575=DIRECTION('',(0.009019117744299521,0.012651576829309735,-0.9998792892738836));
#2576=DIRECTION('',(0.8142726251011329,-0.5804826371313011,0));
#2577=FACE_BOUND('',#2578,.T.);
#2578=EDGE_LOOP('',(#2579,#2580,#2581));
#2579=ORIENTED_EDGE('',*,*,#2582,.T.);
#2580=ORIENTED_EDGE('',*,*,#2583,.T.);
#2581=ORIENTED_EDGE('',*,*,#2584,.T.);
#2582=EDGE_CURVE('',#83,#81,#2585,.F.);
#2583=EDGE_CURVE('',#81,#59,#2586,.T.);
#2584=EDGE_CURVE('',#59,#83,#2587,.T.);
#2585=LINE('',#82,#2588);
#2586=LINE('',#80,#2589);
#2587=LINE('',#58,#2590);
#2588=VECTOR('',#2591,1.0);
#2589=VECTOR('',#2592,1.0);
#2590=VECTOR('',#2593,1.0);
#2591=DIRECTION('',(0.8142726251011329,-0.5804826371313011,0));
#2592=DIRECTION('',(-0.9997044495127257,-0.022460882604163228,-0.00930174054143099));
#2593=DIRECTION('',(0.31544653255210514,0.9488271353916036,0.014851001495433258));
#2594=FACE_SURFACE('',(#2599),#2595,.T.);
#2595=PLANE('',#2596);
#2596=AXIS2_PLACEMENT_3D('',#58,#2597,#2598);
#2597=DIRECTION('',(0,0,-1));
#2598=DIRECTION('',(-1,0,0));
#2599=FACE_BOUND('',#2600,.T.);
#2600=EDGE_LOOP('',(#2601,#2602,#2603));
#2601=ORIENTED_EDGE('',*,*,#2604,.T.);
#2602=ORIENTED_EDGE('',*,*,#2605,.T.);
#2603=ORIENTED_EDGE('',*,*,#2606,.T.);
#2604=EDGE_CURVE('',#59,#45,#2607,.F.);
#2605=EDGE_CURVE('',#45,#43,#2608,.T.);
#2606=EDGE_CURVE('',#43,#59,#2609,.T.);
#2607=LINE('',#58,#2610);
#2608=LINE('',#44,#2611);
#2609=LINE('',#42,#2612);
#2610=VECTOR('',#2613,1.0);
#2611=VECTOR('',#2614,1.0);
#2612=VECTOR('',#2615,1.0);
#2613=DIRECTION('',(-1,0,0));
#2614=DIRECTION('',(0,1,0));
#2615=DIRECTION('',(0.999535208007623,-0.030485536786447318,0));
#2616=FACE_SURFACE('',(#2621),#2617,.T.);
#2617=PLANE('',#2618);
#2618=AXIS2_PLACEMENT_3D('',#42,#2619,#2620);
#2619=DIRECTION('',(0,0.015960551785672298,-0.9998726222808068));
#2620=DIRECTION('',(-1,0,0));
#2621=FACE_BOUND('',#2622,.T.);
#2622=EDGE_LOOP('',(#2623,#2624,#2625));
#2623=ORIENTED_EDGE('',*,*,#2626,.T.);
#2624=ORIENTED_EDGE('',*,*,#2627,.T.);
#2625=ORIENTED_EDGE('',*,*,#2628,.T.);
#2626=EDGE_CURVE('',#43,#217,#2629,.F.);
#2627=EDGE_CURVE('',#217,#213,#2630,.T.);
#2628=EDGE_CURVE('',#213,#43,#2631,.T.);
#2629=LINE('',#42,#2632);
#2630=LINE('',#216,#2633);
#2631=LINE('',#212,#2634);
#2632=VECTOR('',#2635,1.0);
#2633=VECTOR('',#2636,1.0);
#2634=VECTOR('',#2637,1.0);
#2635=DIRECTION('',(-1,0,0));
#2636=DIRECTION('',(8.803492249399308E-06,0.999872622242061,0.015960551785053814));
#2637=DIRECTION('',(0.999881345732742,-0.015402402652768803,-0.00024586216252479116));
#2638=FACE_SURFACE('',(#2643),#2639,.T.);
#2639=PLANE('',#2640);
#2640=AXIS2_PLACEMENT_3D('',#82,#2641,#2642);
#2641=DIRECTION('',(0.0004725314129603929,0.015492979095368063,-0.9998798649401909));
#2642=DIRECTION('',(-0.31544653255210514,-0.9488271353916036,-0.014851001495433258));
#2643=FACE_BOUND('',#2644,.T.);
#2644=EDGE_LOOP('',(#2645,#2646,#2647));
#2645=ORIENTED_EDGE('',*,*,#2648,.T.);
#2646=ORIENTED_EDGE('',*,*,#2649,.T.);
#2647=ORIENTED_EDGE('',*,*,#2650,.T.);
#2648=EDGE_CURVE('',#83,#59,#2651,.F.);
#2649=EDGE_CURVE('',#59,#43,#2652,.T.);
#2650=EDGE_CURVE('',#43,#83,#2653,.T.);
#2651=LINE('',#82,#2654);
#2652=LINE('',#58,#2655);
#2653=LINE('',#42,#2656);
#2654=VECTOR('',#2657,1.0);
#2655=VECTOR('',#2658,1.0);
#2656=VECTOR('',#2659,1.0);
#2657=DIRECTION('',(-0.31544653255210514,-0.9488271353916036,-0.014851001495433258));
#2658=DIRECTION('',(-0.999535208007623,0.030485536786447318,0));
#2659=DIRECTION('',(0.7034098440864147,0.7106939519053214,0.011344512661297133));
#2660=FACE_SURFACE('',(#2665),#2661,.T.);
#2661=PLANE('',#2662);
#2662=AXIS2_PLACEMENT_3D('',#42,#2663,#2664);
#2663=DIRECTION('',(0,0.015960551785672298,-0.9998726222808068));
#2664=DIRECTION('',(-0.999881345732742,0.015402402652768803,0.00024586216252479116));
#2665=FACE_BOUND('',#2666,.T.);
#2666=EDGE_LOOP('',(#2667,#2668,#2669));
#2667=ORIENTED_EDGE('',*,*,#2670,.T.);
#2668=ORIENTED_EDGE('',*,*,#2671,.T.);
#2669=ORIENTED_EDGE('',*,*,#2672,.T.);
#2670=EDGE_CURVE('',#43,#213,#2673,.F.);
#2671=EDGE_CURVE('',#213,#83,#2674,.T.);
#2672=EDGE_CURVE('',#83,#43,#2675,.T.);
#2673=LINE('',#42,#2676);
#2674=LINE('',#212,#2677);
#2675=LINE('',#82,#2678);
#2676=VECTOR('',#2679,1.0);
#2677=VECTOR('',#2680,1.0);
#2678=VECTOR('',#2681,1.0);
#2679=DIRECTION('',(-0.999881345732742,0.015402402652768803,0.00024586216252479116));
#2680=DIRECTION('',(1,0,0));
#2681=DIRECTION('',(-0.7034098440864147,-0.7106939519053214,-0.011344512661297133));
#2682=FACE_SURFACE('',(#2687),#2683,.T.);
#2683=PLANE('',#2684);
#2684=AXIS2_PLACEMENT_3D('',#218,#2685,#2686);
#2685=DIRECTION('',(0.00757653638585918,-0.014174558441201966,-0.9998708306523352));
#2686=DIRECTION('',(-0.8819192712878823,-0.47140046556091847,0));
#2687=FACE_BOUND('',#2688,.T.);
#2688=EDGE_LOOP('',(#2689,#2690,#2691));
#2689=ORIENTED_EDGE('',*,*,#2692,.T.);
#2690=ORIENTED_EDGE('',*,*,#2693,.T.);
#2691=ORIENTED_EDGE('',*,*,#2694,.T.);
#2692=EDGE_CURVE('',#219,#221,#2695,.F.);
#2693=EDGE_CURVE('',#221,#59,#2696,.T.);
#2694=EDGE_CURVE('',#59,#219,#2697,.T.);
#2695=LINE('',#218,#2698);
#2696=LINE('',#220,#2699);
#2697=LINE('',#58,#2700);
#2698=VECTOR('',#2701,1.0);
#2699=VECTOR('',#2702,1.0);
#2700=VECTOR('',#2703,1.0);
#2701=DIRECTION('',(-0.8819192712878823,-0.47140046556091847,0));
#2702=DIRECTION('',(-0.42175966437429124,0.9065656381398766,-0.01604771793507599));
#2703=DIRECTION('',(0.5104553018427537,-0.8597543738757848,0.01605619575367915));
#2704=FACE_SURFACE('',(#2709),#2705,.T.);
#2705=PLANE('',#2706);
#2706=AXIS2_PLACEMENT_3D('',#58,#2707,#2708);
#2707=DIRECTION('',(0.00946916697257354,-0.007359316686515386,-0.9999280850814988));
#2708=DIRECTION('',(0.9997044495127257,0.022460882604163228,0.00930174054143099));
#2709=FACE_BOUND('',#2710,.T.);
#2710=EDGE_LOOP('',(#2711,#2712,#2713));
#2711=ORIENTED_EDGE('',*,*,#2714,.T.);
#2712=ORIENTED_EDGE('',*,*,#2715,.T.);
#2713=ORIENTED_EDGE('',*,*,#2716,.T.);
#2714=EDGE_CURVE('',#59,#81,#2717,.F.);
#2715=EDGE_CURVE('',#81,#223,#2718,.T.);
#2716=EDGE_CURVE('',#223,#59,#2719,.T.);
#2717=LINE('',#58,#2720);
#2718=LINE('',#80,#2721);
#2719=LINE('',#222,#2722);
#2720=VECTOR('',#2723,1.0);
#2721=VECTOR('',#2724,1.0);
#2722=VECTOR('',#2725,1.0);
#2723=DIRECTION('',(0.9997044495127257,0.022460882604163228,0.00930174054143099));
#2724=DIRECTION('',(-0.6136500952638978,-0.7895780902371906,0));
#2725=DIRECTION('',(-0.7374618745382098,0.6752829735154384,-0.011953630525386307));
#2726=FACE_SURFACE('',(#2731),#2727,.T.);
#2727=PLANE('',#2728);
#2728=AXIS2_PLACEMENT_3D('',#58,#2729,#2730);
#2729=DIRECTION('',(-0.022707431791985824,-0.04247940765489086,-0.9988392625776692));
#2730=DIRECTION('',(0.7374618745382098,-0.6752829735154384,0.011953630525386307));
#2731=FACE_BOUND('',#2732,.T.);
#2732=EDGE_LOOP('',(#2733,#2734,#2735));
#2733=ORIENTED_EDGE('',*,*,#2736,.T.);
#2734=ORIENTED_EDGE('',*,*,#2737,.T.);
#2735=ORIENTED_EDGE('',*,*,#2738,.T.);
#2736=EDGE_CURVE('',#59,#223,#2739,.F.);
#2737=EDGE_CURVE('',#223,#225,#2740,.T.);
#2738=EDGE_CURVE('',#225,#59,#2741,.T.);
#2739=LINE('',#58,#2742);
#2740=LINE('',#222,#2743);
#2741=LINE('',#224,#2744);
#2742=VECTOR('',#2745,1.0);
#2743=VECTOR('',#2746,1.0);
#2744=VECTOR('',#2747,1.0);
#2745=DIRECTION('',(0.7374618745382098,-0.6752829735154384,0.011953630525386307));
#2746=DIRECTION('',(-0.8819064587340282,0.4714244351359036,0));
#2747=DIRECTION('',(-0.7238314569874901,0.6898565376321824,-0.012883297772879896));
#2748=FACE_SURFACE('',(#2753),#2749,.T.);
#2749=PLANE('',#2750);
#2750=AXIS2_PLACEMENT_3D('',#226,#2751,#2752);
#2751=DIRECTION('',(0.004799577418284384,-0.015823159879588326,-0.9998632864887234));
#2752=DIRECTION('',(-0.956945806494727,-0.2902666419555589,0));
#2753=FACE_BOUND('',#2754,.T.);
#2754=EDGE_LOOP('',(#2755,#2756,#2757));
#2755=ORIENTED_EDGE('',*,*,#2758,.T.);
#2756=ORIENTED_EDGE('',*,*,#2759,.T.);
#2757=ORIENTED_EDGE('',*,*,#2760,.T.);
#2758=EDGE_CURVE('',#227,#219,#2761,.F.);
#2759=EDGE_CURVE('',#219,#59,#2762,.T.);
#2760=EDGE_CURVE('',#59,#227,#2763,.T.);
#2761=LINE('',#226,#2764);
#2762=LINE('',#218,#2765);
#2763=LINE('',#58,#2766);
#2764=VECTOR('',#2767,1.0);
#2765=VECTOR('',#2768,1.0);
#2766=VECTOR('',#2769,1.0);
#2767=DIRECTION('',(-0.956945806494727,-0.2902666419555589,0));
#2768=DIRECTION('',(-0.5104553018427537,0.8597543738757848,-0.01605619575367915));
#2769=DIRECTION('',(0.5895868349699446,-0.8075541425669359,0.01560996006095082));
#2770=FACE_SURFACE('',(#2775),#2771,.T.);
#2771=PLANE('',#2772);
#2772=AXIS2_PLACEMENT_3D('',#228,#2773,#2774);
#2773=DIRECTION('',(0.0017762523846572681,-0.01802992791036113,-0.9998358698441526));
#2774=DIRECTION('',(-0.9951822524492722,-0.09804225828688878,0));
#2775=FACE_BOUND('',#2776,.T.);
#2776=EDGE_LOOP('',(#2777,#2778,#2779));
#2777=ORIENTED_EDGE('',*,*,#2780,.T.);
#2778=ORIENTED_EDGE('',*,*,#2781,.T.);
#2779=ORIENTED_EDGE('',*,*,#2782,.T.);
#2780=EDGE_CURVE('',#229,#227,#2783,.F.);
#2781=EDGE_CURVE('',#227,#59,#2784,.T.);
#2782=EDGE_CURVE('',#59,#229,#2785,.T.);
#2783=LINE('',#228,#2786);
#2784=LINE('',#226,#2787);
#2785=LINE('',#58,#2788);
#2786=VECTOR('',#2789,1.0);
#2787=VECTOR('',#2790,1.0);
#2788=VECTOR('',#2791,1.0);
#2789=DIRECTION('',(-0.9951822524492722,-0.09804225828688878,0));
#2790=DIRECTION('',(-0.5895868349699446,0.8075541425669359,-0.01560996006095082));
#2791=DIRECTION('',(0.6521700453018535,-0.7579277107982295,0.014826234017226452));
#2792=FACE_SURFACE('',(#2797),#2793,.T.);
#2793=PLANE('',#2794);
#2794=AXIS2_PLACEMENT_3D('',#58,#2795,#2796);
#2795=DIRECTION('',(-0.008304388206005433,-0.02738105590847798,-0.9995905736419591));
#2796=DIRECTION('',(0.7238314569874901,-0.6898565376321824,0.012883297772879896));
#2797=FACE_BOUND('',#2798,.T.);
#2798=EDGE_LOOP('',(#2799,#2800,#2801));
#2799=ORIENTED_EDGE('',*,*,#2802,.T.);
#2800=ORIENTED_EDGE('',*,*,#2803,.T.);
#2801=ORIENTED_EDGE('',*,*,#2804,.T.);
#2802=EDGE_CURVE('',#59,#225,#2805,.F.);
#2803=EDGE_CURVE('',#225,#231,#2806,.T.);
#2804=EDGE_CURVE('',#231,#59,#2807,.T.);
#2805=LINE('',#58,#2808);
#2806=LINE('',#224,#2809);
#2807=LINE('',#230,#2810);
#2808=VECTOR('',#2811,1.0);
#2809=VECTOR('',#2812,1.0);
#2810=VECTOR('',#2813,1.0);
#2811=DIRECTION('',(0.7238314569874901,-0.6898565376321824,0.012883297772879896));
#2812=DIRECTION('',(-0.9569555213488457,0.29023461227076086,0));
#2813=DIRECTION('',(-0.6963596458921102,0.7175589569415826,-0.013870359978132622));
#2814=FACE_SURFACE('',(#2819),#2815,.T.);
#2815=PLANE('',#2816);
#2816=AXIS2_PLACEMENT_3D('',#58,#2817,#2818);
#2817=DIRECTION('',(-0.002105285501698915,-0.02136855498931095,-0.9997694497386012));
#2818=DIRECTION('',(0.6963596458921102,-0.7175589569415826,0.013870359978132622));
#2819=FACE_BOUND('',#2820,.T.);
#2820=EDGE_LOOP('',(#2821,#2822,#2823));
#2821=ORIENTED_EDGE('',*,*,#2824,.T.);
#2822=ORIENTED_EDGE('',*,*,#2825,.T.);
#2823=ORIENTED_EDGE('',*,*,#2826,.T.);
#2824=EDGE_CURVE('',#59,#231,#2827,.F.);
#2825=EDGE_CURVE('',#231,#229,#2828,.T.);
#2826=EDGE_CURVE('',#229,#59,#2829,.T.);
#2827=LINE('',#58,#2830);
#2828=LINE('',#230,#2831);
#2829=LINE('',#228,#2832);
#2830=VECTOR('',#2833,1.0);
#2831=VECTOR('',#2834,1.0);
#2832=VECTOR('',#2835,1.0);
#2833=DIRECTION('',(0.6963596458921102,-0.7175589569415826,0.013870359978132622));
#2834=DIRECTION('',(-0.9951816982057049,0.09804788399761305,0));
#2835=DIRECTION('',(-0.6521700453018535,0.7579277107982295,-0.014826234017226452));
#2836=FACE_SURFACE('',(#2841),#2837,.T.);
#2837=PLANE('',#2838);
#2838=AXIS2_PLACEMENT_3D('',#232,#2839,#2840);
#2839=DIRECTION('',(0,0,-1));
#2840=DIRECTION('',(-0.7729968768850644,0.6344098267885963,0));
#2841=FACE_BOUND('',#2842,.T.);
#2842=EDGE_LOOP('',(#2843,#2844,#2845));
#2843=ORIENTED_EDGE('',*,*,#2846,.T.);
#2844=ORIENTED_EDGE('',*,*,#2847,.T.);
#2845=ORIENTED_EDGE('',*,*,#2848,.T.);
#2846=EDGE_CURVE('',#233,#223,#2849,.F.);
#2847=EDGE_CURVE('',#223,#81,#2850,.T.);
#2848=EDGE_CURVE('',#81,#233,#2851,.T.);
#2849=LINE('',#232,#2852);
#2850=LINE('',#222,#2853);
#2851=LINE('',#80,#2854);
#2852=VECTOR('',#2855,1.0);
#2853=VECTOR('',#2856,1.0);
#2854=VECTOR('',#2857,1.0);
#2855=DIRECTION('',(-0.7729968768850644,0.6344098267885963,0));
#2856=DIRECTION('',(0.6136500952638978,0.7895780902371906,0));
#2857=DIRECTION('',(-0.545803393041067,-0.8379132748350862,0));
#2858=FACE_SURFACE('',(#2863),#2859,.T.);
#2859=PLANE('',#2860);
#2860=AXIS2_PLACEMENT_3D('',#70,#2861,#2862);
#2861=DIRECTION('',(0,0,-1));
#2862=DIRECTION('',(-0.421708665646227,0.9067313832215574,0));
#2863=FACE_BOUND('',#2864,.T.);
#2864=EDGE_LOOP('',(#2865,#2866,#2867));
#2865=ORIENTED_EDGE('',*,*,#2868,.T.);
#2866=ORIENTED_EDGE('',*,*,#2869,.T.);
#2867=ORIENTED_EDGE('',*,*,#2870,.T.);
#2868=EDGE_CURVE('',#71,#235,#2871,.F.);
#2869=EDGE_CURVE('',#235,#237,#2872,.T.);
#2870=EDGE_CURVE('',#237,#71,#2873,.T.);
#2871=LINE('',#70,#2874);
#2872=LINE('',#234,#2875);
#2873=LINE('',#236,#2876);
#2874=VECTOR('',#2877,1.0);
#2875=VECTOR('',#2878,1.0);
#2876=VECTOR('',#2879,1.0);
#2877=DIRECTION('',(-0.421708665646227,0.9067313832215574,0));
#2878=DIRECTION('',(0.8819304288650777,0.47137959082024333,0));
#2879=DIRECTION('',(0.37484750863215865,-0.9270864820890572,0));
#2880=FACE_SURFACE('',(#2885),#2881,.T.);
#2881=PLANE('',#2882);
#2882=AXIS2_PLACEMENT_3D('',#70,#2883,#2884);
#2883=DIRECTION('',(0,0,-1));
#2884=DIRECTION('',(-0.37484750863215865,0.9270864820890572,0));
#2885=FACE_BOUND('',#2886,.T.);
#2886=EDGE_LOOP('',(#2887,#2888,#2889));
#2887=ORIENTED_EDGE('',*,*,#2890,.T.);
#2888=ORIENTED_EDGE('',*,*,#2891,.T.);
#2889=ORIENTED_EDGE('',*,*,#2892,.T.);
#2890=EDGE_CURVE('',#71,#237,#2893,.F.);
#2891=EDGE_CURVE('',#237,#239,#2894,.T.);
#2892=EDGE_CURVE('',#239,#71,#2895,.T.);
#2893=LINE('',#70,#2896);
#2894=LINE('',#236,#2897);
#2895=LINE('',#238,#2898);
#2896=VECTOR('',#2899,1.0);
#2897=VECTOR('',#2900,1.0);
#2898=VECTOR('',#2901,1.0);
#2899=DIRECTION('',(-0.37484750863215865,0.9270864820890572,0));
#2900=DIRECTION('',(0.7729827386850253,0.6344270530919986,0));
#2901=DIRECTION('',(0.32988566425732585,-0.9440208941106669,0));
#2902=FACE_SURFACE('',(#2907),#2903,.T.);
#2903=PLANE('',#2904);
#2904=AXIS2_PLACEMENT_3D('',#240,#2905,#2906);
#2905=DIRECTION('',(0,0,-1));
#2906=DIRECTION('',(-0.6344129151675546,0.7729943421970209,0));
#2907=FACE_BOUND('',#2908,.T.);
#2908=EDGE_LOOP('',(#2909,#2910,#2911));
#2909=ORIENTED_EDGE('',*,*,#2912,.T.);
#2910=ORIENTED_EDGE('',*,*,#2913,.T.);
#2911=ORIENTED_EDGE('',*,*,#2914,.T.);
#2912=EDGE_CURVE('',#241,#233,#2915,.F.);
#2913=EDGE_CURVE('',#233,#81,#2916,.T.);
#2914=EDGE_CURVE('',#81,#241,#2917,.T.);
#2915=LINE('',#240,#2918);
#2916=LINE('',#232,#2919);
#2917=LINE('',#80,#2920);
#2918=VECTOR('',#2921,1.0);
#2919=VECTOR('',#2922,1.0);
#2920=VECTOR('',#2923,1.0);
#2921=DIRECTION('',(-0.6344129151675546,0.7729943421970209,0));
#2922=DIRECTION('',(0.545803393041067,0.8379132748350862,0));
#2923=DIRECTION('',(-0.47947359503126324,-0.8775563068360891,0));
#2924=FACE_SURFACE('',(#2929),#2925,.T.);
#2925=PLANE('',#2926);
#2926=AXIS2_PLACEMENT_3D('',#242,#2927,#2928);
#2927=DIRECTION('',(0,0,-1));
#2928=DIRECTION('',(-0.4714020134351413,0.8819184439217125,0));
#2929=FACE_BOUND('',#2930,.T.);
#2930=EDGE_LOOP('',(#2931,#2932,#2933));
#2931=ORIENTED_EDGE('',*,*,#2934,.T.);
#2932=ORIENTED_EDGE('',*,*,#2935,.T.);
#2933=ORIENTED_EDGE('',*,*,#2936,.T.);
#2934=EDGE_CURVE('',#243,#241,#2937,.F.);
#2935=EDGE_CURVE('',#241,#81,#2938,.T.);
#2936=EDGE_CURVE('',#81,#243,#2939,.T.);
#2937=LINE('',#242,#2940);
#2938=LINE('',#240,#2941);
#2939=LINE('',#80,#2942);
#2940=VECTOR('',#2943,1.0);
#2941=VECTOR('',#2944,1.0);
#2942=VECTOR('',#2945,1.0);
#2943=DIRECTION('',(-0.4714020134351413,0.8819184439217125,0));
#2944=DIRECTION('',(0.47947359503126324,0.8775563068360891,0));
#2945=DIRECTION('',(-0.421661652895816,-0.9067532467420055,0));
#2946=FACE_SURFACE('',(#2951),#2947,.T.);
#2947=PLANE('',#2948);
#2948=AXIS2_PLACEMENT_3D('',#70,#2949,#2950);
#2949=DIRECTION('',(0,0,-1));
#2950=DIRECTION('',(-0.32988566425732585,0.9440208941106669,0));
#2951=FACE_BOUND('',#2952,.T.);
#2952=EDGE_LOOP('',(#2953,#2954,#2955));
#2953=ORIENTED_EDGE('',*,*,#2956,.T.);
#2954=ORIENTED_EDGE('',*,*,#2957,.T.);
#2955=ORIENTED_EDGE('',*,*,#2958,.T.);
#2956=EDGE_CURVE('',#71,#239,#2959,.F.);
#2957=EDGE_CURVE('',#239,#245,#2960,.T.);
#2958=EDGE_CURVE('',#245,#71,#2961,.T.);
#2959=LINE('',#70,#2962);
#2960=LINE('',#238,#2963);
#2961=LINE('',#244,#2964);
#2962=VECTOR('',#2965,1.0);
#2963=VECTOR('',#2966,1.0);
#2964=VECTOR('',#2967,1.0);
#2965=DIRECTION('',(-0.32988566425732585,0.9440208941106669,0));
#2966=DIRECTION('',(0.6343987776610048,0.7730059449332992,0));
#2967=DIRECTION('',(0.29009913366221923,-0.9569966001237569,0));
#2968=FACE_SURFACE('',(#2973),#2969,.T.);
#2969=PLANE('',#2970);
#2970=AXIS2_PLACEMENT_3D('',#70,#2971,#2972);
#2971=DIRECTION('',(0,0,-1));
#2972=DIRECTION('',(-0.29009913366221923,0.9569966001237569,0));
#2973=FACE_BOUND('',#2974,.T.);
#2974=EDGE_LOOP('',(#2975,#2976,#2977));
#2975=ORIENTED_EDGE('',*,*,#2978,.T.);
#2976=ORIENTED_EDGE('',*,*,#2979,.T.);
#2977=ORIENTED_EDGE('',*,*,#2980,.T.);
#2978=EDGE_CURVE('',#71,#245,#2981,.F.);
#2979=EDGE_CURVE('',#245,#247,#2982,.T.);
#2980=EDGE_CURVE('',#247,#71,#2983,.T.);
#2981=LINE('',#70,#2984);
#2982=LINE('',#244,#2985);
#2983=LINE('',#246,#2986);
#2984=VECTOR('',#2987,1.0);
#2985=VECTOR('',#2988,1.0);
#2986=VECTOR('',#2989,1.0);
#2987=DIRECTION('',(-0.29009913366221923,0.9569966001237569,0));
#2988=DIRECTION('',(0.4714139987618622,0.8819120374342053,0));
#2989=DIRECTION('',(0.25791385588548305,-0.9661679165353619,0));
#2990=FACE_SURFACE('',(#2995),#2991,.T.);
#2991=PLANE('',#2992);
#2992=AXIS2_PLACEMENT_3D('',#248,#2993,#2994);
#2993=DIRECTION('',(0,0,-1));
#2994=DIRECTION('',(-0.2902506262701716,0.9569506643238057,0));
#2995=FACE_BOUND('',#2996,.T.);
#2996=EDGE_LOOP('',(#2997,#2998,#2999));
#2997=ORIENTED_EDGE('',*,*,#3000,.T.);
#2998=ORIENTED_EDGE('',*,*,#3001,.T.);
#2999=ORIENTED_EDGE('',*,*,#3002,.T.);
#3000=EDGE_CURVE('',#249,#243,#3003,.F.);
#3001=EDGE_CURVE('',#243,#81,#3004,.T.);
#3002=EDGE_CURVE('',#81,#249,#3005,.T.);
#3003=LINE('',#248,#3006);
#3004=LINE('',#242,#3007);
#3005=LINE('',#80,#3008);
#3006=VECTOR('',#3009,1.0);
#3007=VECTOR('',#3010,1.0);
#3008=VECTOR('',#3011,1.0);
#3009=DIRECTION('',(-0.2902506262701716,0.9569506643238057,0));
#3010=DIRECTION('',(0.421661652895816,0.9067532467420055,0));
#3011=DIRECTION('',(-0.37698610555335316,-0.9262189137669972,0));
#3012=FACE_SURFACE('',(#3017),#3013,.T.);
#3013=PLANE('',#3014);
#3014=AXIS2_PLACEMENT_3D('',#250,#3015,#3016);
#3015=DIRECTION('',(0,0,-1));
#3016=DIRECTION('',(-0.09807362212579283,0.9951791620824499,0));
#3017=FACE_BOUND('',#3018,.T.);
#3018=EDGE_LOOP('',(#3019,#3020,#3021));
#3019=ORIENTED_EDGE('',*,*,#3022,.T.);
#3020=ORIENTED_EDGE('',*,*,#3023,.T.);
#3021=ORIENTED_EDGE('',*,*,#3024,.T.);
#3022=EDGE_CURVE('',#251,#249,#3025,.F.);
#3023=EDGE_CURVE('',#249,#81,#3026,.T.);
#3024=EDGE_CURVE('',#81,#251,#3027,.T.);
#3025=LINE('',#250,#3028);
#3026=LINE('',#248,#3029);
#3027=LINE('',#80,#3030);
#3028=VECTOR('',#3031,1.0);
#3029=VECTOR('',#3032,1.0);
#3030=VECTOR('',#3033,1.0);
#3031=DIRECTION('',(-0.09807362212579283,0.9951791620824499,0));
#3032=DIRECTION('',(0.37698610555335316,0.9262189137669972,0));
#3033=DIRECTION('',(-0.3471829519318003,-0.937797418362794,0));
#3034=FACE_SURFACE('',(#3039),#3035,.T.);
#3035=PLANE('',#3036);
#3036=AXIS2_PLACEMENT_3D('',#70,#3037,#3038);
#3037=DIRECTION('',(0,0,-1));
#3038=DIRECTION('',(-0.25791385588548305,0.9661679165353619,0));
#3039=FACE_BOUND('',#3040,.T.);
#3040=EDGE_LOOP('',(#3041,#3042,#3043));
#3041=ORIENTED_EDGE('',*,*,#3044,.T.);
#3042=ORIENTED_EDGE('',*,*,#3045,.T.);
#3043=ORIENTED_EDGE('',*,*,#3046,.T.);
#3044=EDGE_CURVE('',#71,#247,#3047,.F.);
#3045=EDGE_CURVE('',#247,#253,#3048,.T.);
#3046=EDGE_CURVE('',#253,#71,#3049,.T.);
#3047=LINE('',#70,#3050);
#3048=LINE('',#246,#3051);
#3049=LINE('',#252,#3052);
#3050=VECTOR('',#3053,1.0);
#3051=VECTOR('',#3054,1.0);
#3052=VECTOR('',#3055,1.0);
#3053=DIRECTION('',(-0.25791385588548305,0.9661679165353619,0));
#3054=DIRECTION('',(0.2902426190597349,0.9569530929368197,0));
#3055=DIRECTION('',(0.23466783729062302,-0.9720756175017156,0));
#3056=FACE_SURFACE('',(#3061),#3057,.T.);
#3057=PLANE('',#3058);
#3058=AXIS2_PLACEMENT_3D('',#70,#3059,#3060);
#3059=DIRECTION('',(0,0,-1));
#3060=DIRECTION('',(-0.23466783729062302,0.9720756175017156,0));
#3061=FACE_BOUND('',#3062,.T.);
#3062=EDGE_LOOP('',(#3063,#3064,#3065));
#3063=ORIENTED_EDGE('',*,*,#3066,.T.);
#3064=ORIENTED_EDGE('',*,*,#3067,.T.);
#3065=ORIENTED_EDGE('',*,*,#3068,.T.);
#3066=EDGE_CURVE('',#71,#253,#3069,.F.);
#3067=EDGE_CURVE('',#253,#255,#3070,.T.);
#3068=EDGE_CURVE('',#255,#71,#3071,.T.);
#3069=LINE('',#70,#3072);
#3070=LINE('',#252,#3073);
#3071=LINE('',#254,#3074);
#3072=VECTOR('',#3075,1.0);
#3073=VECTOR('',#3076,1.0);
#3074=VECTOR('',#3077,1.0);
#3075=DIRECTION('',(-0.23466783729062302,0.9720756175017156,0));
#3076=DIRECTION('',(0.09807643586469016,0.9951788847880965,0));
#3077=DIRECTION('',(0.22070217861137595,-0.9753412471315833,0));
#3078=FACE_SURFACE('',(#3083),#3079,.T.);
#3079=PLANE('',#3080);
#3080=AXIS2_PLACEMENT_3D('',#250,#3081,#3082);
#3081=DIRECTION('',(3.692263385243954E-08,-1.3669166456404012E-08,-0.9999999999999992));
#3082=DIRECTION('',(0.3471829519318003,0.937797418362794,0));
#3083=FACE_BOUND('',#3084,.T.);
#3084=EDGE_LOOP('',(#3085,#3086,#3087));
#3085=ORIENTED_EDGE('',*,*,#3088,.T.);
#3086=ORIENTED_EDGE('',*,*,#3089,.T.);
#3087=ORIENTED_EDGE('',*,*,#3090,.T.);
#3088=EDGE_CURVE('',#251,#81,#3091,.F.);
#3089=EDGE_CURVE('',#81,#71,#3092,.T.);
#3090=EDGE_CURVE('',#71,#251,#3093,.T.);
#3091=LINE('',#250,#3094);
#3092=LINE('',#80,#3095);
#3093=LINE('',#70,#3096);
#3094=VECTOR('',#3097,1.0);
#3095=VECTOR('',#3098,1.0);
#3096=VECTOR('',#3099,1.0);
#3097=DIRECTION('',(0.3471829519318003,0.937797418362794,0));
#3098=DIRECTION('',(-1.0935329935033685E-07,-0.9999999999999939,1.3669162418792106E-08));
#3099=DIRECTION('',(-0.009853379762819733,0.9999514542752811,-1.4032315610003723E-08));
#3100=FACE_SURFACE('',(#3105),#3101,.T.);
#3101=PLANE('',#3102);
#3102=AXIS2_PLACEMENT_3D('',#256,#3103,#3104);
#3103=DIRECTION('',(1.2945262424890982E-07,-1.2757389058682864E-08,-0.9999999999999916));
#3104=DIRECTION('',(0.09807362212579283,0.9951791620824499,0));
#3105=FACE_BOUND('',#3106,.T.);
#3106=EDGE_LOOP('',(#3107,#3108,#3109));
#3107=ORIENTED_EDGE('',*,*,#3110,.T.);
#3108=ORIENTED_EDGE('',*,*,#3111,.T.);
#3109=ORIENTED_EDGE('',*,*,#3112,.T.);
#3110=EDGE_CURVE('',#257,#251,#3113,.F.);
#3111=EDGE_CURVE('',#251,#71,#3114,.T.);
#3112=EDGE_CURVE('',#71,#257,#3115,.T.);
#3113=LINE('',#256,#3116);
#3114=LINE('',#250,#3117);
#3115=LINE('',#70,#3118);
#3116=VECTOR('',#3119,1.0);
#3117=VECTOR('',#3120,1.0);
#3118=VECTOR('',#3121,1.0);
#3119=DIRECTION('',(0.09807362212579283,0.9951791620824499,0));
#3120=DIRECTION('',(0.009853379762819733,-0.9999514542752811,1.4032315610003723E-08));
#3121=DIRECTION('',(-0.010063811435489359,0.9999493585674181,-1.4059529806495332E-08));
#3122=FACE_SURFACE('',(#3127),#3123,.T.);
#3123=PLANE('',#3124);
#3124=AXIS2_PLACEMENT_3D('',#70,#3125,#3126);
#3125=DIRECTION('',(0,0,-1));
#3126=DIRECTION('',(-0.22070217861137595,0.9753412471315833,0));
#3127=FACE_BOUND('',#3128,.T.);
#3128=EDGE_LOOP('',(#3129,#3130,#3131));
#3129=ORIENTED_EDGE('',*,*,#3132,.T.);
#3130=ORIENTED_EDGE('',*,*,#3133,.T.);
#3131=ORIENTED_EDGE('',*,*,#3134,.T.);
#3132=EDGE_CURVE('',#71,#255,#3135,.F.);
#3133=EDGE_CURVE('',#255,#259,#3136,.T.);
#3134=EDGE_CURVE('',#259,#71,#3137,.T.);
#3135=LINE('',#70,#3138);
#3136=LINE('',#254,#3139);
#3137=LINE('',#258,#3140);
#3138=VECTOR('',#3141,1.0);
#3139=VECTOR('',#3142,1.0);
#3140=VECTOR('',#3143,1.0);
#3141=DIRECTION('',(-0.22070217861137595,0.9753412471315833,0));
#3142=DIRECTION('',(-0.09807362212579283,0.9951791620824499,0));
#3143=DIRECTION('',(0.21564437796564986,-0.9764719669564549,0));
#3144=FACE_SURFACE('',(#3149),#3145,.T.);
#3145=PLANE('',#3146);
#3146=AXIS2_PLACEMENT_3D('',#256,#3147,#3148);
#3147=DIRECTION('',(-6.670703573027218E-08,-1.4731602864978521E-08,-0.9999999999999978));
#3148=DIRECTION('',(0.010063811435489359,-0.9999493585674181,1.4059529806495332E-08));
#3149=FACE_BOUND('',#3150,.T.);
#3150=EDGE_LOOP('',(#3151,#3152,#3153));
#3151=ORIENTED_EDGE('',*,*,#3154,.T.);
#3152=ORIENTED_EDGE('',*,*,#3155,.T.);
#3153=ORIENTED_EDGE('',*,*,#3156,.T.);
#3154=EDGE_CURVE('',#257,#71,#3157,.F.);
#3155=EDGE_CURVE('',#71,#259,#3158,.T.);
#3156=EDGE_CURVE('',#259,#257,#3159,.T.);
#3157=LINE('',#256,#3160);
#3158=LINE('',#70,#3161);
#3159=LINE('',#258,#3162);
#3160=VECTOR('',#3163,1.0);
#3161=VECTOR('',#3164,1.0);
#3162=VECTOR('',#3165,1.0);
#3163=DIRECTION('',(0.010063811435489359,-0.9999493585674181,1.4059529806495332E-08));
#3164=DIRECTION('',(-0.21564437796564986,0.9764719669564549,0));
#3165=DIRECTION('',(0,1,-1.4731602864978554E-08));
#3166=FACE_SURFACE('',(#3171),#3167,.T.);
#3167=PLANE('',#3168);
#3168=AXIS2_PLACEMENT_3D('',#260,#3169,#3170);
#3169=DIRECTION('',(4.8568344646129576E-08,-1.4731602864978536E-08,-0.9999999999999988));
#3170=DIRECTION('',(0.29025863390210244,0.9569482355097821,0));
#3171=FACE_BOUND('',#3172,.T.);
#3172=EDGE_LOOP('',(#3173,#3174,#3175));
#3173=ORIENTED_EDGE('',*,*,#3176,.T.);
#3174=ORIENTED_EDGE('',*,*,#3177,.T.);
#3175=ORIENTED_EDGE('',*,*,#3178,.T.);
#3176=EDGE_CURVE('',#261,#257,#3179,.F.);
#3177=EDGE_CURVE('',#257,#259,#3180,.T.);
#3178=EDGE_CURVE('',#259,#261,#3181,.T.);
#3179=LINE('',#260,#3182);
#3180=LINE('',#256,#3183);
#3181=LINE('',#258,#3184);
#3182=VECTOR('',#3185,1.0);
#3183=VECTOR('',#3186,1.0);
#3184=VECTOR('',#3187,1.0);
#3185=DIRECTION('',(0.29025863390210244,0.9569482355097821,0));
#3186=DIRECTION('',(0,-1,1.4731602864978554E-08));
#3187=DIRECTION('',(-0.0005944336849846227,0.9999998233242813,-1.4760470922343633E-08));
#3188=FACE_SURFACE('',(#3193),#3189,.T.);
#3189=PLANE('',#3190);
#3190=AXIS2_PLACEMENT_3D('',#260,#3191,#3192);
#3191=DIRECTION('',(-4.8760556602745045E-08,-1.4789458452625086E-08,-0.9999999999999988));
#3192=DIRECTION('',(0.0005944336849846227,-0.9999998233242813,1.4760470922343633E-08));
#3193=FACE_BOUND('',#3194,.T.);
#3194=EDGE_LOOP('',(#3195,#3196,#3197));
#3195=ORIENTED_EDGE('',*,*,#3198,.T.);
#3196=ORIENTED_EDGE('',*,*,#3199,.T.);
#3197=ORIENTED_EDGE('',*,*,#3200,.T.);
#3198=EDGE_CURVE('',#261,#259,#3201,.F.);
#3199=EDGE_CURVE('',#259,#263,#3202,.T.);
#3200=EDGE_CURVE('',#263,#261,#3203,.T.);
#3201=LINE('',#260,#3204);
#3202=LINE('',#258,#3205);
#3203=LINE('',#262,#3206);
#3204=VECTOR('',#3207,1.0);
#3205=VECTOR('',#3208,1.0);
#3206=VECTOR('',#3209,1.0);
#3207=DIRECTION('',(0.0005944336849846227,-0.9999998233242813,1.4760470922343633E-08));
#3208=DIRECTION('',(-0.2902506262701716,0.9569506643238057,0));
#3209=DIRECTION('',(0,1,-1.4789458452625105E-08));
#3210=FACE_SURFACE('',(#3215),#3211,.T.);
#3211=PLANE('',#3212);
#3212=AXIS2_PLACEMENT_3D('',#264,#3213,#3214);
#3213=DIRECTION('',(2.7669636890971113E-08,-1.4789458452625098E-08,-0.9999999999999996));
#3214=DIRECTION('',(0.4713900286307849,0.881924849920597,0));
#3215=FACE_BOUND('',#3216,.T.);
#3216=EDGE_LOOP('',(#3217,#3218,#3219));
#3217=ORIENTED_EDGE('',*,*,#3220,.T.);
#3218=ORIENTED_EDGE('',*,*,#3221,.T.);
#3219=ORIENTED_EDGE('',*,*,#3222,.T.);
#3220=EDGE_CURVE('',#265,#261,#3223,.F.);
#3221=EDGE_CURVE('',#261,#263,#3224,.T.);
#3222=EDGE_CURVE('',#263,#265,#3225,.T.);
#3223=LINE('',#264,#3226);
#3224=LINE('',#260,#3227);
#3225=LINE('',#262,#3228);
#3226=VECTOR('',#3229,1.0);
#3227=VECTOR('',#3230,1.0);
#3228=VECTOR('',#3231,1.0);
#3229=DIRECTION('',(0.4713900286307849,0.881924849920597,0));
#3230=DIRECTION('',(0,-1,1.4789458452625105E-08));
#3231=DIRECTION('',(-0.0009691023407655934,0.9999995304202163,-1.4816266217673578E-08));
#3232=FACE_SURFACE('',(#3237),#3233,.T.);
#3233=PLANE('',#3234);
#3234=AXIS2_PLACEMENT_3D('',#264,#3235,#3236);
#3235=DIRECTION('',(-2.7769245231787943E-08,-1.4843184428288325E-08,-0.9999999999999996));
#3236=DIRECTION('',(0.0009691023407655934,-0.9999995304202163,1.4816266217673578E-08));
#3237=FACE_BOUND('',#3238,.T.);
#3238=EDGE_LOOP('',(#3239,#3240,#3241));
#3239=ORIENTED_EDGE('',*,*,#3242,.T.);
#3240=ORIENTED_EDGE('',*,*,#3243,.T.);
#3241=ORIENTED_EDGE('',*,*,#3244,.T.);
#3242=EDGE_CURVE('',#265,#263,#3245,.F.);
#3243=EDGE_CURVE('',#263,#267,#3246,.T.);
#3244=EDGE_CURVE('',#267,#265,#3247,.T.);
#3245=LINE('',#264,#3248);
#3246=LINE('',#262,#3249);
#3247=LINE('',#266,#3250);
#3248=VECTOR('',#3251,1.0);
#3249=VECTOR('',#3252,1.0);
#3250=VECTOR('',#3253,1.0);
#3251=DIRECTION('',(0.0009691023407655934,-0.9999995304202163,1.4816266217673578E-08));
#3252=DIRECTION('',(-0.4714020134351413,0.8819184439217125,0));
#3253=DIRECTION('',(0,1,-1.4843184428288331E-08));
#3254=FACE_SURFACE('',(#3259),#3255,.T.);
#3255=PLANE('',#3256);
#3256=AXIS2_PLACEMENT_3D('',#268,#3257,#3258);
#3257=DIRECTION('',(1.808621045442712E-08,-1.4843184428288326E-08,-0.9999999999999997));
#3258=DIRECTION('',(0.6343987776610048,0.7730059449332992,0));
#3259=FACE_BOUND('',#3260,.T.);
#3260=EDGE_LOOP('',(#3261,#3262,#3263));
#3261=ORIENTED_EDGE('',*,*,#3264,.T.);
#3262=ORIENTED_EDGE('',*,*,#3265,.T.);
#3263=ORIENTED_EDGE('',*,*,#3266,.T.);
#3264=EDGE_CURVE('',#269,#265,#3267,.F.);
#3265=EDGE_CURVE('',#265,#267,#3268,.T.);
#3266=EDGE_CURVE('',#267,#269,#3269,.T.);
#3267=LINE('',#268,#3270);
#3268=LINE('',#264,#3271);
#3269=LINE('',#266,#3272);
#3270=VECTOR('',#3273,1.0);
#3271=VECTOR('',#3274,1.0);
#3272=VECTOR('',#3275,1.0);
#3273=DIRECTION('',(0.6343987776610048,0.7730059449332992,0));
#3274=DIRECTION('',(0,-1,1.4843184428288331E-08));
#3275=DIRECTION('',(-0.0013086387271503655,0.9999991437319743,-1.4866840033972161E-08));
#3276=FACE_SURFACE('',(#3281),#3277,.T.);
#3277=PLANE('',#3278);
#3278=AXIS2_PLACEMENT_3D('',#268,#3279,#3280);
#3279=DIRECTION('',(-1.8143981639100362E-08,-1.489059670135163E-08,-0.9999999999999999));
#3280=DIRECTION('',(0.0013086387271503655,-0.9999991437319743,1.4866840033972161E-08));
#3281=FACE_BOUND('',#3282,.T.);
#3282=EDGE_LOOP('',(#3283,#3284,#3285));
#3283=ORIENTED_EDGE('',*,*,#3286,.T.);
#3284=ORIENTED_EDGE('',*,*,#3287,.T.);
#3285=ORIENTED_EDGE('',*,*,#3288,.T.);
#3286=EDGE_CURVE('',#269,#267,#3289,.F.);
#3287=EDGE_CURVE('',#267,#271,#3290,.T.);
#3288=EDGE_CURVE('',#271,#269,#3291,.T.);
#3289=LINE('',#268,#3292);
#3290=LINE('',#266,#3293);
#3291=LINE('',#270,#3294);
#3292=VECTOR('',#3295,1.0);
#3293=VECTOR('',#3296,1.0);
#3294=VECTOR('',#3297,1.0);
#3295=DIRECTION('',(0.0013086387271503655,-0.9999991437319743,1.4866840033972161E-08));
#3296=DIRECTION('',(-0.6343987776610048,0.7730059449332992,0));
#3297=DIRECTION('',(0,1,-1.4890596701351631E-08));
#3298=FACE_SURFACE('',(#3303),#3299,.T.);
#3299=PLANE('',#3300);
#3300=AXIS2_PLACEMENT_3D('',#272,#3301,#3302);
#3301=DIRECTION('',(1.2220930195928786E-08,-1.489059670135163E-08,-0.9999999999999999));
#3302=DIRECTION('',(0.7729968768850644,0.6344098267885963,0));
#3303=FACE_BOUND('',#3304,.T.);
#3304=EDGE_LOOP('',(#3305,#3306,#3307));
#3305=ORIENTED_EDGE('',*,*,#3308,.T.);
#3306=ORIENTED_EDGE('',*,*,#3309,.T.);
#3307=ORIENTED_EDGE('',*,*,#3310,.T.);
#3308=EDGE_CURVE('',#273,#269,#3311,.F.);
#3309=EDGE_CURVE('',#269,#271,#3312,.T.);
#3310=EDGE_CURVE('',#271,#273,#3313,.T.);
#3311=LINE('',#272,#3314);
#3312=LINE('',#268,#3315);
#3313=LINE('',#270,#3316);
#3314=VECTOR('',#3317,1.0);
#3315=VECTOR('',#3318,1.0);
#3316=VECTOR('',#3319,1.0);
#3317=DIRECTION('',(0.7729968768850644,0.6344098267885963,0));
#3318=DIRECTION('',(0,-1,1.4890596701351631E-08));
#3319=DIRECTION('',(-0.0015990805406375136,0.9999987214698949,-1.4910119914940264E-08));
#3320=FACE_SURFACE('',(#3325),#3321,.T.);
#3321=PLANE('',#3322);
#3322=AXIS2_PLACEMENT_3D('',#272,#3323,#3324);
#3323=DIRECTION('',(-1.2253328393885442E-08,-1.4929733062046146E-08,-0.9999999999999999));
#3324=DIRECTION('',(0.0015990805406375136,-0.9999987214698949,1.4910119914940264E-08));
#3325=FACE_BOUND('',#3326,.T.);
#3326=EDGE_LOOP('',(#3327,#3328,#3329));
#3327=ORIENTED_EDGE('',*,*,#3330,.T.);
#3328=ORIENTED_EDGE('',*,*,#3331,.T.);
#3329=ORIENTED_EDGE('',*,*,#3332,.T.);
#3330=EDGE_CURVE('',#273,#271,#3333,.F.);
#3331=EDGE_CURVE('',#271,#275,#3334,.T.);
#3332=EDGE_CURVE('',#275,#273,#3335,.T.);
#3333=LINE('',#272,#3336);
#3334=LINE('',#270,#3337);
#3335=LINE('',#274,#3338);
#3336=VECTOR('',#3339,1.0);
#3337=VECTOR('',#3340,1.0);
#3338=VECTOR('',#3341,1.0);
#3339=DIRECTION('',(0.0015990805406375136,-0.9999987214698949,1.4910119914940264E-08));
#3340=DIRECTION('',(-0.7729898077683837,0.6344184400584502,0));
#3341=DIRECTION('',(0,0.9999999999999999,-1.492973306204615E-08));
#3342=FACE_SURFACE('',(#3347),#3343,.T.);
#3343=PLANE('',#3344);
#3344=AXIS2_PLACEMENT_3D('',#276,#3345,#3346);
#3345=DIRECTION('',(7.980467439105309E-09,-1.492973306204615E-08,-0.9999999999999999));
#3346=DIRECTION('',(0.8819124513584067,0.471413224399789,0));
#3347=FACE_BOUND('',#3348,.T.);
#3348=EDGE_LOOP('',(#3349,#3350,#3351));
#3349=ORIENTED_EDGE('',*,*,#3352,.T.);
#3350=ORIENTED_EDGE('',*,*,#3353,.T.);
#3351=ORIENTED_EDGE('',*,*,#3354,.T.);
#3352=EDGE_CURVE('',#277,#273,#3355,.F.);
#3353=EDGE_CURVE('',#273,#275,#3356,.T.);
#3354=EDGE_CURVE('',#275,#277,#3357,.T.);
#3355=LINE('',#276,#3358);
#3356=LINE('',#272,#3359);
#3357=LINE('',#274,#3360);
#3358=VECTOR('',#3361,1.0);
#3359=VECTOR('',#3362,1.0);
#3360=VECTOR('',#3363,1.0);
#3361=DIRECTION('',(0.8819124513584067,0.471413224399789,0));
#3362=DIRECTION('',(0,-0.9999999999999999,1.492973306204615E-08));
#3363=DIRECTION('',(-0.0018287043488285715,0.9999983279188043,-1.4944302013831815E-08));
#3364=FACE_SURFACE('',(#3369),#3365,.T.);
#3365=PLANE('',#3366);
#3366=AXIS2_PLACEMENT_3D('',#276,#3367,#3368);
#3367=DIRECTION('',(-7.995595192625085E-09,-1.495894860610871E-08,-0.9999999999999999));
#3368=DIRECTION('',(0.0018287043488285715,-0.9999983279188043,1.4944302013831815E-08));
#3369=FACE_BOUND('',#3370,.T.);
#3370=EDGE_LOOP('',(#3371,#3372,#3373));
#3371=ORIENTED_EDGE('',*,*,#3374,.T.);
#3372=ORIENTED_EDGE('',*,*,#3375,.T.);
#3373=ORIENTED_EDGE('',*,*,#3376,.T.);
#3374=EDGE_CURVE('',#277,#275,#3377,.F.);
#3375=EDGE_CURVE('',#275,#279,#3378,.T.);
#3376=EDGE_CURVE('',#279,#277,#3379,.T.);
#3377=LINE('',#276,#3380);
#3378=LINE('',#274,#3381);
#3379=LINE('',#278,#3382);
#3380=VECTOR('',#3383,1.0);
#3381=VECTOR('',#3384,1.0);
#3382=VECTOR('',#3385,1.0);
#3383=DIRECTION('',(0.0018287043488285715,-0.9999983279188043,1.4944302013831815E-08));
#3384=DIRECTION('',(-0.8819244364239385,0.47139080224195967,0));
#3385=DIRECTION('',(0,0.9999999999999999,-1.495894860610871E-08));
#3386=FACE_SURFACE('',(#3391),#3387,.T.);
#3387=PLANE('',#3388);
#3388=AXIS2_PLACEMENT_3D('',#280,#3389,#3390);
#3389=DIRECTION('',(4.537118147987877E-09,-1.4958948606108714E-08,-1));
#3390=DIRECTION('',(0.9569515179854348,0.29024781174949843,0));
#3391=FACE_BOUND('',#3392,.T.);
#3392=EDGE_LOOP('',(#3393,#3394,#3395));
#3393=ORIENTED_EDGE('',*,*,#3396,.T.);
#3394=ORIENTED_EDGE('',*,*,#3397,.T.);
#3395=ORIENTED_EDGE('',*,*,#3398,.T.);
#3396=EDGE_CURVE('',#281,#277,#3399,.F.);
#3397=EDGE_CURVE('',#277,#279,#3400,.T.);
#3398=EDGE_CURVE('',#279,#281,#3401,.T.);
#3399=LINE('',#280,#3402);
#3400=LINE('',#276,#3403);
#3401=LINE('',#278,#3404);
#3402=VECTOR('',#3405,1.0);
#3403=VECTOR('',#3406,1.0);
#3404=VECTOR('',#3407,1.0);
#3405=DIRECTION('',(0.9569515179854348,0.29024781174949843,0));
#3406=DIRECTION('',(0,-0.9999999999999999,1.495894860610871E-08));
#3407=DIRECTION('',(-0.0019875024927697147,0.99999802491497,-1.4967936594542377E-08));
#3408=FACE_SURFACE('',(#3413),#3409,.T.);
#3409=PLANE('',#3410);
#3410=AXIS2_PLACEMENT_3D('',#280,#3411,#3412);
#3411=DIRECTION('',(-4.543043018232362E-09,-1.4976995484705446E-08,-1));
#3412=DIRECTION('',(0.0019875024927697147,-0.99999802491497,1.4967936594542377E-08));
#3413=FACE_BOUND('',#3414,.T.);
#3414=EDGE_LOOP('',(#3415,#3416,#3417));
#3415=ORIENTED_EDGE('',*,*,#3418,.T.);
#3416=ORIENTED_EDGE('',*,*,#3419,.T.);
#3417=ORIENTED_EDGE('',*,*,#3420,.T.);
#3418=EDGE_CURVE('',#281,#279,#3421,.F.);
#3419=EDGE_CURVE('',#279,#283,#3422,.T.);
#3420=EDGE_CURVE('',#283,#281,#3423,.T.);
#3421=LINE('',#280,#3424);
#3422=LINE('',#278,#3425);
#3423=LINE('',#282,#3426);
#3424=VECTOR('',#3427,1.0);
#3425=VECTOR('',#3428,1.0);
#3426=VECTOR('',#3429,1.0);
#3427=DIRECTION('',(0.0019875024927697147,-0.99999802491497,1.4967936594542377E-08));
#3428=DIRECTION('',(-0.9569435108129255,0.2902742102099877,0));
#3429=DIRECTION('',(0,0.9999999999999999,-1.4976995484705446E-08));
#3430=FACE_SURFACE('',(#3435),#3431,.T.);
#3431=PLANE('',#3432);
#3432=AXIS2_PLACEMENT_3D('',#284,#3433,#3434);
#3433=DIRECTION('',(1.4751386050984504E-09,-1.4976995484705443E-08,-0.9999999999999998));
#3434=DIRECTION('',(0.995184510820053,0.09801933188841773,0));
#3435=FACE_BOUND('',#3436,.T.);
#3436=EDGE_LOOP('',(#3437,#3438,#3439));
#3437=ORIENTED_EDGE('',*,*,#3440,.T.);
#3438=ORIENTED_EDGE('',*,*,#3441,.T.);
#3439=ORIENTED_EDGE('',*,*,#3442,.T.);
#3440=EDGE_CURVE('',#285,#281,#3443,.F.);
#3441=EDGE_CURVE('',#281,#283,#3444,.T.);
#3442=EDGE_CURVE('',#283,#285,#3445,.T.);
#3443=LINE('',#284,#3446);
#3444=LINE('',#280,#3447);
#3445=LINE('',#282,#3448);
#3446=VECTOR('',#3449,1.0);
#3447=VECTOR('',#3450,1.0);
#3448=VECTOR('',#3451,1.0);
#3449=DIRECTION('',(0.995184510820053,0.09801933188841773,0));
#3450=DIRECTION('',(0,-0.9999999999999999,1.4976995484705446E-08));
#3451=DIRECTION('',(-0.0020684404272720666,0.9999978607748112,-1.498001468186607E-08));
#3452=FACE_SURFACE('',(#3457),#3453,.T.);
#3453=PLANE('',#3454);
#3454=AXIS2_PLACEMENT_3D('',#284,#3455,#3456);
#3455=DIRECTION('',(-1.4757397835260763E-09,-1.4983099213917692E-08,-1));
#3456=DIRECTION('',(0.0020684404272720666,-0.9999978607748112,1.498001468186607E-08));
#3457=FACE_BOUND('',#3458,.T.);
#3458=EDGE_LOOP('',(#3459,#3460,#3461));
#3459=ORIENTED_EDGE('',*,*,#3462,.T.);
#3460=ORIENTED_EDGE('',*,*,#3463,.T.);
#3461=ORIENTED_EDGE('',*,*,#3464,.T.);
#3462=EDGE_CURVE('',#285,#283,#3465,.F.);
#3463=EDGE_CURVE('',#283,#287,#3466,.T.);
#3464=EDGE_CURVE('',#287,#285,#3467,.T.);
#3465=LINE('',#284,#3468);
#3466=LINE('',#282,#3469);
#3467=LINE('',#286,#3470);
#3468=VECTOR('',#3471,1.0);
#3469=VECTOR('',#3472,1.0);
#3470=VECTOR('',#3473,1.0);
#3471=DIRECTION('',(0.0020684404272720666,-0.9999978607748112,1.498001468186607E-08));
#3472=DIRECTION('',(-0.995184510820053,0.09801933188841773,0));
#3473=DIRECTION('',(0,0.9999999999999999,-1.4983099213917692E-08));
#3474=FACE_SURFACE('',(#3479),#3475,.T.);
#3475=PLANE('',#3476);
#3476=AXIS2_PLACEMENT_3D('',#288,#3477,#3478);
#3477=DIRECTION('',(-1.4756542879126396E-09,-1.498309921391769E-08,-0.9999999999999998));
#3478=DIRECTION('',(0.9951850647424347,-0.09801370778414571,0));
#3479=FACE_BOUND('',#3480,.T.);
#3480=EDGE_LOOP('',(#3481,#3482,#3483));
#3481=ORIENTED_EDGE('',*,*,#3484,.T.);
#3482=ORIENTED_EDGE('',*,*,#3485,.T.);
#3483=ORIENTED_EDGE('',*,*,#3486,.T.);
#3484=EDGE_CURVE('',#289,#285,#3487,.F.);
#3485=EDGE_CURVE('',#285,#287,#3488,.T.);
#3486=EDGE_CURVE('',#287,#289,#3489,.T.);
#3487=LINE('',#288,#3490);
#3488=LINE('',#284,#3491);
#3489=LINE('',#286,#3492);
#3490=VECTOR('',#3493,1.0);
#3491=VECTOR('',#3494,1.0);
#3492=VECTOR('',#3495,1.0);
#3493=DIRECTION('',(0.9951850647424347,-0.09801370778414571,0));
#3494=DIRECTION('',(0,-0.9999999999999999,1.4983099213917692E-08));
#3495=DIRECTION('',(-0.0020685602668767474,0.9999978605269223,-1.4980014678152683E-08));
#3496=FACE_SURFACE('',(#3501),#3497,.T.);
#3497=PLANE('',#3498);
#3498=AXIS2_PLACEMENT_3D('',#288,#3499,#3500);
#3499=DIRECTION('',(1.4750531443137278E-09,-1.4976995484705443E-08,-0.9999999999999998));
#3500=DIRECTION('',(0.0020685602668767474,-0.9999978605269223,1.4980014678152683E-08));
#3501=FACE_BOUND('',#3502,.T.);
#3502=EDGE_LOOP('',(#3503,#3504,#3505));
#3503=ORIENTED_EDGE('',*,*,#3506,.T.);
#3504=ORIENTED_EDGE('',*,*,#3507,.T.);
#3505=ORIENTED_EDGE('',*,*,#3508,.T.);
#3506=EDGE_CURVE('',#289,#287,#3509,.F.);
#3507=EDGE_CURVE('',#287,#291,#3510,.T.);
#3508=EDGE_CURVE('',#291,#289,#3511,.T.);
#3509=LINE('',#288,#3512);
#3510=LINE('',#286,#3513);
#3511=LINE('',#290,#3514);
#3512=VECTOR('',#3515,1.0);
#3513=VECTOR('',#3516,1.0);
#3514=VECTOR('',#3517,1.0);
#3515=DIRECTION('',(0.0020685602668767474,-0.9999978605269223,1.4980014678152683E-08));
#3516=DIRECTION('',(-0.9951850647424347,-0.09801370778414571,0));
#3517=DIRECTION('',(0,0.9999999999999999,-1.4976995484705446E-08));
#3518=FACE_SURFACE('',(#3523),#3519,.T.);
#3519=PLANE('',#3520);
#3520=AXIS2_PLACEMENT_3D('',#292,#3521,#3522);
#3521=DIRECTION('',(-4.543139281687056E-09,-1.4976995484705443E-08,-0.9999999999999998));
#3522=DIRECTION('',(0.9569418022883175,-0.29027984262291895,0));
#3523=FACE_BOUND('',#3524,.T.);
#3524=EDGE_LOOP('',(#3525,#3526,#3527));
#3525=ORIENTED_EDGE('',*,*,#3528,.T.);
#3526=ORIENTED_EDGE('',*,*,#3529,.T.);
#3527=ORIENTED_EDGE('',*,*,#3530,.T.);
#3528=EDGE_CURVE('',#293,#289,#3531,.F.);
#3529=EDGE_CURVE('',#289,#291,#3532,.T.);
#3530=EDGE_CURVE('',#291,#293,#3533,.T.);
#3531=LINE('',#292,#3534);
#3532=LINE('',#288,#3535);
#3533=LINE('',#290,#3536);
#3534=VECTOR('',#3537,1.0);
#3535=VECTOR('',#3538,1.0);
#3536=VECTOR('',#3539,1.0);
#3537=DIRECTION('',(0.9569418022883175,-0.29027984262291895,0));
#3538=DIRECTION('',(0,-0.9999999999999999,1.4976995484705446E-08));
#3539=DIRECTION('',(-0.0019872631257107235,0.9999980253906849,-1.4967937497821187E-08));
#3540=FACE_SURFACE('',(#3545),#3541,.T.);
#3541=PLANE('',#3542);
#3542=AXIS2_PLACEMENT_3D('',#292,#3543,#3544);
#3543=DIRECTION('',(4.538115599819585E-09,-1.495894860610871E-08,-0.9999999999999998));
#3544=DIRECTION('',(0.0019872631257107235,-0.9999980253906849,1.4967937497821187E-08));
#3545=FACE_BOUND('',#3546,.T.);
#3546=EDGE_LOOP('',(#3547,#3548,#3549));
#3547=ORIENTED_EDGE('',*,*,#3550,.T.);
#3548=ORIENTED_EDGE('',*,*,#3551,.T.);
#3549=ORIENTED_EDGE('',*,*,#3552,.T.);
#3550=EDGE_CURVE('',#293,#291,#3553,.F.);
#3551=EDGE_CURVE('',#291,#295,#3554,.T.);
#3552=EDGE_CURVE('',#295,#293,#3555,.T.);
#3553=LINE('',#292,#3556);
#3554=LINE('',#290,#3557);
#3555=LINE('',#294,#3558);
#3556=VECTOR('',#3559,1.0);
#3557=VECTOR('',#3560,1.0);
#3558=VECTOR('',#3561,1.0);
#3559=DIRECTION('',(0.0019872631257107235,-0.9999980253906849,1.4967937497821187E-08));
#3560=DIRECTION('',(-0.9569337934297512,-0.2903062434604989,0));
#3561=DIRECTION('',(0,0.9999999999999999,-1.495894860610871E-08));
#3562=FACE_SURFACE('',(#3567),#3563,.T.);
#3563=PLANE('',#3564);
#3564=AXIS2_PLACEMENT_3D('',#296,#3565,#3566);
#3565=DIRECTION('',(-7.995561452617922E-09,-1.495894860610871E-08,-0.9999999999999999));
#3566=DIRECTION('',(0.8819252633899336,-0.4713892550690949,0));
#3567=FACE_BOUND('',#3568,.T.);
#3568=EDGE_LOOP('',(#3569,#3570,#3571));
#3569=ORIENTED_EDGE('',*,*,#3572,.T.);
#3570=ORIENTED_EDGE('',*,*,#3573,.T.);
#3571=ORIENTED_EDGE('',*,*,#3574,.T.);
#3572=EDGE_CURVE('',#297,#293,#3575,.F.);
#3573=EDGE_CURVE('',#293,#295,#3576,.T.);
#3574=EDGE_CURVE('',#295,#297,#3577,.T.);
#3575=LINE('',#296,#3578);
#3576=LINE('',#292,#3579);
#3577=LINE('',#294,#3580);
#3578=VECTOR('',#3581,1.0);
#3579=VECTOR('',#3582,1.0);
#3580=VECTOR('',#3583,1.0);
#3581=DIRECTION('',(0.8819252633899336,-0.4713892550690949,0));
#3582=DIRECTION('',(0,-0.9999999999999999,1.495894860610871E-08));
#3583=DIRECTION('',(-0.0018288237935230364,0.9999983277003677,-1.4944301117237335E-08));
#3584=FACE_SURFACE('',(#3589),#3585,.T.);
#3585=PLANE('',#3586);
#3586=AXIS2_PLACEMENT_3D('',#296,#3587,#3588);
#3587=DIRECTION('',(7.979457742173223E-09,-1.492973306204615E-08,-0.9999999999999999));
#3588=DIRECTION('',(0.0018288237935230364,-0.9999983277003677,1.4944301117237335E-08));
#3589=FACE_BOUND('',#3590,.T.);
#3590=EDGE_LOOP('',(#3591,#3592,#3593));
#3591=ORIENTED_EDGE('',*,*,#3594,.T.);
#3592=ORIENTED_EDGE('',*,*,#3595,.T.);
#3593=ORIENTED_EDGE('',*,*,#3596,.T.);
#3594=EDGE_CURVE('',#297,#295,#3597,.F.);
#3595=EDGE_CURVE('',#295,#299,#3598,.T.);
#3596=EDGE_CURVE('',#299,#297,#3599,.T.);
#3597=LINE('',#296,#3600);
#3598=LINE('',#294,#3601);
#3599=LINE('',#298,#3602);
#3600=VECTOR('',#3603,1.0);
#3601=VECTOR('',#3604,1.0);
#3602=VECTOR('',#3605,1.0);
#3603=DIRECTION('',(0.0018288237935230364,-0.9999983277003677,1.4944301117237335E-08));
#3604=DIRECTION('',(-0.8819372474107897,-0.4713668333999323,0));
#3605=DIRECTION('',(0,0.9999999999999999,-1.492973306204615E-08));
#3606=FACE_SURFACE('',(#3611),#3607,.T.);
#3607=PLANE('',#3608);
#3608=AXIS2_PLACEMENT_3D('',#300,#3609,#3610);
#3609=DIRECTION('',(-1.2253049978753E-08,-1.4929733062046146E-08,-0.9999999999999999));
#3610=DIRECTION('',(0.7729968768850644,-0.6344098267885963,0));
#3611=FACE_BOUND('',#3612,.T.);
#3612=EDGE_LOOP('',(#3613,#3614,#3615));
#3613=ORIENTED_EDGE('',*,*,#3616,.T.);
#3614=ORIENTED_EDGE('',*,*,#3617,.T.);
#3615=ORIENTED_EDGE('',*,*,#3618,.T.);
#3616=EDGE_CURVE('',#301,#297,#3619,.F.);
#3617=EDGE_CURVE('',#297,#299,#3620,.T.);
#3618=EDGE_CURVE('',#299,#301,#3621,.T.);
#3619=LINE('',#300,#3622);
#3620=LINE('',#296,#3623);
#3621=LINE('',#298,#3624);
#3622=VECTOR('',#3625,1.0);
#3623=VECTOR('',#3626,1.0);
#3624=VECTOR('',#3627,1.0);
#3625=DIRECTION('',(0.7729968768850644,-0.6344098267885963,0));
#3626=DIRECTION('',(0,-0.9999999999999999,1.492973306204615E-08));
#3627=DIRECTION('',(-0.0015990805883224191,0.9999987214698185,-1.491012035956306E-08));
#3628=FACE_SURFACE('',(#3633),#3629,.T.);
#3629=PLANE('',#3630);
#3630=AXIS2_PLACEMENT_3D('',#300,#3631,#3632);
#3631=DIRECTION('',(1.2221207881232034E-08,-1.489059670135163E-08,-0.9999999999999999));
#3632=DIRECTION('',(0.0015990805883224191,-0.9999987214698185,1.491012035956306E-08));
#3633=FACE_BOUND('',#3634,.T.);
#3634=EDGE_LOOP('',(#3635,#3636,#3637));
#3635=ORIENTED_EDGE('',*,*,#3638,.T.);
#3636=ORIENTED_EDGE('',*,*,#3639,.T.);
#3637=ORIENTED_EDGE('',*,*,#3640,.T.);
#3638=EDGE_CURVE('',#301,#299,#3641,.F.);
#3639=EDGE_CURVE('',#299,#303,#3642,.T.);
#3640=EDGE_CURVE('',#303,#301,#3643,.T.);
#3641=LINE('',#300,#3644);
#3642=LINE('',#298,#3645);
#3643=LINE('',#302,#3646);
#3644=VECTOR('',#3647,1.0);
#3645=VECTOR('',#3648,1.0);
#3646=VECTOR('',#3649,1.0);
#3647=DIRECTION('',(0.0015990805883224191,-0.9999987214698185,1.491012035956306E-08));
#3648=DIRECTION('',(-0.7729898077683837,-0.6344184400584502,0));
#3649=DIRECTION('',(0,1,-1.4890596701351631E-08));
#3650=FACE_SURFACE('',(#3655),#3651,.T.);
#3651=PLANE('',#3652);
#3652=AXIS2_PLACEMENT_3D('',#304,#3653,#3654);
#3653=DIRECTION('',(-1.8143981639100362E-08,-1.489059670135163E-08,-0.9999999999999999));
#3654=DIRECTION('',(0.6343987776610048,-0.7730059449332992,0));
#3655=FACE_BOUND('',#3656,.T.);
#3656=EDGE_LOOP('',(#3657,#3658,#3659));
#3657=ORIENTED_EDGE('',*,*,#3660,.T.);
#3658=ORIENTED_EDGE('',*,*,#3661,.T.);
#3659=ORIENTED_EDGE('',*,*,#3662,.T.);
#3660=EDGE_CURVE('',#305,#301,#3663,.F.);
#3661=EDGE_CURVE('',#301,#303,#3664,.T.);
#3662=EDGE_CURVE('',#303,#305,#3665,.T.);
#3663=LINE('',#304,#3666);
#3664=LINE('',#300,#3667);
#3665=LINE('',#302,#3668);
#3666=VECTOR('',#3669,1.0);
#3667=VECTOR('',#3670,1.0);
#3668=VECTOR('',#3671,1.0);
#3669=DIRECTION('',(0.6343987776610048,-0.7730059449332992,0));
#3670=DIRECTION('',(0,-1,1.4890596701351631E-08));
#3671=DIRECTION('',(-0.0013086387271503655,0.9999991437319743,-1.4866840033972161E-08));
#3672=FACE_SURFACE('',(#3677),#3673,.T.);
#3673=PLANE('',#3674);
#3674=AXIS2_PLACEMENT_3D('',#304,#3675,#3676);
#3675=DIRECTION('',(1.808621045442712E-08,-1.4843184428288326E-08,-0.9999999999999997));
#3676=DIRECTION('',(0.0013086387271503655,-0.9999991437319743,1.4866840033972161E-08));
#3677=FACE_BOUND('',#3678,.T.);
#3678=EDGE_LOOP('',(#3679,#3680,#3681));
#3679=ORIENTED_EDGE('',*,*,#3682,.T.);
#3680=ORIENTED_EDGE('',*,*,#3683,.T.);
#3681=ORIENTED_EDGE('',*,*,#3684,.T.);
#3682=EDGE_CURVE('',#305,#303,#3685,.F.);
#3683=EDGE_CURVE('',#303,#307,#3686,.T.);
#3684=EDGE_CURVE('',#307,#305,#3687,.T.);
#3685=LINE('',#304,#3688);
#3686=LINE('',#302,#3689);
#3687=LINE('',#306,#3690);
#3688=VECTOR('',#3691,1.0);
#3689=VECTOR('',#3692,1.0);
#3690=VECTOR('',#3693,1.0);
#3691=DIRECTION('',(0.0013086387271503655,-0.9999991437319743,1.4866840033972161E-08));
#3692=DIRECTION('',(-0.6343987776610048,-0.7730059449332992,0));
#3693=DIRECTION('',(0,1,-1.4843184428288331E-08));
#3694=FACE_SURFACE('',(#3699),#3695,.T.);
#3695=PLANE('',#3696);
#3696=AXIS2_PLACEMENT_3D('',#308,#3697,#3698);
#3697=DIRECTION('',(-2.7773549921383775E-08,-1.4843184428288325E-08,-0.9999999999999996));
#3698=DIRECTION('',(0.4713451829756127,-0.8819488185182213,0));
#3699=FACE_BOUND('',#3700,.T.);
#3700=EDGE_LOOP('',(#3701,#3702,#3703));
#3701=ORIENTED_EDGE('',*,*,#3704,.T.);
#3702=ORIENTED_EDGE('',*,*,#3705,.T.);
#3703=ORIENTED_EDGE('',*,*,#3706,.T.);
#3704=EDGE_CURVE('',#309,#305,#3707,.F.);
#3705=EDGE_CURVE('',#305,#307,#3708,.T.);
#3706=EDGE_CURVE('',#307,#309,#3709,.T.);
#3707=LINE('',#308,#3710);
#3708=LINE('',#304,#3711);
#3709=LINE('',#306,#3712);
#3710=VECTOR('',#3713,1.0);
#3711=VECTOR('',#3714,1.0);
#3712=VECTOR('',#3715,1.0);
#3713=DIRECTION('',(0.4713451829756127,-0.8819488185182213,0));
#3714=DIRECTION('',(0,-1,1.4843184428288331E-08));
#3715=DIRECTION('',(-0.0009689837533202922,0.9999995305351327,-1.4816265341288871E-08));
#3716=FACE_SURFACE('',(#3721),#3717,.T.);
#3717=PLANE('',#3718);
#3718=AXIS2_PLACEMENT_3D('',#308,#3719,#3720);
#3719=DIRECTION('',(2.767211700200043E-08,-1.4789458452625098E-08,-0.9999999999999996));
#3720=DIRECTION('',(0.0009689837533202922,-0.9999995305351327,1.4816265341288871E-08));
#3721=FACE_BOUND('',#3722,.T.);
#3722=EDGE_LOOP('',(#3723,#3724,#3725));
#3723=ORIENTED_EDGE('',*,*,#3726,.T.);
#3724=ORIENTED_EDGE('',*,*,#3727,.T.);
#3725=ORIENTED_EDGE('',*,*,#3728,.T.);
#3726=EDGE_CURVE('',#309,#307,#3729,.F.);
#3727=EDGE_CURVE('',#307,#311,#3730,.T.);
#3728=EDGE_CURVE('',#311,#309,#3731,.T.);
#3729=LINE('',#308,#3732);
#3730=LINE('',#306,#3733);
#3731=LINE('',#310,#3734);
#3732=VECTOR('',#3735,1.0);
#3733=VECTOR('',#3736,1.0);
#3734=VECTOR('',#3737,1.0);
#3735=DIRECTION('',(0.0009689837533202922,-0.9999995305351327,1.4816265341288871E-08));
#3736=DIRECTION('',(-0.4713571672912036,-0.8819424135640673,0));
#3737=DIRECTION('',(0,1,-1.4789458452625105E-08));
#3738=FACE_SURFACE('',(#3743),#3739,.T.);
#3739=PLANE('',#3740);
#3740=AXIS2_PLACEMENT_3D('',#312,#3741,#3742);
#3741=DIRECTION('',(-4.874940361648307E-08,-1.4789458452625086E-08,-0.9999999999999988));
#3742=DIRECTION('',(0.2903114343886469,-0.9569322186357853,0));
#3743=FACE_BOUND('',#3744,.T.);
#3744=EDGE_LOOP('',(#3745,#3746,#3747));
#3745=ORIENTED_EDGE('',*,*,#3748,.T.);
#3746=ORIENTED_EDGE('',*,*,#3749,.T.);
#3747=ORIENTED_EDGE('',*,*,#3750,.T.);
#3748=EDGE_CURVE('',#313,#309,#3751,.F.);
#3749=EDGE_CURVE('',#309,#311,#3752,.T.);
#3750=EDGE_CURVE('',#311,#313,#3753,.T.);
#3751=LINE('',#312,#3754);
#3752=LINE('',#308,#3755);
#3753=LINE('',#310,#3756);
#3754=VECTOR('',#3757,1.0);
#3755=VECTOR('',#3758,1.0);
#3756=VECTOR('',#3759,1.0);
#3757=DIRECTION('',(0.2903114343886469,-0.9569322186357853,0));
#3758=DIRECTION('',(0,-1,1.4789458452625105E-08));
#3759=DIRECTION('',(-0.0005945518038137162,0.9999998232540606,-1.4760471792793354E-08));
#3760=FACE_SURFACE('',(#3765),#3761,.T.);
#3761=PLANE('',#3762);
#3762=AXIS2_PLACEMENT_3D('',#312,#3763,#3764);
#3763=DIRECTION('',(4.856016142006927E-08,-1.4731602864978536E-08,-0.9999999999999988));
#3764=DIRECTION('',(0.0005945518038137162,-0.9999998232540606,1.4760471792793354E-08));
#3765=FACE_BOUND('',#3766,.T.);
#3766=EDGE_LOOP('',(#3767,#3768,#3769));
#3767=ORIENTED_EDGE('',*,*,#3770,.T.);
#3768=ORIENTED_EDGE('',*,*,#3771,.T.);
#3769=ORIENTED_EDGE('',*,*,#3772,.T.);
#3770=EDGE_CURVE('',#313,#311,#3773,.F.);
#3771=EDGE_CURVE('',#311,#315,#3774,.T.);
#3772=EDGE_CURVE('',#315,#313,#3775,.T.);
#3773=LINE('',#312,#3776);
#3774=LINE('',#310,#3777);
#3775=LINE('',#314,#3778);
#3776=VECTOR('',#3779,1.0);
#3777=VECTOR('',#3780,1.0);
#3778=VECTOR('',#3781,1.0);
#3779=DIRECTION('',(0.0005945518038137162,-0.9999998232540606,1.4760471792793354E-08));
#3780=DIRECTION('',(-0.29030342556815064,-0.9569346482928692,0));
#3781=DIRECTION('',(0,1,-1.4731602864978554E-08));
#3782=FACE_SURFACE('',(#3787),#3783,.T.);
#3783=PLANE('',#3784);
#3784=AXIS2_PLACEMENT_3D('',#316,#3785,#3786);
#3785=DIRECTION('',(-1.4957343014762321E-07,-1.4731602864978389E-08,-0.9999999999999888));
#3786=DIRECTION('',(0.09801651975599646,-0.9951847877931628,0));
#3787=FACE_BOUND('',#3788,.T.);
#3788=EDGE_LOOP('',(#3789,#3790,#3791));
#3789=ORIENTED_EDGE('',*,*,#3792,.T.);
#3790=ORIENTED_EDGE('',*,*,#3793,.T.);
#3791=ORIENTED_EDGE('',*,*,#3794,.T.);
#3792=EDGE_CURVE('',#317,#313,#3795,.F.);
#3793=EDGE_CURVE('',#313,#315,#3796,.T.);
#3794=EDGE_CURVE('',#315,#317,#3797,.T.);
#3795=LINE('',#316,#3798);
#3796=LINE('',#312,#3799);
#3797=LINE('',#314,#3800);
#3798=VECTOR('',#3801,1.0);
#3799=VECTOR('',#3802,1.0);
#3800=VECTOR('',#3803,1.0);
#3801=DIRECTION('',(0.09801651975599646,-0.9951847877931628,0));
#3802=DIRECTION('',(0,-1,1.4731602864978554E-08));
#3803=DIRECTION('',(-0.00019994307103381775,0.999999980011384,-1.4701696399545424E-08));
#3804=FACE_SURFACE('',(#3809),#3805,.T.);
#3805=PLANE('',#3806);
#3806=AXIS2_PLACEMENT_3D('',#316,#3807,#3808);
#3807=DIRECTION('',(1.489673716948296E-07,-1.4671911699035968E-08,-0.9999999999999888));
#3808=DIRECTION('',(0.00019994307103381775,-0.999999980011384,1.4701696399545424E-08));
#3809=FACE_BOUND('',#3810,.T.);
#3810=EDGE_LOOP('',(#3811,#3812,#3813));
#3811=ORIENTED_EDGE('',*,*,#3814,.T.);
#3812=ORIENTED_EDGE('',*,*,#3815,.T.);
#3813=ORIENTED_EDGE('',*,*,#3816,.T.);
#3814=EDGE_CURVE('',#317,#315,#3817,.F.);
#3815=EDGE_CURVE('',#315,#319,#3818,.T.);
#3816=EDGE_CURVE('',#319,#317,#3819,.T.);
#3817=LINE('',#316,#3820);
#3818=LINE('',#314,#3821);
#3819=LINE('',#318,#3822);
#3820=VECTOR('',#3823,1.0);
#3821=VECTOR('',#3824,1.0);
#3822=VECTOR('',#3825,1.0);
#3823=DIRECTION('',(0.00019994307103381775,-0.999999980011384,1.4701696399545424E-08));
#3824=DIRECTION('',(-0.09801651975599646,-0.9951847877931628,0));
#3825=DIRECTION('',(0,1,-1.4671911699036132E-08));
#3826=FACE_SURFACE('',(#3831),#3827,.T.);
#3827=PLANE('',#3828);
#3828=AXIS2_PLACEMENT_3D('',#320,#3829,#3830);
#3829=DIRECTION('',(0.004369170373311616,0.008175059531594128,-0.9999570384531047));
#3830=DIRECTION('',(0.8819432393295803,-0.47135562222259164,0));
#3831=FACE_BOUND('',#3832,.T.);
#3832=EDGE_LOOP('',(#3833,#3834,#3835));
#3833=ORIENTED_EDGE('',*,*,#3836,.T.);
#3834=ORIENTED_EDGE('',*,*,#3837,.T.);
#3835=ORIENTED_EDGE('',*,*,#3838,.T.);
#3836=EDGE_CURVE('',#321,#323,#3839,.F.);
#3837=EDGE_CURVE('',#323,#61,#3840,.T.);
#3838=EDGE_CURVE('',#61,#321,#3841,.T.);
#3839=LINE('',#320,#3842);
#3840=LINE('',#322,#3843);
#3841=LINE('',#60,#3844);
#3842=VECTOR('',#3845,1.0);
#3843=VECTOR('',#3846,1.0);
#3844=VECTOR('',#3847,1.0);
#3845=DIRECTION('',(0.8819432393295803,-0.47135562222259164,0));
#3846=DIRECTION('',(-0.28895110057475,-0.957300712497532,-0.009088857373644064));
#3847=DIRECTION('',(0.23587783083394429,0.9717412711002267,0.008975018751440956));
#3848=FACE_SURFACE('',(#3853),#3849,.T.);
#3849=PLANE('',#3850);
#3850=AXIS2_PLACEMENT_3D('',#58,#3851,#3852);
#3851=DIRECTION('',(0.01051224044627296,-0.01280864307409546,-0.9998627063069211));
#3852=DIRECTION('',(0.42175966437429124,-0.9065656381398766,0.01604771793507599));
#3853=FACE_BOUND('',#3854,.T.);
#3854=EDGE_LOOP('',(#3855,#3856,#3857));
#3855=ORIENTED_EDGE('',*,*,#3858,.T.);
#3856=ORIENTED_EDGE('',*,*,#3859,.T.);
#3857=ORIENTED_EDGE('',*,*,#3860,.T.);
#3858=EDGE_CURVE('',#59,#221,#3861,.F.);
#3859=EDGE_CURVE('',#221,#325,#3862,.T.);
#3860=EDGE_CURVE('',#325,#59,#3863,.T.);
#3861=LINE('',#58,#3864);
#3862=LINE('',#220,#3865);
#3863=LINE('',#324,#3866);
#3864=VECTOR('',#3867,1.0);
#3865=VECTOR('',#3868,1.0);
#3866=VECTOR('',#3869,1.0);
#3867=DIRECTION('',(0.42175966437429124,-0.9065656381398766,0.01604771793507599));
#3868=DIRECTION('',(-0.7729968768850644,-0.6344098267885963,0));
#3869=DIRECTION('',(-0.33437951509803565,0.94230960286153,-0.0155869252178916));
#3870=FACE_SURFACE('',(#3875),#3871,.T.);
#3871=PLANE('',#3872);
#3872=AXIS2_PLACEMENT_3D('',#58,#3873,#3874);
#3873=DIRECTION('',(0.014068427295627656,-0.011546257825218446,-0.9998343679248385));
#3874=DIRECTION('',(0.33437951509803565,-0.94230960286153,0.0155869252178916));
#3875=FACE_BOUND('',#3876,.T.);
#3876=EDGE_LOOP('',(#3877,#3878,#3879));
#3877=ORIENTED_EDGE('',*,*,#3880,.T.);
#3878=ORIENTED_EDGE('',*,*,#3881,.T.);
#3879=ORIENTED_EDGE('',*,*,#3882,.T.);
#3880=EDGE_CURVE('',#59,#325,#3883,.F.);
#3881=EDGE_CURVE('',#325,#327,#3884,.T.);
#3882=EDGE_CURVE('',#327,#59,#3885,.T.);
#3883=LINE('',#58,#3886);
#3884=LINE('',#324,#3887);
#3885=LINE('',#326,#3888);
#3886=VECTOR('',#3889,1.0);
#3887=VECTOR('',#3890,1.0);
#3888=VECTOR('',#3891,1.0);
#3889=DIRECTION('',(0.33437951509803565,-0.94230960286153,0.0155869252178916));
#3890=DIRECTION('',(-0.6344129151675546,-0.7729943421970209,0));
#3891=DIRECTION('',(-0.2587388015259117,0.9658340241710418,-0.014794267082429592));
#3892=FACE_SURFACE('',(#3897),#3893,.T.);
#3893=PLANE('',#3894);
#3894=AXIS2_PLACEMENT_3D('',#328,#3895,#3896);
#3895=DIRECTION('',(0.0063208230284654675,0.007701259067491416,-0.999950367670825));
#3896=DIRECTION('',(0.7729827386850253,-0.6344270530919986,0));
#3897=FACE_BOUND('',#3898,.T.);
#3898=EDGE_LOOP('',(#3899,#3900,#3901));
#3899=ORIENTED_EDGE('',*,*,#3902,.T.);
#3900=ORIENTED_EDGE('',*,*,#3903,.T.);
#3901=ORIENTED_EDGE('',*,*,#3904,.T.);
#3902=EDGE_CURVE('',#329,#321,#3905,.F.);
#3903=EDGE_CURVE('',#321,#61,#3906,.T.);
#3904=EDGE_CURVE('',#61,#329,#3907,.T.);
#3905=LINE('',#328,#3908);
#3906=LINE('',#320,#3909);
#3907=LINE('',#60,#3910);
#3908=VECTOR('',#3911,1.0);
#3909=VECTOR('',#3912,1.0);
#3910=VECTOR('',#3913,1.0);
#3911=DIRECTION('',(0.7729827386850253,-0.6344270530919986,0));
#3912=DIRECTION('',(-0.23587783083394429,-0.9717412711002267,-0.008975018751440956));
#3913=DIRECTION('',(0.18773342044352143,0.9821810327994621,0.00875109464912721));
#3914=FACE_SURFACE('',(#3919),#3915,.T.);
#3915=PLANE('',#3916);
#3916=AXIS2_PLACEMENT_3D('',#330,#3917,#3918);
#3917=DIRECTION('',(0.00880511648055794,0.007226277066873947,-0.9999351233172663));
#3918=DIRECTION('',(0.6343987776610048,-0.7730059449332992,0));
#3919=FACE_BOUND('',#3920,.T.);
#3920=EDGE_LOOP('',(#3921,#3922,#3923));
#3921=ORIENTED_EDGE('',*,*,#3924,.T.);
#3922=ORIENTED_EDGE('',*,*,#3925,.T.);
#3923=ORIENTED_EDGE('',*,*,#3926,.T.);
#3924=EDGE_CURVE('',#331,#329,#3927,.F.);
#3925=EDGE_CURVE('',#329,#61,#3928,.T.);
#3926=EDGE_CURVE('',#61,#331,#3929,.T.);
#3927=LINE('',#330,#3930);
#3928=LINE('',#328,#3931);
#3929=LINE('',#60,#3932);
#3930=VECTOR('',#3933,1.0);
#3931=VECTOR('',#3934,1.0);
#3932=VECTOR('',#3935,1.0);
#3933=DIRECTION('',(0.6343987776610048,-0.7730059449332992,0));
#3934=DIRECTION('',(-0.18773342044352143,-0.9821810327994621,-0.00875109464912721));
#3935=DIRECTION('',(0.14775209429211064,0.988988344777061,0.008448226288653106));
#3936=FACE_SURFACE('',(#3941),#3937,.T.);
#3937=PLANE('',#3938);
#3938=AXIS2_PLACEMENT_3D('',#58,#3939,#3940);
#3939=DIRECTION('',(0.01908657754853858,-0.010200887255446057,-0.9997657948023053));
#3940=DIRECTION('',(0.2587388015259117,-0.9658340241710418,0.014794267082429592));
#3941=FACE_BOUND('',#3942,.T.);
#3942=EDGE_LOOP('',(#3943,#3944,#3945));
#3943=ORIENTED_EDGE('',*,*,#3946,.T.);
#3944=ORIENTED_EDGE('',*,*,#3947,.T.);
#3945=ORIENTED_EDGE('',*,*,#3948,.T.);
#3946=EDGE_CURVE('',#59,#327,#3949,.F.);
#3947=EDGE_CURVE('',#327,#333,#3950,.T.);
#3948=EDGE_CURVE('',#333,#59,#3951,.T.);
#3949=LINE('',#58,#3952);
#3950=LINE('',#326,#3953);
#3951=LINE('',#332,#3954);
#3952=VECTOR('',#3955,1.0);
#3953=VECTOR('',#3956,1.0);
#3954=VECTOR('',#3957,1.0);
#3955=DIRECTION('',(0.2587388015259117,-0.9658340241710418,0.014794267082429592));
#3956=DIRECTION('',(-0.4713571672912036,-0.8819424135640673,0));
#3957=DIRECTION('',(-0.20122349452136348,0.9794476474357776,-0.01383514311930357));
#3958=FACE_SURFACE('',(#3963),#3959,.T.);
#3959=PLANE('',#3960);
#3960=AXIS2_PLACEMENT_3D('',#58,#3961,#3962);
#3961=DIRECTION('',(0.027749855189492408,-0.0084184202493881,-0.9995794494373456));
#3962=DIRECTION('',(0.20122349452136348,-0.9794476474357776,0.01383514311930357));
#3963=FACE_BOUND('',#3964,.T.);
#3964=EDGE_LOOP('',(#3965,#3966,#3967));
#3965=ORIENTED_EDGE('',*,*,#3968,.T.);
#3966=ORIENTED_EDGE('',*,*,#3969,.T.);
#3967=ORIENTED_EDGE('',*,*,#3970,.T.);
#3968=EDGE_CURVE('',#59,#333,#3971,.F.);
#3969=EDGE_CURVE('',#333,#335,#3972,.T.);
#3970=EDGE_CURVE('',#335,#59,#3973,.T.);
#3971=LINE('',#58,#3974);
#3972=LINE('',#332,#3975);
#3973=LINE('',#334,#3976);
#3974=VECTOR('',#3977,1.0);
#3975=VECTOR('',#3978,1.0);
#3976=VECTOR('',#3979,1.0);
#3977=DIRECTION('',(0.20122349452136348,-0.9794476474357776,0.01383514311930357));
#3978=DIRECTION('',(-0.29030342556815064,-0.9569346482928692,0));
#3979=DIRECTION('',(-0.16357589604319644,0.9864470746317265,-0.012848937083439498));
#3980=FACE_SURFACE('',(#3985),#3981,.T.);
#3981=PLANE('',#3982);
#3982=AXIS2_PLACEMENT_3D('',#336,#3983,#3984);
#3983=DIRECTION('',(0.012489885179232099,0.006675480457665485,-0.9998997153359276));
#3984=DIRECTION('',(0.4713691521291874,-0.8819360081213439,0));
#3985=FACE_BOUND('',#3986,.T.);
#3986=EDGE_LOOP('',(#3987,#3988,#3989));
#3987=ORIENTED_EDGE('',*,*,#3990,.T.);
#3988=ORIENTED_EDGE('',*,*,#3991,.T.);
#3989=ORIENTED_EDGE('',*,*,#3992,.T.);
#3990=EDGE_CURVE('',#337,#331,#3993,.F.);
#3991=EDGE_CURVE('',#331,#61,#3994,.T.);
#3992=EDGE_CURVE('',#61,#337,#3995,.T.);
#3993=LINE('',#336,#3996);
#3994=LINE('',#330,#3997);
#3995=LINE('',#60,#3998);
#3996=VECTOR('',#3999,1.0);
#3997=VECTOR('',#4000,1.0);
#3998=VECTOR('',#4001,1.0);
#3999=DIRECTION('',(0.4713691521291874,-0.8819360081213439,0));
#4000=DIRECTION('',(-0.14775209429211064,-0.988988344777061,-0.008448226288653106));
#4001=DIRECTION('',(0.11782716455404332,0.9930010722737374,0.008101219436748483));
#4002=FACE_SURFACE('',(#4007),#4003,.T.);
#4003=PLANE('',#4004);
#4004=AXIS2_PLACEMENT_3D('',#338,#4005,#4006);
#4005=DIRECTION('',(0.019327806228422575,0.005863262802235738,-0.9997960082215314));
#4006=DIRECTION('',(0.2902954171691889,-0.9569370777488803,0));
#4007=FACE_BOUND('',#4008,.T.);
#4008=EDGE_LOOP('',(#4009,#4010,#4011));
#4009=ORIENTED_EDGE('',*,*,#4012,.T.);
#4010=ORIENTED_EDGE('',*,*,#4013,.T.);
#4011=ORIENTED_EDGE('',*,*,#4014,.T.);
#4012=EDGE_CURVE('',#339,#337,#4015,.F.);
#4013=EDGE_CURVE('',#337,#61,#4016,.T.);
#4014=EDGE_CURVE('',#61,#339,#4017,.T.);
#4015=LINE('',#338,#4018);
#4016=LINE('',#336,#4019);
#4017=LINE('',#60,#4020);
#4018=VECTOR('',#4021,1.0);
#4019=VECTOR('',#4022,1.0);
#4020=VECTOR('',#4023,1.0);
#4021=DIRECTION('',(0.2902954171691889,-0.9569370777488803,0));
#4022=DIRECTION('',(-0.11782716455404332,-0.9930010722737374,-0.008101219436748483));
#4023=DIRECTION('',(0.09854575226477014,0.9951024141955436,0.007740799233377709));
#4024=FACE_SURFACE('',(#4029),#4025,.T.);
#4025=PLANE('',#4026);
#4026=AXIS2_PLACEMENT_3D('',#58,#4027,#4028);
#4027=DIRECTION('',(0.049219968466600185,-0.004847712777336712,-0.9987761983472451));
#4028=DIRECTION('',(0.16357589604319644,-0.9864470746317265,0.012848937083439498));
#4029=FACE_BOUND('',#4030,.T.);
#4030=EDGE_LOOP('',(#4031,#4032,#4033));
#4031=ORIENTED_EDGE('',*,*,#4034,.T.);
#4032=ORIENTED_EDGE('',*,*,#4035,.T.);
#4033=ORIENTED_EDGE('',*,*,#4036,.T.);
#4034=EDGE_CURVE('',#59,#335,#4037,.F.);
#4035=EDGE_CURVE('',#335,#317,#4038,.T.);
#4036=EDGE_CURVE('',#317,#59,#4039,.T.);
#4037=LINE('',#58,#4040);
#4038=LINE('',#334,#4041);
#4039=LINE('',#316,#4042);
#4040=VECTOR('',#4043,1.0);
#4041=VECTOR('',#4044,1.0);
#4042=VECTOR('',#4045,1.0);
#4043=DIRECTION('',(0.16357589604319644,-0.9864470746317265,0.012848937083439498));
#4044=DIRECTION('',(-0.09801651975599646,-0.9951847877931628,0));
#4045=DIRECTION('',(-0.14447877032429354,0.9894360731759204,-0.011922332984558867));
#4046=FACE_SURFACE('',(#4051),#4047,.T.);
#4047=PLANE('',#4048);
#4048=AXIS2_PLACEMENT_3D('',#318,#4049,#4050);
#4049=DIRECTION('',(0.039351157326105314,0.0038758382070903266,-0.9992179263280301));
#4050=DIRECTION('',(0.09801933188841773,-0.995184510820053,0));
#4051=FACE_BOUND('',#4052,.T.);
#4052=EDGE_LOOP('',(#4053,#4054,#4055));
#4053=ORIENTED_EDGE('',*,*,#4056,.T.);
#4054=ORIENTED_EDGE('',*,*,#4057,.T.);
#4055=ORIENTED_EDGE('',*,*,#4058,.T.);
#4056=EDGE_CURVE('',#319,#339,#4059,.F.);
#4057=EDGE_CURVE('',#339,#61,#4060,.T.);
#4058=EDGE_CURVE('',#61,#319,#4061,.T.);
#4059=LINE('',#318,#4062);
#4060=LINE('',#338,#4063);
#4061=LINE('',#60,#4064);
#4062=VECTOR('',#4065,1.0);
#4063=VECTOR('',#4066,1.0);
#4064=VECTOR('',#4067,1.0);
#4065=DIRECTION('',(0.09801933188841773,-0.995184510820053,0));
#4066=DIRECTION('',(-0.09854575226477014,-0.9951024141955436,-0.007740799233377709));
#4067=DIRECTION('',(0.08955468674765106,0.9959544897770471,0.00739001857045725));
#4068=FACE_SURFACE('',(#4073),#4069,.T.);
#4069=PLANE('',#4070);
#4070=AXIS2_PLACEMENT_3D('',#58,#4071,#4072);
#4071=DIRECTION('',(0.0822399875145302,-1.4622211402681562E-08,-0.99661255483443));
#4072=DIRECTION('',(0.14447877032429354,-0.9894360731759204,0.011922332984558867));
#4073=FACE_BOUND('',#4074,.T.);
#4074=EDGE_LOOP('',(#4075,#4076,#4077));
#4075=ORIENTED_EDGE('',*,*,#4078,.T.);
#4076=ORIENTED_EDGE('',*,*,#4079,.T.);
#4077=ORIENTED_EDGE('',*,*,#4080,.T.);
#4078=EDGE_CURVE('',#59,#317,#4081,.F.);
#4079=EDGE_CURVE('',#317,#319,#4082,.T.);
#4080=EDGE_CURVE('',#319,#59,#4083,.T.);
#4081=LINE('',#58,#4084);
#4082=LINE('',#316,#4085);
#4083=LINE('',#318,#4086);
#4084=VECTOR('',#4087,1.0);
#4085=VECTOR('',#4088,1.0);
#4086=VECTOR('',#4089,1.0);
#4087=DIRECTION('',(0.14447877032429354,-0.9894360731759204,0.011922332984558867));
#4088=DIRECTION('',(0,-1,1.4671911699036132E-08));
#4089=DIRECTION('',(-0.003844739972387357,0.9999925586260449,-0.00031728076060699126));
#4090=FACE_SURFACE('',(#4095),#4091,.T.);
#4091=PLANE('',#4092);
#4092=AXIS2_PLACEMENT_3D('',#318,#4093,#4094);
#4093=DIRECTION('',(0.08224023778989883,-1.3653407795964862E-08,-0.9966125341817955));
#4094=DIRECTION('',(-0.08955468674765106,-0.9959544897770471,-0.00739001857045725));
#4095=FACE_BOUND('',#4096,.T.);
#4096=EDGE_LOOP('',(#4097,#4098,#4099));
#4097=ORIENTED_EDGE('',*,*,#4100,.T.);
#4098=ORIENTED_EDGE('',*,*,#4101,.T.);
#4099=ORIENTED_EDGE('',*,*,#4102,.T.);
#4100=EDGE_CURVE('',#319,#61,#4103,.F.);
#4101=EDGE_CURVE('',#61,#59,#4104,.T.);
#4102=EDGE_CURVE('',#59,#319,#4105,.T.);
#4103=LINE('',#318,#4106);
#4104=LINE('',#60,#4107);
#4105=LINE('',#58,#4108);
#4106=VECTOR('',#4109,1.0);
#4107=VECTOR('',#4110,1.0);
#4108=VECTOR('',#4111,1.0);
#4109=DIRECTION('',(-0.08955468674765106,-0.9959544897770471,-0.00739001857045725));
#4110=DIRECTION('',(0,1,-1.3699815452526001E-08));
#4111=DIRECTION('',(0.003844739972387357,-0.9999925586260449,0.00031728076060699126));
#4112=FACE_SURFACE('',(#4117),#4113,.T.);
#4113=PLANE('',#4114);
#4114=AXIS2_PLACEMENT_3D('',#340,#4115,#4116);
#4115=DIRECTION('',(0,0,-1));
#4116=DIRECTION('',(0.9569395070038403,0.2902874091917301,0));
#4117=FACE_BOUND('',#4118,.T.);
#4118=EDGE_LOOP('',(#4119,#4120,#4121));
#4119=ORIENTED_EDGE('',*,*,#4122,.T.);
#4120=ORIENTED_EDGE('',*,*,#4123,.T.);
#4121=ORIENTED_EDGE('',*,*,#4124,.T.);
#4122=EDGE_CURVE('',#341,#235,#4125,.F.);
#4123=EDGE_CURVE('',#235,#71,#4126,.T.);
#4124=EDGE_CURVE('',#71,#341,#4127,.T.);
#4125=LINE('',#340,#4128);
#4126=LINE('',#234,#4129);
#4127=LINE('',#70,#4130);
#4128=VECTOR('',#4131,1.0);
#4129=VECTOR('',#4132,1.0);
#4130=VECTOR('',#4133,1.0);
#4131=DIRECTION('',(0.9569395070038403,0.2902874091917301,0));
#4132=DIRECTION('',(0.421708665646227,-0.9067313832215574,0));
#4133=DIRECTION('',(-0.4669009577795492,0.8843096152505295,0));
#4134=FACE_SURFACE('',(#4139),#4135,.T.);
#4135=PLANE('',#4136);
#4136=AXIS2_PLACEMENT_3D('',#70,#4137,#4138);
#4137=DIRECTION('',(0.00960791868209354,0.0065935619996905625,-0.9999321041144517));
#4138=DIRECTION('',(-0.9988954822968691,0.046059010660501394,-0.009294244664356492));
#4139=FACE_BOUND('',#4140,.T.);
#4140=EDGE_LOOP('',(#4141,#4142,#4143));
#4141=ORIENTED_EDGE('',*,*,#4144,.T.);
#4142=ORIENTED_EDGE('',*,*,#4145,.T.);
#4143=ORIENTED_EDGE('',*,*,#4146,.T.);
#4144=EDGE_CURVE('',#71,#61,#4147,.F.);
#4145=EDGE_CURVE('',#61,#323,#4148,.T.);
#4146=EDGE_CURVE('',#323,#71,#4149,.T.);
#4147=LINE('',#70,#4150);
#4148=LINE('',#60,#4151);
#4149=LINE('',#322,#4152);
#4150=VECTOR('',#4153,1.0);
#4151=VECTOR('',#4154,1.0);
#4152=VECTOR('',#4155,1.0);
#4153=DIRECTION('',(-0.9988954822968691,0.046059010660501394,-0.009294244664356492));
#4154=DIRECTION('',(0.28895110057475,0.957300712497532,0.009088857373644064));
#4155=DIRECTION('',(0.5658362146113287,-0.8245176639916953,0));
#4156=FACE_SURFACE('',(#4161),#4157,.T.);
#4157=PLANE('',#4158);
#4158=AXIS2_PLACEMENT_3D('',#70,#4159,#4160);
#4159=DIRECTION('',(0,0,-1));
#4160=DIRECTION('',(-0.5658362146113287,0.8245176639916953,0));
#4161=FACE_BOUND('',#4162,.T.);
#4162=EDGE_LOOP('',(#4163,#4164,#4165));
#4163=ORIENTED_EDGE('',*,*,#4166,.T.);
#4164=ORIENTED_EDGE('',*,*,#4167,.T.);
#4165=ORIENTED_EDGE('',*,*,#4168,.T.);
#4166=EDGE_CURVE('',#71,#323,#4169,.F.);
#4167=EDGE_CURVE('',#323,#343,#4170,.T.);
#4168=EDGE_CURVE('',#343,#71,#4171,.T.);
#4169=LINE('',#70,#4172);
#4170=LINE('',#322,#4173);
#4171=LINE('',#342,#4174);
#4172=VECTOR('',#4175,1.0);
#4173=VECTOR('',#4176,1.0);
#4174=VECTOR('',#4177,1.0);
#4175=DIRECTION('',(-0.5658362146113287,0.8245176639916953,0));
#4176=DIRECTION('',(0.956929788777607,-0.2903194436307093,0));
#4177=DIRECTION('',(0.5406190655828157,-0.8412675115136465,0));
#4178=FACE_SURFACE('',(#4183),#4179,.T.);
#4179=PLANE('',#4180);
#4180=AXIS2_PLACEMENT_3D('',#344,#4181,#4182);
#4181=DIRECTION('',(0,0,-1));
#4182=DIRECTION('',(0.995184510820053,0.09801933188841773,0));
#4183=FACE_BOUND('',#4184,.T.);
#4184=EDGE_LOOP('',(#4185,#4186,#4187));
#4185=ORIENTED_EDGE('',*,*,#4188,.T.);
#4186=ORIENTED_EDGE('',*,*,#4189,.T.);
#4187=ORIENTED_EDGE('',*,*,#4190,.T.);
#4188=EDGE_CURVE('',#345,#341,#4191,.F.);
#4189=EDGE_CURVE('',#341,#71,#4192,.T.);
#4190=EDGE_CURVE('',#71,#345,#4193,.T.);
#4191=LINE('',#344,#4194);
#4192=LINE('',#340,#4195);
#4193=LINE('',#70,#4196);
#4194=VECTOR('',#4197,1.0);
#4195=VECTOR('',#4198,1.0);
#4196=VECTOR('',#4199,1.0);
#4197=DIRECTION('',(0.995184510820053,0.09801933188841773,0));
#4198=DIRECTION('',(0.4669009577795492,-0.8843096152505295,0));
#4199=DIRECTION('',(-0.5072699058635357,0.8617872374346232,0));
#4200=FACE_SURFACE('',(#4205),#4201,.T.);
#4201=PLANE('',#4202);
#4202=AXIS2_PLACEMENT_3D('',#70,#4203,#4204);
#4203=DIRECTION('',(0,0,-1));
#4204=DIRECTION('',(-0.5406190655828157,0.8412675115136465,0));
#4205=FACE_BOUND('',#4206,.T.);
#4206=EDGE_LOOP('',(#4207,#4208,#4209));
#4207=ORIENTED_EDGE('',*,*,#4210,.T.);
#4208=ORIENTED_EDGE('',*,*,#4211,.T.);
#4209=ORIENTED_EDGE('',*,*,#4212,.T.);
#4210=EDGE_CURVE('',#71,#343,#4213,.F.);
#4211=EDGE_CURVE('',#343,#345,#4214,.T.);
#4212=EDGE_CURVE('',#345,#71,#4215,.T.);
#4213=LINE('',#70,#4216);
#4214=LINE('',#342,#4217);
#4215=LINE('',#344,#4218);
#4216=VECTOR('',#4219,1.0);
#4217=VECTOR('',#4220,1.0);
#4218=VECTOR('',#4221,1.0);
#4219=DIRECTION('',(-0.5406190655828157,0.8412675115136465,0));
#4220=DIRECTION('',(0.9951850647424347,-0.09801370778414571,0));
#4221=DIRECTION('',(0.5072699058635357,-0.8617872374346232,0));
#4222=FACE_SURFACE('',(#4227),#4223,.T.);
#4223=PLANE('',#4224);
#4224=AXIS2_PLACEMENT_3D('',#282,#4225,#4226);
#4225=DIRECTION('',(-0.09801933188841773,-0.995184510820053,0));
#4226=DIRECTION('',(0,0,1));
#4227=FACE_BOUND('',#4228,.T.);
#4228=EDGE_LOOP('',(#4229,#4230,#4231));
#4229=ORIENTED_EDGE('',*,*,#4232,.T.);
#4230=ORIENTED_EDGE('',*,*,#4233,.T.);
#4231=ORIENTED_EDGE('',*,*,#4234,.T.);
#4232=EDGE_CURVE('',#283,#141,#4235,.F.);
#4233=EDGE_CURVE('',#141,#137,#4236,.T.);
#4234=EDGE_CURVE('',#137,#283,#4237,.T.);
#4235=LINE('',#282,#4238);
#4236=LINE('',#140,#4239);
#4237=LINE('',#136,#4240);
#4238=VECTOR('',#4241,1.0);
#4239=VECTOR('',#4242,1.0);
#4240=VECTOR('',#4243,1.0);
#4241=DIRECTION('',(0,0,1));
#4242=DIRECTION('',(-0.995184510820053,0.09801933188841773,0));
#4243=DIRECTION('',(0.039258804827313976,-0.0038667420745326624,-0.9992215943169263));
#4244=FACE_SURFACE('',(#4249),#4245,.T.);
#4245=PLANE('',#4246);
#4246=AXIS2_PLACEMENT_3D('',#282,#4247,#4248);
#4247=DIRECTION('',(-0.09801933188841773,-0.995184510820053,0));
#4248=DIRECTION('',(-0.039258804827313976,0.0038667420745326624,0.9992215943169263));
#4249=FACE_BOUND('',#4250,.T.);
#4250=EDGE_LOOP('',(#4251,#4252,#4253));
#4251=ORIENTED_EDGE('',*,*,#4254,.T.);
#4252=ORIENTED_EDGE('',*,*,#4255,.T.);
#4253=ORIENTED_EDGE('',*,*,#4256,.T.);
#4254=EDGE_CURVE('',#283,#137,#4257,.F.);
#4255=EDGE_CURVE('',#137,#287,#4258,.T.);
#4256=EDGE_CURVE('',#287,#283,#4259,.T.);
#4257=LINE('',#282,#4260);
#4258=LINE('',#136,#4261);
#4259=LINE('',#286,#4262);
#4260=VECTOR('',#4263,1.0);
#4261=VECTOR('',#4264,1.0);
#4262=VECTOR('',#4265,1.0);
#4263=DIRECTION('',(-0.039258804827313976,0.0038667420745326624,0.9992215943169263));
#4264=DIRECTION('',(0,0,-1));
#4265=DIRECTION('',(0.995184510820053,-0.09801933188841773,0));
#4266=FACE_SURFACE('',(#4271),#4267,.T.);
#4267=PLANE('',#4268);
#4268=AXIS2_PLACEMENT_3D('',#278,#4269,#4270);
#4269=DIRECTION('',(-0.2902742102099878,-0.9569435108129256,0));
#4270=DIRECTION('',(0,0,1));
#4271=FACE_BOUND('',#4272,.T.);
#4272=EDGE_LOOP('',(#4273,#4274,#4275));
#4273=ORIENTED_EDGE('',*,*,#4276,.T.);
#4274=ORIENTED_EDGE('',*,*,#4277,.T.);
#4275=ORIENTED_EDGE('',*,*,#4278,.T.);
#4276=EDGE_CURVE('',#279,#145,#4279,.F.);
#4277=EDGE_CURVE('',#145,#141,#4280,.T.);
#4278=EDGE_CURVE('',#141,#279,#4281,.T.);
#4279=LINE('',#278,#4282);
#4280=LINE('',#144,#4283);
#4281=LINE('',#140,#4284);
#4282=VECTOR('',#4285,1.0);
#4283=VECTOR('',#4286,1.0);
#4284=VECTOR('',#4287,1.0);
#4285=DIRECTION('',(0,0,1));
#4286=DIRECTION('',(-0.9569435108129255,0.2902742102099877,0));
#4287=DIRECTION('',(0.037753045605898476,-0.011451810240046833,-0.9992214787471819));
#4288=FACE_SURFACE('',(#4293),#4289,.T.);
#4289=PLANE('',#4290);
#4290=AXIS2_PLACEMENT_3D('',#278,#4291,#4292);
#4291=DIRECTION('',(-0.2902742102099878,-0.9569435108129256,0));
#4292=DIRECTION('',(-0.037753045605898476,0.011451810240046833,0.9992214787471819));
#4293=FACE_BOUND('',#4294,.T.);
#4294=EDGE_LOOP('',(#4295,#4296,#4297));
#4295=ORIENTED_EDGE('',*,*,#4298,.T.);
#4296=ORIENTED_EDGE('',*,*,#4299,.T.);
#4297=ORIENTED_EDGE('',*,*,#4300,.T.);
#4298=EDGE_CURVE('',#279,#141,#4301,.F.);
#4299=EDGE_CURVE('',#141,#283,#4302,.T.);
#4300=EDGE_CURVE('',#283,#279,#4303,.T.);
#4301=LINE('',#278,#4304);
#4302=LINE('',#140,#4305);
#4303=LINE('',#282,#4306);
#4304=VECTOR('',#4307,1.0);
#4305=VECTOR('',#4308,1.0);
#4306=VECTOR('',#4309,1.0);
#4307=DIRECTION('',(-0.037753045605898476,0.011451810240046833,0.9992214787471819));
#4308=DIRECTION('',(0,0,-1));
#4309=DIRECTION('',(0.9569435108129255,-0.2902742102099877,0));
#4310=FACE_SURFACE('',(#4315),#4311,.T.);
#4311=PLANE('',#4312);
#4312=AXIS2_PLACEMENT_3D('',#274,#4313,#4314);
#4313=DIRECTION('',(-0.47139080224195967,-0.8819244364239385,0));
#4314=DIRECTION('',(0,0,1));
#4315=FACE_BOUND('',#4316,.T.);
#4316=EDGE_LOOP('',(#4317,#4318,#4319));
#4317=ORIENTED_EDGE('',*,*,#4320,.T.);
#4318=ORIENTED_EDGE('',*,*,#4321,.T.);
#4319=ORIENTED_EDGE('',*,*,#4322,.T.);
#4320=EDGE_CURVE('',#275,#149,#4323,.F.);
#4321=EDGE_CURVE('',#149,#145,#4324,.T.);
#4322=EDGE_CURVE('',#145,#275,#4325,.T.);
#4323=LINE('',#274,#4326);
#4324=LINE('',#148,#4327);
#4325=LINE('',#144,#4328);
#4326=VECTOR('',#4329,1.0);
#4327=VECTOR('',#4330,1.0);
#4328=VECTOR('',#4331,1.0);
#4329=DIRECTION('',(0,0,1));
#4330=DIRECTION('',(-0.8819244364239385,0.47139080224195967,0));
#4331=DIRECTION('',(0.0347915792927979,-0.01859618556505573,-0.9992215609627041));
#4332=FACE_SURFACE('',(#4337),#4333,.T.);
#4333=PLANE('',#4334);
#4334=AXIS2_PLACEMENT_3D('',#274,#4335,#4336);
#4335=DIRECTION('',(-0.47139080224195967,-0.8819244364239385,0));
#4336=DIRECTION('',(-0.0347915792927979,0.01859618556505573,0.9992215609627041));
#4337=FACE_BOUND('',#4338,.T.);
#4338=EDGE_LOOP('',(#4339,#4340,#4341));
#4339=ORIENTED_EDGE('',*,*,#4342,.T.);
#4340=ORIENTED_EDGE('',*,*,#4343,.T.);
#4341=ORIENTED_EDGE('',*,*,#4344,.T.);
#4342=EDGE_CURVE('',#275,#145,#4345,.F.);
#4343=EDGE_CURVE('',#145,#279,#4346,.T.);
#4344=EDGE_CURVE('',#279,#275,#4347,.T.);
#4345=LINE('',#274,#4348);
#4346=LINE('',#144,#4349);
#4347=LINE('',#278,#4350);
#4348=VECTOR('',#4351,1.0);
#4349=VECTOR('',#4352,1.0);
#4350=VECTOR('',#4353,1.0);
#4351=DIRECTION('',(-0.0347915792927979,0.01859618556505573,0.9992215609627041));
#4352=DIRECTION('',(0,0,-1));
#4353=DIRECTION('',(0.8819244364239385,-0.47139080224195967,0));
#4354=FACE_SURFACE('',(#4359),#4355,.T.);
#4355=PLANE('',#4356);
#4356=AXIS2_PLACEMENT_3D('',#270,#4357,#4358);
#4357=DIRECTION('',(-0.6344184400584502,-0.7729898077683837,0));
#4358=DIRECTION('',(0,0,1));
#4359=FACE_BOUND('',#4360,.T.);
#4360=EDGE_LOOP('',(#4361,#4362,#4363));
#4361=ORIENTED_EDGE('',*,*,#4364,.T.);
#4362=ORIENTED_EDGE('',*,*,#4365,.T.);
#4363=ORIENTED_EDGE('',*,*,#4366,.T.);
#4364=EDGE_CURVE('',#271,#153,#4367,.F.);
#4365=EDGE_CURVE('',#153,#149,#4368,.T.);
#4366=EDGE_CURVE('',#149,#271,#4369,.T.);
#4367=LINE('',#270,#4370);
#4368=LINE('',#152,#4371);
#4369=LINE('',#148,#4372);
#4370=VECTOR('',#4373,1.0);
#4371=VECTOR('',#4374,1.0);
#4372=VECTOR('',#4375,1.0);
#4373=DIRECTION('',(0,0,1));
#4374=DIRECTION('',(-0.7729898077683837,0.6344184400584502,0));
#4375=DIRECTION('',(0.03049267437121406,-0.02502635185274321,-0.9992216363363203));
#4376=FACE_SURFACE('',(#4381),#4377,.T.);
#4377=PLANE('',#4378);
#4378=AXIS2_PLACEMENT_3D('',#270,#4379,#4380);
#4379=DIRECTION('',(-0.6344184400584502,-0.7729898077683837,0));
#4380=DIRECTION('',(-0.03049267437121406,0.02502635185274321,0.9992216363363203));
#4381=FACE_BOUND('',#4382,.T.);
#4382=EDGE_LOOP('',(#4383,#4384,#4385));
#4383=ORIENTED_EDGE('',*,*,#4386,.T.);
#4384=ORIENTED_EDGE('',*,*,#4387,.T.);
#4385=ORIENTED_EDGE('',*,*,#4388,.T.);
#4386=EDGE_CURVE('',#271,#149,#4389,.F.);
#4387=EDGE_CURVE('',#149,#275,#4390,.T.);
#4388=EDGE_CURVE('',#275,#271,#4391,.T.);
#4389=LINE('',#270,#4392);
#4390=LINE('',#148,#4393);
#4391=LINE('',#274,#4394);
#4392=VECTOR('',#4395,1.0);
#4393=VECTOR('',#4396,1.0);
#4394=VECTOR('',#4397,1.0);
#4395=DIRECTION('',(-0.03049267437121406,0.02502635185274321,0.9992216363363203));
#4396=DIRECTION('',(0,0,-1));
#4397=DIRECTION('',(0.7729898077683837,-0.6344184400584502,0));
#4398=FACE_SURFACE('',(#4403),#4399,.T.);
#4399=PLANE('',#4400);
#4400=AXIS2_PLACEMENT_3D('',#156,#4401,#4402);
#4401=DIRECTION('',(-0.7730059449332992,-0.6343987776610048,0));
#4402=DIRECTION('',(-0.6343987776610048,0.7730059449332992,0));
#4403=FACE_BOUND('',#4404,.T.);
#4404=EDGE_LOOP('',(#4405,#4406,#4407));
#4405=ORIENTED_EDGE('',*,*,#4408,.T.);
#4406=ORIENTED_EDGE('',*,*,#4409,.T.);
#4407=ORIENTED_EDGE('',*,*,#4410,.T.);
#4408=EDGE_CURVE('',#157,#153,#4411,.F.);
#4409=EDGE_CURVE('',#153,#271,#4412,.T.);
#4410=EDGE_CURVE('',#271,#157,#4413,.T.);
#4411=LINE('',#156,#4414);
#4412=LINE('',#152,#4415);
#4413=LINE('',#270,#4416);
#4414=VECTOR('',#4417,1.0);
#4415=VECTOR('',#4418,1.0);
#4416=VECTOR('',#4419,1.0);
#4417=DIRECTION('',(-0.6343987776610048,0.7730059449332992,0));
#4418=DIRECTION('',(0,0,-1));
#4419=DIRECTION('',(0.025026918399283962,-0.03049494637637009,0.9992215528104555));
#4420=FACE_SURFACE('',(#4425),#4421,.T.);
#4421=PLANE('',#4422);
#4422=AXIS2_PLACEMENT_3D('',#156,#4423,#4424);
#4423=DIRECTION('',(-0.7730059449332992,-0.6343987776610048,-0));
#4424=DIRECTION('',(-0.025026918399283962,0.03049494637637009,-0.9992215528104555));
#4425=FACE_BOUND('',#4426,.T.);
#4426=EDGE_LOOP('',(#4427,#4428,#4429));
#4427=ORIENTED_EDGE('',*,*,#4430,.T.);
#4428=ORIENTED_EDGE('',*,*,#4431,.T.);
#4429=ORIENTED_EDGE('',*,*,#4432,.T.);
#4430=EDGE_CURVE('',#157,#271,#4433,.F.);
#4431=EDGE_CURVE('',#271,#267,#4434,.T.);
#4432=EDGE_CURVE('',#267,#157,#4435,.T.);
#4433=LINE('',#156,#4436);
#4434=LINE('',#270,#4437);
#4435=LINE('',#266,#4438);
#4436=VECTOR('',#4439,1.0);
#4437=VECTOR('',#4440,1.0);
#4438=VECTOR('',#4441,1.0);
#4439=DIRECTION('',(-0.025026918399283962,0.03049494637637009,-0.9992215528104555));
#4440=DIRECTION('',(0.6343987776610048,-0.7730059449332992,0));
#4441=DIRECTION('',(0,0,1));
#4442=FACE_SURFACE('',(#4447),#4443,.T.);
#4443=PLANE('',#4444);
#4444=AXIS2_PLACEMENT_3D('',#160,#4445,#4446);
#4445=DIRECTION('',(-0.8819184439217126,-0.4714020134351413,0));
#4446=DIRECTION('',(-0.4714020134351413,0.8819184439217125,0));
#4447=FACE_BOUND('',#4448,.T.);
#4448=EDGE_LOOP('',(#4449,#4450,#4451));
#4449=ORIENTED_EDGE('',*,*,#4452,.T.);
#4450=ORIENTED_EDGE('',*,*,#4453,.T.);
#4451=ORIENTED_EDGE('',*,*,#4454,.T.);
#4452=EDGE_CURVE('',#161,#157,#4455,.F.);
#4453=EDGE_CURVE('',#157,#267,#4456,.T.);
#4454=EDGE_CURVE('',#267,#161,#4457,.T.);
#4455=LINE('',#160,#4458);
#4456=LINE('',#156,#4459);
#4457=LINE('',#266,#4460);
#4458=VECTOR('',#4461,1.0);
#4459=VECTOR('',#4462,1.0);
#4460=VECTOR('',#4463,1.0);
#4461=DIRECTION('',(-0.4714020134351413,0.8819184439217125,0));
#4462=DIRECTION('',(0,0,-1));
#4463=DIRECTION('',(0.018596754006922598,-0.03479157892488846,0.9992215503962668));
#4464=FACE_SURFACE('',(#4469),#4465,.T.);
#4465=PLANE('',#4466);
#4466=AXIS2_PLACEMENT_3D('',#160,#4467,#4468);
#4467=DIRECTION('',(-0.8819184439217126,-0.4714020134351413,-0));
#4468=DIRECTION('',(-0.018596754006922598,0.03479157892488846,-0.9992215503962668));
#4469=FACE_BOUND('',#4470,.T.);
#4470=EDGE_LOOP('',(#4471,#4472,#4473));
#4471=ORIENTED_EDGE('',*,*,#4474,.T.);
#4472=ORIENTED_EDGE('',*,*,#4475,.T.);
#4473=ORIENTED_EDGE('',*,*,#4476,.T.);
#4474=EDGE_CURVE('',#161,#267,#4477,.F.);
#4475=EDGE_CURVE('',#267,#263,#4478,.T.);
#4476=EDGE_CURVE('',#263,#161,#4479,.T.);
#4477=LINE('',#160,#4480);
#4478=LINE('',#266,#4481);
#4479=LINE('',#262,#4482);
#4480=VECTOR('',#4483,1.0);
#4481=VECTOR('',#4484,1.0);
#4482=VECTOR('',#4485,1.0);
#4483=DIRECTION('',(-0.018596754006922598,0.03479157892488846,-0.9992215503962668));
#4484=DIRECTION('',(0.4714020134351413,-0.8819184439217125,0));
#4485=DIRECTION('',(0,0,1));
#4486=FACE_SURFACE('',(#4491),#4487,.T.);
#4487=PLANE('',#4488);
#4488=AXIS2_PLACEMENT_3D('',#164,#4489,#4490);
#4489=DIRECTION('',(-0.9569506643238057,-0.2902506262701716,0));
#4490=DIRECTION('',(-0.2902506262701716,0.9569506643238057,0));
#4491=FACE_BOUND('',#4492,.T.);
#4492=EDGE_LOOP('',(#4493,#4494,#4495));
#4493=ORIENTED_EDGE('',*,*,#4496,.T.);
#4494=ORIENTED_EDGE('',*,*,#4497,.T.);
#4495=ORIENTED_EDGE('',*,*,#4498,.T.);
#4496=EDGE_CURVE('',#165,#161,#4499,.F.);
#4497=EDGE_CURVE('',#161,#263,#4500,.T.);
#4498=EDGE_CURVE('',#263,#165,#4501,.T.);
#4499=LINE('',#164,#4502);
#4500=LINE('',#160,#4503);
#4501=LINE('',#262,#4504);
#4502=VECTOR('',#4505,1.0);
#4503=VECTOR('',#4506,1.0);
#4504=VECTOR('',#4507,1.0);
#4505=DIRECTION('',(-0.2902506262701716,0.9569506643238057,0));
#4506=DIRECTION('',(0,0,-1));
#4507=DIRECTION('',(0.011450105531499876,-0.037750775031049545,0.9992215840682549));
#4508=FACE_SURFACE('',(#4513),#4509,.T.);
#4509=PLANE('',#4510);
#4510=AXIS2_PLACEMENT_3D('',#164,#4511,#4512);
#4511=DIRECTION('',(-0.9569506643238057,-0.2902506262701716,-0));
#4512=DIRECTION('',(-0.011450105531499876,0.037750775031049545,-0.9992215840682549));
#4513=FACE_BOUND('',#4514,.T.);
#4514=EDGE_LOOP('',(#4515,#4516,#4517));
#4515=ORIENTED_EDGE('',*,*,#4518,.T.);
#4516=ORIENTED_EDGE('',*,*,#4519,.T.);
#4517=ORIENTED_EDGE('',*,*,#4520,.T.);
#4518=EDGE_CURVE('',#165,#263,#4521,.F.);
#4519=EDGE_CURVE('',#263,#259,#4522,.T.);
#4520=EDGE_CURVE('',#259,#165,#4523,.T.);
#4521=LINE('',#164,#4524);
#4522=LINE('',#262,#4525);
#4523=LINE('',#258,#4526);
#4524=VECTOR('',#4527,1.0);
#4525=VECTOR('',#4528,1.0);
#4526=VECTOR('',#4529,1.0);
#4527=DIRECTION('',(-0.011450105531499876,0.037750775031049545,-0.9992215840682549));
#4528=DIRECTION('',(0.2902506262701716,-0.9569506643238057,0));
#4529=DIRECTION('',(0,0,1));
#4530=FACE_SURFACE('',(#4535),#4531,.T.);
#4531=PLANE('',#4532);
#4532=AXIS2_PLACEMENT_3D('',#168,#4533,#4534);
#4533=DIRECTION('',(-0.9951791620824498,-0.09807362212579283,0));
#4534=DIRECTION('',(-0.09807362212579283,0.9951791620824499,0));
#4535=FACE_BOUND('',#4536,.T.);
#4536=EDGE_LOOP('',(#4537,#4538,#4539));
#4537=ORIENTED_EDGE('',*,*,#4540,.T.);
#4538=ORIENTED_EDGE('',*,*,#4541,.T.);
#4539=ORIENTED_EDGE('',*,*,#4542,.T.);
#4540=EDGE_CURVE('',#169,#165,#4543,.F.);
#4541=EDGE_CURVE('',#165,#259,#4544,.T.);
#4542=EDGE_CURVE('',#259,#169,#4545,.T.);
#4543=LINE('',#168,#4546);
#4544=LINE('',#164,#4547);
#4545=LINE('',#258,#4548);
#4546=VECTOR('',#4549,1.0);
#4547=VECTOR('',#4550,1.0);
#4548=VECTOR('',#4551,1.0);
#4549=DIRECTION('',(-0.09807362212579283,0.9951791620824499,0));
#4550=DIRECTION('',(0,0,-1));
#4551=DIRECTION('',(0.003869016421908823,-0.03925994000608891,0.9992215409120468));
#4552=FACE_SURFACE('',(#4557),#4553,.T.);
#4553=PLANE('',#4554);
#4554=AXIS2_PLACEMENT_3D('',#168,#4555,#4556);
#4555=DIRECTION('',(-0.9951791620824498,-0.09807362212579283,-0));
#4556=DIRECTION('',(-0.003869016421908823,0.03925994000608891,-0.9992215409120468));
#4557=FACE_BOUND('',#4558,.T.);
#4558=EDGE_LOOP('',(#4559,#4560,#4561));
#4559=ORIENTED_EDGE('',*,*,#4562,.T.);
#4560=ORIENTED_EDGE('',*,*,#4563,.T.);
#4561=ORIENTED_EDGE('',*,*,#4564,.T.);
#4562=EDGE_CURVE('',#169,#259,#4565,.F.);
#4563=EDGE_CURVE('',#259,#255,#4566,.T.);
#4564=EDGE_CURVE('',#255,#169,#4567,.T.);
#4565=LINE('',#168,#4568);
#4566=LINE('',#258,#4569);
#4567=LINE('',#254,#4570);
#4568=VECTOR('',#4571,1.0);
#4569=VECTOR('',#4572,1.0);
#4570=VECTOR('',#4573,1.0);
#4571=DIRECTION('',(-0.003869016421908823,0.03925994000608891,-0.9992215409120468));
#4572=DIRECTION('',(0.09807362212579283,-0.9951791620824499,0));
#4573=DIRECTION('',(0,0,1));
#4574=FACE_SURFACE('',(#4579),#4575,.T.);
#4575=PLANE('',#4576);
#4576=AXIS2_PLACEMENT_3D('',#190,#4577,#4578);
#4577=DIRECTION('',(-0.9951788847880965,0.09807643586469016,0));
#4578=DIRECTION('',(0.09807643586469016,0.9951788847880965,0));
#4579=FACE_BOUND('',#4580,.T.);
#4580=EDGE_LOOP('',(#4581,#4582,#4583));
#4581=ORIENTED_EDGE('',*,*,#4584,.T.);
#4582=ORIENTED_EDGE('',*,*,#4585,.T.);
#4583=ORIENTED_EDGE('',*,*,#4586,.T.);
#4584=EDGE_CURVE('',#191,#169,#4587,.F.);
#4585=EDGE_CURVE('',#169,#255,#4588,.T.);
#4586=EDGE_CURVE('',#255,#191,#4589,.T.);
#4587=LINE('',#190,#4590);
#4588=LINE('',#168,#4591);
#4589=LINE('',#254,#4592);
#4590=VECTOR('',#4593,1.0);
#4591=VECTOR('',#4594,1.0);
#4592=VECTOR('',#4595,1.0);
#4593=DIRECTION('',(0.09807643586469016,0.9951788847880965,0));
#4594=DIRECTION('',(0,0,-1));
#4595=DIRECTION('',(-0.003869016594655701,-0.03925880448192675,0.9992215855260735));
#4596=FACE_SURFACE('',(#4601),#4597,.T.);
#4597=PLANE('',#4598);
#4598=AXIS2_PLACEMENT_3D('',#190,#4599,#4600);
#4599=DIRECTION('',(-0.9951788847880965,0.09807643586469016,0));
#4600=DIRECTION('',(0.003869016594655701,0.03925880448192675,-0.9992215855260735));
#4601=FACE_BOUND('',#4602,.T.);
#4602=EDGE_LOOP('',(#4603,#4604,#4605));
#4603=ORIENTED_EDGE('',*,*,#4606,.T.);
#4604=ORIENTED_EDGE('',*,*,#4607,.T.);
#4605=ORIENTED_EDGE('',*,*,#4608,.T.);
#4606=EDGE_CURVE('',#191,#255,#4609,.F.);
#4607=EDGE_CURVE('',#255,#253,#4610,.T.);
#4608=EDGE_CURVE('',#253,#191,#4611,.T.);
#4609=LINE('',#190,#4612);
#4610=LINE('',#254,#4613);
#4611=LINE('',#252,#4614);
#4612=VECTOR('',#4615,1.0);
#4613=VECTOR('',#4616,1.0);
#4614=VECTOR('',#4617,1.0);
#4615=DIRECTION('',(0.003869016594655701,0.03925880448192675,-0.9992215855260735));
#4616=DIRECTION('',(-0.09807643586469016,-0.9951788847880965,0));
#4617=DIRECTION('',(0,0,1));
#4618=FACE_SURFACE('',(#4623),#4619,.T.);
#4619=PLANE('',#4620);
#4620=AXIS2_PLACEMENT_3D('',#188,#4621,#4622);
#4621=DIRECTION('',(-0.9569530929368197,0.2902426190597349,0));
#4622=DIRECTION('',(0.2902426190597349,0.9569530929368197,0));
#4623=FACE_BOUND('',#4624,.T.);
#4624=EDGE_LOOP('',(#4625,#4626,#4627));
#4625=ORIENTED_EDGE('',*,*,#4628,.T.);
#4626=ORIENTED_EDGE('',*,*,#4629,.T.);
#4627=ORIENTED_EDGE('',*,*,#4630,.T.);
#4628=EDGE_CURVE('',#189,#191,#4631,.F.);
#4629=EDGE_CURVE('',#191,#253,#4632,.T.);
#4630=EDGE_CURVE('',#253,#189,#4633,.T.);
#4631=LINE('',#188,#4634);
#4632=LINE('',#190,#4635);
#4633=LINE('',#252,#4636);
#4634=VECTOR('',#4637,1.0);
#4635=VECTOR('',#4638,1.0);
#4636=VECTOR('',#4639,1.0);
#4637=DIRECTION('',(0.2902426190597349,0.9569530929368197,0));
#4638=DIRECTION('',(0,0,-1));
#4639=DIRECTION('',(-0.011450105039904082,-0.03775191068728804,0.9992215411679405));
#4640=FACE_SURFACE('',(#4645),#4641,.T.);
#4641=PLANE('',#4642);
#4642=AXIS2_PLACEMENT_3D('',#188,#4643,#4644);
#4643=DIRECTION('',(-0.9569530929368197,0.2902426190597349,0));
#4644=DIRECTION('',(0.011450105039904082,0.03775191068728804,-0.9992215411679405));
#4645=FACE_BOUND('',#4646,.T.);
#4646=EDGE_LOOP('',(#4647,#4648,#4649));
#4647=ORIENTED_EDGE('',*,*,#4650,.T.);
#4648=ORIENTED_EDGE('',*,*,#4651,.T.);
#4649=ORIENTED_EDGE('',*,*,#4652,.T.);
#4650=EDGE_CURVE('',#189,#253,#4653,.F.);
#4651=EDGE_CURVE('',#253,#247,#4654,.T.);
#4652=EDGE_CURVE('',#247,#189,#4655,.T.);
#4653=LINE('',#188,#4656);
#4654=LINE('',#252,#4657);
#4655=LINE('',#246,#4658);
#4656=VECTOR('',#4659,1.0);
#4657=VECTOR('',#4660,1.0);
#4658=VECTOR('',#4661,1.0);
#4659=DIRECTION('',(0.011450105039904082,0.03775191068728804,-0.9992215411679405));
#4660=DIRECTION('',(-0.2902426190597349,-0.9569530929368197,0));
#4661=DIRECTION('',(0,0,1));
#4662=FACE_SURFACE('',(#4667),#4663,.T.);
#4663=PLANE('',#4664);
#4664=AXIS2_PLACEMENT_3D('',#182,#4665,#4666);
#4665=DIRECTION('',(-0.8819120374342053,0.47141399876186213,0));
#4666=DIRECTION('',(0.4714139987618622,0.8819120374342053,0));
#4667=FACE_BOUND('',#4668,.T.);
#4668=EDGE_LOOP('',(#4669,#4670,#4671));
#4669=ORIENTED_EDGE('',*,*,#4672,.T.);
#4670=ORIENTED_EDGE('',*,*,#4673,.T.);
#4671=ORIENTED_EDGE('',*,*,#4674,.T.);
#4672=EDGE_CURVE('',#183,#189,#4675,.F.);
#4673=EDGE_CURVE('',#189,#247,#4676,.T.);
#4674=EDGE_CURVE('',#247,#183,#4677,.T.);
#4675=LINE('',#182,#4678);
#4676=LINE('',#188,#4679);
#4677=LINE('',#246,#4680);
#4678=VECTOR('',#4681,1.0);
#4679=VECTOR('',#4682,1.0);
#4680=VECTOR('',#4683,1.0);
#4681=DIRECTION('',(0.4714139987618622,0.8819120374342053,0));
#4682=DIRECTION('',(0,0,-1));
#4683=DIRECTION('',(-0.018596754742740723,-0.03479044302441178,0.9992215899324852));
#4684=FACE_SURFACE('',(#4689),#4685,.T.);
#4685=PLANE('',#4686);
#4686=AXIS2_PLACEMENT_3D('',#182,#4687,#4688);
#4687=DIRECTION('',(-0.8819120374342053,0.47141399876186213,0));
#4688=DIRECTION('',(0.018596754742740723,0.03479044302441178,-0.9992215899324852));
#4689=FACE_BOUND('',#4690,.T.);
#4690=EDGE_LOOP('',(#4691,#4692,#4693));
#4691=ORIENTED_EDGE('',*,*,#4694,.T.);
#4692=ORIENTED_EDGE('',*,*,#4695,.T.);
#4693=ORIENTED_EDGE('',*,*,#4696,.T.);
#4694=EDGE_CURVE('',#183,#247,#4697,.F.);
#4695=EDGE_CURVE('',#247,#245,#4698,.T.);
#4696=EDGE_CURVE('',#245,#183,#4699,.T.);
#4697=LINE('',#182,#4700);
#4698=LINE('',#246,#4701);
#4699=LINE('',#244,#4702);
#4700=VECTOR('',#4703,1.0);
#4701=VECTOR('',#4704,1.0);
#4702=VECTOR('',#4705,1.0);
#4703=DIRECTION('',(0.018596754742740723,0.03479044302441178,-0.9992215899324852));
#4704=DIRECTION('',(-0.4714139987618622,-0.8819120374342053,0));
#4705=DIRECTION('',(0,0,1));
#4706=FACE_SURFACE('',(#4711),#4707,.T.);
#4707=PLANE('',#4708);
#4708=AXIS2_PLACEMENT_3D('',#180,#4709,#4710);
#4709=DIRECTION('',(-0.7730059449332992,0.6343987776610048,0));
#4710=DIRECTION('',(0.6343987776610048,0.7730059449332992,0));
#4711=FACE_BOUND('',#4712,.T.);
#4712=EDGE_LOOP('',(#4713,#4714,#4715));
#4713=ORIENTED_EDGE('',*,*,#4716,.T.);
#4714=ORIENTED_EDGE('',*,*,#4717,.T.);
#4715=ORIENTED_EDGE('',*,*,#4718,.T.);
#4716=EDGE_CURVE('',#181,#183,#4719,.F.);
#4717=EDGE_CURVE('',#183,#245,#4720,.T.);
#4718=EDGE_CURVE('',#245,#181,#4721,.T.);
#4719=LINE('',#180,#4722);
#4720=LINE('',#182,#4723);
#4721=LINE('',#244,#4724);
#4722=VECTOR('',#4725,1.0);
#4723=VECTOR('',#4726,1.0);
#4724=VECTOR('',#4727,1.0);
#4725=DIRECTION('',(0.6343987776610048,0.7730059449332992,0));
#4726=DIRECTION('',(0,0,-1));
#4727=DIRECTION('',(-0.025026918399283962,-0.03049494637637009,0.9992215528104555));
#4728=FACE_SURFACE('',(#4733),#4729,.T.);
#4729=PLANE('',#4730);
#4730=AXIS2_PLACEMENT_3D('',#180,#4731,#4732);
#4731=DIRECTION('',(-0.7730059449332992,0.6343987776610048,0));
#4732=DIRECTION('',(0.025026918399283962,0.03049494637637009,-0.9992215528104555));
#4733=FACE_BOUND('',#4734,.T.);
#4734=EDGE_LOOP('',(#4735,#4736,#4737));
#4735=ORIENTED_EDGE('',*,*,#4738,.T.);
#4736=ORIENTED_EDGE('',*,*,#4739,.T.);
#4737=ORIENTED_EDGE('',*,*,#4740,.T.);
#4738=EDGE_CURVE('',#181,#245,#4741,.F.);
#4739=EDGE_CURVE('',#245,#239,#4742,.T.);
#4740=EDGE_CURVE('',#239,#181,#4743,.T.);
#4741=LINE('',#180,#4744);
#4742=LINE('',#244,#4745);
#4743=LINE('',#238,#4746);
#4744=VECTOR('',#4747,1.0);
#4745=VECTOR('',#4748,1.0);
#4746=VECTOR('',#4749,1.0);
#4747=DIRECTION('',(0.025026918399283962,0.03049494637637009,-0.9992215528104555));
#4748=DIRECTION('',(-0.6343987776610048,-0.7730059449332992,0));
#4749=DIRECTION('',(0,0,1));
#4750=FACE_SURFACE('',(#4755),#4751,.T.);
#4751=PLANE('',#4752);
#4752=AXIS2_PLACEMENT_3D('',#170,#4753,#4754);
#4753=DIRECTION('',(-0.6344270530919986,0.7729827386850254,0));
#4754=DIRECTION('',(0.7729827386850253,0.6344270530919986,0));
#4755=FACE_BOUND('',#4756,.T.);
#4756=EDGE_LOOP('',(#4757,#4758,#4759));
#4757=ORIENTED_EDGE('',*,*,#4760,.T.);
#4758=ORIENTED_EDGE('',*,*,#4761,.T.);
#4759=ORIENTED_EDGE('',*,*,#4762,.T.);
#4760=EDGE_CURVE('',#171,#181,#4763,.F.);
#4761=EDGE_CURVE('',#181,#239,#4764,.T.);
#4762=EDGE_CURVE('',#239,#171,#4765,.T.);
#4763=LINE('',#170,#4766);
#4764=LINE('',#180,#4767);
#4765=LINE('',#238,#4768);
#4766=VECTOR('',#4769,1.0);
#4767=VECTOR('',#4770,1.0);
#4768=VECTOR('',#4771,1.0);
#4769=DIRECTION('',(0.7729827386850253,0.6344270530919986,0));
#4770=DIRECTION('',(0,0,-1));
#4771=DIRECTION('',(-0.030492673937269454,-0.025026920135146635,0.9992216221162872));
#4772=FACE_SURFACE('',(#4777),#4773,.T.);
#4773=PLANE('',#4774);
#4774=AXIS2_PLACEMENT_3D('',#170,#4775,#4776);
#4775=DIRECTION('',(-0.6344270530919986,0.7729827386850254,0));
#4776=DIRECTION('',(0.030492673937269454,0.025026920135146635,-0.9992216221162872));
#4777=FACE_BOUND('',#4778,.T.);
#4778=EDGE_LOOP('',(#4779,#4780,#4781));
#4779=ORIENTED_EDGE('',*,*,#4782,.T.);
#4780=ORIENTED_EDGE('',*,*,#4783,.T.);
#4781=ORIENTED_EDGE('',*,*,#4784,.T.);
#4782=EDGE_CURVE('',#171,#239,#4785,.F.);
#4783=EDGE_CURVE('',#239,#237,#4786,.T.);
#4784=EDGE_CURVE('',#237,#171,#4787,.T.);
#4785=LINE('',#170,#4788);
#4786=LINE('',#238,#4789);
#4787=LINE('',#236,#4790);
#4788=VECTOR('',#4791,1.0);
#4789=VECTOR('',#4792,1.0);
#4790=VECTOR('',#4793,1.0);
#4791=DIRECTION('',(0.030492673937269454,0.025026920135146635,-0.9992216221162872));
#4792=DIRECTION('',(-0.7729827386850253,-0.6344270530919986,0));
#4793=DIRECTION('',(0,0,1));
#4794=FACE_SURFACE('',(#4799),#4795,.T.);
#4795=PLANE('',#4796);
#4796=AXIS2_PLACEMENT_3D('',#172,#4797,#4798);
#4797=DIRECTION('',(-0.4713795908202434,0.8819304288650777,0));
#4798=DIRECTION('',(0.8819304288650777,0.47137959082024333,0));
#4799=FACE_BOUND('',#4800,.T.);
#4800=EDGE_LOOP('',(#4801,#4802,#4803));
#4801=ORIENTED_EDGE('',*,*,#4804,.T.);
#4802=ORIENTED_EDGE('',*,*,#4805,.T.);
#4803=ORIENTED_EDGE('',*,*,#4806,.T.);
#4804=EDGE_CURVE('',#173,#171,#4807,.F.);
#4805=EDGE_CURVE('',#171,#237,#4808,.T.);
#4806=EDGE_CURVE('',#237,#173,#4809,.T.);
#4807=LINE('',#172,#4810);
#4808=LINE('',#170,#4811);
#4809=LINE('',#236,#4812);
#4810=VECTOR('',#4813,1.0);
#4811=VECTOR('',#4814,1.0);
#4812=VECTOR('',#4815,1.0);
#4813=DIRECTION('',(0.8819304288650777,0.47137959082024333,0));
#4814=DIRECTION('',(0,0,-1));
#4815=DIRECTION('',(-0.03479157966069609,-0.018595617123170823,0.9992215715288186));
#4816=FACE_SURFACE('',(#4821),#4817,.T.);
#4817=PLANE('',#4818);
#4818=AXIS2_PLACEMENT_3D('',#172,#4819,#4820);
#4819=DIRECTION('',(-0.4713795908202434,0.8819304288650777,0));
#4820=DIRECTION('',(0.03479157966069609,0.018595617123170823,-0.9992215715288186));
#4821=FACE_BOUND('',#4822,.T.);
#4822=EDGE_LOOP('',(#4823,#4824,#4825));
#4823=ORIENTED_EDGE('',*,*,#4826,.T.);
#4824=ORIENTED_EDGE('',*,*,#4827,.T.);
#4825=ORIENTED_EDGE('',*,*,#4828,.T.);
#4826=EDGE_CURVE('',#173,#237,#4829,.F.);
#4827=EDGE_CURVE('',#237,#235,#4830,.T.);
#4828=EDGE_CURVE('',#235,#173,#4831,.T.);
#4829=LINE('',#172,#4832);
#4830=LINE('',#236,#4833);
#4831=LINE('',#234,#4834);
#4832=VECTOR('',#4835,1.0);
#4833=VECTOR('',#4836,1.0);
#4834=VECTOR('',#4837,1.0);
#4835=DIRECTION('',(0.03479157966069609,0.018595617123170823,-0.9992215715288186));
#4836=DIRECTION('',(-0.8819304288650777,-0.47137959082024333,0));
#4837=DIRECTION('',(0,0,1));
#4838=FACE_SURFACE('',(#4843),#4839,.T.);
#4839=PLANE('',#4840);
#4840=AXIS2_PLACEMENT_3D('',#206,#4841,#4842);
#4841=DIRECTION('',(-0.29028740919173013,0.9569395070038405,0));
#4842=DIRECTION('',(0.9569395070038403,0.2902874091917301,0));
#4843=FACE_BOUND('',#4844,.T.);
#4844=EDGE_LOOP('',(#4845,#4846,#4847));
#4845=ORIENTED_EDGE('',*,*,#4848,.T.);
#4846=ORIENTED_EDGE('',*,*,#4849,.T.);
#4847=ORIENTED_EDGE('',*,*,#4850,.T.);
#4848=EDGE_CURVE('',#207,#173,#4851,.F.);
#4849=EDGE_CURVE('',#173,#235,#4852,.T.);
#4850=EDGE_CURVE('',#235,#207,#4853,.T.);
#4851=LINE('',#206,#4854);
#4852=LINE('',#172,#4855);
#4853=LINE('',#234,#4856);
#4854=VECTOR('',#4857,1.0);
#4855=VECTOR('',#4858,1.0);
#4856=VECTOR('',#4859,1.0);
#4857=DIRECTION('',(0.9569395070038403,0.2902874091917301,0));
#4858=DIRECTION('',(0,0,-1));
#4859=DIRECTION('',(-0.03775304536004681,-0.011452378803942384,0.9992214722401502));
#4860=FACE_SURFACE('',(#4865),#4861,.T.);
#4861=PLANE('',#4862);
#4862=AXIS2_PLACEMENT_3D('',#206,#4863,#4864);
#4863=DIRECTION('',(-0.29028740919173013,0.9569395070038405,0));
#4864=DIRECTION('',(0.03775304536004681,0.011452378803942384,-0.9992214722401502));
#4865=FACE_BOUND('',#4866,.T.);
#4866=EDGE_LOOP('',(#4867,#4868,#4869));
#4867=ORIENTED_EDGE('',*,*,#4870,.T.);
#4868=ORIENTED_EDGE('',*,*,#4871,.T.);
#4869=ORIENTED_EDGE('',*,*,#4872,.T.);
#4870=EDGE_CURVE('',#207,#235,#4873,.F.);
#4871=EDGE_CURVE('',#235,#341,#4874,.T.);
#4872=EDGE_CURVE('',#341,#207,#4875,.T.);
#4873=LINE('',#206,#4876);
#4874=LINE('',#234,#4877);
#4875=LINE('',#340,#4878);
#4876=VECTOR('',#4879,1.0);
#4877=VECTOR('',#4880,1.0);
#4878=VECTOR('',#4881,1.0);
#4879=DIRECTION('',(0.03775304536004681,0.011452378803942384,-0.9992214722401502));
#4880=DIRECTION('',(-0.9569395070038403,-0.2902874091917301,0));
#4881=DIRECTION('',(0,0,1));
#4882=FACE_SURFACE('',(#4887),#4883,.T.);
#4883=PLANE('',#4884);
#4884=AXIS2_PLACEMENT_3D('',#208,#4885,#4886);
#4885=DIRECTION('',(-0.09801933188841773,0.995184510820053,0));
#4886=DIRECTION('',(0.995184510820053,0.09801933188841773,0));
#4887=FACE_BOUND('',#4888,.T.);
#4888=EDGE_LOOP('',(#4889,#4890,#4891));
#4889=ORIENTED_EDGE('',*,*,#4892,.T.);
#4890=ORIENTED_EDGE('',*,*,#4893,.T.);
#4891=ORIENTED_EDGE('',*,*,#4894,.T.);
#4892=EDGE_CURVE('',#209,#207,#4895,.F.);
#4893=EDGE_CURVE('',#207,#341,#4896,.T.);
#4894=EDGE_CURVE('',#341,#209,#4897,.T.);
#4895=LINE('',#208,#4898);
#4896=LINE('',#206,#4899);
#4897=LINE('',#340,#4900);
#4898=VECTOR('',#4901,1.0);
#4899=VECTOR('',#4902,1.0);
#4900=VECTOR('',#4903,1.0);
#4901=DIRECTION('',(0.995184510820053,0.09801933188841773,0));
#4902=DIRECTION('',(0,0,-1));
#4903=DIRECTION('',(-0.039258804827313976,-0.0038667420745326624,0.9992215943169263));
#4904=FACE_SURFACE('',(#4909),#4905,.T.);
#4905=PLANE('',#4906);
#4906=AXIS2_PLACEMENT_3D('',#208,#4907,#4908);
#4907=DIRECTION('',(-0.09801933188841773,0.995184510820053,0));
#4908=DIRECTION('',(0.039258804827313976,0.0038667420745326624,-0.9992215943169263));
#4909=FACE_BOUND('',#4910,.T.);
#4910=EDGE_LOOP('',(#4911,#4912,#4913));
#4911=ORIENTED_EDGE('',*,*,#4914,.T.);
#4912=ORIENTED_EDGE('',*,*,#4915,.T.);
#4913=ORIENTED_EDGE('',*,*,#4916,.T.);
#4914=EDGE_CURVE('',#209,#341,#4917,.F.);
#4915=EDGE_CURVE('',#341,#345,#4918,.T.);
#4916=EDGE_CURVE('',#345,#209,#4919,.T.);
#4917=LINE('',#208,#4920);
#4918=LINE('',#340,#4921);
#4919=LINE('',#344,#4922);
#4920=VECTOR('',#4923,1.0);
#4921=VECTOR('',#4924,1.0);
#4922=VECTOR('',#4925,1.0);
#4923=DIRECTION('',(0.039258804827313976,0.0038667420745326624,-0.9992215943169263));
#4924=DIRECTION('',(-0.995184510820053,-0.09801933188841773,0));
#4925=DIRECTION('',(0,0,1));
#4926=FACE_SURFACE('',(#4931),#4927,.T.);
#4927=PLANE('',#4928);
#4928=AXIS2_PLACEMENT_3D('',#210,#4929,#4930);
#4929=DIRECTION('',(0.09801370778414571,0.9951850647424347,0));
#4930=DIRECTION('',(0.9951850647424347,-0.09801370778414571,0));
#4931=FACE_BOUND('',#4932,.T.);
#4932=EDGE_LOOP('',(#4933,#4934,#4935));
#4933=ORIENTED_EDGE('',*,*,#4936,.T.);
#4934=ORIENTED_EDGE('',*,*,#4937,.T.);
#4935=ORIENTED_EDGE('',*,*,#4938,.T.);
#4936=EDGE_CURVE('',#211,#209,#4939,.F.);
#4937=EDGE_CURVE('',#209,#345,#4940,.T.);
#4938=EDGE_CURVE('',#345,#211,#4941,.T.);
#4939=LINE('',#210,#4942);
#4940=LINE('',#208,#4943);
#4941=LINE('',#344,#4944);
#4942=VECTOR('',#4945,1.0);
#4943=VECTOR('',#4946,1.0);
#4944=VECTOR('',#4947,1.0);
#4945=DIRECTION('',(0.9951850647424347,-0.09801370778414571,0));
#4946=DIRECTION('',(0,0,-1));
#4947=DIRECTION('',(-0.03926107587550611,0.003866741729237031,0.9992215050875842));
#4948=FACE_SURFACE('',(#4953),#4949,.T.);
#4949=PLANE('',#4950);
#4950=AXIS2_PLACEMENT_3D('',#210,#4951,#4952);
#4951=DIRECTION('',(0.09801370778414571,0.9951850647424347,0));
#4952=DIRECTION('',(0.03926107587550611,-0.003866741729237031,-0.9992215050875842));
#4953=FACE_BOUND('',#4954,.T.);
#4954=EDGE_LOOP('',(#4955,#4956,#4957));
#4955=ORIENTED_EDGE('',*,*,#4958,.T.);
#4956=ORIENTED_EDGE('',*,*,#4959,.T.);
#4957=ORIENTED_EDGE('',*,*,#4960,.T.);
#4958=EDGE_CURVE('',#211,#345,#4961,.F.);
#4959=EDGE_CURVE('',#345,#343,#4962,.T.);
#4960=EDGE_CURVE('',#343,#211,#4963,.T.);
#4961=LINE('',#210,#4964);
#4962=LINE('',#344,#4965);
#4963=LINE('',#342,#4966);
#4964=VECTOR('',#4967,1.0);
#4965=VECTOR('',#4968,1.0);
#4966=VECTOR('',#4969,1.0);
#4967=DIRECTION('',(0.03926107587550611,-0.003866741729237031,-0.9992215050875842));
#4968=DIRECTION('',(-0.9951850647424347,0.09801370778414571,0));
#4969=DIRECTION('',(0,0,1));
#4970=FACE_SURFACE('',(#4975),#4971,.T.);
#4971=PLANE('',#4972);
#4972=AXIS2_PLACEMENT_3D('',#204,#4973,#4974);
#4973=DIRECTION('',(0.2903194436307093,0.9569297887776069,0));
#4974=DIRECTION('',(0.956929788777607,-0.2903194436307093,0));
#4975=FACE_BOUND('',#4976,.T.);
#4976=EDGE_LOOP('',(#4977,#4978,#4979));
#4977=ORIENTED_EDGE('',*,*,#4980,.T.);
#4978=ORIENTED_EDGE('',*,*,#4981,.T.);
#4979=ORIENTED_EDGE('',*,*,#4982,.T.);
#4980=EDGE_CURVE('',#205,#211,#4983,.F.);
#4981=EDGE_CURVE('',#211,#343,#4984,.T.);
#4982=EDGE_CURVE('',#343,#205,#4985,.T.);
#4983=LINE('',#204,#4986);
#4984=LINE('',#210,#4987);
#4985=LINE('',#342,#4988);
#4986=VECTOR('',#4989,1.0);
#4987=VECTOR('',#4990,1.0);
#4988=VECTOR('',#4991,1.0);
#4989=DIRECTION('',(0.956929788777607,-0.2903194436307093,0));
#4990=DIRECTION('',(0,0,-1));
#4991=DIRECTION('',(-0.03774850273491829,0.011452380770686525,0.9992216438388207));
#4992=FACE_SURFACE('',(#4997),#4993,.T.);
#4993=PLANE('',#4994);
#4994=AXIS2_PLACEMENT_3D('',#204,#4995,#4996);
#4995=DIRECTION('',(0.2903194436307093,0.9569297887776069,0));
#4996=DIRECTION('',(0.03774850273491829,-0.011452380770686525,-0.9992216438388207));
#4997=FACE_BOUND('',#4998,.T.);
#4998=EDGE_LOOP('',(#4999,#5000,#5001));
#4999=ORIENTED_EDGE('',*,*,#5002,.T.);
#5000=ORIENTED_EDGE('',*,*,#5003,.T.);
#5001=ORIENTED_EDGE('',*,*,#5004,.T.);
#5002=EDGE_CURVE('',#205,#343,#5005,.F.);
#5003=EDGE_CURVE('',#343,#323,#5006,.T.);
#5004=EDGE_CURVE('',#323,#205,#5007,.T.);
#5005=LINE('',#204,#5008);
#5006=LINE('',#342,#5009);
#5007=LINE('',#322,#5010);
#5008=VECTOR('',#5011,1.0);
#5009=VECTOR('',#5012,1.0);
#5010=VECTOR('',#5013,1.0);
#5011=DIRECTION('',(0.03774850273491829,-0.011452380770686525,-0.9992216438388207));
#5012=DIRECTION('',(-0.956929788777607,0.2903194436307093,0));
#5013=DIRECTION('',(0,0,1));
#5014=FACE_SURFACE('',(#5019),#5015,.T.);
#5015=PLANE('',#5016);
#5016=AXIS2_PLACEMENT_3D('',#88,#5017,#5018);
#5017=DIRECTION('',(0.47135562222259164,0.8819432393295804,0));
#5018=DIRECTION('',(0.8819432393295803,-0.47135562222259164,0));
#5019=FACE_BOUND('',#5020,.T.);
#5020=EDGE_LOOP('',(#5021,#5022,#5023));
#5021=ORIENTED_EDGE('',*,*,#5024,.T.);
#5022=ORIENTED_EDGE('',*,*,#5025,.T.);
#5023=ORIENTED_EDGE('',*,*,#5026,.T.);
#5024=EDGE_CURVE('',#89,#205,#5027,.F.);
#5025=EDGE_CURVE('',#205,#323,#5028,.T.);
#5026=EDGE_CURVE('',#323,#89,#5029,.T.);
#5027=LINE('',#88,#5030);
#5028=LINE('',#204,#5031);
#5029=LINE('',#322,#5032);
#5030=VECTOR('',#5033,1.0);
#5031=VECTOR('',#5034,1.0);
#5032=VECTOR('',#5035,1.0);
#5033=DIRECTION('',(0.8819432393295803,-0.47135562222259164,0));
#5034=DIRECTION('',(0,0,-1));
#5035=DIRECTION('',(-0.03479385146129288,0.01859561565155259,0.9992214924525139));
#5036=FACE_SURFACE('',(#5041),#5037,.T.);
#5037=PLANE('',#5038);
#5038=AXIS2_PLACEMENT_3D('',#88,#5039,#5040);
#5039=DIRECTION('',(0.47135562222259164,0.8819432393295804,0));
#5040=DIRECTION('',(0.03479385146129288,-0.01859561565155259,-0.9992214924525139));
#5041=FACE_BOUND('',#5042,.T.);
#5042=EDGE_LOOP('',(#5043,#5044,#5045));
#5043=ORIENTED_EDGE('',*,*,#5046,.T.);
#5044=ORIENTED_EDGE('',*,*,#5047,.T.);
#5045=ORIENTED_EDGE('',*,*,#5048,.T.);
#5046=EDGE_CURVE('',#89,#323,#5049,.F.);
#5047=EDGE_CURVE('',#323,#321,#5050,.T.);
#5048=EDGE_CURVE('',#321,#89,#5051,.T.);
#5049=LINE('',#88,#5052);
#5050=LINE('',#322,#5053);
#5051=LINE('',#320,#5054);
#5052=VECTOR('',#5055,1.0);
#5053=VECTOR('',#5056,1.0);
#5054=VECTOR('',#5057,1.0);
#5055=DIRECTION('',(0.03479385146129288,-0.01859561565155259,-0.9992214924525139));
#5056=DIRECTION('',(-0.8819432393295803,0.47135562222259164,0));
#5057=DIRECTION('',(0,0,1));
#5058=FACE_SURFACE('',(#5063),#5059,.T.);
#5059=PLANE('',#5060);
#5060=AXIS2_PLACEMENT_3D('',#90,#5061,#5062);
#5061=DIRECTION('',(0.6344270530919986,0.7729827386850254,0));
#5062=DIRECTION('',(0.7729827386850253,-0.6344270530919986,0));
#5063=FACE_BOUND('',#5064,.T.);
#5064=EDGE_LOOP('',(#5065,#5066,#5067));
#5065=ORIENTED_EDGE('',*,*,#5068,.T.);
#5066=ORIENTED_EDGE('',*,*,#5069,.T.);
#5067=ORIENTED_EDGE('',*,*,#5070,.T.);
#5068=EDGE_CURVE('',#91,#89,#5071,.F.);
#5069=EDGE_CURVE('',#89,#321,#5072,.T.);
#5070=EDGE_CURVE('',#321,#91,#5073,.T.);
#5071=LINE('',#90,#5074);
#5072=LINE('',#88,#5075);
#5073=LINE('',#320,#5076);
#5074=VECTOR('',#5077,1.0);
#5075=VECTOR('',#5078,1.0);
#5076=VECTOR('',#5079,1.0);
#5077=DIRECTION('',(0.7729827386850253,-0.6344270530919986,0));
#5078=DIRECTION('',(0,0,-1));
#5079=DIRECTION('',(-0.030492673937269454,0.025026920135146635,0.9992216221162872));
#5080=FACE_SURFACE('',(#5085),#5081,.T.);
#5081=PLANE('',#5082);
#5082=AXIS2_PLACEMENT_3D('',#90,#5083,#5084);
#5083=DIRECTION('',(0.6344270530919986,0.7729827386850254,0));
#5084=DIRECTION('',(0.030492673937269454,-0.025026920135146635,-0.9992216221162872));
#5085=FACE_BOUND('',#5086,.T.);
#5086=EDGE_LOOP('',(#5087,#5088,#5089));
#5087=ORIENTED_EDGE('',*,*,#5090,.T.);
#5088=ORIENTED_EDGE('',*,*,#5091,.T.);
#5089=ORIENTED_EDGE('',*,*,#5092,.T.);
#5090=EDGE_CURVE('',#91,#321,#5093,.F.);
#5091=EDGE_CURVE('',#321,#329,#5094,.T.);
#5092=EDGE_CURVE('',#329,#91,#5095,.T.);
#5093=LINE('',#90,#5096);
#5094=LINE('',#320,#5097);
#5095=LINE('',#328,#5098);
#5096=VECTOR('',#5099,1.0);
#5097=VECTOR('',#5100,1.0);
#5098=VECTOR('',#5101,1.0);
#5099=DIRECTION('',(0.030492673937269454,-0.025026920135146635,-0.9992216221162872));
#5100=DIRECTION('',(-0.7729827386850253,0.6344270530919986,0));
#5101=DIRECTION('',(0,0,1));
#5102=FACE_SURFACE('',(#5107),#5103,.T.);
#5103=PLANE('',#5104);
#5104=AXIS2_PLACEMENT_3D('',#330,#5105,#5106);
#5105=DIRECTION('',(0.7730059449332992,0.6343987776610048,-0));
#5106=DIRECTION('',(0,0,1));
#5107=FACE_BOUND('',#5108,.T.);
#5108=EDGE_LOOP('',(#5109,#5110,#5111));
#5109=ORIENTED_EDGE('',*,*,#5112,.T.);
#5110=ORIENTED_EDGE('',*,*,#5113,.T.);
#5111=ORIENTED_EDGE('',*,*,#5114,.T.);
#5112=EDGE_CURVE('',#331,#93,#5115,.F.);
#5113=EDGE_CURVE('',#93,#91,#5116,.T.);
#5114=EDGE_CURVE('',#91,#331,#5117,.T.);
#5115=LINE('',#330,#5118);
#5116=LINE('',#92,#5119);
#5117=LINE('',#90,#5120);
#5118=VECTOR('',#5121,1.0);
#5119=VECTOR('',#5122,1.0);
#5120=VECTOR('',#5123,1.0);
#5121=DIRECTION('',(0,0,1));
#5122=DIRECTION('',(0.6343987776610048,-0.7730059449332992,0));
#5123=DIRECTION('',(-0.025026918399283962,0.03049494637637009,-0.9992215528104555));
#5124=FACE_SURFACE('',(#5129),#5125,.T.);
#5125=PLANE('',#5126);
#5126=AXIS2_PLACEMENT_3D('',#330,#5127,#5128);
#5127=DIRECTION('',(0.7730059449332992,0.6343987776610048,0));
#5128=DIRECTION('',(0.025026918399283962,-0.03049494637637009,0.9992215528104555));
#5129=FACE_BOUND('',#5130,.T.);
#5130=EDGE_LOOP('',(#5131,#5132,#5133));
#5131=ORIENTED_EDGE('',*,*,#5134,.T.);
#5132=ORIENTED_EDGE('',*,*,#5135,.T.);
#5133=ORIENTED_EDGE('',*,*,#5136,.T.);
#5134=EDGE_CURVE('',#331,#91,#5137,.F.);
#5135=EDGE_CURVE('',#91,#329,#5138,.T.);
#5136=EDGE_CURVE('',#329,#331,#5139,.T.);
#5137=LINE('',#330,#5140);
#5138=LINE('',#90,#5141);
#5139=LINE('',#328,#5142);
#5140=VECTOR('',#5143,1.0);
#5141=VECTOR('',#5144,1.0);
#5142=VECTOR('',#5145,1.0);
#5143=DIRECTION('',(0.025026918399283962,-0.03049494637637009,0.9992215528104555));
#5144=DIRECTION('',(0,0,-1));
#5145=DIRECTION('',(-0.6343987776610048,0.7730059449332992,0));
#5146=FACE_SURFACE('',(#5151),#5147,.T.);
#5147=PLANE('',#5148);
#5148=AXIS2_PLACEMENT_3D('',#336,#5149,#5150);
#5149=DIRECTION('',(0.8819360081213438,0.4713691521291874,-0));
#5150=DIRECTION('',(0,0,1));
#5151=FACE_BOUND('',#5152,.T.);
#5152=EDGE_LOOP('',(#5153,#5154,#5155));
#5153=ORIENTED_EDGE('',*,*,#5156,.T.);
#5154=ORIENTED_EDGE('',*,*,#5157,.T.);
#5155=ORIENTED_EDGE('',*,*,#5158,.T.);
#5156=EDGE_CURVE('',#337,#99,#5159,.F.);
#5157=EDGE_CURVE('',#99,#93,#5160,.T.);
#5158=EDGE_CURVE('',#93,#337,#5161,.T.);
#5159=LINE('',#336,#5162);
#5160=LINE('',#98,#5163);
#5161=LINE('',#92,#5164);
#5162=VECTOR('',#5165,1.0);
#5163=VECTOR('',#5166,1.0);
#5164=VECTOR('',#5167,1.0);
#5165=DIRECTION('',(0,0,1));
#5166=DIRECTION('',(0.4713691521291874,-0.8819360081213439,0));
#5167=DIRECTION('',(-0.018594480975075135,0.03479044449593416,-0.9992216321963026));
#5168=FACE_SURFACE('',(#5173),#5169,.T.);
#5169=PLANE('',#5170);
#5170=AXIS2_PLACEMENT_3D('',#336,#5171,#5172);
#5171=DIRECTION('',(0.8819360081213438,0.4713691521291874,0));
#5172=DIRECTION('',(0.018594480975075135,-0.03479044449593416,0.9992216321963026));
#5173=FACE_BOUND('',#5174,.T.);
#5174=EDGE_LOOP('',(#5175,#5176,#5177));
#5175=ORIENTED_EDGE('',*,*,#5178,.T.);
#5176=ORIENTED_EDGE('',*,*,#5179,.T.);
#5177=ORIENTED_EDGE('',*,*,#5180,.T.);
#5178=EDGE_CURVE('',#337,#93,#5181,.F.);
#5179=EDGE_CURVE('',#93,#331,#5182,.T.);
#5180=EDGE_CURVE('',#331,#337,#5183,.T.);
#5181=LINE('',#336,#5184);
#5182=LINE('',#92,#5185);
#5183=LINE('',#330,#5186);
#5184=VECTOR('',#5187,1.0);
#5185=VECTOR('',#5188,1.0);
#5186=VECTOR('',#5189,1.0);
#5187=DIRECTION('',(0.018594480975075135,-0.03479044449593416,0.9992216321963026));
#5188=DIRECTION('',(0,0,-1));
#5189=DIRECTION('',(-0.4713691521291874,0.8819360081213439,0));
#5190=FACE_SURFACE('',(#5195),#5191,.T.);
#5191=PLANE('',#5192);
#5192=AXIS2_PLACEMENT_3D('',#338,#5193,#5194);
#5193=DIRECTION('',(0.9569370777488804,0.2902954171691889,-0));
#5194=DIRECTION('',(0,0,1));
#5195=FACE_BOUND('',#5196,.T.);
#5196=EDGE_LOOP('',(#5197,#5198,#5199));
#5197=ORIENTED_EDGE('',*,*,#5200,.T.);
#5198=ORIENTED_EDGE('',*,*,#5201,.T.);
#5199=ORIENTED_EDGE('',*,*,#5202,.T.);
#5200=EDGE_CURVE('',#339,#101,#5203,.F.);
#5201=EDGE_CURVE('',#101,#99,#5204,.T.);
#5202=EDGE_CURVE('',#99,#339,#5205,.T.);
#5203=LINE('',#338,#5206);
#5204=LINE('',#100,#5207);
#5205=LINE('',#98,#5208);
#5206=VECTOR('',#5209,1.0);
#5207=VECTOR('',#5210,1.0);
#5208=VECTOR('',#5211,1.0);
#5209=DIRECTION('',(0,0,1));
#5210=DIRECTION('',(0.2902954171691889,-0.9569370777488803,0));
#5211=DIRECTION('',(-0.011452379295650543,0.037751909703984086,-0.9992215151417481));
#5212=FACE_SURFACE('',(#5217),#5213,.T.);
#5213=PLANE('',#5214);
#5214=AXIS2_PLACEMENT_3D('',#338,#5215,#5216);
#5215=DIRECTION('',(0.9569370777488804,0.2902954171691889,0));
#5216=DIRECTION('',(0.011452379295650543,-0.037751909703984086,0.9992215151417481));
#5217=FACE_BOUND('',#5218,.T.);
#5218=EDGE_LOOP('',(#5219,#5220,#5221));
#5219=ORIENTED_EDGE('',*,*,#5222,.T.);
#5220=ORIENTED_EDGE('',*,*,#5223,.T.);
#5221=ORIENTED_EDGE('',*,*,#5224,.T.);
#5222=EDGE_CURVE('',#339,#99,#5225,.F.);
#5223=EDGE_CURVE('',#99,#337,#5226,.T.);
#5224=EDGE_CURVE('',#337,#339,#5227,.T.);
#5225=LINE('',#338,#5228);
#5226=LINE('',#98,#5229);
#5227=LINE('',#336,#5230);
#5228=VECTOR('',#5231,1.0);
#5229=VECTOR('',#5232,1.0);
#5230=VECTOR('',#5233,1.0);
#5231=DIRECTION('',(0.011452379295650543,-0.037751909703984086,0.9992215151417481));
#5232=DIRECTION('',(0,0,-1));
#5233=DIRECTION('',(-0.2902954171691889,0.9569370777488803,0));
#5234=FACE_SURFACE('',(#5239),#5235,.T.);
#5235=PLANE('',#5236);
#5236=AXIS2_PLACEMENT_3D('',#318,#5237,#5238);
#5237=DIRECTION('',(0.995184510820053,0.09801933188841773,-0));
#5238=DIRECTION('',(0,0,1));
#5239=FACE_BOUND('',#5240,.T.);
#5240=EDGE_LOOP('',(#5241,#5242,#5243));
#5241=ORIENTED_EDGE('',*,*,#5244,.T.);
#5242=ORIENTED_EDGE('',*,*,#5245,.T.);
#5243=ORIENTED_EDGE('',*,*,#5246,.T.);
#5244=EDGE_CURVE('',#319,#107,#5247,.F.);
#5245=EDGE_CURVE('',#107,#101,#5248,.T.);
#5246=EDGE_CURVE('',#101,#319,#5249,.T.);
#5247=LINE('',#318,#5250);
#5248=LINE('',#106,#5251);
#5249=LINE('',#100,#5252);
#5250=VECTOR('',#5253,1.0);
#5251=VECTOR('',#5254,1.0);
#5252=VECTOR('',#5255,1.0);
#5253=DIRECTION('',(0,0,1));
#5254=DIRECTION('',(0.09801933188841773,-0.995184510820053,0));
#5255=DIRECTION('',(-0.0038667420745326624,0.039258804827313976,-0.9992215943169263));
#5256=FACE_SURFACE('',(#5261),#5257,.T.);
#5257=PLANE('',#5258);
#5258=AXIS2_PLACEMENT_3D('',#318,#5259,#5260);
#5259=DIRECTION('',(0.995184510820053,0.09801933188841773,0));
#5260=DIRECTION('',(0.0038667420745326624,-0.039258804827313976,0.9992215943169263));
#5261=FACE_BOUND('',#5262,.T.);
#5262=EDGE_LOOP('',(#5263,#5264,#5265));
#5263=ORIENTED_EDGE('',*,*,#5266,.T.);
#5264=ORIENTED_EDGE('',*,*,#5267,.T.);
#5265=ORIENTED_EDGE('',*,*,#5268,.T.);
#5266=EDGE_CURVE('',#319,#101,#5269,.F.);
#5267=EDGE_CURVE('',#101,#339,#5270,.T.);
#5268=EDGE_CURVE('',#339,#319,#5271,.T.);
#5269=LINE('',#318,#5272);
#5270=LINE('',#100,#5273);
#5271=LINE('',#338,#5274);
#5272=VECTOR('',#5275,1.0);
#5273=VECTOR('',#5276,1.0);
#5274=VECTOR('',#5277,1.0);
#5275=DIRECTION('',(0.0038667420745326624,-0.039258804827313976,0.9992215943169263));
#5276=DIRECTION('',(0,0,-1));
#5277=DIRECTION('',(-0.09801933188841773,0.995184510820053,0));
#5278=FACE_SURFACE('',(#5283),#5279,.T.);
#5279=PLANE('',#5280);
#5280=AXIS2_PLACEMENT_3D('',#314,#5281,#5282);
#5281=DIRECTION('',(0.9951847877931627,-0.09801651975599644,0));
#5282=DIRECTION('',(0,0,1));
#5283=FACE_BOUND('',#5284,.T.);
#5284=EDGE_LOOP('',(#5285,#5286,#5287));
#5285=ORIENTED_EDGE('',*,*,#5288,.T.);
#5286=ORIENTED_EDGE('',*,*,#5289,.T.);
#5287=ORIENTED_EDGE('',*,*,#5290,.T.);
#5288=EDGE_CURVE('',#315,#109,#5291,.F.);
#5289=EDGE_CURVE('',#109,#107,#5292,.T.);
#5290=EDGE_CURVE('',#107,#315,#5293,.T.);
#5291=LINE('',#314,#5294);
#5292=LINE('',#108,#5295);
#5293=LINE('',#106,#5296);
#5294=VECTOR('',#5297,1.0);
#5295=VECTOR('',#5298,1.0);
#5296=VECTOR('',#5299,1.0);
#5297=DIRECTION('',(0,0,1));
#5298=DIRECTION('',(-0.09801651975599646,-0.9951847877931628,0));
#5299=DIRECTION('',(0.0038667419018873356,0.03925994035148609,-0.9992215497028984));
#5300=FACE_SURFACE('',(#5305),#5301,.T.);
#5301=PLANE('',#5302);
#5302=AXIS2_PLACEMENT_3D('',#314,#5303,#5304);
#5303=DIRECTION('',(0.9951847877931627,-0.09801651975599644,0));
#5304=DIRECTION('',(-0.0038667419018873356,-0.03925994035148609,0.9992215497028984));
#5305=FACE_BOUND('',#5306,.T.);
#5306=EDGE_LOOP('',(#5307,#5308,#5309));
#5307=ORIENTED_EDGE('',*,*,#5310,.T.);
#5308=ORIENTED_EDGE('',*,*,#5311,.T.);
#5309=ORIENTED_EDGE('',*,*,#5312,.T.);
#5310=EDGE_CURVE('',#315,#107,#5313,.F.);
#5311=EDGE_CURVE('',#107,#319,#5314,.T.);
#5312=EDGE_CURVE('',#319,#315,#5315,.T.);
#5313=LINE('',#314,#5316);
#5314=LINE('',#106,#5317);
#5315=LINE('',#318,#5318);
#5316=VECTOR('',#5319,1.0);
#5317=VECTOR('',#5320,1.0);
#5318=VECTOR('',#5321,1.0);
#5319=DIRECTION('',(-0.0038667419018873356,-0.03925994035148609,0.9992215497028984));
#5320=DIRECTION('',(0,0,-1));
#5321=DIRECTION('',(0.09801651975599646,0.9951847877931628,0));
#5322=FACE_SURFACE('',(#5327),#5323,.T.);
#5323=PLANE('',#5324);
#5324=AXIS2_PLACEMENT_3D('',#310,#5325,#5326);
#5325=DIRECTION('',(0.9569346482928691,-0.29030342556815064,0));
#5326=DIRECTION('',(0,0,1));
#5327=FACE_BOUND('',#5328,.T.);
#5328=EDGE_LOOP('',(#5329,#5330,#5331));
#5329=ORIENTED_EDGE('',*,*,#5332,.T.);
#5330=ORIENTED_EDGE('',*,*,#5333,.T.);
#5331=ORIENTED_EDGE('',*,*,#5334,.T.);
#5332=EDGE_CURVE('',#311,#113,#5335,.F.);
#5333=EDGE_CURVE('',#113,#109,#5336,.T.);
#5334=EDGE_CURVE('',#109,#311,#5337,.T.);
#5335=LINE('',#310,#5338);
#5336=LINE('',#112,#5339);
#5337=LINE('',#108,#5340);
#5338=VECTOR('',#5341,1.0);
#5339=VECTOR('',#5342,1.0);
#5340=VECTOR('',#5343,1.0);
#5341=DIRECTION('',(0,0,1));
#5342=DIRECTION('',(-0.29030342556815064,-0.9569346482928692,0));
#5343=DIRECTION('',(0.011452379787343953,0.03775077404777509,-0.9992215580420593));
#5344=FACE_SURFACE('',(#5349),#5345,.T.);
#5345=PLANE('',#5346);
#5346=AXIS2_PLACEMENT_3D('',#310,#5347,#5348);
#5347=DIRECTION('',(0.9569346482928691,-0.29030342556815064,0));
#5348=DIRECTION('',(-0.011452379787343953,-0.03775077404777509,0.9992215580420593));
#5349=FACE_BOUND('',#5350,.T.);
#5350=EDGE_LOOP('',(#5351,#5352,#5353));
#5351=ORIENTED_EDGE('',*,*,#5354,.T.);
#5352=ORIENTED_EDGE('',*,*,#5355,.T.);
#5353=ORIENTED_EDGE('',*,*,#5356,.T.);
#5354=EDGE_CURVE('',#311,#109,#5357,.F.);
#5355=EDGE_CURVE('',#109,#315,#5358,.T.);
#5356=EDGE_CURVE('',#315,#311,#5359,.T.);
#5357=LINE('',#310,#5360);
#5358=LINE('',#108,#5361);
#5359=LINE('',#314,#5362);
#5360=VECTOR('',#5363,1.0);
#5361=VECTOR('',#5364,1.0);
#5362=VECTOR('',#5365,1.0);
#5363=DIRECTION('',(-0.011452379787343953,-0.03775077404777509,0.9992215580420593));
#5364=DIRECTION('',(0,0,-1));
#5365=DIRECTION('',(0.29030342556815064,0.9569346482928692,0));
#5366=FACE_SURFACE('',(#5371),#5367,.T.);
#5367=PLANE('',#5368);
#5368=AXIS2_PLACEMENT_3D('',#306,#5369,#5370);
#5369=DIRECTION('',(0.8819424135640673,-0.47135716729120364,0));
#5370=DIRECTION('',(0,0,1));
#5371=FACE_BOUND('',#5372,.T.);
#5372=EDGE_LOOP('',(#5373,#5374,#5375));
#5373=ORIENTED_EDGE('',*,*,#5376,.T.);
#5374=ORIENTED_EDGE('',*,*,#5377,.T.);
#5375=ORIENTED_EDGE('',*,*,#5378,.T.);
#5376=EDGE_CURVE('',#307,#117,#5379,.F.);
#5377=EDGE_CURVE('',#117,#113,#5380,.T.);
#5378=EDGE_CURVE('',#113,#307,#5381,.T.);
#5379=LINE('',#306,#5382);
#5380=LINE('',#116,#5383);
#5381=LINE('',#112,#5384);
#5382=VECTOR('',#5385,1.0);
#5383=VECTOR('',#5386,1.0);
#5384=VECTOR('',#5387,1.0);
#5385=DIRECTION('',(0,0,1));
#5386=DIRECTION('',(-0.4713571672912036,-0.8819424135640673,0));
#5387=DIRECTION('',(0.018594480239346917,0.03479158039645877,-0.9992215926600793));
#5388=FACE_SURFACE('',(#5393),#5389,.T.);
#5389=PLANE('',#5390);
#5390=AXIS2_PLACEMENT_3D('',#306,#5391,#5392);
#5391=DIRECTION('',(0.8819424135640673,-0.47135716729120364,0));
#5392=DIRECTION('',(-0.018594480239346917,-0.03479158039645877,0.9992215926600793));
#5393=FACE_BOUND('',#5394,.T.);
#5394=EDGE_LOOP('',(#5395,#5396,#5397));
#5395=ORIENTED_EDGE('',*,*,#5398,.T.);
#5396=ORIENTED_EDGE('',*,*,#5399,.T.);
#5397=ORIENTED_EDGE('',*,*,#5400,.T.);
#5398=EDGE_CURVE('',#307,#113,#5401,.F.);
#5399=EDGE_CURVE('',#113,#311,#5402,.T.);
#5400=EDGE_CURVE('',#311,#307,#5403,.T.);
#5401=LINE('',#306,#5404);
#5402=LINE('',#112,#5405);
#5403=LINE('',#310,#5406);
#5404=VECTOR('',#5407,1.0);
#5405=VECTOR('',#5408,1.0);
#5406=VECTOR('',#5409,1.0);
#5407=DIRECTION('',(-0.018594480239346917,-0.03479158039645877,0.9992215926600793));
#5408=DIRECTION('',(0,0,-1));
#5409=DIRECTION('',(0.4713571672912036,0.8819424135640673,0));
#5410=FACE_SURFACE('',(#5415),#5411,.T.);
#5411=PLANE('',#5412);
#5412=AXIS2_PLACEMENT_3D('',#302,#5413,#5414);
#5413=DIRECTION('',(0.7730059449332992,-0.6343987776610048,0));
#5414=DIRECTION('',(0,0,1));
#5415=FACE_BOUND('',#5416,.T.);
#5416=EDGE_LOOP('',(#5417,#5418,#5419));
#5417=ORIENTED_EDGE('',*,*,#5420,.T.);
#5418=ORIENTED_EDGE('',*,*,#5421,.T.);
#5419=ORIENTED_EDGE('',*,*,#5422,.T.);
#5420=EDGE_CURVE('',#303,#121,#5423,.F.);
#5421=EDGE_CURVE('',#121,#117,#5424,.T.);
#5422=EDGE_CURVE('',#117,#303,#5425,.T.);
#5423=LINE('',#302,#5426);
#5424=LINE('',#120,#5427);
#5425=LINE('',#116,#5428);
#5426=VECTOR('',#5429,1.0);
#5427=VECTOR('',#5430,1.0);
#5428=VECTOR('',#5431,1.0);
#5429=DIRECTION('',(0,0,1));
#5430=DIRECTION('',(-0.6343987776610048,-0.7730059449332992,0));
#5431=DIRECTION('',(0.025026918399283962,0.03049494637637009,-0.9992215528104555));
#5432=FACE_SURFACE('',(#5437),#5433,.T.);
#5433=PLANE('',#5434);
#5434=AXIS2_PLACEMENT_3D('',#302,#5435,#5436);
#5435=DIRECTION('',(0.7730059449332992,-0.6343987776610048,0));
#5436=DIRECTION('',(-0.025026918399283962,-0.03049494637637009,0.9992215528104555));
#5437=FACE_BOUND('',#5438,.T.);
#5438=EDGE_LOOP('',(#5439,#5440,#5441));
#5439=ORIENTED_EDGE('',*,*,#5442,.T.);
#5440=ORIENTED_EDGE('',*,*,#5443,.T.);
#5441=ORIENTED_EDGE('',*,*,#5444,.T.);
#5442=EDGE_CURVE('',#303,#117,#5445,.F.);
#5443=EDGE_CURVE('',#117,#307,#5446,.T.);
#5444=EDGE_CURVE('',#307,#303,#5447,.T.);
#5445=LINE('',#302,#5448);
#5446=LINE('',#116,#5449);
#5447=LINE('',#306,#5450);
#5448=VECTOR('',#5451,1.0);
#5449=VECTOR('',#5452,1.0);
#5450=VECTOR('',#5453,1.0);
#5451=DIRECTION('',(-0.025026918399283962,-0.03049494637637009,0.9992215528104555));
#5452=DIRECTION('',(0,0,-1));
#5453=DIRECTION('',(0.6343987776610048,0.7730059449332992,0));
#5454=FACE_SURFACE('',(#5459),#5455,.T.);
#5455=PLANE('',#5456);
#5456=AXIS2_PLACEMENT_3D('',#298,#5457,#5458);
#5457=DIRECTION('',(0.6344184400584502,-0.7729898077683837,0));
#5458=DIRECTION('',(0,0,1));
#5459=FACE_BOUND('',#5460,.T.);
#5460=EDGE_LOOP('',(#5461,#5462,#5463));
#5461=ORIENTED_EDGE('',*,*,#5464,.T.);
#5462=ORIENTED_EDGE('',*,*,#5465,.T.);
#5463=ORIENTED_EDGE('',*,*,#5466,.T.);
#5464=EDGE_CURVE('',#299,#125,#5467,.F.);
#5465=EDGE_CURVE('',#125,#121,#5468,.T.);
#5466=EDGE_CURVE('',#121,#299,#5469,.T.);
#5467=LINE('',#298,#5470);
#5468=LINE('',#124,#5471);
#5469=LINE('',#120,#5472);
#5470=VECTOR('',#5473,1.0);
#5471=VECTOR('',#5474,1.0);
#5472=VECTOR('',#5475,1.0);
#5473=DIRECTION('',(0,0,1));
#5474=DIRECTION('',(-0.7729898077683837,-0.6344184400584502,0));
#5475=DIRECTION('',(0.03049267437121406,0.02502635185274321,-0.9992216363363203));
#5476=FACE_SURFACE('',(#5481),#5477,.T.);
#5477=PLANE('',#5478);
#5478=AXIS2_PLACEMENT_3D('',#298,#5479,#5480);
#5479=DIRECTION('',(0.6344184400584502,-0.7729898077683837,0));
#5480=DIRECTION('',(-0.03049267437121406,-0.02502635185274321,0.9992216363363203));
#5481=FACE_BOUND('',#5482,.T.);
#5482=EDGE_LOOP('',(#5483,#5484,#5485));
#5483=ORIENTED_EDGE('',*,*,#5486,.T.);
#5484=ORIENTED_EDGE('',*,*,#5487,.T.);
#5485=ORIENTED_EDGE('',*,*,#5488,.T.);
#5486=EDGE_CURVE('',#299,#121,#5489,.F.);
#5487=EDGE_CURVE('',#121,#303,#5490,.T.);
#5488=EDGE_CURVE('',#303,#299,#5491,.T.);
#5489=LINE('',#298,#5492);
#5490=LINE('',#120,#5493);
#5491=LINE('',#302,#5494);
#5492=VECTOR('',#5495,1.0);
#5493=VECTOR('',#5496,1.0);
#5494=VECTOR('',#5497,1.0);
#5495=DIRECTION('',(-0.03049267437121406,-0.02502635185274321,0.9992216363363203));
#5496=DIRECTION('',(0,0,-1));
#5497=DIRECTION('',(0.7729898077683837,0.6344184400584502,0));
#5498=FACE_SURFACE('',(#5503),#5499,.T.);
#5499=PLANE('',#5500);
#5500=AXIS2_PLACEMENT_3D('',#294,#5501,#5502);
#5501=DIRECTION('',(0.4713668333999323,-0.8819372474107897,0));
#5502=DIRECTION('',(0,0,1));
#5503=FACE_BOUND('',#5504,.T.);
#5504=EDGE_LOOP('',(#5505,#5506,#5507));
#5505=ORIENTED_EDGE('',*,*,#5508,.T.);
#5506=ORIENTED_EDGE('',*,*,#5509,.T.);
#5507=ORIENTED_EDGE('',*,*,#5510,.T.);
#5508=EDGE_CURVE('',#295,#129,#5511,.F.);
#5509=EDGE_CURVE('',#129,#125,#5512,.T.);
#5510=EDGE_CURVE('',#125,#295,#5513,.T.);
#5511=LINE('',#294,#5514);
#5512=LINE('',#128,#5515);
#5513=LINE('',#124,#5516);
#5514=VECTOR('',#5517,1.0);
#5515=VECTOR('',#5518,1.0);
#5516=VECTOR('',#5519,1.0);
#5517=DIRECTION('',(0,0,1));
#5518=DIRECTION('',(-0.8819372474107897,-0.4713668333999323,0));
#5519=DIRECTION('',(0.034793851093370715,0.01859618409339254,-0.9992214818864019));
#5520=FACE_SURFACE('',(#5525),#5521,.T.);
#5521=PLANE('',#5522);
#5522=AXIS2_PLACEMENT_3D('',#294,#5523,#5524);
#5523=DIRECTION('',(0.4713668333999323,-0.8819372474107897,0));
#5524=DIRECTION('',(-0.034793851093370715,-0.01859618409339254,0.9992214818864019));
#5525=FACE_BOUND('',#5526,.T.);
#5526=EDGE_LOOP('',(#5527,#5528,#5529));
#5527=ORIENTED_EDGE('',*,*,#5530,.T.);
#5528=ORIENTED_EDGE('',*,*,#5531,.T.);
#5529=ORIENTED_EDGE('',*,*,#5532,.T.);
#5530=EDGE_CURVE('',#295,#125,#5533,.F.);
#5531=EDGE_CURVE('',#125,#299,#5534,.T.);
#5532=EDGE_CURVE('',#299,#295,#5535,.T.);
#5533=LINE('',#294,#5536);
#5534=LINE('',#124,#5537);
#5535=LINE('',#298,#5538);
#5536=VECTOR('',#5539,1.0);
#5537=VECTOR('',#5540,1.0);
#5538=VECTOR('',#5541,1.0);
#5539=DIRECTION('',(-0.034793851093370715,-0.01859618409339254,0.9992214818864019));
#5540=DIRECTION('',(0,0,-1));
#5541=DIRECTION('',(0.8819372474107897,0.4713668333999323,0));
#5542=FACE_SURFACE('',(#5547),#5543,.T.);
#5543=PLANE('',#5544);
#5544=AXIS2_PLACEMENT_3D('',#290,#5545,#5546);
#5545=DIRECTION('',(0.2903062434604989,-0.956933793429751,0));
#5546=DIRECTION('',(0,0,1));
#5547=FACE_BOUND('',#5548,.T.);
#5548=EDGE_LOOP('',(#5549,#5550,#5551));
#5549=ORIENTED_EDGE('',*,*,#5552,.T.);
#5550=ORIENTED_EDGE('',*,*,#5553,.T.);
#5551=ORIENTED_EDGE('',*,*,#5554,.T.);
#5552=EDGE_CURVE('',#291,#133,#5555,.F.);
#5553=EDGE_CURVE('',#133,#129,#5556,.T.);
#5554=EDGE_CURVE('',#129,#291,#5557,.T.);
#5555=LINE('',#290,#5558);
#5556=LINE('',#132,#5559);
#5557=LINE('',#128,#5560);
#5558=VECTOR('',#5561,1.0);
#5559=VECTOR('',#5562,1.0);
#5560=VECTOR('',#5563,1.0);
#5561=DIRECTION('',(0,0,1));
#5562=DIRECTION('',(-0.9569337934297512,-0.2903062434604989,0));
#5563=DIRECTION('',(0.03774850298074046,0.01145181220669336,-0.9992216503458557));
#5564=FACE_SURFACE('',(#5569),#5565,.T.);
#5565=PLANE('',#5566);
#5566=AXIS2_PLACEMENT_3D('',#290,#5567,#5568);
#5567=DIRECTION('',(0.2903062434604989,-0.956933793429751,0));
#5568=DIRECTION('',(-0.03774850298074046,-0.01145181220669336,0.9992216503458557));
#5569=FACE_BOUND('',#5570,.T.);
#5570=EDGE_LOOP('',(#5571,#5572,#5573));
#5571=ORIENTED_EDGE('',*,*,#5574,.T.);
#5572=ORIENTED_EDGE('',*,*,#5575,.T.);
#5573=ORIENTED_EDGE('',*,*,#5576,.T.);
#5574=EDGE_CURVE('',#291,#129,#5577,.F.);
#5575=EDGE_CURVE('',#129,#295,#5578,.T.);
#5576=EDGE_CURVE('',#295,#291,#5579,.T.);
#5577=LINE('',#290,#5580);
#5578=LINE('',#128,#5581);
#5579=LINE('',#294,#5582);
#5580=VECTOR('',#5583,1.0);
#5581=VECTOR('',#5584,1.0);
#5582=VECTOR('',#5585,1.0);
#5583=DIRECTION('',(-0.03774850298074046,-0.01145181220669336,0.9992216503458557));
#5584=DIRECTION('',(0,0,-1));
#5585=DIRECTION('',(0.9569337934297512,0.2903062434604989,0));
#5586=FACE_SURFACE('',(#5591),#5587,.T.);
#5587=PLANE('',#5588);
#5588=AXIS2_PLACEMENT_3D('',#286,#5589,#5590);
#5589=DIRECTION('',(0.09801370778414571,-0.9951850647424347,0));
#5590=DIRECTION('',(0,0,1));
#5591=FACE_BOUND('',#5592,.T.);
#5592=EDGE_LOOP('',(#5593,#5594,#5595));
#5593=ORIENTED_EDGE('',*,*,#5596,.T.);
#5594=ORIENTED_EDGE('',*,*,#5597,.T.);
#5595=ORIENTED_EDGE('',*,*,#5598,.T.);
#5596=EDGE_CURVE('',#287,#137,#5599,.F.);
#5597=EDGE_CURVE('',#137,#133,#5600,.T.);
#5598=EDGE_CURVE('',#133,#287,#5601,.T.);
#5599=LINE('',#286,#5602);
#5600=LINE('',#136,#5603);
#5601=LINE('',#132,#5604);
#5602=VECTOR('',#5605,1.0);
#5603=VECTOR('',#5606,1.0);
#5604=VECTOR('',#5607,1.0);
#5605=DIRECTION('',(0,0,1));
#5606=DIRECTION('',(-0.9951850647424347,-0.09801370778414571,0));
#5607=DIRECTION('',(0.03926107587550611,0.003866741729237031,-0.9992215050875842));
#5608=FACE_SURFACE('',(#5613),#5609,.T.);
#5609=PLANE('',#5610);
#5610=AXIS2_PLACEMENT_3D('',#286,#5611,#5612);
#5611=DIRECTION('',(0.09801370778414571,-0.9951850647424347,0));
#5612=DIRECTION('',(-0.03926107587550611,-0.003866741729237031,0.9992215050875842));
#5613=FACE_BOUND('',#5614,.T.);
#5614=EDGE_LOOP('',(#5615,#5616,#5617));
#5615=ORIENTED_EDGE('',*,*,#5618,.T.);
#5616=ORIENTED_EDGE('',*,*,#5619,.T.);
#5617=ORIENTED_EDGE('',*,*,#5620,.T.);
#5618=EDGE_CURVE('',#287,#133,#5621,.F.);
#5619=EDGE_CURVE('',#133,#291,#5622,.T.);
#5620=EDGE_CURVE('',#291,#287,#5623,.T.);
#5621=LINE('',#286,#5624);
#5622=LINE('',#132,#5625);
#5623=LINE('',#290,#5626);
#5624=VECTOR('',#5627,1.0);
#5625=VECTOR('',#5628,1.0);
#5626=VECTOR('',#5629,1.0);
#5627=DIRECTION('',(-0.03926107587550611,-0.003866741729237031,0.9992215050875842));
#5628=DIRECTION('',(0,0,-1));
#5629=DIRECTION('',(0.9951850647424347,0.09801370778414571,0));
#5630=FACE_SURFACE('',(#5635),#5631,.T.);
#5631=PLANE('',#5632);
#5632=AXIS2_PLACEMENT_3D('',#230,#5633,#5634);
#5633=DIRECTION('',(-0.09804788399761305,-0.9951816982057049,0));
#5634=DIRECTION('',(0,0,1));
#5635=FACE_BOUND('',#5636,.T.);
#5636=EDGE_LOOP('',(#5637,#5638,#5639));
#5637=ORIENTED_EDGE('',*,*,#5640,.T.);
#5638=ORIENTED_EDGE('',*,*,#5641,.T.);
#5639=ORIENTED_EDGE('',*,*,#5642,.T.);
#5640=EDGE_CURVE('',#231,#199,#5643,.F.);
#5641=EDGE_CURVE('',#199,#203,#5644,.T.);
#5642=EDGE_CURVE('',#203,#231,#5645,.T.);
#5643=LINE('',#230,#5646);
#5644=LINE('',#198,#5647);
#5645=LINE('',#202,#5648);
#5646=VECTOR('',#5649,1.0);
#5647=VECTOR('',#5650,1.0);
#5648=VECTOR('',#5651,1.0);
#5649=DIRECTION('',(0,0,1));
#5650=DIRECTION('',(-0.9951816982057049,0.09804788399761305,0));
#5651=DIRECTION('',(0.039258793501302916,-0.0038678782357454,-0.9992215903646074));
#5652=FACE_SURFACE('',(#5657),#5653,.T.);
#5653=PLANE('',#5654);
#5654=AXIS2_PLACEMENT_3D('',#230,#5655,#5656);
#5655=DIRECTION('',(-0.09804788399761305,-0.9951816982057049,0));
#5656=DIRECTION('',(-0.039258793501302916,0.0038678782357454,0.9992215903646074));
#5657=FACE_BOUND('',#5658,.T.);
#5658=EDGE_LOOP('',(#5659,#5660,#5661));
#5659=ORIENTED_EDGE('',*,*,#5662,.T.);
#5660=ORIENTED_EDGE('',*,*,#5663,.T.);
#5661=ORIENTED_EDGE('',*,*,#5664,.T.);
#5662=EDGE_CURVE('',#231,#203,#5665,.F.);
#5663=EDGE_CURVE('',#203,#229,#5666,.T.);
#5664=EDGE_CURVE('',#229,#231,#5667,.T.);
#5665=LINE('',#230,#5668);
#5666=LINE('',#202,#5669);
#5667=LINE('',#228,#5670);
#5668=VECTOR('',#5671,1.0);
#5669=VECTOR('',#5672,1.0);
#5670=VECTOR('',#5673,1.0);
#5671=DIRECTION('',(-0.039258793501302916,0.0038678782357454,0.9992215903646074));
#5672=DIRECTION('',(0,0,-1));
#5673=DIRECTION('',(0.9951816982057049,-0.09804788399761305,0));
#5674=FACE_SURFACE('',(#5679),#5675,.T.);
#5675=PLANE('',#5676);
#5676=AXIS2_PLACEMENT_3D('',#224,#5677,#5678);
#5677=DIRECTION('',(-0.29023461227076086,-0.9569555213488457,0));
#5678=DIRECTION('',(0,0,1));
#5679=FACE_BOUND('',#5680,.T.);
#5680=EDGE_LOOP('',(#5681,#5682,#5683));
#5681=ORIENTED_EDGE('',*,*,#5684,.T.);
#5682=ORIENTED_EDGE('',*,*,#5685,.T.);
#5683=ORIENTED_EDGE('',*,*,#5686,.T.);
#5684=EDGE_CURVE('',#225,#193,#5687,.F.);
#5685=EDGE_CURVE('',#193,#199,#5688,.T.);
#5686=EDGE_CURVE('',#199,#225,#5689,.T.);
#5687=LINE('',#224,#5690);
#5688=LINE('',#192,#5691);
#5689=LINE('',#198,#5692);
#5690=VECTOR('',#5693,1.0);
#5691=VECTOR('',#5694,1.0);
#5692=VECTOR('',#5695,1.0);
#5693=DIRECTION('',(0,0,1));
#5694=DIRECTION('',(-0.9569555213488457,0.29023461227076086,0));
#5695=DIRECTION('',(0.037753035617822124,-0.011450101295343811,-0.9992214987088528));
#5696=FACE_SURFACE('',(#5701),#5697,.T.);
#5697=PLANE('',#5698);
#5698=AXIS2_PLACEMENT_3D('',#224,#5699,#5700);
#5699=DIRECTION('',(-0.29023461227076086,-0.9569555213488457,0));
#5700=DIRECTION('',(-0.037753035617822124,0.011450101295343811,0.9992214987088528));
#5701=FACE_BOUND('',#5702,.T.);
#5702=EDGE_LOOP('',(#5703,#5704,#5705));
#5703=ORIENTED_EDGE('',*,*,#5706,.T.);
#5704=ORIENTED_EDGE('',*,*,#5707,.T.);
#5705=ORIENTED_EDGE('',*,*,#5708,.T.);
#5706=EDGE_CURVE('',#225,#199,#5709,.F.);
#5707=EDGE_CURVE('',#199,#231,#5710,.T.);
#5708=EDGE_CURVE('',#231,#225,#5711,.T.);
#5709=LINE('',#224,#5712);
#5710=LINE('',#198,#5713);
#5711=LINE('',#230,#5714);
#5712=VECTOR('',#5715,1.0);
#5713=VECTOR('',#5716,1.0);
#5714=VECTOR('',#5717,1.0);
#5715=DIRECTION('',(-0.037753035617822124,0.011450101295343811,0.9992214987088528));
#5716=DIRECTION('',(0,0,-1));
#5717=DIRECTION('',(0.9569555213488457,-0.29023461227076086,0));
#5718=FACE_SURFACE('',(#5723),#5719,.T.);
#5719=PLANE('',#5720);
#5720=AXIS2_PLACEMENT_3D('',#222,#5721,#5722);
#5721=DIRECTION('',(-0.4714244351359036,-0.8819064587340282,0));
#5722=DIRECTION('',(0,0,1));
#5723=FACE_BOUND('',#5724,.T.);
#5724=EDGE_LOOP('',(#5725,#5726,#5727));
#5725=ORIENTED_EDGE('',*,*,#5728,.T.);
#5726=ORIENTED_EDGE('',*,*,#5729,.T.);
#5727=ORIENTED_EDGE('',*,*,#5730,.T.);
#5728=EDGE_CURVE('',#223,#175,#5731,.F.);
#5729=EDGE_CURVE('',#175,#193,#5732,.T.);
#5730=EDGE_CURVE('',#193,#223,#5733,.T.);
#5731=LINE('',#222,#5734);
#5732=LINE('',#174,#5735);
#5733=LINE('',#192,#5736);
#5734=VECTOR('',#5737,1.0);
#5735=VECTOR('',#5738,1.0);
#5736=VECTOR('',#5739,1.0);
#5737=DIRECTION('',(0,0,1));
#5738=DIRECTION('',(-0.8819064587340282,0.4714244351359036,0));
#5739=DIRECTION('',(0.03479156830482377,-0.018597885606981668,-0.99922152970492));
#5740=FACE_SURFACE('',(#5745),#5741,.T.);
#5741=PLANE('',#5742);
#5742=AXIS2_PLACEMENT_3D('',#222,#5743,#5744);
#5743=DIRECTION('',(-0.4714244351359036,-0.8819064587340282,0));
#5744=DIRECTION('',(-0.03479156830482377,0.018597885606981668,0.99922152970492));
#5745=FACE_BOUND('',#5746,.T.);
#5746=EDGE_LOOP('',(#5747,#5748,#5749));
#5747=ORIENTED_EDGE('',*,*,#5750,.T.);
#5748=ORIENTED_EDGE('',*,*,#5751,.T.);
#5749=ORIENTED_EDGE('',*,*,#5752,.T.);
#5750=EDGE_CURVE('',#223,#193,#5753,.F.);
#5751=EDGE_CURVE('',#193,#225,#5754,.T.);
#5752=EDGE_CURVE('',#225,#223,#5755,.T.);
#5753=LINE('',#222,#5756);
#5754=LINE('',#192,#5757);
#5755=LINE('',#224,#5758);
#5756=VECTOR('',#5759,1.0);
#5757=VECTOR('',#5760,1.0);
#5758=VECTOR('',#5761,1.0);
#5759=DIRECTION('',(-0.03479156830482377,0.018597885606981668,0.99922152970492));
#5760=DIRECTION('',(0,0,-1));
#5761=DIRECTION('',(0.8819064587340282,-0.4714244351359036,0));
#5762=FACE_SURFACE('',(#5767),#5763,.T.);
#5763=PLANE('',#5764);
#5764=AXIS2_PLACEMENT_3D('',#232,#5765,#5766);
#5765=DIRECTION('',(-0.6344098267885963,-0.7729968768850644,0));
#5766=DIRECTION('',(0,0,1));
#5767=FACE_BOUND('',#5768,.T.);
#5768=EDGE_LOOP('',(#5769,#5770,#5771));
#5769=ORIENTED_EDGE('',*,*,#5772,.T.);
#5770=ORIENTED_EDGE('',*,*,#5773,.T.);
#5771=ORIENTED_EDGE('',*,*,#5774,.T.);
#5772=EDGE_CURVE('',#233,#177,#5775,.F.);
#5773=EDGE_CURVE('',#177,#175,#5776,.T.);
#5774=EDGE_CURVE('',#175,#233,#5777,.T.);
#5775=LINE('',#232,#5778);
#5776=LINE('',#176,#5779);
#5777=LINE('',#174,#5780);
#5778=VECTOR('',#5781,1.0);
#5779=VECTOR('',#5782,1.0);
#5780=VECTOR('',#5783,1.0);
#5781=DIRECTION('',(0,0,1));
#5782=DIRECTION('',(-0.7729968768850644,0.6344098267885963,0));
#5783=DIRECTION('',(0.030492666142243774,-0.025025776460542826,-0.9992216509984582));
#5784=FACE_SURFACE('',(#5789),#5785,.T.);
#5785=PLANE('',#5786);
#5786=AXIS2_PLACEMENT_3D('',#232,#5787,#5788);
#5787=DIRECTION('',(-0.6344098267885963,-0.7729968768850644,0));
#5788=DIRECTION('',(-0.030492666142243774,0.025025776460542826,0.9992216509984582));
#5789=FACE_BOUND('',#5790,.T.);
#5790=EDGE_LOOP('',(#5791,#5792,#5793));
#5791=ORIENTED_EDGE('',*,*,#5794,.T.);
#5792=ORIENTED_EDGE('',*,*,#5795,.T.);
#5793=ORIENTED_EDGE('',*,*,#5796,.T.);
#5794=EDGE_CURVE('',#233,#175,#5797,.F.);
#5795=EDGE_CURVE('',#175,#223,#5798,.T.);
#5796=EDGE_CURVE('',#223,#233,#5799,.T.);
#5797=LINE('',#232,#5800);
#5798=LINE('',#174,#5801);
#5799=LINE('',#222,#5802);
#5800=VECTOR('',#5803,1.0);
#5801=VECTOR('',#5804,1.0);
#5802=VECTOR('',#5805,1.0);
#5803=DIRECTION('',(-0.030492666142243774,0.025025776460542826,0.9992216509984582));
#5804=DIRECTION('',(0,0,-1));
#5805=DIRECTION('',(0.7729968768850644,-0.6344098267885963,0));
#5806=FACE_SURFACE('',(#5811),#5807,.T.);
#5807=PLANE('',#5808);
#5808=AXIS2_PLACEMENT_3D('',#178,#5809,#5810);
#5809=DIRECTION('',(-0.7729943421970209,-0.6344129151675546,0));
#5810=DIRECTION('',(-0.6344129151675546,0.7729943421970209,0));
#5811=FACE_BOUND('',#5812,.T.);
#5812=EDGE_LOOP('',(#5813,#5814,#5815));
#5813=ORIENTED_EDGE('',*,*,#5816,.T.);
#5814=ORIENTED_EDGE('',*,*,#5817,.T.);
#5815=ORIENTED_EDGE('',*,*,#5818,.T.);
#5816=EDGE_CURVE('',#179,#177,#5819,.F.);
#5817=EDGE_CURVE('',#177,#233,#5820,.T.);
#5818=EDGE_CURVE('',#233,#179,#5821,.T.);
#5819=LINE('',#178,#5822);
#5820=LINE('',#176,#5823);
#5821=LINE('',#232,#5824);
#5822=VECTOR('',#5825,1.0);
#5823=VECTOR('',#5826,1.0);
#5824=VECTOR('',#5827,1.0);
#5825=DIRECTION('',(-0.6344129151675546,0.7729943421970209,0));
#5826=DIRECTION('',(0,0,-1));
#5827=DIRECTION('',(0.025026912157136986,-0.030493801493652366,0.9992215879064786));
#5828=FACE_SURFACE('',(#5833),#5829,.T.);
#5829=PLANE('',#5830);
#5830=AXIS2_PLACEMENT_3D('',#178,#5831,#5832);
#5831=DIRECTION('',(-0.7729943421970209,-0.6344129151675546,-0));
#5832=DIRECTION('',(-0.025026912157136986,0.030493801493652366,-0.9992215879064786));
#5833=FACE_BOUND('',#5834,.T.);
#5834=EDGE_LOOP('',(#5835,#5836,#5837));
#5835=ORIENTED_EDGE('',*,*,#5838,.T.);
#5836=ORIENTED_EDGE('',*,*,#5839,.T.);
#5837=ORIENTED_EDGE('',*,*,#5840,.T.);
#5838=EDGE_CURVE('',#179,#233,#5841,.F.);
#5839=EDGE_CURVE('',#233,#241,#5842,.T.);
#5840=EDGE_CURVE('',#241,#179,#5843,.T.);
#5841=LINE('',#178,#5844);
#5842=LINE('',#232,#5845);
#5843=LINE('',#240,#5846);
#5844=VECTOR('',#5847,1.0);
#5845=VECTOR('',#5848,1.0);
#5846=VECTOR('',#5849,1.0);
#5847=DIRECTION('',(-0.025026912157136986,0.030493801493652366,-0.9992215879064786));
#5848=DIRECTION('',(0.6344129151675546,-0.7729943421970209,0));
#5849=DIRECTION('',(0,0,1));
#5850=FACE_SURFACE('',(#5855),#5851,.T.);
#5851=PLANE('',#5852);
#5852=AXIS2_PLACEMENT_3D('',#184,#5853,#5854);
#5853=DIRECTION('',(-0.8819184439217126,-0.4714020134351414,0));
#5854=DIRECTION('',(-0.4714020134351413,0.8819184439217125,0));
#5855=FACE_BOUND('',#5856,.T.);
#5856=EDGE_LOOP('',(#5857,#5858,#5859));
#5857=ORIENTED_EDGE('',*,*,#5860,.T.);
#5858=ORIENTED_EDGE('',*,*,#5861,.T.);
#5859=ORIENTED_EDGE('',*,*,#5862,.T.);
#5860=EDGE_CURVE('',#185,#179,#5863,.F.);
#5861=EDGE_CURVE('',#179,#241,#5864,.T.);
#5862=EDGE_CURVE('',#241,#185,#5865,.T.);
#5863=LINE('',#184,#5866);
#5864=LINE('',#178,#5867);
#5865=LINE('',#240,#5868);
#5866=VECTOR('',#5869,1.0);
#5867=VECTOR('',#5870,1.0);
#5868=VECTOR('',#5871,1.0);
#5869=DIRECTION('',(-0.4714020134351413,0.8819184439217125,0));
#5870=DIRECTION('',(0,0,-1));
#5871=DIRECTION('',(0.01859674872362479,-0.03479156904067573,0.9992215508387507));
#5872=FACE_SURFACE('',(#5877),#5873,.T.);
#5873=PLANE('',#5874);
#5874=AXIS2_PLACEMENT_3D('',#184,#5875,#5876);
#5875=DIRECTION('',(-0.8819184439217126,-0.4714020134351414,-0));
#5876=DIRECTION('',(-0.01859674872362479,0.03479156904067573,-0.9992215508387507));
#5877=FACE_BOUND('',#5878,.T.);
#5878=EDGE_LOOP('',(#5879,#5880,#5881));
#5879=ORIENTED_EDGE('',*,*,#5882,.T.);
#5880=ORIENTED_EDGE('',*,*,#5883,.T.);
#5881=ORIENTED_EDGE('',*,*,#5884,.T.);
#5882=EDGE_CURVE('',#185,#241,#5885,.F.);
#5883=EDGE_CURVE('',#241,#243,#5886,.T.);
#5884=EDGE_CURVE('',#243,#185,#5887,.T.);
#5885=LINE('',#184,#5888);
#5886=LINE('',#240,#5889);
#5887=LINE('',#242,#5890);
#5888=VECTOR('',#5891,1.0);
#5889=VECTOR('',#5892,1.0);
#5890=VECTOR('',#5893,1.0);
#5891=DIRECTION('',(-0.01859674872362479,0.03479156904067573,-0.9992215508387507));
#5892=DIRECTION('',(0.4714020134351413,-0.8819184439217125,0));
#5893=DIRECTION('',(0,0,1));
#5894=FACE_SURFACE('',(#5899),#5895,.T.);
#5895=PLANE('',#5896);
#5896=AXIS2_PLACEMENT_3D('',#186,#5897,#5898);
#5897=DIRECTION('',(-0.9569506643238057,-0.2902506262701716,0));
#5898=DIRECTION('',(-0.2902506262701716,0.9569506643238057,0));
#5899=FACE_BOUND('',#5900,.T.);
#5900=EDGE_LOOP('',(#5901,#5902,#5903));
#5901=ORIENTED_EDGE('',*,*,#5904,.T.);
#5902=ORIENTED_EDGE('',*,*,#5905,.T.);
#5903=ORIENTED_EDGE('',*,*,#5906,.T.);
#5904=EDGE_CURVE('',#187,#185,#5907,.F.);
#5905=EDGE_CURVE('',#185,#243,#5908,.T.);
#5906=EDGE_CURVE('',#243,#187,#5909,.T.);
#5907=LINE('',#186,#5910);
#5908=LINE('',#184,#5911);
#5909=LINE('',#242,#5912);
#5910=VECTOR('',#5913,1.0);
#5911=VECTOR('',#5914,1.0);
#5912=VECTOR('',#5915,1.0);
#5913=DIRECTION('',(-0.2902506262701716,0.9569506643238057,0));
#5914=DIRECTION('',(0,0,-1));
#5915=DIRECTION('',(0.011450102278549305,-0.037750764306134846,0.9992215845107197));
#5916=FACE_SURFACE('',(#5921),#5917,.T.);
#5917=PLANE('',#5918);
#5918=AXIS2_PLACEMENT_3D('',#186,#5919,#5920);
#5919=DIRECTION('',(-0.9569506643238057,-0.2902506262701716,-0));
#5920=DIRECTION('',(-0.011450102278549305,0.037750764306134846,-0.9992215845107197));
#5921=FACE_BOUND('',#5922,.T.);
#5922=EDGE_LOOP('',(#5923,#5924,#5925));
#5923=ORIENTED_EDGE('',*,*,#5926,.T.);
#5924=ORIENTED_EDGE('',*,*,#5927,.T.);
#5925=ORIENTED_EDGE('',*,*,#5928,.T.);
#5926=EDGE_CURVE('',#187,#243,#5929,.F.);
#5927=EDGE_CURVE('',#243,#249,#5930,.T.);
#5928=EDGE_CURVE('',#249,#187,#5931,.T.);
#5929=LINE('',#186,#5932);
#5930=LINE('',#242,#5933);
#5931=LINE('',#248,#5934);
#5932=VECTOR('',#5935,1.0);
#5933=VECTOR('',#5936,1.0);
#5934=VECTOR('',#5937,1.0);
#5935=DIRECTION('',(-0.011450102278549305,0.037750764306134846,-0.9992215845107197));
#5936=DIRECTION('',(0.2902506262701716,-0.9569506643238057,0));
#5937=DIRECTION('',(0,0,1));
#5938=FACE_SURFACE('',(#5943),#5939,.T.);
#5939=PLANE('',#5940);
#5940=AXIS2_PLACEMENT_3D('',#166,#5941,#5942);
#5941=DIRECTION('',(-0.9951791620824499,-0.09807362212579285,0));
#5942=DIRECTION('',(-0.09807362212579283,0.9951791620824499,0));
#5943=FACE_BOUND('',#5944,.T.);
#5944=EDGE_LOOP('',(#5945,#5946,#5947));
#5945=ORIENTED_EDGE('',*,*,#5948,.T.);
#5946=ORIENTED_EDGE('',*,*,#5949,.T.);
#5947=ORIENTED_EDGE('',*,*,#5950,.T.);
#5948=EDGE_CURVE('',#167,#187,#5951,.F.);
#5949=EDGE_CURVE('',#187,#249,#5952,.T.);
#5950=EDGE_CURVE('',#249,#167,#5953,.T.);
#5951=LINE('',#166,#5954);
#5952=LINE('',#186,#5955);
#5953=LINE('',#248,#5956);
#5954=VECTOR('',#5957,1.0);
#5955=VECTOR('',#5958,1.0);
#5956=VECTOR('',#5959,1.0);
#5957=DIRECTION('',(-0.09807362212579283,0.9951791620824499,0));
#5958=DIRECTION('',(0,0,-1));
#5959=DIRECTION('',(0.0038690153227296012,-0.03925992885242462,0.9992215413545362));
#5960=FACE_SURFACE('',(#5965),#5961,.T.);
#5961=PLANE('',#5962);
#5962=AXIS2_PLACEMENT_3D('',#166,#5963,#5964);
#5963=DIRECTION('',(-0.9951791620824499,-0.09807362212579285,-0));
#5964=DIRECTION('',(-0.0038690153227296012,0.03925992885242462,-0.9992215413545362));
#5965=FACE_BOUND('',#5966,.T.);
#5966=EDGE_LOOP('',(#5967,#5968,#5969));
#5967=ORIENTED_EDGE('',*,*,#5970,.T.);
#5968=ORIENTED_EDGE('',*,*,#5971,.T.);
#5969=ORIENTED_EDGE('',*,*,#5972,.T.);
#5970=EDGE_CURVE('',#167,#249,#5973,.F.);
#5971=EDGE_CURVE('',#249,#251,#5974,.T.);
#5972=EDGE_CURVE('',#251,#167,#5975,.T.);
#5973=LINE('',#166,#5976);
#5974=LINE('',#248,#5977);
#5975=LINE('',#250,#5978);
#5976=VECTOR('',#5979,1.0);
#5977=VECTOR('',#5980,1.0);
#5978=VECTOR('',#5981,1.0);
#5979=DIRECTION('',(-0.0038690153227296012,0.03925992885242462,-0.9992215413545362));
#5980=DIRECTION('',(0.09807362212579283,-0.9951791620824499,0));
#5981=DIRECTION('',(0,0,1));
#5982=FACE_SURFACE('',(#5987),#5983,.T.);
#5983=PLANE('',#5984);
#5984=AXIS2_PLACEMENT_3D('',#162,#5985,#5986);
#5985=DIRECTION('',(-0.9951791620824499,0.09807362212579285,0));
#5986=DIRECTION('',(0.09807362212579283,0.9951791620824499,0));
#5987=FACE_BOUND('',#5988,.T.);
#5988=EDGE_LOOP('',(#5989,#5990,#5991));
#5989=ORIENTED_EDGE('',*,*,#5992,.T.);
#5990=ORIENTED_EDGE('',*,*,#5993,.T.);
#5991=ORIENTED_EDGE('',*,*,#5994,.T.);
#5992=EDGE_CURVE('',#163,#167,#5995,.F.);
#5993=EDGE_CURVE('',#167,#251,#5996,.T.);
#5994=EDGE_CURVE('',#251,#163,#5997,.T.);
#5995=LINE('',#162,#5998);
#5996=LINE('',#166,#5999);
#5997=LINE('',#250,#6000);
#5998=VECTOR('',#6001,1.0);
#5999=VECTOR('',#6002,1.0);
#6000=VECTOR('',#6003,1.0);
#6001=DIRECTION('',(0.09807362212579283,0.9951791620824499,0));
#6002=DIRECTION('',(0,0,-1));
#6003=DIRECTION('',(-0.0038690153227296012,-0.03925992885242462,0.9992215413545362));
#6004=FACE_SURFACE('',(#6009),#6005,.T.);
#6005=PLANE('',#6006);
#6006=AXIS2_PLACEMENT_3D('',#162,#6007,#6008);
#6007=DIRECTION('',(-0.9951791620824499,0.09807362212579285,0));
#6008=DIRECTION('',(0.0038690153227296012,0.03925992885242462,-0.9992215413545362));
#6009=FACE_BOUND('',#6010,.T.);
#6010=EDGE_LOOP('',(#6011,#6012,#6013));
#6011=ORIENTED_EDGE('',*,*,#6014,.T.);
#6012=ORIENTED_EDGE('',*,*,#6015,.T.);
#6013=ORIENTED_EDGE('',*,*,#6016,.T.);
#6014=EDGE_CURVE('',#163,#251,#6017,.F.);
#6015=EDGE_CURVE('',#251,#257,#6018,.T.);
#6016=EDGE_CURVE('',#257,#163,#6019,.T.);
#6017=LINE('',#162,#6020);
#6018=LINE('',#250,#6021);
#6019=LINE('',#256,#6022);
#6020=VECTOR('',#6023,1.0);
#6021=VECTOR('',#6024,1.0);
#6022=VECTOR('',#6025,1.0);
#6023=DIRECTION('',(0.0038690153227296012,0.03925992885242462,-0.9992215413545362));
#6024=DIRECTION('',(-0.09807362212579283,-0.9951791620824499,0));
#6025=DIRECTION('',(0,0,1));
#6026=FACE_SURFACE('',(#6031),#6027,.T.);
#6027=PLANE('',#6028);
#6028=AXIS2_PLACEMENT_3D('',#158,#6029,#6030);
#6029=DIRECTION('',(-0.956948235509782,0.29025863390210244,0));
#6030=DIRECTION('',(0.29025863390210244,0.9569482355097821,0));
#6031=FACE_BOUND('',#6032,.T.);
#6032=EDGE_LOOP('',(#6033,#6034,#6035));
#6033=ORIENTED_EDGE('',*,*,#6036,.T.);
#6034=ORIENTED_EDGE('',*,*,#6037,.T.);
#6035=ORIENTED_EDGE('',*,*,#6038,.T.);
#6036=EDGE_CURVE('',#159,#163,#6039,.F.);
#6037=EDGE_CURVE('',#163,#257,#6040,.T.);
#6038=EDGE_CURVE('',#257,#159,#6041,.T.);
#6039=LINE('',#158,#6042);
#6040=LINE('',#162,#6043);
#6041=LINE('',#256,#6044);
#6042=VECTOR('',#6045,1.0);
#6043=VECTOR('',#6046,1.0);
#6044=VECTOR('',#6047,1.0);
#6045=DIRECTION('',(0.29025863390210244,0.9569482355097821,0));
#6046=DIRECTION('',(0,0,-1));
#6047=DIRECTION('',(-0.011450102770129932,-0.037749628650071795,0.9992216274097229));
#6048=FACE_SURFACE('',(#6053),#6049,.T.);
#6049=PLANE('',#6050);
#6050=AXIS2_PLACEMENT_3D('',#158,#6051,#6052);
#6051=DIRECTION('',(-0.956948235509782,0.29025863390210244,0));
#6052=DIRECTION('',(0.011450102770129932,0.037749628650071795,-0.9992216274097229));
#6053=FACE_BOUND('',#6054,.T.);
#6054=EDGE_LOOP('',(#6055,#6056,#6057));
#6055=ORIENTED_EDGE('',*,*,#6058,.T.);
#6056=ORIENTED_EDGE('',*,*,#6059,.T.);
#6057=ORIENTED_EDGE('',*,*,#6060,.T.);
#6058=EDGE_CURVE('',#159,#257,#6061,.F.);
#6059=EDGE_CURVE('',#257,#261,#6062,.T.);
#6060=EDGE_CURVE('',#261,#159,#6063,.T.);
#6061=LINE('',#158,#6064);
#6062=LINE('',#256,#6065);
#6063=LINE('',#260,#6066);
#6064=VECTOR('',#6067,1.0);
#6065=VECTOR('',#6068,1.0);
#6066=VECTOR('',#6069,1.0);
#6067=DIRECTION('',(0.011450102770129932,0.037749628650071795,-0.9992216274097229));
#6068=DIRECTION('',(-0.29025863390210244,-0.9569482355097821,0));
#6069=DIRECTION('',(0,0,1));
#6070=FACE_SURFACE('',(#6075),#6071,.T.);
#6071=PLANE('',#6072);
#6072=AXIS2_PLACEMENT_3D('',#154,#6073,#6074);
#6073=DIRECTION('',(-0.881924849920597,0.47139002863078494,0));
#6074=DIRECTION('',(0.4713900286307849,0.881924849920597,0));
#6075=FACE_BOUND('',#6076,.T.);
#6076=EDGE_LOOP('',(#6077,#6078,#6079));
#6077=ORIENTED_EDGE('',*,*,#6080,.T.);
#6078=ORIENTED_EDGE('',*,*,#6081,.T.);
#6079=ORIENTED_EDGE('',*,*,#6082,.T.);
#6080=EDGE_CURVE('',#155,#159,#6083,.F.);
#6081=EDGE_CURVE('',#159,#261,#6084,.T.);
#6082=EDGE_CURVE('',#261,#155,#6085,.T.);
#6083=LINE('',#154,#6086);
#6084=LINE('',#158,#6087);
#6085=LINE('',#260,#6088);
#6086=VECTOR('',#6089,1.0);
#6087=VECTOR('',#6090,1.0);
#6088=VECTOR('',#6091,1.0);
#6089=DIRECTION('',(0.4713900286307849,0.881924849920597,0));
#6090=DIRECTION('',(0,0,-1));
#6091=DIRECTION('',(-0.018596747987783328,-0.034792704940695654,0.9992215113012672));
#6092=FACE_SURFACE('',(#6097),#6093,.T.);
#6093=PLANE('',#6094);
#6094=AXIS2_PLACEMENT_3D('',#154,#6095,#6096);
#6095=DIRECTION('',(-0.881924849920597,0.47139002863078494,0));
#6096=DIRECTION('',(0.018596747987783328,0.034792704940695654,-0.9992215113012672));
#6097=FACE_BOUND('',#6098,.T.);
#6098=EDGE_LOOP('',(#6099,#6100,#6101));
#6099=ORIENTED_EDGE('',*,*,#6102,.T.);
#6100=ORIENTED_EDGE('',*,*,#6103,.T.);
#6101=ORIENTED_EDGE('',*,*,#6104,.T.);
#6102=EDGE_CURVE('',#155,#261,#6105,.F.);
#6103=EDGE_CURVE('',#261,#265,#6106,.T.);
#6104=EDGE_CURVE('',#265,#155,#6107,.T.);
#6105=LINE('',#154,#6108);
#6106=LINE('',#260,#6109);
#6107=LINE('',#264,#6110);
#6108=VECTOR('',#6111,1.0);
#6109=VECTOR('',#6112,1.0);
#6110=VECTOR('',#6113,1.0);
#6111=DIRECTION('',(0.018596747987783328,0.034792704940695654,-0.9992215113012672));
#6112=DIRECTION('',(-0.4713900286307849,-0.881924849920597,0));
#6113=DIRECTION('',(0,0,1));
#6114=FACE_SURFACE('',(#6119),#6115,.T.);
#6115=PLANE('',#6116);
#6116=AXIS2_PLACEMENT_3D('',#150,#6117,#6118);
#6117=DIRECTION('',(-0.7730059449332993,0.6343987776610049,0));
#6118=DIRECTION('',(0.6343987776610048,0.7730059449332992,0));
#6119=FACE_BOUND('',#6120,.T.);
#6120=EDGE_LOOP('',(#6121,#6122,#6123));
#6121=ORIENTED_EDGE('',*,*,#6124,.T.);
#6122=ORIENTED_EDGE('',*,*,#6125,.T.);
#6123=ORIENTED_EDGE('',*,*,#6126,.T.);
#6124=EDGE_CURVE('',#151,#155,#6127,.F.);
#6125=EDGE_CURVE('',#155,#265,#6128,.T.);
#6126=EDGE_CURVE('',#265,#151,#6129,.T.);
#6127=LINE('',#150,#6130);
#6128=LINE('',#154,#6131);
#6129=LINE('',#264,#6132);
#6130=VECTOR('',#6133,1.0);
#6131=VECTOR('',#6134,1.0);
#6132=VECTOR('',#6135,1.0);
#6133=DIRECTION('',(0.6343987776610048,0.7730059449332992,0));
#6134=DIRECTION('',(0,0,-1));
#6135=DIRECTION('',(-0.025026911289190247,-0.03049493771282138,0.999221553252938));
#6136=FACE_SURFACE('',(#6141),#6137,.T.);
#6137=PLANE('',#6138);
#6138=AXIS2_PLACEMENT_3D('',#150,#6139,#6140);
#6139=DIRECTION('',(-0.7730059449332993,0.6343987776610049,0));
#6140=DIRECTION('',(0.025026911289190247,0.03049493771282138,-0.999221553252938));
#6141=FACE_BOUND('',#6142,.T.);
#6142=EDGE_LOOP('',(#6143,#6144,#6145));
#6143=ORIENTED_EDGE('',*,*,#6146,.T.);
#6144=ORIENTED_EDGE('',*,*,#6147,.T.);
#6145=ORIENTED_EDGE('',*,*,#6148,.T.);
#6146=EDGE_CURVE('',#151,#265,#6149,.F.);
#6147=EDGE_CURVE('',#265,#269,#6150,.T.);
#6148=EDGE_CURVE('',#269,#151,#6151,.T.);
#6149=LINE('',#150,#6152);
#6150=LINE('',#264,#6153);
#6151=LINE('',#268,#6154);
#6152=VECTOR('',#6155,1.0);
#6153=VECTOR('',#6156,1.0);
#6154=VECTOR('',#6157,1.0);
#6155=DIRECTION('',(0.025026911289190247,0.03049493771282138,-0.999221553252938));
#6156=DIRECTION('',(-0.6343987776610048,-0.7730059449332992,0));
#6157=DIRECTION('',(0,0,1));
#6158=FACE_SURFACE('',(#6163),#6159,.T.);
#6159=PLANE('',#6160);
#6160=AXIS2_PLACEMENT_3D('',#146,#6161,#6162);
#6161=DIRECTION('',(-0.6344098267885963,0.7729968768850644,0));
#6162=DIRECTION('',(0.7729968768850644,0.6344098267885963,0));
#6163=FACE_BOUND('',#6164,.T.);
#6164=EDGE_LOOP('',(#6165,#6166,#6167));
#6165=ORIENTED_EDGE('',*,*,#6168,.T.);
#6166=ORIENTED_EDGE('',*,*,#6169,.T.);
#6167=ORIENTED_EDGE('',*,*,#6170,.T.);
#6168=EDGE_CURVE('',#147,#151,#6171,.F.);
#6169=EDGE_CURVE('',#151,#269,#6172,.T.);
#6170=EDGE_CURVE('',#269,#147,#6173,.T.);
#6171=LINE('',#146,#6174);
#6172=LINE('',#150,#6175);
#6173=LINE('',#268,#6176);
#6174=VECTOR('',#6177,1.0);
#6175=VECTOR('',#6178,1.0);
#6176=VECTOR('',#6179,1.0);
#6177=DIRECTION('',(0.7729968768850644,0.6344098267885963,0));
#6178=DIRECTION('',(0,0,-1));
#6179=DIRECTION('',(-0.030492666142243774,-0.025025776460542826,0.9992216509984582));
#6180=FACE_SURFACE('',(#6185),#6181,.T.);
#6181=PLANE('',#6182);
#6182=AXIS2_PLACEMENT_3D('',#146,#6183,#6184);
#6183=DIRECTION('',(-0.6344098267885963,0.7729968768850644,0));
#6184=DIRECTION('',(0.030492666142243774,0.025025776460542826,-0.9992216509984582));
#6185=FACE_BOUND('',#6186,.T.);
#6186=EDGE_LOOP('',(#6187,#6188,#6189));
#6187=ORIENTED_EDGE('',*,*,#6190,.T.);
#6188=ORIENTED_EDGE('',*,*,#6191,.T.);
#6189=ORIENTED_EDGE('',*,*,#6192,.T.);
#6190=EDGE_CURVE('',#147,#269,#6193,.F.);
#6191=EDGE_CURVE('',#269,#273,#6194,.T.);
#6192=EDGE_CURVE('',#273,#147,#6195,.T.);
#6193=LINE('',#146,#6196);
#6194=LINE('',#268,#6197);
#6195=LINE('',#272,#6198);
#6196=VECTOR('',#6199,1.0);
#6197=VECTOR('',#6200,1.0);
#6198=VECTOR('',#6201,1.0);
#6199=DIRECTION('',(0.030492666142243774,0.025025776460542826,-0.9992216509984582));
#6200=DIRECTION('',(-0.7729968768850644,-0.6344098267885963,0));
#6201=DIRECTION('',(0,0,1));
#6202=FACE_SURFACE('',(#6207),#6203,.T.);
#6203=PLANE('',#6204);
#6204=AXIS2_PLACEMENT_3D('',#142,#6205,#6206);
#6205=DIRECTION('',(-0.47141322439978905,0.8819124513584068,0));
#6206=DIRECTION('',(0.8819124513584067,0.471413224399789,0));
#6207=FACE_BOUND('',#6208,.T.);
#6208=EDGE_LOOP('',(#6209,#6210,#6211));
#6209=ORIENTED_EDGE('',*,*,#6212,.T.);
#6210=ORIENTED_EDGE('',*,*,#6213,.T.);
#6211=ORIENTED_EDGE('',*,*,#6214,.T.);
#6212=EDGE_CURVE('',#143,#147,#6215,.F.);
#6213=EDGE_CURVE('',#147,#273,#6216,.T.);
#6214=EDGE_CURVE('',#273,#143,#6217,.T.);
#6215=LINE('',#142,#6218);
#6216=LINE('',#146,#6219);
#6217=LINE('',#272,#6220);
#6218=VECTOR('',#6221,1.0);
#6219=VECTOR('',#6222,1.0);
#6220=VECTOR('',#6223,1.0);
#6221=DIRECTION('',(0.8819124513584067,0.471413224399789,0));
#6222=DIRECTION('',(0,0,-1));
#6223=DIRECTION('',(-0.034791568672755374,-0.018597317165312245,0.9992215402719968));
#6224=FACE_SURFACE('',(#6229),#6225,.T.);
#6225=PLANE('',#6226);
#6226=AXIS2_PLACEMENT_3D('',#142,#6227,#6228);
#6227=DIRECTION('',(-0.47141322439978905,0.8819124513584068,0));
#6228=DIRECTION('',(0.034791568672755374,0.018597317165312245,-0.9992215402719968));
#6229=FACE_BOUND('',#6230,.T.);
#6230=EDGE_LOOP('',(#6231,#6232,#6233));
#6231=ORIENTED_EDGE('',*,*,#6234,.T.);
#6232=ORIENTED_EDGE('',*,*,#6235,.T.);
#6233=ORIENTED_EDGE('',*,*,#6236,.T.);
#6234=EDGE_CURVE('',#143,#273,#6237,.F.);
#6235=EDGE_CURVE('',#273,#277,#6238,.T.);
#6236=EDGE_CURVE('',#277,#143,#6239,.T.);
#6237=LINE('',#142,#6240);
#6238=LINE('',#272,#6241);
#6239=LINE('',#276,#6242);
#6240=VECTOR('',#6243,1.0);
#6241=VECTOR('',#6244,1.0);
#6242=VECTOR('',#6245,1.0);
#6243=DIRECTION('',(0.034791568672755374,0.018597317165312245,-0.9992215402719968));
#6244=DIRECTION('',(-0.8819124513584067,-0.471413224399789,0));
#6245=DIRECTION('',(0,0,1));
#6246=FACE_SURFACE('',(#6251),#6247,.T.);
#6247=PLANE('',#6248);
#6248=AXIS2_PLACEMENT_3D('',#138,#6249,#6250);
#6249=DIRECTION('',(-0.29024781174949843,0.9569515179854347,0));
#6250=DIRECTION('',(0.9569515179854348,0.29024781174949843,0));
#6251=FACE_BOUND('',#6252,.T.);
#6252=EDGE_LOOP('',(#6253,#6254,#6255));
#6253=ORIENTED_EDGE('',*,*,#6256,.T.);
#6254=ORIENTED_EDGE('',*,*,#6257,.T.);
#6255=ORIENTED_EDGE('',*,*,#6258,.T.);
#6256=EDGE_CURVE('',#139,#143,#6259,.F.);
#6257=EDGE_CURVE('',#143,#277,#6260,.T.);
#6258=EDGE_CURVE('',#277,#139,#6261,.T.);
#6259=LINE('',#138,#6262);
#6260=LINE('',#142,#6263);
#6261=LINE('',#276,#6264);
#6262=VECTOR('',#6265,1.0);
#6263=VECTOR('',#6266,1.0);
#6264=VECTOR('',#6267,1.0);
#6265=DIRECTION('',(0.9569515179854348,0.29024781174949843,0));
#6266=DIRECTION('',(0,0,-1));
#6267=DIRECTION('',(-0.03775303537200727,-0.011450669859111194,0.9992214922027937));
#6268=FACE_SURFACE('',(#6273),#6269,.T.);
#6269=PLANE('',#6270);
#6270=AXIS2_PLACEMENT_3D('',#138,#6271,#6272);
#6271=DIRECTION('',(-0.29024781174949843,0.9569515179854347,0));
#6272=DIRECTION('',(0.03775303537200727,0.011450669859111194,-0.9992214922027937));
#6273=FACE_BOUND('',#6274,.T.);
#6274=EDGE_LOOP('',(#6275,#6276,#6277));
#6275=ORIENTED_EDGE('',*,*,#6278,.T.);
#6276=ORIENTED_EDGE('',*,*,#6279,.T.);
#6277=ORIENTED_EDGE('',*,*,#6280,.T.);
#6278=EDGE_CURVE('',#139,#277,#6281,.F.);
#6279=EDGE_CURVE('',#277,#281,#6282,.T.);
#6280=EDGE_CURVE('',#281,#139,#6283,.T.);
#6281=LINE('',#138,#6284);
#6282=LINE('',#276,#6285);
#6283=LINE('',#280,#6286);
#6284=VECTOR('',#6287,1.0);
#6285=VECTOR('',#6288,1.0);
#6286=VECTOR('',#6289,1.0);
#6287=DIRECTION('',(0.03775303537200727,0.011450669859111194,-0.9992214922027937));
#6288=DIRECTION('',(-0.9569515179854348,-0.29024781174949843,0));
#6289=DIRECTION('',(0,0,1));
#6290=FACE_SURFACE('',(#6295),#6291,.T.);
#6291=PLANE('',#6292);
#6292=AXIS2_PLACEMENT_3D('',#134,#6293,#6294);
#6293=DIRECTION('',(-0.09801933188841773,0.9951845108200529,0));
#6294=DIRECTION('',(0.995184510820053,0.09801933188841773,0));
#6295=FACE_BOUND('',#6296,.T.);
#6296=EDGE_LOOP('',(#6297,#6298,#6299));
#6297=ORIENTED_EDGE('',*,*,#6300,.T.);
#6298=ORIENTED_EDGE('',*,*,#6301,.T.);
#6299=ORIENTED_EDGE('',*,*,#6302,.T.);
#6300=EDGE_CURVE('',#135,#139,#6303,.F.);
#6301=EDGE_CURVE('',#139,#281,#6304,.T.);
#6302=EDGE_CURVE('',#281,#135,#6305,.T.);
#6303=LINE('',#134,#6306);
#6304=LINE('',#138,#6307);
#6305=LINE('',#280,#6308);
#6306=VECTOR('',#6309,1.0);
#6307=VECTOR('',#6310,1.0);
#6308=VECTOR('',#6311,1.0);
#6309=DIRECTION('',(0.995184510820053,0.09801933188841773,0));
#6310=DIRECTION('',(0,0,-1));
#6311=DIRECTION('',(-0.03925879367397099,-0.0038667409759994605,0.9992215947593853));
#6312=FACE_SURFACE('',(#6317),#6313,.T.);
#6313=PLANE('',#6314);
#6314=AXIS2_PLACEMENT_3D('',#134,#6315,#6316);
#6315=DIRECTION('',(-0.09801933188841773,0.9951845108200529,0));
#6316=DIRECTION('',(0.03925879367397099,0.0038667409759994605,-0.9992215947593853));
#6317=FACE_BOUND('',#6318,.T.);
#6318=EDGE_LOOP('',(#6319,#6320,#6321));
#6319=ORIENTED_EDGE('',*,*,#6322,.T.);
#6320=ORIENTED_EDGE('',*,*,#6323,.T.);
#6321=ORIENTED_EDGE('',*,*,#6324,.T.);
#6322=EDGE_CURVE('',#135,#281,#6325,.F.);
#6323=EDGE_CURVE('',#281,#285,#6326,.T.);
#6324=EDGE_CURVE('',#285,#135,#6327,.T.);
#6325=LINE('',#134,#6328);
#6326=LINE('',#280,#6329);
#6327=LINE('',#284,#6330);
#6328=VECTOR('',#6331,1.0);
#6329=VECTOR('',#6332,1.0);
#6330=VECTOR('',#6333,1.0);
#6331=DIRECTION('',(0.03925879367397099,0.0038667409759994605,-0.9992215947593853));
#6332=DIRECTION('',(-0.995184510820053,-0.09801933188841773,0));
#6333=DIRECTION('',(0,0,1));
#6334=FACE_SURFACE('',(#6339),#6335,.T.);
#6335=PLANE('',#6336);
#6336=AXIS2_PLACEMENT_3D('',#130,#6337,#6338);
#6337=DIRECTION('',(0.0980137077841457,0.9951850647424347,0));
#6338=DIRECTION('',(0.9951850647424347,-0.09801370778414571,0));
#6339=FACE_BOUND('',#6340,.T.);
#6340=EDGE_LOOP('',(#6341,#6342,#6343));
#6341=ORIENTED_EDGE('',*,*,#6344,.T.);
#6342=ORIENTED_EDGE('',*,*,#6345,.T.);
#6343=ORIENTED_EDGE('',*,*,#6346,.T.);
#6344=EDGE_CURVE('',#131,#135,#6347,.F.);
#6345=EDGE_CURVE('',#135,#285,#6348,.T.);
#6346=EDGE_CURVE('',#285,#131,#6349,.T.);
#6347=LINE('',#130,#6350);
#6348=LINE('',#134,#6351);
#6349=LINE('',#284,#6352);
#6350=VECTOR('',#6353,1.0);
#6351=VECTOR('',#6354,1.0);
#6352=VECTOR('',#6355,1.0);
#6353=DIRECTION('',(0.9951850647424347,-0.09801370778414571,0));
#6354=DIRECTION('',(0,0,-1));
#6355=DIRECTION('',(-0.039261064721519925,0.0038667406307041235,0.9992215055300939));
#6356=FACE_SURFACE('',(#6361),#6357,.T.);
#6357=PLANE('',#6358);
#6358=AXIS2_PLACEMENT_3D('',#130,#6359,#6360);
#6359=DIRECTION('',(0.0980137077841457,0.9951850647424347,0));
#6360=DIRECTION('',(0.039261064721519925,-0.0038667406307041235,-0.9992215055300939));
#6361=FACE_BOUND('',#6362,.T.);
#6362=EDGE_LOOP('',(#6363,#6364,#6365));
#6363=ORIENTED_EDGE('',*,*,#6366,.T.);
#6364=ORIENTED_EDGE('',*,*,#6367,.T.);
#6365=ORIENTED_EDGE('',*,*,#6368,.T.);
#6366=EDGE_CURVE('',#131,#285,#6369,.F.);
#6367=EDGE_CURVE('',#285,#289,#6370,.T.);
#6368=EDGE_CURVE('',#289,#131,#6371,.T.);
#6369=LINE('',#130,#6372);
#6370=LINE('',#284,#6373);
#6371=LINE('',#288,#6374);
#6372=VECTOR('',#6375,1.0);
#6373=VECTOR('',#6376,1.0);
#6374=VECTOR('',#6377,1.0);
#6375=DIRECTION('',(0.039261064721519925,-0.0038667406307041235,-0.9992215055300939));
#6376=DIRECTION('',(-0.9951850647424347,0.09801370778414571,0));
#6377=DIRECTION('',(0,0,1));
#6378=FACE_SURFACE('',(#6383),#6379,.T.);
#6379=PLANE('',#6380);
#6380=AXIS2_PLACEMENT_3D('',#126,#6381,#6382);
#6381=DIRECTION('',(0.29027984262291895,0.9569418022883176,0));
#6382=DIRECTION('',(0.9569418022883175,-0.29027984262291895,0));
#6383=FACE_BOUND('',#6384,.T.);
#6384=EDGE_LOOP('',(#6385,#6386,#6387));
#6385=ORIENTED_EDGE('',*,*,#6388,.T.);
#6386=ORIENTED_EDGE('',*,*,#6389,.T.);
#6387=ORIENTED_EDGE('',*,*,#6390,.T.);
#6388=EDGE_CURVE('',#127,#131,#6391,.F.);
#6389=EDGE_CURVE('',#131,#289,#6392,.T.);
#6390=EDGE_CURVE('',#289,#127,#6393,.T.);
#6391=LINE('',#126,#6394);
#6392=LINE('',#130,#6395);
#6393=LINE('',#288,#6396);
#6394=VECTOR('',#6397,1.0);
#6395=VECTOR('',#6398,1.0);
#6396=VECTOR('',#6399,1.0);
#6397=DIRECTION('',(0.9569418022883175,-0.29027984262291895,0));
#6398=DIRECTION('',(0,0,-1));
#6399=DIRECTION('',(-0.03774849274807713,0.011450671825560815,0.9992216638013769));
#6400=FACE_SURFACE('',(#6405),#6401,.T.);
#6401=PLANE('',#6402);
#6402=AXIS2_PLACEMENT_3D('',#126,#6403,#6404);
#6403=DIRECTION('',(0.29027984262291895,0.9569418022883176,0));
#6404=DIRECTION('',(0.03774849274807713,-0.011450671825560815,-0.9992216638013769));
#6405=FACE_BOUND('',#6406,.T.);
#6406=EDGE_LOOP('',(#6407,#6408,#6409));
#6407=ORIENTED_EDGE('',*,*,#6410,.T.);
#6408=ORIENTED_EDGE('',*,*,#6411,.T.);
#6409=ORIENTED_EDGE('',*,*,#6412,.T.);
#6410=EDGE_CURVE('',#127,#289,#6413,.F.);
#6411=EDGE_CURVE('',#289,#293,#6414,.T.);
#6412=EDGE_CURVE('',#293,#127,#6415,.T.);
#6413=LINE('',#126,#6416);
#6414=LINE('',#288,#6417);
#6415=LINE('',#292,#6418);
#6416=VECTOR('',#6419,1.0);
#6417=VECTOR('',#6420,1.0);
#6418=VECTOR('',#6421,1.0);
#6419=DIRECTION('',(0.03774849274807713,-0.011450671825560815,-0.9992216638013769));
#6420=DIRECTION('',(-0.9569418022883175,0.29027984262291895,0));
#6421=DIRECTION('',(0,0,1));
#6422=FACE_SURFACE('',(#6427),#6423,.T.);
#6423=PLANE('',#6424);
#6424=AXIS2_PLACEMENT_3D('',#122,#6425,#6426);
#6425=DIRECTION('',(0.4713892550690949,0.8819252633899337,0));
#6426=DIRECTION('',(0.8819252633899336,-0.4713892550690949,0));
#6427=FACE_BOUND('',#6428,.T.);
#6428=EDGE_LOOP('',(#6429,#6430,#6431));
#6429=ORIENTED_EDGE('',*,*,#6432,.T.);
#6430=ORIENTED_EDGE('',*,*,#6433,.T.);
#6431=ORIENTED_EDGE('',*,*,#6434,.T.);
#6432=EDGE_CURVE('',#123,#127,#6435,.F.);
#6433=EDGE_CURVE('',#127,#293,#6436,.T.);
#6434=EDGE_CURVE('',#293,#123,#6437,.T.);
#6435=LINE('',#122,#6438);
#6436=LINE('',#126,#6439);
#6437=LINE('',#292,#6440);
#6438=VECTOR('',#6441,1.0);
#6439=VECTOR('',#6442,1.0);
#6440=VECTOR('',#6443,1.0);
#6441=DIRECTION('',(0.8819252633899336,-0.4713892550690949,0));
#6442=DIRECTION('',(0,0,-1));
#6443=DIRECTION('',(-0.034793840472636416,0.018597315693560403,0.9992214611957445));
#6444=FACE_SURFACE('',(#6449),#6445,.T.);
#6445=PLANE('',#6446);
#6446=AXIS2_PLACEMENT_3D('',#122,#6447,#6448);
#6447=DIRECTION('',(0.4713892550690949,0.8819252633899337,0));
#6448=DIRECTION('',(0.034793840472636416,-0.018597315693560403,-0.9992214611957445));
#6449=FACE_BOUND('',#6450,.T.);
#6450=EDGE_LOOP('',(#6451,#6452,#6453));
#6451=ORIENTED_EDGE('',*,*,#6454,.T.);
#6452=ORIENTED_EDGE('',*,*,#6455,.T.);
#6453=ORIENTED_EDGE('',*,*,#6456,.T.);
#6454=EDGE_CURVE('',#123,#293,#6457,.F.);
#6455=EDGE_CURVE('',#293,#297,#6458,.T.);
#6456=EDGE_CURVE('',#297,#123,#6459,.T.);
#6457=LINE('',#122,#6460);
#6458=LINE('',#292,#6461);
#6459=LINE('',#296,#6462);
#6460=VECTOR('',#6463,1.0);
#6461=VECTOR('',#6464,1.0);
#6462=VECTOR('',#6465,1.0);
#6463=DIRECTION('',(0.034793840472636416,-0.018597315693560403,-0.9992214611957445));
#6464=DIRECTION('',(-0.8819252633899336,0.4713892550690949,0));
#6465=DIRECTION('',(0,0,1));
#6466=FACE_SURFACE('',(#6471),#6467,.T.);
#6467=PLANE('',#6468);
#6468=AXIS2_PLACEMENT_3D('',#118,#6469,#6470);
#6469=DIRECTION('',(0.6344098267885963,0.7729968768850644,0));
#6470=DIRECTION('',(0.7729968768850644,-0.6344098267885963,0));
#6471=FACE_BOUND('',#6472,.T.);
#6472=EDGE_LOOP('',(#6473,#6474,#6475));
#6473=ORIENTED_EDGE('',*,*,#6476,.T.);
#6474=ORIENTED_EDGE('',*,*,#6477,.T.);
#6475=ORIENTED_EDGE('',*,*,#6478,.T.);
#6476=EDGE_CURVE('',#119,#123,#6479,.F.);
#6477=EDGE_CURVE('',#123,#297,#6480,.T.);
#6478=EDGE_CURVE('',#297,#119,#6481,.T.);
#6479=LINE('',#118,#6482);
#6480=LINE('',#122,#6483);
#6481=LINE('',#296,#6484);
#6482=VECTOR('',#6485,1.0);
#6483=VECTOR('',#6486,1.0);
#6484=VECTOR('',#6487,1.0);
#6485=DIRECTION('',(0.7729968768850644,-0.6344098267885963,0));
#6486=DIRECTION('',(0,0,-1));
#6487=DIRECTION('',(-0.030492666142243774,0.025025776460542826,0.9992216509984582));
#6488=FACE_SURFACE('',(#6493),#6489,.T.);
#6489=PLANE('',#6490);
#6490=AXIS2_PLACEMENT_3D('',#118,#6491,#6492);
#6491=DIRECTION('',(0.6344098267885963,0.7729968768850644,0));
#6492=DIRECTION('',(0.030492666142243774,-0.025025776460542826,-0.9992216509984582));
#6493=FACE_BOUND('',#6494,.T.);
#6494=EDGE_LOOP('',(#6495,#6496,#6497));
#6495=ORIENTED_EDGE('',*,*,#6498,.T.);
#6496=ORIENTED_EDGE('',*,*,#6499,.T.);
#6497=ORIENTED_EDGE('',*,*,#6500,.T.);
#6498=EDGE_CURVE('',#119,#297,#6501,.F.);
#6499=EDGE_CURVE('',#297,#301,#6502,.T.);
#6500=EDGE_CURVE('',#301,#119,#6503,.T.);
#6501=LINE('',#118,#6504);
#6502=LINE('',#296,#6505);
#6503=LINE('',#300,#6506);
#6504=VECTOR('',#6507,1.0);
#6505=VECTOR('',#6508,1.0);
#6506=VECTOR('',#6509,1.0);
#6507=DIRECTION('',(0.030492666142243774,-0.025025776460542826,-0.9992216509984582));
#6508=DIRECTION('',(-0.7729968768850644,0.6344098267885963,0));
#6509=DIRECTION('',(0,0,1));
#6510=FACE_SURFACE('',(#6515),#6511,.T.);
#6511=PLANE('',#6512);
#6512=AXIS2_PLACEMENT_3D('',#304,#6513,#6514);
#6513=DIRECTION('',(0.7730059449332993,0.6343987776610049,-0));
#6514=DIRECTION('',(0,0,1));
#6515=FACE_BOUND('',#6516,.T.);
#6516=EDGE_LOOP('',(#6517,#6518,#6519));
#6517=ORIENTED_EDGE('',*,*,#6520,.T.);
#6518=ORIENTED_EDGE('',*,*,#6521,.T.);
#6519=ORIENTED_EDGE('',*,*,#6522,.T.);
#6520=EDGE_CURVE('',#305,#115,#6523,.F.);
#6521=EDGE_CURVE('',#115,#119,#6524,.T.);
#6522=EDGE_CURVE('',#119,#305,#6525,.T.);
#6523=LINE('',#304,#6526);
#6524=LINE('',#114,#6527);
#6525=LINE('',#118,#6528);
#6526=VECTOR('',#6529,1.0);
#6527=VECTOR('',#6530,1.0);
#6528=VECTOR('',#6531,1.0);
#6529=DIRECTION('',(0,0,1));
#6530=DIRECTION('',(0.6343987776610048,-0.7730059449332992,0));
#6531=DIRECTION('',(-0.025026911289190247,0.03049493771282138,-0.999221553252938));
#6532=FACE_SURFACE('',(#6537),#6533,.T.);
#6533=PLANE('',#6534);
#6534=AXIS2_PLACEMENT_3D('',#304,#6535,#6536);
#6535=DIRECTION('',(0.7730059449332993,0.6343987776610049,0));
#6536=DIRECTION('',(0.025026911289190247,-0.03049493771282138,0.999221553252938));
#6537=FACE_BOUND('',#6538,.T.);
#6538=EDGE_LOOP('',(#6539,#6540,#6541));
#6539=ORIENTED_EDGE('',*,*,#6542,.T.);
#6540=ORIENTED_EDGE('',*,*,#6543,.T.);
#6541=ORIENTED_EDGE('',*,*,#6544,.T.);
#6542=EDGE_CURVE('',#305,#119,#6545,.F.);
#6543=EDGE_CURVE('',#119,#301,#6546,.T.);
#6544=EDGE_CURVE('',#301,#305,#6547,.T.);
#6545=LINE('',#304,#6548);
#6546=LINE('',#118,#6549);
#6547=LINE('',#300,#6550);
#6548=VECTOR('',#6551,1.0);
#6549=VECTOR('',#6552,1.0);
#6550=VECTOR('',#6553,1.0);
#6551=DIRECTION('',(0.025026911289190247,-0.03049493771282138,0.999221553252938));
#6552=DIRECTION('',(0,0,-1));
#6553=DIRECTION('',(-0.6343987776610048,0.7730059449332992,0));
#6554=FACE_SURFACE('',(#6559),#6555,.T.);
#6555=PLANE('',#6556);
#6556=AXIS2_PLACEMENT_3D('',#308,#6557,#6558);
#6557=DIRECTION('',(0.8819488185182212,0.4713451829756126,-0));
#6558=DIRECTION('',(0,0,1));
#6559=FACE_BOUND('',#6560,.T.);
#6560=EDGE_LOOP('',(#6561,#6562,#6563));
#6561=ORIENTED_EDGE('',*,*,#6564,.T.);
#6562=ORIENTED_EDGE('',*,*,#6565,.T.);
#6563=ORIENTED_EDGE('',*,*,#6566,.T.);
#6564=EDGE_CURVE('',#309,#111,#6567,.F.);
#6565=EDGE_CURVE('',#111,#115,#6568,.T.);
#6566=EDGE_CURVE('',#115,#309,#6569,.T.);
#6567=LINE('',#308,#6570);
#6568=LINE('',#110,#6571);
#6569=LINE('',#114,#6572);
#6570=VECTOR('',#6573,1.0);
#6571=VECTOR('',#6574,1.0);
#6572=VECTOR('',#6575,1.0);
#6573=DIRECTION('',(0,0,1));
#6574=DIRECTION('',(0.4713451829756127,-0.8819488185182213,0));
#6575=DIRECTION('',(-0.01859447422094308,0.03479270641231264,-0.9992215535650507));
#6576=FACE_SURFACE('',(#6581),#6577,.T.);
#6577=PLANE('',#6578);
#6578=AXIS2_PLACEMENT_3D('',#308,#6579,#6580);
#6579=DIRECTION('',(0.8819488185182212,0.4713451829756126,0));
#6580=DIRECTION('',(0.01859447422094308,-0.03479270641231264,0.9992215535650507));
#6581=FACE_BOUND('',#6582,.T.);
#6582=EDGE_LOOP('',(#6583,#6584,#6585));
#6583=ORIENTED_EDGE('',*,*,#6586,.T.);
#6584=ORIENTED_EDGE('',*,*,#6587,.T.);
#6585=ORIENTED_EDGE('',*,*,#6588,.T.);
#6586=EDGE_CURVE('',#309,#115,#6589,.F.);
#6587=EDGE_CURVE('',#115,#305,#6590,.T.);
#6588=EDGE_CURVE('',#305,#309,#6591,.T.);
#6589=LINE('',#308,#6592);
#6590=LINE('',#114,#6593);
#6591=LINE('',#304,#6594);
#6592=VECTOR('',#6595,1.0);
#6593=VECTOR('',#6596,1.0);
#6594=VECTOR('',#6597,1.0);
#6595=DIRECTION('',(0.01859447422094308,-0.03479270641231264,0.9992215535650507));
#6596=DIRECTION('',(0,0,-1));
#6597=DIRECTION('',(-0.4713451829756127,0.8819488185182213,0));
#6598=FACE_SURFACE('',(#6603),#6599,.T.);
#6599=PLANE('',#6600);
#6600=AXIS2_PLACEMENT_3D('',#312,#6601,#6602);
#6601=DIRECTION('',(0.9569322186357853,0.2903114343886469,-0));
#6602=DIRECTION('',(0,0,1));
#6603=FACE_BOUND('',#6604,.T.);
#6604=EDGE_LOOP('',(#6605,#6606,#6607));
#6605=ORIENTED_EDGE('',*,*,#6608,.T.);
#6606=ORIENTED_EDGE('',*,*,#6609,.T.);
#6607=ORIENTED_EDGE('',*,*,#6610,.T.);
#6608=EDGE_CURVE('',#313,#105,#6611,.F.);
#6609=EDGE_CURVE('',#105,#111,#6612,.T.);
#6610=EDGE_CURVE('',#111,#313,#6613,.T.);
#6611=LINE('',#312,#6614);
#6612=LINE('',#104,#6615);
#6613=LINE('',#110,#6616);
#6614=VECTOR('',#6617,1.0);
#6615=VECTOR('',#6618,1.0);
#6616=VECTOR('',#6619,1.0);
#6617=DIRECTION('',(0,0,1));
#6618=DIRECTION('',(0.2903114343886469,-0.9569322186357853,0));
#6619=DIRECTION('',(-0.011452377025425684,0.03774962766682768,-0.9992216013835387));
#6620=FACE_SURFACE('',(#6625),#6621,.T.);
#6621=PLANE('',#6622);
#6622=AXIS2_PLACEMENT_3D('',#312,#6623,#6624);
#6623=DIRECTION('',(0.9569322186357853,0.2903114343886469,0));
#6624=DIRECTION('',(0.011452377025425684,-0.03774962766682768,0.9992216013835387));
#6625=FACE_BOUND('',#6626,.T.);
#6626=EDGE_LOOP('',(#6627,#6628,#6629));
#6627=ORIENTED_EDGE('',*,*,#6630,.T.);
#6628=ORIENTED_EDGE('',*,*,#6631,.T.);
#6629=ORIENTED_EDGE('',*,*,#6632,.T.);
#6630=EDGE_CURVE('',#313,#111,#6633,.F.);
#6631=EDGE_CURVE('',#111,#309,#6634,.T.);
#6632=EDGE_CURVE('',#309,#313,#6635,.T.);
#6633=LINE('',#312,#6636);
#6634=LINE('',#110,#6637);
#6635=LINE('',#308,#6638);
#6636=VECTOR('',#6639,1.0);
#6637=VECTOR('',#6640,1.0);
#6638=VECTOR('',#6641,1.0);
#6639=DIRECTION('',(0.011452377025425684,-0.03774962766682768,0.9992216013835387));
#6640=DIRECTION('',(0,0,-1));
#6641=DIRECTION('',(-0.2903114343886469,0.9569322186357853,0));
#6642=FACE_SURFACE('',(#6647),#6643,.T.);
#6643=PLANE('',#6644);
#6644=AXIS2_PLACEMENT_3D('',#316,#6645,#6646);
#6645=DIRECTION('',(0.9951847877931627,0.09801651975599644,-0));
#6646=DIRECTION('',(0,0,1));
#6647=FACE_BOUND('',#6648,.T.);
#6648=EDGE_LOOP('',(#6649,#6650,#6651));
#6649=ORIENTED_EDGE('',*,*,#6652,.T.);
#6650=ORIENTED_EDGE('',*,*,#6653,.T.);
#6651=ORIENTED_EDGE('',*,*,#6654,.T.);
#6652=EDGE_CURVE('',#317,#103,#6655,.F.);
#6653=EDGE_CURVE('',#103,#105,#6656,.T.);
#6654=EDGE_CURVE('',#105,#317,#6657,.T.);
#6655=LINE('',#316,#6658);
#6656=LINE('',#102,#6659);
#6657=LINE('',#104,#6660);
#6658=VECTOR('',#6661,1.0);
#6659=VECTOR('',#6662,1.0);
#6660=VECTOR('',#6663,1.0);
#6661=DIRECTION('',(0,0,1));
#6662=DIRECTION('',(0.09801651975599646,-0.9951847877931628,0));
#6663=DIRECTION('',(-0.003866740803354281,0.03925992919782151,-0.9992215501453828));
#6664=FACE_SURFACE('',(#6669),#6665,.T.);
#6665=PLANE('',#6666);
#6666=AXIS2_PLACEMENT_3D('',#316,#6667,#6668);
#6667=DIRECTION('',(0.9951847877931627,0.09801651975599644,0));
#6668=DIRECTION('',(0.003866740803354281,-0.03925992919782151,0.9992215501453828));
#6669=FACE_BOUND('',#6670,.T.);
#6670=EDGE_LOOP('',(#6671,#6672,#6673));
#6671=ORIENTED_EDGE('',*,*,#6674,.T.);
#6672=ORIENTED_EDGE('',*,*,#6675,.T.);
#6673=ORIENTED_EDGE('',*,*,#6676,.T.);
#6674=EDGE_CURVE('',#317,#105,#6677,.F.);
#6675=EDGE_CURVE('',#105,#313,#6678,.T.);
#6676=EDGE_CURVE('',#313,#317,#6679,.T.);
#6677=LINE('',#316,#6680);
#6678=LINE('',#104,#6681);
#6679=LINE('',#312,#6682);
#6680=VECTOR('',#6683,1.0);
#6681=VECTOR('',#6684,1.0);
#6682=VECTOR('',#6685,1.0);
#6683=DIRECTION('',(0.003866740803354281,-0.03925992919782151,0.9992215501453828));
#6684=DIRECTION('',(0,0,-1));
#6685=DIRECTION('',(-0.09801651975599646,0.9951847877931628,0));
#6686=FACE_SURFACE('',(#6691),#6687,.T.);
#6687=PLANE('',#6688);
#6688=AXIS2_PLACEMENT_3D('',#334,#6689,#6690);
#6689=DIRECTION('',(0.9951847877931627,-0.09801651975599644,0));
#6690=DIRECTION('',(0,0,1));
#6691=FACE_BOUND('',#6692,.T.);
#6692=EDGE_LOOP('',(#6693,#6694,#6695));
#6693=ORIENTED_EDGE('',*,*,#6696,.T.);
#6694=ORIENTED_EDGE('',*,*,#6697,.T.);
#6695=ORIENTED_EDGE('',*,*,#6698,.T.);
#6696=EDGE_CURVE('',#335,#97,#6699,.F.);
#6697=EDGE_CURVE('',#97,#103,#6700,.T.);
#6698=EDGE_CURVE('',#103,#335,#6701,.T.);
#6699=LINE('',#334,#6702);
#6700=LINE('',#96,#6703);
#6701=LINE('',#102,#6704);
#6702=VECTOR('',#6705,1.0);
#6703=VECTOR('',#6706,1.0);
#6704=VECTOR('',#6707,1.0);
#6705=DIRECTION('',(0,0,1));
#6706=DIRECTION('',(-0.09801651975599646,-0.9951847877931628,0));
#6707=DIRECTION('',(0.003866740803354281,0.03925992919782151,-0.9992215501453828));
#6708=FACE_SURFACE('',(#6713),#6709,.T.);
#6709=PLANE('',#6710);
#6710=AXIS2_PLACEMENT_3D('',#334,#6711,#6712);
#6711=DIRECTION('',(0.9951847877931627,-0.09801651975599644,0));
#6712=DIRECTION('',(-0.003866740803354281,-0.03925992919782151,0.9992215501453828));
#6713=FACE_BOUND('',#6714,.T.);
#6714=EDGE_LOOP('',(#6715,#6716,#6717));
#6715=ORIENTED_EDGE('',*,*,#6718,.T.);
#6716=ORIENTED_EDGE('',*,*,#6719,.T.);
#6717=ORIENTED_EDGE('',*,*,#6720,.T.);
#6718=EDGE_CURVE('',#335,#103,#6721,.F.);
#6719=EDGE_CURVE('',#103,#317,#6722,.T.);
#6720=EDGE_CURVE('',#317,#335,#6723,.T.);
#6721=LINE('',#334,#6724);
#6722=LINE('',#102,#6725);
#6723=LINE('',#316,#6726);
#6724=VECTOR('',#6727,1.0);
#6725=VECTOR('',#6728,1.0);
#6726=VECTOR('',#6729,1.0);
#6727=DIRECTION('',(-0.003866740803354281,-0.03925992919782151,0.9992215501453828));
#6728=DIRECTION('',(0,0,-1));
#6729=DIRECTION('',(0.09801651975599646,0.9951847877931628,0));
#6730=FACE_SURFACE('',(#6735),#6731,.T.);
#6731=PLANE('',#6732);
#6732=AXIS2_PLACEMENT_3D('',#332,#6733,#6734);
#6733=DIRECTION('',(0.9569346482928691,-0.29030342556815064,0));
#6734=DIRECTION('',(0,0,1));
#6735=FACE_BOUND('',#6736,.T.);
#6736=EDGE_LOOP('',(#6737,#6738,#6739));
#6737=ORIENTED_EDGE('',*,*,#6740,.T.);
#6738=ORIENTED_EDGE('',*,*,#6741,.T.);
#6739=ORIENTED_EDGE('',*,*,#6742,.T.);
#6740=EDGE_CURVE('',#333,#95,#6743,.F.);
#6741=EDGE_CURVE('',#95,#97,#6744,.T.);
#6742=EDGE_CURVE('',#97,#333,#6745,.T.);
#6743=LINE('',#332,#6746);
#6744=LINE('',#94,#6747);
#6745=LINE('',#96,#6748);
#6746=VECTOR('',#6749,1.0);
#6747=VECTOR('',#6750,1.0);
#6748=VECTOR('',#6751,1.0);
#6749=DIRECTION('',(0,0,1));
#6750=DIRECTION('',(-0.29030342556815064,-0.9569346482928692,0));
#6751=DIRECTION('',(0.011452376533747442,0.03775076332286123,-0.9992215584845389));
#6752=FACE_SURFACE('',(#6757),#6753,.T.);
#6753=PLANE('',#6754);
#6754=AXIS2_PLACEMENT_3D('',#332,#6755,#6756);
#6755=DIRECTION('',(0.9569346482928691,-0.29030342556815064,0));
#6756=DIRECTION('',(-0.011452376533747442,-0.03775076332286123,0.9992215584845389));
#6757=FACE_BOUND('',#6758,.T.);
#6758=EDGE_LOOP('',(#6759,#6760,#6761));
#6759=ORIENTED_EDGE('',*,*,#6762,.T.);
#6760=ORIENTED_EDGE('',*,*,#6763,.T.);
#6761=ORIENTED_EDGE('',*,*,#6764,.T.);
#6762=EDGE_CURVE('',#333,#97,#6765,.F.);
#6763=EDGE_CURVE('',#97,#335,#6766,.T.);
#6764=EDGE_CURVE('',#335,#333,#6767,.T.);
#6765=LINE('',#332,#6768);
#6766=LINE('',#96,#6769);
#6767=LINE('',#334,#6770);
#6768=VECTOR('',#6771,1.0);
#6769=VECTOR('',#6772,1.0);
#6770=VECTOR('',#6773,1.0);
#6771=DIRECTION('',(-0.011452376533747442,-0.03775076332286123,0.9992215584845389));
#6772=DIRECTION('',(0,0,-1));
#6773=DIRECTION('',(0.29030342556815064,0.9569346482928692,0));
#6774=FACE_SURFACE('',(#6779),#6775,.T.);
#6775=PLANE('',#6776);
#6776=AXIS2_PLACEMENT_3D('',#326,#6777,#6778);
#6777=DIRECTION('',(0.8819424135640673,-0.4713571672912036,0));
#6778=DIRECTION('',(0,0,1));
#6779=FACE_BOUND('',#6780,.T.);
#6780=EDGE_LOOP('',(#6781,#6782,#6783));
#6781=ORIENTED_EDGE('',*,*,#6784,.T.);
#6782=ORIENTED_EDGE('',*,*,#6785,.T.);
#6783=ORIENTED_EDGE('',*,*,#6786,.T.);
#6784=EDGE_CURVE('',#327,#85,#6787,.F.);
#6785=EDGE_CURVE('',#85,#95,#6788,.T.);
#6786=EDGE_CURVE('',#95,#327,#6789,.T.);
#6787=LINE('',#326,#6790);
#6788=LINE('',#84,#6791);
#6789=LINE('',#94,#6792);
#6790=VECTOR('',#6793,1.0);
#6791=VECTOR('',#6794,1.0);
#6792=VECTOR('',#6795,1.0);
#6793=DIRECTION('',(0,0,1));
#6794=DIRECTION('',(-0.4713571672912036,-0.8819424135640673,0));
#6795=DIRECTION('',(0.018594474956694633,0.03479157051224478,-0.9992215931025391));
#6796=FACE_SURFACE('',(#6801),#6797,.T.);
#6797=PLANE('',#6798);
#6798=AXIS2_PLACEMENT_3D('',#326,#6799,#6800);
#6799=DIRECTION('',(0.8819424135640673,-0.4713571672912036,0));
#6800=DIRECTION('',(-0.018594474956694633,-0.03479157051224478,0.9992215931025391));
#6801=FACE_BOUND('',#6802,.T.);
#6802=EDGE_LOOP('',(#6803,#6804,#6805));
#6803=ORIENTED_EDGE('',*,*,#6806,.T.);
#6804=ORIENTED_EDGE('',*,*,#6807,.T.);
#6805=ORIENTED_EDGE('',*,*,#6808,.T.);
#6806=EDGE_CURVE('',#327,#95,#6809,.F.);
#6807=EDGE_CURVE('',#95,#333,#6810,.T.);
#6808=EDGE_CURVE('',#333,#327,#6811,.T.);
#6809=LINE('',#326,#6812);
#6810=LINE('',#94,#6813);
#6811=LINE('',#332,#6814);
#6812=VECTOR('',#6815,1.0);
#6813=VECTOR('',#6816,1.0);
#6814=VECTOR('',#6817,1.0);
#6815=DIRECTION('',(-0.018594474956694633,-0.03479157051224478,0.9992215931025391));
#6816=DIRECTION('',(0,0,-1));
#6817=DIRECTION('',(0.4713571672912036,0.8819424135640673,0));
#6818=FACE_SURFACE('',(#6823),#6819,.T.);
#6819=PLANE('',#6820);
#6820=AXIS2_PLACEMENT_3D('',#324,#6821,#6822);
#6821=DIRECTION('',(0.7729943421970209,-0.6344129151675546,0));
#6822=DIRECTION('',(0,0,1));
#6823=FACE_BOUND('',#6824,.T.);
#6824=EDGE_LOOP('',(#6825,#6826,#6827));
#6825=ORIENTED_EDGE('',*,*,#6828,.T.);
#6826=ORIENTED_EDGE('',*,*,#6829,.T.);
#6827=ORIENTED_EDGE('',*,*,#6830,.T.);
#6828=EDGE_CURVE('',#325,#87,#6831,.F.);
#6829=EDGE_CURVE('',#87,#85,#6832,.T.);
#6830=EDGE_CURVE('',#85,#325,#6833,.T.);
#6831=LINE('',#324,#6834);
#6832=LINE('',#86,#6835);
#6833=LINE('',#84,#6836);
#6834=VECTOR('',#6837,1.0);
#6835=VECTOR('',#6838,1.0);
#6836=VECTOR('',#6839,1.0);
#6837=DIRECTION('',(0,0,1));
#6838=DIRECTION('',(-0.6344129151675546,-0.7729943421970209,0));
#6839=DIRECTION('',(0.025026912157136986,0.030493801493652366,-0.9992215879064786));
#6840=FACE_SURFACE('',(#6845),#6841,.T.);
#6841=PLANE('',#6842);
#6842=AXIS2_PLACEMENT_3D('',#324,#6843,#6844);
#6843=DIRECTION('',(0.7729943421970209,-0.6344129151675546,0));
#6844=DIRECTION('',(-0.025026912157136986,-0.030493801493652366,0.9992215879064786));
#6845=FACE_BOUND('',#6846,.T.);
#6846=EDGE_LOOP('',(#6847,#6848,#6849));
#6847=ORIENTED_EDGE('',*,*,#6850,.T.);
#6848=ORIENTED_EDGE('',*,*,#6851,.T.);
#6849=ORIENTED_EDGE('',*,*,#6852,.T.);
#6850=EDGE_CURVE('',#325,#85,#6853,.F.);
#6851=EDGE_CURVE('',#85,#327,#6854,.T.);
#6852=EDGE_CURVE('',#327,#325,#6855,.T.);
#6853=LINE('',#324,#6856);
#6854=LINE('',#84,#6857);
#6855=LINE('',#326,#6858);
#6856=VECTOR('',#6859,1.0);
#6857=VECTOR('',#6860,1.0);
#6858=VECTOR('',#6861,1.0);
#6859=DIRECTION('',(-0.025026912157136986,-0.030493801493652366,0.9992215879064786));
#6860=DIRECTION('',(0,0,-1));
#6861=DIRECTION('',(0.6344129151675546,0.7729943421970209,0));
#6862=FACE_SURFACE('',(#6867),#6863,.T.);
#6863=PLANE('',#6864);
#6864=AXIS2_PLACEMENT_3D('',#220,#6865,#6866);
#6865=DIRECTION('',(0.6344098267885963,-0.7729968768850644,0));
#6866=DIRECTION('',(0,0,1));
#6867=FACE_BOUND('',#6868,.T.);
#6868=EDGE_LOOP('',(#6869,#6870,#6871));
#6869=ORIENTED_EDGE('',*,*,#6872,.T.);
#6870=ORIENTED_EDGE('',*,*,#6873,.T.);
#6871=ORIENTED_EDGE('',*,*,#6874,.T.);
#6872=EDGE_CURVE('',#221,#195,#6875,.F.);
#6873=EDGE_CURVE('',#195,#87,#6876,.T.);
#6874=EDGE_CURVE('',#87,#221,#6877,.T.);
#6875=LINE('',#220,#6878);
#6876=LINE('',#194,#6879);
#6877=LINE('',#86,#6880);
#6878=VECTOR('',#6881,1.0);
#6879=VECTOR('',#6882,1.0);
#6880=VECTOR('',#6883,1.0);
#6881=DIRECTION('',(0,0,1));
#6882=DIRECTION('',(-0.7729968768850644,-0.6344098267885963,0));
#6883=DIRECTION('',(0.030492666142243774,0.025025776460542826,-0.9992216509984582));
#6884=FACE_SURFACE('',(#6889),#6885,.T.);
#6885=PLANE('',#6886);
#6886=AXIS2_PLACEMENT_3D('',#220,#6887,#6888);
#6887=DIRECTION('',(0.6344098267885963,-0.7729968768850644,0));
#6888=DIRECTION('',(-0.030492666142243774,-0.025025776460542826,0.9992216509984582));
#6889=FACE_BOUND('',#6890,.T.);
#6890=EDGE_LOOP('',(#6891,#6892,#6893));
#6891=ORIENTED_EDGE('',*,*,#6894,.T.);
#6892=ORIENTED_EDGE('',*,*,#6895,.T.);
#6893=ORIENTED_EDGE('',*,*,#6896,.T.);
#6894=EDGE_CURVE('',#221,#87,#6897,.F.);
#6895=EDGE_CURVE('',#87,#325,#6898,.T.);
#6896=EDGE_CURVE('',#325,#221,#6899,.T.);
#6897=LINE('',#220,#6900);
#6898=LINE('',#86,#6901);
#6899=LINE('',#324,#6902);
#6900=VECTOR('',#6903,1.0);
#6901=VECTOR('',#6904,1.0);
#6902=VECTOR('',#6905,1.0);
#6903=DIRECTION('',(-0.030492666142243774,-0.025025776460542826,0.9992216509984582));
#6904=DIRECTION('',(0,0,-1));
#6905=DIRECTION('',(0.7729968768850644,0.6344098267885963,0));
#6906=FACE_SURFACE('',(#6911),#6907,.T.);
#6907=PLANE('',#6908);
#6908=AXIS2_PLACEMENT_3D('',#218,#6909,#6910);
#6909=DIRECTION('',(0.47140046556091847,-0.8819192712878823,0));
#6910=DIRECTION('',(0,0,1));
#6911=FACE_BOUND('',#6912,.T.);
#6912=EDGE_LOOP('',(#6913,#6914,#6915));
#6913=ORIENTED_EDGE('',*,*,#6916,.T.);
#6914=ORIENTED_EDGE('',*,*,#6917,.T.);
#6915=ORIENTED_EDGE('',*,*,#6918,.T.);
#6916=EDGE_CURVE('',#219,#197,#6919,.F.);
#6917=EDGE_CURVE('',#197,#195,#6920,.T.);
#6918=EDGE_CURVE('',#195,#219,#6921,.T.);
#6919=LINE('',#218,#6922);
#6920=LINE('',#196,#6923);
#6921=LINE('',#194,#6924);
#6922=VECTOR('',#6925,1.0);
#6923=VECTOR('',#6926,1.0);
#6924=VECTOR('',#6927,1.0);
#6925=DIRECTION('',(0,0,1));
#6926=DIRECTION('',(-0.8819192712878823,-0.47140046556091847,0));
#6927=DIRECTION('',(0.034793840104680854,0.018597884135184872,-0.9992214506286703));
#6928=FACE_SURFACE('',(#6933),#6929,.T.);
#6929=PLANE('',#6930);
#6930=AXIS2_PLACEMENT_3D('',#218,#6931,#6932);
#6931=DIRECTION('',(0.47140046556091847,-0.8819192712878823,0));
#6932=DIRECTION('',(-0.034793840104680854,-0.018597884135184872,0.9992214506286703));
#6933=FACE_BOUND('',#6934,.T.);
#6934=EDGE_LOOP('',(#6935,#6936,#6937));
#6935=ORIENTED_EDGE('',*,*,#6938,.T.);
#6936=ORIENTED_EDGE('',*,*,#6939,.T.);
#6937=ORIENTED_EDGE('',*,*,#6940,.T.);
#6938=EDGE_CURVE('',#219,#195,#6941,.F.);
#6939=EDGE_CURVE('',#195,#221,#6942,.T.);
#6940=EDGE_CURVE('',#221,#219,#6943,.T.);
#6941=LINE('',#218,#6944);
#6942=LINE('',#194,#6945);
#6943=LINE('',#220,#6946);
#6944=VECTOR('',#6947,1.0);
#6945=VECTOR('',#6948,1.0);
#6946=VECTOR('',#6949,1.0);
#6947=DIRECTION('',(-0.034793840104680854,-0.018597884135184872,0.9992214506286703));
#6948=DIRECTION('',(0,0,-1));
#6949=DIRECTION('',(0.8819192712878823,0.47140046556091847,0));
#6950=FACE_SURFACE('',(#6955),#6951,.T.);
#6951=PLANE('',#6952);
#6952=AXIS2_PLACEMENT_3D('',#226,#6953,#6954);
#6953=DIRECTION('',(0.2902666419555589,-0.9569458064947269,0));
#6954=DIRECTION('',(0,0,1));
#6955=FACE_BOUND('',#6956,.T.);
#6956=EDGE_LOOP('',(#6957,#6958,#6959));
#6957=ORIENTED_EDGE('',*,*,#6960,.T.);
#6958=ORIENTED_EDGE('',*,*,#6961,.T.);
#6959=ORIENTED_EDGE('',*,*,#6962,.T.);
#6960=EDGE_CURVE('',#227,#201,#6963,.F.);
#6961=EDGE_CURVE('',#201,#197,#6964,.T.);
#6962=EDGE_CURVE('',#197,#227,#6965,.T.);
#6963=LINE('',#226,#6966);
#6964=LINE('',#200,#6967);
#6965=LINE('',#196,#6968);
#6966=VECTOR('',#6969,1.0);
#6967=VECTOR('',#6970,1.0);
#6968=VECTOR('',#6971,1.0);
#6969=DIRECTION('',(0,0,1));
#6970=DIRECTION('',(-0.956945806494727,-0.2902666419555589,0));
#6971=DIRECTION('',(0.03774849299386249,0.011450103261695816,-0.9992216703074392));
#6972=FACE_SURFACE('',(#6977),#6973,.T.);
#6973=PLANE('',#6974);
#6974=AXIS2_PLACEMENT_3D('',#226,#6975,#6976);
#6975=DIRECTION('',(0.2902666419555589,-0.9569458064947269,0));
#6976=DIRECTION('',(-0.03774849299386249,-0.011450103261695816,0.9992216703074392));
#6977=FACE_BOUND('',#6978,.T.);
#6978=EDGE_LOOP('',(#6979,#6980,#6981));
#6979=ORIENTED_EDGE('',*,*,#6982,.T.);
#6980=ORIENTED_EDGE('',*,*,#6983,.T.);
#6981=ORIENTED_EDGE('',*,*,#6984,.T.);
#6982=EDGE_CURVE('',#227,#197,#6985,.F.);
#6983=EDGE_CURVE('',#197,#219,#6986,.T.);
#6984=EDGE_CURVE('',#219,#227,#6987,.T.);
#6985=LINE('',#226,#6988);
#6986=LINE('',#196,#6989);
#6987=LINE('',#218,#6990);
#6988=VECTOR('',#6991,1.0);
#6989=VECTOR('',#6992,1.0);
#6990=VECTOR('',#6993,1.0);
#6991=DIRECTION('',(-0.03774849299386249,-0.011450103261695816,0.9992216703074392));
#6992=DIRECTION('',(0,0,-1));
#6993=DIRECTION('',(0.956945806494727,0.2902666419555589,0));
#6994=FACE_SURFACE('',(#6999),#6995,.T.);
#6995=PLANE('',#6996);
#6996=AXIS2_PLACEMENT_3D('',#228,#6997,#6998);
#6997=DIRECTION('',(0.0980422582868888,-0.9951822524492723,0));
#6998=DIRECTION('',(0,0,1));
#6999=FACE_BOUND('',#7000,.T.);
#7000=EDGE_LOOP('',(#7001,#7002,#7003));
#7001=ORIENTED_EDGE('',*,*,#7004,.T.);
#7002=ORIENTED_EDGE('',*,*,#7005,.T.);
#7003=ORIENTED_EDGE('',*,*,#7006,.T.);
#7004=EDGE_CURVE('',#229,#203,#7007,.F.);
#7005=EDGE_CURVE('',#203,#201,#7008,.T.);
#7006=EDGE_CURVE('',#201,#229,#7009,.T.);
#7007=LINE('',#228,#7010);
#7008=LINE('',#202,#7011);
#7009=LINE('',#200,#7012);
#7010=VECTOR('',#7013,1.0);
#7011=VECTOR('',#7014,1.0);
#7012=VECTOR('',#7015,1.0);
#7013=DIRECTION('',(0,0,1));
#7014=DIRECTION('',(-0.9951822524492722,-0.09804225828688878,0));
#7015=DIRECTION('',(0.039261064548841894,0.0038678778903485102,-0.9992215011353173));
#7016=FACE_SURFACE('',(#7021),#7017,.T.);
#7017=PLANE('',#7018);
#7018=AXIS2_PLACEMENT_3D('',#228,#7019,#7020);
#7019=DIRECTION('',(0.0980422582868888,-0.9951822524492723,0));
#7020=DIRECTION('',(-0.039261064548841894,-0.0038678778903485102,0.9992215011353173));
#7021=FACE_BOUND('',#7022,.T.);
#7022=EDGE_LOOP('',(#7023,#7024,#7025));
#7023=ORIENTED_EDGE('',*,*,#7026,.T.);
#7024=ORIENTED_EDGE('',*,*,#7027,.T.);
#7025=ORIENTED_EDGE('',*,*,#7028,.T.);
#7026=EDGE_CURVE('',#229,#201,#7029,.F.);
#7027=EDGE_CURVE('',#201,#227,#7030,.T.);
#7028=EDGE_CURVE('',#227,#229,#7031,.T.);
#7029=LINE('',#228,#7032);
#7030=LINE('',#200,#7033);
#7031=LINE('',#226,#7034);
#7032=VECTOR('',#7035,1.0);
#7033=VECTOR('',#7036,1.0);
#7034=VECTOR('',#7037,1.0);
#7035=DIRECTION('',(-0.039261064548841894,-0.0038678778903485102,0.9992215011353173));
#7036=DIRECTION('',(0,0,-1));
#7037=DIRECTION('',(0.9951822524492722,0.09804225828688878,0));
#7038=FACE_SURFACE('',(#7043),#7039,.T.);
#7039=PLANE('',#7040);
#7040=AXIS2_PLACEMENT_3D('',#72,#7041,#7042);
#7041=DIRECTION('',(0,-1,0));
#7042=DIRECTION('',(0,0,-1));
#7043=FACE_BOUND('',#7044,.T.);
#7044=EDGE_LOOP('',(#7045,#7046,#7047));
#7045=ORIENTED_EDGE('',*,*,#7048,.T.);
#7046=ORIENTED_EDGE('',*,*,#7049,.T.);
#7047=ORIENTED_EDGE('',*,*,#7050,.T.);
#7048=EDGE_CURVE('',#73,#347,#7051,.F.);
#7049=EDGE_CURVE('',#347,#69,#7052,.T.);
#7050=EDGE_CURVE('',#69,#73,#7053,.T.);
#7051=LINE('',#72,#7054);
#7052=LINE('',#346,#7055);
#7053=LINE('',#68,#7056);
#7054=VECTOR('',#7057,1.0);
#7055=VECTOR('',#7058,1.0);
#7056=VECTOR('',#7059,1.0);
#7057=DIRECTION('',(0,0,-1));
#7058=DIRECTION('',(1,0,0));
#7059=DIRECTION('',(-0.999266350873317,0,0.03829830299536844));
#7060=FACE_SURFACE('',(#7065),#7061,.T.);
#7061=PLANE('',#7062);
#7062=AXIS2_PLACEMENT_3D('',#72,#7063,#7064);
#7063=DIRECTION('',(0,-1,0));
#7064=DIRECTION('',(0.999266350873317,0,-0.03829830299536844));
#7065=FACE_BOUND('',#7066,.T.);
#7066=EDGE_LOOP('',(#7067,#7068,#7069));
#7067=ORIENTED_EDGE('',*,*,#7070,.T.);
#7068=ORIENTED_EDGE('',*,*,#7071,.T.);
#7069=ORIENTED_EDGE('',*,*,#7072,.T.);
#7070=EDGE_CURVE('',#73,#69,#7073,.F.);
#7071=EDGE_CURVE('',#69,#63,#7074,.T.);
#7072=EDGE_CURVE('',#63,#73,#7075,.T.);
#7073=LINE('',#72,#7076);
#7074=LINE('',#68,#7077);
#7075=LINE('',#62,#7078);
#7076=VECTOR('',#7079,1.0);
#7077=VECTOR('',#7080,1.0);
#7078=VECTOR('',#7081,1.0);
#7079=DIRECTION('',(0.999266350873317,0,-0.03829830299536844));
#7080=DIRECTION('',(0,0,1));
#7081=DIRECTION('',(-1,0,0));
#7082=FACE_SURFACE('',(#7087),#7083,.T.);
#7083=PLANE('',#7084);
#7084=AXIS2_PLACEMENT_3D('',#348,#7085,#7086);
#7085=DIRECTION('',(0,-1,0));
#7086=DIRECTION('',(0,0,-1));
#7087=FACE_BOUND('',#7088,.T.);
#7088=EDGE_LOOP('',(#7089,#7090,#7091));
#7089=ORIENTED_EDGE('',*,*,#7092,.T.);
#7090=ORIENTED_EDGE('',*,*,#7093,.T.);
#7091=ORIENTED_EDGE('',*,*,#7094,.T.);
#7092=EDGE_CURVE('',#349,#217,#7095,.F.);
#7093=EDGE_CURVE('',#217,#43,#7096,.T.);
#7094=EDGE_CURVE('',#43,#349,#7097,.T.);
#7095=LINE('',#348,#7098);
#7096=LINE('',#216,#7099);
#7097=LINE('',#42,#7100);
#7098=VECTOR('',#7101,1.0);
#7099=VECTOR('',#7102,1.0);
#7100=VECTOR('',#7103,1.0);
#7101=DIRECTION('',(0,0,-1));
#7102=DIRECTION('',(1,0,0));
#7103=DIRECTION('',(-0.9992342588723239,0,0.039126664768131855));
#7104=FACE_SURFACE('',(#7109),#7105,.T.);
#7105=PLANE('',#7106);
#7106=AXIS2_PLACEMENT_3D('',#348,#7107,#7108);
#7107=DIRECTION('',(0,-1,0));
#7108=DIRECTION('',(0.9992342588723239,0,-0.039126664768131855));
#7109=FACE_BOUND('',#7110,.T.);
#7110=EDGE_LOOP('',(#7111,#7112,#7113));
#7111=ORIENTED_EDGE('',*,*,#7114,.T.);
#7112=ORIENTED_EDGE('',*,*,#7115,.T.);
#7113=ORIENTED_EDGE('',*,*,#7116,.T.);
#7114=EDGE_CURVE('',#349,#43,#7117,.F.);
#7115=EDGE_CURVE('',#43,#41,#7118,.T.);
#7116=EDGE_CURVE('',#41,#349,#7119,.T.);
#7117=LINE('',#348,#7120);
#7118=LINE('',#42,#7121);
#7119=LINE('',#40,#7122);
#7120=VECTOR('',#7123,1.0);
#7121=VECTOR('',#7124,1.0);
#7122=VECTOR('',#7125,1.0);
#7123=DIRECTION('',(0.9992342588723239,0,-0.039126664768131855));
#7124=DIRECTION('',(0,0,1));
#7125=DIRECTION('',(-1,0,-1.1071696394775817E-08));
#7126=FACE_SURFACE('',(#7131),#7127,.T.);
#7127=PLANE('',#7128);
#7128=AXIS2_PLACEMENT_3D('',#76,#7129,#7130);
#7129=DIRECTION('',(0,-7.187439805189775E-07,0.9999999999997417));
#7130=DIRECTION('',(-1,0,0));
#7131=FACE_BOUND('',#7132,.T.);
#7132=EDGE_LOOP('',(#7133,#7134,#7135));
#7133=ORIENTED_EDGE('',*,*,#7136,.T.);
#7134=ORIENTED_EDGE('',*,*,#7137,.T.);
#7135=ORIENTED_EDGE('',*,*,#7138,.T.);
#7136=EDGE_CURVE('',#77,#215,#7139,.F.);
#7137=EDGE_CURVE('',#215,#349,#7140,.T.);
#7138=EDGE_CURVE('',#349,#77,#7141,.T.);
#7139=LINE('',#76,#7142);
#7140=LINE('',#214,#7143);
#7141=LINE('',#348,#7144);
#7142=VECTOR('',#7145,1.0);
#7143=VECTOR('',#7146,1.0);
#7144=VECTOR('',#7147,1.0);
#7145=DIRECTION('',(-1,0,0));
#7146=DIRECTION('',(-1.4734251599039649E-05,-0.9999999998911926,-7.187439804409584E-07));
#7147=DIRECTION('',(0.9998849114477791,0.015171152199713073,1.0904174321083832E-08));
#7148=FACE_SURFACE('',(#7153),#7149,.T.);
#7149=PLANE('',#7150);
#7150=AXIS2_PLACEMENT_3D('',#348,#7151,#7152);
#7151=DIRECTION('',(-1.1071696394775814E-08,2.1590086555976476E-08,0.9999999999999998));
#7152=DIRECTION('',(1,0,1.1071696394775817E-08));
#7153=FACE_BOUND('',#7154,.T.);
#7154=EDGE_LOOP('',(#7155,#7156,#7157));
#7155=ORIENTED_EDGE('',*,*,#7158,.T.);
#7156=ORIENTED_EDGE('',*,*,#7159,.T.);
#7157=ORIENTED_EDGE('',*,*,#7160,.T.);
#7158=EDGE_CURVE('',#349,#41,#7161,.F.);
#7159=EDGE_CURVE('',#41,#79,#7162,.T.);
#7160=EDGE_CURVE('',#79,#349,#7163,.T.);
#7161=LINE('',#348,#7164);
#7162=LINE('',#40,#7165);
#7163=LINE('',#78,#7166);
#7164=VECTOR('',#7167,1.0);
#7165=VECTOR('',#7168,1.0);
#7166=VECTOR('',#7169,1.0);
#7167=DIRECTION('',(1,0,1.1071696394775817E-08));
#7168=DIRECTION('',(0.8898198535819729,0.45631198556618735,0));
#7169=DIRECTION('',(-0.9999640325077878,-0.00848137316499017,-1.0888184592876288E-08));
#7170=FACE_SURFACE('',(#7175),#7171,.T.);
#7171=PLANE('',#7172);
#7172=AXIS2_PLACEMENT_3D('',#348,#7173,#7174);
#7173=DIRECTION('',(-1.0867213415574364E-08,-2.5187010759052432E-09,0.9999999999999999));
#7174=DIRECTION('',(0.9999640325077878,0.00848137316499017,1.0888184592876288E-08));
#7175=FACE_BOUND('',#7176,.T.);
#7176=EDGE_LOOP('',(#7177,#7178,#7179));
#7177=ORIENTED_EDGE('',*,*,#7180,.T.);
#7178=ORIENTED_EDGE('',*,*,#7181,.T.);
#7179=ORIENTED_EDGE('',*,*,#7182,.T.);
#7180=EDGE_CURVE('',#349,#79,#7183,.F.);
#7181=EDGE_CURVE('',#79,#77,#7184,.T.);
#7182=EDGE_CURVE('',#77,#349,#7185,.T.);
#7183=LINE('',#348,#7186);
#7184=LINE('',#78,#7187);
#7185=LINE('',#76,#7188);
#7186=VECTOR('',#7189,1.0);
#7187=VECTOR('',#7190,1.0);
#7188=VECTOR('',#7191,1.0);
#7189=DIRECTION('',(0.9999640325077878,0.00848137316499017,1.0888184592876288E-08));
#7190=DIRECTION('',(-0.2257856351546813,0.9741770100745537,0));
#7191=DIRECTION('',(-0.9998849114477791,-0.015171152199713073,-1.0904174321083832E-08));
#7192=FACE_SURFACE('',(#7197),#7193,.T.);
#7193=PLANE('',#7194);
#7194=AXIS2_PLACEMENT_3D('',#68,#7195,#7196);
#7195=DIRECTION('',(-0,-0.015960551785672298,-0.9998726222808068));
#7196=DIRECTION('',(-1,0,0));
#7197=FACE_BOUND('',#7198,.T.);
#7198=EDGE_LOOP('',(#7199,#7200,#7201));
#7199=ORIENTED_EDGE('',*,*,#7202,.T.);
#7200=ORIENTED_EDGE('',*,*,#7203,.T.);
#7201=ORIENTED_EDGE('',*,*,#7204,.T.);
#7202=EDGE_CURVE('',#69,#347,#7205,.F.);
#7203=EDGE_CURVE('',#347,#51,#7206,.T.);
#7204=EDGE_CURVE('',#51,#69,#7207,.T.);
#7205=LINE('',#68,#7208);
#7206=LINE('',#346,#7209);
#7207=LINE('',#50,#7210);
#7208=VECTOR('',#7211,1.0);
#7209=VECTOR('',#7212,1.0);
#7210=VECTOR('',#7213,1.0);
#7211=DIRECTION('',(-1,0,0));
#7212=DIRECTION('',(8.803492249399308E-06,0.999872622242061,-0.015960551785053814));
#7213=DIRECTION('',(0.9998848821070945,-0.015171153119475346,0.00024217082217873435));
#7214=FACE_SURFACE('',(#7219),#7215,.T.);
#7215=PLANE('',#7216);
#7216=AXIS2_PLACEMENT_3D('',#38,#7217,#7218);
#7217=DIRECTION('',(0,0,-1));
#7218=DIRECTION('',(0,1,0));
#7219=FACE_BOUND('',#7220,.T.);
#7220=EDGE_LOOP('',(#7221,#7222,#7223));
#7221=ORIENTED_EDGE('',*,*,#7224,.T.);
#7222=ORIENTED_EDGE('',*,*,#7225,.T.);
#7223=ORIENTED_EDGE('',*,*,#7226,.T.);
#7224=EDGE_CURVE('',#39,#37,#7227,.F.);
#7225=EDGE_CURVE('',#37,#61,#7228,.T.);
#7226=EDGE_CURVE('',#61,#39,#7229,.T.);
#7227=LINE('',#38,#7230);
#7228=LINE('',#36,#7231);
#7229=LINE('',#60,#7232);
#7230=VECTOR('',#7233,1.0);
#7231=VECTOR('',#7234,1.0);
#7232=VECTOR('',#7235,1.0);
#7233=DIRECTION('',(0,1,0));
#7234=DIRECTION('',(1,0,0));
#7235=DIRECTION('',(-0.9957186261661795,-0.09243601844376617,0));
#7236=FACE_SURFACE('',(#7241),#7237,.T.);
#7237=PLANE('',#7238);
#7238=AXIS2_PLACEMENT_3D('',#68,#7239,#7240);
#7239=DIRECTION('',(0,-0.015960551785672298,-0.9998726222808069));
#7240=DIRECTION('',(-0.9998848821070945,0.015171153119475346,-0.00024217082217873435));
#7241=FACE_BOUND('',#7242,.T.);
#7242=EDGE_LOOP('',(#7243,#7244,#7245));
#7243=ORIENTED_EDGE('',*,*,#7246,.T.);
#7244=ORIENTED_EDGE('',*,*,#7247,.T.);
#7245=ORIENTED_EDGE('',*,*,#7248,.T.);
#7246=EDGE_CURVE('',#69,#51,#7249,.F.);
#7247=EDGE_CURVE('',#51,#39,#7250,.T.);
#7248=EDGE_CURVE('',#39,#69,#7251,.T.);
#7249=LINE('',#68,#7252);
#7250=LINE('',#50,#7253);
#7251=LINE('',#38,#7254);
#7252=VECTOR('',#7255,1.0);
#7253=VECTOR('',#7256,1.0);
#7254=VECTOR('',#7257,1.0);
#7255=DIRECTION('',(-0.9998848821070945,0.015171153119475346,-0.00024217082217873435));
#7256=DIRECTION('',(1,0,0));
#7257=DIRECTION('',(0.7034077795403157,-0.7106959947648259,0.011344545270615746));
#7258=FACE_SURFACE('',(#7263),#7259,.T.);
#7259=PLANE('',#7260);
#7260=AXIS2_PLACEMENT_3D('',#60,#7261,#7262);
#7261=DIRECTION('',(0.008738269418538084,-0.012257616547218995,-0.9998866903225336));
#7262=DIRECTION('',(0.9988954822968691,-0.046059010660501394,0.009294244664356492));
#7263=FACE_BOUND('',#7264,.T.);
#7264=EDGE_LOOP('',(#7265,#7266,#7267));
#7265=ORIENTED_EDGE('',*,*,#7268,.T.);
#7266=ORIENTED_EDGE('',*,*,#7269,.T.);
#7267=ORIENTED_EDGE('',*,*,#7270,.T.);
#7268=EDGE_CURVE('',#61,#71,#7271,.F.);
#7269=EDGE_CURVE('',#71,#69,#7272,.T.);
#7270=EDGE_CURVE('',#69,#61,#7273,.T.);
#7271=LINE('',#60,#7274);
#7272=LINE('',#70,#7275);
#7273=LINE('',#68,#7276);
#7274=VECTOR('',#7277,1.0);
#7275=VECTOR('',#7278,1.0);
#7276=VECTOR('',#7279,1.0);
#7277=DIRECTION('',(0.9988954822968691,-0.046059010660501394,0.009294244664356492));
#7278=DIRECTION('',(-0.8142726251011329,-0.5804826371313011,0));
#7279=DIRECTION('',(-0.30451766064730124,0.9523987887354626,-0.014336721003026983));
#7280=FACE_SURFACE('',(#7285),#7281,.T.);
#7281=PLANE('',#7282);
#7282=AXIS2_PLACEMENT_3D('',#38,#7283,#7284);
#7283=DIRECTION('',(0.0013570177442122357,-0.014617763364311804,-0.999892233941772));
#7284=DIRECTION('',(0.9957186261661795,0.09243601844376617,0));
#7285=FACE_BOUND('',#7286,.T.);
#7286=EDGE_LOOP('',(#7287,#7288,#7289));
#7287=ORIENTED_EDGE('',*,*,#7290,.T.);
#7288=ORIENTED_EDGE('',*,*,#7291,.T.);
#7289=ORIENTED_EDGE('',*,*,#7292,.T.);
#7290=EDGE_CURVE('',#39,#61,#7293,.F.);
#7291=EDGE_CURVE('',#61,#69,#7294,.T.);
#7292=EDGE_CURVE('',#69,#39,#7295,.T.);
#7293=LINE('',#38,#7296);
#7294=LINE('',#60,#7297);
#7295=LINE('',#68,#7298);
#7296=VECTOR('',#7299,1.0);
#7297=VECTOR('',#7300,1.0);
#7298=VECTOR('',#7301,1.0);
#7299=DIRECTION('',(0.9957186261661795,0.09243601844376617,0));
#7300=DIRECTION('',(0.30451766064730124,-0.9523987887354626,0.014336721003026983));
#7301=DIRECTION('',(-0.7034077795403157,0.7106959947648259,-0.011344545270615746));
#7302=FACE_SURFACE('',(#7307),#7303,.T.);
#7303=PLANE('',#7304);
#7304=AXIS2_PLACEMENT_3D('',#212,#7305,#7306);
#7305=DIRECTION('',(0.9999999998886958,-1.4734249911779693E-05,-2.347460588009496E-06));
#7306=DIRECTION('',(2.34746058826431E-06,0,0.9999999999972446));
#7307=FACE_BOUND('',#7308,.T.);
#7308=EDGE_LOOP('',(#7309,#7310,#7311));
#7309=ORIENTED_EDGE('',*,*,#7312,.T.);
#7310=ORIENTED_EDGE('',*,*,#7313,.T.);
#7311=ORIENTED_EDGE('',*,*,#7314,.T.);
#7312=EDGE_CURVE('',#213,#215,#7315,.F.);
#7313=EDGE_CURVE('',#215,#349,#7316,.T.);
#7314=EDGE_CURVE('',#349,#213,#7317,.T.);
#7315=LINE('',#212,#7318);
#7316=LINE('',#214,#7319);
#7317=LINE('',#348,#7320);
#7318=VECTOR('',#7321,1.0);
#7319=VECTOR('',#7322,1.0);
#7320=VECTOR('',#7323,1.0);
#7321=DIRECTION('',(2.34746058826431E-06,0,0.9999999999972446));
#7322=DIRECTION('',(-1.4734251599039649E-05,-0.9999999998911926,-7.187439804409584E-07));
#7323=DIRECTION('',(3.24089797845759E-06,0.36809087443230204,-0.9297898193404571));
#7324=FACE_SURFACE('',(#7329),#7325,.T.);
#7325=PLANE('',#7326);
#7326=AXIS2_PLACEMENT_3D('',#212,#7327,#7328);
#7327=DIRECTION('',(0.9999999999612392,-8.804613761018475E-06,0));
#7328=DIRECTION('',(-3.24089797845759E-06,-0.36809087443230204,0.9297898193404571));
#7329=FACE_BOUND('',#7330,.T.);
#7330=EDGE_LOOP('',(#7331,#7332,#7333));
#7331=ORIENTED_EDGE('',*,*,#7334,.T.);
#7332=ORIENTED_EDGE('',*,*,#7335,.T.);
#7333=ORIENTED_EDGE('',*,*,#7336,.T.);
#7334=EDGE_CURVE('',#213,#349,#7337,.F.);
#7335=EDGE_CURVE('',#349,#217,#7338,.T.);
#7336=EDGE_CURVE('',#217,#213,#7339,.T.);
#7337=LINE('',#212,#7340);
#7338=LINE('',#348,#7341);
#7339=LINE('',#216,#7342);
#7340=VECTOR('',#7343,1.0);
#7341=VECTOR('',#7344,1.0);
#7342=VECTOR('',#7345,1.0);
#7343=DIRECTION('',(-3.24089797845759E-06,-0.36809087443230204,0.9297898193404571));
#7344=DIRECTION('',(0,0,-1));
#7345=DIRECTION('',(8.803492249399308E-06,0.999872622242061,0.015960551785053814));
#7346=FACE_SURFACE('',(#7351),#7347,.T.);
#7347=PLANE('',#7348);
#7348=AXIS2_PLACEMENT_3D('',#50,#7349,#7350);
#7349=DIRECTION('',(0.9999999999612394,-8.804613761018477E-06,0));
#7350=DIRECTION('',(0,0,1));
#7351=FACE_BOUND('',#7352,.T.);
#7352=EDGE_LOOP('',(#7353,#7354,#7355));
#7353=ORIENTED_EDGE('',*,*,#7356,.T.);
#7354=ORIENTED_EDGE('',*,*,#7357,.T.);
#7355=ORIENTED_EDGE('',*,*,#7358,.T.);
#7356=EDGE_CURVE('',#51,#53,#7359,.F.);
#7357=EDGE_CURVE('',#53,#73,#7360,.T.);
#7358=EDGE_CURVE('',#73,#51,#7361,.T.);
#7359=LINE('',#50,#7362);
#7360=LINE('',#52,#7363);
#7361=LINE('',#72,#7364);
#7362=VECTOR('',#7365,1.0);
#7363=VECTOR('',#7366,1.0);
#7364=VECTOR('',#7367,1.0);
#7365=DIRECTION('',(0,0,1));
#7366=DIRECTION('',(-8.804613761016202E-06,-0.999999999960981,7.187439804911185E-07));
#7367=DIRECTION('',(3.2232812145444876E-06,0.36609001847307576,-0.9305794422637937));
#7368=FACE_SURFACE('',(#7373),#7369,.T.);
#7369=PLANE('',#7370);
#7370=AXIS2_PLACEMENT_3D('',#50,#7371,#7372);
#7371=DIRECTION('',(0.9999999999612393,-8.804613761018477E-06,0));
#7372=DIRECTION('',(-3.2232812145444876E-06,-0.36609001847307576,0.9305794422637937));
#7373=FACE_BOUND('',#7374,.T.);
#7374=EDGE_LOOP('',(#7375,#7376,#7377));
#7375=ORIENTED_EDGE('',*,*,#7378,.T.);
#7376=ORIENTED_EDGE('',*,*,#7379,.T.);
#7377=ORIENTED_EDGE('',*,*,#7380,.T.);
#7378=EDGE_CURVE('',#51,#73,#7381,.F.);
#7379=EDGE_CURVE('',#73,#347,#7382,.T.);
#7380=EDGE_CURVE('',#347,#51,#7383,.T.);
#7381=LINE('',#50,#7384);
#7382=LINE('',#72,#7385);
#7383=LINE('',#346,#7386);
#7384=VECTOR('',#7387,1.0);
#7385=VECTOR('',#7388,1.0);
#7386=VECTOR('',#7389,1.0);
#7387=DIRECTION('',(-3.2232812145444876E-06,-0.36609001847307576,0.9305794422637937));
#7388=DIRECTION('',(0,0,-1));
#7389=DIRECTION('',(8.803492249399308E-06,0.999872622242061,-0.015960551785053814));
ENDSEC;
END-ISO-10303-21;
